registry_row_id,candidate_id,registry_label,candidate_family,theta_cluster,materialization_family,bounded_updateparams,global_fixed_candidate,context_dependent,dynamic_policy,distance_from_current_static_flow,theta_alpha_cong_commit_progress,theta_alpha_cong_commit_nonprogress,theta_alpha_cong_block,theta_alpha_cong_wait_progress,theta_alpha_cong_wait_nonprogress,theta_alpha_flow_commit_progress,theta_alpha_flow_wait_progress,theta_rho_cong_decay,theta_rho_flow_decay,theta_lambda_cong,theta_lambda_flow,theta_flow_shield_beta,theta_max_flow_shield,theta_min_edge_cost,theta_max_edge_cost,theta_goal_projection_mode_flow_shield,theta_goal_projection_mode_agent_progress,theta_goal_projection_mode_none,phase5p5_allowed,phase6_allowed,runtime_claim_allowed,learned_runtime_policy_validated,aaai_ready
g553_registry_000001,repair5g553_theta_553000001,hand_static_reference_00000,hand_static_reference,hand_static_reference,repair5g553_fixed_global_staticflow_registry,True,True,False,False,0,1.25,1.25,1.25,0.75,0.75,1,0,0.95,1,1,0,0.35,0.75,1,11,1,0,0,False,False,False,False,False
g553_registry_000002,repair5g553_theta_553000002,tiny_local_perturbation_2pct_00001,tiny_local_perturbation_2pct,tiny_local_perturbation_2pct,repair5g553_fixed_global_staticflow_registry,True,True,False,False,0.371438711435,1.27741463491,1.27303241053,1.27696528697,0.769965076215,0.761750824251,1.01057143307,0.010501041751,0.935131820132,0.992917082917,0.987941967942,0,0.357683727684,0.762273799774,1,11.1207986008,1,0,0,False,False,False,False,False
g553_registry_000003,repair5g553_theta_553000003,small_local_perturbation_5pct_00002,small_local_perturbation_5pct,small_local_perturbation_5pct,repair5g553_fixed_global_staticflow_registry,True,True,False,False,0.729130332233,1.27829321579,1.23022707398,1.16688677314,0.809791700417,0.723374073374,1.02499431874,0.0197950979201,0.966947969448,0.984037846538,0.961651074151,0.0587966650467,0.311265641266,0.732994951745,0.987492199992,11.2642498267,1,0,0,False,False,False,False,False
g553_registry_000004,repair5g553_theta_553000004,medium_local_perturbation_10pct_00003,medium_local_perturbation_10pct,medium_local_perturbation_10pct,repair5g553_fixed_global_staticflow_registry,True,True,False,False,1.26119424869,1.17552886303,1.2021522959,1.08981052731,0.646871803122,0.660538729289,1.10237138987,0.103481634732,1,1,0.943658368658,0.0677468927469,0.307171357171,0.675337144087,1,11.3292132792,1,0,0,False,False,False,False,False
g553_registry_000005,repair5g553_theta_553000005,coordinate_sweep_each_field_00004,coordinate_sweep_each_field,coordinate_sweep_each_field,repair5g553_fixed_global_staticflow_registry,True,True,False,False,0.428571428571,1.25,1.25,1.25,0.75,0,1,0,0.95,1,1,0,0.35,0.75,1,11,1,0,0,False,False,False,False,False
g553_registry_000006,repair5g553_theta_553000006,lambda_flow_lambda_cong_grid_00005,lambda_flow_lambda_cong_grid,lambda_flow_lambda_cong_grid,repair5g553_fixed_global_staticflow_registry,True,True,False,False,1.6951091951,1.25,1.25,1.25,0.75,0.75,1,1.05642105642,0.95,1,1.26431376431,0.878487878488,0.35,0.75,1,11,1,0,0,False,False,False,False,False
g553_registry_000007,repair5g553_theta_553000007,flow_shield_beta_cap_grid_00006,flow_shield_beta_cap_grid,flow_shield_beta_cap_grid,repair5g553_fixed_global_staticflow_registry,True,True,False,False,0.622278584777,1.25,1.25,1.25,0.75,0.75,1,0,0.95,1,1,0,0.291153891154,1.4359011859,1,11,1,0,0,False,False,False,False,False
g553_registry_000008,repair5g553_theta_553000008,alpha_flow_wait_progress_grid_00007,alpha_flow_wait_progress_grid,alpha_flow_wait_progress_grid,repair5g553_fixed_global_staticflow_registry,True,True,False,False,0.620162620163,1.25,1.25,1.25,0.75,0.75,1,0.0610225610226,0.95,1,1,0.857016857017,0.35,0.75,1,11,1,0,0,False,False,False,False,False
g553_registry_000009,repair5g553_theta_553000009,alpha_cong_commit_nonprogress_grid_00008,alpha_cong_commit_nonprogress_grid,alpha_cong_commit_nonprogress_grid,repair5g553_fixed_global_staticflow_registry,True,True,False,False,0.489090589091,0.57351957352,1.29762954763,1.25,0.75,0.75,1,0,0.95,1,1,0,0.35,0.75,1,11,1,0,0,False,False,False,False,False
g553_registry_000010,repair5g553_theta_553000010,edge_cost_clamp_grid_00009,edge_cost_clamp_grid,edge_cost_clamp_grid,repair5g553_fixed_global_staticflow_registry,True,True,False,False,0.429973679973,1.25,1.25,1.25,0.75,0.75,1,0,0.95,1,1,0,0.35,0.75,0.896691146691,9.83108583109,1,0,0,False,False,False,False,False
g553_registry_000011,repair5g553_theta_553000011,rho_decay_grid_00010,rho_decay_grid,rho_decay_grid,repair5g553_fixed_global_staticflow_registry,True,True,False,False,1.21496871497,1.25,1.25,1.25,0.75,0.75,1,0,0.909226909227,0.919276219276,1,0,0.35,0.75,1,11,1,0,0,False,False,False,False,False
g553_registry_000012,repair5g553_theta_553000012,sobol_local_global_static_00011,sobol_local_global_static,sobol_local_global_static,repair5g553_fixed_global_staticflow_registry,True,True,False,False,1.99252932585,0.931053806054,1.43969112719,0.977047414547,0.95200988951,0.958117645618,1.06178468678,0.141571079071,0.943407618408,0.98787958788,1.13214788215,0.272893022893,0.42112027112,1.00547306797,0.93953981454,11.6483876484,1,0,0,False,False,False,False,False
g553_registry_000013,repair5g553_theta_553000013,cma_es_or_ranked_search_candidates_00012,cma_es_or_ranked_search_candidates,cma_es_or_ranked_search_candidates,repair5g553_fixed_global_staticflow_registry,True,True,False,False,0.715848120851,1.25,1.54040719041,1.25,0.75,0.75,1,0,0.95,1,0.840862890863,0.178783228783,0.513057663058,0.748282048282,1,11,1,0,0,False,False,False,False,False
g553_registry_000014,repair5g553_theta_553000014,negative_random_wide_control_00013,negative_random_wide_control,negative_random_wide_control,repair5g553_fixed_global_staticflow_registry,True,True,False,False,4.63203271954,0.788088788089,1.60081610082,1.34120659121,0.619740619741,1.36998186998,0.513812013812,0.205477705478,0.904412004412,0.952259152259,1.39348689349,0.045192045192,0.579886979887,1.26548976549,0.642565392565,10.9556109556,0,1,0,False,False,False,False,False
g553_registry_000015,repair5g553_theta_553000015,tiny_local_perturbation_2pct_00014,tiny_local_perturbation_2pct,tiny_local_perturbation_2pct,repair5g553_fixed_global_staticflow_registry,True,True,False,False,0.407097373348,1.24067977068,1.2591526904,1.26300245175,0.760028897529,0.780907384657,1.02141475641,0,0.938281629032,0.984933879934,0.991152451152,0.00758698508699,0.34266951667,0.769930613681,1,10.8427490677,1,0,0,False,False,False,False,False
g553_registry_000016,repair5g553_theta_553000016,small_local_perturbation_5pct_00015,small_local_perturbation_5pct,small_local_perturbation_5pct,repair5g553_fixed_global_staticflow_registry,True,True,False,False,0.788732194977,1.2744521807,1.30085783211,1.22067950818,0.795736592612,0.697496141246,0.969284656785,0.0542297417297,0.904814772315,1,0.963367263367,0.0286546786547,0.366077196077,0.771280943156,1,10.8406865657,1,0,0,False,False,False,False,False
g553_registry_000017,repair5g553_theta_553000017,medium_local_perturbation_10pct_00016,medium_local_perturbation_10pct,medium_local_perturbation_10pct,repair5g553_fixed_global_staticflow_registry,True,True,False,False,1.9679447992,1.3688983314,1.15652853153,1.15837940213,0.691499097749,0.669815751066,1.0660987661,0.0865598365598,0.9,0.943052068052,0.956424431424,0.0916284166284,0.417323787324,0.801491488991,1,9.9754999505,1,0,0,False,False,False,False,False
g553_registry_000018,repair5g553_theta_553000018,coordinate_sweep_each_field_00017,coordinate_sweep_each_field,coordinate_sweep_each_field,repair5g553_fixed_global_staticflow_registry,True,True,False,False,0.178571428571,1.25,1.25,0.9375,0.75,0.75,1,0,0.95,1,1,0,0.35,0.75,1,11,1,0,0,False,False,False,False,False
g553_registry_000019,repair5g553_theta_553000019,lambda_flow_lambda_cong_grid_00018,lambda_flow_lambda_cong_grid,lambda_flow_lambda_cong_grid,repair5g553_fixed_global_staticflow_registry,True,True,False,False,0.966394466398,1.25,1.25,1.25,0.75,0.75,1,0.445709195709,0.95,1,1.06041656042,0.824115824116,0.35,0.75,1,11,1,0,0,False,False,False,False,False
g553_registry_000020,repair5g553_theta_553000020,flow_shield_beta_cap_grid_00019,flow_shield_beta_cap_grid,flow_shield_beta_cap_grid,repair5g553_fixed_global_staticflow_registry,True,True,False,False,0.262591425092,1.25,1.25,1.25,0.75,0.75,1,0,0.95,1,1,0,0.266787466787,0.55178030178,1,11,1,0,0,False,False,False,False,False
g553_registry_000021,repair5g553_theta_553000021,alpha_flow_wait_progress_grid_00020,alpha_flow_wait_progress_grid,alpha_flow_wait_progress_grid,repair5g553_fixed_global_staticflow_registry,True,True,False,False,1.41974041974,1.25,1.25,1.25,0.75,0.75,1,0.652430652431,0.95,1,1,1.34669384669,0.35,0.75,1,11,1,0,0,False,False,False,False,False
g553_registry_000022,repair5g553_theta_553000022,alpha_cong_commit_nonprogress_grid_00021,alpha_cong_commit_nonprogress_grid,alpha_cong_commit_nonprogress_grid,repair5g553_fixed_global_staticflow_registry,True,True,False,False,0.839036739036,0.636903636904,0.712117712118,1.25,0.75,0.75,1,0,0.95,1,1,0,0.35,0.75,1,11,1,0,0,False,False,False,False,False
g553_registry_000023,repair5g553_theta_553000023,edge_cost_clamp_grid_00022,edge_cost_clamp_grid,edge_cost_clamp_grid,repair5g553_fixed_global_staticflow_registry,True,True,False,False,0.500338750344,1.25,1.25,1.25,0.75,0.75,1,0,0.95,1,1,0,0.35,0.75,0.775810525811,10.1943221943,1,0,0,False,False,False,False,False
g553_registry_000024,repair5g553_theta_553000024,rho_decay_grid_00023,rho_decay_grid,rho_decay_grid,repair5g553_fixed_global_staticflow_registry,True,True,False,False,0.77983627984,1.25,1.25,1.25,0.75,0.75,1,0,0.985817885818,0.957834257834,1,0,0.35,0.75,1,11,1,0,0,False,False,False,False,False
g553_registry_000025,repair5g553_theta_553000025,sobol_local_global_static_00024,sobol_local_global_static,sobol_local_global_static,repair5g553_fixed_global_staticflow_registry,True,True,False,False,1.93398826731,1.26320538821,1.19348900599,1.52103895854,0.921421733922,0.497327309827,0.900576525577,0.273684023684,0.97077044577,0.97982957983,0.857163107163,0.216421716422,0.365124615125,0.561322623823,0.896747959248,10.3827943828,1,0,0,False,False,False,False,False
g553_registry_000026,repair5g553_theta_553000026,cma_es_or_ranked_search_candidates_00025,cma_es_or_ranked_search_candidates,cma_es_or_ranked_search_candidates,repair5g553_fixed_global_staticflow_registry,True,True,False,False,0.897923452921,1.25,1.08042553043,1.25,0.75,0.75,1,0,0.95,1,1.11410856411,0.191472041472,0.611973161973,0.991301041301,1,11,1,0,0,False,False,False,False,False
g553_registry_000027,repair5g553_theta_553000027,negative_random_wide_control_00026,negative_random_wide_control,negative_random_wide_control,repair5g553_fixed_global_staticflow_registry,True,True,False,False,4.90381049131,1.1058026058,0.717018967019,2.07148932149,0.777933277933,0.977764477764,0.943680943681,0.28903028903,0.905333705334,0.927997727998,1.12966162966,0.578213078213,0.422629222629,1.01917951918,0.341796341796,11.5001835002,0,0,1,False,False,False,False,False
g553_registry_000028,repair5g553_theta_553000028,tiny_local_perturbation_2pct_00027,tiny_local_perturbation_2pct,tiny_local_perturbation_2pct,repair5g553_fixed_global_staticflow_registry,True,True,False,False,0.307539716279,1.27304715555,1.27014140139,1.27826888952,0.772851247851,0.725274339024,1.01598331848,0.00927083427083,0.941695875446,1,0.981027741028,0.0252612477612,0.34187998788,0.768243280743,0.984685539686,10.8183689734,1,0,0,False,False,False,False,False
g553_registry_000029,repair5g553_theta_553000029,small_local_perturbation_5pct_00028,small_local_perturbation_5pct,small_local_perturbation_5pct,repair5g553_fixed_global_staticflow_registry,True,True,False,False,0.730315958435,1.1840526028,1.19883035508,1.22428494928,0.733468389718,0.796170580546,1.04854486729,0.0534733190983,0.986407860158,1,1.01302773803,0,0.310583350583,0.723491785992,1,11.273547586,1,0,0,False,False,False,False,False
g553_registry_000030,repair5g553_theta_553000030,medium_local_perturbation_10pct_00029,medium_local_perturbation_10pct,medium_local_perturbation_10pct,repair5g553_fixed_global_staticflow_registry,True,True,False,False,1.45238027738,1.14643565894,1.16237656863,1.39356677482,0.713906026406,0.590394065394,1.0961961462,0.105874793375,0.9,1,1.08514038514,0,0.390398280398,0.824234417984,0.919664569665,10.3593934594,1,0,0,False,False,False,False,False
g553_registry_000031,repair5g553_theta_553000031,coordinate_sweep_each_field_00030,coordinate_sweep_each_field,coordinate_sweep_each_field,repair5g553_fixed_global_staticflow_registry,True,True,False,False,0.333333333333,0.75,1.25,1.25,0.75,0.75,1,0,0.95,1,1,0,0.35,0.75,1,11,1,0,0,False,False,False,False,False
g553_registry_000032,repair5g553_theta_553000032,lambda_flow_lambda_cong_grid_00031,lambda_flow_lambda_cong_grid,lambda_flow_lambda_cong_grid,repair5g553_fixed_global_staticflow_registry,True,True,False,False,1.54168504168,1.25,1.25,1.25,0.75,0.75,1,0.897980897981,0.95,1,1.1591046591,0.996293496293,0.35,0.75,1,11,1,0,0,False,False,False,False,False
g553_registry_000033,repair5g553_theta_553000033,flow_shield_beta_cap_grid_00032,flow_shield_beta_cap_grid,flow_shield_beta_cap_grid,repair5g553_fixed_global_staticflow_registry,True,True,False,False,0.608502646002,1.25,1.25,1.25,0.75,0.75,1,0,0.95,1,1,0,0.611241411241,0.397561397561,1,11,1,0,0,False,False,False,False,False
g553_registry_000034,repair5g553_theta_553000034,alpha_flow_wait_progress_grid_00033,alpha_flow_wait_progress_grid,alpha_flow_wait_progress_grid,repair5g553_fixed_global_staticflow_registry,True,True,False,False,1.21511021511,1.25,1.25,1.25,0.75,0.75,1,0.630343130343,0.95,1,1,1.06625356625,0.35,0.75,1,11,1,0,0,False,False,False,False,False
g553_registry_000035,repair5g553_theta_553000035,alpha_cong_commit_nonprogress_grid_00034,alpha_cong_commit_nonprogress_grid,alpha_cong_commit_nonprogress_grid,repair5g553_fixed_global_staticflow_registry,True,True,False,False,0.465348365348,0.912207912208,0.949807949808,1.25,0.75,0.75,1,0,0.95,1,1,0,0.35,0.75,1,11,1,0,0,False,False,False,False,False
g553_registry_000036,repair5g553_theta_553000036,edge_cost_clamp_grid_00035,edge_cost_clamp_grid,edge_cost_clamp_grid,repair5g553_fixed_global_staticflow_registry,True,True,False,False,0.545751795753,1.25,1.25,1.25,0.75,0.75,1,0,0.95,1,1,0,0.35,0.75,0.800978300978,9.87844187844,1,0,0,False,False,False,False,False
g553_registry_000037,repair5g553_theta_553000037,rho_decay_grid_00036,rho_decay_grid,rho_decay_grid,repair5g553_fixed_global_staticflow_registry,True,True,False,False,0.5436020436,1.25,1.25,1.25,0.75,0.75,1,0,0.91494971495,0.98069008069,1,0,0.35,0.75,1,11,1,0,0,False,False,False,False,False
g553_registry_000038,repair5g553_theta_553000038,sobol_local_global_static_00037,sobol_local_global_static,sobol_local_global_static,repair5g553_fixed_global_staticflow_registry,True,True,False,False,1.58380466713,1.24671224671,1.39171795422,1.36905480655,0.448073135573,1.00195081445,1.14655427155,0.0638003763004,0.938923463923,0.982345282345,1.0442042942,0.111253986254,0.43776028776,0.851066663567,0.847258409758,11.2642212642,1,0,0,False,False,False,False,False
g553_registry_000039,repair5g553_theta_553000039,cma_es_or_ranked_search_candidates_00038,cma_es_or_ranked_search_candidates,cma_es_or_ranked_search_candidates,repair5g553_fixed_global_staticflow_registry,True,True,False,False,0.810364948692,1.25,1.16123711124,1.25,0.75,0.75,1,0,0.95,1,1.14652299652,0.381655481655,0.445060795061,1.02446082446,1,11,1,0,0,False,False,False,False,False
g553_registry_000040,repair5g553_theta_553000040,negative_random_wide_control_00039,negative_random_wide_control,negative_random_wide_control,repair5g553_fixed_global_staticflow_registry,True,True,False,False,3.95139586389,0.545310545311,1.70931245931,0.921438921439,0.990612240612,0.417825167825,0.968942468942,0.252075252075,0.939601939602,0.976128976129,1.42533492533,0.839160839161,0.284139484139,0.876439376439,0.649323649324,9.62710962711,1,0,0,False,False,False,False,False
g553_registry_000041,repair5g553_theta_553000041,tiny_local_perturbation_2pct_00040,tiny_local_perturbation_2pct,tiny_local_perturbation_2pct,repair5g553_fixed_global_staticflow_registry,True,True,False,False,0.280211721453,1.23915494415,1.26837734338,1.2326452414,0.731562750313,0.73836995212,1.01297884548,0,0.936388942139,1,1.00646350646,0.0182622107622,0.34599020799,0.742556486306,0.992750807751,10.8282673333,1,0,0,False,False,False,False,False
g553_registry_000042,repair5g553_theta_553000042,small_local_perturbation_5pct_00041,small_local_perturbation_5pct,small_local_perturbation_5pct,repair5g553_fixed_global_staticflow_registry,True,True,False,False,0.697254706629,1.28213374463,1.27318688256,1.16435384248,0.729448573199,0.699388243138,0.962595568846,0,0.974026485901,1,1.04110829111,0.0668046480546,0.320192540193,0.775240759616,0.983844646345,11.5325664951,1,0,0,False,False,False,False,False
g553_registry_000043,repair5g553_theta_553000043,medium_local_perturbation_10pct_00042,medium_local_perturbation_10pct,medium_local_perturbation_10pct,repair5g553_fixed_global_staticflow_registry,True,True,False,False,1.43867178243,1.20742050742,1.21307802558,1.13505323505,0.806312400062,0.692841880342,1.10317992818,0.065605003105,0.9,0.974113874114,0.916999517,0.0596023346023,0.388723738724,0.709235677986,1,11.6138756889,1,0,0,False,False,False,False,False
g553_registry_000044,repair5g553_theta_553000044,coordinate_sweep_each_field_00043,coordinate_sweep_each_field,coordinate_sweep_each_field,repair5g553_fixed_global_staticflow_registry,True,True,False,False,0.5,1.25,1.25,1.25,0.75,0.75,1,0,0.95,1,1,0,0.35,0.75,0.625,11,1,0,0,False,False,False,False,False
g553_registry_000045,repair5g553_theta_553000045,lambda_flow_lambda_cong_grid_00044,lambda_flow_lambda_cong_grid,lambda_flow_lambda_cong_grid,repair5g553_fixed_global_staticflow_registry,True,True,False,False,1.70857620857,1.25,1.25,1.25,0.75,0.75,1,0.748678248678,0.95,1,1.47422397422,0.953114453114,0.35,0.75,1,11,1,0,0,False,False,False,False,False
g553_registry_000046,repair5g553_theta_553000046,flow_shield_beta_cap_grid_00045,flow_shield_beta_cap_grid,flow_shield_beta_cap_grid,repair5g553_fixed_global_staticflow_registry,True,True,False,False,0.189286226786,1.25,1.25,1.25,0.75,0.75,1,0,0.95,1,1,0,0.457317257317,0.681075431075,1,11,1,0,0,False,False,False,False,False
g553_registry_000047,repair5g553_theta_553000047,alpha_flow_wait_progress_grid_00046,alpha_flow_wait_progress_grid,alpha_flow_wait_progress_grid,repair5g553_fixed_global_staticflow_registry,True,True,False,False,0.646841646841,1.25,1.25,1.25,0.75,0.75,1,0.37522037522,0.95,1,1,0.519998019998,0.35,0.75,1,11,1,0,0,False,False,False,False,False
g553_registry_000048,repair5g553_theta_553000048,alpha_cong_commit_nonprogress_grid_00047,alpha_cong_commit_nonprogress_grid,alpha_cong_commit_nonprogress_grid,repair5g553_fixed_global_staticflow_registry,True,True,False,False,1.02805392805,0.118960618961,0.907465407465,1.25,0.75,0.75,1,0,0.95,1,1,0,0.35,0.75,1,11,1,0,0,False,False,False,False,False
g553_registry_000049,repair5g553_theta_553000049,edge_cost_clamp_grid_00048,edge_cost_clamp_grid,edge_cost_clamp_grid,repair5g553_fixed_global_staticflow_registry,True,True,False,False,0.0828983328943,1.25,1.25,1.25,0.75,0.75,1,0,0.95,1,1,0,0.35,0.75,0.979698229698,10.7766827767,1,0,0,False,False,False,False,False
g553_registry_000050,repair5g553_theta_553000050,rho_decay_grid_00049,rho_decay_grid,rho_decay_grid,repair5g553_fixed_global_staticflow_registry,True,True,False,False,0.45066695067,1.25,1.25,1.25,0.75,0.75,1,0,0.909672309672,0.995260995261,1,0,0.35,0.75,1,11,1,0,0,False,False,False,False,False
g553_registry_000051,repair5g553_theta_553000051,sobol_local_global_static_00050,sobol_local_global_static,sobol_local_global_static,repair5g553_fixed_global_staticflow_registry,True,True,False,False,1.77052193721,0.964776339776,1.27985659236,1.35893192143,0.581187018687,1.01065357315,1.25593513094,0.138601076101,0.948012473012,0.975003300003,0.967992217992,0.307193557194,0.29793974794,0.678903366403,0.883073195573,10.423038423,1,0,0,False,False,False,False,False
g553_registry_000052,repair5g553_theta_553000052,cma_es_or_ranked_search_candidates_00051,cma_es_or_ranked_search_candidates,cma_es_or_ranked_search_candidates,repair5g553_fixed_global_staticflow_registry,True,True,False,False,0.943372730872,1.25,1.41812896813,1.25,0.75,0.75,1,0,0.95,1,1.04045069045,0.6533999034,0.266746766747,1.03594048594,1,11,1,0,0,False,False,False,False,False
g553_registry_000053,repair5g553_theta_553000053,negative_random_wide_control_00052,negative_random_wide_control,negative_random_wide_control,repair5g553_fixed_global_staticflow_registry,True,True,False,False,6.16070487321,1.20140520141,0.945415445415,0.753575253575,0.796977046977,0.401572901573,1.45630645631,1.11598986599,0.957528457528,0.92279022279,1.23168273168,1.48822648823,0.251514651515,1.46432746433,0.438428688429,11.610975611,0,1,0,False,False,False,False,False
g553_registry_000054,repair5g553_theta_553000054,tiny_local_perturbation_2pct_00053,tiny_local_perturbation_2pct,tiny_local_perturbation_2pct,repair5g553_fixed_global_staticflow_registry,True,True,False,False,0.515127588872,1.26788540289,1.25705731956,1.21885736261,0.771942659443,0.771786025536,1.02528170028,0.0248491935992,0.961605425355,0.980776280776,1.01304546805,0,0.3650998911,0.730333705334,0.993797973798,10.8047557998,1,0,0,False,False,False,False,False
g553_registry_000055,repair5g553_theta_553000055,small_local_perturbation_5pct_00054,small_local_perturbation_5pct,small_local_perturbation_5pct,repair5g553_fixed_global_staticflow_registry,True,True,False,False,0.845842595855,1.2869480182,1.19463892901,1.32855011918,0.728426509677,0.706423775174,0.966571885322,0.0415116977617,0.90570529133,1,0.958564408564,0,0.363086553087,0.727915806041,1,11.4638938389,1,0,0,False,False,False,False,False
g553_registry_000056,repair5g553_theta_553000056,medium_local_perturbation_10pct_00055,medium_local_perturbation_10pct,medium_local_perturbation_10pct,repair5g553_fixed_global_staticflow_registry,True,True,False,False,1.03908947036,1.38198828199,1.32379810505,1.35173118923,0.79652995278,0.816543554044,1.0496005121,0.0671007858508,0.976178558679,1,0.944361644362,0,0.412752982753,0.68616040491,0.929929154929,11.5262622513,1,0,0,False,False,False,False,False
g553_registry_000057,repair5g553_theta_553000057,coordinate_sweep_each_field_00056,coordinate_sweep_each_field,coordinate_sweep_each_field,repair5g553_fixed_global_staticflow_registry,True,True,False,False,0.3125,1.25,1.25,1.25,0.75,0.75,1,0,0.95,1,1,0,0.6,0.75,1,11,1,0,0,False,False,False,False,False
g553_registry_000058,repair5g553_theta_553000058,lambda_flow_lambda_cong_grid_00057,lambda_flow_lambda_cong_grid,lambda_flow_lambda_cong_grid,repair5g553_fixed_global_staticflow_registry,True,True,False,False,0.99864749865,1.25,1.25,1.25,0.75,0.75,1,0.156068906069,0.95,1,0.877445377445,1.12685662686,0.35,0.75,1,11,1,0,0,False,False,False,False,False
g553_registry_000059,repair5g553_theta_553000059,flow_shield_beta_cap_grid_00058,flow_shield_beta_cap_grid,flow_shield_beta_cap_grid,repair5g553_fixed_global_staticflow_registry,True,True,False,False,0.802698765195,1.25,1.25,1.25,0.75,0.75,1,0,0.95,1,1,0,0.0383272383272,1.26638476638,1,11,1,0,0,False,False,False,False,False
g553_registry_000060,repair5g553_theta_553000060,alpha_flow_wait_progress_grid_00059,alpha_flow_wait_progress_grid,alpha_flow_wait_progress_grid,repair5g553_fixed_global_staticflow_registry,True,True,False,False,0.927951927952,1.25,1.25,1.25,0.75,0.75,1,0.337107837108,0.95,1,1,0.987398487398,0.35,0.75,1,11,1,0,0,False,False,False,False,False
g553_registry_000061,repair5g553_theta_553000061,alpha_cong_commit_nonprogress_grid_00060,alpha_cong_commit_nonprogress_grid,alpha_cong_commit_nonprogress_grid,repair5g553_fixed_global_staticflow_registry,True,True,False,False,0.381450481448,0.979292479292,1.50122350122,1.25,0.75,0.75,1,0,0.95,1,1,0,0.35,0.75,1,11,1,0,0,False,False,False,False,False
g553_registry_000062,repair5g553_theta_553000062,edge_cost_clamp_grid_00061,edge_cost_clamp_grid,edge_cost_clamp_grid,repair5g553_fixed_global_staticflow_registry,True,True,False,False,1.21081546082,1.25,1.25,1.25,0.75,0.75,1,0,0.95,1,1,0,0.35,0.75,0.544248544249,8.58741258741,1,0,0,False,False,False,False,False
g553_registry_000063,repair5g553_theta_553000063,rho_decay_grid_00062,rho_decay_grid,rho_decay_grid,repair5g553_fixed_global_staticflow_registry,True,True,False,False,0.42691492691,1.25,1.25,1.25,0.75,0.75,1,0,0.99066009066,0.997968597969,1,0,0.35,0.75,1,11,1,0,0,False,False,False,False,False
g553_registry_000064,repair5g553_theta_553000064,sobol_local_global_static_00063,sobol_local_global_static,sobol_local_global_static,repair5g553_fixed_global_staticflow_registry,True,True,False,False,1.93413160079,1.37217612218,1.0496969872,1.01752408002,0.563262625763,0.61114042364,0.62855950356,0.0132706382706,0.960815285815,0.979721729722,0.892061142061,0.353301353301,0.321381771382,0.5270000895,0.991409116409,11.7703097703,1,0,0,False,False,False,False,False
g553_registry_000065,repair5g553_theta_553000065,cma_es_or_ranked_search_candidates_00064,cma_es_or_ranked_search_candidates,cma_es_or_ranked_search_candidates,repair5g553_fixed_global_staticflow_registry,True,True,False,False,0.390151497649,1.25,1.5395027895,1.25,0.75,0.75,1,0,0.95,1,0.927598977599,0.0383826383826,0.338062838063,0.807047957048,1,11,1,0,0,False,False,False,False,False
g553_registry_000066,repair5g553_theta_553000066,negative_random_wide_control_00065,negative_random_wide_control,negative_random_wide_control,repair5g553_fixed_global_staticflow_registry,True,True,False,False,4.95509554259,0.90944040944,1.34886959887,0.6791004291,0.399446649447,0.550601300601,0.369898869899,0.943888443888,0.998602698603,0.98346978347,1.35608585609,0.241092241092,0.688719088719,1.06484456484,0.855838605839,11.8701438701,0,0,1,False,False,False,False,False
g553_registry_000067,repair5g553_theta_553000067,tiny_local_perturbation_2pct_00066,tiny_local_perturbation_2pct,tiny_local_perturbation_2pct,repair5g553_fixed_global_staticflow_registry,True,True,False,False,0.542945309196,1.2411009036,1.26726822352,1.26443347193,0.733357277107,0.771052337302,0.979522752023,0.0203231265731,0.965158409908,0.980522600523,1.01885111885,0.0268915318915,0.363682569683,0.763394488394,1,10.80503795,1,0,0,False,False,False,False,False
g553_registry_000068,repair5g553_theta_553000068,small_local_perturbation_5pct_00067,small_local_perturbation_5pct,small_local_perturbation_5pct,repair5g553_fixed_global_staticflow_registry,True,True,False,False,0.863902785769,1.30834469584,1.20979138167,1.30161680474,0.700408966034,0.713790779416,0.960853617104,0,0.973192432567,0.9774002274,1.02205830956,0,0.371516951517,0.783206001956,0.960651473151,10.6360933736,1,0,0,False,False,False,False,False
g553_registry_000069,repair5g553_theta_553000069,medium_local_perturbation_10pct_00068,medium_local_perturbation_10pct,medium_local_perturbation_10pct,repair5g553_fixed_global_staticflow_registry,True,True,False,False,1.82125980877,1.29696418446,1.33351511477,1.31949681325,0.671679015429,0.606483887734,1.05458516709,0.0650163462663,0.914876778627,0.94209011709,1.06363396363,0,0.404093414093,0.682765714016,0.928939003939,10.039042339,1,0,0,False,False,False,False,False
g553_registry_000070,repair5g553_theta_553000070,coordinate_sweep_each_field_00069,coordinate_sweep_each_field,coordinate_sweep_each_field,repair5g553_fixed_global_staticflow_registry,True,True,False,False,0.5,1.25,1.25,1.25,0.75,0.75,1,0,0.95,1,1.5,0,0.35,0.75,1,11,1,0,0,False,False,False,False,False
g553_registry_000071,repair5g553_theta_553000071,lambda_flow_lambda_cong_grid_00070,lambda_flow_lambda_cong_grid,lambda_flow_lambda_cong_grid,repair5g553_fixed_global_staticflow_registry,True,True,False,False,1.29801279801,1.25,1.25,1.25,0.75,0.75,1,0.615643115643,0.95,1,0.543134043134,0.522948522949,0.35,0.75,1,11,1,0,0,False,False,False,False,False
g553_registry_000072,repair5g553_theta_553000072,flow_shield_beta_cap_grid_00071,flow_shield_beta_cap_grid,flow_shield_beta_cap_grid,repair5g553_fixed_global_staticflow_registry,True,True,False,False,0.37603941354,1.25,1.25,1.25,0.75,0.75,1,0,0.95,1,1,0,0.429551629552,0.40425015425,1,11,1,0,0,False,False,False,False,False
g553_registry_000073,repair5g553_theta_553000073,alpha_flow_wait_progress_grid_00072,alpha_flow_wait_progress_grid,alpha_flow_wait_progress_grid,repair5g553_fixed_global_staticflow_registry,True,True,False,False,0.517991517991,1.25,1.25,1.25,0.75,0.75,1,0.513944263944,0.95,1,1,0.160254160254,0.35,0.75,1,11,1,0,0,False,False,False,False,False
g553_registry_000074,repair5g553_theta_553000074,alpha_cong_commit_nonprogress_grid_00073,alpha_cong_commit_nonprogress_grid,alpha_cong_commit_nonprogress_grid,repair5g553_fixed_global_staticflow_registry,True,True,False,False,1.0114969115,0.488932988933,0.619851369851,1.25,0.75,0.75,1,0,0.95,1,1,0,0.35,0.75,1,11,1,0,0,False,False,False,False,False
g553_registry_000075,repair5g553_theta_553000075,edge_cost_clamp_grid_00074,edge_cost_clamp_grid,edge_cost_clamp_grid,repair5g553_fixed_global_staticflow_registry,True,True,False,False,1.17165842166,1.25,1.25,1.25,0.75,0.75,1,0,0.95,1,1,0,0.35,0.75,0.309069309069,9.99832999833,1,0,0,False,False,False,False,False
g553_registry_000076,repair5g553_theta_553000076,rho_decay_grid_00075,rho_decay_grid,rho_decay_grid,repair5g553_fixed_global_staticflow_registry,True,True,False,False,0.75628125629,1.25,1.25,1.25,0.75,0.75,1,0,0.993950593951,0.968322468322,1,0,0.35,0.75,1,11,1,0,0,False,False,False,False,False
g553_registry_000077,repair5g553_theta_553000077,sobol_local_global_static_00076,sobol_local_global_static,sobol_local_global_static,repair5g553_fixed_global_staticflow_registry,True,True,False,False,1.2414201581,1.2146034646,1.55944999695,1.20423701674,0.715948403448,0.481721669222,1.1592982843,0.0151525151525,0.957839382839,0.989265439265,1.0094997595,0.0455779205779,0.346555396555,0.815971003471,0.903324153324,10.0654400654,1,0,0,False,False,False,False,False
g553_registry_000078,repair5g553_theta_553000078,cma_es_or_ranked_search_candidates_00077,cma_es_or_ranked_search_candidates,cma_es_or_ranked_search_candidates,repair5g553_fixed_global_staticflow_registry,True,True,False,False,0.954080836583,1.25,1.02774417774,1.25,0.75,0.75,1,0,0.95,1,1.03056148056,0.482434982435,0.611394911395,0.871684671685,1,11,1,0,0,False,False,False,False,False
g553_registry_000079,repair5g553_theta_553000079,negative_random_wide_control_00078,negative_random_wide_control,negative_random_wide_control,repair5g553_fixed_global_staticflow_registry,True,True,False,False,5.85611744363,0.499228999229,0.81971031971,0.50317975318,0.215381465381,0.0856310856311,1.1018951019,0.171771421771,0.913157413157,0.906059206059,1.2323027323,0.744953244953,0.729887929888,0.450082700083,0.465958215958,10.5667425667,1,0,0,False,False,False,False,False
g553_registry_000080,repair5g553_theta_553000080,tiny_local_perturbation_2pct_00079,tiny_local_perturbation_2pct,tiny_local_perturbation_2pct,repair5g553_fixed_global_staticflow_registry,True,True,False,False,0.277139609644,1.27166187416,1.26801535552,1.22926741427,0.771352446352,0.776387996388,0.975624600625,0,0.958572053322,1,0.993545193545,0.012805010305,0.339397905398,0.728626816127,0.989223119223,11.1703818104,1,0,0,False,False,False,False,False
g553_registry_000081,repair5g553_theta_553000081,small_local_perturbation_5pct_00080,small_local_perturbation_5pct,small_local_perturbation_5pct,repair5g553_fixed_global_staticflow_registry,True,True,False,False,0.615878747121,1.21826388701,1.30799572987,1.1938775095,0.704043422793,0.787863628489,0.926387576388,0,0.970412967288,1,0.964572252072,0,0.382146142146,0.693641053016,0.963370825871,11.1404481404,1,0,0,False,False,False,False,False
g553_registry_000082,repair5g553_theta_553000082,medium_local_perturbation_10pct_00081,medium_local_perturbation_10pct,medium_local_perturbation_10pct,repair5g553_fixed_global_staticflow_registry,True,True,False,False,1.86095228595,1.37868055368,1.29029275904,1.14792493542,0.665878697129,0.70240975241,0.896905346905,0.108916796417,0.9,0.966291741292,0.911762561763,0,0.418625488625,0.835751335751,0.921591396591,12,1,0,0,False,False,False,False,False
g553_registry_000083,repair5g553_theta_553000083,coordinate_sweep_each_field_00082,coordinate_sweep_each_field,coordinate_sweep_each_field,repair5g553_fixed_global_staticflow_registry,True,True,False,False,0.5,1.25,1.25,1.25,0.75,0.75,1,0,0.9,1,1,0,0.35,0.75,1,11,1,0,0,False,False,False,False,False
g553_registry_000084,repair5g553_theta_553000084,lambda_flow_lambda_cong_grid_00083,lambda_flow_lambda_cong_grid,lambda_flow_lambda_cong_grid,repair5g553_fixed_global_staticflow_registry,True,True,False,False,1.43570693571,1.25,1.25,1.25,0.75,0.75,1,0.888597138597,0.95,1,0.936925436925,0.992631992632,0.35,0.75,1,11,1,0,0,False,False,False,False,False
g553_registry_000085,repair5g553_theta_553000085,flow_shield_beta_cap_grid_00084,flow_shield_beta_cap_grid,flow_shield_beta_cap_grid,repair5g553_fixed_global_staticflow_registry,True,True,False,False,0.269202431703,1.25,1.25,1.25,0.75,0.75,1,0,0.95,1,1,0,0.265791465791,0.545072795073,1,11,1,0,0,False,False,False,False,False
g553_registry_000086,repair5g553_theta_553000086,alpha_flow_wait_progress_grid_00085,alpha_flow_wait_progress_grid,alpha_flow_wait_progress_grid,repair5g553_fixed_global_staticflow_registry,True,True,False,False,0.942325942325,1.25,1.25,1.25,0.75,0.75,1,0.047965047965,0.95,1,1,1.35593085593,0.35,0.75,1,11,1,0,0,False,False,False,False,False
g553_registry_000087,repair5g553_theta_553000087,alpha_cong_commit_nonprogress_grid_00086,alpha_cong_commit_nonprogress_grid,alpha_cong_commit_nonprogress_grid,repair5g553_fixed_global_staticflow_registry,True,True,False,False,0.821536721535,0.033921033921,1.23647823648,1.25,0.75,0.75,1,0,0.95,1,1,0,0.35,0.75,1,11,1,0,0,False,False,False,False,False
g553_registry_000088,repair5g553_theta_553000088,edge_cost_clamp_grid_00087,edge_cost_clamp_grid,edge_cost_clamp_grid,repair5g553_fixed_global_staticflow_registry,True,True,False,False,1.19215594216,1.25,1.25,1.25,0.75,0.75,1,0,0.95,1,1,0,0.35,0.75,0.28584028584,11.9597719598,1,0,0,False,False,False,False,False
g553_registry_000089,repair5g553_theta_553000089,rho_decay_grid_00088,rho_decay_grid,rho_decay_grid,repair5g553_fixed_global_staticflow_registry,True,True,False,False,0.49573999574,1.25,1.25,1.25,0.75,0.75,1,0,0.933123833124,0.967302167302,1,0,0.35,0.75,1,11,1,0,0,False,False,False,False,False
g553_registry_000090,repair5g553_theta_553000090,sobol_local_global_static_00089,sobol_local_global_static,sobol_local_global_static,repair5g553_fixed_global_staticflow_registry,True,True,False,False,1.23810582145,1.34044046544,1.24755843506,1.33698952449,0.936965499465,0.631446568947,1.04252541753,0.000606563106563,0.948536373536,0.986985136985,1.10015185015,0.00586988086988,0.175452825453,1.00525619276,0.950880575881,11.5730655731,1,0,0,False,False,False,False,False
g553_registry_000091,repair5g553_theta_553000091,cma_es_or_ranked_search_candidates_00090,cma_es_or_ranked_search_candidates,cma_es_or_ranked_search_candidates,repair5g553_fixed_global_staticflow_registry,True,True,False,False,0.759051851551,1.25,1.19219184219,1.25,0.75,0.75,1,0,0.95,1,1.33812238812,0.0955052455052,0.509923409923,0.611114361114,1,11,1,0,0,False,False,False,False,False
g553_registry_000092,repair5g553_theta_553000092,negative_random_wide_control_00091,negative_random_wide_control,negative_random_wide_control,repair5g553_fixed_global_staticflow_registry,True,True,False,False,5.98680907431,1.4823959824,1.38843213843,1.39663264663,0.43782043782,0.134317884318,0.0172485172485,0.575940575941,0.995125695126,0.964976164976,0.63301013301,1.20437970438,0.516125316125,0.975786975787,0.547002547003,9.17530917531,0,1,0,False,False,False,False,False
g553_registry_000093,repair5g553_theta_553000093,tiny_local_perturbation_2pct_00092,tiny_local_perturbation_2pct,tiny_local_perturbation_2pct,repair5g553_fixed_global_staticflow_registry,True,True,False,False,0.482196549705,1.27446116946,1.23960797086,1.23386361011,0.768972056472,0.767508321258,1.02384401634,0.0140416640417,0.938213143463,0.981801246801,1.01203233703,0.00833466083466,0.362826596827,0.728063153063,1,10.8199386199,1,0,0,False,False,False,False,False
g553_registry_000094,repair5g553_theta_553000094,small_local_perturbation_5pct_00093,small_local_perturbation_5pct,small_local_perturbation_5pct,repair5g553_fixed_global_staticflow_registry,True,True,False,False,0.886669477294,1.20464647965,1.28740797491,1.31513734014,0.80114039489,0.787906481656,0.934256171756,0.023254992005,0.963747843748,0.973144085644,0.979486316986,0.0729213354213,0.31143031143,0.725159084534,1,11.4841174966,1,0,0,False,False,False,False,False
g553_registry_000095,repair5g553_theta_553000095,medium_local_perturbation_10pct_00094,medium_local_perturbation_10pct,medium_local_perturbation_10pct,repair5g553_fixed_global_staticflow_registry,True,True,False,False,1.36917976918,1.12582485082,1.14582348957,1.19669682795,0.815825690826,0.633553702304,0.94951962452,0,1,1,1.06482998983,0.102010827011,0.296297606298,0.645748770749,1,10.0544995545,1,0,0,False,False,False,False,False
g553_registry_000096,repair5g553_theta_553000096,coordinate_sweep_each_field_00095,coordinate_sweep_each_field,coordinate_sweep_each_field,repair5g553_fixed_global_staticflow_registry,True,True,False,False,0.416666666667,1.25,1.25,1.25,0.75,0.75,0.375,0,0.95,1,1,0,0.35,0.75,1,11,1,0,0,False,False,False,False,False
g553_registry_000097,repair5g553_theta_553000097,lambda_flow_lambda_cong_grid_00096,lambda_flow_lambda_cong_grid,lambda_flow_lambda_cong_grid,repair5g553_fixed_global_staticflow_registry,True,True,False,False,1.13355863356,1.25,1.25,1.25,0.75,0.75,1,0.235682735683,0.95,1,1.38296388296,0.843072843073,0.35,0.75,1,11,1,0,0,False,False,False,False,False
g553_registry_000098,repair5g553_theta_553000098,flow_shield_beta_cap_grid_00097,flow_shield_beta_cap_grid,flow_shield_beta_cap_grid,repair5g553_fixed_global_staticflow_registry,True,True,False,False,0.364342401842,1.25,1.25,1.25,0.75,0.75,1,0,0.95,1,1,0,0.356093156093,0.304092554093,1,11,1,0,0,False,False,False,False,False
g553_registry_000099,repair5g553_theta_553000099,alpha_flow_wait_progress_grid_00098,alpha_flow_wait_progress_grid,alpha_flow_wait_progress_grid,repair5g553_fixed_global_staticflow_registry,True,True,False,False,0.623698623699,1.25,1.25,1.25,0.75,0.75,1,0.591360591361,0.95,1,1,0.225915225915,0.35,0.75,1,11,1,0,0,False,False,False,False,False
g553_registry_000100,repair5g553_theta_553000100,alpha_cong_commit_nonprogress_grid_00099,alpha_cong_commit_nonprogress_grid,alpha_cong_commit_nonprogress_grid,repair5g553_fixed_global_staticflow_registry,True,True,False,False,0.549583649583,0.582777582778,1.38096088096,1.25,0.75,0.75,1,0,0.95,1,1,0,0.35,0.75,1,11,1,0,0,False,False,False,False,False
g553_registry_000101,repair5g553_theta_553000101,edge_cost_clamp_grid_00100,edge_cost_clamp_grid,edge_cost_clamp_grid,repair5g553_fixed_global_staticflow_registry,True,True,False,False,0.177830427825,1.25,1.25,1.25,0.75,0.75,1,0,0.95,1,1,0,0.35,0.75,0.941743691744,10.5993785994,1,0,0,False,False,False,False,False
g553_registry_000102,repair5g553_theta_553000102,rho_decay_grid_00101,rho_decay_grid,rho_decay_grid,repair5g553_fixed_global_staticflow_registry,True,True,False,False,0.63016813017,1.25,1.25,1.25,0.75,0.75,1,0,0.906842306842,0.980140880141,1,0,0.35,0.75,1,11,1,0,0,False,False,False,False,False
g553_registry_000103,repair5g553_theta_553000103,sobol_local_global_static_00102,sobol_local_global_static,sobol_local_global_static,repair5g553_fixed_global_staticflow_registry,True,True,False,False,2.13515555182,1.1951971952,1.37913169163,1.67913499163,0.672654610155,1.1591000966,0.77426964927,0.0253822128822,0.939024964025,0.989866789867,0.850197100197,0.329907329907,0.454698704699,0.475803788304,0.829015579016,11.4984854985,1,0,0,False,False,False,False,False
g553_registry_000104,repair5g553_theta_553000104,cma_es_or_ranked_search_candidates_00103,cma_es_or_ranked_search_candidates,cma_es_or_ranked_search_candidates,repair5g553_fixed_global_staticflow_registry,True,True,False,False,0.460927800926,1.25,1.16821891822,1.25,0.75,0.75,1,0,0.95,1,0.873410523411,0.215156465156,0.255577305577,0.759309309309,1,11,1,0,0,False,False,False,False,False
g553_registry_000105,repair5g553_theta_553000105,negative_random_wide_control_00104,negative_random_wide_control,negative_random_wide_control,repair5g553_fixed_global_staticflow_registry,True,True,False,False,5.70349891601,1.29347529348,0.77382027382,2.1276031276,0.3275003275,1.1714039214,0.0755610755611,1.00916975917,0.949521949522,0.914264414264,0.878335378335,1.15263115263,0.238007438007,0.628094128094,0.880825630826,10.4359304359,0,0,1,False,False,False,False,False
g553_registry_000106,repair5g553_theta_553000106,tiny_local_perturbation_2pct_00105,tiny_local_perturbation_2pct,tiny_local_perturbation_2pct,repair5g553_fixed_global_staticflow_registry,True,True,False,False,0.411870798118,1.2278978679,1.26341168216,1.21609438984,0.743074811825,0.725684390684,1.0082999658,0,0.941478477228,0.985665760666,0.982238527239,0.00816782316782,0.334472764473,0.726705295455,1,10.790980596,1,0,0,False,False,False,False,False
g553_registry_000107,repair5g553_theta_553000107,small_local_perturbation_5pct_00106,small_local_perturbation_5pct,small_local_perturbation_5pct,repair5g553_fixed_global_staticflow_registry,True,True,False,False,0.67783372782,1.23033363033,1.21862503113,1.19817929818,0.725577444327,0.719736541612,1.04117402867,0.0251501970252,0.914804139179,1,0.951212301212,0,0.382867222867,0.712725618976,1,11.2158408408,1,0,0,False,False,False,False,False
g553_registry_000108,repair5g553_theta_553000108,medium_local_perturbation_10pct_00107,medium_local_perturbation_10pct,medium_local_perturbation_10pct,repair5g553_fixed_global_staticflow_registry,True,True,False,False,1.32616942618,1.13973323973,1.17804474054,1.14513272013,0.871272683773,0.913926557677,1.07202122202,0,0.981981235731,1,1.02691460191,0.147795335295,0.292671022671,0.839018714019,0.908472083472,10.2548213048,1,0,0,False,False,False,False,False
g553_registry_000109,repair5g553_theta_553000109,coordinate_sweep_each_field_00108,coordinate_sweep_each_field,coordinate_sweep_each_field,repair5g553_fixed_global_staticflow_registry,True,True,False,False,0.1,1.25,1.25,1.25,0.625,0.75,1,0,0.95,1,1,0,0.35,0.75,1,11,1,0,0,False,False,False,False,False
g553_registry_000110,repair5g553_theta_553000110,lambda_flow_lambda_cong_grid_00109,lambda_flow_lambda_cong_grid,lambda_flow_lambda_cong_grid,repair5g553_fixed_global_staticflow_registry,True,True,False,False,1.901001401,1.25,1.25,1.25,0.75,0.75,1,1.19478244478,0.95,1,1.1184976185,1.24001674002,0.35,0.75,1,11,1,0,0,False,False,False,False,False
g553_registry_000111,repair5g553_theta_553000111,flow_shield_beta_cap_grid_00110,flow_shield_beta_cap_grid,flow_shield_beta_cap_grid,repair5g553_fixed_global_staticflow_registry,True,True,False,False,0.702335664836,1.25,1.25,1.25,0.75,0.75,1,0,0.95,1,1,0,0.159932959933,1.33093983094,1,11,1,0,0,False,False,False,False,False
g553_registry_000112,repair5g553_theta_553000112,alpha_flow_wait_progress_grid_00111,alpha_flow_wait_progress_grid,alpha_flow_wait_progress_grid,repair5g553_fixed_global_staticflow_registry,True,True,False,False,0.195829195829,1.25,1.25,1.25,0.75,0.75,1,0.0507813007813,0.95,1,1,0.232806232806,0.35,0.75,1,11,1,0,0,False,False,False,False,False
g553_registry_000113,repair5g553_theta_553000113,alpha_cong_commit_nonprogress_grid_00112,alpha_cong_commit_nonprogress_grid,alpha_cong_commit_nonprogress_grid,repair5g553_fixed_global_staticflow_registry,True,True,False,False,0.532325632327,0.797841797842,1.53860853861,1.25,0.75,0.75,1,0,0.95,1,1,0,0.35,0.75,1,11,1,0,0,False,False,False,False,False
g553_registry_000114,repair5g553_theta_553000114,edge_cost_clamp_grid_00113,edge_cost_clamp_grid,edge_cost_clamp_grid,repair5g553_fixed_global_staticflow_registry,True,True,False,False,0.619632869632,1.25,1.25,1.25,0.75,0.75,1,0,0.95,1,1,0,0.35,0.75,0.758683508684,9.80848980849,1,0,0,False,False,False,False,False
g553_registry_000115,repair5g553_theta_553000115,rho_decay_grid_00114,rho_decay_grid,rho_decay_grid,repair5g553_fixed_global_staticflow_registry,True,True,False,False,0.8633023633,1.25,1.25,1.25,0.75,0.75,1,0,0.961256261256,0.924926024926,1,0,0.35,0.75,1,11,1,0,0,False,False,False,False,False
g553_registry_000116,repair5g553_theta_553000116,sobol_local_global_static_00115,sobol_local_global_static,sobol_local_global_static,repair5g553_fixed_global_staticflow_registry,True,True,False,False,2.18787710454,1.06651956652,1.33227851978,1.44403013153,0.728372165872,1.08422452172,1.31965219465,0.246793684294,0.9468999219,0.990775490775,1.1802954303,0.324700824701,0.186483636484,0.861044173544,0.844068094068,10.0044520045,1,0,0,False,False,False,False,False
g553_registry_000117,repair5g553_theta_553000117,cma_es_or_ranked_search_candidates_00116,cma_es_or_ranked_search_candidates,cma_es_or_ranked_search_candidates,repair5g553_fixed_global_staticflow_registry,True,True,False,False,1.05666463166,1.25,1.46183001183,1.25,0.75,0.75,1,0,0.95,1,0.952745602746,0.809171909172,0.561187911188,0.795641745642,1,11,1,0,0,False,False,False,False,False
g553_registry_000118,repair5g553_theta_553000118,negative_random_wide_control_00117,negative_random_wide_control,negative_random_wide_control,repair5g553_fixed_global_staticflow_registry,True,True,False,False,4.46146624897,0.73104973105,1.7340974841,0.702987952988,0.838035838036,1.46398321398,0.499617499617,0.620228120228,0.922918822919,0.952024452024,1.00894550895,0.841943341943,0.618228618229,1.04103704104,0.949602199602,10.3946703947,1,0,0,False,False,False,False,False
g553_registry_000119,repair5g553_theta_553000119,tiny_local_perturbation_2pct_00118,tiny_local_perturbation_2pct,tiny_local_perturbation_2pct,repair5g553_fixed_global_staticflow_registry,True,True,False,False,0.223149735651,1.24206435456,1.26354131979,1.26301877927,0.76526037776,0.766865904366,1.01869049869,0,0.945155322905,1,1.01262851263,0.0258506133506,0.341598191598,0.767013092013,0.980029130029,11.1449242649,1,0,0,False,False,False,False,False
g553_registry_000120,repair5g553_theta_553000120,small_local_perturbation_5pct_00119,small_local_perturbation_5pct,small_local_perturbation_5pct,repair5g553_fixed_global_staticflow_registry,True,True,False,False,0.505114555129,1.28679366804,1.22220867533,1.2228261697,0.780996687247,0.78239003864,1.05536079911,0.0299144361644,0.967001086376,1,1.04810531061,0,0.373368943369,0.704297157422,1,11.2191606442,1,0,0,False,False,False,False,False
g553_registry_000121,repair5g553_theta_553000121,medium_local_perturbation_10pct_00120,medium_local_perturbation_10pct,medium_local_perturbation_10pct,repair5g553_fixed_global_staticflow_registry,True,True,False,False,1.37121968373,1.30581670582,1.16520482145,1.30536498036,0.808949215199,0.680344111594,1.07415264915,0.117067804568,0.9,1,0.903204003204,0,0.411977361977,0.63128960004,0.938984813985,10.3844256344,1,0,0,False,False,False,False,False
g553_registry_000122,repair5g553_theta_553000122,coordinate_sweep_each_field_00121,coordinate_sweep_each_field,coordinate_sweep_each_field,repair5g553_fixed_global_staticflow_registry,True,True,False,False,0.15,1.25,1.4375,1.25,0.75,0.75,1,0,0.95,1,1,0,0.35,0.75,1,11,1,0,0,False,False,False,False,False
g553_registry_000123,repair5g553_theta_553000123,lambda_flow_lambda_cong_grid_00122,lambda_flow_lambda_cong_grid,lambda_flow_lambda_cong_grid,repair5g553_fixed_global_staticflow_registry,True,True,False,False,1.42313092313,1.25,1.25,1.25,0.75,0.75,1,0.856752106752,0.95,1,1.00513650514,1.09888909889,0.35,0.75,1,11,1,0,0,False,False,False,False,False
g553_registry_000124,repair5g553_theta_553000124,flow_shield_beta_cap_grid_00123,flow_shield_beta_cap_grid,flow_shield_beta_cap_grid,repair5g553_fixed_global_staticflow_registry,True,True,False,False,0.940268777765,1.25,1.25,1.25,0.75,0.75,1,0,0.95,1,1,0,0.66419026419,1.43441368441,1,11,1,0,0,False,False,False,False,False
g553_registry_000125,repair5g553_theta_553000125,alpha_flow_wait_progress_grid_00124,alpha_flow_wait_progress_grid,alpha_flow_wait_progress_grid,repair5g553_fixed_global_staticflow_registry,True,True,False,False,0.865161865162,1.25,1.25,1.25,0.75,0.75,1,0.614635614636,0.95,1,1,0.56018006018,0.35,0.75,1,11,1,0,0,False,False,False,False,False
g553_registry_000126,repair5g553_theta_553000126,alpha_cong_commit_nonprogress_grid_00125,alpha_cong_commit_nonprogress_grid,alpha_cong_commit_nonprogress_grid,repair5g553_fixed_global_staticflow_registry,True,True,False,False,1.0010999011,0.586817086817,0.551277551278,1.25,0.75,0.75,1,0,0.95,1,1,0,0.35,0.75,1,11,1,0,0,False,False,False,False,False
g553_registry_000127,repair5g553_theta_553000127,edge_cost_clamp_grid_00126,edge_cost_clamp_grid,edge_cost_clamp_grid,repair5g553_fixed_global_staticflow_registry,True,True,False,False,0.625707375695,1.25,1.25,1.25,0.75,0.75,1,0,0.95,1,1,0,0.35,0.75,0.617934617935,11.4651474651,1,0,0,False,False,False,False,False
g553_registry_000128,repair5g553_theta_553000128,rho_decay_grid_00127,rho_decay_grid,rho_decay_grid,repair5g553_fixed_global_staticflow_registry,True,True,False,False,1.04955654956,1.25,1.25,1.25,0.75,0.75,1,0,0.938003038003,0.907041307041,1,0,0.35,0.75,1,11,1,0,0,False,False,False,False,False
g553_registry_000129,repair5g553_theta_553000129,sobol_local_global_static_00128,sobol_local_global_static,sobol_local_global_static,repair5g553_fixed_global_staticflow_registry,True,True,False,False,1.73226581559,1.14269089269,0.978845041345,1.36966118216,0.922638610139,0.800768863269,1.11862274362,0.0778078903079,0.953146328146,0.977624902625,0.800498550499,0.24356011856,0.373332623333,0.882279194779,0.816424191424,11.2805152805,1,0,0,False,False,False,False,False
g553_registry_000130,repair5g553_theta_553000130,cma_es_or_ranked_search_candidates_00129,cma_es_or_ranked_search_candidates,cma_es_or_ranked_search_candidates,repair5g553_fixed_global_staticflow_registry,True,True,False,False,0.845044770047,1.25,1.33150948151,1.25,0.75,0.75,1,0,0.95,1,0.927718977719,0.425756075756,0.488764838765,1.06282841283,1,11,1,0,0,False,False,False,False,False
g553_registry_000131,repair5g553_theta_553000131,negative_random_wide_control_00130,negative_random_wide_control,negative_random_wide_control,repair5g553_fixed_global_staticflow_registry,True,True,False,False,4.35850407099,1.24841224841,1.70153995154,0.876138376138,0.614308114308,0.91496041496,0.789887289887,0.952803452803,0.907889107889,0.949546649547,1.09969059969,0.528513528514,0.187452187452,0.956096956097,0.827654327654,11.8076478076,0,1,0,False,False,False,False,False
g553_registry_000132,repair5g553_theta_553000132,tiny_local_perturbation_2pct_00131,tiny_local_perturbation_2pct,tiny_local_perturbation_2pct,repair5g553_fixed_global_staticflow_registry,True,True,False,False,0.380847613329,1.27896488646,1.2420955171,1.22584876835,0.740452171702,0.733715927466,0.989942152442,0,0.959749261249,0.985018960019,0.983079473079,0,0.365537507538,0.728924547675,1,11.069035739,1,0,0,False,False,False,False,False
g553_registry_000133,repair5g553_theta_553000133,small_local_perturbation_5pct_00132,small_local_perturbation_5pct,small_local_perturbation_5pct,repair5g553_fixed_global_staticflow_registry,True,True,False,False,0.983202080079,1.20704858205,1.30811577687,1.1726957727,0.692422864298,0.663792945043,0.952477646228,0.0212966931717,0.906457371457,1,0.95347021597,0.0634038821539,0.329706869707,0.79256530819,0.959002071502,10.6737934363,1,0,0,False,False,False,False,False
g553_registry_000134,repair5g553_theta_553000134,medium_local_perturbation_10pct_00133,medium_local_perturbation_10pct,medium_local_perturbation_10pct,repair5g553_fixed_global_staticflow_registry,True,True,False,False,1.06702421077,1.20761085761,1.14305636181,1.16815609316,0.698990855241,0.840702503203,0.933673421173,0,0.924213957964,0.971797346797,1.07063492063,0.0403203778204,0.328526218526,0.789114882865,1,11.2962025212,1,0,0,False,False,False,False,False
g553_registry_000135,repair5g553_theta_553000135,lambda_flow_lambda_cong_grid_00135,lambda_flow_lambda_cong_grid,lambda_flow_lambda_cong_grid,repair5g553_fixed_global_staticflow_registry,True,True,False,False,0.592876092876,1.25,1.25,1.25,0.75,0.75,1,0.24558024558,0.95,1,0.613025113025,0.0141555141555,0.35,0.75,1,11,1,0,0,False,False,False,False,False
g553_registry_000136,repair5g553_theta_553000136,flow_shield_beta_cap_grid_00136,flow_shield_beta_cap_grid,flow_shield_beta_cap_grid,repair5g553_fixed_global_staticflow_registry,True,True,False,False,0.585206547705,1.25,1.25,1.25,0.75,0.75,1,0,0.95,1,1,0,0.320473120473,1.43537243537,1,11,1,0,0,False,False,False,False,False
g553_registry_000137,repair5g553_theta_553000137,alpha_flow_wait_progress_grid_00137,alpha_flow_wait_progress_grid,alpha_flow_wait_progress_grid,repair5g553_fixed_global_staticflow_registry,True,True,False,False,1.30296130296,1.25,1.25,1.25,0.75,0.75,1,0.874500874501,0.95,1,1,0.905040905041,0.35,0.75,1,11,1,0,0,False,False,False,False,False
g553_registry_000138,repair5g553_theta_553000138,alpha_cong_commit_nonprogress_grid_00138,alpha_cong_commit_nonprogress_grid,alpha_cong_commit_nonprogress_grid,repair5g553_fixed_global_staticflow_registry,True,True,False,False,0.449842349845,1.03098403098,0.87021037021,1.25,0.75,0.75,1,0,0.95,1,1,0,0.35,0.75,1,11,1,0,0,False,False,False,False,False
g553_registry_000139,repair5g553_theta_553000139,edge_cost_clamp_grid_00139,edge_cost_clamp_grid,edge_cost_clamp_grid,repair5g553_fixed_global_staticflow_registry,True,True,False,False,1.07634932635,1.25,1.25,1.25,0.75,0.75,1,0,0.95,1,1,0,0.35,0.75,0.643715893716,8.59478459478,1,0,0,False,False,False,False,False
g553_registry_000140,repair5g553_theta_553000140,rho_decay_grid_00140,rho_decay_grid,rho_decay_grid,repair5g553_fixed_global_staticflow_registry,True,True,False,False,1.16687566688,1.25,1.25,1.25,0.75,0.75,1,0,0.910949210949,0.922363222363,1,0,0.35,0.75,1,11,1,0,0,False,False,False,False,False
g553_registry_000141,repair5g553_theta_553000141,sobol_local_global_static_00141,sobol_local_global_static,sobol_local_global_static,repair5g553_fixed_global_staticflow_registry,True,True,False,False,1.37124853792,1.12652900153,1.38788920039,1.46040752291,0.572435759936,0.333456270956,1.0059043809,0.0711819461819,0.946619171619,0.998996498996,0.821158571159,0.00560138060138,0.178226028226,0.796437233937,0.939346689347,10.7669007669,1,0,0,False,False,False,False,False
g553_registry_000142,repair5g553_theta_553000142,cma_es_or_ranked_search_candidates_00142,cma_es_or_ranked_search_candidates,cma_es_or_ranked_search_candidates,repair5g553_fixed_global_staticflow_registry,True,True,False,False,1.13068349152,1.25,0.896778246778,1.25,0.75,0.75,1,0,0.95,1,1.21808086808,0.795148595149,0.42556002556,0.756845156845,1,11,1,0,0,False,False,False,False,False
g553_registry_000143,repair5g553_theta_553000143,negative_random_wide_control_00143,negative_random_wide_control,negative_random_wide_control,repair5g553_fixed_global_staticflow_registry,True,True,False,False,4.74792253543,0.683763683764,0.553016303016,1.10872060872,1.037997288,0.696220696221,0.614192114192,0.177732677733,0.902117402117,0.997633597634,0.869798369798,1.38465138465,0.468097268097,0.38395013395,0.680132180132,11.5953955954,0,0,1,False,False,False,False,False
g553_registry_000144,repair5g553_theta_553000144,tiny_local_perturbation_2pct_00144,tiny_local_perturbation_2pct,tiny_local_perturbation_2pct,repair5g553_fixed_global_staticflow_registry,True,True,False,False,0.360025845018,1.26742703243,1.27136557137,1.26934206934,0.72786965287,0.716689399189,1.02911129411,0.0140192202692,0.968994983995,1,0.984914409914,0,0.343077505078,0.769094981595,1,10.9042543643,1,0,0,False,False,False,False,False
g553_registry_000145,repair5g553_theta_553000145,small_local_perturbation_5pct_00145,small_local_perturbation_5pct,small_local_perturbation_5pct,repair5g553_fixed_global_staticflow_registry,True,True,False,False,1.11328444452,1.31539794665,1.21938323501,1.18541023541,0.707930254805,0.792560939436,1.02358103608,0,0.995424236049,0.979314191814,0.95843968344,0,0.385615135615,0.692705989581,0.96068964819,10.6433669934,1,0,0,False,False,False,False,False
g553_registry_000146,repair5g553_theta_553000146,medium_local_perturbation_10pct_00146,medium_local_perturbation_10pct,medium_local_perturbation_10pct,repair5g553_fixed_global_staticflow_registry,True,True,False,False,1.11782339283,1.38484128484,1.36668642919,1.14272257397,0.850749288249,0.877098295848,0.935653198153,0.0583192145692,0.923336370836,1,0.973209223209,0,0.385547935548,0.82579020079,1,10.071982972,1,0,0,False,False,False,False,False
g553_registry_000147,repair5g553_theta_553000147,coordinate_sweep_each_field_00147,coordinate_sweep_each_field,coordinate_sweep_each_field,repair5g553_fixed_global_staticflow_registry,True,True,False,False,0.6,1.25,1.25,1.25,0.75,0.75,1,0,0.95,1,1,0,0.35,1.5,1,11,1,0,0,False,False,False,False,False
g553_registry_000148,repair5g553_theta_553000148,lambda_flow_lambda_cong_grid_00148,lambda_flow_lambda_cong_grid,lambda_flow_lambda_cong_grid,repair5g553_fixed_global_staticflow_registry,True,True,False,False,1.0665995666,1.25,1.25,1.25,0.75,0.75,1,0.383875383875,0.95,1,0.651586151586,0.616628116628,0.35,0.75,1,11,1,0,0,False,False,False,False,False
g553_registry_000149,repair5g553_theta_553000149,flow_shield_beta_cap_grid_00149,flow_shield_beta_cap_grid,flow_shield_beta_cap_grid,repair5g553_fixed_global_staticflow_registry,True,True,False,False,0.440851403349,1.25,1.25,1.25,0.75,0.75,1,0,0.95,1,1,0,0.163841763842,1.01019201019,1,11,1,0,0,False,False,False,False,False
g553_registry_000150,repair5g553_theta_553000150,alpha_flow_wait_progress_grid_00150,alpha_flow_wait_progress_grid,alpha_flow_wait_progress_grid,repair5g553_fixed_global_staticflow_registry,True,True,False,False,0.640465640466,1.25,1.25,1.25,0.75,0.75,1,0.489021739022,0.95,1,1,0.373872373872,0.35,0.75,1,11,1,0,0,False,False,False,False,False
g553_registry_000151,repair5g553_theta_553000151,alpha_cong_commit_nonprogress_grid_00151,alpha_cong_commit_nonprogress_grid,alpha_cong_commit_nonprogress_grid,repair5g553_fixed_global_staticflow_registry,True,True,False,False,1.00050590051,0.0847110847111,0.970441720442,1.25,0.75,0.75,1,0,0.95,1,1,0,0.35,0.75,1,11,1,0,0,False,False,False,False,False
g553_registry_000152,repair5g553_theta_553000152,edge_cost_clamp_grid_00152,edge_cost_clamp_grid,edge_cost_clamp_grid,repair5g553_fixed_global_staticflow_registry,True,True,False,False,1.43662368662,1.25,1.25,1.25,0.75,0.75,1,0,0.95,1,1,0,0.35,0.75,0.283692283692,9.07381307381,1,0,0,False,False,False,False,False
g553_registry_000153,repair5g553_theta_553000153,rho_decay_grid_00153,rho_decay_grid,rho_decay_grid,repair5g553_fixed_global_staticflow_registry,True,True,False,False,0.72684422684,1.25,1.25,1.25,0.75,0.75,1,0,0.98132038132,0.958635958636,1,0,0.35,0.75,1,11,1,0,0,False,False,False,False,False
g553_registry_000154,repair5g553_theta_553000154,sobol_local_global_static_00154,sobol_local_global_static,sobol_local_global_static,repair5g553_fixed_global_staticflow_registry,True,True,False,False,1.71517221517,1.37378237378,1.06656950407,1.39405533156,1.04333435583,1.08601127351,1.2172965923,0.198068948069,0.955617580618,0.977267827268,1.03416078416,0.200786825787,0.321391371391,0.762207824708,0.982075169575,11.6106096106,1,0,0,False,False,False,False,False
g553_registry_000155,repair5g553_theta_553000155,cma_es_or_ranked_search_candidates_00155,cma_es_or_ranked_search_candidates,cma_es_or_ranked_search_candidates,repair5g553_fixed_global_staticflow_registry,True,True,False,False,0.80377728628,1.25,1.2849006349,1.25,0.75,0.75,1,0,0.95,1,0.859037509038,0.209403659404,0.521769221769,1.10072540073,1,11,1,0,0,False,False,False,False,False
g553_registry_000156,repair5g553_theta_553000156,negative_random_wide_control_00156,negative_random_wide_control,negative_random_wide_control,repair5g553_fixed_global_staticflow_registry,True,True,False,False,4.34862513612,1.38969288969,1.39690964691,1.18491918492,1.00105600106,0.542703542704,1.36694686695,0.306771556772,0.904523704524,0.908245608246,1.41140791141,0.405051405051,0.752185552186,0.896379396379,0.925620925621,8.9253009253,1,0,0,False,False,False,False,False
g553_registry_000157,repair5g553_theta_553000157,tiny_local_perturbation_2pct_00157,tiny_local_perturbation_2pct,tiny_local_perturbation_2pct,repair5g553_fixed_global_staticflow_registry,True,True,False,False,0.501745053,1.23021073521,1.2319533132,1.22867111867,0.730488055488,0.763290992041,1.00877329877,0.0132391069891,0.963254237504,0.981359121359,0.990758670759,0.0196608571609,0.340385338385,0.760777867028,0.993627723628,11.2073826024,1,0,0,False,False,False,False,False
g553_registry_000158,repair5g553_theta_553000158,small_local_perturbation_5pct_00158,small_local_perturbation_5pct,small_local_perturbation_5pct,repair5g553_fixed_global_staticflow_registry,True,True,False,False,0.86001779753,1.22722997723,1.20723186348,1.20457800458,0.778301278301,0.773194916945,1.07233571609,0,0.966312881938,0.95948990949,1.04025295275,0,0.379410829411,0.731795231795,1,10.837045012,1,0,0,False,False,False,False,False
g553_registry_000159,repair5g553_theta_553000159,medium_local_perturbation_10pct_00159,medium_local_perturbation_10pct,medium_local_perturbation_10pct,repair5g553_fixed_global_staticflow_registry,True,True,False,False,1.3910838036,1.13673409923,1.3183953809,1.40745605746,0.698436229686,0.57517049392,1.09961513712,0,1,1,1.03938103938,0.13723044973,0.416276846277,0.811631499131,1,10.1988037488,1,0,0,False,False,False,False,False
g553_registry_000160,repair5g553_theta_553000160,lambda_flow_lambda_cong_grid_00161,lambda_flow_lambda_cong_grid,lambda_flow_lambda_cong_grid,repair5g553_fixed_global_staticflow_registry,True,True,False,False,1.44525294526,1.25,1.25,1.25,0.75,0.75,1,0.279201529202,0.95,1,0.716406216406,1.40744690745,0.35,0.75,1,11,1,0,0,False,False,False,False,False
g553_registry_000161,repair5g553_theta_553000161,flow_shield_beta_cap_grid_00162,flow_shield_beta_cap_grid,flow_shield_beta_cap_grid,repair5g553_fixed_global_staticflow_registry,True,True,False,False,0.945606783104,1.25,1.25,1.25,0.75,0.75,1,0,0.95,1,1,0,0.703583903584,1.37953362953,1,11,1,0,0,False,False,False,False,False
g553_registry_000162,repair5g553_theta_553000162,alpha_flow_wait_progress_grid_00163,alpha_flow_wait_progress_grid,alpha_flow_wait_progress_grid,repair5g553_fixed_global_staticflow_registry,True,True,False,False,0.217908217908,1.25,1.25,1.25,0.75,0.75,1,0.0813938313938,0.95,1,1,0.22918972919,0.35,0.75,1,11,1,0,0,False,False,False,False,False
g553_registry_000163,repair5g553_theta_553000163,alpha_cong_commit_nonprogress_grid_00164,alpha_cong_commit_nonprogress_grid,alpha_cong_commit_nonprogress_grid,repair5g553_fixed_global_staticflow_registry,True,True,False,False,0.331688431692,0.883754383754,1.35940585941,1.25,0.75,0.75,1,0,0.95,1,1,0,0.35,0.75,1,11,1,0,0,False,False,False,False,False
g553_registry_000164,repair5g553_theta_553000164,edge_cost_clamp_grid_00165,edge_cost_clamp_grid,edge_cost_clamp_grid,repair5g553_fixed_global_staticflow_registry,True,True,False,False,0.597189347195,1.25,1.25,1.25,0.75,0.75,1,0,0.95,1,1,0,0.35,0.75,0.633235383235,11.4326794327,1,0,0,False,False,False,False,False
g553_registry_000165,repair5g553_theta_553000165,rho_decay_grid_00166,rho_decay_grid,rho_decay_grid,repair5g553_fixed_global_staticflow_registry,True,True,False,False,0.75682425682,1.25,1.25,1.25,0.75,0.75,1,0,0.904094704095,0.970222870223,1,0,0.35,0.75,1,11,1,0,0,False,False,False,False,False
g553_registry_000166,repair5g553_theta_553000166,sobol_local_global_static_00167,sobol_local_global_static,sobol_local_global_static,repair5g553_fixed_global_staticflow_registry,True,True,False,False,1.76530776531,1.2170997171,1.4338004963,0.854486041986,0.465261277761,0.654172966673,1.18195280695,0.0208165833166,0.937943112943,0.992393092393,1.16033791034,0.203553953554,0.247004897005,0.985553673054,0.934351871852,10.7902987903,1,0,0,False,False,False,False,False
g553_registry_000167,repair5g553_theta_553000167,cma_es_or_ranked_search_candidates_00168,cma_es_or_ranked_search_candidates,cma_es_or_ranked_search_candidates,repair5g553_fixed_global_staticflow_registry,True,True,False,False,0.799013183185,1.25,1.51092946093,1.25,0.75,0.75,1,0,0.95,1,0.856135306135,0.0930504430504,0.285014985015,1.12892502893,1,11,1,0,0,False,False,False,False,False
g553_registry_000168,repair5g553_theta_553000168,negative_random_wide_control_00169,negative_random_wide_control,negative_random_wide_control,repair5g553_fixed_global_staticflow_registry,True,True,False,False,6.1509063634,1.41530691531,0.806576556577,1.61632261632,0.457725457725,0.025326025326,0.0769485769486,0.911322161322,0.953431853432,0.930905730906,0.910066410066,0.839966339966,0.0737784737785,0.473788973789,0.732084732085,8.25738825739,0,1,0,False,False,False,False,False
g553_registry_000169,repair5g553_theta_553000169,tiny_local_perturbation_2pct_00170,tiny_local_perturbation_2pct,tiny_local_perturbation_2pct,repair5g553_fixed_global_staticflow_registry,True,True,False,False,0.282320459812,1.23795501796,1.23120252495,1.2400468038,0.726909014409,0.766991851992,0.989988997489,0,0.935824299574,1,0.99195981196,0,0.338621468621,0.764197007947,0.993195693196,10.862967363,1,0,0,False,False,False,False,False
g553_registry_000170,repair5g553_theta_553000170,small_local_perturbation_5pct_00171,small_local_perturbation_5pct,small_local_perturbation_5pct,repair5g553_fixed_global_staticflow_registry,True,True,False,False,0.75456705458,1.18246612622,1.19029356529,1.19116141929,0.775025556276,0.779727564103,1.05161550162,0,0.911423180798,1,0.976816351816,0.0324185386685,0.374584754585,0.792226448476,0.980951930952,11.1450623701,1,0,0,False,False,False,False,False
g553_registry_000171,repair5g553_theta_553000171,medium_local_perturbation_10pct_00172,medium_local_perturbation_10pct,medium_local_perturbation_10pct,repair5g553_fixed_global_staticflow_registry,True,True,False,False,1.16593468469,1.38922878923,1.12617131367,1.32940856066,0.630178098928,0.701701001701,0.942272929773,0.0516727079227,1,1,1.08578516079,0,0.328787878788,0.702722015222,1,10.6989052239,1,0,0,False,False,False,False,False
g553_registry_000172,repair5g553_theta_553000172,coordinate_sweep_each_field_00173,coordinate_sweep_each_field,coordinate_sweep_each_field,repair5g553_fixed_global_staticflow_registry,True,True,False,False,0.75,1.25,1.25,1.25,0.75,0.75,1,0,0.95,0.925,1,0,0.35,0.75,1,11,1,0,0,False,False,False,False,False
g553_registry_000173,repair5g553_theta_553000173,lambda_flow_lambda_cong_grid_00174,lambda_flow_lambda_cong_grid,lambda_flow_lambda_cong_grid,repair5g553_fixed_global_staticflow_registry,True,True,False,False,1.72900822901,1.25,1.25,1.25,0.75,0.75,1,0.94770969771,0.95,1,0.982174482174,1.42952242952,0.35,0.75,1,11,1,0,0,False,False,False,False,False
g553_registry_000174,repair5g553_theta_553000174,flow_shield_beta_cap_grid_00175,flow_shield_beta_cap_grid,flow_shield_beta_cap_grid,repair5g553_fixed_global_staticflow_registry,True,True,False,False,0.547935385436,1.25,1.25,1.25,0.75,0.75,1,0,0.95,1,1,0,0.703387903388,0.882750632751,1,11,1,0,0,False,False,False,False,False
g553_registry_000175,repair5g553_theta_553000175,alpha_flow_wait_progress_grid_00176,alpha_flow_wait_progress_grid,alpha_flow_wait_progress_grid,repair5g553_fixed_global_staticflow_registry,True,True,False,False,0.765744765745,1.25,1.25,1.25,0.75,0.75,1,0.125545125545,0.95,1,1,0.997962997963,0.35,0.75,1,11,1,0,0,False,False,False,False,False
g553_registry_000176,repair5g553_theta_553000176,alpha_cong_commit_nonprogress_grid_00177,alpha_cong_commit_nonprogress_grid,alpha_cong_commit_nonprogress_grid,repair5g553_fixed_global_staticflow_registry,True,True,False,False,0.989385889387,0.0527790527791,1.01095176095,1.25,0.75,0.75,1,0,0.95,1,1,0,0.35,0.75,1,11,1,0,0,False,False,False,False,False
g553_registry_000177,repair5g553_theta_553000177,edge_cost_clamp_grid_00178,edge_cost_clamp_grid,edge_cost_clamp_grid,repair5g553_fixed_global_staticflow_registry,True,True,False,False,0.803036053037,1.25,1.25,1.25,0.75,0.75,1,0,0.95,1,1,0,0.35,0.75,0.566415566416,10.1003061003,1,0,0,False,False,False,False,False
g553_registry_000178,repair5g553_theta_553000178,rho_decay_grid_00179,rho_decay_grid,rho_decay_grid,repair5g553_fixed_global_staticflow_registry,True,True,False,False,0.69618919619,1.25,1.25,1.25,0.75,0.75,1,0,0.950582250582,0.930963330963,1,0,0.35,0.75,1,11,1,0,0,False,False,False,False,False
g553_registry_000179,repair5g553_theta_553000179,sobol_local_global_static_00180,sobol_local_global_static,sobol_local_global_static,repair5g553_fixed_global_staticflow_registry,True,True,False,False,2.37434904102,0.996983246983,1.56244562495,1.684496997,0.995436182936,0.614964177464,0.766028641029,0.257028694529,0.968554743555,0.980019430019,0.787745537746,0.262419262419,0.34933019933,0.499684437184,0.957821270321,11.1697311697,1,0,0,False,False,False,False,False
g553_registry_000180,repair5g553_theta_553000180,cma_es_or_ranked_search_candidates_00181,cma_es_or_ranked_search_candidates,cma_es_or_ranked_search_candidates,repair5g553_fixed_global_staticflow_registry,True,True,False,False,0.941081355246,1.25,1.17973602974,1.25,0.75,0.75,1,0,0.95,1,0.80369045369,0.582036382036,0.538675738676,0.830864630865,1,11,1,0,0,False,False,False,False,False
g553_registry_000181,repair5g553_theta_553000181,negative_random_wide_control_00182,negative_random_wide_control,negative_random_wide_control,repair5g553_fixed_global_staticflow_registry,True,True,False,False,6.47701056451,1.06375456375,0.616346366346,1.5450957951,0.982140982141,1.432999433,0.497746997747,0.720630720631,0.91454951455,0.910748810749,1.28232278232,0.976412476412,0.628386228386,0.980771980772,0.779118779119,8.26972026972,0,0,1,False,False,False,False,False
g553_registry_000182,repair5g553_theta_553000182,tiny_local_perturbation_2pct_00183,tiny_local_perturbation_2pct,tiny_local_perturbation_2pct,repair5g553_fixed_global_staticflow_registry,True,True,False,False,0.300670808157,1.26608150858,1.26158089283,1.21574917575,0.73391975892,0.764967318717,1.01477364977,0,0.934678555679,1,0.980557535558,0,0.340754734755,0.771194233694,1,11.1147130647,1,0,0,False,False,False,False,False
g553_registry_000183,repair5g553_theta_553000183,small_local_perturbation_5pct_00184,small_local_perturbation_5pct,small_local_perturbation_5pct,repair5g553_fixed_global_staticflow_registry,True,True,False,False,1.05708116018,1.29499166374,1.26871354996,1.28518842269,0.714419167544,0.783570961696,1.05864383364,0,0.911644519145,0.970434557935,1.0456995332,0,0.333105093105,0.708176630052,0.982585207585,10.5897662773,1,0,0,False,False,False,False,False
g553_registry_000184,repair5g553_theta_553000184,medium_local_perturbation_10pct_00185,medium_local_perturbation_10pct,medium_local_perturbation_10pct,repair5g553_fixed_global_staticflow_registry,True,True,False,False,1.72744783369,1.37652820153,1.16612019737,1.08400494025,0.820027101277,0.607646238896,1.03855918856,0.0822298009798,1,0.962747612748,1.03210588211,0,0.285533295533,0.709925678676,0.918307593308,11.5043403293,1,0,0,False,False,False,False,False
g553_registry_000185,repair5g553_theta_553000185,coordinate_sweep_each_field_00186,coordinate_sweep_each_field,coordinate_sweep_each_field,repair5g553_fixed_global_staticflow_registry,True,True,False,False,0.5,1.25,1.25,1.25,0.75,0.75,1,0.625,0.95,1,1,0,0.35,0.75,1,11,1,0,0,False,False,False,False,False
g553_registry_000186,repair5g553_theta_553000186,lambda_flow_lambda_cong_grid_00187,lambda_flow_lambda_cong_grid,lambda_flow_lambda_cong_grid,repair5g553_fixed_global_staticflow_registry,True,True,False,False,0.937395437396,1.25,1.25,1.25,0.75,0.75,1,0.439617939618,0.95,1,0.721132221132,0.46024996025,0.35,0.75,1,11,1,0,0,False,False,False,False,False
g553_registry_000187,repair5g553_theta_553000187,flow_shield_beta_cap_grid_00188,flow_shield_beta_cap_grid,flow_shield_beta_cap_grid,repair5g553_fixed_global_staticflow_registry,True,True,False,False,0.510295472796,1.25,1.25,1.25,0.75,0.75,1,0,0.95,1,1,0,0.0485744485744,0.916891916892,1,11,1,0,0,False,False,False,False,False
g553_registry_000188,repair5g553_theta_553000188,alpha_flow_wait_progress_grid_00189,alpha_flow_wait_progress_grid,alpha_flow_wait_progress_grid,repair5g553_fixed_global_staticflow_registry,True,True,False,False,1.25133425133,1.25,1.25,1.25,0.75,0.75,1,0.636309386309,0.95,1,1,1.11343011343,0.35,0.75,1,11,1,0,0,False,False,False,False,False
g553_registry_000189,repair5g553_theta_553000189,alpha_cong_commit_nonprogress_grid_00190,alpha_cong_commit_nonprogress_grid,alpha_cong_commit_nonprogress_grid,repair5g553_fixed_global_staticflow_registry,True,True,False,False,0.382239482241,0.813882813883,1.36436836437,1.25,0.75,0.75,1,0,0.95,1,1,0,0.35,0.75,1,11,1,0,0,False,False,False,False,False
g553_registry_000190,repair5g553_theta_553000190,edge_cost_clamp_grid_00191,edge_cost_clamp_grid,edge_cost_clamp_grid,repair5g553_fixed_global_staticflow_registry,True,True,False,False,0.315341065352,1.25,1.25,1.25,0.75,0.75,1,0,0.95,1,1,0,0.35,0.75,0.881235881236,11.627955628,1,0,0,False,False,False,False,False
g553_registry_000191,repair5g553_theta_553000191,rho_decay_grid_00192,rho_decay_grid,rho_decay_grid,repair5g553_fixed_global_staticflow_registry,True,True,False,False,0.87522837523,1.25,1.25,1.25,0.75,0.75,1,0,0.982611082611,0.945088245088,1,0,0.35,0.75,1,11,1,0,0,False,False,False,False,False
g553_registry_000192,repair5g553_theta_553000192,sobol_local_global_static_00193,sobol_local_global_static,sobol_local_global_static,repair5g553_fixed_global_staticflow_registry,True,True,False,False,2.28500245166,1.18042030542,1.21427840178,1.35606979357,1.05524811775,0.33571989822,0.844975219975,0.291767791768,0.967121392121,0.976679126679,1.19727394727,0.35101985102,0.172206422206,0.522413209913,0.933397120897,10.9883669884,1,0,0,False,False,False,False,False
g553_registry_000193,repair5g553_theta_553000193,cma_es_or_ranked_search_candidates_00194,cma_es_or_ranked_search_candidates,cma_es_or_ranked_search_candidates,repair5g553_fixed_global_staticflow_registry,True,True,False,False,0.802460595792,1.25,1.01911596912,1.25,0.75,0.75,1,0,0.95,1,1.20903765904,0.367171467171,0.298928548929,0.624880724881,1,11,1,0,0,False,False,False,False,False
g553_registry_000194,repair5g553_theta_553000194,negative_random_wide_control_00195,negative_random_wide_control,negative_random_wide_control,repair5g553_fixed_global_staticflow_registry,True,True,False,False,4.63726784977,0.0275865275865,0.884872884873,1.75568050568,0.524156774157,1.64291739292,1.46414546415,0.491834241834,0.924762424762,0.967179067179,1.11672861673,0.853829353829,0.122756922757,0.734454234454,0.803911553912,11.0919110919,1,0,0,False,False,False,False,False
g553_registry_000195,repair5g553_theta_553000195,tiny_local_perturbation_2pct_00196,tiny_local_perturbation_2pct,tiny_local_perturbation_2pct,repair5g553_fixed_global_staticflow_registry,True,True,False,False,0.346905238155,1.26283419283,1.25994643495,1.2218964594,0.725475200475,0.766856900607,1.02413665164,0,0.931865716866,1,0.985532635533,0.0112131787132,0.342911616912,0.728635628636,0.983045738046,11.0685841336,1,0,0,False,False,False,False,False
g553_registry_000196,repair5g553_theta_553000196,small_local_perturbation_5pct_00197,small_local_perturbation_5pct,small_local_perturbation_5pct,repair5g553_fixed_global_staticflow_registry,True,True,False,False,0.700134372007,1.23121000621,1.27976762352,1.31470788971,0.783547486672,0.719498322623,0.953905272655,0,0.919743870994,1,1.02297878548,0.0245106245106,0.339174759175,0.782682970183,0.973200673201,11.5381179256,1,0,0,False,False,False,False,False
g553_registry_000197,repair5g553_theta_553000197,medium_local_perturbation_10pct_00198,medium_local_perturbation_10pct,medium_local_perturbation_10pct,repair5g553_fixed_global_staticflow_registry,True,True,False,False,2.23969662096,1.38523267273,1.21845403095,1.15832795208,0.854808104808,0.896614140364,0.941443128943,0.1085495773,1,0.917211017211,1.03883668884,0.120939420939,0.317696027696,0.651886683137,1,10.1512251262,1,0,0,False,False,False,False,False
g553_registry_000198,repair5g553_theta_553000198,coordinate_sweep_each_field_00199,coordinate_sweep_each_field,coordinate_sweep_each_field,repair5g553_fixed_global_staticflow_registry,True,True,False,False,0.321428571429,1.25,1.25,1.25,0.75,1.3125,1,0,0.95,1,1,0,0.35,0.75,1,11,1,0,0,False,False,False,False,False
g553_registry_000199,repair5g553_theta_553000199,lambda_flow_lambda_cong_grid_00200,lambda_flow_lambda_cong_grid,lambda_flow_lambda_cong_grid,repair5g553_fixed_global_staticflow_registry,True,True,False,False,1.26212476213,1.25,1.25,1.25,0.75,0.75,1,0.881492131492,0.95,1,0.944649444649,0.752370752371,0.35,0.75,1,11,1,0,0,False,False,False,False,False
g553_registry_000200,repair5g553_theta_553000200,flow_shield_beta_cap_grid_00201,flow_shield_beta_cap_grid,flow_shield_beta_cap_grid,repair5g553_fixed_global_staticflow_registry,True,True,False,False,0.724838562341,1.25,1.25,1.25,0.75,0.75,1,0,0.95,1,1,0,0.608542208542,1.25207600208,1,11,1,0,0,False,False,False,False,False
g553_registry_000201,repair5g553_theta_553000201,alpha_flow_wait_progress_grid_00202,alpha_flow_wait_progress_grid,alpha_flow_wait_progress_grid,repair5g553_fixed_global_staticflow_registry,True,True,False,False,1.43276143276,1.25,1.25,1.25,0.75,0.75,1,0.671275671276,0.95,1,1,1.34361134361,0.35,0.75,1,11,1,0,0,False,False,False,False,False
g553_registry_000202,repair5g553_theta_553000202,alpha_cong_commit_nonprogress_grid_00203,alpha_cong_commit_nonprogress_grid,alpha_cong_commit_nonprogress_grid,repair5g553_fixed_global_staticflow_registry,True,True,False,False,1.35258025258,0.0889890889891,0.526783776784,1.25,0.75,0.75,1,0,0.95,1,1,0,0.35,0.75,1,11,1,0,0,False,False,False,False,False
g553_registry_000203,repair5g553_theta_553000203,edge_cost_clamp_grid_00204,edge_cost_clamp_grid,edge_cost_clamp_grid,repair5g553_fixed_global_staticflow_registry,True,True,False,False,0.441428691441,1.25,1.25,1.25,0.75,0.75,1,0,0.95,1,1,0,0.35,0.75,0.742588492588,10.6071466071,1,0,0,False,False,False,False,False
g553_registry_000204,repair5g553_theta_553000204,rho_decay_grid_00205,rho_decay_grid,rho_decay_grid,repair5g553_fixed_global_staticflow_registry,True,True,False,False,1.23858973859,1.25,1.25,1.25,0.75,0.75,1,0,0.997562097562,0.923703123703,1,0,0.35,0.75,1,11,1,0,0,False,False,False,False,False
g553_registry_000205,repair5g553_theta_553000205,sobol_local_global_static_00206,sobol_local_global_static,sobol_local_global_static,repair5g553_fixed_global_staticflow_registry,True,True,False,False,1.83559625225,0.894302519303,1.12301081051,0.823749011249,0.557277619778,0.697023509524,1.21978959479,0.0167681417681,0.968538443538,0.981972106972,1.18978493978,0.087265962266,0.421975071975,0.634365821866,0.985484485484,10.6261826262,1,0,0,False,False,False,False,False
g553_registry_000206,repair5g553_theta_553000206,cma_es_or_ranked_search_candidates_00207,cma_es_or_ranked_search_candidates,cma_es_or_ranked_search_candidates,repair5g553_fixed_global_staticflow_registry,True,True,False,False,0.430724828227,1.25,1.15971320971,1.25,0.75,0.75,1,0,0.95,1,0.967688617689,0.310901410901,0.397197397197,0.6751004251,1,11,1,0,0,False,False,False,False,False
g553_registry_000207,repair5g553_theta_553000207,negative_random_wide_control_00208,negative_random_wide_control,negative_random_wide_control,repair5g553_fixed_global_staticflow_registry,True,True,False,False,5.26912465662,1.39973839974,0.848401598402,1.21361046361,0.741849491849,1.58082208082,0.0600660600661,0.641424391424,0.911270911271,0.979258379258,1.31732481732,0.644183144183,0.511677311677,1.00871575872,0.457691707692,11.9302159302,0,1,0,False,False,False,False,False
g553_registry_000208,repair5g553_theta_553000208,tiny_local_perturbation_2pct_00209,tiny_local_perturbation_2pct,tiny_local_perturbation_2pct,repair5g553_fixed_global_staticflow_registry,True,True,False,False,0.438807923814,1.24084818335,1.27396651772,1.26140240765,0.726250551251,0.73139014889,1.01385144135,0.0118411805912,0.955593543844,0.980038010038,1.00841664342,0.0143707418707,0.336363462363,0.726403888904,0.981362496362,10.9025928126,1,0,0,False,False,False,False,False
g553_registry_000209,repair5g553_theta_553000209,small_local_perturbation_5pct_00210,small_local_perturbation_5pct,small_local_perturbation_5pct,repair5g553_fixed_global_staticflow_registry,True,True,False,False,0.717477623739,1.22807012807,1.30814919877,1.17653122966,0.719255781756,0.727879431004,1.06103648604,0,0.986947116322,1,1.0155956656,0.0552518427518,0.314246084246,0.77771463709,1,10.8093439593,1,0,0,False,False,False,False,False
g553_registry_000210,repair5g553_theta_553000210,medium_local_perturbation_10pct_00211,medium_local_perturbation_10pct,medium_local_perturbation_10pct,repair5g553_fixed_global_staticflow_registry,True,True,False,False,1.1151529589,1.11276921277,1.16812213687,1.19234339234,0.637014168264,0.603456865957,0.953661203661,0,1,1,0.967042642043,0,0.382477972478,0.78889035139,1,11.4621184371,1,0,0,False,False,False,False,False
g553_registry_000211,repair5g553_theta_553000211,coordinate_sweep_each_field_00212,coordinate_sweep_each_field,coordinate_sweep_each_field,repair5g553_fixed_global_staticflow_registry,True,True,False,False,0.571428571429,1.25,1.25,2.25,0.75,0.75,1,0,0.95,1,1,0,0.35,0.75,1,11,1,0,0,False,False,False,False,False
g553_registry_000212,repair5g553_theta_553000212,lambda_flow_lambda_cong_grid_00213,lambda_flow_lambda_cong_grid,lambda_flow_lambda_cong_grid,repair5g553_fixed_global_staticflow_registry,True,True,False,False,0.737282237283,1.25,1.25,1.25,0.75,0.75,1,0.383426633427,0.95,1,0.582051082051,0.018888018888,0.35,0.75,1,11,1,0,0,False,False,False,False,False
g553_registry_000213,repair5g553_theta_553000213,flow_shield_beta_cap_grid_00214,flow_shield_beta_cap_grid,flow_shield_beta_cap_grid,repair5g553_fixed_global_staticflow_registry,True,True,False,False,0.515223677723,1.25,1.25,1.25,0.75,0.75,1,0,0.95,1,1,0,0.219018619019,0.310628810629,1,11,1,0,0,False,False,False,False,False
g553_registry_000214,repair5g553_theta_553000214,alpha_flow_wait_progress_grid_00215,alpha_flow_wait_progress_grid,alpha_flow_wait_progress_grid,repair5g553_fixed_global_staticflow_registry,True,True,False,False,0.478048478049,1.25,1.25,1.25,0.75,0.75,1,0.401881651882,0.95,1,1,0.234814734815,0.35,0.75,1,11,1,0,0,False,False,False,False,False
g553_registry_000215,repair5g553_theta_553000215,alpha_cong_commit_nonprogress_grid_00216,alpha_cong_commit_nonprogress_grid,alpha_cong_commit_nonprogress_grid,repair5g553_fixed_global_staticflow_registry,True,True,False,False,0.633048733046,0.630155130155,1.52477352477,1.25,0.75,0.75,1,0,0.95,1,1,0,0.35,0.75,1,11,1,0,0,False,False,False,False,False
g553_registry_000216,repair5g553_theta_553000216,edge_cost_clamp_grid_00217,edge_cost_clamp_grid,edge_cost_clamp_grid,repair5g553_fixed_global_staticflow_registry,True,True,False,False,0.898849648842,1.25,1.25,1.25,0.75,0.75,1,0,0.95,1,1,0,0.35,0.75,0.494131244131,11.8974318974,1,0,0,False,False,False,False,False
g553_registry_000217,repair5g553_theta_553000217,rho_decay_grid_00218,rho_decay_grid,rho_decay_grid,repair5g553_fixed_global_staticflow_registry,True,True,False,False,0.6458071458,1.25,1.25,1.25,0.75,0.75,1,0,0.936427536428,0.948991748992,1,0,0.35,0.75,1,11,1,0,0,False,False,False,False,False
g553_registry_000218,repair5g553_theta_553000218,sobol_local_global_static_00219,sobol_local_global_static,sobol_local_global_static,repair5g553_fixed_global_staticflow_registry,True,True,False,False,1.50234558568,1.07514770015,1.37245480995,1.25631794382,0.854561667062,1.09426428176,1.08431770932,0.00538250538251,0.94368991869,0.997695122695,0.887461137461,0.342845967846,0.430356280356,0.856936044436,0.887033762034,10.2822182822,1,0,0,False,False,False,False,False
g553_registry_000219,repair5g553_theta_553000219,cma_es_or_ranked_search_candidates_00220,cma_es_or_ranked_search_candidates,cma_es_or_ranked_search_candidates,repair5g553_fixed_global_staticflow_registry,True,True,False,False,1.02495170161,1.25,1.07117502118,1.25,0.75,0.75,1,0,0.95,1,1.18108063108,0.511885811886,0.536242586243,0.591561691562,1,11,1,0,0,False,False,False,False,False
g553_registry_000220,repair5g553_theta_553000220,negative_random_wide_control_00221,negative_random_wide_control,negative_random_wide_control,repair5g553_fixed_global_staticflow_registry,True,True,False,False,4.74627215877,0.21082971083,1.15459065459,0.818047068047,1.15674365674,1.50484750485,1.10643710644,0.461725461725,0.900558900559,0.958148458148,0.898303398303,0.347736347736,0.310545110545,0.445138945139,0.801924801925,10.081982082,0,0,1,False,False,False,False,False
g553_registry_000221,repair5g553_theta_553000221,tiny_local_perturbation_2pct_00222,tiny_local_perturbation_2pct,tiny_local_perturbation_2pct,repair5g553_fixed_global_staticflow_registry,True,True,False,False,0.282167022175,1.22637083637,1.23038650539,1.23803224553,0.7611003486,0.732125018375,1.02715887716,0,0.963142973393,1,1.01016374016,0.0228866628867,0.35571044571,0.74245999871,1,10.8533481833,1,0,0,False,False,False,False,False
g553_registry_000222,repair5g553_theta_553000222,small_local_perturbation_5pct_00223,small_local_perturbation_5pct,small_local_perturbation_5pct,repair5g553_fixed_global_staticflow_registry,True,True,False,False,0.700800594551,1.19966654967,1.29445385695,1.27696192696,0.71192996193,0.801408182658,1.03119245619,0,0.91706518894,1,0.953737178737,0,0.376609336609,0.726633445383,0.96533976534,10.7525261525,1,0,0,False,False,False,False,False
g553_registry_000223,repair5g553_theta_553000223,medium_local_perturbation_10pct_00224,medium_local_perturbation_10pct,medium_local_perturbation_10pct,repair5g553_fixed_global_staticflow_registry,True,True,False,False,1.13748546875,1.17160564661,1.15624409374,1.30167777043,0.644194862945,0.671756284256,0.912326974827,0,1,1,0.918152268152,0,0.303380733381,0.699191199191,1,11.4484613735,1,0,0,False,False,False,False,False
g553_registry_000224,repair5g553_theta_553000224,coordinate_sweep_each_field_00225,coordinate_sweep_each_field,coordinate_sweep_each_field,repair5g553_fixed_global_staticflow_registry,True,True,False,False,0.833333333333,0,1.25,1.25,0.75,0.75,1,0,0.95,1,1,0,0.35,0.75,1,11,1,0,0,False,False,False,False,False
g553_registry_000225,repair5g553_theta_553000225,lambda_flow_lambda_cong_grid_00226,lambda_flow_lambda_cong_grid,lambda_flow_lambda_cong_grid,repair5g553_fixed_global_staticflow_registry,True,True,False,False,0.915171415174,1.25,1.25,1.25,0.75,0.75,1,0.00699250699251,0.95,1,1.17323767324,1.10450960451,0.35,0.75,1,11,1,0,0,False,False,False,False,False
g553_registry_000226,repair5g553_theta_553000226,flow_shield_beta_cap_grid_00227,flow_shield_beta_cap_grid,flow_shield_beta_cap_grid,repair5g553_fixed_global_staticflow_registry,True,True,False,False,0.53292957043,1.25,1.25,1.25,0.75,0.75,1,0,0.95,1,1,0,0.719721519722,0.661527911528,1,11,1,0,0,False,False,False,False,False
g553_registry_000227,repair5g553_theta_553000227,alpha_flow_wait_progress_grid_00228,alpha_flow_wait_progress_grid,alpha_flow_wait_progress_grid,repair5g553_fixed_global_staticflow_registry,True,True,False,False,1.50943650944,1.25,1.25,1.25,0.75,0.75,1,1.18849118849,0.95,1,1,0.837965337965,0.35,0.75,1,11,1,0,0,False,False,False,False,False
g553_registry_000228,repair5g553_theta_553000228,alpha_cong_commit_nonprogress_grid_00229,alpha_cong_commit_nonprogress_grid,alpha_cong_commit_nonprogress_grid,repair5g553_fixed_global_staticflow_registry,True,True,False,False,0.954660854661,0.200142200142,0.931555431555,1.25,0.75,0.75,1,0,0.95,1,1,0,0.35,0.75,1,11,1,0,0,False,False,False,False,False
g553_registry_000229,repair5g553_theta_553000229,edge_cost_clamp_grid_00230,edge_cost_clamp_grid,edge_cost_clamp_grid,repair5g553_fixed_global_staticflow_registry,True,True,False,False,0.728330478328,1.25,1.25,1.25,0.75,0.75,1,0,0.95,1,1,0,0.35,0.75,0.561734811735,11.5759075759,1,0,0,False,False,False,False,False
g553_registry_000230,repair5g553_theta_553000230,rho_decay_grid_00231,rho_decay_grid,rho_decay_grid,repair5g553_fixed_global_staticflow_registry,True,True,False,False,0.31947781948,1.25,1.25,1.25,0.75,0.75,1,0,0.938545438545,0.979506779507,1,0,0.35,0.75,1,11,1,0,0,False,False,False,False,False
g553_registry_000231,repair5g553_theta_553000231,sobol_local_global_static_00232,sobol_local_global_static,sobol_local_global_static,repair5g553_fixed_global_staticflow_registry,True,True,False,False,2.02456444124,0.962640712641,1.53057934308,1.05970787221,0.937095499595,0.931951619452,1.09751322251,0.285974348474,0.929612104612,0.9899000899,0.9274001774,0.226782601783,0.321104171104,0.967903655404,0.884926822427,10.7607487607,1,0,0,False,False,False,False,False
g553_registry_000232,repair5g553_theta_553000232,cma_es_or_ranked_search_candidates_00233,cma_es_or_ranked_search_candidates,cma_es_or_ranked_search_candidates,repair5g553_fixed_global_staticflow_registry,True,True,False,False,0.899458011123,1.25,1.51404236404,1.25,0.75,0.75,1,0,0.95,1,1.1941006441,0.214114364114,0.275966825967,1.07354887355,1,11,1,0,0,False,False,False,False,False
g553_registry_000233,repair5g553_theta_553000233,negative_random_wide_control_00234,negative_random_wide_control,negative_random_wide_control,repair5g553_fixed_global_staticflow_registry,True,True,False,False,4.77803749055,0.710483210483,0.947536697537,0.549946799947,0.453812953813,0.0495407995408,0.839358839359,0.036215036215,0.901561401561,0.960804560805,0.920771420771,1.40261540262,0.264275464275,0.297895047895,0.574637824638,10.6942186942,1,0,0,False,False,False,False,False
g553_registry_000234,repair5g553_theta_553000234,tiny_local_perturbation_2pct_00235,tiny_local_perturbation_2pct,tiny_local_perturbation_2pct,repair5g553_fixed_global_staticflow_registry,True,True,False,False,0.32106216233,1.27212609463,1.26158610534,1.23551452676,0.768265668266,0.718570817321,1.02367168867,0,0.957691202941,0.991237111237,1.01390574891,0,0.336504402504,0.756753400503,1,10.8412277662,1,0,0,False,False,False,False,False
g553_registry_000235,repair5g553_theta_553000235,small_local_perturbation_5pct_00236,small_local_perturbation_5pct,small_local_perturbation_5pct,repair5g553_fixed_global_staticflow_registry,True,True,False,False,1.19444949131,1.22937676063,1.26851756539,1.32428875554,0.787374037374,0.69926519614,0.965416959167,0.0579045579046,0.993431834682,0.963419125919,0.984791597292,0,0.386772026772,0.704940939316,0.979276204276,11.2807473682,1,0,0,False,False,False,False,False
g553_registry_000236,repair5g553_theta_553000236,medium_local_perturbation_10pct_00237,medium_local_perturbation_10pct,medium_local_perturbation_10pct,repair5g553_fixed_global_staticflow_registry,True,True,False,False,1.16711220461,1.35247185247,1.29120850996,1.16632804133,0.700345731596,0.86080976081,1.13596054846,0.0942181879682,1,1,0.952636627637,0,0.29973986974,0.667165510916,1,10.70998416,1,0,0,False,False,False,False,False
g553_registry_000237,repair5g553_theta_553000237,coordinate_sweep_each_field_00238,coordinate_sweep_each_field,coordinate_sweep_each_field,repair5g553_fixed_global_staticflow_registry,True,True,False,False,1,1.25,1.25,1.25,0.75,0.75,1,0,0.95,1,1,0,0.35,0.75,0.25,11,1,0,0,False,False,False,False,False
g553_registry_000238,repair5g553_theta_553000238,lambda_flow_lambda_cong_grid_00239,lambda_flow_lambda_cong_grid,lambda_flow_lambda_cong_grid,repair5g553_fixed_global_staticflow_registry,True,True,False,False,1.3541028541,1.25,1.25,1.25,0.75,0.75,1,0.367534117534,0.95,1,1.44094794095,0.928691428691,0.35,0.75,1,11,1,0,0,False,False,False,False,False
g553_registry_000239,repair5g553_theta_553000239,flow_shield_beta_cap_grid_00240,flow_shield_beta_cap_grid,flow_shield_beta_cap_grid,repair5g553_fixed_global_staticflow_registry,True,True,False,False,0.0674529049529,1.25,1.25,1.25,0.75,0.75,1,0,0.95,1,1,0,0.383153983154,0.782513032513,1,11,1,0,0,False,False,False,False,False
g553_registry_000240,repair5g553_theta_553000240,alpha_flow_wait_progress_grid_00241,alpha_flow_wait_progress_grid,alpha_flow_wait_progress_grid,repair5g553_fixed_global_staticflow_registry,True,True,False,False,0.20967020967,1.25,1.25,1.25,0.75,0.75,1,0.0559000559001,0.95,1,1,0.247425247425,0.35,0.75,1,11,1,0,0,False,False,False,False,False
g553_registry_000241,repair5g553_theta_553000241,alpha_cong_commit_nonprogress_grid_00242,alpha_cong_commit_nonprogress_grid,alpha_cong_commit_nonprogress_grid,repair5g553_fixed_global_staticflow_registry,True,True,False,False,0.54332764333,0.549353049353,1.34528709529,1.25,0.75,0.75,1,0,0.95,1,1,0,0.35,0.75,1,11,1,0,0,False,False,False,False,False
g553_registry_000242,repair5g553_theta_553000242,edge_cost_clamp_grid_00243,edge_cost_clamp_grid,edge_cost_clamp_grid,repair5g553_fixed_global_staticflow_registry,True,True,False,False,0.608526858528,1.25,1.25,1.25,0.75,0.75,1,0,0.95,1,1,0,0.35,0.75,0.55865980866,10.9197069197,1,0,0,False,False,False,False,False
g553_registry_000243,repair5g553_theta_553000243,rho_decay_grid_00244,rho_decay_grid,rho_decay_grid,repair5g553_fixed_global_staticflow_registry,True,True,False,False,1.1551986552,1.25,1.25,1.25,0.75,0.75,1,0,0.975727875728,0.910208010208,1,0,0.35,0.75,1,11,1,0,0,False,False,False,False,False
g553_registry_000244,repair5g553_theta_553000244,sobol_local_global_static_00245,sobol_local_global_static,sobol_local_global_static,repair5g553_fixed_global_staticflow_registry,True,True,False,False,2.09427376093,0.915154415154,1.21258027508,1.05752124502,0.509557572058,0.958841271341,0.789709164709,0.182257057257,0.938883663884,0.98073998074,1.24614099614,0.211165336165,0.354852204852,0.510250697751,0.835054397554,11.0998190998,1,0,0,False,False,False,False,False
g553_registry_000245,repair5g553_theta_553000245,cma_es_or_ranked_search_candidates_00246,cma_es_or_ranked_search_candidates,cma_es_or_ranked_search_candidates,repair5g553_fixed_global_staticflow_registry,True,True,False,False,0.558705441205,1.25,0.856907606908,1.25,0.75,0.75,1,0,0.95,1,0.948623598624,0.00562530562531,0.486787986788,0.72735007735,1,11,1,0,0,False,False,False,False,False
g553_registry_000246,repair5g553_theta_553000246,negative_random_wide_control_00247,negative_random_wide_control,negative_random_wide_control,repair5g553_fixed_global_staticflow_registry,True,True,False,False,5.39126527877,1.43597393597,0.784687784688,1.18181643182,0.573975573976,1.10595910596,1.47542847543,0.528965528966,0.987571887572,0.907557407557,0.781795281795,0.368433368433,0.481713281713,1.18496093496,0.556591306591,9.38428938429,0,1,0,False,False,False,False,False
g553_registry_000247,repair5g553_theta_553000247,tiny_local_perturbation_2pct_00248,tiny_local_perturbation_2pct,tiny_local_perturbation_2pct,repair5g553_fixed_global_staticflow_registry,True,True,False,False,0.444511424515,1.27935586936,1.24179692305,1.22861909112,0.773604661105,0.732077348327,0.983316120816,0.0232011419511,0.933748685249,0.992282957283,1.0142979843,0,0.341306867307,0.732935026685,0.981881796882,10.8212223212,1,0,0,False,False,False,False,False
g553_registry_000248,repair5g553_theta_553000248,small_local_perturbation_5pct_00249,small_local_perturbation_5pct,small_local_perturbation_5pct,repair5g553_fixed_global_staticflow_registry,True,True,False,False,1.15356441606,1.18482474732,1.23063043376,1.30754294504,0.784533784534,0.786023239148,1.0248970624,0,0.915621519997,0.959724922225,0.969855969856,0.0651258651259,0.320068130068,0.720539736165,1,11.4633889384,1,0,0,False,False,False,False,False
g553_registry_000249,repair5g553_theta_553000249,medium_local_perturbation_10pct_00250,medium_local_perturbation_10pct,medium_local_perturbation_10pct,repair5g553_fixed_global_staticflow_registry,True,True,False,False,1.08308568309,1.37186687187,1.32959139209,1.41871456246,0.681941931942,0.623282723283,1.06210726211,0,0.98079000579,1,1.02626157626,0,0.290393600394,0.790100758851,0.964670689671,11.7425700426,1,0,0,False,False,False,False,False
g553_registry_000250,repair5g553_theta_553000250,coordinate_sweep_each_field_00251,coordinate_sweep_each_field,coordinate_sweep_each_field,repair5g553_fixed_global_staticflow_registry,True,True,False,False,0.1875,1.25,1.25,1.25,0.75,0.75,1,0,0.95,1,1,0,0.2,0.75,1,11,1,0,0,False,False,False,False,False
g553_registry_000251,repair5g553_theta_553000251,lambda_flow_lambda_cong_grid_00252,lambda_flow_lambda_cong_grid,lambda_flow_lambda_cong_grid,repair5g553_fixed_global_staticflow_registry,True,True,False,False,1.25557675558,1.25,1.25,1.25,0.75,0.75,1,0.628069378069,0.95,1,1.49198599199,0.391702891703,0.35,0.75,1,11,1,0,0,False,False,False,False,False
g553_registry_000252,repair5g553_theta_553000252,flow_shield_beta_cap_grid_00253,flow_shield_beta_cap_grid,flow_shield_beta_cap_grid,repair5g553_fixed_global_staticflow_registry,True,True,False,False,0.136727099227,1.25,1.25,1.25,0.75,0.75,1,0,0.95,1,1,0,0.345692345692,0.914178164178,1,11,1,0,0,False,False,False,False,False
g553_registry_000253,repair5g553_theta_553000253,alpha_flow_wait_progress_grid_00254,alpha_flow_wait_progress_grid,alpha_flow_wait_progress_grid,repair5g553_fixed_global_staticflow_registry,True,True,False,False,0.861578861579,1.25,1.25,1.25,0.75,0.75,1,0.661280661281,0.95,1,1,0.498831498831,0.35,0.75,1,11,1,0,0,False,False,False,False,False
g553_registry_000254,repair5g553_theta_553000254,alpha_cong_commit_nonprogress_grid_00255,alpha_cong_commit_nonprogress_grid,alpha_cong_commit_nonprogress_grid,repair5g553_fixed_global_staticflow_registry,True,True,False,False,1.02684812685,0.106654606655,1.58077233077,1.25,0.75,0.75,1,0,0.95,1,1,0,0.35,0.75,1,11,1,0,0,False,False,False,False,False
g553_registry_000255,repair5g553_theta_553000255,edge_cost_clamp_grid_00256,edge_cost_clamp_grid,edge_cost_clamp_grid,repair5g553_fixed_global_staticflow_registry,True,True,False,False,0.687834937833,1.25,1.25,1.25,0.75,0.75,1,0,0.95,1,1,0,0.35,0.75,0.501018501019,10.9098949099,1,0,0,False,False,False,False,False
g553_registry_000256,repair5g553_theta_553000256,rho_decay_grid_00257,rho_decay_grid,rho_decay_grid,repair5g553_fixed_global_staticflow_registry,True,True,False,False,0.55085005085,1.25,1.25,1.25,0.75,0.75,1,0,0.936481736482,0.958433258433,1,0,0.35,0.75,1,11,1,0,0,False,False,False,False,False
g553_registry_000257,repair5g553_theta_553000257,sobol_local_global_static_00258,sobol_local_global_static,sobol_local_global_static,repair5g553_fixed_global_staticflow_registry,True,True,False,False,2.22204538871,1.42029054529,0.992362554863,1.57516563767,0.982916170416,0.677228364728,1.3113031863,0.305302492802,0.945408520409,0.975360650361,0.842846092846,0.344575094575,0.289467339467,0.759536572037,0.978593666094,10.0164420164,1,0,0,False,False,False,False,False
g553_registry_000258,repair5g553_theta_553000258,cma_es_or_ranked_search_candidates_00259,cma_es_or_ranked_search_candidates,cma_es_or_ranked_search_candidates,repair5g553_fixed_global_staticflow_registry,True,True,False,False,0.708487587654,1.25,1.22146797147,1.25,0.75,0.75,1,0,0.95,1,0.82118047118,0.632903832904,0.286045486045,0.743795743796,1,11,1,0,0,False,False,False,False,False
g553_registry_000259,repair5g553_theta_553000259,negative_random_wide_control_00260,negative_random_wide_control,negative_random_wide_control,repair5g553_fixed_global_staticflow_registry,True,True,False,False,6.37406696158,0.400096900097,0.97238047238,2.04372904373,1.14077864078,0.597445347445,0.150685650686,1.09527859528,0.955557155557,0.981918381918,0.639039139039,0.520161520162,0.761444761445,1.46175871176,0.510532260532,11.4364834365,0,0,1,False,False,False,False,False
g553_registry_000260,repair5g553_theta_553000260,tiny_local_perturbation_2pct_00261,tiny_local_perturbation_2pct,tiny_local_perturbation_2pct,repair5g553_fixed_global_staticflow_registry,True,True,False,False,0.424851248604,1.26052195552,1.24234129234,1.2206034881,0.765211608962,0.775769440769,0.977513477513,0.0164436164436,0.935537005037,0.985303735304,0.994467964468,0.00873615123615,0.341955827956,0.736068004818,1,11.0628860179,1,0,0,False,False,False,False,False
g553_registry_000261,repair5g553_theta_553000261,small_local_perturbation_5pct_00262,small_local_perturbation_5pct,small_local_perturbation_5pct,repair5g553_fixed_global_staticflow_registry,True,True,False,False,0.78341850529,1.31141870517,1.27186322499,1.31423794861,0.7196246415,0.694722104097,0.966770841771,0,0.991287029412,1,1.0205044205,0,0.366392886393,0.790722603223,0.966406678907,10.6840028215,1,0,0,False,False,False,False,False
g553_registry_000262,repair5g553_theta_553000262,medium_local_perturbation_10pct_00263,medium_local_perturbation_10pct,medium_local_perturbation_10pct,repair5g553_fixed_global_staticflow_registry,True,True,False,False,2.16564225938,1.12945624196,1.13455885331,1.17110095235,0.870176276426,0.662430568681,1.13151780652,0,0.9,0.919419094419,1.07578180078,0.109005184005,0.399594429594,0.703725891226,1,10.3571634822,1,0,0,False,False,False,False,False
g553_registry_000263,repair5g553_theta_553000263,lambda_flow_lambda_cong_grid_00265,lambda_flow_lambda_cong_grid,lambda_flow_lambda_cong_grid,repair5g553_fixed_global_staticflow_registry,True,True,False,False,1.59445209445,1.25,1.25,1.25,0.75,0.75,1,0.362614112614,0.95,1,0.610981110981,1.37301287301,0.35,0.75,1,11,1,0,0,False,False,False,False,False
g553_registry_000264,repair5g553_theta_553000264,flow_shield_beta_cap_grid_00266,flow_shield_beta_cap_grid,flow_shield_beta_cap_grid,repair5g553_fixed_global_staticflow_registry,True,True,False,False,0.390200552701,1.25,1.25,1.25,0.75,0.75,1,0,0.95,1,1,0,0.31746031746,0.313092563093,1,11,1,0,0,False,False,False,False,False
g553_registry_000265,repair5g553_theta_553000265,alpha_flow_wait_progress_grid_00267,alpha_flow_wait_progress_grid,alpha_flow_wait_progress_grid,repair5g553_fixed_global_staticflow_registry,True,True,False,False,0.546286546287,1.25,1.25,1.25,0.75,0.75,1,0.492849242849,0.95,1,1,0.228010728011,0.35,0.75,1,11,1,0,0,False,False,False,False,False
g553_registry_000266,repair5g553_theta_553000266,alpha_cong_commit_nonprogress_grid_00268,alpha_cong_commit_nonprogress_grid,alpha_cong_commit_nonprogress_grid,repair5g553_fixed_global_staticflow_registry,True,True,False,False,0.473853373854,0.904721404721,0.945415445415,1.25,0.75,0.75,1,0,0.95,1,1,0,0.35,0.75,1,11,1,0,0,False,False,False,False,False
g553_registry_000267,repair5g553_theta_553000267,edge_cost_clamp_grid_00269,edge_cost_clamp_grid,edge_cost_clamp_grid,repair5g553_fixed_global_staticflow_registry,True,True,False,False,0.988376238375,1.25,1.25,1.25,0.75,0.75,1,0,0.95,1,1,0,0.35,0.75,0.6822996823,8.7408967409,1,0,0,False,False,False,False,False
g553_registry_000268,repair5g553_theta_553000268,rho_decay_grid_00270,rho_decay_grid,rho_decay_grid,repair5g553_fixed_global_staticflow_registry,True,True,False,False,0.86777936778,1.25,1.25,1.25,0.75,0.75,1,0,0.999293099293,0.962515162515,1,0,0.35,0.75,1,11,1,0,0,False,False,False,False,False
g553_registry_000269,repair5g553_theta_553000269,sobol_local_global_static_00271,sobol_local_global_static,sobol_local_global_static,repair5g553_fixed_global_staticflow_registry,True,True,False,False,1.57632890965,1.22115409615,1.39604045854,1.26081282331,0.81640975391,1.07690601441,0.684888309888,0.0168647043647,0.953183328183,0.982093182093,0.868014618015,0.0949294699295,0.332634582635,0.948822386322,0.826381388881,10.3913583914,1,0,0,False,False,False,False,False
g553_registry_000270,repair5g553_theta_553000270,cma_es_or_ranked_search_candidates_00272,cma_es_or_ranked_search_candidates,cma_es_or_ranked_search_candidates,repair5g553_fixed_global_staticflow_registry,True,True,False,False,0.685813267478,1.25,1.30631155631,1.25,0.75,0.75,1,0,0.95,1,0.89463974464,0.439134239134,0.393791343791,0.515114465114,1,11,1,0,0,False,False,False,False,False
g553_registry_000271,repair5g553_theta_553000271,negative_random_wide_control_00273,negative_random_wide_control,negative_random_wide_control,repair5g553_fixed_global_staticflow_registry,True,True,False,False,5.24545075794,0.465813465813,1.0116967617,1.97986797987,0.330749080749,0.322154322154,1.04625404625,0.256522756523,0.988591988592,0.997971997972,1.04942054942,0.97836997837,0.164970564971,1.40993365993,0.318032568033,8.90951690952,1,0,0,False,False,False,False,False
g553_registry_000272,repair5g553_theta_553000272,tiny_local_perturbation_2pct_00274,tiny_local_perturbation_2pct,tiny_local_perturbation_2pct,repair5g553_fixed_global_staticflow_registry,True,True,False,False,0.412863209128,1.22947178947,1.27033792034,1.26114849115,0.731911538162,0.773218200718,1.02162310662,0,0.956221256971,0.982488217488,1.01940584941,0,0.344752406752,0.771849415599,0.984517749518,11.1318593869,1,0,0,False,False,False,False,False
g553_registry_000273,repair5g553_theta_553000273,small_local_perturbation_5pct_00275,small_local_perturbation_5pct,small_local_perturbation_5pct,repair5g553_fixed_global_staticflow_registry,True,True,False,False,0.741866438737,1.19743089118,1.30525794588,1.21294421607,0.725714178839,0.78069540257,1.02245704746,0,0.927748495873,0.982299307299,0.967786642787,0,0.317814467814,0.792086901462,1,11.3354490479,1,0,0,False,False,False,False,False
g553_registry_000274,repair5g553_theta_553000274,medium_local_perturbation_10pct_00276,medium_local_perturbation_10pct,medium_local_perturbation_10pct,repair5g553_fixed_global_staticflow_registry,True,True,False,False,1.35844902094,1.11457753958,1.35801670177,1.10730577606,0.643526799777,0.817136673387,0.961194661195,0,1,1,0.907109407109,0,0.283993213993,0.659552909553,0.966392841393,11.6329422829,1,0,0,False,False,False,False,False
g553_registry_000275,repair5g553_theta_553000275,coordinate_sweep_each_field_00277,coordinate_sweep_each_field,coordinate_sweep_each_field,repair5g553_fixed_global_staticflow_registry,True,True,False,False,0.25,1.25,1.25,1.25,0.75,0.75,1,0,0.975,1,1,0,0.35,0.75,1,11,1,0,0,False,False,False,False,False
g553_registry_000276,repair5g553_theta_553000276,lambda_flow_lambda_cong_grid_00278,lambda_flow_lambda_cong_grid,lambda_flow_lambda_cong_grid,repair5g553_fixed_global_staticflow_registry,True,True,False,False,0.925074425075,1.25,1.25,1.25,0.75,0.75,1,0.573985573986,0.95,1,1.35683985684,0.163569163569,0.35,0.75,1,11,1,0,0,False,False,False,False,False
g553_registry_000277,repair5g553_theta_553000277,flow_shield_beta_cap_grid_00279,flow_shield_beta_cap_grid,flow_shield_beta_cap_grid,repair5g553_fixed_global_staticflow_registry,True,True,False,False,0.409706572207,1.25,1.25,1.25,0.75,0.75,1,0,0.95,1,1,0,0.236277036277,0.415558915559,1,11,1,0,0,False,False,False,False,False
g553_registry_000278,repair5g553_theta_553000278,alpha_flow_wait_progress_grid_00280,alpha_flow_wait_progress_grid,alpha_flow_wait_progress_grid,repair5g553_fixed_global_staticflow_registry,True,True,False,False,1.01907201907,1.25,1.25,1.25,0.75,0.75,1,1.23610748611,0.95,1,1,0.045279045279,0.35,0.75,1,11,1,0,0,False,False,False,False,False
g553_registry_000279,repair5g553_theta_553000279,alpha_cong_commit_nonprogress_grid_00281,alpha_cong_commit_nonprogress_grid,alpha_cong_commit_nonprogress_grid,repair5g553_fixed_global_staticflow_registry,True,True,False,False,0.752447652448,0.952142452142,0.557655057655,1.25,0.75,0.75,1,0,0.95,1,1,0,0.35,0.75,1,11,1,0,0,False,False,False,False,False
g553_registry_000280,repair5g553_theta_553000280,edge_cost_clamp_grid_00282,edge_cost_clamp_grid,edge_cost_clamp_grid,repair5g553_fixed_global_staticflow_registry,True,True,False,False,1.00302625303,1.25,1.25,1.25,0.75,0.75,1,0,0.95,1,1,0,0.35,0.75,0.660779160779,8.79707279707,1,0,0,False,False,False,False,False
g553_registry_000281,repair5g553_theta_553000281,rho_decay_grid_00283,rho_decay_grid,rho_decay_grid,repair5g553_fixed_global_staticflow_registry,True,True,False,False,1.07507257507,1.25,1.25,1.25,0.75,0.75,1,0,0.982932182932,0.925424925425,1,0,0.35,0.75,1,11,1,0,0,False,False,False,False,False
g553_registry_000282,repair5g553_theta_553000282,sobol_local_global_static_00284,sobol_local_global_static,sobol_local_global_static,repair5g553_fixed_global_staticflow_registry,True,True,False,False,1.60368185369,1.11718836719,1.20885464635,1.4960034335,0.823466635967,1.01365220115,1.1065034815,0.241828679329,0.932915457915,0.998867848868,0.919375669376,0.000894000894001,0.514952764953,0.590118277618,0.953084078084,10.1691361691,1,0,0,False,False,False,False,False
g553_registry_000283,repair5g553_theta_553000283,cma_es_or_ranked_search_candidates_00285,cma_es_or_ranked_search_candidates,cma_es_or_ranked_search_candidates,repair5g553_fixed_global_staticflow_registry,True,True,False,False,0.835747529913,1.25,1.33588588589,1.25,0.75,0.75,1,0,0.95,1,1.08601473601,0.416977266977,0.579290979291,0.895531895532,1,11,1,0,0,False,False,False,False,False
g553_registry_000284,repair5g553_theta_553000284,negative_random_wide_control_00286,negative_random_wide_control,negative_random_wide_control,repair5g553_fixed_global_staticflow_registry,True,True,False,False,4.43183891933,0.245680745681,1.48650973651,0.811579061579,1.04046854047,1.25818300818,0.764000264,0.465065465065,0.960034060034,0.933460633461,1.05921455921,0.164325164325,0.450598050598,0.613916613917,0.784833034833,9.74237774238,0,1,0,False,False,False,False,False
g553_registry_000285,repair5g553_theta_553000285,tiny_local_perturbation_2pct_00287,tiny_local_perturbation_2pct,tiny_local_perturbation_2pct,repair5g553_fixed_global_staticflow_registry,True,True,False,False,0.312802164039,1.27664358164,1.22526281901,1.28218967219,0.73013036138,0.775562616813,0.980499838,0,0.96370029145,1,0.980291135291,0.0130389205389,0.356143238143,0.731675831676,1,10.8975594826,1,0,0,False,False,False,False,False
g553_registry_000286,repair5g553_theta_553000286,small_local_perturbation_5pct_00288,small_local_perturbation_5pct,small_local_perturbation_5pct,repair5g553_fixed_global_staticflow_registry,True,True,False,False,0.8303909804,1.29595100845,1.29938365876,1.19197720448,0.806687775438,0.704835123585,1.05614520615,0,0.911452357702,1,0.985205447705,0,0.314997914998,0.7830503768,0.982322932323,11.4978879979,1,0,0,False,False,False,False,False
g553_registry_000287,repair5g553_theta_553000287,medium_local_perturbation_10pct_00289,medium_local_perturbation_10pct,medium_local_perturbation_10pct,repair5g553_fixed_global_staticflow_registry,True,True,False,False,1.1653394841,1.14971199971,1.30697530698,1.3524021399,0.795995483495,0.911600936601,1.04038146538,0.109334078084,0.90091019716,1,1.05328650329,0,0.388836358836,0.825283106533,1,10.6083976834,1,0,0,False,False,False,False,False
g553_registry_000288,repair5g553_theta_553000288,coordinate_sweep_each_field_00290,coordinate_sweep_each_field,coordinate_sweep_each_field,repair5g553_fixed_global_staticflow_registry,True,True,False,False,0.333333333333,1.25,1.25,1.25,0.75,0.75,1.5,0,0.95,1,1,0,0.35,0.75,1,11,1,0,0,False,False,False,False,False
g553_registry_000289,repair5g553_theta_553000289,lambda_flow_lambda_cong_grid_00291,lambda_flow_lambda_cong_grid,lambda_flow_lambda_cong_grid,repair5g553_fixed_global_staticflow_registry,True,True,False,False,1.72719022719,1.25,1.25,1.25,0.75,0.75,1,0.769573269573,0.95,1,0.835942335942,1.42121092121,0.35,0.75,1,11,1,0,0,False,False,False,False,False
g553_registry_000290,repair5g553_theta_553000290,flow_shield_beta_cap_grid_00292,flow_shield_beta_cap_grid,flow_shield_beta_cap_grid,repair5g553_fixed_global_staticflow_registry,True,True,False,False,0.515958678458,1.25,1.25,1.25,0.75,0.75,1,0,0.95,1,1,0,0.013072013072,0.631501631502,1,11,1,0,0,False,False,False,False,False
g553_registry_000291,repair5g553_theta_553000291,alpha_flow_wait_progress_grid_00293,alpha_flow_wait_progress_grid,alpha_flow_wait_progress_grid,repair5g553_fixed_global_staticflow_registry,True,True,False,False,0.282894282894,1.25,1.25,1.25,0.75,0.75,1,0.03236003236,0.95,1,1,0.385509385509,0.35,0.75,1,11,1,0,0,False,False,False,False,False
g553_registry_000292,repair5g553_theta_553000292,alpha_cong_commit_nonprogress_grid_00294,alpha_cong_commit_nonprogress_grid,alpha_cong_commit_nonprogress_grid,repair5g553_fixed_global_staticflow_registry,True,True,False,False,1.3230992231,0.110470610471,0.545733795734,1.25,0.75,0.75,1,0,0.95,1,1,0,0.35,0.75,1,11,1,0,0,False,False,False,False,False
g553_registry_000293,repair5g553_theta_553000293,edge_cost_clamp_grid_00295,edge_cost_clamp_grid,edge_cost_clamp_grid,repair5g553_fixed_global_staticflow_registry,True,True,False,False,1.2083974584,1.25,1.25,1.25,0.75,0.75,1,0,0.95,1,1,0,0.35,0.75,0.636698886699,8.10401610402,1,0,0,False,False,False,False,False
g553_registry_000294,repair5g553_theta_553000294,rho_decay_grid_00296,rho_decay_grid,rho_decay_grid,repair5g553_fixed_global_staticflow_registry,True,True,False,False,0.84913334913,1.25,1.25,1.25,0.75,0.75,1,0,0.948316948317,0.91676971677,1,0,0.35,0.75,1,11,1,0,0,False,False,False,False,False
g553_registry_000295,repair5g553_theta_553000295,sobol_local_global_static_00297,sobol_local_global_static,sobol_local_global_static,repair5g553_fixed_global_staticflow_registry,True,True,False,False,1.66156907823,0.927979427979,0.967736905237,1.41787548038,0.739845927346,0.495592183092,1.14755102255,0.185205497705,0.959362484362,0.992983842984,1.014996265,0.0543139293139,0.190341640342,1.01968433218,0.995158182658,11.3534013534,1,0,0,False,False,False,False,False
g553_registry_000296,repair5g553_theta_553000296,cma_es_or_ranked_search_candidates_00298,cma_es_or_ranked_search_candidates,cma_es_or_ranked_search_candidates,repair5g553_fixed_global_staticflow_registry,True,True,False,False,1.07337650004,1.25,0.861947611948,1.25,0.75,0.75,1,0,0.95,1,1.2568049068,0.293924343924,0.465417915418,0.957384657385,1,11,1,0,0,False,False,False,False,False
g553_registry_000297,repair5g553_theta_553000297,negative_random_wide_control_00299,negative_random_wide_control,negative_random_wide_control,repair5g553_fixed_global_staticflow_registry,True,True,False,False,6.32166670916,0.134914634915,0.994421744422,2.05269080269,0.432671682672,0.132102382102,0.807252807253,0.977892227892,0.952124752125,0.915750815751,0.745524245524,1.03039153039,0.691974291974,0.911506911507,0.707704457704,11.5833235833,0,0,1,False,False,False,False,False
g553_registry_000298,repair5g553_theta_553000298,tiny_local_perturbation_2pct_00300,tiny_local_perturbation_2pct,tiny_local_perturbation_2pct,repair5g553_fixed_global_staticflow_registry,True,True,False,False,0.297432192436,1.23585162585,1.25931960307,1.2170459008,0.771052427302,0.772497427497,1.01752182502,0.00723182598183,0.963945092445,1,0.985513630514,0.00998568998569,0.355445413445,0.766944560695,1,10.8656311256,1,0,0,False,False,False,False,False
g553_registry_000299,repair5g553_theta_553000299,small_local_perturbation_5pct_00301,small_local_perturbation_5pct,small_local_perturbation_5pct,repair5g553_fixed_global_staticflow_registry,True,True,False,False,0.788269775773,1.29246710497,1.20741809804,1.31834857147,0.805092523843,0.810962995338,0.957768245268,0,0.909563518314,1,1.03100874351,0,0.366963036963,0.769960848086,0.982633995134,11.3362851863,1,0,0,False,False,False,False,False
g553_registry_000300,repair5g553_theta_553000300,medium_local_perturbation_10pct_00302,medium_local_perturbation_10pct,medium_local_perturbation_10pct,repair5g553_fixed_global_staticflow_registry,True,True,False,False,1.22406032407,1.31402898903,1.16697172947,1.15542994918,0.81323959449,0.918603918604,1.12645710146,0,0.918318299568,1,1.07769302769,0.0949988074988,0.287130857131,0.806280525031,1,11.9928670429,1,0,0,False,False,False,False,False
g553_registry_000301,repair5g553_theta_553000301,coordinate_sweep_each_field_00303,coordinate_sweep_each_field,coordinate_sweep_each_field,repair5g553_fixed_global_staticflow_registry,True,True,False,False,0.6,1.25,1.25,1.25,0,0.75,1,0,0.95,1,1,0,0.35,0.75,1,11,1,0,0,False,False,False,False,False
g553_registry_000302,repair5g553_theta_553000302,lambda_flow_lambda_cong_grid_00304,lambda_flow_lambda_cong_grid,lambda_flow_lambda_cong_grid,repair5g553_fixed_global_staticflow_registry,True,True,False,False,0.826557326558,1.25,1.25,1.25,0.75,0.75,1,0.578464328464,0.95,1,0.813755313755,0.266311766312,0.35,0.75,1,11,1,0,0,False,False,False,False,False
g553_registry_000303,repair5g553_theta_553000303,flow_shield_beta_cap_grid_00305,flow_shield_beta_cap_grid,flow_shield_beta_cap_grid,repair5g553_fixed_global_staticflow_registry,True,True,False,False,0.479274641774,1.25,1.25,1.25,0.75,0.75,1,0,0.95,1,1,0,0.110681710682,0.524841524842,1,11,1,0,0,False,False,False,False,False
g553_registry_000304,repair5g553_theta_553000304,alpha_flow_wait_progress_grid_00306,alpha_flow_wait_progress_grid,alpha_flow_wait_progress_grid,repair5g553_fixed_global_staticflow_registry,True,True,False,False,1.32742432742,1.25,1.25,1.25,0.75,0.75,1,1.19346494346,0.95,1,1,0.558978558979,0.35,0.75,1,11,1,0,0,False,False,False,False,False
g553_registry_000305,repair5g553_theta_553000305,alpha_cong_commit_nonprogress_grid_00307,alpha_cong_commit_nonprogress_grid,alpha_cong_commit_nonprogress_grid,repair5g553_fixed_global_staticflow_registry,True,True,False,False,0.116702216701,1.09187959188,1.26411076411,1.25,0.75,0.75,1,0,0.95,1,1,0,0.35,0.75,1,11,1,0,0,False,False,False,False,False
g553_registry_000306,repair5g553_theta_553000306,edge_cost_clamp_grid_00308,edge_cost_clamp_grid,edge_cost_clamp_grid,repair5g553_fixed_global_staticflow_registry,True,True,False,False,0.703529953518,1.25,1.25,1.25,0.75,0.75,1,0,0.95,1,1,0,0.35,0.75,0.521674271674,10.736950737,1,0,0,False,False,False,False,False
g553_registry_000307,repair5g553_theta_553000307,rho_decay_grid_00309,rho_decay_grid,rho_decay_grid,repair5g553_fixed_global_staticflow_registry,True,True,False,False,0.50200100201,1.25,1.25,1.25,0.75,0.75,1,0,0.902488402488,0.997311497311,1,0,0.35,0.75,1,11,1,0,0,False,False,False,False,False
g553_registry_000308,repair5g553_theta_553000308,sobol_local_global_static_00310,sobol_local_global_static,sobol_local_global_static,repair5g553_fixed_global_staticflow_registry,True,True,False,False,2.27290368956,1.22317784818,1.51790683041,0.888883201383,0.923724236224,0.983951171451,0.77907040407,0.300115612616,0.926441401441,0.993777518778,0.812527562528,0.0642585642586,0.505434355434,0.586197648698,0.912768162768,11.8181338181,1,0,0,False,False,False,False,False
g553_registry_000309,repair5g553_theta_553000309,cma_es_or_ranked_search_candidates_00311,cma_es_or_ranked_search_candidates,cma_es_or_ranked_search_candidates,repair5g553_fixed_global_staticflow_registry,True,True,False,False,0.859988636653,1.25,1.23127778128,1.25,0.75,0.75,1,0,0.95,1,0.810919260919,0.409268609269,0.492178542179,1.0067015067,1,11,1,0,0,False,False,False,False,False
g553_registry_000310,repair5g553_theta_553000310,negative_random_wide_control_00312,negative_random_wide_control,negative_random_wide_control,repair5g553_fixed_global_staticflow_registry,True,True,False,False,5.12794321543,0.0352455352455,0.841835341835,1.27355152355,0.705928205928,1.10786135786,1.44802194802,0.643650643651,0.971712071712,0.945156045156,0.865006365006,0.810453810454,0.696923096923,0.630175380175,0.439609189609,11.8288318288,1,0,0,False,False,False,False,False
g553_registry_000311,repair5g553_theta_553000311,tiny_local_perturbation_2pct_00313,tiny_local_perturbation_2pct,tiny_local_perturbation_2pct,repair5g553_fixed_global_staticflow_registry,True,True,False,False,0.397097839595,1.2667035217,1.26277457527,1.21532531658,0.733416002166,0.774456361956,1.01282582283,0,0.939435124935,0.988359223359,0.993272448272,0,0.340831714832,0.765373496623,0.989131304131,10.7875969376,1,0,0,False,False,False,False,False
g553_registry_000312,repair5g553_theta_553000312,small_local_perturbation_5pct_00314,small_local_perturbation_5pct,small_local_perturbation_5pct,repair5g553_fixed_global_staticflow_registry,True,True,False,False,1.00470364533,1.31840985591,1.28518234768,1.19057689683,0.701213576214,0.724193402318,0.959574209574,0.0587075274575,0.937788129663,0.954319216819,1.01893436893,0.0431331618832,0.378685368685,0.721121549247,0.986027186027,10.7396136521,1,0,0,False,False,False,False,False
g553_registry_000313,repair5g553_theta_553000313,medium_local_perturbation_10pct_00315,medium_local_perturbation_10pct,medium_local_perturbation_10pct,repair5g553_fixed_global_staticflow_registry,True,True,False,False,1.24034744036,1.33703222453,1.15631365631,1.14289306789,0.818294693295,0.833513277263,1.06671132921,0.0624497499497,0.916103633604,1,0.954794154794,0,0.400495270495,0.64709005334,0.915812040812,10.1699435699,1,0,0,False,False,False,False,False
g553_registry_000314,repair5g553_theta_553000314,coordinate_sweep_each_field_00316,coordinate_sweep_each_field,coordinate_sweep_each_field,repair5g553_fixed_global_staticflow_registry,True,True,False,False,0.35,1.25,0.8125,1.25,0.75,0.75,1,0,0.95,1,1,0,0.35,0.75,1,11,1,0,0,False,False,False,False,False
g553_registry_000315,repair5g553_theta_553000315,lambda_flow_lambda_cong_grid_00317,lambda_flow_lambda_cong_grid,lambda_flow_lambda_cong_grid,repair5g553_fixed_global_staticflow_registry,True,True,False,False,1.78722228722,1.25,1.25,1.25,0.75,0.75,1,0.806804556805,0.95,1,0.590095090095,1.09781059781,0.35,0.75,1,11,1,0,0,False,False,False,False,False
g553_registry_000316,repair5g553_theta_553000316,flow_shield_beta_cap_grid_00318,flow_shield_beta_cap_grid,flow_shield_beta_cap_grid,repair5g553_fixed_global_staticflow_registry,True,True,False,False,0.16251112501,1.25,1.25,1.25,0.75,0.75,1,0,0.95,1,1,0,0.330646730647,0.922899422899,1,11,1,0,0,False,False,False,False,False
g553_registry_000317,repair5g553_theta_553000317,alpha_flow_wait_progress_grid_00319,alpha_flow_wait_progress_grid,alpha_flow_wait_progress_grid,repair5g553_fixed_global_staticflow_registry,True,True,False,False,0.594928594928,1.25,1.25,1.25,0.75,0.75,1,0.581913081913,0.95,1,1,0.194097194097,0.35,0.75,1,11,1,0,0,False,False,False,False,False
g553_registry_000318,repair5g553_theta_553000318,alpha_cong_commit_nonprogress_grid_00320,alpha_cong_commit_nonprogress_grid,alpha_cong_commit_nonprogress_grid,repair5g553_fixed_global_staticflow_registry,True,True,False,False,0.689625789626,0.427792927793,1.42685967686,1.25,0.75,0.75,1,0,0.95,1,1,0,0.35,0.75,1,11,1,0,0,False,False,False,False,False
g553_registry_000319,repair5g553_theta_553000319,edge_cost_clamp_grid_00321,edge_cost_clamp_grid,edge_cost_clamp_grid,repair5g553_fixed_global_staticflow_registry,True,True,False,False,1.24945349945,1.25,1.25,1.25,0.75,0.75,1,0,0.95,1,1,0,0.35,0.75,0.433360933361,9.02426102426,1,0,0,False,False,False,False,False
g553_registry_000320,repair5g553_theta_553000320,rho_decay_grid_00322,rho_decay_grid,rho_decay_grid,repair5g553_fixed_global_staticflow_registry,True,True,False,False,0.41364891365,1.25,1.25,1.25,0.75,0.75,1,0,0.956269256269,0.964904364904,1,0,0.35,0.75,1,11,1,0,0,False,False,False,False,False
g553_registry_000321,repair5g553_theta_553000321,sobol_local_global_static_00323,sobol_local_global_static,sobol_local_global_static,repair5g553_fixed_global_staticflow_registry,True,True,False,False,2.03361911694,1.44644182144,1.55506124256,1.25528894279,0.649347711848,0.875791438291,1.36504449004,0.247548372548,0.942071267071,0.993083193083,0.910258160258,0.267302517303,0.513135163135,0.870037932538,0.826564576565,11.4567474567,1,0,0,False,False,False,False,False
g553_registry_000322,repair5g553_theta_553000322,cma_es_or_ranked_search_candidates_00324,cma_es_or_ranked_search_candidates,cma_es_or_ranked_search_candidates,repair5g553_fixed_global_staticflow_registry,True,True,False,False,0.72178190095,1.25,1.3583979084,1.25,0.75,0.75,1,0,0.95,1,0.987874437874,0.352156202156,0.514855414855,0.977622427622,1,11,1,0,0,False,False,False,False,False
g553_registry_000323,repair5g553_theta_553000323,negative_random_wide_control_00325,negative_random_wide_control,negative_random_wide_control,repair5g553_fixed_global_staticflow_registry,True,True,False,False,4.51859253111,1.32287532288,0.605311355311,1.60780710781,0.440965440965,0.750432250432,0.160215160215,0.253842753843,0.935834435834,0.96584046584,0.791817291817,0.102667602668,0.248690648691,1.48373748374,0.758083508084,9.22667722668,0,1,0,False,False,False,False,False
g553_registry_000324,repair5g553_theta_553000324,tiny_local_perturbation_2pct_00326,tiny_local_perturbation_2pct,tiny_local_perturbation_2pct,repair5g553_fixed_global_staticflow_registry,True,True,False,False,0.305405789151,1.24171173421,1.24077810328,1.26462785338,0.759604528355,0.725656513157,0.972503735004,0,0.963838887089,1,0.992663717664,0.0271744021744,0.342671496671,0.772184234684,0.984183729184,10.8704753655,1,0,0,False,False,False,False,False
g553_registry_000325,repair5g553_theta_553000325,small_local_perturbation_5pct_00327,small_local_perturbation_5pct,small_local_perturbation_5pct,repair5g553_fixed_global_staticflow_registry,True,True,False,False,0.608508458503,1.19843427968,1.19075992513,1.20891011204,0.789520539521,0.783932687058,0.969465613216,0.0479152041652,0.965531304281,1,1.02926581677,0.0353777416277,0.310063450063,0.801866348741,1,11.3759462759,1,0,0,False,False,False,False,False
g553_registry_000326,repair5g553_theta_553000326,medium_local_perturbation_10pct_00328,medium_local_perturbation_10pct,medium_local_perturbation_10pct,repair5g553_fixed_global_staticflow_registry,True,True,False,False,1.26445887071,1.19221870472,1.32293757294,1.14625832126,0.873772998773,0.644795801046,0.852684140184,0.0547740547741,0.9,1,0.900516300516,0,0.384042474042,0.711117523618,1,10.464002739,1,0,0,False,False,False,False,False
g553_registry_000327,repair5g553_theta_553000327,coordinate_sweep_each_field_00329,coordinate_sweep_each_field,coordinate_sweep_each_field,repair5g553_fixed_global_staticflow_registry,True,True,False,False,0.5,1.25,1.25,1.25,0.75,0.75,1,0,0.95,1,1,0,0.35,0.75,1,9,1,0,0,False,False,False,False,False
g553_registry_000328,repair5g553_theta_553000328,lambda_flow_lambda_cong_grid_00330,lambda_flow_lambda_cong_grid,lambda_flow_lambda_cong_grid,repair5g553_fixed_global_staticflow_registry,True,True,False,False,1.64774514775,1.25,1.25,1.25,0.75,0.75,1,0.85562960563,0.95,1,0.882172382172,1.26812076812,0.35,0.75,1,11,1,0,0,False,False,False,False,False
g553_registry_000329,repair5g553_theta_553000329,flow_shield_beta_cap_grid_00331,flow_shield_beta_cap_grid,flow_shield_beta_cap_grid,repair5g553_fixed_global_staticflow_registry,True,True,False,False,0.916544954045,1.25,1.25,1.25,0.75,0.75,1,0,0.95,1,1,0,0.782839182839,0.28063003063,1,11,1,0,0,False,False,False,False,False
g553_registry_000330,repair5g553_theta_553000330,alpha_flow_wait_progress_grid_00332,alpha_flow_wait_progress_grid,alpha_flow_wait_progress_grid,repair5g553_fixed_global_staticflow_registry,True,True,False,False,0.695158695159,1.25,1.25,1.25,0.75,0.75,1,0.646576896577,0.95,1,1,0.266845766846,0.35,0.75,1,11,1,0,0,False,False,False,False,False
g553_registry_000331,repair5g553_theta_553000331,alpha_cong_commit_nonprogress_grid_00333,alpha_cong_commit_nonprogress_grid,alpha_cong_commit_nonprogress_grid,repair5g553_fixed_global_staticflow_registry,True,True,False,False,0.776480676478,0.195646695647,1.15802690803,1.25,0.75,0.75,1,0,0.95,1,1,0,0.35,0.75,1,11,1,0,0,False,False,False,False,False
g553_registry_000332,repair5g553_theta_553000332,edge_cost_clamp_grid_00334,edge_cost_clamp_grid,edge_cost_clamp_grid,repair5g553_fixed_global_staticflow_registry,True,True,False,False,1.16958341958,1.25,1.25,1.25,0.75,0.75,1,0,0.95,1,1,0,0.35,0.75,0.544447294447,8.75128075128,1,0,0,False,False,False,False,False
g553_registry_000333,repair5g553_theta_553000333,rho_decay_grid_00335,rho_decay_grid,rho_decay_grid,repair5g553_fixed_global_staticflow_registry,True,True,False,False,1.10621260621,1.25,1.25,1.25,0.75,0.75,1,0,0.983559183559,0.922937922938,1,0,0.35,0.75,1,11,1,0,0,False,False,False,False,False
g553_registry_000334,repair5g553_theta_553000334,sobol_local_global_static_00336,sobol_local_global_static,sobol_local_global_static,repair5g553_fixed_global_staticflow_registry,True,True,False,False,1.60315426982,1.18253343253,1.5019024394,1.65613034363,0.886351073851,0.398280710781,1.1985960736,0.220683658184,0.941584966585,0.998563323563,0.897806147806,0.0988193488193,0.414398664399,0.764192826693,0.926260676261,10.8047588048,1,0,0,False,False,False,False,False
g553_registry_000335,repair5g553_theta_553000335,cma_es_or_ranked_search_candidates_00337,cma_es_or_ranked_search_candidates,cma_es_or_ranked_search_candidates,repair5g553_fixed_global_staticflow_registry,True,True,False,False,0.808296149967,1.25,1.26342671343,1.25,0.75,0.75,1,0,0.95,1,1.28282933283,0.489366739367,0.488010638011,0.73004043004,1,11,1,0,0,False,False,False,False,False
g553_registry_000336,repair5g553_theta_553000336,negative_random_wide_control_00338,negative_random_wide_control,negative_random_wide_control,repair5g553_fixed_global_staticflow_registry,True,True,False,False,6.94527435777,0.450687450687,1.58053983054,2.22293622294,1.03169103169,0.49743974744,1.33787833788,1.05787480787,0.998984798985,0.917707817708,0.751875251875,0.739298239298,0.307061907062,1.2955010455,0.474087474087,9.37708537709,0,0,1,False,False,False,False,False
g553_registry_000337,repair5g553_theta_553000337,tiny_local_perturbation_2pct_00339,tiny_local_perturbation_2pct,tiny_local_perturbation_2pct,repair5g553_fixed_global_staticflow_registry,True,True,False,False,0.404955309948,1.2327001152,1.24366967492,1.23442882568,0.726305395055,0.775787107037,0.973049473049,0,0.957364008364,0.983372618373,1.01328905329,0,0.336565914566,0.729688104688,0.986853701854,11.0961132561,1,0,0,False,False,False,False,False
g553_registry_000338,repair5g553_theta_553000338,small_local_perturbation_5pct_00340,small_local_perturbation_5pct,small_local_perturbation_5pct,repair5g553_fixed_global_staticflow_registry,True,True,False,False,0.778052634317,1.28707784333,1.28401079964,1.20568759319,0.730218542719,0.818249018249,1.04156862282,0,0.937498284373,0.974243774244,0.951100813601,0,0.383277863278,0.711624008499,1,10.542038742,1,0,0,False,False,False,False,False
g553_registry_000339,repair5g553_theta_553000339,medium_local_perturbation_10pct_00341,medium_local_perturbation_10pct,medium_local_perturbation_10pct,repair5g553_fixed_global_staticflow_registry,True,True,False,False,1.17409276158,1.16477947728,1.15631000006,1.12557028182,0.874082561583,0.659393834394,0.855382117882,0,0.91652985153,1,0.962124287124,0.0396514521515,0.285867615868,0.810821498321,1,10.2162508663,1,0,0,False,False,False,False,False
g553_registry_000340,repair5g553_theta_553000340,coordinate_sweep_each_field_00342,coordinate_sweep_each_field,coordinate_sweep_each_field,repair5g553_fixed_global_staticflow_registry,True,True,False,False,0.1,1.25,1.25,1.25,0.75,0.75,1,0,0.95,1,1,0,0.35,0.875,1,11,1,0,0,False,False,False,False,False
g553_registry_000341,repair5g553_theta_553000341,lambda_flow_lambda_cong_grid_00343,lambda_flow_lambda_cong_grid,lambda_flow_lambda_cong_grid,repair5g553_fixed_global_staticflow_registry,True,True,False,False,1.17007967008,1.25,1.25,1.25,0.75,0.75,1,0.215753965754,0.95,1,1.21115971116,1.17947517948,0.35,0.75,1,11,1,0,0,False,False,False,False,False
g553_registry_000342,repair5g553_theta_553000342,flow_shield_beta_cap_grid_00344,flow_shield_beta_cap_grid,flow_shield_beta_cap_grid,repair5g553_fixed_global_staticflow_registry,True,True,False,False,0.419776582277,1.25,1.25,1.25,0.75,0.75,1,0,0.95,1,1,0,0.276967476967,0.339392589393,1,11,1,0,0,False,False,False,False,False
g553_registry_000343,repair5g553_theta_553000343,alpha_flow_wait_progress_grid_00345,alpha_flow_wait_progress_grid,alpha_flow_wait_progress_grid,repair5g553_fixed_global_staticflow_registry,True,True,False,False,1.41323541323,1.25,1.25,1.25,0.75,0.75,1,1.14787239787,0.95,1,1,0.742406242406,0.35,0.75,1,11,1,0,0,False,False,False,False,False
g553_registry_000344,repair5g553_theta_553000344,alpha_cong_commit_nonprogress_grid_00346,alpha_cong_commit_nonprogress_grid,alpha_cong_commit_nonprogress_grid,repair5g553_fixed_global_staticflow_registry,True,True,False,False,0.254628154628,1.23725973726,0.942331692332,1.25,0.75,0.75,1,0,0.95,1,1,0,0.35,0.75,1,11,1,0,0,False,False,False,False,False
g553_registry_000345,repair5g553_theta_553000345,edge_cost_clamp_grid_00347,edge_cost_clamp_grid,edge_cost_clamp_grid,repair5g553_fixed_global_staticflow_registry,True,True,False,False,1.35847560848,1.25,1.25,1.25,0.75,0.75,1,0,0.95,1,1,0,0.35,0.75,0.508392508393,8.188004188,1,0,0,False,False,False,False,False
g553_registry_000346,repair5g553_theta_553000346,rho_decay_grid_00348,rho_decay_grid,rho_decay_grid,repair5g553_fixed_global_staticflow_registry,True,True,False,False,1.19115969116,1.25,1.25,1.25,0.75,0.75,1,0,0.913510713511,0.917373317373,1,0,0.35,0.75,1,11,1,0,0,False,False,False,False,False
g553_registry_000347,repair5g553_theta_553000347,sobol_local_global_static_00349,sobol_local_global_static,sobol_local_global_static,repair5g553_fixed_global_staticflow_registry,True,True,False,False,2.09497434498,1.03178765679,1.12271206021,1.25286169036,1.02002558253,0.392888955389,1.28567491067,0.0890654015654,0.945027470027,0.997090547091,1.22945347945,0.21615959116,0.444612694613,0.439712502213,0.891224766225,10.1986461986,1,0,0,False,False,False,False,False
g553_registry_000348,repair5g553_theta_553000348,cma_es_or_ranked_search_candidates_00350,cma_es_or_ranked_search_candidates,cma_es_or_ranked_search_candidates,repair5g553_fixed_global_staticflow_registry,True,True,False,False,1.10023539774,1.25,1.15138460138,1.25,0.75,0.75,1,0,0.95,1,0.76989001989,0.486341586342,0.603531603532,0.937613587614,1,11,1,0,0,False,False,False,False,False
g553_registry_000349,repair5g553_theta_553000349,negative_random_wide_control_00351,negative_random_wide_control,negative_random_wide_control,repair5g553_fixed_global_staticflow_registry,True,True,False,False,5.24267883018,0.301258801259,1.2316044816,1.64642614643,0.310711560712,0.886307636308,0.427480927481,0.995215995216,0.962449362449,0.949617449617,1.24428474428,0.39226989227,0.590449390449,0.474515224515,0.311445311445,10.2454942455,1,0,0,False,False,False,False,False
g553_registry_000350,repair5g553_theta_553000350,tiny_local_perturbation_2pct_00352,tiny_local_perturbation_2pct,tiny_local_perturbation_2pct,repair5g553_fixed_global_staticflow_registry,True,True,False,False,0.283963405224,1.27820942571,1.25724052599,1.2251527489,0.757278851029,0.733077579328,0.991533016533,0,0.93382032007,1,0.992566772567,0,0.354544572545,0.759467053217,1,10.8338232188,1,0,0,False,False,False,False,False
g553_registry_000351,repair5g553_theta_553000351,small_local_perturbation_5pct_00353,small_local_perturbation_5pct,small_local_perturbation_5pct,repair5g553_fixed_global_staticflow_registry,True,True,False,False,0.840400496651,1.28916860167,1.20119454494,1.30181440181,0.790996634747,0.72704507392,1.03971647722,0,0.996523695899,1,1.04995961246,0,0.379011049011,0.809062512188,1,10.7018678019,1,0,0,False,False,False,False,False
g553_registry_000352,repair5g553_theta_553000352,medium_local_perturbation_10pct_00354,medium_local_perturbation_10pct,medium_local_perturbation_10pct,repair5g553_fixed_global_staticflow_registry,True,True,False,False,2.18103761228,1.29052591553,1.36735392985,1.41427975178,0.872524341274,0.612183687184,1.09997029997,0.0951741576742,0.90293006543,0.936867561868,1.08891243891,0.117659255159,0.400823290823,0.862382174882,0.936854661855,11.5588035838,1,0,0,False,False,False,False,False
g553_registry_000353,repair5g553_theta_553000353,coordinate_sweep_each_field_00355,coordinate_sweep_each_field,coordinate_sweep_each_field,repair5g553_fixed_global_staticflow_registry,True,True,False,False,0.75,1.25,1.25,1.25,0.75,0.75,1,0,0.95,1,1,1.125,0.35,0.75,1,11,1,0,0,False,False,False,False,False
g553_registry_000354,repair5g553_theta_553000354,lambda_flow_lambda_cong_grid_00356,lambda_flow_lambda_cong_grid,lambda_flow_lambda_cong_grid,repair5g553_fixed_global_staticflow_registry,True,True,False,False,0.587878087881,1.25,1.25,1.25,0.75,0.75,1,0.122555122555,0.95,1,1.34467684468,0.217735717736,0.35,0.75,1,11,1,0,0,False,False,False,False,False
g553_registry_000355,repair5g553_theta_553000355,flow_shield_beta_cap_grid_00357,flow_shield_beta_cap_grid,flow_shield_beta_cap_grid,repair5g553_fixed_global_staticflow_registry,True,True,False,False,0.14913018663,1.25,1.25,1.25,0.75,0.75,1,0,0.95,1,1,0,0.457437257437,0.731457981458,1,11,1,0,0,False,False,False,False,False
g553_registry_000356,repair5g553_theta_553000356,alpha_flow_wait_progress_grid_00358,alpha_flow_wait_progress_grid,alpha_flow_wait_progress_grid,repair5g553_fixed_global_staticflow_registry,True,True,False,False,1.29556129556,1.25,1.25,1.25,0.75,0.75,1,1.12220987221,0.95,1,1,0.59669009669,0.35,0.75,1,11,1,0,0,False,False,False,False,False
g553_registry_000357,repair5g553_theta_553000357,alpha_cong_commit_nonprogress_grid_00359,alpha_cong_commit_nonprogress_grid,alpha_cong_commit_nonprogress_grid,repair5g553_fixed_global_staticflow_registry,True,True,False,False,0.344809444807,0.76098976099,1.2735032735,1.25,0.75,0.75,1,0,0.95,1,1,0,0.35,0.75,1,11,1,0,0,False,False,False,False,False
g553_registry_000358,repair5g553_theta_553000358,edge_cost_clamp_grid_00360,edge_cost_clamp_grid,edge_cost_clamp_grid,repair5g553_fixed_global_staticflow_registry,True,True,False,False,0.274904524915,1.25,1.25,1.25,0.75,0.75,1,0,0.95,1,1,0,0.35,0.75,0.898851148851,10.4398424398,1,0,0,False,False,False,False,False
g553_registry_000359,repair5g553_theta_553000359,rho_decay_grid_00361,rho_decay_grid,rho_decay_grid,repair5g553_fixed_global_staticflow_registry,True,True,False,False,1.38552988552,1.25,1.25,1.25,0.75,0.75,1,0,0.908673508674,0.902773502774,1,0,0.35,0.75,1,11,1,0,0,False,False,False,False,False
g553_registry_000360,repair5g553_theta_553000360,sobol_local_global_static_00362,sobol_local_global_static,sobol_local_global_static,repair5g553_fixed_global_staticflow_registry,True,True,False,False,2.16625066623,0.960942585943,1.16224834975,1.32229125979,0.516185078685,0.358035045535,1.34469471969,0.0413394163394,0.937464512465,0.984751209751,1.14991339991,0.321802446802,0.332506182506,0.916249228749,0.873495685996,10.1107801108,1,0,0,False,False,False,False,False
g553_registry_000361,repair5g553_theta_553000361,cma_es_or_ranked_search_candidates_00363,cma_es_or_ranked_search_candidates,cma_es_or_ranked_search_candidates,repair5g553_fixed_global_staticflow_registry,True,True,False,False,1.0584298251,1.25,1.51432796433,1.25,0.75,0.75,1,0,0.95,1,0.78466983467,0.646655996656,0.332653382653,0.973562523563,1,11,1,0,0,False,False,False,False,False
g553_registry_000362,repair5g553_theta_553000362,negative_random_wide_control_00364,negative_random_wide_control,negative_random_wide_control,repair5g553_fixed_global_staticflow_registry,True,True,False,False,5.20540219289,0.167227667228,1.68947118947,1.04640829641,1.1686961687,0.763196763197,0.686694686695,0.415305415305,0.945842045842,0.946596646597,0.513773013773,0.571476571477,0.519510919511,0.352281352281,0.520371520372,11.0785350785,0,1,0,False,False,False,False,False
g553_registry_000363,repair5g553_theta_553000363,tiny_local_perturbation_2pct_00365,tiny_local_perturbation_2pct,tiny_local_perturbation_2pct,repair5g553_fixed_global_staticflow_registry,True,True,False,False,0.351301375046,1.27317443817,1.22586921337,1.23588147588,0.727843140343,0.767060758311,1.01759173259,0,0.936526084276,0.994151029151,1.01846483846,0,0.3601001221,0.742299329799,1,11.1551907402,1,0,0,False,False,False,False,False
g553_registry_000364,repair5g553_theta_553000364,small_local_perturbation_5pct_00366,small_local_perturbation_5pct,small_local_perturbation_5pct,repair5g553_fixed_global_staticflow_registry,True,True,False,False,0.824035099029,1.22145973396,1.20567842443,1.20517775205,0.804327944953,0.690367355992,1.05649300024,0,0.995243474618,1,0.960887160887,0,0.374575574576,0.76881011256,0.965088927589,10.8205004455,1,0,0,False,False,False,False,False
g553_registry_000365,repair5g553_theta_553000365,medium_local_perturbation_10pct_00367,medium_local_perturbation_10pct,medium_local_perturbation_10pct,repair5g553_fixed_global_staticflow_registry,True,True,False,False,2.30762689513,1.20047160047,1.14271942397,1.11416976417,0.800374644125,0.58583968584,1.13544934795,0,0.922025868276,0.907518307518,1.0998964249,0.144119056619,0.421053691054,0.66136978637,0.929388104388,10.0705738706,1,0,0,False,False,False,False,False
g553_registry_000366,repair5g553_theta_553000366,lambda_flow_lambda_cong_grid_00369,lambda_flow_lambda_cong_grid,lambda_flow_lambda_cong_grid,repair5g553_fixed_global_staticflow_registry,True,True,False,False,1.25867875868,1.25,1.25,1.25,0.75,0.75,1,0.496986746987,0.95,1,1.17898967899,1.02314952315,0.35,0.75,1,11,1,0,0,False,False,False,False,False
g553_registry_000367,repair5g553_theta_553000367,flow_shield_beta_cap_grid_00370,flow_shield_beta_cap_grid,flow_shield_beta_cap_grid,repair5g553_fixed_global_staticflow_registry,True,True,False,False,0.762599600096,1.25,1.25,1.25,0.75,0.75,1,0,0.95,1,1,0,0.546514946515,1.39619489619,1,11,1,0,0,False,False,False,False,False
g553_registry_000368,repair5g553_theta_553000368,alpha_flow_wait_progress_grid_00371,alpha_flow_wait_progress_grid,alpha_flow_wait_progress_grid,repair5g553_fixed_global_staticflow_registry,True,True,False,False,1.64183464183,1.25,1.25,1.25,0.75,0.75,1,0.995618495618,0.95,1,1,1.26800976801,0.35,0.75,1,11,1,0,0,False,False,False,False,False
g553_registry_000369,repair5g553_theta_553000369,alpha_cong_commit_nonprogress_grid_00372,alpha_cong_commit_nonprogress_grid,alpha_cong_commit_nonprogress_grid,repair5g553_fixed_global_staticflow_registry,True,True,False,False,0.664129564131,1.04024204024,0.594636344636,1.25,0.75,0.75,1,0,0.95,1,1,0,0.35,0.75,1,11,1,0,0,False,False,False,False,False
g553_registry_000370,repair5g553_theta_553000370,edge_cost_clamp_grid_00373,edge_cost_clamp_grid,edge_cost_clamp_grid,repair5g553_fixed_global_staticflow_registry,True,True,False,False,0.537296787299,1.25,1.25,1.25,0.75,0.75,1,0,0.95,1,1,0,0.35,0.75,0.978371478371,8.96616496616,1,0,0,False,False,False,False,False
g553_registry_000371,repair5g553_theta_553000371,rho_decay_grid_00374,rho_decay_grid,rho_decay_grid,repair5g553_fixed_global_staticflow_registry,True,True,False,False,0.93167443168,1.25,1.25,1.25,0.75,0.75,1,0,0.932719432719,0.924113124113,1,0,0.35,0.75,1,11,1,0,0,False,False,False,False,False
g553_registry_000372,repair5g553_theta_553000372,sobol_local_global_static_00375,sobol_local_global_static,sobol_local_global_static,repair5g553_fixed_global_staticflow_registry,True,True,False,False,1.69752328088,1.21026033526,1.23658404908,0.84458015708,0.480541293041,0.913477725978,0.977055602056,0.194476131976,0.933676208676,0.996904496904,1.14057689058,0.285638910639,0.414242264242,0.892904205404,0.998756498756,11.9091559092,1,0,0,False,False,False,False,False
g553_registry_000373,repair5g553_theta_553000373,cma_es_or_ranked_search_candidates_00376,cma_es_or_ranked_search_candidates,cma_es_or_ranked_search_candidates,repair5g553_fixed_global_staticflow_registry,True,True,False,False,1.03455642039,1.25,0.855518105518,1.25,0.75,0.75,1,0,0.95,1,0.920109170109,0.454718154718,0.494025794026,0.555122005122,1,11,1,0,0,False,False,False,False,False
g553_registry_000374,repair5g553_theta_553000374,negative_random_wide_control_00377,negative_random_wide_control,negative_random_wide_control,repair5g553_fixed_global_staticflow_registry,True,True,False,False,4.84146372896,1.39492189492,0.638102638103,1.41864416864,0.341157841158,0.406514906515,0.0715935715936,0.578748078748,0.981026481026,0.993189293189,0.823035323035,0.728738228738,0.484334084334,1.29906854907,0.796511296511,10.4639064639,0,0,1,False,False,False,False,False
g553_registry_000375,repair5g553_theta_553000375,tiny_local_perturbation_2pct_00378,tiny_local_perturbation_2pct,tiny_local_perturbation_2pct,repair5g553_fixed_global_staticflow_registry,True,True,False,False,0.413382207129,1.24125300375,1.23026031776,1.28033106533,0.770081757582,0.73167018417,0.978713831214,0.0122179434679,0.943578644329,0.982554322554,1.01912548413,0,0.357912051912,0.766533766534,1,11.172037917,1,0,0,False,False,False,False,False
g553_registry_000376,repair5g553_theta_553000376,small_local_perturbation_5pct_00379,small_local_perturbation_5pct,small_local_perturbation_5pct,repair5g553_fixed_global_staticflow_registry,True,True,False,False,1.34440266003,1.18046362421,1.30416060104,1.22215646591,0.812391531142,0.669022606523,1.02839232839,0,0.996434455184,0.954760592261,0.966485953986,0.0296205483705,0.367425097425,0.787833975334,1,11.4065740191,1,0,0,False,False,False,False,False
g553_registry_000377,repair5g553_theta_553000377,medium_local_perturbation_10pct_00380,medium_local_perturbation_10pct,medium_local_perturbation_10pct,repair5g553_fixed_global_staticflow_registry,True,True,False,False,2.19250814876,1.37128580879,1.36528552154,1.11937921313,0.86104023604,0.834592940843,1.06863744364,0.086471992722,1,0.92952032952,1.05286200286,0,0.280644310644,0.690796065796,0.914873639874,11.7498275748,1,0,0,False,False,False,False,False
g553_registry_000378,repair5g553_theta_553000378,lambda_flow_lambda_cong_grid_00382,lambda_flow_lambda_cong_grid,lambda_flow_lambda_cong_grid,repair5g553_fixed_global_staticflow_registry,True,True,False,False,1.41404191404,1.25,1.25,1.25,0.75,0.75,1,0.483314233314,0.95,1,0.508473008473,0.803795303795,0.35,0.75,1,11,1,0,0,False,False,False,False,False
g553_registry_000379,repair5g553_theta_553000379,flow_shield_beta_cap_grid_00383,flow_shield_beta_cap_grid,flow_shield_beta_cap_grid,repair5g553_fixed_global_staticflow_registry,True,True,False,False,0.650247812748,1.25,1.25,1.25,0.75,0.75,1,0,0.95,1,1,0,0.0978040978041,0.331246331246,1,11,1,0,0,False,False,False,False,False
g553_registry_000380,repair5g553_theta_553000380,alpha_flow_wait_progress_grid_00384,alpha_flow_wait_progress_grid,alpha_flow_wait_progress_grid,repair5g553_fixed_global_staticflow_registry,True,True,False,False,1.88444688445,1.25,1.25,1.25,0.75,0.75,1,1.22395997396,0.95,1,1,1.35791835792,0.35,0.75,1,11,1,0,0,False,False,False,False,False
g553_registry_000381,repair5g553_theta_553000381,alpha_cong_commit_nonprogress_grid_00385,alpha_cong_commit_nonprogress_grid,alpha_cong_commit_nonprogress_grid,repair5g553_fixed_global_staticflow_registry,True,True,False,False,0.464984364981,0.729048729049,1.1028956029,1.25,0.75,0.75,1,0,0.95,1,1,0,0.35,0.75,1,11,1,0,0,False,False,False,False,False
g553_registry_000382,repair5g553_theta_553000382,edge_cost_clamp_grid_00386,edge_cost_clamp_grid,edge_cost_clamp_grid,repair5g553_fixed_global_staticflow_registry,True,True,False,False,0.589312839313,1.25,1.25,1.25,0.75,0.75,1,0,0.95,1,1,0,0.35,0.75,0.84702984703,9.45858945859,1,0,0,False,False,False,False,False
g553_registry_000383,repair5g553_theta_553000383,rho_decay_grid_00387,rho_decay_grid,rho_decay_grid,repair5g553_fixed_global_staticflow_registry,True,True,False,False,1.06486256486,1.25,1.25,1.25,0.75,0.75,1,0,0.966440866441,0.909954609955,1,0,0.35,0.75,1,11,1,0,0,False,False,False,False,False
g553_registry_000384,repair5g553_theta_553000384,sobol_local_global_static_00388,sobol_local_global_static,sobol_local_global_static,repair5g553_fixed_global_staticflow_registry,True,True,False,False,1.72496222496,1.04298516799,1.17720836471,1.20565626816,0.561576999077,1.17697461447,0.88925001425,0.116623866624,0.94791007291,0.984248809249,1.10136285136,0.0109402609403,0.403264253264,0.452182514683,0.903546528547,10.1159321159,1,0,0,False,False,False,False,False
g553_registry_000385,repair5g553_theta_553000385,cma_es_or_ranked_search_candidates_00389,cma_es_or_ranked_search_candidates,cma_es_or_ranked_search_candidates,repair5g553_fixed_global_staticflow_registry,True,True,False,False,0.94135568719,1.25,1.28872963873,1.25,0.75,0.75,1,0,0.95,1,1.24812949813,0.379763379763,0.522440622441,0.508104858105,1,11,1,0,0,False,False,False,False,False
g553_registry_000386,repair5g553_theta_553000386,negative_random_wide_control_00390,negative_random_wide_control,negative_random_wide_control,repair5g553_fixed_global_staticflow_registry,True,True,False,False,6.04991546242,0.60299010299,1.24784949785,1.85305060305,1.14079239079,0.156845656846,0.858894858895,1.04900854901,0.912571312571,0.902616002616,1.23462873463,0.994416994417,0.243957043957,0.349757599758,0.382522132522,11.6625876626,1,0,0,False,False,False,False,False
g553_registry_000387,repair5g553_theta_553000387,tiny_local_perturbation_2pct_00391,tiny_local_perturbation_2pct,tiny_local_perturbation_2pct,repair5g553_fixed_global_staticflow_registry,True,True,False,False,0.398730721215,1.26026624277,1.24220766096,1.23415753166,0.760191966442,0.760803565804,1.01107599608,0,0.932211778462,0.993105678106,0.980637800638,0,0.358449352449,0.729397948148,0.982884052884,10.8446536647,1,0,0,False,False,False,False,False
g553_registry_000388,repair5g553_theta_553000388,small_local_perturbation_5pct_00392,small_local_perturbation_5pct,small_local_perturbation_5pct,repair5g553_fixed_global_staticflow_registry,True,True,False,False,1.0011538449,1.28077097452,1.22873715061,1.1998536561,0.713101744352,0.786541939667,0.979498879499,0.0557663057663,0.910956813457,0.980870555871,0.971574071574,0,0.317184707185,0.807608401358,0.961892874393,10.6870928621,1,0,0,False,False,False,False,False
g553_registry_000389,repair5g553_theta_553000389,medium_local_perturbation_10pct_00393,medium_local_perturbation_10pct,medium_local_perturbation_10pct,repair5g553_fixed_global_staticflow_registry,True,True,False,False,1.28944935196,1.15457526708,1.2146022146,1.34944008694,0.709206052956,0.613051119301,1.0592971218,0.0810281122781,0.9,1,0.95745020745,0,0.315191925192,0.819998694999,0.915177990178,10.3188347688,1,0,0,False,False,False,False,False
g553_registry_000390,repair5g553_theta_553000390,coordinate_sweep_each_field_00394,coordinate_sweep_each_field,coordinate_sweep_each_field,repair5g553_fixed_global_staticflow_registry,True,True,False,False,0.178571428571,1.25,1.25,1.25,0.75,0.4375,1,0,0.95,1,1,0,0.35,0.75,1,11,1,0,0,False,False,False,False,False
g553_registry_000391,repair5g553_theta_553000391,lambda_flow_lambda_cong_grid_00395,lambda_flow_lambda_cong_grid,lambda_flow_lambda_cong_grid,repair5g553_fixed_global_staticflow_registry,True,True,False,False,1.92079942079,1.25,1.25,1.25,0.75,0.75,1,0.934465934466,0.95,1,1.18356368356,1.48449448449,0.35,0.75,1,11,1,0,0,False,False,False,False,False
g553_registry_000392,repair5g553_theta_553000392,flow_shield_beta_cap_grid_00396,flow_shield_beta_cap_grid,flow_shield_beta_cap_grid,repair5g553_fixed_global_staticflow_registry,True,True,False,False,0.244895282396,1.25,1.25,1.25,0.75,0.75,1,0,0.95,1,1,0,0.522288522289,0.713081713082,1,11,1,0,0,False,False,False,False,False
g553_registry_000393,repair5g553_theta_553000393,alpha_flow_wait_progress_grid_00397,alpha_flow_wait_progress_grid,alpha_flow_wait_progress_grid,repair5g553_fixed_global_staticflow_registry,True,True,False,False,1.08203108203,1.25,1.25,1.25,0.75,0.75,1,1.08172483172,0.95,1,1,0.324976824977,0.35,0.75,1,11,1,0,0,False,False,False,False,False
g553_registry_000394,repair5g553_theta_553000394,alpha_cong_commit_nonprogress_grid_00398,alpha_cong_commit_nonprogress_grid,alpha_cong_commit_nonprogress_grid,repair5g553_fixed_global_staticflow_registry,True,True,False,False,0.0965441965493,1.3335973336,1.30101580102,1.25,0.75,0.75,1,0,0.95,1,1,0,0.35,0.75,1,11,1,0,0,False,False,False,False,False
g553_registry_000395,repair5g553_theta_553000395,edge_cost_clamp_grid_00399,edge_cost_clamp_grid,edge_cost_clamp_grid,repair5g553_fixed_global_staticflow_registry,True,True,False,False,1.14080739081,1.25,1.25,1.25,0.75,0.75,1,0,0.95,1,1,0,0.35,0.75,0.47305997306,9.24711724712,1,0,0,False,False,False,False,False
g553_registry_000396,repair5g553_theta_553000396,rho_decay_grid_00400,rho_decay_grid,rho_decay_grid,repair5g553_fixed_global_staticflow_registry,True,True,False,False,1.14058964059,1.25,1.25,1.25,0.75,0.75,1,0,0.992502892503,0.928443928444,1,0,0.35,0.75,1,11,1,0,0,False,False,False,False,False
g553_registry_000397,repair5g553_theta_553000397,sobol_local_global_static_00401,sobol_local_global_static,sobol_local_global_static,repair5g553_fixed_global_staticflow_registry,True,True,False,False,1.8285394952,1.42876555377,1.29264035514,1.00906894657,0.675141487641,1.17726948977,1.37366799867,0.28714997465,0.940696565697,0.980135005135,1.11172286172,0.0466057966058,0.394796244796,0.829396641897,0.859855422355,10.9445889446,1,0,0,False,False,False,False,False
g553_registry_000398,repair5g553_theta_553000398,cma_es_or_ranked_search_candidates_00402,cma_es_or_ranked_search_candidates,cma_es_or_ranked_search_candidates,repair5g553_fixed_global_staticflow_registry,True,True,False,False,0.544914092413,1.25,1.30082285082,1.25,0.75,0.75,1,0,0.95,1,1.11261756262,0.360389310389,0.284955584956,0.837591487591,1,11,1,0,0,False,False,False,False,False
g553_registry_000399,repair5g553_theta_553000399,negative_random_wide_control_00403,negative_random_wide_control,negative_random_wide_control,repair5g553_fixed_global_staticflow_registry,True,True,False,False,5.09735838485,0.512520512521,1.72488372488,2.18623693624,0.489777989778,0.954254954255,0.863006363006,0.429412929413,0.974605874606,0.991428591429,0.5156000156,0.503291003291,0.716400716401,0.526442776443,0.969900969901,8.59050859051,0,1,0,False,False,False,False,False
g553_registry_000400,repair5g553_theta_553000400,tiny_local_perturbation_2pct_00404,tiny_local_perturbation_2pct,tiny_local_perturbation_2pct,repair5g553_fixed_global_staticflow_registry,True,True,False,False,0.469920807425,1.23921330921,1.23970563971,1.28137135387,0.733198276948,0.76130985006,1.02502628003,0.00958770958771,0.96828982204,0.987438942439,0.984535929536,0.0253246528247,0.337667371667,0.757298894799,1,10.8792066792,1,0,0,False,False,False,False,False
g553_registry_000401,repair5g553_theta_553000401,small_local_perturbation_5pct_00405,small_local_perturbation_5pct,small_local_perturbation_5pct,repair5g553_fixed_global_staticflow_registry,True,True,False,False,0.708632114876,1.21691360441,1.18845625096,1.32825611888,0.733637046137,0.687397690523,1.04818683569,0,0.923749835,1,0.952188952189,0.047778966529,0.386522036522,0.70945500633,1,10.6344792595,1,0,0,False,False,False,False,False
g553_registry_000402,repair5g553_theta_553000402,medium_local_perturbation_10pct_00406,medium_local_perturbation_10pct,medium_local_perturbation_10pct,repair5g553_fixed_global_staticflow_registry,True,True,False,False,1.13370353371,1.14237181737,1.15156033906,1.35253509629,0.710374554125,0.833633896134,1.05633758134,0,0.981945396945,1,1.05331230331,0.0814780939781,0.413115803116,0.637834106584,1,10.1526152526,1,0,0,False,False,False,False,False
g553_registry_000403,repair5g553_theta_553000403,coordinate_sweep_each_field_00407,coordinate_sweep_each_field,coordinate_sweep_each_field,repair5g553_fixed_global_staticflow_registry,True,True,False,False,0.0714285714286,1.25,1.25,1.375,0.75,0.75,1,0,0.95,1,1,0,0.35,0.75,1,11,1,0,0,False,False,False,False,False
g553_registry_000404,repair5g553_theta_553000404,lambda_flow_lambda_cong_grid_00408,lambda_flow_lambda_cong_grid,lambda_flow_lambda_cong_grid,repair5g553_fixed_global_staticflow_registry,True,True,False,False,1.66266616267,1.25,1.25,1.25,0.75,0.75,1,1.03914728915,0.95,1,0.639827139827,0.706763206763,0.35,0.75,1,11,1,0,0,False,False,False,False,False
g553_registry_000405,repair5g553_theta_553000405,flow_shield_beta_cap_grid_00409,flow_shield_beta_cap_grid,flow_shield_beta_cap_grid,repair5g553_fixed_global_staticflow_registry,True,True,False,False,0.52301336051,1.25,1.25,1.25,0.75,0.75,1,0,0.95,1,1,0,0.538916538917,1.10858460858,1,11,1,0,0,False,False,False,False,False
g553_registry_000406,repair5g553_theta_553000406,alpha_flow_wait_progress_grid_00410,alpha_flow_wait_progress_grid,alpha_flow_wait_progress_grid,repair5g553_fixed_global_staticflow_registry,True,True,False,False,0.771706771707,1.25,1.25,1.25,0.75,0.75,1,0.316265316265,0.95,1,1,0.778041778042,0.35,0.75,1,11,1,0,0,False,False,False,False,False
g553_registry_000407,repair5g553_theta_553000407,alpha_cong_commit_nonprogress_grid_00411,alpha_cong_commit_nonprogress_grid,alpha_cong_commit_nonprogress_grid,repair5g553_fixed_global_staticflow_registry,True,True,False,False,0.670713570711,0.268689268689,1.22936697937,1.25,0.75,0.75,1,0,0.95,1,1,0,0.35,0.75,1,11,1,0,0,False,False,False,False,False
g553_registry_000408,repair5g553_theta_553000408,edge_cost_clamp_grid_00412,edge_cost_clamp_grid,edge_cost_clamp_grid,repair5g553_fixed_global_staticflow_registry,True,True,False,False,0.993591243593,1.25,1.25,1.25,0.75,0.75,1,0,0.95,1,1,0,0.35,0.75,0.681835431835,8.72251272251,1,0,0,False,False,False,False,False
g553_registry_000409,repair5g553_theta_553000409,rho_decay_grid_00413,rho_decay_grid,rho_decay_grid,repair5g553_fixed_global_staticflow_registry,True,True,False,False,0.55982005982,1.25,1.25,1.25,0.75,0.75,1,0,0.941761941762,0.952256052256,1,0,0.35,0.75,1,11,1,0,0,False,False,False,False,False
g553_registry_000410,repair5g553_theta_553000410,sobol_local_global_static_00414,sobol_local_global_static,sobol_local_global_static,repair5g553_fixed_global_staticflow_registry,True,True,False,False,1.63644330309,1.25997225997,1.00405694156,1.44068150318,0.656877719378,0.600407662908,1.20072307572,0.19433956934,0.946424571425,0.978851228851,0.873431123431,0.18634031134,0.210112460112,0.724912787413,0.869698057198,11.0324430324,1,0,0,False,False,False,False,False
g553_registry_000411,repair5g553_theta_553000411,cma_es_or_ranked_search_candidates_00415,cma_es_or_ranked_search_candidates,cma_es_or_ranked_search_candidates,repair5g553_fixed_global_staticflow_registry,True,True,False,False,0.843911253915,1.25,1.06857381857,1.25,0.75,0.75,1,0,0.95,1,0.873117123117,0.211038211038,0.639256689257,0.662969462969,1,11,1,0,0,False,False,False,False,False
g553_registry_000412,repair5g553_theta_553000412,negative_random_wide_control_00416,negative_random_wide_control,negative_random_wide_control,repair5g553_fixed_global_staticflow_registry,True,True,False,False,6.51030499781,1.35843285843,1.73866873867,1.0441017941,1.04097229097,1.72333172333,0.38247038247,1.10845735846,0.955561255561,0.909124409124,1.35140685141,1.07436857437,0.495718095718,0.451835201835,0.61171036171,9.51365751366,0,0,1,False,False,False,False,False
g553_registry_000413,repair5g553_theta_553000413,tiny_local_perturbation_2pct_00417,tiny_local_perturbation_2pct,tiny_local_perturbation_2pct,repair5g553_fixed_global_staticflow_registry,True,True,False,False,0.34413809163,1.27491229491,1.24080362205,1.22735562486,0.772841666592,0.778227624478,0.978225220725,0.0143319330819,0.964219034719,1,1.00792719293,0.0233039258039,0.363246165246,0.769813707314,1,11.1951420651,1,0,0,False,False,False,False,False
g553_registry_000414,repair5g553_theta_553000414,small_local_perturbation_5pct_00418,small_local_perturbation_5pct,small_local_perturbation_5pct,repair5g553_fixed_global_staticflow_registry,True,True,False,False,0.80526694589,1.18328681454,1.18840126653,1.22212437525,0.805968759094,0.668838462588,1.07202521578,0,0.915828430203,1,1.0240956116,0,0.3377002277,0.706012081012,0.979465691966,10.5493668119,1,0,0,False,False,False,False,False
g553_registry_000415,repair5g553_theta_553000415,medium_local_perturbation_10pct_00419,medium_local_perturbation_10pct,medium_local_perturbation_10pct,repair5g553_fixed_global_staticflow_registry,True,True,False,False,1.55832245832,1.12120570871,1.34096749722,1.36109312984,0.820860914611,0.924113930364,1.13939292689,0,0.9,1,0.937038412038,0.0971428346428,0.403813213813,0.695385414135,0.911193761194,10.07998878,1,0,0,False,False,False,False,False
g553_registry_000416,repair5g553_theta_553000416,coordinate_sweep_each_field_00420,coordinate_sweep_each_field,coordinate_sweep_each_field,repair5g553_fixed_global_staticflow_registry,True,True,False,False,0.0833333333333,1.125,1.25,1.25,0.75,0.75,1,0,0.95,1,1,0,0.35,0.75,1,11,1,0,0,False,False,False,False,False
g553_registry_000417,repair5g553_theta_553000417,lambda_flow_lambda_cong_grid_00421,lambda_flow_lambda_cong_grid,lambda_flow_lambda_cong_grid,repair5g553_fixed_global_staticflow_registry,True,True,False,False,1.41391291392,1.25,1.25,1.25,0.75,0.75,1,1.08194733195,0.95,1,0.819367319367,0.551583551584,0.35,0.75,1,11,1,0,0,False,False,False,False,False
g553_registry_000418,repair5g553_theta_553000418,flow_shield_beta_cap_grid_00422,flow_shield_beta_cap_grid,flow_shield_beta_cap_grid,repair5g553_fixed_global_staticflow_registry,True,True,False,False,0.0610732235729,1.25,1.25,1.25,0.75,0.75,1,0,0.95,1,1,0,0.316374716375,0.726197976198,1,11,1,0,0,False,False,False,False,False
g553_registry_000419,repair5g553_theta_553000419,alpha_flow_wait_progress_grid_00423,alpha_flow_wait_progress_grid,alpha_flow_wait_progress_grid,repair5g553_fixed_global_staticflow_registry,True,True,False,False,0.694006694006,1.25,1.25,1.25,0.75,0.75,1,0.0370662870663,0.95,1,1,0.99653049653,0.35,0.75,1,11,1,0,0,False,False,False,False,False
g553_registry_000420,repair5g553_theta_553000420,alpha_cong_commit_nonprogress_grid_00424,alpha_cong_commit_nonprogress_grid,alpha_cong_commit_nonprogress_grid,repair5g553_fixed_global_staticflow_registry,True,True,False,False,0.199654099655,1.04191454191,1.17383692384,1.25,0.75,0.75,1,0,0.95,1,1,0,0.35,0.75,1,11,1,0,0,False,False,False,False,False
g553_registry_000421,repair5g553_theta_553000421,edge_cost_clamp_grid_00425,edge_cost_clamp_grid,edge_cost_clamp_grid,repair5g553_fixed_global_staticflow_registry,True,True,False,False,0.623610873611,1.25,1.25,1.25,0.75,0.75,1,0,0.95,1,1,0,0.35,0.75,0.90039015039,9.03680903681,1,0,0,False,False,False,False,False
g553_registry_000422,repair5g553_theta_553000422,rho_decay_grid_00426,rho_decay_grid,rho_decay_grid,repair5g553_fixed_global_staticflow_registry,True,True,False,False,0.684001184,1.25,1.25,1.25,0.75,0.75,1,0,0.926817326817,0.954782554783,1,0,0.35,0.75,1,11,1,0,0,False,False,False,False,False
g553_registry_000423,repair5g553_theta_553000423,sobol_local_global_static_00427,sobol_local_global_static,sobol_local_global_static,repair5g553_fixed_global_staticflow_registry,True,True,False,False,1.59498676165,1.44930619931,1.43672862423,1.26028957279,0.692494004994,0.810183872684,0.888513513514,0.0722919472919,0.954805229805,0.976508951509,0.799926049926,0.17937955438,0.307609357609,0.510114447614,0.920274920275,11.5619195619,1,0,0,False,False,False,False,False
g553_registry_000424,repair5g553_theta_553000424,cma_es_or_ranked_search_candidates_00428,cma_es_or_ranked_search_candidates,cma_es_or_ranked_search_candidates,repair5g553_fixed_global_staticflow_registry,True,True,False,False,1.26198473949,1.25,1.12437087437,1.25,0.75,0.75,1,0,0.95,1,0.954678204678,0.733087483087,0.644845244845,1.0735976236,1,11,1,0,0,False,False,False,False,False
g553_registry_000425,repair5g553_theta_553000425,negative_random_wide_control_00429,negative_random_wide_control,negative_random_wide_control,repair5g553_fixed_global_staticflow_registry,True,True,False,False,3.88483989735,1.03201453201,0.83918033918,1.1059013559,0.115866365866,0.480394730395,0.681395181395,0.448955448955,0.975780975781,0.967851467851,0.986522486522,0.148014148014,0.161512161512,1.34848984849,0.616875616876,11.7156037156,1,0,0,False,False,False,False,False
g553_registry_000426,repair5g553_theta_553000426,tiny_local_perturbation_2pct_00430,tiny_local_perturbation_2pct,tiny_local_perturbation_2pct,repair5g553_fixed_global_staticflow_registry,True,True,False,False,0.262594137579,1.22748301248,1.23449514075,1.22511389886,0.76099043599,0.731039186039,1.01905135405,0.0144350956851,0.939686053436,1,1.00656474156,0.0230012330012,0.341288411288,0.736393055143,0.991987591988,11.0783424083,1,0,0,False,False,False,False,False
g553_registry_000427,repair5g553_theta_553000427,small_local_perturbation_5pct_00431,small_local_perturbation_5pct,small_local_perturbation_5pct,repair5g553_fixed_global_staticflow_registry,True,True,False,False,0.535504341754,1.22061570187,1.19638277451,1.19592455217,0.765858343983,0.711973621349,0.949053761554,0.033929987055,0.965076194451,1,0.964075826576,0.0545943358443,0.376180786181,0.788459241584,1,10.7599165099,1,0,0,False,False,False,False,False
g553_registry_000428,repair5g553_theta_553000428,medium_local_perturbation_10pct_00432,medium_local_perturbation_10pct,medium_local_perturbation_10pct,repair5g553_fixed_global_staticflow_registry,True,True,False,False,1.26073183573,1.16623804124,1.29754142254,1.14963656839,0.825967950968,0.874952749953,1.08422703423,0,0.9,1,1.06783359283,0,0.310105900106,0.674183736684,0.964217989218,10.2195360195,1,0,0,False,False,False,False,False
g553_registry_000429,repair5g553_theta_553000429,coordinate_sweep_each_field_00433,coordinate_sweep_each_field,coordinate_sweep_each_field,repair5g553_fixed_global_staticflow_registry,True,True,False,False,0.25,1.25,1.25,1.25,0.75,0.75,1,0,0.95,1,1,0,0.35,0.75,0.8125,11,1,0,0,False,False,False,False,False
g553_registry_000430,repair5g553_theta_553000430,lambda_flow_lambda_cong_grid_00434,lambda_flow_lambda_cong_grid,lambda_flow_lambda_cong_grid,repair5g553_fixed_global_staticflow_registry,True,True,False,False,1.75552125552,1.25,1.25,1.25,0.75,0.75,1,1.0604035604,0.95,1,0.765114265114,1.00846900847,0.35,0.75,1,11,1,0,0,False,False,False,False,False
g553_registry_000431,repair5g553_theta_553000431,flow_shield_beta_cap_grid_00435,flow_shield_beta_cap_grid,flow_shield_beta_cap_grid,repair5g553_fixed_global_staticflow_registry,True,True,False,False,0.63127046877,1.25,1.25,1.25,0.75,0.75,1,0,0.95,1,1,0,0.650023850024,1.0703008203,1,11,1,0,0,False,False,False,False,False
g553_registry_000432,repair5g553_theta_553000432,alpha_flow_wait_progress_grid_00436,alpha_flow_wait_progress_grid,alpha_flow_wait_progress_grid,repair5g553_fixed_global_staticflow_registry,True,True,False,False,0.725048725049,1.25,1.25,1.25,0.75,0.75,1,0.570560570561,0.95,1,1,0.4029004029,0.35,0.75,1,11,1,0,0,False,False,False,False,False
g553_registry_000433,repair5g553_theta_553000433,alpha_cong_commit_nonprogress_grid_00437,alpha_cong_commit_nonprogress_grid,alpha_cong_commit_nonprogress_grid,repair5g553_fixed_global_staticflow_registry,True,True,False,False,0.436764336764,1.44443994444,0.866077866078,1.25,0.75,0.75,1,0,0.95,1,1,0,0.35,0.75,1,11,1,0,0,False,False,False,False,False
g553_registry_000434,repair5g553_theta_553000434,edge_cost_clamp_grid_00438,edge_cost_clamp_grid,edge_cost_clamp_grid,repair5g553_fixed_global_staticflow_registry,True,True,False,False,1.27007652008,1.25,1.25,1.25,0.75,0.75,1,0,0.95,1,1,0,0.35,0.75,0.423230673231,8.9957969958,1,0,0,False,False,False,False,False
g553_registry_000435,repair5g553_theta_553000435,rho_decay_grid_00439,rho_decay_grid,rho_decay_grid,repair5g553_fixed_global_staticflow_registry,True,True,False,False,0.56905406905,1.25,1.25,1.25,0.75,0.75,1,0,0.930778930779,0.962315662316,1,0,0.35,0.75,1,11,1,0,0,False,False,False,False,False
g553_registry_000436,repair5g553_theta_553000436,sobol_local_global_static_00440,sobol_local_global_static,sobol_local_global_static,repair5g553_fixed_global_staticflow_registry,True,True,False,False,1.60055443388,1.29978479978,1.01366070116,1.0424021049,0.869292931793,0.899081336581,0.936441561442,0.278723716224,0.959091784092,0.999651599652,0.928483178483,0.228172728173,0.153036403036,0.895184832685,0.953670766171,10.7138707139,1,0,0,False,False,False,False,False
g553_registry_000437,repair5g553_theta_553000437,cma_es_or_ranked_search_candidates_00441,cma_es_or_ranked_search_candidates,cma_es_or_ranked_search_candidates,repair5g553_fixed_global_staticflow_registry,True,True,False,False,0.931305545475,1.25,1.51056686057,1.25,0.75,0.75,1,0,0.95,1,0.833786483786,0.252652552653,0.55399015399,0.58348023348,1,11,1,0,0,False,False,False,False,False
g553_registry_000438,repair5g553_theta_553000438,negative_random_wide_control_00442,negative_random_wide_control,negative_random_wide_control,repair5g553_fixed_global_staticflow_registry,True,True,False,False,6.20941529692,0.362260862261,1.33066583067,1.70624820625,0.166092666093,0.519862519863,0.612302112302,1.06394981395,0.927285827286,0.962394062394,0.527802027802,0.340450840451,0.737688737689,1.23024848025,0.848025098025,8.1588961589,0,1,0,False,False,False,False,False
g553_registry_000439,repair5g553_theta_553000439,tiny_local_perturbation_2pct_00443,tiny_local_perturbation_2pct,tiny_local_perturbation_2pct,repair5g553_fixed_global_staticflow_registry,True,True,False,False,0.347308393554,1.23835461835,1.26986225111,1.27582936958,0.764830589831,0.721760589261,0.975472725473,0,0.934535884536,1,1.00652004152,0.0182822582823,0.334943536944,0.742717811468,0.989149499149,10.7916818467,1,0,0,False,False,False,False,False
g553_registry_000440,repair5g553_theta_553000440,small_local_perturbation_5pct_00444,small_local_perturbation_5pct,small_local_perturbation_5pct,repair5g553_fixed_global_staticflow_registry,True,True,False,False,0.837247496607,1.29646462771,1.22630367943,1.19789907915,0.793248043248,0.710790401415,0.967700542701,0.0261225261225,0.911579717205,1,1.02632243882,0,0.323172863173,0.791421838297,0.960209010209,11.5114233739,1,0,0,False,False,False,False,False
g553_registry_000441,repair5g553_theta_553000441,medium_local_perturbation_10pct_00445,medium_local_perturbation_10pct,medium_local_perturbation_10pct,repair5g553_fixed_global_staticflow_registry,True,True,False,False,1.9481994732,1.37766467766,1.12653168903,1.13374204624,0.832281832282,0.901185188685,0.897664385164,0.0664505352005,0.9,0.957785907786,1.05049125049,0.119707319707,0.397151467151,0.67136954637,1,12,1,0,0,False,False,False,False,False
g553_registry_000442,repair5g553_theta_553000442,coordinate_sweep_each_field_00446,coordinate_sweep_each_field,coordinate_sweep_each_field,repair5g553_fixed_global_staticflow_registry,True,True,False,False,0.5625,1.25,1.25,1.25,0.75,0.75,1,0,0.95,1,1,0,0.8,0.75,1,11,1,0,0,False,False,False,False,False
g553_registry_000443,repair5g553_theta_553000443,lambda_flow_lambda_cong_grid_00447,lambda_flow_lambda_cong_grid,lambda_flow_lambda_cong_grid,repair5g553_fixed_global_staticflow_registry,True,True,False,False,1.88128838129,1.25,1.25,1.25,0.75,0.75,1,0.886552136552,0.95,1,1.2896957897,1.32352632353,0.35,0.75,1,11,1,0,0,False,False,False,False,False
g553_registry_000444,repair5g553_theta_553000444,flow_shield_beta_cap_grid_00448,flow_shield_beta_cap_grid,flow_shield_beta_cap_grid,repair5g553_fixed_global_staticflow_registry,True,True,False,False,0.44508960759,1.25,1.25,1.25,0.75,0.75,1,0,0.95,1,1,0,0.172332172332,0.471243971244,1,11,1,0,0,False,False,False,False,False
g553_registry_000445,repair5g553_theta_553000445,alpha_flow_wait_progress_grid_00449,alpha_flow_wait_progress_grid,alpha_flow_wait_progress_grid,repair5g553_fixed_global_staticflow_registry,True,True,False,False,0.382092382092,1.25,1.25,1.25,0.75,0.75,1,0.248801498801,0.95,1,1,0.274576774577,0.35,0.75,1,11,1,0,0,False,False,False,False,False
g553_registry_000446,repair5g553_theta_553000446,alpha_cong_commit_nonprogress_grid_00450,alpha_cong_commit_nonprogress_grid,alpha_cong_commit_nonprogress_grid,repair5g553_fixed_global_staticflow_registry,True,True,False,False,0.627221727221,0.903960903961,1.74566124566,1.25,0.75,0.75,1,0,0.95,1,1,0,0.35,0.75,1,11,1,0,0,False,False,False,False,False
g553_registry_000447,repair5g553_theta_553000447,edge_cost_clamp_grid_00451,edge_cost_clamp_grid,edge_cost_clamp_grid,repair5g553_fixed_global_staticflow_registry,True,True,False,False,0.761681011682,1.25,1.25,1.25,0.75,0.75,1,0,0.95,1,1,0,0.35,0.75,0.79151029151,9.06522106522,1,0,0,False,False,False,False,False
g553_registry_000448,repair5g553_theta_553000448,rho_decay_grid_00452,rho_decay_grid,rho_decay_grid,repair5g553_fixed_global_staticflow_registry,True,True,False,False,0.54823304823,1.25,1.25,1.25,0.75,0.75,1,0,0.96428986429,0.959466559467,1,0,0.35,0.75,1,11,1,0,0,False,False,False,False,False
g553_registry_000449,repair5g553_theta_553000449,sobol_local_global_static_00453,sobol_local_global_static,sobol_local_global_static,repair5g553_fixed_global_staticflow_registry,True,True,False,False,1.48350648352,1.27138852139,1.36640667891,1.66782123032,0.443398755899,0.854531542032,0.89526952027,0.0859872734873,0.93194970695,0.990585190585,1.13231988232,0.0571256821257,0.391403041403,0.579798267298,0.972093222093,10.9057409057,1,0,0,False,False,False,False,False
g553_registry_000450,repair5g553_theta_553000450,cma_es_or_ranked_search_candidates_00454,cma_es_or_ranked_search_candidates,cma_es_or_ranked_search_candidates,repair5g553_fixed_global_staticflow_registry,True,True,False,False,0.945322475322,1.25,0.985636335636,1.25,0.75,0.75,1,0,0.95,1,1.33996078996,0.0790245790246,0.208347058347,0.544848094848,1,11,1,0,0,False,False,False,False,False
g553_registry_000451,repair5g553_theta_553000451,negative_random_wide_control_00455,negative_random_wide_control,negative_random_wide_control,repair5g553_fixed_global_staticflow_registry,True,True,False,False,4.76975915726,1.17922467922,1.16491566492,0.675266175266,0.26841026841,0.774606774607,1.48411948412,0.588949338949,0.99468019468,0.965581665582,0.774447274447,1.19987219987,0.511701311701,1.24879349879,0.967923967924,11.6898716899,0,0,1,False,False,False,False,False
g553_registry_000452,repair5g553_theta_553000452,tiny_local_perturbation_2pct_00456,tiny_local_perturbation_2pct,tiny_local_perturbation_2pct,repair5g553_fixed_global_staticflow_registry,True,True,False,False,0.290321371564,1.23045776296,1.23043941794,1.22235761986,0.72853951604,0.772867789118,1.01732254232,0,0.955987043737,0.992021342021,0.991938271938,0,0.361242427242,0.756398781399,0.988304443304,10.9136793387,1,0,0,False,False,False,False,False
g553_registry_000453,repair5g553_theta_553000453,small_local_perturbation_5pct_00457,small_local_perturbation_5pct,small_local_perturbation_5pct,repair5g553_fixed_global_staticflow_registry,True,True,False,False,0.548970870863,1.1951047826,1.30117128555,1.20942362817,0.696596149721,0.671383402633,1.05967619093,0.0326565795316,0.937892154767,1,1.0183033183,0,0.335040815041,0.810976560977,0.981894644395,10.7452327327,1,0,0,False,False,False,False,False
g553_registry_000454,repair5g553_theta_553000454,medium_local_perturbation_10pct_00458,medium_local_perturbation_10pct,medium_local_perturbation_10pct,repair5g553_fixed_global_staticflow_registry,True,True,False,False,2.33099513099,1.13425212175,1.33537886663,1.33382053382,0.631475693976,0.595183382683,0.925931613432,0.102744008994,0.9,0.903011778012,1.09716057216,0,0.277609207609,0.797603672604,1,11.5086196086,1,0,0,False,False,False,False,False
g553_registry_000455,repair5g553_theta_553000455,coordinate_sweep_each_field_00459,coordinate_sweep_each_field,coordinate_sweep_each_field,repair5g553_fixed_global_staticflow_registry,True,True,False,False,0.5,1.25,1.25,1.25,0.75,0.75,1,0,0.95,1,0.5,0,0.35,0.75,1,11,1,0,0,False,False,False,False,False
g553_registry_000456,repair5g553_theta_553000456,lambda_flow_lambda_cong_grid_00460,lambda_flow_lambda_cong_grid,lambda_flow_lambda_cong_grid,repair5g553_fixed_global_staticflow_registry,True,True,False,False,1.96343446344,1.25,1.25,1.25,0.75,0.75,1,1.06221731222,0.95,1,1.44824994825,0.998115998116,0.35,0.75,1,11,1,0,0,False,False,False,False,False
g553_registry_000457,repair5g553_theta_553000457,flow_shield_beta_cap_grid_00461,flow_shield_beta_cap_grid,flow_shield_beta_cap_grid,repair5g553_fixed_global_staticflow_registry,True,True,False,False,0.221967184467,1.25,1.25,1.25,0.75,0.75,1,0,0.95,1,1,0,0.250256250256,0.871609371609,1,11,1,0,0,False,False,False,False,False
g553_registry_000458,repair5g553_theta_553000458,alpha_flow_wait_progress_grid_00462,alpha_flow_wait_progress_grid,alpha_flow_wait_progress_grid,repair5g553_fixed_global_staticflow_registry,True,True,False,False,0.527968527969,1.25,1.25,1.25,0.75,0.75,1,0.639220639221,0.95,1,1,0.024888024888,0.35,0.75,1,11,1,0,0,False,False,False,False,False
g553_registry_000459,repair5g553_theta_553000459,alpha_cong_commit_nonprogress_grid_00463,alpha_cong_commit_nonprogress_grid,alpha_cong_commit_nonprogress_grid,repair5g553_fixed_global_staticflow_registry,True,True,False,False,0.746915646916,0.323833823834,1.08816058816,1.25,0.75,0.75,1,0,0.95,1,1,0,0.35,0.75,1,11,1,0,0,False,False,False,False,False
g553_registry_000460,repair5g553_theta_553000460,edge_cost_clamp_grid_00464,edge_cost_clamp_grid,edge_cost_clamp_grid,repair5g553_fixed_global_staticflow_registry,True,True,False,False,0.858215108215,1.25,1.25,1.25,0.75,0.75,1,0,0.95,1,1,0,0.35,0.75,0.918598668599,8.00128000128,1,0,0,False,False,False,False,False
g553_registry_000461,repair5g553_theta_553000461,rho_decay_grid_00465,rho_decay_grid,rho_decay_grid,repair5g553_fixed_global_staticflow_registry,True,True,False,False,0.31274081274,1.25,1.25,1.25,0.75,0.75,1,0,0.937632337632,0.981093581094,1,0,0.35,0.75,1,11,1,0,0,False,False,False,False,False
g553_registry_000462,repair5g553_theta_553000462,sobol_local_global_static_00466,sobol_local_global_static,sobol_local_global_static,repair5g553_fixed_global_staticflow_registry,True,True,False,False,1.78218253219,0.941920691921,1.27092533343,1.50214856465,0.784675347175,0.996649184149,1.31533144033,0.234300859301,0.968932043932,0.988552638553,0.996436246436,0.172718797719,0.230224880225,0.609384546885,0.878769128769,11.0130830131,1,0,0,False,False,False,False,False
g553_registry_000463,repair5g553_theta_553000463,cma_es_or_ranked_search_candidates_00467,cma_es_or_ranked_search_candidates,cma_es_or_ranked_search_candidates,repair5g553_fixed_global_staticflow_registry,True,True,False,False,0.691327076325,1.25,1.16278551279,1.25,0.75,0.75,1,0,0.95,1,1.16180801181,0.162611112611,0.503841653842,0.948797498797,1,11,1,0,0,False,False,False,False,False
g553_registry_000464,repair5g553_theta_553000464,negative_random_wide_control_00468,negative_random_wide_control,negative_random_wide_control,repair5g553_fixed_global_staticflow_registry,True,True,False,False,4.37202608452,0.30021030021,0.769145269145,1.24352674353,0.86696961697,1.58293258293,0.873513873514,0.693535693536,0.941818841819,0.984180584181,0.880745380745,0.518942018942,0.0810952810953,0.814029314029,0.73933048933,8.1935001935,1,0,0,False,False,False,False,False
g553_registry_000465,repair5g553_theta_553000465,tiny_local_perturbation_2pct_00469,tiny_local_perturbation_2pct,tiny_local_perturbation_2pct,repair5g553_fixed_global_staticflow_registry,True,True,False,False,0.3229071454,1.27302992053,1.26756421131,1.23135799261,0.729331404331,0.732173134673,0.971439146439,0.00687306312306,0.93617040392,1,0.984342339342,0.0201953001953,0.354637836638,0.768084280584,1,10.8243705244,1,0,0,False,False,False,False,False
g553_registry_000466,repair5g553_theta_553000466,small_local_perturbation_5pct_00470,small_local_perturbation_5pct,small_local_perturbation_5pct,repair5g553_fixed_global_staticflow_registry,True,True,False,False,0.734247696749,1.29124569125,1.19176211364,1.21236651862,0.697628103878,0.786181329931,1.05063630064,0.0168510637261,0.916689273564,1,0.955255255255,0,0.336018126018,0.73173490361,1,11.4756121506,1,0,0,False,False,False,False,False
g553_registry_000467,repair5g553_theta_553000467,medium_local_perturbation_10pct_00471,medium_local_perturbation_10pct,medium_local_perturbation_10pct,repair5g553_fixed_global_staticflow_registry,True,True,False,False,2.49526376401,1.18484342234,1.29197313572,1.08911687037,0.671385108885,0.89770955396,0.88845028845,0.0587932150432,0.9,0.901594201594,1.09845642346,0.123558986059,0.291261321261,0.832126582127,0.959088209088,11.7962206712,1,0,0,False,False,False,False,False
g553_registry_000468,repair5g553_theta_553000468,coordinate_sweep_each_field_00472,coordinate_sweep_each_field,coordinate_sweep_each_field,repair5g553_fixed_global_staticflow_registry,True,True,False,False,0.25,1.25,1.25,1.25,0.75,0.75,1,0,0.925,1,1,0,0.35,0.75,1,11,1,0,0,False,False,False,False,False
g553_registry_000469,repair5g553_theta_553000469,lambda_flow_lambda_cong_grid_00473,lambda_flow_lambda_cong_grid,lambda_flow_lambda_cong_grid,repair5g553_fixed_global_staticflow_registry,True,True,False,False,0.888156388157,1.25,1.25,1.25,0.75,0.75,1,0.294995294995,0.95,1,0.84068034068,0.739260739261,0.35,0.75,1,11,1,0,0,False,False,False,False,False
g553_registry_000470,repair5g553_theta_553000470,flow_shield_beta_cap_grid_00474,flow_shield_beta_cap_grid,flow_shield_beta_cap_grid,repair5g553_fixed_global_staticflow_registry,True,True,False,False,0.412264574764,1.25,1.25,1.25,0.75,0.75,1,0,0.95,1,1,0,0.17162977163,0.513372763373,1,11,1,0,0,False,False,False,False,False
g553_registry_000471,repair5g553_theta_553000471,alpha_flow_wait_progress_grid_00475,alpha_flow_wait_progress_grid,alpha_flow_wait_progress_grid,repair5g553_fixed_global_staticflow_registry,True,True,False,False,1.36453236453,1.25,1.25,1.25,0.75,0.75,1,0.580216830217,0.95,1,1,1.35053835054,0.35,0.75,1,11,1,0,0,False,False,False,False,False
g553_registry_000472,repair5g553_theta_553000472,alpha_cong_commit_nonprogress_grid_00476,alpha_cong_commit_nonprogress_grid,alpha_cong_commit_nonprogress_grid,repair5g553_fixed_global_staticflow_registry,True,True,False,False,1.1285990286,0.0820200820201,0.812567812568,1.25,0.75,0.75,1,0,0.95,1,1,0,0.35,0.75,1,11,1,0,0,False,False,False,False,False
g553_registry_000473,repair5g553_theta_553000473,edge_cost_clamp_grid_00477,edge_cost_clamp_grid,edge_cost_clamp_grid,repair5g553_fixed_global_staticflow_registry,True,True,False,False,0.767270017269,1.25,1.25,1.25,0.75,0.75,1,0,0.95,1,1,0,0.35,0.75,0.972030972031,8.08008808009,1,0,0,False,False,False,False,False
g553_registry_000474,repair5g553_theta_553000474,rho_decay_grid_00478,rho_decay_grid,rho_decay_grid,repair5g553_fixed_global_staticflow_registry,True,True,False,False,1.01919651919,1.25,1.25,1.25,0.75,0.75,1,0,0.980464380464,0.928544728545,1,0,0.35,0.75,1,11,1,0,0,False,False,False,False,False
g553_registry_000475,repair5g553_theta_553000475,sobol_local_global_static_00479,sobol_local_global_static,sobol_local_global_static,repair5g553_fixed_global_staticflow_registry,True,True,False,False,2.33479175147,1.44692869693,1.11577642828,1.30598824349,0.482076294576,0.981650794151,0.835882210882,0.31213031213,0.927804252804,0.987026387026,1.10776285776,0.353548478548,0.45412950413,0.493770681271,0.849335349335,10.4915204915,1,0,0,False,False,False,False,False
g553_registry_000476,repair5g553_theta_553000476,cma_es_or_ranked_search_candidates_00480,cma_es_or_ranked_search_candidates,cma_es_or_ranked_search_candidates,repair5g553_fixed_global_staticflow_registry,True,True,False,False,0.658777066273,1.25,1.34842849843,1.25,0.75,0.75,1,0,0.95,1,1.01602466602,0.325938775939,0.497315297315,0.953216203216,1,11,1,0,0,False,False,False,False,False
g553_registry_000477,repair5g553_theta_553000477,negative_random_wide_control_00481,negative_random_wide_control,negative_random_wide_control,repair5g553_fixed_global_staticflow_registry,True,True,False,False,4.97133338383,0.138405138405,1.22222072222,0.684973434973,0.77074952075,1.66295841296,1.25204075204,1.10192485192,0.946775146775,0.950952850953,0.916519416519,0.248671748672,0.132954532955,0.738566738567,0.881219381219,8.65396865397,0,1,0,False,False,False,False,False
g553_registry_000478,repair5g553_theta_553000478,tiny_local_perturbation_2pct_00482,tiny_local_perturbation_2pct,tiny_local_perturbation_2pct,repair5g553_fixed_global_staticflow_registry,True,True,False,False,0.525579436837,1.27894274644,1.26576880327,1.21512426762,0.765032565033,0.718784203784,1.01018825769,0,0.934184949435,0.981342021342,1.01326566827,0,0.342709380709,0.75862962113,0.989972489972,11.1988058938,1,0,0,False,False,False,False,False
g553_registry_000479,repair5g553_theta_553000479,small_local_perturbation_5pct_00483,small_local_perturbation_5pct,small_local_perturbation_5pct,repair5g553_fixed_global_staticflow_registry,True,True,False,False,0.684540990789,1.21843803719,1.22884693197,1.2978274822,0.704005641506,0.795141513892,1.06492207117,0,0.978698032448,1,0.970337432837,0.0734360796861,0.373843153843,0.785418316668,0.959416296916,11.1420989671,1,0,0,False,False,False,False,False
g553_registry_000480,repair5g553_theta_553000480,medium_local_perturbation_10pct_00484,medium_local_perturbation_10pct,medium_local_perturbation_10pct,repair5g553_fixed_global_staticflow_registry,True,True,False,False,1.70934350935,1.12096304596,1.37151399651,1.19418312543,0.715106215106,0.819477650728,1.04771118521,0,0.9,0.971705246705,0.920583470583,0.0812215937216,0.313722523723,0.861985611986,0.934387234387,9.97656997657,1,0,0,False,False,False,False,False
g553_registry_000481,repair5g553_theta_553000481,coordinate_sweep_each_field_00485,coordinate_sweep_each_field,coordinate_sweep_each_field,repair5g553_fixed_global_staticflow_registry,True,True,False,False,0.166666666667,1.25,1.25,1.25,0.75,0.75,0.75,0,0.95,1,1,0,0.35,0.75,1,11,1,0,0,False,False,False,False,False
g553_registry_000482,repair5g553_theta_553000482,lambda_flow_lambda_cong_grid_00486,lambda_flow_lambda_cong_grid,lambda_flow_lambda_cong_grid,repair5g553_fixed_global_staticflow_registry,True,True,False,False,1.24529774529,1.25,1.25,1.25,0.75,0.75,1,0.382961632962,0.95,1,1.49473499473,0.66629016629,0.35,0.75,1,11,1,0,0,False,False,False,False,False
g553_registry_000483,repair5g553_theta_553000483,flow_shield_beta_cap_grid_00487,flow_shield_beta_cap_grid,flow_shield_beta_cap_grid,repair5g553_fixed_global_staticflow_registry,True,True,False,False,0.632875670375,1.25,1.25,1.25,0.75,0.75,1,0,0.95,1,1,0,0.549282149282,0.270283770284,1,11,1,0,0,False,False,False,False,False
g553_registry_000484,repair5g553_theta_553000484,alpha_flow_wait_progress_grid_00488,alpha_flow_wait_progress_grid,alpha_flow_wait_progress_grid,repair5g553_fixed_global_staticflow_registry,True,True,False,False,1.79310979311,1.25,1.25,1.25,0.75,0.75,1,1.01864226864,0.95,1,1,1.46729396729,0.35,0.75,1,11,1,0,0,False,False,False,False,False
g553_registry_000485,repair5g553_theta_553000485,alpha_cong_commit_nonprogress_grid_00489,alpha_cong_commit_nonprogress_grid,alpha_cong_commit_nonprogress_grid,repair5g553_fixed_global_staticflow_registry,True,True,False,False,0.0818629818587,1.20657570658,1.18385818386,1.25,0.75,0.75,1,0,0.95,1,1,0,0.35,0.75,1,11,1,0,0,False,False,False,False,False
g553_registry_000486,repair5g553_theta_553000486,edge_cost_clamp_grid_00490,edge_cost_clamp_grid,edge_cost_clamp_grid,repair5g553_fixed_global_staticflow_registry,True,True,False,False,0.841019091009,1.25,1.25,1.25,0.75,0.75,1,0,0.95,1,1,0,0.35,0.75,0.472255972256,10.4505584506,1,0,0,False,False,False,False,False
g553_registry_000487,repair5g553_theta_553000487,rho_decay_grid_00491,rho_decay_grid,rho_decay_grid,repair5g553_fixed_global_staticflow_registry,True,True,False,False,0.49878599878,1.25,1.25,1.25,0.75,0.75,1,0,0.997862397862,0.997983797984,1,0,0.35,0.75,1,11,1,0,0,False,False,False,False,False
g553_registry_000488,repair5g553_theta_553000488,sobol_local_global_static_00492,sobol_local_global_static,sobol_local_global_static,repair5g553_fixed_global_staticflow_registry,True,True,False,False,1.39051964051,1.32340857341,1.11691205441,1.06498587749,0.918246105746,0.774422586923,0.962513837514,0.152412027412,0.935775510776,0.996515896516,0.851315601316,0.273096273096,0.355485405485,0.673547736048,0.834056521557,11.1472151472,1,0,0,False,False,False,False,False
g553_registry_000489,repair5g553_theta_553000489,cma_es_or_ranked_search_candidates_00493,cma_es_or_ranked_search_candidates,cma_es_or_ranked_search_candidates,repair5g553_fixed_global_staticflow_registry,True,True,False,False,1.00637112137,1.25,0.983154133154,1.25,0.75,0.75,1,0,0.95,1,1.20273165273,0.5012004512,0.326995076995,1.03409123409,1,11,1,0,0,False,False,False,False,False
g553_registry_000490,repair5g553_theta_553000490,negative_random_wide_control_00494,negative_random_wide_control,negative_random_wide_control,repair5g553_fixed_global_staticflow_registry,True,True,False,False,4.75662784414,1.39456639457,1.13147438147,1.53346353346,0.345835345835,0.695331695332,0.0771930771931,0.0547463047463,0.972455772456,0.953692453692,0.627367127367,0.731678231678,0.705342305342,0.69556044556,0.550301050301,9.98200598201,0,0,1,False,False,False,False,False
g553_registry_000491,repair5g553_theta_553000491,tiny_local_perturbation_2pct_00495,tiny_local_perturbation_2pct,tiny_local_perturbation_2pct,repair5g553_fixed_global_staticflow_registry,True,True,False,False,0.480578628081,1.22054209304,1.27136619012,1.23402512653,0.765034627535,0.724414204414,1.02348806599,0,0.966115056115,0.986068841069,1.00546827047,0.0082827982828,0.337296271296,0.7595504533,0.985307680308,10.8486014586,1,0,0,False,False,False,False,False
g553_registry_000492,repair5g553_theta_553000492,small_local_perturbation_5pct_00496,small_local_perturbation_5pct,small_local_perturbation_5pct,repair5g553_fixed_global_staticflow_registry,True,True,False,False,0.739386026888,1.22594770095,1.21249250937,1.19713205338,0.796691249816,0.803687997438,0.962523456273,0,0.91497959248,1,0.971925259425,0,0.328355038355,0.698885948886,1,10.5044302544,1,0,0,False,False,False,False,False
g553_registry_000493,repair5g553_theta_553000493,medium_local_perturbation_10pct_00497,medium_local_perturbation_10pct,medium_local_perturbation_10pct,repair5g553_fixed_global_staticflow_registry,True,True,False,False,1.05387943512,1.19397235647,1.20803239553,1.41672612298,0.788088694339,0.589079464079,1.05678488178,0,0.978897960148,1,1.05093907594,0.122585860086,0.375364905365,0.825363356613,1,10.14496007,1,0,0,False,False,False,False,False
g553_registry_000494,repair5g553_theta_553000494,coordinate_sweep_each_field_00498,coordinate_sweep_each_field,coordinate_sweep_each_field,repair5g553_fixed_global_staticflow_registry,True,True,False,False,0.15,1.25,1.25,1.25,0.9375,0.75,1,0,0.95,1,1,0,0.35,0.75,1,11,1,0,0,False,False,False,False,False
g553_registry_000495,repair5g553_theta_553000495,lambda_flow_lambda_cong_grid_00499,lambda_flow_lambda_cong_grid,lambda_flow_lambda_cong_grid,repair5g553_fixed_global_staticflow_registry,True,True,False,False,0.955914455914,1.25,1.25,1.25,0.75,0.75,1,0.49125049125,0.95,1,0.566912066912,0.194739194739,0.35,0.75,1,11,1,0,0,False,False,False,False,False
g553_registry_000496,repair5g553_theta_553000496,flow_shield_beta_cap_grid_00500,flow_shield_beta_cap_grid,flow_shield_beta_cap_grid,repair5g553_fixed_global_staticflow_registry,True,True,False,False,0.434643397143,1.25,1.25,1.25,0.75,0.75,1,0,0.95,1,1,0,0.303252303252,1.22026097026,1,11,1,0,0,False,False,False,False,False
g553_registry_000497,repair5g553_theta_553000497,alpha_flow_wait_progress_grid_00501,alpha_flow_wait_progress_grid,alpha_flow_wait_progress_grid,repair5g553_fixed_global_staticflow_registry,True,True,False,False,1.44787244787,1.25,1.25,1.25,0.75,0.75,1,1.06907731908,0.95,1,1,0.888915888916,0.35,0.75,1,11,1,0,0,False,False,False,False,False
g553_registry_000498,repair5g553_theta_553000498,alpha_cong_commit_nonprogress_grid_00502,alpha_cong_commit_nonprogress_grid,alpha_cong_commit_nonprogress_grid,repair5g553_fixed_global_staticflow_registry,True,True,False,False,0.460076560075,1.40466290466,1.69620994621,1.25,0.75,0.75,1,0,0.95,1,1,0,0.35,0.75,1,11,1,0,0,False,False,False,False,False
g553_registry_000499,repair5g553_theta_553000499,edge_cost_clamp_grid_00503,edge_cost_clamp_grid,edge_cost_clamp_grid,repair5g553_fixed_global_staticflow_registry,True,True,False,False,0.842672592683,1.25,1.25,1.25,0.75,0.75,1,0,0.95,1,1,0,0.35,0.75,0.509344259344,11.7538597539,1,0,0,False,False,False,False,False
g553_registry_000500,repair5g553_theta_553000500,rho_decay_grid_00504,rho_decay_grid,rho_decay_grid,repair5g553_fixed_global_staticflow_registry,True,True,False,False,0.76911526911,1.25,1.25,1.25,0.75,0.75,1,0,0.954612454612,0.927700927701,1,0,0.35,0.75,1,11,1,0,0,False,False,False,False,False
g553_registry_000501,repair5g553_theta_553000501,sobol_local_global_static_00505,sobol_local_global_static,sobol_local_global_static,repair5g553_fixed_global_staticflow_registry,True,True,False,False,1.684654768,1.4132017882,1.1962040087,1.47935654186,1.04774873525,0.394048331548,0.89546977047,0.0115806365806,0.9291996542,0.977378077378,0.896372646373,0.0147592647593,0.397025447025,0.862504800005,0.949531324531,11.4697514698,1,0,0,False,False,False,False,False
g553_registry_000502,repair5g553_theta_553000502,cma_es_or_ranked_search_candidates_00506,cma_es_or_ranked_search_candidates,cma_es_or_ranked_search_candidates,repair5g553_fixed_global_staticflow_registry,True,True,False,False,1.03484183985,1.25,1.21566076566,1.25,0.75,0.75,1,0,0.95,1,1.25352830353,0.815931965932,0.326856476856,0.523802373802,1,11,1,0,0,False,False,False,False,False
g553_registry_000503,repair5g553_theta_553000503,negative_random_wide_control_00507,negative_random_wide_control,negative_random_wide_control,repair5g553_fixed_global_staticflow_registry,True,True,False,False,4.70808529559,0.405646905647,1.42648967649,1.75679000679,0.658206908207,0.318631568632,0.679913179913,0.173226423226,0.908033508034,0.918443418443,1.20833070833,0.297264297264,0.499071699072,1.42087617088,0.697127197127,9.90445790446,1,0,0,False,False,False,False,False
g553_registry_000504,repair5g553_theta_553000504,tiny_local_perturbation_2pct_00508,tiny_local_perturbation_2pct,tiny_local_perturbation_2pct,repair5g553_fixed_global_staticflow_registry,True,True,False,False,0.400141865122,1.23275328275,1.22995763621,1.2379025704,0.733509339759,0.770228243978,0.975051435051,0,0.962697318447,0.988282648283,1.01586463086,0,0.338778728779,0.759236915487,0.980612150612,11.0681420981,1,0,0,False,False,False,False,False
g553_registry_000505,repair5g553_theta_553000505,small_local_perturbation_5pct_00509,small_local_perturbation_5pct,small_local_perturbation_5pct,repair5g553_fixed_global_staticflow_registry,True,True,False,False,0.959066749696,1.20361856612,1.28193812569,1.28867888868,0.716130763006,0.699532946408,1.06339178839,0,0.969152054777,0.962700587701,0.985697373197,0,0.374590664591,0.692966849217,1,11.508464096,1,0,0,False,False,False,False,False
g553_registry_000506,repair5g553_theta_553000506,medium_local_perturbation_10pct_00510,medium_local_perturbation_10pct,medium_local_perturbation_10pct,repair5g553_fixed_global_staticflow_registry,True,True,False,False,1.71664611666,1.16422743923,1.1507461195,1.15876632752,0.686562311562,0.833901908902,1.07657770158,0,1,0.950303375303,1.08568631069,0.0946331821332,0.323918513919,0.707127332127,1,10.3378378378,1,0,0,False,False,False,False,False
g553_registry_000507,repair5g553_theta_553000507,coordinate_sweep_each_field_00511,coordinate_sweep_each_field,coordinate_sweep_each_field,repair5g553_fixed_global_staticflow_registry,True,True,False,False,0.4,1.25,1.75,1.25,0.75,0.75,1,0,0.95,1,1,0,0.35,0.75,1,11,1,0,0,False,False,False,False,False
g553_registry_000508,repair5g553_theta_553000508,lambda_flow_lambda_cong_grid_00512,lambda_flow_lambda_cong_grid,lambda_flow_lambda_cong_grid,repair5g553_fixed_global_staticflow_registry,True,True,False,False,0.823825323826,1.25,1.25,1.25,0.75,0.75,1,0.684359434359,0.95,1,0.825543325543,0.152821652822,0.35,0.75,1,11,1,0,0,False,False,False,False,False
g553_registry_000509,repair5g553_theta_553000509,flow_shield_beta_cap_grid_00513,flow_shield_beta_cap_grid,flow_shield_beta_cap_grid,repair5g553_fixed_global_staticflow_registry,True,True,False,False,0.720447557948,1.25,1.25,1.25,0.75,0.75,1,0,0.95,1,1,0,0.787604787605,0.966801966802,1,11,1,0,0,False,False,False,False,False
g553_registry_000510,repair5g553_theta_553000510,alpha_flow_wait_progress_grid_00514,alpha_flow_wait_progress_grid,alpha_flow_wait_progress_grid,repair5g553_fixed_global_staticflow_registry,True,True,False,False,1.52487152487,1.25,1.25,1.25,0.75,0.75,1,0.694698194698,0.95,1,1,1.45366945367,0.35,0.75,1,11,1,0,0,False,False,False,False,False
g553_registry_000511,repair5g553_theta_553000511,alpha_cong_commit_nonprogress_grid_00515,alpha_cong_commit_nonprogress_grid,alpha_cong_commit_nonprogress_grid,repair5g553_fixed_global_staticflow_registry,True,True,False,False,0.855107955108,0.262645762646,1.49608974609,1.25,0.75,0.75,1,0,0.95,1,1,0,0.35,0.75,1,11,1,0,0,False,False,False,False,False
g553_registry_000512,repair5g553_theta_553000512,edge_cost_clamp_grid_00516,edge_cost_clamp_grid,edge_cost_clamp_grid,repair5g553_fixed_global_staticflow_registry,True,True,False,False,0.799477049467,1.25,1.25,1.25,0.75,0.75,1,0,0.95,1,1,0,0.35,0.75,0.547325047325,10.2163582164,1,0,0,False,False,False,False,False
g553_registry_000513,repair5g553_theta_553000513,rho_decay_grid_00517,rho_decay_grid,rho_decay_grid,repair5g553_fixed_global_staticflow_registry,True,True,False,False,0.96624346625,1.25,1.25,1.25,0.75,0.75,1,0,0.912369412369,0.941006241006,1,0,0.35,0.75,1,11,1,0,0,False,False,False,False,False
g553_registry_000514,repair5g553_theta_553000514,sobol_local_global_static_00518,sobol_local_global_static,sobol_local_global_static,repair5g553_fixed_global_staticflow_registry,True,True,False,False,2.14776073108,1.4902981153,1.256497819,1.62223105973,0.974093661594,0.901108713609,0.852643977644,0.253925878926,0.958769283769,0.976536826537,1.05045080045,0.186705561706,0.53895998896,0.96167989918,0.861112048612,10.5412565413,1,0,0,False,False,False,False,False
g553_registry_000515,repair5g553_theta_553000515,cma_es_or_ranked_search_candidates_00519,cma_es_or_ranked_search_candidates,cma_es_or_ranked_search_candidates,repair5g553_fixed_global_staticflow_registry,True,True,False,False,0.306056739387,1.25,1.29995974996,1.25,0.75,0.75,1,0,0.95,1,1.03749328749,0.216496916497,0.351110601111,0.853595153595,1,11,1,0,0,False,False,False,False,False
g553_registry_000516,repair5g553_theta_553000516,negative_random_wide_control_00520,negative_random_wide_control,negative_random_wide_control,repair5g553_fixed_global_staticflow_registry,True,True,False,False,5.6578988704,0.991530991531,1.57090857091,0.628205128205,0.44254044254,0.411378161378,0.0777660777661,0.0818375818376,0.994884294884,0.914616814617,1.02923652924,0.314035814036,0.231018631019,1.14238464238,0.37447987448,9.33656133656,0,1,0,False,False,False,False,False
g553_registry_000517,repair5g553_theta_553000517,tiny_local_perturbation_2pct_00521,tiny_local_perturbation_2pct,tiny_local_perturbation_2pct,repair5g553_fixed_global_staticflow_registry,True,True,False,False,0.232961114206,1.26028856279,1.23479341604,1.27906368781,0.75747036372,0.768218174468,1.02157020907,0,0.960082326832,1,1.01071448071,0,0.338563712564,0.740532178032,0.98566970567,10.9438090288,1,0,0,False,False,False,False,False
g553_registry_000518,repair5g553_theta_553000518,small_local_perturbation_5pct_00522,small_local_perturbation_5pct,small_local_perturbation_5pct,repair5g553_fixed_global_staticflow_registry,True,True,False,False,0.81535124973,1.27534301284,1.29330701206,1.33078320891,0.730548355548,0.790512321762,0.970844864595,0,0.997232527233,1,1.04212015462,0,0.379183699184,0.780184811435,1,10.6622896248,1,0,0,False,False,False,False,False
g553_registry_000519,repair5g553_theta_553000519,medium_local_perturbation_10pct_00523,medium_local_perturbation_10pct,medium_local_perturbation_10pct,repair5g553_fixed_global_staticflow_registry,True,True,False,False,1.08669107419,1.16846216846,1.20223292098,1.0917015792,0.845900908401,0.670557445557,0.916160528661,0,0.980365854116,1,0.905578655579,0,0.380350910351,0.802682677683,0.959474459474,10.2261822262,1,0,0,False,False,False,False,False
g553_registry_000520,repair5g553_theta_553000520,coordinate_sweep_each_field_00524,coordinate_sweep_each_field,coordinate_sweep_each_field,repair5g553_fixed_global_staticflow_registry,True,True,False,False,0.25,1.25,1.25,1.25,0.75,0.75,1,0,0.95,1,1,0,0.35,0.75,1,12,1,0,0,False,False,False,False,False
g553_registry_000521,repair5g553_theta_553000521,lambda_flow_lambda_cong_grid_00525,lambda_flow_lambda_cong_grid,lambda_flow_lambda_cong_grid,repair5g553_fixed_global_staticflow_registry,True,True,False,False,1.23955673956,1.25,1.25,1.25,0.75,0.75,1,0.345251595252,0.95,1,0.994749494749,1.43715743716,0.35,0.75,1,11,1,0,0,False,False,False,False,False
g553_registry_000522,repair5g553_theta_553000522,flow_shield_beta_cap_grid_00526,flow_shield_beta_cap_grid,flow_shield_beta_cap_grid,repair5g553_fixed_global_staticflow_registry,True,True,False,False,0.380976418476,1.25,1.25,1.25,0.75,0.75,1,0,0.95,1,1,0,0.545953345953,0.579956579957,1,11,1,0,0,False,False,False,False,False
g553_registry_000523,repair5g553_theta_553000523,alpha_flow_wait_progress_grid_00527,alpha_flow_wait_progress_grid,alpha_flow_wait_progress_grid,repair5g553_fixed_global_staticflow_registry,True,True,False,False,1.0928940929,1.25,1.25,1.25,0.75,0.75,1,0.351519101519,0.95,1,1,1.21751821752,0.35,0.75,1,11,1,0,0,False,False,False,False,False
g553_registry_000524,repair5g553_theta_553000524,alpha_cong_commit_nonprogress_grid_00528,alpha_cong_commit_nonprogress_grid,alpha_cong_commit_nonprogress_grid,repair5g553_fixed_global_staticflow_registry,True,True,False,False,0.291051391053,1.05168105168,1.44854844855,1.25,0.75,0.75,1,0,0.95,1,1,0,0.35,0.75,1,11,1,0,0,False,False,False,False,False
g553_registry_000525,repair5g553_theta_553000525,edge_cost_clamp_grid_00529,edge_cost_clamp_grid,edge_cost_clamp_grid,repair5g553_fixed_global_staticflow_registry,True,True,False,False,0.424166674166,1.25,1.25,1.25,0.75,0.75,1,0,0.95,1,1,0,0.35,0.75,0.889735639736,9.89140989141,1,0,0,False,False,False,False,False
g553_registry_000526,repair5g553_theta_553000526,rho_decay_grid_00530,rho_decay_grid,rho_decay_grid,repair5g553_fixed_global_staticflow_registry,True,True,False,False,1.25796375796,1.25,1.25,1.25,0.75,0.75,1,0,0.997231397231,0.921435021435,1,0,0.35,0.75,1,11,1,0,0,False,False,False,False,False
g553_registry_000527,repair5g553_theta_553000527,sobol_local_global_static_00531,sobol_local_global_static,sobol_local_global_static,repair5g553_fixed_global_staticflow_registry,True,True,False,False,1.46066112731,1.14284151784,0.94036000286,1.46603027853,0.860613548114,0.879490941991,1.11518249018,0.0733672608673,0.959707484707,0.980367730368,0.995113745114,0.237704487704,0.267600917601,0.730574668075,0.994208494208,10.4516724517,1,0,0,False,False,False,False,False
g553_registry_000528,repair5g553_theta_553000528,cma_es_or_ranked_search_candidates_00532,cma_es_or_ranked_search_candidates,cma_es_or_ranked_search_candidates,repair5g553_fixed_global_staticflow_registry,True,True,False,False,1.34985029068,1.25,1.18751023751,1.25,0.75,0.75,1,0,0.95,1,1.22446127446,0.817116867117,0.581972981973,1.05085800086,1,11,1,0,0,False,False,False,False,False
g553_registry_000529,repair5g553_theta_553000529,negative_random_wide_control_00533,negative_random_wide_control,negative_random_wide_control,repair5g553_fixed_global_staticflow_registry,True,True,False,False,7.58094159344,0.506061506062,0.522851272851,2.19415919416,0.0707088207088,1.04348579349,1.13558663559,1.04966479966,0.920016020016,0.959994059994,0.601545101545,0.99051999052,0.0261968261968,1.18788468788,0.537432537433,8.23214823215,0,0,1,False,False,False,False,False
g553_registry_000530,repair5g553_theta_553000530,tiny_local_perturbation_2pct_00534,tiny_local_perturbation_2pct,tiny_local_perturbation_2pct,repair5g553_fixed_global_staticflow_registry,True,True,False,False,0.27346821971,1.2619000369,1.24233842359,1.21712315462,0.759785972286,0.779598427098,1.01082035082,0,0.958899490149,0.994655314655,0.993114213114,0.0110996660997,0.360102930103,0.757431251181,0.990601710602,10.9166757417,1,0,0,False,False,False,False,False
g553_registry_000531,repair5g553_theta_553000531,small_local_perturbation_5pct_00535,small_local_perturbation_5pct,small_local_perturbation_5pct,repair5g553_fixed_global_staticflow_registry,True,True,False,False,1.15125114187,1.27970683596,1.20379395379,1.17315724816,0.688212688213,0.816927460677,0.928083178083,0,0.994922279297,0.978618978619,1.03673796174,0.0745252495252,0.369727929728,0.68996483059,1,10.6287582913,1,0,0,False,False,False,False,False
g553_registry_000532,repair5g553_theta_553000532,medium_local_perturbation_10pct_00536,medium_local_perturbation_10pct,medium_local_perturbation_10pct,repair5g553_fixed_global_staticflow_registry,True,True,False,False,1.44351274351,1.35390667891,1.18282993283,1.17009072009,0.849924381174,0.628012584263,1.0558970309,0.079624954625,1,1,1.05246397746,0,0.315720945721,0.631405006405,0.936967686968,12,1,0,0,False,False,False,False,False
g553_registry_000533,repair5g553_theta_553000533,coordinate_sweep_each_field_00537,coordinate_sweep_each_field,coordinate_sweep_each_field,repair5g553_fixed_global_staticflow_registry,True,True,False,False,0.4,1.25,1.25,1.25,0.75,0.75,1,0,0.95,1,1,0,0.35,0.25,1,11,1,0,0,False,False,False,False,False
g553_registry_000534,repair5g553_theta_553000534,lambda_flow_lambda_cong_grid_00538,lambda_flow_lambda_cong_grid,lambda_flow_lambda_cong_grid,repair5g553_fixed_global_staticflow_registry,True,True,False,False,1.67658417659,1.25,1.25,1.25,0.75,0.75,1,0.937435937436,0.95,1,0.828503328503,1.13270813271,0.35,0.75,1,11,1,0,0,False,False,False,False,False
g553_registry_000535,repair5g553_theta_553000535,flow_shield_beta_cap_grid_00539,flow_shield_beta_cap_grid,flow_shield_beta_cap_grid,repair5g553_fixed_global_staticflow_registry,True,True,False,False,0.510756348257,1.25,1.25,1.25,0.75,0.75,1,0,0.95,1,1,0,0.698728698729,0.843556843557,1,11,1,0,0,False,False,False,False,False
g553_registry_000536,repair5g553_theta_553000536,alpha_flow_wait_progress_grid_00540,alpha_flow_wait_progress_grid,alpha_flow_wait_progress_grid,repair5g553_fixed_global_staticflow_registry,True,True,False,False,1.67584167584,1.25,1.25,1.25,0.75,0.75,1,1.17522742523,0.95,1,1,1.10348960349,0.35,0.75,1,11,1,0,0,False,False,False,False,False
g553_registry_000537,repair5g553_theta_553000537,alpha_cong_commit_nonprogress_grid_00541,alpha_cong_commit_nonprogress_grid,alpha_cong_commit_nonprogress_grid,repair5g553_fixed_global_staticflow_registry,True,True,False,False,0.58438048438,1.25558075558,0.524175024175,1.25,0.75,0.75,1,0,0.95,1,1,0,0.35,0.75,1,11,1,0,0,False,False,False,False,False
g553_registry_000538,repair5g553_theta_553000538,edge_cost_clamp_grid_00542,edge_cost_clamp_grid,edge_cost_clamp_grid,repair5g553_fixed_global_staticflow_registry,True,True,False,False,1.22421047421,1.25,1.25,1.25,0.75,0.75,1,0,0.95,1,1,0,0.35,0.75,0.62405987406,8.10817210817,1,0,0,False,False,False,False,False
g553_registry_000539,repair5g553_theta_553000539,rho_decay_grid_00543,rho_decay_grid,rho_decay_grid,repair5g553_fixed_global_staticflow_registry,True,True,False,False,0.47612897613,1.25,1.25,1.25,0.75,0.75,1,0,0.906126006126,0.996261096261,1,0,0.35,0.75,1,11,1,0,0,False,False,False,False,False
g553_registry_000540,repair5g553_theta_553000540,sobol_local_global_static_00544,sobol_local_global_static,sobol_local_global_static,repair5g553_fixed_global_staticflow_registry,True,True,False,False,1.95551278884,1.01382763883,1.5219980845,1.10860817111,0.535638848139,0.826990889491,1.31888269388,0.077131014631,0.942618467618,0.993797093797,0.791066041066,0.101551601552,0.53448958449,0.716674029174,0.819112944113,11.3958353958,1,0,0,False,False,False,False,False
g553_registry_000541,repair5g553_theta_553000541,cma_es_or_ranked_search_candidates_00545,cma_es_or_ranked_search_candidates,cma_es_or_ranked_search_candidates,repair5g553_fixed_global_staticflow_registry,True,True,False,False,0.865778637446,1.25,0.873953323953,1.25,0.75,0.75,1,0,0.95,1,0.924555174555,0.368945418945,0.385347535348,0.500814450814,1,11,1,0,0,False,False,False,False,False
g553_registry_000542,repair5g553_theta_553000542,negative_random_wide_control_00546,negative_random_wide_control,negative_random_wide_control,repair5g553_fixed_global_staticflow_registry,True,True,False,False,3.90168441418,0.23517023517,1.01378051378,1.81526806527,0.730093230093,0.698191198191,1.30891030891,0.730800730801,0.93574013574,0.993766593767,1.23930973931,0.0655005655006,0.254501854502,1.17188467188,0.617891867892,9.30893330893,1,0,0,False,False,False,False,False
g553_registry_000543,repair5g553_theta_553000543,tiny_local_perturbation_2pct_00547,tiny_local_perturbation_2pct,tiny_local_perturbation_2pct,repair5g553_fixed_global_staticflow_registry,True,True,False,False,0.406464267716,1.22675383175,1.22873618499,1.28373149373,0.736671980422,0.771123474873,1.02789314289,0,0.942293563794,0.982894117894,0.986141456141,0,0.360393174393,0.758609033609,1,10.874032769,1,0,0,False,False,False,False,False
g553_registry_000544,repair5g553_theta_553000544,small_local_perturbation_5pct_00548,small_local_perturbation_5pct,small_local_perturbation_5pct,repair5g553_fixed_global_staticflow_registry,True,True,False,False,1.06527555903,1.17557453807,1.27382958633,1.17506405006,0.796518796519,0.663494744745,0.962587918838,0.0163827820078,0.910817768943,0.976243988744,1.03521137271,0,0.31952044952,0.716676622927,0.959398784399,10.8176269676,1,0,0,False,False,False,False,False
g553_registry_000545,repair5g553_theta_553000545,medium_local_perturbation_10pct_00549,medium_local_perturbation_10pct,medium_local_perturbation_10pct,repair5g553_fixed_global_staticflow_registry,True,True,False,False,1.27006248256,1.12466002466,1.18043058668,1.10949082824,0.810485216735,0.652892227892,0.893669056169,0,1,1,1.08418090918,0,0.276946026946,0.80121033246,1,10.3627050127,1,0,0,False,False,False,False,False
g553_registry_000546,repair5g553_theta_553000546,coordinate_sweep_each_field_00550,coordinate_sweep_each_field,coordinate_sweep_each_field,repair5g553_fixed_global_staticflow_registry,True,True,False,False,0.25,1.25,1.25,1.25,0.75,0.75,1,0,0.95,1,1,0.375,0.35,0.75,1,11,1,0,0,False,False,False,False,False
g553_registry_000547,repair5g553_theta_553000547,lambda_flow_lambda_cong_grid_00551,lambda_flow_lambda_cong_grid,lambda_flow_lambda_cong_grid,repair5g553_fixed_global_staticflow_registry,True,True,False,False,0.633118133118,1.25,1.25,1.25,0.75,0.75,1,0.11009011009,0.95,1,0.703596203596,0.372963372963,0.35,0.75,1,11,1,0,0,False,False,False,False,False
g553_registry_000548,repair5g553_theta_553000548,flow_shield_beta_cap_grid_00552,flow_shield_beta_cap_grid,flow_shield_beta_cap_grid,repair5g553_fixed_global_staticflow_registry,True,True,False,False,0.455874618375,1.25,1.25,1.25,0.75,0.75,1,0,0.95,1,1,0,0.0224184224184,0.692002942003,1,11,1,0,0,False,False,False,False,False
g553_registry_000549,repair5g553_theta_553000549,alpha_flow_wait_progress_grid_00553,alpha_flow_wait_progress_grid,alpha_flow_wait_progress_grid,repair5g553_fixed_global_staticflow_registry,True,True,False,False,1.91780591781,1.25,1.25,1.25,0.75,0.75,1,1.18926618927,0.95,1,1,1.44958944959,0.35,0.75,1,11,1,0,0,False,False,False,False,False
g553_registry_000550,repair5g553_theta_553000550,alpha_cong_commit_nonprogress_grid_00554,alpha_cong_commit_nonprogress_grid,alpha_cong_commit_nonprogress_grid,repair5g553_fixed_global_staticflow_registry,True,True,False,False,0.531452431455,1.3302958303,0.652597652598,1.25,0.75,0.75,1,0,0.95,1,1,0,0.35,0.75,1,11,1,0,0,False,False,False,False,False
g553_registry_000551,repair5g553_theta_553000551,edge_cost_clamp_grid_00555,edge_cost_clamp_grid,edge_cost_clamp_grid,repair5g553_fixed_global_staticflow_registry,True,True,False,False,0.375189625191,1.25,1.25,1.25,0.75,0.75,1,0,0.95,1,1,0,0.35,0.75,0.922395172395,9.91313391313,1,0,0,False,False,False,False,False
g553_registry_000552,repair5g553_theta_553000552,rho_decay_grid_00556,rho_decay_grid,rho_decay_grid,repair5g553_fixed_global_staticflow_registry,True,True,False,False,0.45648895649,1.25,1.25,1.25,0.75,0.75,1,0,0.951746751747,0.956097856098,1,0,0.35,0.75,1,11,1,0,0,False,False,False,False,False
g553_registry_000553,repair5g553_theta_553000553,sobol_local_global_static_00557,sobol_local_global_static,sobol_local_global_static,repair5g553_fixed_global_staticflow_registry,True,True,False,False,2.04023012356,1.46616684117,1.10763767014,1.51464795215,0.59983953734,0.318397505898,0.850367725368,0.0465312965313,0.930783555784,0.983004783005,0.86917011917,0.371303621304,0.284096134096,0.77001970752,0.847495597496,11.3401853402,1,0,0,False,False,False,False,False
g553_registry_000554,repair5g553_theta_553000554,cma_es_or_ranked_search_candidates_00558,cma_es_or_ranked_search_candidates,cma_es_or_ranked_search_candidates,repair5g553_fixed_global_staticflow_registry,True,True,False,False,0.485486244655,1.25,1.10628285628,1.25,0.75,0.75,1,0,0.95,1,0.995267645268,0.0293666793667,0.47895977896,0.518746668747,1,11,1,0,0,False,False,False,False,False
g553_registry_000555,repair5g553_theta_553000555,negative_random_wide_control_00559,negative_random_wide_control,negative_random_wide_control,repair5g553_fixed_global_staticflow_registry,True,True,False,False,6.78584679834,0.565503565504,0.546375046375,0.829425579426,0.669696919697,0.00201775201775,0.773370773371,1.20878995879,0.998861598862,0.932838732839,1.4793049793,0.013266013266,0.311385111385,1.44694494694,0.476454476454,9.14301714302,0,1,0,False,False,False,False,False
g553_registry_000556,repair5g553_theta_553000556,tiny_local_perturbation_2pct_00560,tiny_local_perturbation_2pct,tiny_local_perturbation_2pct,repair5g553_fixed_global_staticflow_registry,True,True,False,False,0.237836941589,1.26371464121,1.24279742405,1.22697216447,0.757928595429,0.771575342825,0.991166491166,0,0.959168288168,1,0.981806586807,0,0.335362877363,0.771748240498,1,11.1585643336,1,0,0,False,False,False,False,False
g553_registry_000557,repair5g553_theta_553000557,small_local_perturbation_5pct_00561,small_local_perturbation_5pct,small_local_perturbation_5pct,repair5g553_fixed_global_staticflow_registry,True,True,False,False,0.671095749223,1.20924030924,1.30418014793,1.18669602732,0.7091251935,0.676791892417,1.04946455571,0.0313191875692,0.926968663844,1,0.984297796798,0,0.311062241062,0.771451568327,0.953539478539,10.7678253803,1,0,0,False,False,False,False,False
g553_registry_000558,repair5g553_theta_553000558,medium_local_perturbation_10pct_00562,medium_local_perturbation_10pct,medium_local_perturbation_10pct,repair5g553_fixed_global_staticflow_registry,True,True,False,False,2.08793008794,1.17527495027,1.1996469184,1.11354251979,0.821118914869,0.628865447615,1.07673441423,0,0.9,0.906568056568,0.965134190134,0,0.42163047163,0.859994547495,1,11.3834603835,1,0,0,False,False,False,False,False
g553_registry_000559,repair5g553_theta_553000559,coordinate_sweep_each_field_00563,coordinate_sweep_each_field,coordinate_sweep_each_field,repair5g553_fixed_global_staticflow_registry,True,True,False,False,0.5,1.25,1.25,1.25,0.75,0.75,1,0,0.95,0.95,1,0,0.35,0.75,1,11,1,0,0,False,False,False,False,False
g553_registry_000560,repair5g553_theta_553000560,lambda_flow_lambda_cong_grid_00564,lambda_flow_lambda_cong_grid,lambda_flow_lambda_cong_grid,repair5g553_fixed_global_staticflow_registry,True,True,False,False,1.40605190605,1.25,1.25,1.25,0.75,0.75,1,0.672174422174,0.95,1,1.3508028508,0.776264276264,0.35,0.75,1,11,1,0,0,False,False,False,False,False
g553_registry_000561,repair5g553_theta_553000561,flow_shield_beta_cap_grid_00565,flow_shield_beta_cap_grid,flow_shield_beta_cap_grid,repair5g553_fixed_global_staticflow_registry,True,True,False,False,0.57781854032,1.25,1.25,1.25,0.75,0.75,1,0,0.95,1,1,0,0.21846981847,1.26675726676,1,11,1,0,0,False,False,False,False,False
g553_registry_000562,repair5g553_theta_553000562,alpha_flow_wait_progress_grid_00566,alpha_flow_wait_progress_grid,alpha_flow_wait_progress_grid,repair5g553_fixed_global_staticflow_registry,True,True,False,False,0.750061750061,1.25,1.25,1.25,0.75,0.75,1,0.333025333025,0.95,1,1,0.725462225462,0.35,0.75,1,11,1,0,0,False,False,False,False,False
g553_registry_000563,repair5g553_theta_553000563,alpha_cong_commit_nonprogress_grid_00567,alpha_cong_commit_nonprogress_grid,alpha_cong_commit_nonprogress_grid,repair5g553_fixed_global_staticflow_registry,True,True,False,False,1.23369013369,0.271108771109,0.52363002363,1.25,0.75,0.75,1,0,0.95,1,1,0,0.35,0.75,1,11,1,0,0,False,False,False,False,False
g553_registry_000564,repair5g553_theta_553000564,edge_cost_clamp_grid_00568,edge_cost_clamp_grid,edge_cost_clamp_grid,repair5g553_fixed_global_staticflow_registry,True,True,False,False,0.078929328931,1.25,1.25,1.25,0.75,0.75,1,0,0.95,1,1,0,0.35,0.75,0.947457947458,10.9645069645,1,0,0,False,False,False,False,False
g553_registry_000565,repair5g553_theta_553000565,rho_decay_grid_00569,rho_decay_grid,rho_decay_grid,repair5g553_fixed_global_staticflow_registry,True,True,False,False,0.98508648509,1.25,1.25,1.25,0.75,0.75,1,0,0.929146329146,0.922345022345,1,0,0.35,0.75,1,11,1,0,0,False,False,False,False,False
g553_registry_000566,repair5g553_theta_553000566,sobol_local_global_static_00570,sobol_local_global_static,sobol_local_global_static,repair5g553_fixed_global_staticflow_registry,True,True,False,False,2.18047526382,1.45802370802,1.12764956515,1.58317802068,0.992173679674,0.530713843214,0.91458953959,0.0543653668654,0.934287109287,0.976484301484,0.806692556693,0.158454908455,0.481763531764,0.641028328528,0.866936179436,11.8540678541,1,0,0,False,False,False,False,False
g553_registry_000567,repair5g553_theta_553000567,cma_es_or_ranked_search_candidates_00571,cma_es_or_ranked_search_candidates,cma_es_or_ranked_search_candidates,repair5g553_fixed_global_staticflow_registry,True,True,False,False,0.563279110779,1.25,1.37807632808,1.25,0.75,0.75,1,0,0.95,1,1.12771297771,0.30277965278,0.375516375516,0.625804375804,1,11,1,0,0,False,False,False,False,False
g553_registry_000568,repair5g553_theta_553000568,negative_random_wide_control_00572,negative_random_wide_control,negative_random_wide_control,repair5g553_fixed_global_staticflow_registry,True,True,False,False,5.30595869344,0.906284406284,1.1905006905,2.10005110005,0.662358162358,0.450926450926,0.0934290934291,1.08876983877,0.993515393515,0.970351770352,0.941534441534,0.490023490023,0.415409215409,1.23741098741,0.49085974086,11.2389392389,0,0,1,False,False,False,False,False
g553_registry_000569,repair5g553_theta_553000569,tiny_local_perturbation_2pct_00573,tiny_local_perturbation_2pct,tiny_local_perturbation_2pct,repair5g553_fixed_global_staticflow_registry,True,True,False,False,0.284342928107,1.23702441702,1.23563705439,1.25892259392,0.771612134112,0.732941289191,1.02024714025,0.00771227646228,0.964582609583,1,1.01104508105,0,0.343923073923,0.759597272097,0.991125721126,10.8863176913,1,0,0,False,False,False,False,False
g553_registry_000570,repair5g553_theta_553000570,small_local_perturbation_5pct_00574,small_local_perturbation_5pct,small_local_perturbation_5pct,repair5g553_fixed_global_staticflow_registry,True,True,False,False,1.0678553241,1.3126488939,1.2777275746,1.29206205769,0.705012376887,0.830095130095,0.975845888346,0,0.983948877699,0.970574733075,0.968474955975,0,0.314999324999,0.81235539048,0.965856215856,10.6896652147,1,0,0,False,False,False,False,False
g553_registry_000571,repair5g553_theta_553000571,medium_local_perturbation_10pct_00575,medium_local_perturbation_10pct,medium_local_perturbation_10pct,repair5g553_fixed_global_staticflow_registry,True,True,False,False,1.37562858188,1.17888935389,1.15961000336,1.32305697306,0.711173773674,0.887693331443,0.890598478098,0.0889556202056,0.9,1,0.919060669061,0,0.274997224997,0.697785791536,0.925072150072,10.4241881992,1,0,0,False,False,False,False,False
g553_registry_000572,repair5g553_theta_553000572,coordinate_sweep_each_field_00576,coordinate_sweep_each_field,coordinate_sweep_each_field,repair5g553_fixed_global_staticflow_registry,True,True,False,False,0.75,1.25,1.25,1.25,0.75,0.75,1,0.9375,0.95,1,1,0,0.35,0.75,1,11,1,0,0,False,False,False,False,False
g553_registry_000573,repair5g553_theta_553000573,lambda_flow_lambda_cong_grid_00577,lambda_flow_lambda_cong_grid,lambda_flow_lambda_cong_grid,repair5g553_fixed_global_staticflow_registry,True,True,False,False,1.58681808682,1.25,1.25,1.25,0.75,0.75,1,0.595841845842,0.95,1,1.17765367765,1.39873639874,0.35,0.75,1,11,1,0,0,False,False,False,False,False
g553_registry_000574,repair5g553_theta_553000574,flow_shield_beta_cap_grid_00578,flow_shield_beta_cap_grid,flow_shield_beta_cap_grid,repair5g553_fixed_global_staticflow_registry,True,True,False,False,0.156963119464,1.25,1.25,1.25,0.75,0.75,1,0,0.95,1,1,0,0.263195463195,0.810571810572,1,11,1,0,0,False,False,False,False,False
g553_registry_000575,repair5g553_theta_553000575,alpha_flow_wait_progress_grid_00579,alpha_flow_wait_progress_grid,alpha_flow_wait_progress_grid,repair5g553_fixed_global_staticflow_registry,True,True,False,False,0.35246935247,1.25,1.25,1.25,0.75,0.75,1,0.113442613443,0.95,1,1,0.392572892573,0.35,0.75,1,11,1,0,0,False,False,False,False,False
g553_registry_000576,repair5g553_theta_553000576,alpha_cong_commit_nonprogress_grid_00580,alpha_cong_commit_nonprogress_grid,alpha_cong_commit_nonprogress_grid,repair5g553_fixed_global_staticflow_registry,True,True,False,False,0.435297335297,0.942741942742,0.961926711927,1.25,0.75,0.75,1,0,0.95,1,1,0,0.35,0.75,1,11,1,0,0,False,False,False,False,False
g553_registry_000577,repair5g553_theta_553000577,edge_cost_clamp_grid_00581,edge_cost_clamp_grid,edge_cost_clamp_grid,repair5g553_fixed_global_staticflow_registry,True,True,False,False,0.924802174802,1.25,1.25,1.25,0.75,0.75,1,0,0.95,1,1,0,0.35,0.75,0.85396960397,8.07962007962,1,0,0,False,False,False,False,False
g553_registry_000578,repair5g553_theta_553000578,rho_decay_grid_00582,rho_decay_grid,rho_decay_grid,repair5g553_fixed_global_staticflow_registry,True,True,False,False,0.79004929005,1.25,1.25,1.25,0.75,0.75,1,0,0.945082345082,0.925912725913,1,0,0.35,0.75,1,11,1,0,0,False,False,False,False,False
g553_registry_000579,repair5g553_theta_553000579,sobol_local_global_static_00583,sobol_local_global_static,sobol_local_global_static,repair5g553_fixed_global_staticflow_registry,True,True,False,False,2.19944019945,1.48829436329,0.991676304176,1.02782896533,0.482739420239,1.16330622581,0.814448689449,0.134616384616,0.969233694234,0.983585358585,0.879711129711,0.0550001800002,0.548859198859,0.982303669804,0.980732668233,11.2081612082,1,0,0,False,False,False,False,False
g553_registry_000580,repair5g553_theta_553000580,cma_es_or_ranked_search_candidates_00584,cma_es_or_ranked_search_candidates,cma_es_or_ranked_search_candidates,repair5g553_fixed_global_staticflow_registry,True,True,False,False,1.1230020155,1.25,1.13022778023,1.25,0.75,0.75,1,0,0.95,1,1.24291849292,0.743473643474,0.235821835822,0.567632567633,1,11,1,0,0,False,False,False,False,False
g553_registry_000581,repair5g553_theta_553000581,negative_random_wide_control_00585,negative_random_wide_control,negative_random_wide_control,repair5g553_fixed_global_staticflow_registry,True,True,False,False,5.00202971451,0.678045678046,1.53178978179,1.50376425376,0.609363109363,0.142570892571,0.72794022794,0.589030589031,0.986040986041,0.90968950969,0.709659209659,0.010074010074,0.180765780766,1.11115211115,0.304165804166,10.402950403,1,0,0,False,False,False,False,False
g553_registry_000582,repair5g553_theta_553000582,tiny_local_perturbation_2pct_00586,tiny_local_perturbation_2pct,tiny_local_perturbation_2pct,repair5g553_fixed_global_staticflow_registry,True,True,False,False,0.45476092976,1.23996298746,1.2385954886,1.26063682564,0.730752487002,0.772198465948,0.978811976312,0,0.932291763792,0.989153984154,1.01495346995,0,0.358161964162,0.733003558004,0.983297738298,10.8236227436,1,0,0,False,False,False,False,False
g553_registry_000583,repair5g553_theta_553000583,small_local_perturbation_5pct_00587,small_local_perturbation_5pct,small_local_perturbation_5pct,repair5g553_fixed_global_staticflow_registry,True,True,False,False,0.672475038112,1.28016077391,1.21958273521,1.32441298379,0.796441499566,0.716177563053,1.06552659053,0.049076955327,0.925135078885,1,1.0394014394,0.0598846536347,0.378160908161,0.77393500831,1,10.7449472824,1,0,0,False,False,False,False,False
g553_registry_000584,repair5g553_theta_553000584,medium_local_perturbation_10pct_00588,medium_local_perturbation_10pct,medium_local_perturbation_10pct,repair5g553_fixed_global_staticflow_registry,True,True,False,False,1.82303592304,1.18525449775,1.30875984001,1.15117258867,0.69061044061,0.812434899935,0.883681746182,0,1,0.946072171072,0.915116640117,0.103850653851,0.426068916069,0.787920787921,0.958871233871,10.431996832,1,0,0,False,False,False,False,False
g553_registry_000585,repair5g553_theta_553000585,coordinate_sweep_each_field_00589,coordinate_sweep_each_field,coordinate_sweep_each_field,repair5g553_fixed_global_staticflow_registry,True,True,False,False,0.571428571429,1.25,1.25,1.25,0.75,1.75,1,0,0.95,1,1,0,0.35,0.75,1,11,1,0,0,False,False,False,False,False
g553_registry_000586,repair5g553_theta_553000586,lambda_flow_lambda_cong_grid_00590,lambda_flow_lambda_cong_grid,lambda_flow_lambda_cong_grid,repair5g553_fixed_global_staticflow_registry,True,True,False,False,1.43596293596,1.25,1.25,1.25,0.75,0.75,1,0.748978248978,0.95,1,0.679544179544,0.774486774487,0.35,0.75,1,11,1,0,0,False,False,False,False,False
g553_registry_000587,repair5g553_theta_553000587,flow_shield_beta_cap_grid_00591,flow_shield_beta_cap_grid,flow_shield_beta_cap_grid,repair5g553_fixed_global_staticflow_registry,True,True,False,False,0.510929473425,1.25,1.25,1.25,0.75,0.75,1,0,0.95,1,1,0,0.108113708114,1.01071451071,1,11,1,0,0,False,False,False,False,False
g553_registry_000588,repair5g553_theta_553000588,alpha_flow_wait_progress_grid_00592,alpha_flow_wait_progress_grid,alpha_flow_wait_progress_grid,repair5g553_fixed_global_staticflow_registry,True,True,False,False,1.02115502115,1.25,1.25,1.25,0.75,0.75,1,0.2813002813,0.95,1,1,1.19417219417,0.35,0.75,1,11,1,0,0,False,False,False,False,False
g553_registry_000589,repair5g553_theta_553000589,alpha_cong_commit_nonprogress_grid_00593,alpha_cong_commit_nonprogress_grid,alpha_cong_commit_nonprogress_grid,repair5g553_fixed_global_staticflow_registry,True,True,False,False,0.125437025433,1.09898959899,1.21904571905,1.25,0.75,0.75,1,0,0.95,1,1,0,0.35,0.75,1,11,1,0,0,False,False,False,False,False
g553_registry_000590,repair5g553_theta_553000590,edge_cost_clamp_grid_00594,edge_cost_clamp_grid,edge_cost_clamp_grid,repair5g553_fixed_global_staticflow_registry,True,True,False,False,0.644178894179,1.25,1.25,1.25,0.75,0.75,1,0,0.95,1,1,0,0.35,0.75,0.992925992926,8.46101246101,1,0,0,False,False,False,False,False
g553_registry_000591,repair5g553_theta_553000591,rho_decay_grid_00595,rho_decay_grid,rho_decay_grid,repair5g553_fixed_global_staticflow_registry,True,True,False,False,0.85958435959,1.25,1.25,1.25,0.75,0.75,1,0,0.992801692802,0.956843256843,1,0,0.35,0.75,1,11,1,0,0,False,False,False,False,False
g553_registry_000592,repair5g553_theta_553000592,sobol_local_global_static_00596,sobol_local_global_static,sobol_local_global_static,repair5g553_fixed_global_staticflow_registry,True,True,False,False,1.58965075632,1.18102593103,1.51798995549,1.2392965518,0.682106494606,0.932523870024,1.21903959404,0.227077102077,0.970408645409,0.994237769238,0.997280747281,0.00570863070863,0.251120901121,0.761941574442,0.816100566101,10.2389102389,1,0,0,False,False,False,False,False
g553_registry_000593,repair5g553_theta_553000593,cma_es_or_ranked_search_candidates_00597,cma_es_or_ranked_search_candidates,cma_es_or_ranked_search_candidates,repair5g553_fixed_global_staticflow_registry,True,True,False,False,0.605803329137,1.25,1.46092001092,1.25,0.75,0.75,1,0,0.95,1,0.989955839956,0.366352916353,0.386651636652,0.921216671217,1,11,1,0,0,False,False,False,False,False
g553_registry_000594,repair5g553_theta_553000594,negative_random_wide_control_00598,negative_random_wide_control,negative_random_wide_control,repair5g553_fixed_global_staticflow_registry,True,True,False,False,4.92164370914,0.124030624031,1.58668108668,0.995218995219,0.848850848851,1.36932211932,1.33000483,0.618940618941,0.920984020984,0.96353986354,1.24831074831,0.897396897397,0.658294258294,0.752693002693,0.926969426969,11.4867834868,0,1,0,False,False,False,False,False
g553_registry_000595,repair5g553_theta_553000595,tiny_local_perturbation_2pct_00599,tiny_local_perturbation_2pct,tiny_local_perturbation_2pct,repair5g553_fixed_global_staticflow_registry,True,True,False,False,0.279824274831,1.27476019476,1.27265253515,1.21753383628,0.759197184197,0.760238586489,1.02443662194,0.0108757233757,0.941453368703,1,1.01664652165,0.0111762336762,0.337083847084,0.771321133821,1,11.1827102927,1,0,0,False,False,False,False,False
g553_registry_000596,repair5g553_theta_553000596,small_local_perturbation_5pct_00600,small_local_perturbation_5pct,small_local_perturbation_5pct,repair5g553_fixed_global_staticflow_registry,True,True,False,False,1.16434482685,1.27611926362,1.19308155246,1.21599414099,0.771765912391,0.822904985405,1.07069400194,0.0400674775675,0.997127825253,0.97558983809,0.95436972937,0.048054029304,0.333346293346,0.727496368121,0.953219378219,11.1978756229,1,0,0,False,False,False,False,False
g553_registry_000597,repair5g553_theta_553000597,medium_local_perturbation_10pct_00601,medium_local_perturbation_10pct,medium_local_perturbation_10pct,repair5g553_fixed_global_staticflow_registry,True,True,False,False,1.22781426532,1.3663023913,1.28336115836,1.19401460026,0.674341611842,0.819736869737,1.10715061965,0,1,1,1.06154266154,0,0.373837423837,0.874832749833,0.955700830701,10.3219301719,1,0,0,False,False,False,False,False
g553_registry_000598,repair5g553_theta_553000598,coordinate_sweep_each_field_00602,coordinate_sweep_each_field,coordinate_sweep_each_field,repair5g553_fixed_global_staticflow_registry,True,True,False,False,0.428571428571,1.25,1.25,0.5,0.75,0.75,1,0,0.95,1,1,0,0.35,0.75,1,11,1,0,0,False,False,False,False,False
g553_registry_000599,repair5g553_theta_553000599,lambda_flow_lambda_cong_grid_00603,lambda_flow_lambda_cong_grid,lambda_flow_lambda_cong_grid,repair5g553_fixed_global_staticflow_registry,True,True,False,False,1.55619005619,1.25,1.25,1.25,0.75,0.75,1,0.783973283973,0.95,1,0.637391137391,0.849603849604,0.35,0.75,1,11,1,0,0,False,False,False,False,False
g553_registry_000600,repair5g553_theta_553000600,flow_shield_beta_cap_grid_00604,flow_shield_beta_cap_grid,flow_shield_beta_cap_grid,repair5g553_fixed_global_staticflow_registry,True,True,False,False,0.980652818157,1.25,1.25,1.25,0.75,0.75,1,0,0.95,1,1,0,0.736937536938,1.37122612123,1,11,1,0,0,False,False,False,False,False
g553_registry_000601,repair5g553_theta_553000601,alpha_flow_wait_progress_grid_00605,alpha_flow_wait_progress_grid,alpha_flow_wait_progress_grid,repair5g553_fixed_global_staticflow_registry,True,True,False,False,1.34086134086,1.25,1.25,1.25,0.75,0.75,1,0.822680822681,0.95,1,1,1.02407502408,0.35,0.75,1,11,1,0,0,False,False,False,False,False
g553_registry_000602,repair5g553_theta_553000602,alpha_cong_commit_nonprogress_grid_00606,alpha_cong_commit_nonprogress_grid,alpha_cong_commit_nonprogress_grid,repair5g553_fixed_global_staticflow_registry,True,True,False,False,1.14347424347,0.017109017109,1.65193365193,1.25,0.75,0.75,1,0,0.95,1,1,0,0.35,0.75,1,11,1,0,0,False,False,False,False,False
g553_registry_000603,repair5g553_theta_553000603,edge_cost_clamp_grid_00607,edge_cost_clamp_grid,edge_cost_clamp_grid,repair5g553_fixed_global_staticflow_registry,True,True,False,False,0.577740827744,1.25,1.25,1.25,0.75,0.75,1,0,0.95,1,1,0,0.35,0.75,0.570366570367,10.9804149804,1,0,0,False,False,False,False,False
g553_registry_000604,repair5g553_theta_553000604,rho_decay_grid_00608,rho_decay_grid,rho_decay_grid,repair5g553_fixed_global_staticflow_registry,True,True,False,False,0.76621126622,1.25,1.25,1.25,0.75,0.75,1,0,0.908532408532,0.964846464846,1,0,0.35,0.75,1,11,1,0,0,False,False,False,False,False
g553_registry_000605,repair5g553_theta_553000605,sobol_local_global_static_00609,sobol_local_global_static,sobol_local_global_static,repair5g553_fixed_global_staticflow_registry,True,True,False,False,1.84347084348,1.45525308025,1.33556852307,1.15762922013,0.81635037885,1.00335694086,1.36821774322,0.304529367029,0.941147516148,0.990411240411,0.755659005659,0.123738873739,0.242110892111,0.675988988489,0.976292101292,10.3539483539,1,0,0,False,False,False,False,False
g553_registry_000606,repair5g553_theta_553000606,cma_es_or_ranked_search_candidates_00610,cma_es_or_ranked_search_candidates,cma_es_or_ranked_search_candidates,repair5g553_fixed_global_staticflow_registry,True,True,False,False,0.693074628909,1.25,1.15464730465,1.25,0.75,0.75,1,0,0.95,1,1.12687657688,0.399467249467,0.230924030924,0.843449293449,1,11,1,0,0,False,False,False,False,False
g553_registry_000607,repair5g553_theta_553000607,negative_random_wide_control_00611,negative_random_wide_control,negative_random_wide_control,repair5g553_fixed_global_staticflow_registry,True,True,False,False,5.48526927277,1.16117066117,1.68864743865,1.16431991432,0.874243374243,0.0270235270235,0.191715191715,0.750873250873,0.97764967765,0.950075750076,1.08824258824,1.39823839824,0.407578807579,0.909353159353,0.385284385284,11.2354992355,0,0,1,False,False,False,False,False
g553_registry_000608,repair5g553_theta_553000608,tiny_local_perturbation_2pct_00612,tiny_local_perturbation_2pct,tiny_local_perturbation_2pct,repair5g553_fixed_global_staticflow_registry,True,True,False,False,0.292790194052,1.26456709957,1.22818896569,1.282499685,0.732472276222,0.779442633193,0.9903004653,0.00864934614935,0.955176488676,0.992729222729,0.980694470694,0,0.357797187797,0.762423368673,1,10.8425480975,1,0,0,False,False,False,False,False
g553_registry_000609,repair5g553_theta_553000609,small_local_perturbation_5pct_00613,small_local_perturbation_5pct,small_local_perturbation_5pct,repair5g553_fixed_global_staticflow_registry,True,True,False,False,1.02657661406,1.21504120879,1.19265503641,1.17746264621,0.710349007224,0.663269978895,1.06705760456,0.0399701180951,0.926499553375,0.975424050424,0.953126265626,0.0694502007002,0.380449310449,0.710843210843,1,11.4586319836,1,0,0,False,False,False,False,False
g553_registry_000610,repair5g553_theta_553000610,medium_local_perturbation_10pct_00614,medium_local_perturbation_10pct,medium_local_perturbation_10pct,repair5g553_fixed_global_staticflow_registry,True,True,False,False,1.7954039204,1.33284598285,1.2984531422,1.160746367,0.66227034977,0.813518763519,1.12548217548,0.0803727053727,0.981656335406,0.923548748549,0.923926073926,0,0.397822327822,0.707247425997,1,10.4206167706,1,0,0,False,False,False,False,False
g553_registry_000611,repair5g553_theta_553000611,coordinate_sweep_each_field_00615,coordinate_sweep_each_field,coordinate_sweep_each_field,repair5g553_fixed_global_staticflow_registry,True,True,False,False,0.583333333333,0.375,1.25,1.25,0.75,0.75,1,0,0.95,1,1,0,0.35,0.75,1,11,1,0,0,False,False,False,False,False
g553_registry_000612,repair5g553_theta_553000612,lambda_flow_lambda_cong_grid_00616,lambda_flow_lambda_cong_grid,lambda_flow_lambda_cong_grid,repair5g553_fixed_global_staticflow_registry,True,True,False,False,0.938511438512,1.25,1.25,1.25,0.75,0.75,1,0.593598093598,0.95,1,1.34603984604,0.17638967639,0.35,0.75,1,11,1,0,0,False,False,False,False,False
g553_registry_000613,repair5g553_theta_553000613,flow_shield_beta_cap_grid_00617,flow_shield_beta_cap_grid,flow_shield_beta_cap_grid,repair5g553_fixed_global_staticflow_registry,True,True,False,False,0.493484655985,1.25,1.25,1.25,0.75,0.75,1,0,0.95,1,1,0,0.251423451423,0.28717003717,1,11,1,0,0,False,False,False,False,False
g553_registry_000614,repair5g553_theta_553000614,alpha_flow_wait_progress_grid_00618,alpha_flow_wait_progress_grid,alpha_flow_wait_progress_grid,repair5g553_fixed_global_staticflow_registry,True,True,False,False,0.981492981491,1.25,1.25,1.25,0.75,0.75,1,0.10778010778,0.95,1,1,1.3429033429,0.35,0.75,1,11,1,0,0,False,False,False,False,False
g553_registry_000615,repair5g553_theta_553000615,alpha_cong_commit_nonprogress_grid_00619,alpha_cong_commit_nonprogress_grid,alpha_cong_commit_nonprogress_grid,repair5g553_fixed_global_staticflow_registry,True,True,False,False,1.32705422705,0.0955395955396,0.553232553233,1.25,0.75,0.75,1,0,0.95,1,1,0,0.35,0.75,1,11,1,0,0,False,False,False,False,False
g553_registry_000616,repair5g553_theta_553000616,edge_cost_clamp_grid_00620,edge_cost_clamp_grid,edge_cost_clamp_grid,repair5g553_fixed_global_staticflow_registry,True,True,False,False,0.506086756085,1.25,1.25,1.25,0.75,0.75,1,0,0.95,1,1,0,0.35,0.75,0.73288048288,10.4002904003,1,0,0,False,False,False,False,False
g553_registry_000617,repair5g553_theta_553000617,rho_decay_grid_00621,rho_decay_grid,rho_decay_grid,repair5g553_fixed_global_staticflow_registry,True,True,False,False,0.93875843876,1.25,1.25,1.25,0.75,0.75,1,0,0.940442040442,0.915682115682,1,0,0.35,0.75,1,11,1,0,0,False,False,False,False,False
g553_registry_000618,repair5g553_theta_553000618,sobol_local_global_static_00622,sobol_local_global_static,sobol_local_global_static,repair5g553_fixed_global_staticflow_registry,True,True,False,False,1.83308033308,1.26763476763,1.50536119286,1.02956846707,0.613403925904,0.934514497014,0.665071790072,0.00983813483813,0.931128306128,0.994870769871,1.24417199417,0.145878520879,0.345043395043,0.863202925703,0.883265008265,11.8454638455,1,0,0,False,False,False,False,False
g553_registry_000619,repair5g553_theta_553000619,cma_es_or_ranked_search_candidates_00623,cma_es_or_ranked_search_candidates,cma_es_or_ranked_search_candidates,repair5g553_fixed_global_staticflow_registry,True,True,False,False,1.01854627521,1.25,0.875695625696,1.25,0.75,0.75,1,0,0.95,1,1.04312009312,0.621005521006,0.496408546409,0.65128960129,1,11,1,0,0,False,False,False,False,False
g553_registry_000620,repair5g553_theta_553000620,negative_random_wide_control_00624,negative_random_wide_control,negative_random_wide_control,repair5g553_fixed_global_staticflow_registry,True,True,False,False,6.72686343936,0.912875412875,0.512583762584,0.602151102151,0.267599017599,0.541744541745,0.1455001455,1.21656496656,0.960022460022,0.911723711724,1.25891875892,1.19017469017,0.211874611875,0.439345189345,0.346966096966,10.3324383324,1,0,0,False,False,False,False,False
g553_registry_000621,repair5g553_theta_553000621,tiny_local_perturbation_2pct_00625,tiny_local_perturbation_2pct,tiny_local_perturbation_2pct,repair5g553_fixed_global_staticflow_registry,True,True,False,False,0.441804033069,1.26305757306,1.26637649138,1.27780100905,0.73287035787,0.783462063462,1.02621596872,0,0.95890980716,0.980133245133,1.01957281457,0,0.343285309285,0.761374398874,0.991704511705,10.9283306933,1,0,0,False,False,False,False,False
g553_registry_000622,repair5g553_theta_553000622,small_local_perturbation_5pct_00626,small_local_perturbation_5pct,small_local_perturbation_5pct,repair5g553_fixed_global_staticflow_registry,True,True,False,False,1.10129493254,1.31359276984,1.29780640718,1.2930951931,0.711983118233,0.699187233562,1.03370103995,0.034190049815,0.974886794887,0.950866963367,0.978768453768,0.0395263520264,0.326116916117,0.791083541084,1,10.85496568,1,0,0,False,False,False,False,False
g553_registry_000623,repair5g553_theta_553000623,medium_local_perturbation_10pct_00627,medium_local_perturbation_10pct,medium_local_perturbation_10pct,repair5g553_fixed_global_staticflow_registry,True,True,False,False,2.03740328742,1.12428213678,1.21223089973,1.3351457664,0.648139116889,0.676960745711,1.10758655759,0,1,0.934361809362,1.04165609166,0.109573759574,0.424885414885,0.637207012207,1,10.1006270006,1,0,0,False,False,False,False,False
g553_registry_000624,repair5g553_theta_553000624,coordinate_sweep_each_field_00628,coordinate_sweep_each_field,coordinate_sweep_each_field,repair5g553_fixed_global_staticflow_registry,True,True,False,False,0.75,1.25,1.25,1.25,0.75,0.75,1,0,0.95,1,1,0,0.35,0.75,0.4375,11,1,0,0,False,False,False,False,False
g553_registry_000625,repair5g553_theta_553000625,lambda_flow_lambda_cong_grid_00629,lambda_flow_lambda_cong_grid,lambda_flow_lambda_cong_grid,repair5g553_fixed_global_staticflow_registry,True,True,False,False,0.977349477349,1.25,1.25,1.25,0.75,0.75,1,0.499255499255,0.95,1,0.801802301802,0.569621069621,0.35,0.75,1,11,1,0,0,False,False,False,False,False
g553_registry_000626,repair5g553_theta_553000626,flow_shield_beta_cap_grid_00630,flow_shield_beta_cap_grid,flow_shield_beta_cap_grid,repair5g553_fixed_global_staticflow_registry,True,True,False,False,0.422967460468,1.25,1.25,1.25,0.75,0.75,1,0,0.95,1,1,0,0.687087887088,0.74799049799,1,11,1,0,0,False,False,False,False,False
g553_registry_000627,repair5g553_theta_553000627,alpha_flow_wait_progress_grid_00631,alpha_flow_wait_progress_grid,alpha_flow_wait_progress_grid,repair5g553_fixed_global_staticflow_registry,True,True,False,False,1.20607720608,1.25,1.25,1.25,0.75,0.75,1,0.730526980527,0.95,1,1,0.932483432483,0.35,0.75,1,11,1,0,0,False,False,False,False,False
g553_registry_000628,repair5g553_theta_553000628,alpha_cong_commit_nonprogress_grid_00632,alpha_cong_commit_nonprogress_grid,alpha_cong_commit_nonprogress_grid,repair5g553_fixed_global_staticflow_registry,True,True,False,False,0.63949073949,0.876557376557,1.73816123816,1.25,0.75,0.75,1,0,0.95,1,1,0,0.35,0.75,1,11,1,0,0,False,False,False,False,False
g553_registry_000629,repair5g553_theta_553000629,edge_cost_clamp_grid_00633,edge_cost_clamp_grid,edge_cost_clamp_grid,repair5g553_fixed_global_staticflow_registry,True,True,False,False,0.905721155722,1.25,1.25,1.25,0.75,0.75,1,0,0.95,1,1,0,0.35,0.75,0.540569040569,9.82741382741,1,0,0,False,False,False,False,False
g553_registry_000630,repair5g553_theta_553000630,rho_decay_grid_00634,rho_decay_grid,rho_decay_grid,repair5g553_fixed_global_staticflow_registry,True,True,False,False,0.47266697266,1.25,1.25,1.25,0.75,0.75,1,0,0.941701541702,0.961031761032,1,0,0.35,0.75,1,11,1,0,0,False,False,False,False,False
g553_registry_000631,repair5g553_theta_553000631,sobol_local_global_static_00635,sobol_local_global_static,sobol_local_global_static,repair5g553_fixed_global_staticflow_registry,True,True,False,False,1.6878787712,1.06485768986,1.08665139915,1.61943193193,0.799280986781,1.17790736541,1.01030913531,0.0359687859688,0.944106869107,0.99162996663,0.784383034383,0.0787778287778,0.19192964193,0.732421544922,0.93665999916,10.2151782152,1,0,0,False,False,False,False,False
g553_registry_000632,repair5g553_theta_553000632,cma_es_or_ranked_search_candidates_00636,cma_es_or_ranked_search_candidates,cma_es_or_ranked_search_candidates,repair5g553_fixed_global_staticflow_registry,True,True,False,False,0.90498178665,1.25,1.05456470456,1.25,0.75,0.75,1,0,0.95,1,1.18407163407,0.41038041038,0.580386730387,0.753739453739,1,11,1,0,0,False,False,False,False,False
g553_registry_000633,repair5g553_theta_553000633,negative_random_wide_control_00637,negative_random_wide_control,negative_random_wide_control,repair5g553_fixed_global_staticflow_registry,True,True,False,False,6.04853426105,1.311995812,1.636997387,0.849356349356,0.136018886019,0.833529333529,1.48025548026,0.863642113642,0.970572670573,0.920541420541,0.507617007617,0.752231252231,0.245841845842,0.768633018633,0.311518811519,9.55438155438,0,1,0,False,False,False,False,False
g553_registry_000634,repair5g553_theta_553000634,tiny_local_perturbation_2pct_00638,tiny_local_perturbation_2pct,tiny_local_perturbation_2pct,repair5g553_fixed_global_staticflow_registry,True,True,False,False,0.285890599631,1.27147987148,1.26754313629,1.22352314727,0.728912491412,0.734633812134,0.987978035478,0.00970377220377,0.938085178335,1,0.982995187995,0.0278504828505,0.365354999355,0.764190726691,1,10.9371525922,1,0,0,False,False,False,False,False
g553_registry_000635,repair5g553_theta_553000635,small_local_perturbation_5pct_00639,small_local_perturbation_5pct,small_local_perturbation_5pct,repair5g553_fixed_global_staticflow_registry,True,True,False,False,0.543767025001,1.18604863605,1.20846252096,1.28847020097,0.703395515896,0.779142976018,1.07081454581,0,0.965982352857,1,0.98022008022,0,0.387163077163,0.714179823555,1,10.6397600898,1,0,0,False,False,False,False,False
g553_registry_000636,repair5g553_theta_553000636,medium_local_perturbation_10pct_00640,medium_local_perturbation_10pct,medium_local_perturbation_10pct,repair5g553_fixed_global_staticflow_registry,True,True,False,False,1.23128789379,1.18014305514,1.16431138306,1.31082524833,0.833354145854,0.607345151095,0.903162265662,0.0449036699037,0.9,1,1.04147264147,0,0.270767220767,0.679668960919,1,11.5437926938,1,0,0,False,False,False,False,False
g553_registry_000637,repair5g553_theta_553000637,coordinate_sweep_each_field_00641,coordinate_sweep_each_field,coordinate_sweep_each_field,repair5g553_fixed_global_staticflow_registry,True,True,False,False,0.0625,1.25,1.25,1.25,0.75,0.75,1,0,0.95,1,1,0,0.4,0.75,1,11,1,0,0,False,False,False,False,False
g553_registry_000638,repair5g553_theta_553000638,lambda_flow_lambda_cong_grid_00642,lambda_flow_lambda_cong_grid,lambda_flow_lambda_cong_grid,repair5g553_fixed_global_staticflow_registry,True,True,False,False,1.22278772278,1.25,1.25,1.25,0.75,0.75,1,0.644313144313,0.95,1,1.11239461239,0.892413892414,0.35,0.75,1,11,1,0,0,False,False,False,False,False
g553_registry_000639,repair5g553_theta_553000639,flow_shield_beta_cap_grid_00643,flow_shield_beta_cap_grid,flow_shield_beta_cap_grid,repair5g553_fixed_global_staticflow_registry,True,True,False,False,0.375397212897,1.25,1.25,1.25,0.75,0.75,1,0,0.95,1,1,0,0.606948606949,0.817764317764,1,11,1,0,0,False,False,False,False,False
g553_registry_000640,repair5g553_theta_553000640,alpha_flow_wait_progress_grid_00644,alpha_flow_wait_progress_grid,alpha_flow_wait_progress_grid,repair5g553_fixed_global_staticflow_registry,True,True,False,False,0.340781340782,1.25,1.25,1.25,0.75,0.75,1,0.319311569312,0.95,1,1,0.127998127998,0.35,0.75,1,11,1,0,0,False,False,False,False,False
g553_registry_000641,repair5g553_theta_553000641,alpha_cong_commit_nonprogress_grid_00645,alpha_cong_commit_nonprogress_grid,alpha_cong_commit_nonprogress_grid,repair5g553_fixed_global_staticflow_registry,True,True,False,False,0.640954540955,0.484431484431,1.08678058678,1.25,0.75,0.75,1,0,0.95,1,1,0,0.35,0.75,1,11,1,0,0,False,False,False,False,False
g553_registry_000642,repair5g553_theta_553000642,edge_cost_clamp_grid_00646,edge_cost_clamp_grid,edge_cost_clamp_grid,repair5g553_fixed_global_staticflow_registry,True,True,False,False,1.27729152729,1.25,1.25,1.25,0.75,0.75,1,0,0.95,1,1,0,0.35,0.75,0.512845262845,8.48899248899,1,0,0,False,False,False,False,False
g553_registry_000643,repair5g553_theta_553000643,rho_decay_grid_00647,rho_decay_grid,rho_decay_grid,repair5g553_fixed_global_staticflow_registry,True,True,False,False,0.66473116473,1.25,1.25,1.25,0.75,0.75,1,0,0.906453806454,0.977073077073,1,0,0.35,0.75,1,11,1,0,0,False,False,False,False,False
g553_registry_000644,repair5g553_theta_553000644,sobol_local_global_static_00648,sobol_local_global_static,sobol_local_global_static,repair5g553_fixed_global_staticflow_registry,True,True,False,False,1.61097294432,1.18711906212,1.1627033502,1.4271049896,0.728693416193,0.654207966708,1.14278101778,0.00757813257813,0.971281096281,0.978894128894,1.15426690427,0.285517785518,0.516995166995,0.594454531955,0.955298267798,11.2548572549,1,0,0,False,False,False,False,False
g553_registry_000645,repair5g553_theta_553000645,cma_es_or_ranked_search_candidates_00649,cma_es_or_ranked_search_candidates,cma_es_or_ranked_search_candidates,repair5g553_fixed_global_staticflow_registry,True,True,False,False,1.20471652388,1.25,1.28632373632,1.25,0.75,0.75,1,0,0.95,1,1.20618405618,0.739725989726,0.533618633619,1.0584994085,1,11,1,0,0,False,False,False,False,False
g553_registry_000646,repair5g553_theta_553000646,negative_random_wide_control_00650,negative_random_wide_control,negative_random_wide_control,repair5g553_fixed_global_staticflow_registry,True,True,False,False,6.89611130861,0.217545217545,1.72218872219,1.17903567904,0.350467850468,1.39488089488,0.251242751243,0.507530507531,0.927018227018,0.920797820798,1.36751186751,1.0967980968,0.213525013525,0.408638908639,0.64388989389,8.37146037146,0,0,1,False,False,False,False,False
g553_registry_000647,repair5g553_theta_553000647,tiny_local_perturbation_2pct_00651,tiny_local_perturbation_2pct,tiny_local_perturbation_2pct,repair5g553_fixed_global_staticflow_registry,True,True,False,False,0.263236913223,1.27927444177,1.24020830896,1.2378523541,0.732399263649,0.781374503875,1.01647627148,0,0.960006459756,1,0.982027672028,0.0249219249219,0.355219201219,0.727663533914,1,11.1076319176,1,0,0,False,False,False,False,False
g553_registry_000648,repair5g553_theta_553000648,small_local_perturbation_5pct_00652,small_local_perturbation_5pct,small_local_perturbation_5pct,repair5g553_fixed_global_staticflow_registry,True,True,False,False,0.71694764508,1.32322446697,1.21220272783,1.18703301203,0.708262692638,0.798480976606,0.928237921988,0,0.962401929902,0.982504432504,1.02904794155,0,0.380759090759,0.7286749943,1,11.4377838003,1,0,0,False,False,False,False,False
g553_registry_000649,repair5g553_theta_553000649,medium_local_perturbation_10pct_00653,medium_local_perturbation_10pct,medium_local_perturbation_10pct,repair5g553_fixed_global_staticflow_registry,True,True,False,False,1.2861372299,1.3320012195,1.17278667279,1.38774780025,0.644321425571,0.624073636574,0.915985590986,0.122122059622,0.983225760726,1,1.05781103281,0,0.406206496206,0.716953748204,0.900531000531,11.6455557206,1,0,0,False,False,False,False,False
g553_registry_000650,repair5g553_theta_553000650,coordinate_sweep_each_field_00654,coordinate_sweep_each_field,coordinate_sweep_each_field,repair5g553_fixed_global_staticflow_registry,True,True,False,False,0.25,1.25,1.25,1.25,0.75,0.75,1,0,0.95,1,1.25,0,0.35,0.75,1,11,1,0,0,False,False,False,False,False
g553_registry_000651,repair5g553_theta_553000651,lambda_flow_lambda_cong_grid_00655,lambda_flow_lambda_cong_grid,lambda_flow_lambda_cong_grid,repair5g553_fixed_global_staticflow_registry,True,True,False,False,1.88947038948,1.25,1.25,1.25,0.75,0.75,1,1.09188609189,0.95,1,0.881736381736,1.34654684655,0.35,0.75,1,11,1,0,0,False,False,False,False,False
g553_registry_000652,repair5g553_theta_553000652,flow_shield_beta_cap_grid_00656,flow_shield_beta_cap_grid,flow_shield_beta_cap_grid,repair5g553_fixed_global_staticflow_registry,True,True,False,False,0.547092584593,1.25,1.25,1.25,0.75,0.75,1,0,0.95,1,1,0,0.645914245914,0.5285002785,1,11,1,0,0,False,False,False,False,False
g553_registry_000653,repair5g553_theta_553000653,alpha_flow_wait_progress_grid_00657,alpha_flow_wait_progress_grid,alpha_flow_wait_progress_grid,repair5g553_fixed_global_staticflow_registry,True,True,False,False,1.45889645889,1.25,1.25,1.25,0.75,0.75,1,1.15216490216,0.95,1,1,0.805746805747,0.35,0.75,1,11,1,0,0,False,False,False,False,False
g553_registry_000654,repair5g553_theta_553000654,alpha_cong_commit_nonprogress_grid_00658,alpha_cong_commit_nonprogress_grid,alpha_cong_commit_nonprogress_grid,repair5g553_fixed_global_staticflow_registry,True,True,False,False,0.873676773677,0.577535077535,0.718291468291,1.25,0.75,0.75,1,0,0.95,1,1,0,0.35,0.75,1,11,1,0,0,False,False,False,False,False
g553_registry_000655,repair5g553_theta_553000655,edge_cost_clamp_grid_00659,edge_cost_clamp_grid,edge_cost_clamp_grid,repair5g553_fixed_global_staticflow_registry,True,True,False,False,0.861370611382,1.25,1.25,1.25,0.75,0.75,1,0,0.95,1,1,0,0.35,0.75,0.485906735907,11.7036517037,1,0,0,False,False,False,False,False
g553_registry_000656,repair5g553_theta_553000656,rho_decay_grid_00660,rho_decay_grid,rho_decay_grid,repair5g553_fixed_global_staticflow_registry,True,True,False,False,0.48352498353,1.25,1.25,1.25,0.75,0.75,1,0,0.92942022942,0.972227272227,1,0,0.35,0.75,1,11,1,0,0,False,False,False,False,False
g553_registry_000657,repair5g553_theta_553000657,sobol_local_global_static_00661,sobol_local_global_static,sobol_local_global_static,repair5g553_fixed_global_staticflow_registry,True,True,False,False,1.6872331039,0.989175739176,1.18495774746,0.86028029778,0.790312852813,0.782116469616,1.04478666979,0.244677432177,0.966394191394,0.99656044656,1.11733486733,0.107354732355,0.435939485939,0.481308168808,0.872503060003,11.3312053312,1,0,0,False,False,False,False,False
g553_registry_000658,repair5g553_theta_553000658,cma_es_or_ranked_search_candidates_00662,cma_es_or_ranked_search_candidates,cma_es_or_ranked_search_candidates,repair5g553_fixed_global_staticflow_registry,True,True,False,False,0.436697663362,1.25,1.15603890604,1.25,0.75,0.75,1,0,0.95,1,1.06057231057,0.311034861035,0.327058977059,0.668845468845,1,11,1,0,0,False,False,False,False,False
g553_registry_000659,repair5g553_theta_553000659,negative_random_wide_control_00663,negative_random_wide_control,negative_random_wide_control,repair5g553_fixed_global_staticflow_registry,True,True,False,False,3.96735335485,1.3558003558,0.704146454146,1.50505575506,0.571449321449,1.26160601161,0.11557961558,0.783218283218,0.963092263092,0.991911191911,0.924522424522,0.356637356637,0.715697515698,1.26268226268,0.864288114288,10.640990641,1,0,0,False,False,False,False,False
g553_registry_000660,repair5g553_theta_553000660,tiny_local_perturbation_2pct_00664,tiny_local_perturbation_2pct,tiny_local_perturbation_2pct,repair5g553_fixed_global_staticflow_registry,True,True,False,False,0.289646783391,1.23228228978,1.25754950755,1.26369453369,0.74287030537,0.78015999391,0.984371484371,0.0143568331068,0.964214674215,1,0.984668154668,0,0.341047235047,0.768028986779,1,10.8558613009,1,0,0,False,False,False,False,False
g553_registry_000661,repair5g553_theta_553000661,small_local_perturbation_5pct_00665,small_local_perturbation_5pct,small_local_perturbation_5pct,repair5g553_fixed_global_staticflow_registry,True,True,False,False,0.855964727836,1.29507463257,1.19617061805,1.27729149604,0.725016162516,0.782602007602,0.944006387756,0.04096499409,0.934330506206,0.967937130437,0.961750636751,0.0504125941626,0.327150987151,0.778034653035,1,11.233472346,1,0,0,False,False,False,False,False
g553_registry_000662,repair5g553_theta_553000662,medium_local_perturbation_10pct_00666,medium_local_perturbation_10pct,medium_local_perturbation_10pct,repair5g553_fixed_global_staticflow_registry,True,True,False,False,1.14796341046,1.30227778978,1.30004155004,1.16058401058,0.826557264057,0.596014589765,1.10188988939,0.0821928634429,0.9,1,0.973068448068,0,0.283329133329,0.795677670678,1,11.369011319,1,0,0,False,False,False,False,False
g553_registry_000663,repair5g553_theta_553000663,coordinate_sweep_each_field_00667,coordinate_sweep_each_field,coordinate_sweep_each_field,repair5g553_fixed_global_staticflow_registry,True,True,False,False,0.5,1.25,1.25,1.25,0.75,0.75,1,0,1,1,1,0,0.35,0.75,1,11,1,0,0,False,False,False,False,False
g553_registry_000664,repair5g553_theta_553000664,lambda_flow_lambda_cong_grid_00668,lambda_flow_lambda_cong_grid,lambda_flow_lambda_cong_grid,repair5g553_fixed_global_staticflow_registry,True,True,False,False,1.5011030011,1.25,1.25,1.25,0.75,0.75,1,1.24966374966,0.95,1,1.17942867943,0.482914982915,0.35,0.75,1,11,1,0,0,False,False,False,False,False
g553_registry_000665,repair5g553_theta_553000665,flow_shield_beta_cap_grid_00669,flow_shield_beta_cap_grid,flow_shield_beta_cap_grid,repair5g553_fixed_global_staticflow_registry,True,True,False,False,0.652691615192,1.25,1.25,1.25,0.75,0.75,1,0,0.95,1,1,0,0.126092926093,1.21600971601,1,11,1,0,0,False,False,False,False,False
g553_registry_000666,repair5g553_theta_553000666,alpha_flow_wait_progress_grid_00670,alpha_flow_wait_progress_grid,alpha_flow_wait_progress_grid,repair5g553_fixed_global_staticflow_registry,True,True,False,False,0.837958837959,1.25,1.25,1.25,0.75,0.75,1,0.736015736016,0.95,1,1,0.373719373719,0.35,0.75,1,11,1,0,0,False,False,False,False,False
g553_registry_000667,repair5g553_theta_553000667,alpha_cong_commit_nonprogress_grid_00671,alpha_cong_commit_nonprogress_grid,alpha_cong_commit_nonprogress_grid,repair5g553_fixed_global_staticflow_registry,True,True,False,False,0.56253246253,1.44502344502,0.709353959354,1.25,0.75,0.75,1,0,0.95,1,1,0,0.35,0.75,1,11,1,0,0,False,False,False,False,False
g553_registry_000668,repair5g553_theta_553000668,edge_cost_clamp_grid_00672,edge_cost_clamp_grid,edge_cost_clamp_grid,repair5g553_fixed_global_staticflow_registry,True,True,False,False,0.679332929327,1.25,1.25,1.25,0.75,0.75,1,0,0.95,1,1,0,0.35,0.75,0.591341841342,10.4621784622,1,0,0,False,False,False,False,False
g553_registry_000669,repair5g553_theta_553000669,rho_decay_grid_00673,rho_decay_grid,rho_decay_grid,repair5g553_fixed_global_staticflow_registry,True,True,False,False,1.00775550776,1.25,1.25,1.25,0.75,0.75,1,0,0.998225598226,0.94745004745,1,0,0.35,0.75,1,11,1,0,0,False,False,False,False,False
g553_registry_000670,repair5g553_theta_553000670,sobol_local_global_static_00674,sobol_local_global_static,sobol_local_global_static,repair5g553_fixed_global_staticflow_registry,True,True,False,False,1.52318602319,1.13189213189,1.16574335324,1.5808023933,0.931216118716,0.413246725747,1.08643946144,0.0772266397266,0.94627022127,0.995462970463,0.998648748649,0.315606690607,0.187164437164,0.569263256763,0.96458965209,10.8342808343,1,0,0,False,False,False,False,False
g553_registry_000671,repair5g553_theta_553000671,cma_es_or_ranked_search_candidates_00675,cma_es_or_ranked_search_candidates,cma_es_or_ranked_search_candidates,repair5g553_fixed_global_staticflow_registry,True,True,False,False,1.44926235343,1.25,0.930399280399,1.25,0.75,0.75,1,0,0.95,1,1.15136920137,0.837414037414,0.586143586144,0.514053664054,1,11,1,0,0,False,False,False,False,False
g553_registry_000672,repair5g553_theta_553000672,negative_random_wide_control_00676,negative_random_wide_control,negative_random_wide_control,repair5g553_fixed_global_staticflow_registry,True,True,False,False,5.48645747395,0.255471255471,1.35545585546,1.30679105679,0.76336951337,1.37315112315,0.802134802135,0.560984310984,0.949994049994,0.939427639428,0.64647014647,1.13598263598,0.656952656953,0.575197825198,0.259603759604,11.1271191271,0,1,0,False,False,False,False,False
g553_registry_000673,repair5g553_theta_553000673,tiny_local_perturbation_2pct_00677,tiny_local_perturbation_2pct,tiny_local_perturbation_2pct,repair5g553_fixed_global_staticflow_registry,True,True,False,False,0.261243143757,1.23456905707,1.22673102048,1.2217047817,0.774076186576,0.726212724963,0.97340990091,0,0.941828129828,1,1.01283812284,0.0230477630478,0.358602820603,0.763769245019,0.989755754756,10.919033429,1,0,0,False,False,False,False,False
g553_registry_000674,repair5g553_theta_553000674,small_local_perturbation_5pct_00678,small_local_perturbation_5pct,small_local_perturbation_5pct,repair5g553_fixed_global_staticflow_registry,True,True,False,False,0.452621140122,1.20781099531,1.27905891968,1.21115842678,0.705699283824,0.678027153027,0.980566055566,0.0354567073317,0.937585565711,1,0.961668174168,0,0.360118380118,0.695755820756,1,10.8294236544,1,0,0,False,False,False,False,False
g553_registry_000675,repair5g553_theta_553000675,medium_local_perturbation_10pct_00679,medium_local_perturbation_10pct,medium_local_perturbation_10pct,repair5g553_fixed_global_staticflow_registry,True,True,False,False,1.11481356481,1.12077652078,1.20189082689,1.29532237657,0.840786934537,0.597234165984,0.941655754156,0,0.913635958636,1,0.94241966742,0,0.316404646405,0.815304159054,1,12,1,0,0,False,False,False,False,False
g553_registry_000676,repair5g553_theta_553000676,coordinate_sweep_each_field_00680,coordinate_sweep_each_field,coordinate_sweep_each_field,repair5g553_fixed_global_staticflow_registry,True,True,False,False,0.666666666667,1.25,1.25,1.25,0.75,0.75,0,0,0.95,1,1,0,0.35,0.75,1,11,1,0,0,False,False,False,False,False
g553_registry_000677,repair5g553_theta_553000677,lambda_flow_lambda_cong_grid_00681,lambda_flow_lambda_cong_grid,lambda_flow_lambda_cong_grid,repair5g553_fixed_global_staticflow_registry,True,True,False,False,1.52896302896,1.25,1.25,1.25,0.75,0.75,1,0.812540812541,0.95,1,0.717625217625,0.894833394833,0.35,0.75,1,11,1,0,0,False,False,False,False,False
g553_registry_000678,repair5g553_theta_553000678,flow_shield_beta_cap_grid_00682,flow_shield_beta_cap_grid,flow_shield_beta_cap_grid,repair5g553_fixed_global_staticflow_registry,True,True,False,False,0.369076406576,1.25,1.25,1.25,0.75,0.75,1,0,0.95,1,1,0,0.633687833688,0.731916731917,1,11,1,0,0,False,False,False,False,False
g553_registry_000679,repair5g553_theta_553000679,alpha_flow_wait_progress_grid_00683,alpha_flow_wait_progress_grid,alpha_flow_wait_progress_grid,repair5g553_fixed_global_staticflow_registry,True,True,False,False,0.718893718894,1.25,1.25,1.25,0.75,0.75,1,0.719293219293,0.95,1,1,0.215188715189,0.35,0.75,1,11,1,0,0,False,False,False,False,False
g553_registry_000680,repair5g553_theta_553000680,alpha_cong_commit_nonprogress_grid_00684,alpha_cong_commit_nonprogress_grid,alpha_cong_commit_nonprogress_grid,repair5g553_fixed_global_staticflow_registry,True,True,False,False,0.560951460952,0.774854274854,0.944765444765,1.25,0.75,0.75,1,0,0.95,1,1,0,0.35,0.75,1,11,1,0,0,False,False,False,False,False
g553_registry_000681,repair5g553_theta_553000681,edge_cost_clamp_grid_00685,edge_cost_clamp_grid,edge_cost_clamp_grid,repair5g553_fixed_global_staticflow_registry,True,True,False,False,0.758860008852,1.25,1.25,1.25,0.75,0.75,1,0,0.95,1,1,0,0.35,0.75,0.618155118155,10.0010660011,1,0,0,False,False,False,False,False
g553_registry_000682,repair5g553_theta_553000682,rho_decay_grid_00686,rho_decay_grid,rho_decay_grid,repair5g553_fixed_global_staticflow_registry,True,True,False,False,0.76184026184,1.25,1.25,1.25,0.75,0.75,1,0,0.907265707266,0.96655026655,1,0,0.35,0.75,1,11,1,0,0,False,False,False,False,False
g553_registry_000683,repair5g553_theta_553000683,sobol_local_global_static_00687,sobol_local_global_static,sobol_local_global_static,repair5g553_fixed_global_staticflow_registry,True,True,False,False,2.52708036044,1.47832622833,1.17304961055,0.882581445081,0.869163556664,0.472351284851,1.36569249069,0.222220847221,0.936623461623,0.976131226131,0.754864004864,0.296160671161,0.379945829946,1.03911810162,0.832585020085,11.4832554833,1,0,0,False,False,False,False,False
g553_registry_000684,repair5g553_theta_553000684,cma_es_or_ranked_search_candidates_00688,cma_es_or_ranked_search_candidates,cma_es_or_ranked_search_candidates,repair5g553_fixed_global_staticflow_registry,True,True,False,False,0.657195587195,1.25,1.19685804686,1.25,0.75,0.75,1,0,0.95,1,0.803759453759,0.160680760681,0.508583758584,0.608635908636,1,11,1,0,0,False,False,False,False,False
g553_registry_000685,repair5g553_theta_553000685,negative_random_wide_control_00689,negative_random_wide_control,negative_random_wide_control,repair5g553_fixed_global_staticflow_registry,True,True,False,False,4.61618452869,0.716058716059,0.775276525277,1.60697585698,0.952985952986,1.62695387695,1.06054156054,0.04166004166,0.938068438068,0.904492104492,0.724808224808,0.357682857683,0.279961879962,0.743687993688,0.562447312447,11.7008877009,0,0,1,False,False,False,False,False
g553_registry_000686,repair5g553_theta_553000686,tiny_local_perturbation_2pct_00690,tiny_local_perturbation_2pct,tiny_local_perturbation_2pct,repair5g553_fixed_global_staticflow_registry,True,True,False,False,0.419933531178,1.23763583264,1.26449481449,1.23385670636,0.735086310086,0.720426142926,0.987272434772,0.0235848048348,0.933812881563,0.991524991525,1.01690927691,0,0.357606819607,0.73777956278,1,11.2074862225,1,0,0,False,False,False,False,False
g553_registry_000687,repair5g553_theta_553000687,small_local_perturbation_5pct_00691,small_local_perturbation_5pct,small_local_perturbation_5pct,repair5g553_fixed_global_staticflow_registry,True,True,False,False,0.760553466813,1.19258511759,1.22153742466,1.29887118325,0.7323497636,0.836050145425,1.04711943462,0.0348952848953,0.992734153984,1,1.03858318858,0,0.369648639649,0.766107906733,1,10.8176492426,1,0,0,False,False,False,False,False
g553_registry_000688,repair5g553_theta_553000688,medium_local_perturbation_10pct_00692,medium_local_perturbation_10pct,medium_local_perturbation_10pct,repair5g553_fixed_global_staticflow_registry,True,True,False,False,1.42448194323,1.37474709975,1.3739480302,1.4238511676,0.672772516523,0.700059193809,1.03895451395,0,1,1,0.9133997384,0,0.313326283326,0.823458823459,0.923712923713,10.0655982906,1,0,0,False,False,False,False,False
g553_registry_000689,repair5g553_theta_553000689,coordinate_sweep_each_field_00693,coordinate_sweep_each_field,coordinate_sweep_each_field,repair5g553_fixed_global_staticflow_registry,True,True,False,False,0.35,1.25,1.25,1.25,0.3125,0.75,1,0,0.95,1,1,0,0.35,0.75,1,11,1,0,0,False,False,False,False,False
g553_registry_000690,repair5g553_theta_553000690,lambda_flow_lambda_cong_grid_00694,lambda_flow_lambda_cong_grid,lambda_flow_lambda_cong_grid,repair5g553_fixed_global_staticflow_registry,True,True,False,False,1.10993860994,1.25,1.25,1.25,0.75,0.75,1,0.398687898688,0.95,1,1.37798887799,0.619499119499,0.35,0.75,1,11,1,0,0,False,False,False,False,False
g553_registry_000691,repair5g553_theta_553000691,flow_shield_beta_cap_grid_00695,flow_shield_beta_cap_grid,flow_shield_beta_cap_grid,repair5g553_fixed_global_staticflow_registry,True,True,False,False,0.426412588912,1.25,1.25,1.25,0.75,0.75,1,0,0.95,1,1,0,0.248710648711,0.375248875249,1,11,1,0,0,False,False,False,False,False
g553_registry_000692,repair5g553_theta_553000692,alpha_flow_wait_progress_grid_00696,alpha_flow_wait_progress_grid,alpha_flow_wait_progress_grid,repair5g553_fixed_global_staticflow_registry,True,True,False,False,1.41401341402,1.25,1.25,1.25,0.75,0.75,1,0.607769357769,0.95,1,1,1.3916968917,0.35,0.75,1,11,1,0,0,False,False,False,False,False
g553_registry_000693,repair5g553_theta_553000693,alpha_cong_commit_nonprogress_grid_00697,alpha_cong_commit_nonprogress_grid,alpha_cong_commit_nonprogress_grid,repair5g553_fixed_global_staticflow_registry,True,True,False,False,0.533615633615,0.684477684478,1.44575094575,1.25,0.75,0.75,1,0,0.95,1,1,0,0.35,0.75,1,11,1,0,0,False,False,False,False,False
g553_registry_000694,repair5g553_theta_553000694,edge_cost_clamp_grid_00698,edge_cost_clamp_grid,edge_cost_clamp_grid,repair5g553_fixed_global_staticflow_registry,True,True,False,False,0.846326096325,1.25,1.25,1.25,0.75,0.75,1,0,0.95,1,1,0,0.35,0.75,0.580895830896,9.84991784992,1,0,0,False,False,False,False,False
g553_registry_000695,repair5g553_theta_553000695,rho_decay_grid_00699,rho_decay_grid,rho_decay_grid,repair5g553_fixed_global_staticflow_registry,True,True,False,False,1.3248028248,1.25,1.25,1.25,0.75,0.75,1,0,0.902914602915,0.914605114605,1,0,0.35,0.75,1,11,1,0,0,False,False,False,False,False
g553_registry_000696,repair5g553_theta_553000696,sobol_local_global_static_00700,sobol_local_global_static,sobol_local_global_static,repair5g553_fixed_global_staticflow_registry,True,True,False,False,1.55074130074,1.49728874729,1.49023305273,1.28268172018,0.614953927454,0.446008508509,1.09574547075,0.0706400706401,0.953671278671,0.994881969882,0.93604018604,0.230249480249,0.487823937824,0.609788922289,0.911940911941,10.7371267371,1,0,0,False,False,False,False,False
g553_registry_000697,repair5g553_theta_553000697,cma_es_or_ranked_search_candidates_00701,cma_es_or_ranked_search_candidates,cma_es_or_ranked_search_candidates,repair5g553_fixed_global_staticflow_registry,True,True,False,False,1.0988019838,1.25,1.22447097447,1.25,0.75,0.75,1,0,0.95,1,1.26177171177,0.605158955159,0.648097398097,0.800682500683,1,11,1,0,0,False,False,False,False,False
g553_registry_000698,repair5g553_theta_553000698,negative_random_wide_control_00702,negative_random_wide_control,negative_random_wide_control,repair5g553_fixed_global_staticflow_registry,True,True,False,False,3.52029560779,0.89744039744,0.521895021895,1.09593509594,0.819734569735,0.638894138894,1.32262182262,1.15967990968,0.964045764046,0.962640662641,1.03330653331,0.150837150837,0.478206878207,0.999664499664,0.754323004323,11.0686310686,1,0,0,False,False,False,False,False
g553_registry_000699,repair5g553_theta_553000699,tiny_local_perturbation_2pct_00703,tiny_local_perturbation_2pct,tiny_local_perturbation_2pct,repair5g553_fixed_global_staticflow_registry,True,True,False,False,0.294321688074,1.22699075699,1.2339542777,1.22454387954,0.771973596974,0.774558737059,1.00997839998,0.0088804026304,0.963868584119,1,1.00958430458,0.0115542565543,0.354823536824,0.768438543439,0.990366300366,11.0665282315,1,0,0,False,False,False,False,False
g553_registry_000700,repair5g553_theta_553000700,small_local_perturbation_5pct_00704,small_local_perturbation_5pct,small_local_perturbation_5pct,repair5g553_fixed_global_staticflow_registry,True,True,False,False,0.687136593379,1.20881427131,1.19763452576,1.32685830498,0.81049501362,0.674078755329,1.03514784765,0.0438967938968,0.967667203292,1,1.0370964996,0.0392902142902,0.318567348567,0.804198569824,0.965207240207,10.7818516319,1,0,0,False,False,False,False,False
g553_registry_000701,repair5g553_theta_553000701,medium_local_perturbation_10pct_00705,medium_local_perturbation_10pct,medium_local_perturbation_10pct,repair5g553_fixed_global_staticflow_registry,True,True,False,False,2.09527726403,1.3753047628,1.20275332775,1.36337819463,0.804796461046,0.855055361305,1.1272030897,0.051308020058,0.997862662863,0.908151008151,0.96611969112,0.0642823392823,0.413951003951,0.700754857005,1,11.34500792,1,0,0,False,False,False,False,False
g553_registry_000702,repair5g553_theta_553000702,coordinate_sweep_each_field_00706,coordinate_sweep_each_field,coordinate_sweep_each_field,repair5g553_fixed_global_staticflow_registry,True,True,False,False,0.1,1.25,1.125,1.25,0.75,0.75,1,0,0.95,1,1,0,0.35,0.75,1,11,1,0,0,False,False,False,False,False
g553_registry_000703,repair5g553_theta_553000703,lambda_flow_lambda_cong_grid_00707,lambda_flow_lambda_cong_grid,lambda_flow_lambda_cong_grid,repair5g553_fixed_global_staticflow_registry,True,True,False,False,0.876001376,1.25,1.25,1.25,0.75,0.75,1,0.278782778783,0.95,1,1.34299184299,0.464974964975,0.35,0.75,1,11,1,0,0,False,False,False,False,False
g553_registry_000704,repair5g553_theta_553000704,flow_shield_beta_cap_grid_00708,flow_shield_beta_cap_grid,flow_shield_beta_cap_grid,repair5g553_fixed_global_staticflow_registry,True,True,False,False,0.510951348452,1.25,1.25,1.25,0.75,0.75,1,0,0.95,1,1,0,0.655992655993,0.910575660576,1,11,1,0,0,False,False,False,False,False
g553_registry_000705,repair5g553_theta_553000705,alpha_flow_wait_progress_grid_00709,alpha_flow_wait_progress_grid,alpha_flow_wait_progress_grid,repair5g553_fixed_global_staticflow_registry,True,True,False,False,1.21655421656,1.25,1.25,1.25,0.75,0.75,1,1.12645612646,0.95,1,1,0.473083973084,0.35,0.75,1,11,1,0,0,False,False,False,False,False
g553_registry_000706,repair5g553_theta_553000706,alpha_cong_commit_nonprogress_grid_00710,alpha_cong_commit_nonprogress_grid,alpha_cong_commit_nonprogress_grid,repair5g553_fixed_global_staticflow_registry,True,True,False,False,0.82090672091,0.164578664579,1.12838437838,1.25,0.75,0.75,1,0,0.95,1,1,0,0.35,0.75,1,11,1,0,0,False,False,False,False,False
g553_registry_000707,repair5g553_theta_553000707,edge_cost_clamp_grid_00711,edge_cost_clamp_grid,edge_cost_clamp_grid,repair5g553_fixed_global_staticflow_registry,True,True,False,False,1.3931046431,1.25,1.25,1.25,0.75,0.75,1,0,0.95,1,1,0,0.35,0.75,0.373351123351,8.76970876971,1,0,0,False,False,False,False,False
g553_registry_000708,repair5g553_theta_553000708,rho_decay_grid_00712,rho_decay_grid,rho_decay_grid,repair5g553_fixed_global_staticflow_registry,True,True,False,False,0.68604118604,1.25,1.25,1.25,0.75,0.75,1,0,0.942797742798,0.938598138598,1,0,0.35,0.75,1,11,1,0,0,False,False,False,False,False
g553_registry_000709,repair5g553_theta_553000709,sobol_local_global_static_00713,sobol_local_global_static,sobol_local_global_static,repair5g553_fixed_global_staticflow_registry,True,True,False,False,1.76789260124,1.32564295064,1.19702463452,1.33363127113,0.678752741253,0.396729334229,1.07469069969,0.0836685211685,0.931289206289,0.975603875604,0.779896029896,0.170032295032,0.457835507836,0.787942225442,0.933039370539,10.069032069,1,0,0,False,False,False,False,False
g553_registry_000710,repair5g553_theta_553000710,cma_es_or_ranked_search_candidates_00714,cma_es_or_ranked_search_candidates,cma_es_or_ranked_search_candidates,repair5g553_fixed_global_staticflow_registry,True,True,False,False,0.519379391049,1.25,1.32067557068,1.25,0.75,0.75,1,0,0.95,1,0.861237711238,0.345475195475,0.357379107379,0.64433004433,1,11,1,0,0,False,False,False,False,False
g553_registry_000711,repair5g553_theta_553000711,negative_random_wide_control_00715,negative_random_wide_control,negative_random_wide_control,repair5g553_fixed_global_staticflow_registry,True,True,False,False,3.85156026407,1.29113979114,1.39191839192,1.08607033607,1.11076611077,0.822101822102,0.777051777052,0.00134000134,0.981072781073,0.904922204922,1.49393299393,0.122514122514,0.210326610327,1.15961715962,0.842868092868,10.646010646,0,1,0,False,False,False,False,False
g553_registry_000712,repair5g553_theta_553000712,tiny_local_perturbation_2pct_00716,tiny_local_perturbation_2pct,tiny_local_perturbation_2pct,repair5g553_fixed_global_staticflow_registry,True,True,False,False,0.512657106399,1.23252515503,1.25868581494,1.2294967345,0.737742718993,0.735825983326,1.02043812044,0,0.967997938998,0.981087786088,1.01679473679,0.0157716157716,0.341132111132,0.766237741238,1,10.8786960037,1,0,0,False,False,False,False,False
g553_registry_000713,repair5g553_theta_553000713,small_local_perturbation_5pct_00717,small_local_perturbation_5pct,small_local_perturbation_5pct,repair5g553_fixed_global_staticflow_registry,True,True,False,False,0.860216397715,1.29500949501,1.19189659815,1.19845393908,0.691884082509,0.788003081753,0.969538738289,0.0435638404388,0.905980886606,1,1.04905121155,0.025705038205,0.335411015411,0.721226268101,1,11.3330833581,1,0,0,False,False,False,False,False
g553_registry_000714,repair5g553_theta_553000714,medium_local_perturbation_10pct_00718,medium_local_perturbation_10pct,medium_local_perturbation_10pct,repair5g553_fixed_global_staticflow_registry,True,True,False,False,1.84798236672,1.10492964243,1.18570712321,1.29463186963,0.700561544312,0.811634405384,1.06470635221,0,1,0.938975813976,1.09134454134,0.0970007470007,0.326614676615,0.700401231651,0.906883656884,11.3884128634,1,0,0,False,False,False,False,False
g553_registry_000715,repair5g553_theta_553000715,coordinate_sweep_each_field_00719,coordinate_sweep_each_field,coordinate_sweep_each_field,repair5g553_fixed_global_staticflow_registry,True,True,False,False,0.25,1.25,1.25,1.25,0.75,0.75,1,0,0.95,1,1,0,0.35,0.75,1,10,1,0,0,False,False,False,False,False
g553_registry_000716,repair5g553_theta_553000716,lambda_flow_lambda_cong_grid_00720,lambda_flow_lambda_cong_grid,lambda_flow_lambda_cong_grid,repair5g553_fixed_global_staticflow_registry,True,True,False,False,0.293057793057,1.25,1.25,1.25,0.75,0.75,1,0.136636386636,0.95,1,1.13829063829,0.0681870681871,0.35,0.75,1,11,1,0,0,False,False,False,False,False
g553_registry_000717,repair5g553_theta_553000717,flow_shield_beta_cap_grid_00721,flow_shield_beta_cap_grid,flow_shield_beta_cap_grid,repair5g553_fixed_global_staticflow_registry,True,True,False,False,0.686863724365,1.25,1.25,1.25,0.75,0.75,1,0,0.95,1,1,0,0.708733508734,0.451941451941,1,11,1,0,0,False,False,False,False,False
g553_registry_000718,repair5g553_theta_553000718,alpha_flow_wait_progress_grid_00722,alpha_flow_wait_progress_grid,alpha_flow_wait_progress_grid,repair5g553_fixed_global_staticflow_registry,True,True,False,False,0.756484756485,1.25,1.25,1.25,0.75,0.75,1,0.18526018526,0.95,1,1,0.912414912415,0.35,0.75,1,11,1,0,0,False,False,False,False,False
g553_registry_000719,repair5g553_theta_553000719,alpha_cong_commit_nonprogress_grid_00723,alpha_cong_commit_nonprogress_grid,alpha_cong_commit_nonprogress_grid,repair5g553_fixed_global_staticflow_registry,True,True,False,False,0.821265721268,0.28450978451,1.02799302799,1.25,0.75,0.75,1,0,0.95,1,1,0,0.35,0.75,1,11,1,0,0,False,False,False,False,False
g553_registry_000720,repair5g553_theta_553000720,edge_cost_clamp_grid_00724,edge_cost_clamp_grid,edge_cost_clamp_grid,repair5g553_fixed_global_staticflow_registry,True,True,False,False,0.759954009955,1.25,1.25,1.25,0.75,0.75,1,0,0.95,1,1,0,0.35,0.75,0.550764550765,10.3561063561,1,0,0,False,False,False,False,False
g553_registry_000721,repair5g553_theta_553000721,rho_decay_grid_00725,rho_decay_grid,rho_decay_grid,repair5g553_fixed_global_staticflow_registry,True,True,False,False,0.41564291565,1.25,1.25,1.25,0.75,0.75,1,0,0.980385780386,0.988821488821,1,0,0.35,0.75,1,11,1,0,0,False,False,False,False,False
g553_registry_000722,repair5g553_theta_553000722,sobol_local_global_static_00726,sobol_local_global_static,sobol_local_global_static,repair5g553_fixed_global_staticflow_registry,True,True,False,False,1.62383595717,1.068999569,1.40344046594,1.45434201684,0.708027145527,1.04646998397,1.26856439356,0.253086815587,0.946301821302,0.995378070378,0.831078581079,0.29966992467,0.274720924721,0.710349022849,0.979539042039,10.7034227034,1,0,0,False,False,False,False,False
g553_registry_000723,repair5g553_theta_553000723,cma_es_or_ranked_search_candidates_00727,cma_es_or_ranked_search_candidates,cma_es_or_ranked_search_candidates,repair5g553_fixed_global_staticflow_registry,True,True,False,False,0.857445711613,1.25,1.009001659,1.25,0.75,0.75,1,0,0.95,1,0.899478749479,0.498712498712,0.224086724087,0.657176007176,1,11,1,0,0,False,False,False,False,False
g553_registry_000724,repair5g553_theta_553000724,negative_random_wide_control_00728,negative_random_wide_control,negative_random_wide_control,repair5g553_fixed_global_staticflow_registry,True,True,False,False,4.99599308349,0.850860850861,1.5797985798,0.563416563417,0.690971940972,0.63711963712,0.802473802474,1.14672114672,0.939371439371,0.972158572159,1.37206287206,0.758807258807,0.364794764795,1.32247482247,0.730022980023,9.74454174454,0,0,1,False,False,False,False,False
g553_registry_000725,repair5g553_theta_553000725,tiny_local_perturbation_2pct_00729,tiny_local_perturbation_2pct,tiny_local_perturbation_2pct,repair5g553_fixed_global_staticflow_registry,True,True,False,False,0.332653790164,1.27799268299,1.2649952525,1.23837806338,0.765144127644,0.735706703207,0.975415440415,0.00876632751633,0.934285397785,1,0.987674637675,0,0.339445245445,0.768673256173,0.990834270834,10.8326215226,1,0,0,False,False,False,False,False
g553_registry_000726,repair5g553_theta_553000726,small_local_perturbation_5pct_00730,small_local_perturbation_5pct,small_local_perturbation_5pct,repair5g553_fixed_global_staticflow_registry,True,True,False,False,0.784998034985,1.18248963874,1.30496966434,1.18286234224,0.772169412794,0.695846523972,0.966603779104,0,0.984112396612,1,0.973361098361,0,0.378706308706,0.812198452823,1,11.5332079332,1,0,0,False,False,False,False,False
g553_registry_000727,repair5g553_theta_553000727,medium_local_perturbation_10pct_00731,medium_local_perturbation_10pct,medium_local_perturbation_10pct,repair5g553_fixed_global_staticflow_registry,True,True,False,False,1.39808972933,1.15745965746,1.29617060867,1.36523446523,0.688822157572,0.669192575443,0.85621979372,0.044228950479,1,1,0.908697158697,0,0.32932967933,0.659176221676,0.902424377424,11.7494249744,1,0,0,False,False,False,False,False
g553_registry_000728,repair5g553_theta_553000728,coordinate_sweep_each_field_00732,coordinate_sweep_each_field,coordinate_sweep_each_field,repair5g553_fixed_global_staticflow_registry,True,True,False,False,0.35,1.25,1.25,1.25,0.75,0.75,1,0,0.95,1,1,0,0.35,1.1875,1,11,1,0,0,False,False,False,False,False
g553_registry_000729,repair5g553_theta_553000729,lambda_flow_lambda_cong_grid_00733,lambda_flow_lambda_cong_grid,lambda_flow_lambda_cong_grid,repair5g553_fixed_global_staticflow_registry,True,True,False,False,1.11747961748,1.25,1.25,1.25,0.75,0.75,1,0.613029363029,0.95,1,0.711445211445,0.507752007752,0.35,0.75,1,11,1,0,0,False,False,False,False,False
g553_registry_000730,repair5g553_theta_553000730,flow_shield_beta_cap_grid_00734,flow_shield_beta_cap_grid,flow_shield_beta_cap_grid,repair5g553_fixed_global_staticflow_registry,True,True,False,False,0.424903262403,1.25,1.25,1.25,0.75,0.75,1,0,0.95,1,1,0,0.553366953367,0.963368213368,1,11,1,0,0,False,False,False,False,False
g553_registry_000731,repair5g553_theta_553000731,alpha_flow_wait_progress_grid_00735,alpha_flow_wait_progress_grid,alpha_flow_wait_progress_grid,repair5g553_fixed_global_staticflow_registry,True,True,False,False,1.4505964506,1.25,1.25,1.25,0.75,0.75,1,0.888724638725,0.95,1,1,1.10942510943,0.35,0.75,1,11,1,0,0,False,False,False,False,False
g553_registry_000732,repair5g553_theta_553000732,alpha_cong_commit_nonprogress_grid_00736,alpha_cong_commit_nonprogress_grid,alpha_cong_commit_nonprogress_grid,repair5g553_fixed_global_staticflow_registry,True,True,False,False,0.481611581613,0.649656649657,1.35172835173,1.25,0.75,0.75,1,0,0.95,1,1,0,0.35,0.75,1,11,1,0,0,False,False,False,False,False
g553_registry_000733,repair5g553_theta_553000733,edge_cost_clamp_grid_00737,edge_cost_clamp_grid,edge_cost_clamp_grid,repair5g553_fixed_global_staticflow_registry,True,True,False,False,0.0706343206393,1.25,1.25,1.25,0.75,0.75,1,0,0.95,1,1,0,0.35,0.75,0.975933225933,10.8458188458,1,0,0,False,False,False,False,False
g553_registry_000734,repair5g553_theta_553000734,rho_decay_grid_00738,rho_decay_grid,rho_decay_grid,repair5g553_fixed_global_staticflow_registry,True,True,False,False,1.1312006312,1.25,1.25,1.25,0.75,0.75,1,0,0.916868516869,0.920011420011,1,0,0.35,0.75,1,11,1,0,0,False,False,False,False,False
g553_registry_000735,repair5g553_theta_553000735,sobol_local_global_static_00739,sobol_local_global_static,sobol_local_global_static,repair5g553_fixed_global_staticflow_registry,True,True,False,False,1.91997233664,0.993823868824,1.02456696207,1.12135255885,1.01402620153,0.775517213017,1.26703514204,0.0821657071657,0.929483654484,0.99811037311,0.845226595227,0.108063483063,0.54225959226,0.900716088216,0.935202560203,11.5104055104,1,0,0,False,False,False,False,False
g553_registry_000736,repair5g553_theta_553000736,cma_es_or_ranked_search_candidates_00740,cma_es_or_ranked_search_candidates,cma_es_or_ranked_search_candidates,repair5g553_fixed_global_staticflow_registry,True,True,False,False,1.30288772456,1.25,0.990430640431,1.25,0.75,0.75,1,0,0.95,1,1.09715794716,0.726955576956,0.510856260856,1.14045864046,1,11,1,0,0,False,False,False,False,False
g553_registry_000737,repair5g553_theta_553000737,negative_random_wide_control_00741,negative_random_wide_control,negative_random_wide_control,repair5g553_fixed_global_staticflow_registry,True,True,False,False,4.86541345292,1.46276996277,1.24915074915,1.31523481523,0.0795525795526,0.148496398496,1.29750579751,0.0796738296738,0.987978687979,0.954893954894,1.20429270429,0.758948258948,0.716547916548,0.499378999379,0.385195885196,8.90426490426,1,0,0,False,False,False,False,False
g553_registry_000738,repair5g553_theta_553000738,tiny_local_perturbation_2pct_00742,tiny_local_perturbation_2pct,tiny_local_perturbation_2pct,repair5g553_fixed_global_staticflow_registry,True,True,False,False,0.485718209484,1.25801556552,1.26354955105,1.2703962704,0.743097930598,0.739062480312,0.986454918955,0,0.936911319161,0.982206397206,1.01435687436,0.00750438750439,0.363829413829,0.772608753859,0.985696405696,11.2178010428,1,0,0,False,False,False,False,False
g553_registry_000739,repair5g553_theta_553000739,small_local_perturbation_5pct_00743,small_local_perturbation_5pct,small_local_perturbation_5pct,repair5g553_fixed_global_staticflow_registry,True,True,False,False,0.760162172656,1.19557897058,1.27808860621,1.21803127428,0.76652973528,0.700012796888,0.93023041148,0.0509135196635,0.915664091914,1,1.04795966046,0.0644044581545,0.371910971911,0.796328296328,1,11.2216183216,1,0,0,False,False,False,False,False
g553_registry_000740,repair5g553_theta_553000740,medium_local_perturbation_10pct_00744,medium_local_perturbation_10pct,medium_local_perturbation_10pct,repair5g553_fixed_global_staticflow_registry,True,True,False,False,1.21002424752,1.101001701,1.29771007896,1.18787130662,0.664027882778,0.831143424893,0.889106164106,0,1,1,0.960746010746,0,0.396454866455,0.687414781165,0.939980514981,11.4821222321,1,0,0,False,False,False,False,False
g553_registry_000741,repair5g553_theta_553000741,coordinate_sweep_each_field_00745,coordinate_sweep_each_field,coordinate_sweep_each_field,repair5g553_fixed_global_staticflow_registry,True,True,False,False,1,1.25,1.25,1.25,0.75,0.75,1,0,0.95,1,1,1.5,0.35,0.75,1,11,1,0,0,False,False,False,False,False
g553_registry_000742,repair5g553_theta_553000742,lambda_flow_lambda_cong_grid_00746,lambda_flow_lambda_cong_grid,lambda_flow_lambda_cong_grid,repair5g553_fixed_global_staticflow_registry,True,True,False,False,1.59201209201,1.25,1.25,1.25,0.75,0.75,1,0.588481838482,0.95,1,0.577645077645,1.04830754831,0.35,0.75,1,11,1,0,0,False,False,False,False,False
g553_registry_000743,repair5g553_theta_553000743,flow_shield_beta_cap_grid_00747,flow_shield_beta_cap_grid,flow_shield_beta_cap_grid,repair5g553_fixed_global_staticflow_registry,True,True,False,False,0.440903478404,1.25,1.25,1.25,0.75,0.75,1,0,0.95,1,1,0,0.528780528781,0.478215228215,1,11,1,0,0,False,False,False,False,False
g553_registry_000744,repair5g553_theta_553000744,alpha_flow_wait_progress_grid_00748,alpha_flow_wait_progress_grid,alpha_flow_wait_progress_grid,repair5g553_fixed_global_staticflow_registry,True,True,False,False,1.35944735945,1.25,1.25,1.25,0.75,0.75,1,0.992403492403,0.95,1,1,0.848286848287,0.35,0.75,1,11,1,0,0,False,False,False,False,False
g553_registry_000745,repair5g553_theta_553000745,alpha_cong_commit_nonprogress_grid_00749,alpha_cong_commit_nonprogress_grid,alpha_cong_commit_nonprogress_grid,repair5g553_fixed_global_staticflow_registry,True,True,False,False,0.9398978399,0.0769575769576,1.05266305266,1.25,0.75,0.75,1,0,0.95,1,1,0,0.35,0.75,1,11,1,0,0,False,False,False,False,False
g553_registry_000746,repair5g553_theta_553000746,edge_cost_clamp_grid_00750,edge_cost_clamp_grid,edge_cost_clamp_grid,repair5g553_fixed_global_staticflow_registry,True,True,False,False,1.24642949643,1.25,1.25,1.25,0.75,0.75,1,0,0.95,1,1,0,0.35,0.75,0.480167730168,8.78672078672,1,0,0,False,False,False,False,False
g553_registry_000747,repair5g553_theta_553000747,rho_decay_grid_00751,rho_decay_grid,rho_decay_grid,repair5g553_fixed_global_staticflow_registry,True,True,False,False,1.1149036149,1.25,1.25,1.25,0.75,0.75,1,0,0.930376530377,0.908133108133,1,0,0.35,0.75,1,11,1,0,0,False,False,False,False,False
g553_registry_000748,repair5g553_theta_553000748,sobol_local_global_static_00752,sobol_local_global_static,sobol_local_global_static,repair5g553_fixed_global_staticflow_registry,True,True,False,False,1.71523854858,1.25525725526,1.34186602937,1.54362623113,0.996116183616,0.674931487431,0.828841203841,0.146848584349,0.938754613755,0.980174080174,0.918881668882,0.0276937776938,0.47681032681,0.961435523936,0.925693488193,10.3518003518,1,0,0,False,False,False,False,False
g553_registry_000749,repair5g553_theta_553000749,cma_es_or_ranked_search_candidates_00753,cma_es_or_ranked_search_candidates,cma_es_or_ranked_search_candidates,repair5g553_fixed_global_staticflow_registry,True,True,False,False,1.04760749928,1.25,1.09386274386,1.25,0.75,0.75,1,0,0.95,1,0.824578274578,0.399088999089,0.556524106524,1.02882687883,1,11,1,0,0,False,False,False,False,False
g553_registry_000750,repair5g553_theta_553000750,negative_random_wide_control_00754,negative_random_wide_control,negative_random_wide_control,repair5g553_fixed_global_staticflow_registry,True,True,False,False,5.28007749257,0.756176256176,0.79806029806,2.17262892263,0.82178957179,1.36917336917,1.32295932296,0.160426410426,0.933040733041,0.937722637723,0.713228213228,0.971937971938,0.309471509472,1.29592104592,0.773001773002,9.83982983983,0,1,0,False,False,False,False,False
g553_registry_000751,repair5g553_theta_553000751,tiny_local_perturbation_2pct_00755,tiny_local_perturbation_2pct,tiny_local_perturbation_2pct,repair5g553_fixed_global_staticflow_registry,True,True,False,False,0.241740320485,1.23338357588,1.27016065766,1.26460354585,0.774358749359,0.716706934207,1.02445522946,0,0.959220827971,1,0.987181662182,0,0.360674994675,0.729351091851,1,10.9340611491,1,0,0,False,False,False,False,False
g553_registry_000752,repair5g553_theta_553000752,small_local_perturbation_5pct_00756,small_local_perturbation_5pct,small_local_perturbation_5pct,repair5g553_fixed_global_staticflow_registry,True,True,False,False,0.642076795216,1.28508332883,1.22408888034,1.29625143063,0.808648371148,0.726403982654,1.05007295632,0.0567812911563,0.922841040341,1,1.02193624694,0,0.3152003252,0.71047538235,0.980959468459,10.8468480843,1,0,0,False,False,False,False,False
g553_registry_000753,repair5g553_theta_553000753,medium_local_perturbation_10pct_00757,medium_local_perturbation_10pct,medium_local_perturbation_10pct,repair5g553_fixed_global_staticflow_registry,True,True,False,False,1.16530815281,1.3671986797,1.34675440925,1.30336590962,0.814198657949,0.577151320901,1.05635164385,0,0.998314815815,1,1.0251991252,0.0805576180576,0.270688860689,0.711356680107,1,10.6021037521,1,0,0,False,False,False,False,False
g553_registry_000754,repair5g553_theta_553000754,coordinate_sweep_each_field_00758,coordinate_sweep_each_field,coordinate_sweep_each_field,repair5g553_fixed_global_staticflow_registry,True,True,False,False,1,1.25,1.25,1.25,0.75,0.75,1,0,0.95,0.9,1,0,0.35,0.75,1,11,1,0,0,False,False,False,False,False
g553_registry_000755,repair5g553_theta_553000755,lambda_flow_lambda_cong_grid_00759,lambda_flow_lambda_cong_grid,lambda_flow_lambda_cong_grid,repair5g553_fixed_global_staticflow_registry,True,True,False,False,1.2326987327,1.25,1.25,1.25,0.75,0.75,1,0.192726442726,0.95,1,0.776145276145,1.28199428199,0.35,0.75,1,11,1,0,0,False,False,False,False,False
g553_registry_000756,repair5g553_theta_553000756,flow_shield_beta_cap_grid_00760,flow_shield_beta_cap_grid,flow_shield_beta_cap_grid,repair5g553_fixed_global_staticflow_registry,True,True,False,False,0.620496657997,1.25,1.25,1.25,0.75,0.75,1,0,0.95,1,1,0,0.553702953703,0.292665042665,1,11,1,0,0,False,False,False,False,False
g553_registry_000757,repair5g553_theta_553000757,alpha_flow_wait_progress_grid_00761,alpha_flow_wait_progress_grid,alpha_flow_wait_progress_grid,repair5g553_fixed_global_staticflow_registry,True,True,False,False,1.04998304998,1.25,1.25,1.25,0.75,0.75,1,0.942908442908,0.95,1,1,0.443484443484,0.35,0.75,1,11,1,0,0,False,False,False,False,False
g553_registry_000758,repair5g553_theta_553000758,alpha_cong_commit_nonprogress_grid_00762,alpha_cong_commit_nonprogress_grid,alpha_cong_commit_nonprogress_grid,repair5g553_fixed_global_staticflow_registry,True,True,False,False,0.293928193927,0.852777852778,1.21360821361,1.25,0.75,0.75,1,0,0.95,1,1,0,0.35,0.75,1,11,1,0,0,False,False,False,False,False
g553_registry_000759,repair5g553_theta_553000759,edge_cost_clamp_grid_00763,edge_cost_clamp_grid,edge_cost_clamp_grid,repair5g553_fixed_global_staticflow_registry,True,True,False,False,1.38853863854,1.25,1.25,1.25,0.75,0.75,1,0,0.95,1,1,0,0.35,0.75,0.342104592105,8.95462095462,1,0,0,False,False,False,False,False
g553_registry_000760,repair5g553_theta_553000760,rho_decay_grid_00764,rho_decay_grid,rho_decay_grid,repair5g553_fixed_global_staticflow_registry,True,True,False,False,0.22079072079,1.25,1.25,1.25,0.75,0.75,1,0,0.941515741516,0.986405186405,1,0,0.35,0.75,1,11,1,0,0,False,False,False,False,False
g553_registry_000761,repair5g553_theta_553000761,sobol_local_global_static_00765,sobol_local_global_static,sobol_local_global_static,repair5g553_fixed_global_staticflow_registry,True,True,False,False,1.82932574598,1.29785292285,1.15332584083,1.29594235844,0.958068020568,0.34745978496,1.26742364242,0.118867618868,0.962181887182,0.98994976495,1.18475093475,0.231185481185,0.364853814854,0.681451493951,0.861458173958,11.8186138186,1,0,0,False,False,False,False,False
g553_registry_000762,repair5g553_theta_553000762,cma_es_or_ranked_search_candidates_00766,cma_es_or_ranked_search_candidates,cma_es_or_ranked_search_candidates,repair5g553_fixed_global_staticflow_registry,True,True,False,False,1.0995323512,1.25,0.868231518232,1.25,0.75,0.75,1,0,0.95,1,1.29302514303,0.494354544355,0.346321696322,0.958656058656,1,11,1,0,0,False,False,False,False,False
g553_registry_000763,repair5g553_theta_553000763,negative_random_wide_control_00767,negative_random_wide_control,negative_random_wide_control,repair5g553_fixed_global_staticflow_registry,True,True,False,False,6.20567829317,0.822651822652,1.14442814443,1.79002954003,0.690233190233,0.201148701149,1.19426369426,1.13706488706,0.998291898292,0.970505370505,0.577923077923,0.476701976702,0.472458872459,0.255367505368,0.253820503821,8.7371967372,0,0,1,False,False,False,False,False
g553_registry_000764,repair5g553_theta_553000764,tiny_local_perturbation_2pct_00768,tiny_local_perturbation_2pct,tiny_local_perturbation_2pct,repair5g553_fixed_global_staticflow_registry,True,True,False,False,0.421786938039,1.26438912439,1.24307318057,1.26313601189,0.767051210801,0.741188443688,0.982333927334,0,0.965318409068,0.987414117414,1.01293227793,0.0199121149121,0.343267405267,0.760079222579,0.994926319926,11.1607957958,1,0,0,False,False,False,False,False
g553_registry_000765,repair5g553_theta_553000765,small_local_perturbation_5pct_00769,small_local_perturbation_5pct,small_local_perturbation_5pct,repair5g553_fixed_global_staticflow_registry,True,True,False,False,0.675815466441,1.19087640963,1.28404215904,1.19266180516,0.76955983206,0.801712486087,0.96153964279,0,0.92360509048,1,0.985261585262,0.0447706572707,0.323871893872,0.691901941902,0.951011038511,11.2102856978,1,0,0,False,False,False,False,False
g553_registry_000766,repair5g553_theta_553000766,medium_local_perturbation_10pct_00770,medium_local_perturbation_10pct,medium_local_perturbation_10pct,repair5g553_fixed_global_staticflow_registry,True,True,False,False,1.94513147637,1.29661993412,1.13241516367,1.30423321048,0.798761861262,0.803857441357,0.932077157077,0.0667459417459,0.9,0.938391638392,1.08637833638,0.112866412866,0.375881865882,0.823608823609,0.953118803119,11.7563021813,1,0,0,False,False,False,False,False
g553_registry_000767,repair5g553_theta_553000767,coordinate_sweep_each_field_00771,coordinate_sweep_each_field,coordinate_sweep_each_field,repair5g553_fixed_global_staticflow_registry,True,True,False,False,0.25,1.25,1.25,1.25,0.75,0.75,1,0.3125,0.95,1,1,0,0.35,0.75,1,11,1,0,0,False,False,False,False,False
g553_registry_000768,repair5g553_theta_553000768,lambda_flow_lambda_cong_grid_00772,lambda_flow_lambda_cong_grid,lambda_flow_lambda_cong_grid,repair5g553_fixed_global_staticflow_registry,True,True,False,False,2.31537281537,1.25,1.25,1.25,0.75,0.75,1,1.18826118826,0.95,1,0.533761033761,1.34778734779,0.35,0.75,1,11,1,0,0,False,False,False,False,False
g553_registry_000769,repair5g553_theta_553000769,flow_shield_beta_cap_grid_00773,flow_shield_beta_cap_grid,flow_shield_beta_cap_grid,repair5g553_fixed_global_staticflow_registry,True,True,False,False,0.907564745064,1.25,1.25,1.25,0.75,0.75,1,0,0.95,1,1,0,0.708255908256,1.32468107468,1,11,1,0,0,False,False,False,False,False
g553_registry_000770,repair5g553_theta_553000770,alpha_flow_wait_progress_grid_00774,alpha_flow_wait_progress_grid,alpha_flow_wait_progress_grid,repair5g553_fixed_global_staticflow_registry,True,True,False,False,1.51350551351,1.25,1.25,1.25,0.75,0.75,1,0.756357006357,0.95,1,1,1.36262986263,0.35,0.75,1,11,1,0,0,False,False,False,False,False
g553_registry_000771,repair5g553_theta_553000771,alpha_cong_commit_nonprogress_grid_00775,alpha_cong_commit_nonprogress_grid,alpha_cong_commit_nonprogress_grid,repair5g553_fixed_global_staticflow_registry,True,True,False,False,0.416477516481,1.32948732949,1.70435745436,1.25,0.75,0.75,1,0,0.95,1,1,0,0.35,0.75,1,11,1,0,0,False,False,False,False,False
g553_registry_000772,repair5g553_theta_553000772,edge_cost_clamp_grid_00776,edge_cost_clamp_grid,edge_cost_clamp_grid,repair5g553_fixed_global_staticflow_registry,True,True,False,False,0.41134866134,1.25,1.25,1.25,0.75,0.75,1,0,0.95,1,1,0,0.35,0.75,0.76011976012,10.633966634,1,0,0,False,False,False,False,False
g553_registry_000773,repair5g553_theta_553000773,rho_decay_grid_00777,rho_decay_grid,rho_decay_grid,repair5g553_fixed_global_staticflow_registry,True,True,False,False,1.0475995476,1.25,1.25,1.25,0.75,0.75,1,0,0.98164018164,0.92688022688,1,0,0.35,0.75,1,11,1,0,0,False,False,False,False,False
g553_registry_000774,repair5g553_theta_553000774,sobol_local_global_static_00778,sobol_local_global_static,sobol_local_global_static,repair5g553_fixed_global_staticflow_registry,True,True,False,False,1.61947061946,1.09954647455,1.26675595426,1.51492707743,0.872405434905,0.856495043995,0.997217122217,0.260977448477,0.955381930382,0.975711750712,1.08298783299,0.160955785956,0.375131025131,0.445153132653,0.898664023664,11.3502453502,1,0,0,False,False,False,False,False
g553_registry_000775,repair5g553_theta_553000775,cma_es_or_ranked_search_candidates_00779,cma_es_or_ranked_search_candidates,cma_es_or_ranked_search_candidates,repair5g553_fixed_global_staticflow_registry,True,True,False,False,0.720361874526,1.25,1.17068642069,1.25,0.75,0.75,1,0,0.95,1,1.29434214434,0.228751378751,0.34386964387,1.00300625301,1,11,1,0,0,False,False,False,False,False
g553_registry_000776,repair5g553_theta_553000776,negative_random_wide_control_00780,negative_random_wide_control,negative_random_wide_control,repair5g553_fixed_global_staticflow_registry,True,True,False,False,4.01518052768,1.14931764932,1.18894943895,1.57080507081,0.676518176518,0.470311220311,1.29474279474,0.288514038514,0.906904506905,0.998577298577,1.41868791869,1.26720576721,0.316514716515,1.36201486201,0.754696504697,8.9889049889,1,0,0,False,False,False,False,False
g553_registry_000777,repair5g553_theta_553000777,tiny_local_perturbation_2pct_00781,tiny_local_perturbation_2pct,tiny_local_perturbation_2pct,repair5g553_fixed_global_staticflow_registry,True,True,False,False,0.460863690872,1.26397501148,1.26582075957,1.26745521746,0.736830624331,0.75937018312,0.986078313578,0.0160164347664,0.966397063897,0.990747885748,1.01907028407,0.0209778284778,0.36312004512,0.725672806923,0.989384699385,11.2054760255,1,0,0,False,False,False,False,False
g553_registry_000778,repair5g553_theta_553000778,small_local_perturbation_5pct_00782,small_local_perturbation_5pct,small_local_perturbation_5pct,repair5g553_fixed_global_staticflow_registry,True,True,False,False,1.0834534647,1.22787049662,1.23331210831,1.28472543785,0.774930962431,0.800926232176,0.950848082098,0,0.987562610063,0.963854988855,1.04455454455,0,0.388894858895,0.715045699421,1,11.3819234069,1,0,0,False,False,False,False,False
g553_registry_000779,repair5g553_theta_553000779,medium_local_perturbation_10pct_00783,medium_local_perturbation_10pct,medium_local_perturbation_10pct,repair5g553_fixed_global_staticflow_registry,True,True,False,False,1.28903700779,1.1642032517,1.32858451608,1.08506386631,0.667783230283,0.896366077616,1.04679262179,0,1,1,0.938113913114,0.0684703809704,0.383068613069,0.821257665008,0.964506514507,11.5636661387,1,0,0,False,False,False,False,False
g553_registry_000780,repair5g553_theta_553000780,coordinate_sweep_each_field_00784,coordinate_sweep_each_field,coordinate_sweep_each_field,repair5g553_fixed_global_staticflow_registry,True,True,False,False,0.0714285714286,1.25,1.25,1.25,0.75,0.875,1,0,0.95,1,1,0,0.35,0.75,1,11,1,0,0,False,False,False,False,False
g553_registry_000781,repair5g553_theta_553000781,lambda_flow_lambda_cong_grid_00785,lambda_flow_lambda_cong_grid,lambda_flow_lambda_cong_grid,repair5g553_fixed_global_staticflow_registry,True,True,False,False,0.913397413398,1.25,1.25,1.25,0.75,0.75,1,0.781534531535,0.95,1,1.00073950074,0.431145431145,0.35,0.75,1,11,1,0,0,False,False,False,False,False
g553_registry_000782,repair5g553_theta_553000782,flow_shield_beta_cap_grid_00786,flow_shield_beta_cap_grid,flow_shield_beta_cap_grid,repair5g553_fixed_global_staticflow_registry,True,True,False,False,0.371241333745,1.25,1.25,1.25,0.75,0.75,1,0,0.95,1,1,0,0.290329090329,1.12081587082,1,11,1,0,0,False,False,False,False,False
g553_registry_000783,repair5g553_theta_553000783,alpha_flow_wait_progress_grid_00787,alpha_flow_wait_progress_grid,alpha_flow_wait_progress_grid,repair5g553_fixed_global_staticflow_registry,True,True,False,False,1.30028530029,1.25,1.25,1.25,0.75,0.75,1,1.09026734027,0.95,1,1,0.642107142107,0.35,0.75,1,11,1,0,0,False,False,False,False,False
g553_registry_000784,repair5g553_theta_553000784,alpha_cong_commit_nonprogress_grid_00788,alpha_cong_commit_nonprogress_grid,alpha_cong_commit_nonprogress_grid,repair5g553_fixed_global_staticflow_registry,True,True,False,False,0.701514801516,0.575858075858,1.56510856511,1.25,0.75,0.75,1,0,0.95,1,1,0,0.35,0.75,1,11,1,0,0,False,False,False,False,False
g553_registry_000785,repair5g553_theta_553000785,edge_cost_clamp_grid_00789,edge_cost_clamp_grid,edge_cost_clamp_grid,repair5g553_fixed_global_staticflow_registry,True,True,False,False,0.102307852305,1.25,1.25,1.25,0.75,0.75,1,0,0.95,1,1,0,0.35,0.75,0.94323994324,11.1065111065,1,0,0,False,False,False,False,False
g553_registry_000786,repair5g553_theta_553000786,rho_decay_grid_00790,rho_decay_grid,rho_decay_grid,repair5g553_fixed_global_staticflow_registry,True,True,False,False,0.41533291533,1.25,1.25,1.25,0.75,0.75,1,0,0.923452823453,0.985013885014,1,0,0.35,0.75,1,11,1,0,0,False,False,False,False,False
g553_registry_000787,repair5g553_theta_553000787,sobol_local_global_static_00791,sobol_local_global_static,sobol_local_global_static,repair5g553_fixed_global_staticflow_registry,True,True,False,False,2.10120001789,0.973926348926,1.28061596812,1.60188991439,0.639415826916,1.03807697558,1.02989390489,0.235262422762,0.926816451816,0.985564410564,0.777667527668,0.16128016128,0.448439098439,0.832248519749,0.929876054876,10.0321360321,1,0,0,False,False,False,False,False
g553_registry_000788,repair5g553_theta_553000788,cma_es_or_ranked_search_candidates_00792,cma_es_or_ranked_search_candidates,cma_es_or_ranked_search_candidates,repair5g553_fixed_global_staticflow_registry,True,True,False,False,0.927751243586,1.25,1.51692636693,1.25,0.75,0.75,1,0,0.95,1,1.19861684862,0.0821398321398,0.200651600652,1.09268489268,1,11,1,0,0,False,False,False,False,False
g553_registry_000789,repair5g553_theta_553000789,negative_random_wide_control_00793,negative_random_wide_control,negative_random_wide_control,repair5g553_fixed_global_staticflow_registry,True,True,False,False,4.80235271486,0.321213321213,1.44362344362,1.38281113281,1.04003979004,0.960444710445,1.06318156318,0.576995576996,0.930484930485,0.934517334517,0.611387111387,0.453768453768,0.222259422259,1.15875840876,0.665523665524,11.4904554905,0,1,0,False,False,False,False,False
g553_registry_000790,repair5g553_theta_553000790,tiny_local_perturbation_2pct_00794,tiny_local_perturbation_2pct,tiny_local_perturbation_2pct,repair5g553_fixed_global_staticflow_registry,True,True,False,False,0.260575356831,1.26655443655,1.25878640879,1.23422425922,0.765264315264,0.715221733972,1.01392868393,0,0.958783509284,1,1.00514067014,0.0283542133542,0.354927876928,0.767022748273,0.984425109425,11.1588062238,1,0,0,False,False,False,False,False
g553_registry_000791,repair5g553_theta_553000791,small_local_perturbation_5pct_00795,small_local_perturbation_5pct,small_local_perturbation_5pct,repair5g553_fixed_global_staticflow_registry,True,True,False,False,0.849666787171,1.18980158355,1.20081166956,1.32836072524,0.775761260136,0.810951839077,0.964413739414,0.0338176275676,0.977988631114,0.98226000726,1.03120783121,0,0.370655200655,0.732655904531,0.975029437529,10.7691721942,1,0,0,False,False,False,False,False
g553_registry_000792,repair5g553_theta_553000792,medium_local_perturbation_10pct_00796,medium_local_perturbation_10pct,medium_local_perturbation_10pct,repair5g553_fixed_global_staticflow_registry,True,True,False,False,1.76449582699,1.19000807751,1.13774223149,1.32723820849,0.806378681379,0.843092305592,0.914968814969,0.076003013503,0.91845965971,0.938797013797,0.928610878611,0,0.383053673054,0.644211269211,1,12,1,0,0,False,False,False,False,False
g553_registry_000793,repair5g553_theta_553000793,coordinate_sweep_each_field_00797,coordinate_sweep_each_field,coordinate_sweep_each_field,repair5g553_fixed_global_staticflow_registry,True,True,False,False,0.321428571429,1.25,1.25,1.8125,0.75,0.75,1,0,0.95,1,1,0,0.35,0.75,1,11,1,0,0,False,False,False,False,False
g553_registry_000794,repair5g553_theta_553000794,lambda_flow_lambda_cong_grid_00798,lambda_flow_lambda_cong_grid,lambda_flow_lambda_cong_grid,repair5g553_fixed_global_staticflow_registry,True,True,False,False,1.12291062291,1.25,1.25,1.25,0.75,0.75,1,0.423634173634,0.95,1,0.959126459126,1.11469461469,0.35,0.75,1,11,1,0,0,False,False,False,False,False
g553_registry_000795,repair5g553_theta_553000795,flow_shield_beta_cap_grid_00799,flow_shield_beta_cap_grid,flow_shield_beta_cap_grid,repair5g553_fixed_global_staticflow_registry,True,True,False,False,0.396314358814,1.25,1.25,1.25,0.75,0.75,1,0,0.95,1,1,0,0.161606561607,0.951028201028,1,11,1,0,0,False,False,False,False,False
g553_registry_000796,repair5g553_theta_553000796,alpha_flow_wait_progress_grid_00800,alpha_flow_wait_progress_grid,alpha_flow_wait_progress_grid,repair5g553_fixed_global_staticflow_registry,True,True,False,False,1.30094430094,1.25,1.25,1.25,0.75,0.75,1,1.05456980457,0.95,1,1,0.685932685933,0.35,0.75,1,11,1,0,0,False,False,False,False,False
g553_registry_000797,repair5g553_theta_553000797,alpha_cong_commit_nonprogress_grid_00801,alpha_cong_commit_nonprogress_grid,alpha_cong_commit_nonprogress_grid,repair5g553_fixed_global_staticflow_registry,True,True,False,False,0.602690702694,0.676799176799,1.5256960257,1.25,0.75,0.75,1,0,0.95,1,1,0,0.35,0.75,1,11,1,0,0,False,False,False,False,False
g553_registry_000798,repair5g553_theta_553000798,edge_cost_clamp_grid_00802,edge_cost_clamp_grid,edge_cost_clamp_grid,repair5g553_fixed_global_staticflow_registry,True,True,False,False,0.649765899765,1.25,1.25,1.25,0.75,0.75,1,0,0.95,1,1,0,0.35,0.75,0.78735978736,9.53501753502,1,0,0,False,False,False,False,False
g553_registry_000799,repair5g553_theta_553000799,rho_decay_grid_00803,rho_decay_grid,rho_decay_grid,repair5g553_fixed_global_staticflow_registry,True,True,False,False,0.90302440302,1.25,1.25,1.25,0.75,0.75,1,0,0.91508961509,0.944607944608,1,0,0.35,0.75,1,11,1,0,0,False,False,False,False,False
g553_registry_000800,repair5g553_theta_553000800,sobol_local_global_static_00804,sobol_local_global_static,sobol_local_global_static,repair5g553_fixed_global_staticflow_registry,True,True,False,False,2.32774182776,0.952051327051,1.52932746683,1.46528652779,0.751286563787,0.660888598389,0.828561453561,0.301731551732,0.926054051054,0.983687108687,0.842288092288,0.246253746254,0.45481950482,0.57714951465,0.815193440193,11.5392635393,1,0,0,False,False,False,False,False
g553_registry_000801,repair5g553_theta_553000801,cma_es_or_ranked_search_candidates_00805,cma_es_or_ranked_search_candidates,cma_es_or_ranked_search_candidates,repair5g553_fixed_global_staticflow_registry,True,True,False,False,1.14236356236,1.25,1.00996625997,1.25,0.75,0.75,1,0,0.95,1,1.12681897682,0.736940536941,0.459564309564,0.994085644086,1,11,1,0,0,False,False,False,False,False
g553_registry_000802,repair5g553_theta_553000802,negative_random_wide_control_00806,negative_random_wide_control,negative_random_wide_control,repair5g553_fixed_global_staticflow_registry,True,True,False,False,6.66262355011,1.192997693,0.57847007847,2.07641382641,0.194087694088,0.771878521879,0.666096666097,1.13652488652,0.904499304499,0.900537200537,1.48607298607,0.488817488817,0.493754893755,1.1426033926,0.79999955,8.98368898369,0,0,1,False,False,False,False,False
g553_registry_000803,repair5g553_theta_553000803,tiny_local_perturbation_2pct_00807,tiny_local_perturbation_2pct,tiny_local_perturbation_2pct,repair5g553_fixed_global_staticflow_registry,True,True,False,False,0.235228318977,1.27482224982,1.23943918319,1.23036771037,0.770154113904,0.737090867091,1.01827652078,0,0.959342238092,1,1.00649409149,0,0.361674247674,0.767563667564,1,11.1390741841,1,0,0,False,False,False,False,False
g553_registry_000804,repair5g553_theta_553000804,small_local_perturbation_5pct_00808,small_local_perturbation_5pct,small_local_perturbation_5pct,repair5g553_fixed_global_staticflow_registry,True,True,False,False,0.709620322124,1.32008352008,1.29697423447,1.21998676999,0.809153871654,0.680327770953,0.929716904717,0,0.923131063756,1,0.9781999532,0,0.33017043017,0.716885404385,0.953486190986,10.7184379434,1,0,0,False,False,False,False,False
g553_registry_000805,repair5g553_theta_553000805,medium_local_perturbation_10pct_00809,medium_local_perturbation_10pct,medium_local_perturbation_10pct,repair5g553_fixed_global_staticflow_registry,True,True,False,False,2.13376289628,1.30356647857,1.32850782851,1.35103346353,0.631128256128,0.829538235788,0.944753332253,0.124682937183,1,0.941085866086,1.06733709234,0.134388471888,0.285313575314,0.817312286062,0.94066046566,11.961955912,1,0,0,False,False,False,False,False
g553_registry_000806,repair5g553_theta_553000806,coordinate_sweep_each_field_00810,coordinate_sweep_each_field,coordinate_sweep_each_field,repair5g553_fixed_global_staticflow_registry,True,True,False,False,0.166666666667,1.5,1.25,1.25,0.75,0.75,1,0,0.95,1,1,0,0.35,0.75,1,11,1,0,0,False,False,False,False,False
g553_registry_000807,repair5g553_theta_553000807,lambda_flow_lambda_cong_grid_00811,lambda_flow_lambda_cong_grid,lambda_flow_lambda_cong_grid,repair5g553_fixed_global_staticflow_registry,True,True,False,False,1.83882733882,1.25,1.25,1.25,0.75,0.75,1,0.809055809056,0.95,1,1.32936282936,1.29332979333,0.35,0.75,1,11,1,0,0,False,False,False,False,False
g553_registry_000808,repair5g553_theta_553000808,flow_shield_beta_cap_grid_00812,flow_shield_beta_cap_grid,flow_shield_beta_cap_grid,repair5g553_fixed_global_staticflow_registry,True,True,False,False,0.509829347329,1.25,1.25,1.25,0.75,0.75,1,0,0.95,1,1,0,0.602603002603,0.992594492594,1,11,1,0,0,False,False,False,False,False
g553_registry_000809,repair5g553_theta_553000809,alpha_flow_wait_progress_grid_00813,alpha_flow_wait_progress_grid,alpha_flow_wait_progress_grid,repair5g553_fixed_global_staticflow_registry,True,True,False,False,1.39674039674,1.25,1.25,1.25,0.75,0.75,1,0.918532168532,0.95,1,1,0.992871992872,0.35,0.75,1,11,1,0,0,False,False,False,False,False
g553_registry_000810,repair5g553_theta_553000810,alpha_cong_commit_nonprogress_grid_00814,alpha_cong_commit_nonprogress_grid,alpha_cong_commit_nonprogress_grid,repair5g553_fixed_global_staticflow_registry,True,True,False,False,0.237938137937,1.32133332133,1.01202176202,1.25,0.75,0.75,1,0,0.95,1,1,0,0.35,0.75,1,11,1,0,0,False,False,False,False,False
g553_registry_000811,repair5g553_theta_553000811,edge_cost_clamp_grid_00815,edge_cost_clamp_grid,edge_cost_clamp_grid,repair5g553_fixed_global_staticflow_registry,True,True,False,False,1.51037076037,1.25,1.25,1.25,0.75,0.75,1,0,0.95,1,1,0,0.35,0.75,0.399731649732,8.15994815995,1,0,0,False,False,False,False,False
g553_registry_000812,repair5g553_theta_553000812,rho_decay_grid_00816,rho_decay_grid,rho_decay_grid,repair5g553_fixed_global_staticflow_registry,True,True,False,False,1.14264464265,1.25,1.25,1.25,0.75,0.75,1,0,0.989656889657,0.925392425392,1,0,0.35,0.75,1,11,1,0,0,False,False,False,False,False
g553_registry_000813,repair5g553_theta_553000813,sobol_local_global_static_00817,sobol_local_global_static,sobol_local_global_static,repair5g553_fixed_global_staticflow_registry,True,True,False,False,1.77143543809,1.37108112108,1.14562770813,1.65512409262,0.708375270875,0.405167842668,1.09661697162,0.00984344734345,0.955003980004,0.98577001077,1.00175275175,0.341834216834,0.202114452114,0.563767001267,0.860738923239,11.5263115263,1,0,0,False,False,False,False,False
g553_registry_000814,repair5g553_theta_553000814,cma_es_or_ranked_search_candidates_00818,cma_es_or_ranked_search_candidates,cma_es_or_ranked_search_candidates,repair5g553_fixed_global_staticflow_registry,True,True,False,False,0.849162826667,1.25,1.0070997571,1.25,0.75,0.75,1,0,0.95,1,0.894178344178,0.178658278658,0.516303516304,1.02754507755,1,11,1,0,0,False,False,False,False,False
g553_registry_000815,repair5g553_theta_553000815,negative_random_wide_control_00819,negative_random_wide_control,negative_random_wide_control,repair5g553_fixed_global_staticflow_registry,True,True,False,False,3.254477467,0.518703518704,1.55158980159,1.39407239407,0.703030703031,0.554757554758,1.15662115662,0.021205021205,0.957056557057,0.992116392116,0.843953343953,0.240898740899,0.020356020356,1.49351874352,0.512785262785,11.2011592012,1,0,0,False,False,False,False,False
g553_registry_000816,repair5g553_theta_553000816,tiny_local_perturbation_2pct_00820,tiny_local_perturbation_2pct,tiny_local_perturbation_2pct,repair5g553_fixed_global_staticflow_registry,True,True,False,False,0.285900974664,1.26508604009,1.259004584,1.28215664966,0.756445881446,0.72573980449,1.02455922456,0,0.965188733939,1,0.982859422859,0.00803651303651,0.343323193323,0.742838542839,0.99496014496,10.9212333762,1,0,0,False,False,False,False,False
g553_registry_000817,repair5g553_theta_553000817,small_local_perturbation_5pct_00821,small_local_perturbation_5pct,small_local_perturbation_5pct,repair5g553_fixed_global_staticflow_registry,True,True,False,False,1.07243645993,1.2693044568,1.20284796847,1.16487982738,0.710810726436,0.697793422793,1.04365184365,0.0493703462453,0.930359240984,0.957310857311,0.976742439242,0,0.320587340587,0.766521719647,0.950270787771,11.3223137973,1,0,0,False,False,False,False,False
g553_registry_000818,repair5g553_theta_553000818,medium_local_perturbation_10pct_00822,medium_local_perturbation_10pct,medium_local_perturbation_10pct,repair5g553_fixed_global_staticflow_registry,True,True,False,False,2.06986641361,1.2946023571,1.37443440568,1.35211719587,0.674998612499,0.888090625591,1.13767392517,0,0.909257000507,0.944236844237,1.0473025473,0.135797985798,0.417346887347,0.629944567445,0.916351441351,9.97246724747,1,0,0,False,False,False,False,False
g553_registry_000819,repair5g553_theta_553000819,lambda_flow_lambda_cong_grid_00824,lambda_flow_lambda_cong_grid,lambda_flow_lambda_cong_grid,repair5g553_fixed_global_staticflow_registry,True,True,False,False,1.34831684832,1.25,1.25,1.25,0.75,0.75,1,0.473421723422,0.95,1,1.49317899318,0.714600714601,0.35,0.75,1,11,1,0,0,False,False,False,False,False
g553_registry_000820,repair5g553_theta_553000820,flow_shield_beta_cap_grid_00825,flow_shield_beta_cap_grid,flow_shield_beta_cap_grid,repair5g553_fixed_global_staticflow_registry,True,True,False,False,0.575250412749,1.25,1.25,1.25,0.75,0.75,1,0,0.95,1,1,0,0.390097190097,1.40641115641,1,11,1,0,0,False,False,False,False,False
g553_registry_000821,repair5g553_theta_553000821,alpha_flow_wait_progress_grid_00826,alpha_flow_wait_progress_grid,alpha_flow_wait_progress_grid,repair5g553_fixed_global_staticflow_registry,True,True,False,False,0.932591932591,1.25,1.25,1.25,0.75,0.75,1,1.01919101919,0.95,1,1,0.175858675859,0.35,0.75,1,11,1,0,0,False,False,False,False,False
g553_registry_000822,repair5g553_theta_553000822,alpha_cong_commit_nonprogress_grid_00827,alpha_cong_commit_nonprogress_grid,alpha_cong_commit_nonprogress_grid,repair5g553_fixed_global_staticflow_registry,True,True,False,False,0.430365530367,1.49006999007,1.5878985879,1.25,0.75,0.75,1,0,0.95,1,1,0,0.35,0.75,1,11,1,0,0,False,False,False,False,False
g553_registry_000823,repair5g553_theta_553000823,edge_cost_clamp_grid_00828,edge_cost_clamp_grid,edge_cost_clamp_grid,repair5g553_fixed_global_staticflow_registry,True,True,False,False,1.45831870832,1.25,1.25,1.25,0.75,0.75,1,0,0.95,1,1,0,0.35,0.75,0.347620847621,8.64608064608,1,0,0,False,False,False,False,False
g553_registry_000824,repair5g553_theta_553000824,rho_decay_grid_00829,rho_decay_grid,rho_decay_grid,repair5g553_fixed_global_staticflow_registry,True,True,False,False,0.35040685041,1.25,1.25,1.25,0.75,0.75,1,0,0.918017118017,0.996942196942,1,0,0.35,0.75,1,11,1,0,0,False,False,False,False,False
g553_registry_000825,repair5g553_theta_553000825,sobol_local_global_static_00830,sobol_local_global_static,sobol_local_global_static,repair5g553_fixed_global_staticflow_registry,True,True,False,False,1.44266702601,1.15165152665,1.34127790378,1.60904917155,0.646832084332,0.475538913039,0.627607002607,0.0133968883969,0.951252826253,0.977954877955,1.11709036709,0.0893145893146,0.286767336767,0.751333438833,0.940697065697,11.1270731271,1,0,0,False,False,False,False,False
g553_registry_000826,repair5g553_theta_553000826,cma_es_or_ranked_search_candidates_00831,cma_es_or_ranked_search_candidates,cma_es_or_ranked_search_candidates,repair5g553_fixed_global_staticflow_registry,True,True,False,False,0.695167891829,1.25,1.20147595148,1.25,0.75,0.75,1,0,0.95,1,1.08643053643,0.48670963671,0.316545166545,1.00453310453,1,11,1,0,0,False,False,False,False,False
g553_registry_000827,repair5g553_theta_553000827,negative_random_wide_control_00832,negative_random_wide_control,negative_random_wide_control,repair5g553_fixed_global_staticflow_registry,True,True,False,False,5.22845164096,0.609332109332,1.26166451166,0.545900795901,0.0880538380538,0.468632968633,0.367893367893,0.332352832353,0.915584415584,0.960244060244,0.804187304187,0.670062670063,0.0585088585089,0.392786392786,0.767667017667,10.3284303284,0,1,0,False,False,False,False,False
g553_registry_000828,repair5g553_theta_553000828,tiny_local_perturbation_2pct_00833,tiny_local_perturbation_2pct,tiny_local_perturbation_2pct,repair5g553_fixed_global_staticflow_registry,True,True,False,False,0.451302847546,1.2578966079,1.26933177558,1.27634397509,0.772614247614,0.779422420672,1.01257080757,0,0.959688755689,0.981953826954,1.01285796786,0.022242037242,0.357355683356,0.729326304326,0.9849003849,10.9146683497,1,0,0,False,False,False,False,False
g553_registry_000829,repair5g553_theta_553000829,small_local_perturbation_5pct_00834,small_local_perturbation_5pct,small_local_perturbation_5pct,repair5g553_fixed_global_staticflow_registry,True,True,False,False,0.558740786877,1.28296692047,1.22773660274,1.20943268443,0.727528805654,0.726624745375,1.0607988858,0,0.929789204789,1,1.01878590629,0,0.372555792556,0.690846690847,0.973077635578,10.6336150711,1,0,0,False,False,False,False,False
g553_registry_000830,repair5g553_theta_553000830,medium_local_perturbation_10pct_00835,medium_local_perturbation_10pct,medium_local_perturbation_10pct,repair5g553_fixed_global_staticflow_registry,True,True,False,False,1.35103388227,1.35471420471,1.3531967282,1.18088696214,0.790240727741,0.65478039228,1.06063407313,0,0.90049993925,1,0.960285735286,0.14367974368,0.279617469617,0.82307997933,0.941823866824,10.2894573145,1,0,0,False,False,False,False,False
g553_registry_000831,repair5g553_theta_553000831,coordinate_sweep_each_field_00836,coordinate_sweep_each_field,coordinate_sweep_each_field,repair5g553_fixed_global_staticflow_registry,True,True,False,False,0.4375,1.25,1.25,1.25,0.75,0.75,1,0,0.95,1,1,0,0,0.75,1,11,1,0,0,False,False,False,False,False
g553_registry_000832,repair5g553_theta_553000832,lambda_flow_lambda_cong_grid_00837,lambda_flow_lambda_cong_grid,lambda_flow_lambda_cong_grid,repair5g553_fixed_global_staticflow_registry,True,True,False,False,1.0922965923,1.25,1.25,1.25,0.75,0.75,1,0.41718041718,0.95,1,0.863104363104,0.932484932485,0.35,0.75,1,11,1,0,0,False,False,False,False,False
g553_registry_000833,repair5g553_theta_553000833,flow_shield_beta_cap_grid_00838,flow_shield_beta_cap_grid,flow_shield_beta_cap_grid,repair5g553_fixed_global_staticflow_registry,True,True,False,False,0.414798377297,1.25,1.25,1.25,0.75,0.75,1,0,0.95,1,1,0,0.303902703903,1.19647094647,1,11,1,0,0,False,False,False,False,False
g553_registry_000834,repair5g553_theta_553000834,alpha_flow_wait_progress_grid_00839,alpha_flow_wait_progress_grid,alpha_flow_wait_progress_grid,repair5g553_fixed_global_staticflow_registry,True,True,False,False,1.12673512674,1.25,1.25,1.25,0.75,0.75,1,0.946900946901,0.95,1,1,0.553821553822,0.35,0.75,1,11,1,0,0,False,False,False,False,False
g553_registry_000835,repair5g553_theta_553000835,alpha_cong_commit_nonprogress_grid_00840,alpha_cong_commit_nonprogress_grid,alpha_cong_commit_nonprogress_grid,repair5g553_fixed_global_staticflow_registry,True,True,False,False,0.042515142516,1.30150630151,1.26022201022,1.25,0.75,0.75,1,0,0.95,1,1,0,0.35,0.75,1,11,1,0,0,False,False,False,False,False
g553_registry_000836,repair5g553_theta_553000836,edge_cost_clamp_grid_00841,edge_cost_clamp_grid,edge_cost_clamp_grid,repair5g553_fixed_global_staticflow_registry,True,True,False,False,0.673367923367,1.25,1.25,1.25,0.75,0.75,1,0,0.95,1,1,0,0.35,0.75,0.868378618379,9.00850900851,1,0,0,False,False,False,False,False
g553_registry_000837,repair5g553_theta_553000837,rho_decay_grid_00842,rho_decay_grid,rho_decay_grid,repair5g553_fixed_global_staticflow_registry,True,True,False,False,0.66787316788,1.25,1.25,1.25,0.75,0.75,1,0,0.961360661361,0.944573344573,1,0,0.35,0.75,1,11,1,0,0,False,False,False,False,False
g553_registry_000838,repair5g553_theta_553000838,sobol_local_global_static_00843,sobol_local_global_static,sobol_local_global_static,repair5g553_fixed_global_staticflow_registry,True,True,False,False,2.21660413328,1.46026371026,1.31226537477,1.44587288337,0.528781341281,1.05966674717,1.36933749434,0.224921787422,0.925335700336,0.997127322127,0.962978212978,0.199995949996,0.535558385558,0.585480772981,0.940900878401,10.0139420139,1,0,0,False,False,False,False,False
g553_registry_000839,repair5g553_theta_553000839,cma_es_or_ranked_search_candidates_00844,cma_es_or_ranked_search_candidates,cma_es_or_ranked_search_candidates,repair5g553_fixed_global_staticflow_registry,True,True,False,False,0.833763262095,1.25,1.02261737262,1.25,0.75,0.75,1,0,0.95,1,1.14697839698,0.347561947562,0.462947412947,0.585016835017,1,11,1,0,0,False,False,False,False,False
g553_registry_000840,repair5g553_theta_553000840,negative_random_wide_control_00845,negative_random_wide_control,negative_random_wide_control,repair5g553_fixed_global_staticflow_registry,True,True,False,False,6.32025620775,1.14221364221,0.556163806164,0.890957390957,0.247865247865,1.32009282009,0.580200580201,0.632940632941,0.958868158868,0.963605563606,1.27343277343,0.836258336258,0.706932706933,1.01775701776,0.312305562306,8.54557254557,0,0,1,False,False,False,False,False
g553_registry_000841,repair5g553_theta_553000841,tiny_local_perturbation_2pct_00846,tiny_local_perturbation_2pct,tiny_local_perturbation_2pct,repair5g553_fixed_global_staticflow_registry,True,True,False,False,0.493068305585,1.27499318249,1.23611107361,1.26547208047,0.770875858376,0.737761476511,1.01924552925,0,0.968981660232,0.984231384231,0.985682890683,0.0225685800686,0.344825342825,0.758161001911,1,11.1202666403,1,0,0,False,False,False,False,False
g553_registry_000842,repair5g553_theta_553000842,small_local_perturbation_5pct_00847,small_local_perturbation_5pct,small_local_perturbation_5pct,repair5g553_fixed_global_staticflow_registry,True,True,False,False,0.943022408656,1.31126238626,1.1881035631,1.21994437619,0.768876628252,0.77349036099,1.03402549028,0.0487957519208,0.908777558778,0.983598496098,0.957016669517,0,0.365853365853,0.733946655822,0.986713811714,10.6974107349,1,0,0,False,False,False,False,False
g553_registry_000843,repair5g553_theta_553000843,medium_local_perturbation_10pct_00848,medium_local_perturbation_10pct,medium_local_perturbation_10pct,repair5g553_fixed_global_staticflow_registry,True,True,False,False,1.1626519314,1.30231693982,1.15005096255,1.16146640522,0.793888075138,0.642493936244,0.88264033264,0,0.9,1,0.924239274239,0.08834003834,0.32222987223,0.851685101685,1,11.2869080619,1,0,0,False,False,False,False,False
g553_registry_000844,repair5g553_theta_553000844,coordinate_sweep_each_field_00849,coordinate_sweep_each_field,coordinate_sweep_each_field,repair5g553_fixed_global_staticflow_registry,True,True,False,False,0.25,1.25,1.25,1.25,0.75,0.75,1,0,0.95,1,0.75,0,0.35,0.75,1,11,1,0,0,False,False,False,False,False
g553_registry_000845,repair5g553_theta_553000845,lambda_flow_lambda_cong_grid_00850,lambda_flow_lambda_cong_grid,lambda_flow_lambda_cong_grid,repair5g553_fixed_global_staticflow_registry,True,True,False,False,0.994284494285,1.25,1.25,1.25,0.75,0.75,1,0.458066708067,0.95,1,0.883115383115,0.76641976642,0.35,0.75,1,11,1,0,0,False,False,False,False,False
g553_registry_000846,repair5g553_theta_553000846,flow_shield_beta_cap_grid_00851,flow_shield_beta_cap_grid,flow_shield_beta_cap_grid,repair5g553_fixed_global_staticflow_registry,True,True,False,False,0.977646815147,1.25,1.25,1.25,0.75,0.75,1,0,0.95,1,1,0,0.660079060079,1.48755998756,1,11,1,0,0,False,False,False,False,False
g553_registry_000847,repair5g553_theta_553000847,alpha_flow_wait_progress_grid_00852,alpha_flow_wait_progress_grid,alpha_flow_wait_progress_grid,repair5g553_fixed_global_staticflow_registry,True,True,False,False,1.29667829668,1.25,1.25,1.25,0.75,0.75,1,0.643355643356,0.95,1,1,1.17299067299,0.35,0.75,1,11,1,0,0,False,False,False,False,False
g553_registry_000848,repair5g553_theta_553000848,alpha_cong_commit_nonprogress_grid_00853,alpha_cong_commit_nonprogress_grid,alpha_cong_commit_nonprogress_grid,repair5g553_fixed_global_staticflow_registry,True,True,False,False,0.310075210077,1.07796107796,1.00577175577,1.25,0.75,0.75,1,0,0.95,1,1,0,0.35,0.75,1,11,1,0,0,False,False,False,False,False
g553_registry_000849,repair5g553_theta_553000849,edge_cost_clamp_grid_00854,edge_cost_clamp_grid,edge_cost_clamp_grid,repair5g553_fixed_global_staticflow_registry,True,True,False,False,0.265741515738,1.25,1.25,1.25,0.75,0.75,1,0,0.95,1,1,0,0.35,0.75,0.857377607378,10.6976866977,1,0,0,False,False,False,False,False
g553_registry_000850,repair5g553_theta_553000850,rho_decay_grid_00855,rho_decay_grid,rho_decay_grid,repair5g553_fixed_global_staticflow_registry,True,True,False,False,1.23012573013,1.25,1.25,1.25,0.75,0.75,1,0,0.982264782265,0.909252209252,1,0,0.35,0.75,1,11,1,0,0,False,False,False,False,False
g553_registry_000851,repair5g553_theta_553000851,sobol_local_global_static_00856,sobol_local_global_static,sobol_local_global_static,repair5g553_fixed_global_staticflow_registry,True,True,False,False,2.45662445664,1.05836955837,1.51084182334,1.43570887321,0.439202501703,0.33285952036,1.2352036102,0.151532651533,0.973707148707,0.976916201916,1.19261544262,0.360047610048,0.175416825417,0.692685880186,0.999234811735,10.6664466664,1,0,0,False,False,False,False,False
g553_registry_000852,repair5g553_theta_553000852,cma_es_or_ranked_search_candidates_00857,cma_es_or_ranked_search_candidates,cma_es_or_ranked_search_candidates,repair5g553_fixed_global_staticflow_registry,True,True,False,False,0.993255454924,1.25,1.12451297451,1.25,0.75,0.75,1,0,0.95,1,0.812688062688,0.645243295243,0.421867771868,0.981946231946,1,11,1,0,0,False,False,False,False,False
g553_registry_000853,repair5g553_theta_553000853,negative_random_wide_control_00858,negative_random_wide_control,negative_random_wide_control,repair5g553_fixed_global_staticflow_registry,True,True,False,False,4.73707344958,0.897654897655,0.675455175455,1.44705194705,0.945987195987,0.661565411565,1.41411741412,0.932834682835,0.982812882813,0.975618475618,0.661979161979,1.24685224685,0.144160944161,0.798738048738,0.592912342912,10.52001052,1,0,0,False,False,False,False,False
g553_registry_000854,repair5g553_theta_553000854,tiny_local_perturbation_2pct_00859,tiny_local_perturbation_2pct,tiny_local_perturbation_2pct,repair5g553_fixed_global_staticflow_registry,True,True,False,False,0.41634380258,1.2765989191,1.23293024543,1.28179487179,0.766391772642,0.775292031542,1.02368260118,0.00768088893089,0.936972708223,0.990879315879,0.980233730234,0,0.357547623548,0.764557945808,1,11.2198434148,1,0,0,False,False,False,False,False
g553_registry_000855,repair5g553_theta_553000855,small_local_perturbation_5pct_00860,small_local_perturbation_5pct,small_local_perturbation_5pct,repair5g553_fixed_global_staticflow_registry,True,True,False,False,1.04101332227,1.30134370134,1.22783522784,1.3301728958,0.774751993502,0.797602781978,1.05308739684,0,0.909897111147,0.976391026391,0.985220710221,0.0271699021699,0.386674106674,0.729186401061,1,10.4866407616,1,0,0,False,False,False,False,False
g553_registry_000856,repair5g553_theta_553000856,medium_local_perturbation_10pct_00861,medium_local_perturbation_10pct,medium_local_perturbation_10pct,repair5g553_fixed_global_staticflow_registry,True,True,False,False,1.13289559538,1.11461770212,1.16908813784,1.15328361578,0.689445220695,0.903196203196,0.934445734446,0,0.922642323892,1,1.06972419472,0.104575717076,0.327790617791,0.857644513895,1,11.8642477642,1,0,0,False,False,False,False,False
g553_registry_000857,repair5g553_theta_553000857,lambda_flow_lambda_cong_grid_00863,lambda_flow_lambda_cong_grid,lambda_flow_lambda_cong_grid,repair5g553_fixed_global_staticflow_registry,True,True,False,False,0.920740420741,1.25,1.25,1.25,0.75,0.75,1,0.605416855417,0.95,1,1.37143987144,0.0974505974506,0.35,0.75,1,11,1,0,0,False,False,False,False,False
g553_registry_000858,repair5g553_theta_553000858,flow_shield_beta_cap_grid_00864,flow_shield_beta_cap_grid,flow_shield_beta_cap_grid,repair5g553_fixed_global_staticflow_registry,True,True,False,False,0.492197454698,1.25,1.25,1.25,0.75,0.75,1,0,0.95,1,1,0,0.334821134821,1.34152984153,1,11,1,0,0,False,False,False,False,False
g553_registry_000859,repair5g553_theta_553000859,alpha_flow_wait_progress_grid_00865,alpha_flow_wait_progress_grid,alpha_flow_wait_progress_grid,repair5g553_fixed_global_staticflow_registry,True,True,False,False,1.01512501512,1.25,1.25,1.25,0.75,0.75,1,0.296161546162,0.95,1,1,1.16729366729,0.35,0.75,1,11,1,0,0,False,False,False,False,False
g553_registry_000860,repair5g553_theta_553000860,alpha_cong_commit_nonprogress_grid_00866,alpha_cong_commit_nonprogress_grid,alpha_cong_commit_nonprogress_grid,repair5g553_fixed_global_staticflow_registry,True,True,False,False,0.366926266924,1.42652392652,0.938445438445,1.25,0.75,0.75,1,0,0.95,1,1,0,0.35,0.75,1,11,1,0,0,False,False,False,False,False
g553_registry_000861,repair5g553_theta_553000861,edge_cost_clamp_grid_00867,edge_cost_clamp_grid,edge_cost_clamp_grid,repair5g553_fixed_global_staticflow_registry,True,True,False,False,0.562628312618,1.25,1.25,1.25,0.75,0.75,1,0,0.95,1,1,0,0.35,0.75,0.606874356874,11.1538431538,1,0,0,False,False,False,False,False
g553_registry_000862,repair5g553_theta_553000862,rho_decay_grid_00868,rho_decay_grid,rho_decay_grid,repair5g553_fixed_global_staticflow_registry,True,True,False,False,0.66165716166,1.25,1.25,1.25,0.75,0.75,1,0,0.921349021349,0.962485262485,1,0,0.35,0.75,1,11,1,0,0,False,False,False,False,False
g553_registry_000863,repair5g553_theta_553000863,sobol_local_global_static_00869,sobol_local_global_static,sobol_local_global_static,repair5g553_fixed_global_staticflow_registry,True,True,False,False,1.64680573014,1.4506980757,1.15405584156,1.20922452172,0.738302800803,0.937082624583,0.939659064659,0.190123002623,0.973268098268,0.97548027548,0.913356163356,0.132512382512,0.304852954853,0.597785160285,0.927330739831,11.7056077056,1,0,0,False,False,False,False,False
g553_registry_000864,repair5g553_theta_553000864,cma_es_or_ranked_search_candidates_00870,cma_es_or_ranked_search_candidates,cma_es_or_ranked_search_candidates,repair5g553_fixed_global_staticflow_registry,True,True,False,False,1.10838120505,1.25,1.52268317268,1.25,0.75,0.75,1,0,0.95,1,1.31627936628,0.336626686627,0.603512253512,0.790808990809,1,11,1,0,0,False,False,False,False,False
g553_registry_000865,repair5g553_theta_553000865,negative_random_wide_control_00871,negative_random_wide_control,negative_random_wide_control,repair5g553_fixed_global_staticflow_registry,True,True,False,False,6.22374443624,0.671217671218,1.52213477213,1.84125384125,0.362601612602,0.609424109424,0.785447285447,0.497362997363,0.917446217446,0.923492423492,0.981697481697,1.18217068217,0.33148033148,1.47843372843,0.310312810313,9.28544128544,0,1,0,False,False,False,False,False
g553_registry_000866,repair5g553_theta_553000866,tiny_local_perturbation_2pct_00872,tiny_local_perturbation_2pct,tiny_local_perturbation_2pct,repair5g553_fixed_global_staticflow_registry,True,True,False,False,0.288395032138,1.26438088938,1.23182963808,1.23821793822,0.727105945856,0.741164582415,0.976552749053,0.0187445249945,0.936934646435,1,0.983060978061,0.022005989506,0.355222465222,0.733390914641,0.994323199323,10.9443997294,1,0,0,False,False,False,False,False
g553_registry_000867,repair5g553_theta_553000867,small_local_perturbation_5pct_00873,small_local_perturbation_5pct,small_local_perturbation_5pct,repair5g553_fixed_global_staticflow_registry,True,True,False,False,0.894444969439,1.30782247032,1.27925288863,1.22056217056,0.702271264771,0.788418554044,1.04451426951,0,0.924612495237,0.973385510886,1.0440970066,0,0.310300570301,0.769702332202,1,11.3854280104,1,0,0,False,False,False,False,False
g553_registry_000868,repair5g553_theta_553000868,medium_local_perturbation_10pct_00874,medium_local_perturbation_10pct,medium_local_perturbation_10pct,repair5g553_fixed_global_staticflow_registry,True,True,False,False,1.44042374042,1.17112020862,1.36458342708,1.18034279909,0.695865227115,0.833992208992,1.09626252126,0.0897408709909,1,1,0.933678708679,0.0470467595468,0.392726162726,0.632848851599,0.936115536116,11.7964062964,1,0,0,False,False,False,False,False
g553_registry_000869,repair5g553_theta_553000869,coordinate_sweep_each_field_00875,coordinate_sweep_each_field,coordinate_sweep_each_field,repair5g553_fixed_global_staticflow_registry,True,True,False,False,0.0833333333333,1.25,1.25,1.25,0.75,0.75,1.125,0,0.95,1,1,0,0.35,0.75,1,11,1,0,0,False,False,False,False,False
g553_registry_000870,repair5g553_theta_553000870,lambda_flow_lambda_cong_grid_00876,lambda_flow_lambda_cong_grid,lambda_flow_lambda_cong_grid,repair5g553_fixed_global_staticflow_registry,True,True,False,False,1.33804683805,1.25,1.25,1.25,0.75,0.75,1,0.383266633267,0.95,1,0.511151011151,0.813876813877,0.35,0.75,1,11,1,0,0,False,False,False,False,False
g553_registry_000871,repair5g553_theta_553000871,flow_shield_beta_cap_grid_00877,flow_shield_beta_cap_grid,flow_shield_beta_cap_grid,repair5g553_fixed_global_staticflow_registry,True,True,False,False,0.624897587398,1.25,1.25,1.25,0.75,0.75,1,0,0.95,1,1,0,0.100026500027,1.14053839054,1,11,1,0,0,False,False,False,False,False
g553_registry_000872,repair5g553_theta_553000872,alpha_flow_wait_progress_grid_00878,alpha_flow_wait_progress_grid,alpha_flow_wait_progress_grid,repair5g553_fixed_global_staticflow_registry,True,True,False,False,1.28984528985,1.25,1.25,1.25,0.75,0.75,1,1.04307729308,0.95,1,1,0.683075183075,0.35,0.75,1,11,1,0,0,False,False,False,False,False
g553_registry_000873,repair5g553_theta_553000873,alpha_cong_commit_nonprogress_grid_00879,alpha_cong_commit_nonprogress_grid,alpha_cong_commit_nonprogress_grid,repair5g553_fixed_global_staticflow_registry,True,True,False,False,0.530989630984,1.46162246162,1.73738498738,1.25,0.75,0.75,1,0,0.95,1,1,0,0.35,0.75,1,11,1,0,0,False,False,False,False,False
g553_registry_000874,repair5g553_theta_553000874,edge_cost_clamp_grid_00880,edge_cost_clamp_grid,edge_cost_clamp_grid,repair5g553_fixed_global_staticflow_registry,True,True,False,False,1.21951546951,1.25,1.25,1.25,0.75,0.75,1,0,0.95,1,1,0,0.35,0.75,0.33490983491,9.66908566909,1,0,0,False,False,False,False,False
g553_registry_000875,repair5g553_theta_553000875,rho_decay_grid_00881,rho_decay_grid,rho_decay_grid,repair5g553_fixed_global_staticflow_registry,True,True,False,False,0.85063435063,1.25,1.25,1.25,0.75,0.75,1,0,0.959704459704,0.924641024641,1,0,0.35,0.75,1,11,1,0,0,False,False,False,False,False
g553_registry_000876,repair5g553_theta_553000876,sobol_local_global_static_00882,sobol_local_global_static,sobol_local_global_static,repair5g553_fixed_global_staticflow_registry,True,True,False,False,2.00888959223,0.897855022855,1.28005659256,1.35943242193,0.492774430274,0.58964952715,0.877407502408,0.29790998541,0.927193602194,0.993353243353,0.873447123447,0.0100511350511,0.508424358424,0.831662269162,0.839988464988,11.6623536624,1,0,0,False,False,False,False,False
g553_registry_000877,repair5g553_theta_553000877,cma_es_or_ranked_search_candidates_00883,cma_es_or_ranked_search_candidates,cma_es_or_ranked_search_candidates,repair5g553_fixed_global_staticflow_registry,True,True,False,False,1.37573534157,1.25,1.50182735183,1.25,0.75,0.75,1,0,0.95,1,0.767338817339,0.788549188549,0.523031023031,0.99953004953,1,11,1,0,0,False,False,False,False,False
g553_registry_000878,repair5g553_theta_553000878,negative_random_wide_control_00884,negative_random_wide_control,negative_random_wide_control,repair5g553_fixed_global_staticflow_registry,True,True,False,False,5.40770882021,0.711854211854,1.12299062299,0.813119063119,0.816337066337,1.01823501824,0.641048141048,1.03587853588,0.976805176805,0.961814861815,1.01405551406,1.31864981865,0.177000177,0.73648048648,0.433297933298,9.40954540955,0,0,1,False,False,False,False,False
g553_registry_000879,repair5g553_theta_553000879,tiny_local_perturbation_2pct_00885,tiny_local_perturbation_2pct,tiny_local_perturbation_2pct,repair5g553_fixed_global_staticflow_registry,True,True,False,False,0.247133557145,1.22772961273,1.22787126537,1.23581708457,0.763989351489,0.723651614902,1.0263992764,0.0230131730132,0.943606303606,1,1.01112971113,0,0.363661125661,0.741405347655,0.986285066285,11.1076639277,1,0,0,False,False,False,False,False
g553_registry_000880,repair5g553_theta_553000880,small_local_perturbation_5pct_00886,small_local_perturbation_5pct,small_local_perturbation_5pct,repair5g553_fixed_global_staticflow_registry,True,True,False,False,0.475248634622,1.21004502255,1.30150541088,1.18408355908,0.717112467112,0.685304972805,1.02172495297,0,0.937161627787,1,1.04988749989,0,0.336670506671,0.80772005772,1,11.203480266,1,0,0,False,False,False,False,False
g553_registry_000881,repair5g553_theta_553000881,medium_local_perturbation_10pct_00887,medium_local_perturbation_10pct,medium_local_perturbation_10pct,repair5g553_fixed_global_staticflow_registry,True,True,False,False,1.64952214953,1.12959011709,1.32261507262,1.37524307524,0.637684012684,0.684359184359,1.1173047673,0,0.909658138408,0.971776421776,0.964118539119,0.0665532665533,0.304053214053,0.696102227352,0.910750810751,10.0057238557,1,0,0,False,False,False,False,False
g553_registry_000882,repair5g553_theta_553000882,coordinate_sweep_each_field_00888,coordinate_sweep_each_field,coordinate_sweep_each_field,repair5g553_fixed_global_staticflow_registry,True,True,False,False,0.4,1.25,1.25,1.25,1.25,0.75,1,0,0.95,1,1,0,0.35,0.75,1,11,1,0,0,False,False,False,False,False
g553_registry_000883,repair5g553_theta_553000883,lambda_flow_lambda_cong_grid_00889,lambda_flow_lambda_cong_grid,lambda_flow_lambda_cong_grid,repair5g553_fixed_global_staticflow_registry,True,True,False,False,1.96215446215,1.25,1.25,1.25,0.75,0.75,1,0.937227187227,0.95,1,0.772148272148,1.47678147678,0.35,0.75,1,11,1,0,0,False,False,False,False,False
g553_registry_000884,repair5g553_theta_553000884,flow_shield_beta_cap_grid_00890,flow_shield_beta_cap_grid,flow_shield_beta_cap_grid,repair5g553_fixed_global_staticflow_registry,True,True,False,False,1.0615958991,1.25,1.25,1.25,0.75,0.75,1,0,0.95,1,1,0,0.758586358586,1.43857868858,1,11,1,0,0,False,False,False,False,False
g553_registry_000885,repair5g553_theta_553000885,alpha_flow_wait_progress_grid_00891,alpha_flow_wait_progress_grid,alpha_flow_wait_progress_grid,repair5g553_fixed_global_staticflow_registry,True,True,False,False,1.36172636173,1.25,1.25,1.25,0.75,0.75,1,0.937998437998,0.95,1,1,0.916991416991,0.35,0.75,1,11,1,0,0,False,False,False,False,False
g553_registry_000886,repair5g553_theta_553000886,alpha_cong_commit_nonprogress_grid_00892,alpha_cong_commit_nonprogress_grid,alpha_cong_commit_nonprogress_grid,repair5g553_fixed_global_staticflow_registry,True,True,False,False,0.681166581165,0.327336327336,1.16742816743,1.25,0.75,0.75,1,0,0.95,1,1,0,0.35,0.75,1,11,1,0,0,False,False,False,False,False
g553_registry_000887,repair5g553_theta_553000887,edge_cost_clamp_grid_00893,edge_cost_clamp_grid,edge_cost_clamp_grid,repair5g553_fixed_global_staticflow_registry,True,True,False,False,1.2689035189,1.25,1.25,1.25,0.75,0.75,1,0,0.95,1,1,0,0.35,0.75,0.608513108513,8.01231601232,1,0,0,False,False,False,False,False
g553_registry_000888,repair5g553_theta_553000888,rho_decay_grid_00894,rho_decay_grid,rho_decay_grid,repair5g553_fixed_global_staticflow_registry,True,True,False,False,1.15642865643,1.25,1.25,1.25,0.75,0.75,1,0,0.993126793127,0.927483927484,1,0,0.35,0.75,1,11,1,0,0,False,False,False,False,False
g553_registry_000889,repair5g553_theta_553000889,sobol_local_global_static_00895,sobol_local_global_static,sobol_local_global_static,repair5g553_fixed_global_staticflow_registry,True,True,False,False,1.91391316391,1.11153898654,0.966519404019,0.897011084511,1.04692185942,1.14011082761,1.02094939595,0.0138168888169,0.953986128986,0.980212780213,1.16653591654,0.16971954472,0.311950561951,0.624208311708,0.977951290451,11.8505058505,1,0,0,False,False,False,False,False
g553_registry_000890,repair5g553_theta_553000890,cma_es_or_ranked_search_candidates_00896,cma_es_or_ranked_search_candidates,cma_es_or_ranked_search_candidates,repair5g553_fixed_global_staticflow_registry,True,True,False,False,0.917528718366,1.25,1.39309064309,1.25,0.75,0.75,1,0,0.95,1,1.34244539245,0.394441194441,0.308128808129,0.568361218361,1,11,1,0,0,False,False,False,False,False
g553_registry_000891,repair5g553_theta_553000891,negative_random_wide_control_00897,negative_random_wide_control,negative_random_wide_control,repair5g553_fixed_global_staticflow_registry,True,True,False,False,4.68229719479,0.186388686389,0.96287046287,1.08951433951,0.734508234508,0.230910980911,1.055002055,0.474841724842,0.995525495525,0.90057970058,0.81941031941,0.107409107409,0.110879310879,1.09322959323,0.539153789154,10.8533748534,1,0,0,False,False,False,False,False
g553_registry_000892,repair5g553_theta_553000892,tiny_local_perturbation_2pct_00898,tiny_local_perturbation_2pct,tiny_local_perturbation_2pct,repair5g553_fixed_global_staticflow_registry,True,True,False,False,0.417994509242,1.23348376848,1.26562150312,1.26460212835,0.738136000636,0.775620813121,0.975843773344,0,0.961008691759,0.985417840418,1.01953790954,0,0.343652449652,0.77068003318,1,10.8160731611,1,0,0,False,False,False,False,False
g553_registry_000893,repair5g553_theta_553000893,small_local_perturbation_5pct_00899,small_local_perturbation_5pct,small_local_perturbation_5pct,repair5g553_fixed_global_staticflow_registry,True,True,False,False,0.720221482712,1.31388363888,1.2945460133,1.30152092652,0.701378998254,0.679764511015,0.933132633133,0,0.974013482763,1,1.03077620578,0,0.314299394299,0.808655589906,1,11.5059367059,1,0,0,False,False,False,False,False
g553_registry_000894,repair5g553_theta_553000894,medium_local_perturbation_10pct_00900,medium_local_perturbation_10pct,medium_local_perturbation_10pct,repair5g553_fixed_global_staticflow_registry,True,True,False,False,2.44341384966,1.13499462249,1.35548226173,1.37071402696,0.790162727663,0.821717040467,0.872895010395,0.0836201148701,0.9,0.902420702421,0.905167580168,0,0.287375417375,0.855691418191,0.909740709741,11.5393170643,1,0,0,False,False,False,False,False
g553_registry_000895,repair5g553_theta_553000895,coordinate_sweep_each_field_00901,coordinate_sweep_each_field,coordinate_sweep_each_field,repair5g553_fixed_global_staticflow_registry,True,True,False,False,0.6,1.25,0.5,1.25,0.75,0.75,1,0,0.95,1,1,0,0.35,0.75,1,11,1,0,0,False,False,False,False,False
g553_registry_000896,repair5g553_theta_553000896,lambda_flow_lambda_cong_grid_00902,lambda_flow_lambda_cong_grid,lambda_flow_lambda_cong_grid,repair5g553_fixed_global_staticflow_registry,True,True,False,False,1.35268285268,1.25,1.25,1.25,0.75,0.75,1,0.292955292955,0.95,1,0.792862292862,1.36677136677,0.35,0.75,1,11,1,0,0,False,False,False,False,False
g553_registry_000897,repair5g553_theta_553000897,flow_shield_beta_cap_grid_00903,flow_shield_beta_cap_grid,flow_shield_beta_cap_grid,repair5g553_fixed_global_staticflow_registry,True,True,False,False,0.696071658571,1.25,1.25,1.25,0.75,0.75,1,0,0.95,1,1,0,0.15600975601,1.31697981698,1,11,1,0,0,False,False,False,False,False
g553_registry_000898,repair5g553_theta_553000898,alpha_flow_wait_progress_grid_00904,alpha_flow_wait_progress_grid,alpha_flow_wait_progress_grid,repair5g553_fixed_global_staticflow_registry,True,True,False,False,1.02292402293,1.25,1.25,1.25,0.75,0.75,1,1.02370727371,0.95,1,1,0.305937305937,0.35,0.75,1,11,1,0,0,False,False,False,False,False
g553_registry_000899,repair5g553_theta_553000899,alpha_cong_commit_nonprogress_grid_00905,alpha_cong_commit_nonprogress_grid,alpha_cong_commit_nonprogress_grid,repair5g553_fixed_global_staticflow_registry,True,True,False,False,1.38362928363,0.02868002868,0.53823003823,1.25,0.75,0.75,1,0,0.95,1,1,0,0.35,0.75,1,11,1,0,0,False,False,False,False,False
g553_registry_000900,repair5g553_theta_553000900,edge_cost_clamp_grid_00906,edge_cost_clamp_grid,edge_cost_clamp_grid,repair5g553_fixed_global_staticflow_registry,True,True,False,False,0.935145185145,1.25,1.25,1.25,0.75,0.75,1,0,0.95,1,1,0,0.35,0.75,0.703698703699,8.83969283969,1,0,0,False,False,False,False,False
g553_registry_000901,repair5g553_theta_553000901,rho_decay_grid_00907,rho_decay_grid,rho_decay_grid,repair5g553_fixed_global_staticflow_registry,True,True,False,False,0.8326933327,1.25,1.25,1.25,0.75,0.75,1,0,0.975238675239,0.941969341969,1,0,0.35,0.75,1,11,1,0,0,False,False,False,False,False
g553_registry_000902,repair5g553_theta_553000902,sobol_local_global_static_00908,sobol_local_global_static,sobol_local_global_static,repair5g553_fixed_global_staticflow_registry,True,True,False,False,2.22380739047,1.37159487159,1.05943637194,1.0833013958,0.987694300194,0.495625433125,1.34995972496,0.192915817916,0.943161118161,0.990553965554,1.2009044509,0.336782961783,0.427337477337,0.843784156284,0.830843330843,11.7454737455,1,0,0,False,False,False,False,False
g553_registry_000903,repair5g553_theta_553000903,cma_es_or_ranked_search_candidates_00909,cma_es_or_ranked_search_candidates,cma_es_or_ranked_search_candidates,repair5g553_fixed_global_staticflow_registry,True,True,False,False,1.32551009801,1.25,1.02754047754,1.25,0.75,0.75,1,0,0.95,1,1.15397080397,0.817495117495,0.494288594289,1.08526773527,1,11,1,0,0,False,False,False,False,False
g553_registry_000904,repair5g553_theta_553000904,negative_random_wide_control_00910,negative_random_wide_control,negative_random_wide_control,repair5g553_fixed_global_staticflow_registry,True,True,False,False,7.05190096439,0.409897909898,1.6891049391,1.31493556494,0.23013023013,0.793447293447,0.164475164475,1.14786239786,0.966774266774,0.910292510293,1.30761080761,1.05671055671,0.192593792594,0.310887560888,0.307717057717,11.5576795577,0,1,0,False,False,False,False,False
g553_registry_000905,repair5g553_theta_553000905,tiny_local_perturbation_2pct_00911,tiny_local_perturbation_2pct,tiny_local_perturbation_2pct,repair5g553_fixed_global_staticflow_registry,True,True,False,False,0.404246759258,1.22577438327,1.26508883384,1.28277599278,0.772758772759,0.736158991159,0.980314077814,0,0.944606440856,0.984316959317,0.986496041496,0.020258030258,0.364298314298,0.772354916105,1,11.1780955681,1,0,0,False,False,False,False,False
g553_registry_000906,repair5g553_theta_553000906,small_local_perturbation_5pct_00912,small_local_perturbation_5pct,small_local_perturbation_5pct,repair5g553_fixed_global_staticflow_registry,True,True,False,False,0.588885907631,1.21342812593,1.18949561137,1.33705453705,0.768162768163,0.710421785422,1.06903653779,0.0436355592606,0.935032426282,1,0.952758615259,0,0.312697572698,0.711408242658,1,10.7045680296,1,0,0,False,False,False,False,False
g553_registry_000907,repair5g553_theta_553000907,medium_local_perturbation_10pct_00913,medium_local_perturbation_10pct,medium_local_perturbation_10pct,repair5g553_fixed_global_staticflow_registry,True,True,False,False,1.78990102114,1.34718749719,1.31020396645,1.14983711859,0.676575770326,0.902672121422,0.857170757171,0.0799152049152,0.914758646009,0.949564024564,1.07045282045,0,0.419160509161,0.664793914794,0.965942315942,11.7493045243,1,0,0,False,False,False,False,False
g553_registry_000908,repair5g553_theta_553000908,coordinate_sweep_each_field_00914,coordinate_sweep_each_field,coordinate_sweep_each_field,repair5g553_fixed_global_staticflow_registry,True,True,False,False,0.75,1.25,1.25,1.25,0.75,0.75,1,0,0.95,1,1,0,0.35,0.75,1,8,1,0,0,False,False,False,False,False
g553_registry_000909,repair5g553_theta_553000909,lambda_flow_lambda_cong_grid_00915,lambda_flow_lambda_cong_grid,lambda_flow_lambda_cong_grid,repair5g553_fixed_global_staticflow_registry,True,True,False,False,0.95996045996,1.25,1.25,1.25,0.75,0.75,1,0.987918487918,0.95,1,0.855241355241,0.0373005373005,0.35,0.75,1,11,1,0,0,False,False,False,False,False
g553_registry_000910,repair5g553_theta_553000910,flow_shield_beta_cap_grid_00916,flow_shield_beta_cap_grid,flow_shield_beta_cap_grid,repair5g553_fixed_global_staticflow_registry,True,True,False,False,0.58576074826,1.25,1.25,1.25,0.75,0.75,1,0,0.95,1,1,0,0.152393752394,0.326558826559,1,11,1,0,0,False,False,False,False,False
g553_registry_000911,repair5g553_theta_553000911,alpha_flow_wait_progress_grid_00917,alpha_flow_wait_progress_grid,alpha_flow_wait_progress_grid,repair5g553_fixed_global_staticflow_registry,True,True,False,False,0.291991291991,1.25,1.25,1.25,0.75,0.75,1,0.32968032968,0.95,1,1,0.0423705423705,0.35,0.75,1,11,1,0,0,False,False,False,False,False
g553_registry_000912,repair5g553_theta_553000912,alpha_cong_commit_nonprogress_grid_00918,alpha_cong_commit_nonprogress_grid,alpha_cong_commit_nonprogress_grid,repair5g553_fixed_global_staticflow_registry,True,True,False,False,0.359660259662,1.10546210546,0.920872920873,1.25,0.75,0.75,1,0,0.95,1,1,0,0.35,0.75,1,11,1,0,0,False,False,False,False,False
g553_registry_000913,repair5g553_theta_553000913,edge_cost_clamp_grid_00919,edge_cost_clamp_grid,edge_cost_clamp_grid,repair5g553_fixed_global_staticflow_registry,True,True,False,False,0.985722235721,1.25,1.25,1.25,0.75,0.75,1,0,0.95,1,1,0,0.35,0.75,0.591336591337,9.23664923665,1,0,0,False,False,False,False,False
g553_registry_000914,repair5g553_theta_553000914,rho_decay_grid_00920,rho_decay_grid,rho_decay_grid,repair5g553_fixed_global_staticflow_registry,True,True,False,False,0.68722718723,1.25,1.25,1.25,0.75,0.75,1,0,0.903742903743,0.977534377534,1,0,0.35,0.75,1,11,1,0,0,False,False,False,False,False
g553_registry_000915,repair5g553_theta_553000915,sobol_local_global_static_00921,sobol_local_global_static,sobol_local_global_static,repair5g553_fixed_global_staticflow_registry,True,True,False,False,2.3744684578,0.957423832424,1.04968636219,0.812836875337,1.02712871463,1.1473952099,0.75037012537,0.218666468666,0.932983607984,0.978923853924,1.00612525613,0.132397632398,0.353642603643,0.609383921884,0.838558401058,11.6864116864,1,0,0,False,False,False,False,False
g553_registry_000916,repair5g553_theta_553000916,cma_es_or_ranked_search_candidates_00922,cma_es_or_ranked_search_candidates,cma_es_or_ranked_search_candidates,repair5g553_fixed_global_staticflow_registry,True,True,False,False,0.589715276382,1.25,1.19782054782,1.25,0.75,0.75,1,0,0.95,1,1.2957995458,0.230857680858,0.305606555607,0.696530946531,1,11,1,0,0,False,False,False,False,False
g553_registry_000917,repair5g553_theta_553000917,negative_random_wide_control_00923,negative_random_wide_control,negative_random_wide_control,repair5g553_fixed_global_staticflow_registry,True,True,False,False,6.31373240124,0.457735957736,0.523557523558,1.9487966988,0.651646901647,1.08783433783,0.487516987517,1.08935983936,0.994147594148,0.963165263165,1.37907987908,1.00912900913,0.442030842031,0.735346735347,0.864342114342,8.39631239631,0,0,1,False,False,False,False,False
g553_registry_000918,repair5g553_theta_553000918,tiny_local_perturbation_2pct_00924,tiny_local_perturbation_2pct,tiny_local_perturbation_2pct,repair5g553_fixed_global_staticflow_registry,True,True,False,False,0.335680048166,1.25821995572,1.23260523261,1.2760976711,0.732522395022,0.716604979105,0.988826398826,0,0.959652859903,0.993346758347,1.01961196461,0.028000963001,0.33996021396,0.741520679021,1,10.8392647593,1,0,0,False,False,False,False,False
g553_registry_000919,repair5g553_theta_553000919,small_local_perturbation_5pct_00925,small_local_perturbation_5pct,small_local_perturbation_5pct,repair5g553_fixed_global_staticflow_registry,True,True,False,False,1.08423496548,1.22593650719,1.2056719088,1.20292031542,0.804461632587,0.816010087885,0.931368068868,0.0449354043104,0.921913186288,0.968774918775,0.960742673243,0,0.327175827176,0.729812464187,0.964465376965,10.5264033264,1,0,0,False,False,False,False,False
g553_registry_000920,repair5g553_theta_553000920,medium_local_perturbation_10pct_00926,medium_local_perturbation_10pct,medium_local_perturbation_10pct,repair5g553_fixed_global_staticflow_registry,True,True,False,False,2.30796777047,1.10682200682,1.31253084378,1.15963165963,0.659334846835,0.917906455406,1.14880941131,0,1,0.905302955303,1.04899267399,0.114228676729,0.413728883729,0.701646232896,0.957525732526,10.6156997657,1,0,0,False,False,False,False,False
g553_registry_000921,repair5g553_theta_553000921,coordinate_sweep_each_field_00927,coordinate_sweep_each_field,coordinate_sweep_each_field,repair5g553_fixed_global_staticflow_registry,True,True,False,False,0.15,1.25,1.25,1.25,0.75,0.75,1,0,0.95,1,1,0,0.35,0.5625,1,11,1,0,0,False,False,False,False,False
g553_registry_000922,repair5g553_theta_553000922,lambda_flow_lambda_cong_grid_00928,lambda_flow_lambda_cong_grid,lambda_flow_lambda_cong_grid,repair5g553_fixed_global_staticflow_registry,True,True,False,False,0.736088236088,1.25,1.25,1.25,0.75,0.75,1,0.365269115269,0.95,1,0.860561360561,0.456651456651,0.35,0.75,1,11,1,0,0,False,False,False,False,False
g553_registry_000923,repair5g553_theta_553000923,flow_shield_beta_cap_grid_00929,flow_shield_beta_cap_grid,flow_shield_beta_cap_grid,repair5g553_fixed_global_staticflow_registry,True,True,False,False,0.647609610106,1.25,1.25,1.25,0.75,0.75,1,0,0.95,1,1,0,0.294013894014,1.47203372203,1,11,1,0,0,False,False,False,False,False
g553_registry_000924,repair5g553_theta_553000924,alpha_flow_wait_progress_grid_00930,alpha_flow_wait_progress_grid,alpha_flow_wait_progress_grid,repair5g553_fixed_global_staticflow_registry,True,True,False,False,1.05243705243,1.25,1.25,1.25,0.75,0.75,1,1.21081371081,0.95,1,1,0.125679125679,0.35,0.75,1,11,1,0,0,False,False,False,False,False
g553_registry_000925,repair5g553_theta_553000925,alpha_cong_commit_nonprogress_grid_00931,alpha_cong_commit_nonprogress_grid,alpha_cong_commit_nonprogress_grid,repair5g553_fixed_global_staticflow_registry,True,True,False,False,0.129451229453,1.07484407484,1.26585076585,1.25,0.75,0.75,1,0,0.95,1,1,0,0.35,0.75,1,11,1,0,0,False,False,False,False,False
g553_registry_000926,repair5g553_theta_553000926,edge_cost_clamp_grid_00932,edge_cost_clamp_grid,edge_cost_clamp_grid,repair5g553_fixed_global_staticflow_registry,True,True,False,False,0.729387979388,1.25,1.25,1.25,0.75,0.75,1,0,0.95,1,1,0,0.35,0.75,0.6955004455,9.70644570645,1,0,0,False,False,False,False,False
g553_registry_000927,repair5g553_theta_553000927,rho_decay_grid_00933,rho_decay_grid,rho_decay_grid,repair5g553_fixed_global_staticflow_registry,True,True,False,False,0.45949195949,1.25,1.25,1.25,0.75,0.75,1,0,0.99001029001,0.994061094061,1,0,0.35,0.75,1,11,1,0,0,False,False,False,False,False
g553_registry_000928,repair5g553_theta_553000928,sobol_local_global_static_00934,sobol_local_global_static,sobol_local_global_static,repair5g553_fixed_global_staticflow_registry,True,True,False,False,1.39872723206,1.30161105161,1.27699408949,1.31110524861,0.610373922874,0.711046273546,1.26271513772,0.0878363378363,0.932823207823,0.980017680018,1.21296946297,0.146238146238,0.344530594531,0.733590921091,0.835195960196,10.9732829733,1,0,0,False,False,False,False,False
g553_registry_000929,repair5g553_theta_553000929,cma_es_or_ranked_search_candidates_00935,cma_es_or_ranked_search_candidates,cma_es_or_ranked_search_candidates,repair5g553_fixed_global_staticflow_registry,True,True,False,False,1.08733833734,1.25,0.95837970838,1.25,0.75,0.75,1,0,0.95,1,1.1886964387,0.327387177387,0.621191871192,0.885122135122,1,11,1,0,0,False,False,False,False,False
g553_registry_000930,repair5g553_theta_553000930,negative_random_wide_control_00936,negative_random_wide_control,negative_random_wide_control,repair5g553_fixed_global_staticflow_registry,True,True,False,False,3.75073276323,1.47204747205,0.968071718072,0.630404880405,0.674701924702,0.854937104937,0.90407040407,1.1034986035,0.940075240075,0.977892777893,1.09518959519,0.624984624985,0.243744243744,0.908620658621,0.368172368172,11.0873230873,1,0,0,False,False,False,False,False
g553_registry_000931,repair5g553_theta_553000931,tiny_local_perturbation_2pct_00937,tiny_local_perturbation_2pct,tiny_local_perturbation_2pct,repair5g553_fixed_global_staticflow_registry,True,True,False,False,0.260270575273,1.23327069327,1.27374536125,1.22688561814,0.729707885958,0.737535437535,1.01642852643,0,0.940970535471,1,1.01986142986,0,0.33737955138,0.740021858772,0.980334245334,11.0898775699,1,0,0,False,False,False,False,False
g553_registry_000932,repair5g553_theta_553000932,small_local_perturbation_5pct_00938,small_local_perturbation_5pct,small_local_perturbation_5pct,repair5g553_fixed_global_staticflow_registry,True,True,False,False,1.10407435095,1.19510888886,1.20363373488,1.16903750341,0.726088757339,0.785604485604,0.955602168102,0.0255831349581,0.9875253819,0.967594942595,1.01645715396,0,0.362243732244,0.712075790201,1,10.4672883048,1,0,0,False,False,False,False,False
g553_registry_000933,repair5g553_theta_553000933,medium_local_perturbation_10pct_00939,medium_local_perturbation_10pct,medium_local_perturbation_10pct,repair5g553_fixed_global_staticflow_registry,True,True,False,False,1.45748792623,1.18143556894,1.36332980083,1.13600821101,0.839428026928,0.85196967072,1.14785124785,0,0.9,1,0.920857070857,0.0890501390501,0.428910578911,0.653216246966,0.929636429636,11.4768199518,1,0,0,False,False,False,False,False
g553_registry_000934,repair5g553_theta_553000934,coordinate_sweep_each_field_00940,coordinate_sweep_each_field,coordinate_sweep_each_field,repair5g553_fixed_global_staticflow_registry,True,True,False,False,0.5,1.25,1.25,1.25,0.75,0.75,1,0,0.95,1,1,0.75,0.35,0.75,1,11,1,0,0,False,False,False,False,False
g553_registry_000935,repair5g553_theta_553000935,lambda_flow_lambda_cong_grid_00941,lambda_flow_lambda_cong_grid,lambda_flow_lambda_cong_grid,repair5g553_fixed_global_staticflow_registry,True,True,False,False,1.81464231463,1.25,1.25,1.25,0.75,0.75,1,0.92870967871,0.95,1,1.11914461914,1.42879492879,0.35,0.75,1,11,1,0,0,False,False,False,False,False
g553_registry_000936,repair5g553_theta_553000936,flow_shield_beta_cap_grid_00942,flow_shield_beta_cap_grid,flow_shield_beta_cap_grid,repair5g553_fixed_global_staticflow_registry,True,True,False,False,0.313488350989,1.25,1.25,1.25,0.75,0.75,1,0,0.95,1,1,0,0.365510765511,0.382375132375,1,11,1,0,0,False,False,False,False,False
g553_registry_000937,repair5g553_theta_553000937,alpha_flow_wait_progress_grid_00943,alpha_flow_wait_progress_grid,alpha_flow_wait_progress_grid,repair5g553_fixed_global_staticflow_registry,True,True,False,False,0.523364523365,1.25,1.25,1.25,0.75,0.75,1,0.157378907379,0.95,1,1,0.596192096192,0.35,0.75,1,11,1,0,0,False,False,False,False,False
g553_registry_000938,repair5g553_theta_553000938,alpha_cong_commit_nonprogress_grid_00944,alpha_cong_commit_nonprogress_grid,alpha_cong_commit_nonprogress_grid,repair5g553_fixed_global_staticflow_registry,True,True,False,False,0.498369398369,0.750990750991,1.04287929288,1.25,0.75,0.75,1,0,0.95,1,1,0,0.35,0.75,1,11,1,0,0,False,False,False,False,False
g553_registry_000939,repair5g553_theta_553000939,edge_cost_clamp_grid_00945,edge_cost_clamp_grid,edge_cost_clamp_grid,repair5g553_fixed_global_staticflow_registry,True,True,False,False,1.05032330032,1.25,1.25,1.25,0.75,0.75,1,0,0.95,1,1,0,0.35,0.75,0.468085218085,9.63558563559,1,0,0,False,False,False,False,False
g553_registry_000940,repair5g553_theta_553000940,rho_decay_grid_00946,rho_decay_grid,rho_decay_grid,repair5g553_fixed_global_staticflow_registry,True,True,False,False,1.14711364711,1.25,1.25,1.25,0.75,0.75,1,0,0.935200535201,0.900088100088,1,0,0.35,0.75,1,11,1,0,0,False,False,False,False,False
g553_registry_000941,repair5g553_theta_553000941,sobol_local_global_static_00947,sobol_local_global_static,sobol_local_global_static,repair5g553_fixed_global_staticflow_registry,True,True,False,False,1.78650420318,1.45799120799,1.26719470469,1.4711954087,0.587375149875,1.09562928313,1.14297226797,0.0358825358825,0.938621563622,0.985958060958,1.12774837775,0.223065973066,0.276028926029,0.498194435694,0.853087978088,11.1424531425,1,0,0,False,False,False,False,False
g553_registry_000942,repair5g553_theta_553000942,cma_es_or_ranked_search_candidates_00948,cma_es_or_ranked_search_candidates,cma_es_or_ranked_search_candidates,repair5g553_fixed_global_staticflow_registry,True,True,False,False,0.654722427216,1.25,1.33238098238,1.25,0.75,0.75,1,0,0.95,1,1.02615207615,0.374654024654,0.338245538246,1.12275392275,1,11,1,0,0,False,False,False,False,False
g553_registry_000943,repair5g553_theta_553000943,negative_random_wide_control_00949,negative_random_wide_control,negative_random_wide_control,repair5g553_fixed_global_staticflow_registry,True,True,False,False,5.3815980941,1.30424080424,1.71989246989,0.755374255374,0.15948015948,0.723882973883,1.23067023067,1.05288855289,0.987206387206,0.947268347268,0.88039038039,0.0422325422325,0.0906120906121,1.1016008516,0.393385143385,11.9678759679,0,1,0,False,False,False,False,False
g553_registry_000944,repair5g553_theta_553000944,tiny_local_perturbation_2pct_00950,tiny_local_perturbation_2pct,tiny_local_perturbation_2pct,repair5g553_fixed_global_staticflow_registry,True,True,False,False,0.470901040902,1.26002432252,1.26784833035,1.2626490214,0.764985858736,0.780893340893,0.978827051327,0.0226755226755,0.967884637135,0.985697350697,0.994203139203,0,0.360523974524,0.768758137508,0.992948387948,10.9376784477,1,0,0,False,False,False,False,False
g553_registry_000945,repair5g553_theta_553000945,small_local_perturbation_5pct_00951,small_local_perturbation_5pct,small_local_perturbation_5pct,repair5g553_fixed_global_staticflow_registry,True,True,False,False,0.651839864331,1.27606430731,1.22794107169,1.19011922762,0.733989358989,0.666792798043,0.945419445419,0,0.978148943774,1,1.0282987658,0,0.322208932209,0.719130109755,1,11.4665338415,1,0,0,False,False,False,False,False
g553_registry_000946,repair5g553_theta_553000946,medium_local_perturbation_10pct_00952,medium_local_perturbation_10pct,medium_local_perturbation_10pct,repair5g553_fixed_global_staticflow_registry,True,True,False,False,1.39184887934,1.35578790579,1.34783000408,1.09460076335,0.646337708838,0.643903825154,0.931341406341,0.103723322473,0.9,1,1.02838212838,0.141688491688,0.399395889396,0.845662689413,1,10.5166534667,1,0,0,False,False,False,False,False
g553_registry_000947,repair5g553_theta_553000947,coordinate_sweep_each_field_00953,coordinate_sweep_each_field,coordinate_sweep_each_field,repair5g553_fixed_global_staticflow_registry,True,True,False,False,0.25,1.25,1.25,1.25,0.75,0.75,1,0,0.95,0.975,1,0,0.35,0.75,1,11,1,0,0,False,False,False,False,False
g553_registry_000948,repair5g553_theta_553000948,lambda_flow_lambda_cong_grid_00954,lambda_flow_lambda_cong_grid,lambda_flow_lambda_cong_grid,repair5g553_fixed_global_staticflow_registry,True,True,False,False,2.21742571743,1.25,1.25,1.25,0.75,0.75,1,1.11045611046,0.95,1,0.592538092538,1.3823983824,0.35,0.75,1,11,1,0,0,False,False,False,False,False
g553_registry_000949,repair5g553_theta_553000949,flow_shield_beta_cap_grid_00955,flow_shield_beta_cap_grid,flow_shield_beta_cap_grid,repair5g553_fixed_global_staticflow_registry,True,True,False,False,0.670785508284,1.25,1.25,1.25,0.75,0.75,1,0,0.95,1,1,0,0.628476628477,1.15336215336,1,11,1,0,0,False,False,False,False,False
g553_registry_000950,repair5g553_theta_553000950,alpha_flow_wait_progress_grid_00956,alpha_flow_wait_progress_grid,alpha_flow_wait_progress_grid,repair5g553_fixed_global_staticflow_registry,True,True,False,False,0.373862373862,1.25,1.25,1.25,0.75,0.75,1,0.140041390041,0.95,1,1,0.392743892744,0.35,0.75,1,11,1,0,0,False,False,False,False,False
g553_registry_000951,repair5g553_theta_553000951,alpha_cong_commit_nonprogress_grid_00957,alpha_cong_commit_nonprogress_grid,alpha_cong_commit_nonprogress_grid,repair5g553_fixed_global_staticflow_registry,True,True,False,False,0.584640484639,1.3512013512,0.603533853534,1.25,0.75,0.75,1,0,0.95,1,1,0,0.35,0.75,1,11,1,0,0,False,False,False,False,False
g553_registry_000952,repair5g553_theta_553000952,edge_cost_clamp_grid_00958,edge_cost_clamp_grid,edge_cost_clamp_grid,repair5g553_fixed_global_staticflow_registry,True,True,False,False,0.358728108731,1.25,1.25,1.25,0.75,0.75,1,0,0.95,1,1,0,0.35,0.75,0.901876651877,11.9115879116,1,0,0,False,False,False,False,False
g553_registry_000953,repair5g553_theta_553000953,rho_decay_grid_00959,rho_decay_grid,rho_decay_grid,repair5g553_fixed_global_staticflow_registry,True,True,False,False,1.13656363657,1.25,1.25,1.25,0.75,0.75,1,0,0.932442332442,0.903901303901,1,0,0.35,0.75,1,11,1,0,0,False,False,False,False,False
g553_registry_000954,repair5g553_theta_553000954,sobol_local_global_static_00960,sobol_local_global_static,sobol_local_global_static,repair5g553_fixed_global_staticflow_registry,True,True,False,False,1.55610272278,0.879161879162,1.24243530494,1.35355504106,0.824954762455,0.674149236649,0.933497058497,0.0510450510451,0.961976436976,0.980583255583,1.17587842588,0.0666289416289,0.172032822033,0.903957341457,0.889859389859,11.1138571139,1,0,0,False,False,False,False,False
g553_registry_000955,repair5g553_theta_553000955,cma_es_or_ranked_search_candidates_00961,cma_es_or_ranked_search_candidates,cma_es_or_ranked_search_candidates,repair5g553_fixed_global_staticflow_registry,True,True,False,False,0.716480333976,1.25,0.894303744304,1.25,0.75,0.75,1,0,0.95,1,0.95963960964,0.095364995365,0.301315801316,1.08391378391,1,11,1,0,0,False,False,False,False,False
g553_registry_000956,repair5g553_theta_553000956,negative_random_wide_control_00962,negative_random_wide_control,negative_random_wide_control,repair5g553_fixed_global_staticflow_registry,True,True,False,False,4.84032885283,0.384198384198,0.841519091519,1.38614138614,0.447671697672,0.442232442232,0.28051978052,0.327764077764,0.957569457569,0.948287948288,1.24717574718,0.405541905542,0.0812408812409,0.754386754387,0.923977673978,8.40888040888,0,0,1,False,False,False,False,False
g553_registry_000957,repair5g553_theta_553000957,tiny_local_perturbation_2pct_00963,tiny_local_perturbation_2pct,tiny_local_perturbation_2pct,repair5g553_fixed_global_staticflow_registry,True,True,False,False,0.337944564199,1.22911106911,1.23512906013,1.26143821269,0.726362020112,0.775490560491,1.01171726922,0.00743886368886,0.932836228336,1,1.0055966706,0.0291343341343,0.342563688564,0.758702577453,0.991242346242,10.86497954,1,0,0,False,False,False,False,False
g553_registry_000958,repair5g553_theta_553000958,small_local_perturbation_5pct_00964,small_local_perturbation_5pct,small_local_perturbation_5pct,repair5g553_fixed_global_staticflow_registry,True,True,False,False,0.5271225115,1.200502538,1.27092047405,1.2170961171,0.787656693907,0.812209018459,1.0217043092,0,0.97080491393,1,0.953020965521,0,0.314265284265,0.723315723316,1,11.2295948421,1,0,0,False,False,False,False,False
g553_registry_000959,repair5g553_theta_553000959,medium_local_perturbation_10pct_00965,medium_local_perturbation_10pct,medium_local_perturbation_10pct,repair5g553_fixed_global_staticflow_registry,True,True,False,False,1.93041910542,1.39466884467,1.1809486497,1.37803870304,0.783854096354,0.669515450765,0.918996656497,0,1,0.942080742081,0.927668502669,0.111323586324,0.395193305193,0.838170744421,0.973674823675,10.2375111375,1,0,0,False,False,False,False,False
g553_registry_000960,repair5g553_theta_553000960,coordinate_sweep_each_field_00966,coordinate_sweep_each_field,coordinate_sweep_each_field,repair5g553_fixed_global_staticflow_registry,True,True,False,False,1,1.25,1.25,1.25,0.75,0.75,1,1.25,0.95,1,1,0,0.35,0.75,1,11,1,0,0,False,False,False,False,False
g553_registry_000961,repair5g553_theta_553000961,lambda_flow_lambda_cong_grid_00967,lambda_flow_lambda_cong_grid,lambda_flow_lambda_cong_grid,repair5g553_fixed_global_staticflow_registry,True,True,False,False,0.392985892983,1.25,1.25,1.25,0.75,0.75,1,0.328026578027,0.95,1,1.00761350761,0.184426684427,0.35,0.75,1,11,1,0,0,False,False,False,False,False
g553_registry_000962,repair5g553_theta_553000962,flow_shield_beta_cap_grid_00968,flow_shield_beta_cap_grid,flow_shield_beta_cap_grid,repair5g553_fixed_global_staticflow_registry,True,True,False,False,0.408080370577,1.25,1.25,1.25,0.75,0.75,1,0,0.95,1,1,0,0.192913792914,1.01465326465,1,11,1,0,0,False,False,False,False,False
g553_registry_000963,repair5g553_theta_553000963,alpha_flow_wait_progress_grid_00969,alpha_flow_wait_progress_grid,alpha_flow_wait_progress_grid,repair5g553_fixed_global_staticflow_registry,True,True,False,False,1.32151632152,1.25,1.25,1.25,0.75,0.75,1,0.99716974717,0.95,1,1,0.785670785671,0.35,0.75,1,11,1,0,0,False,False,False,False,False
g553_registry_000964,repair5g553_theta_553000964,alpha_cong_commit_nonprogress_grid_00970,alpha_cong_commit_nonprogress_grid,alpha_cong_commit_nonprogress_grid,repair5g553_fixed_global_staticflow_registry,True,True,False,False,0.322040422041,1.36782886783,1.55435980436,1.25,0.75,0.75,1,0,0.95,1,1,0,0.35,0.75,1,11,1,0,0,False,False,False,False,False
g553_registry_000965,repair5g553_theta_553000965,edge_cost_clamp_grid_00971,edge_cost_clamp_grid,edge_cost_clamp_grid,repair5g553_fixed_global_staticflow_registry,True,True,False,False,0.674105924113,1.25,1.25,1.25,0.75,0.75,1,0,0.95,1,1,0,0.35,0.75,0.674058674059,10.0419300419,1,0,0,False,False,False,False,False
g553_registry_000966,repair5g553_theta_553000966,rho_decay_grid_00972,rho_decay_grid,rho_decay_grid,repair5g553_fixed_global_staticflow_registry,True,True,False,False,0.80336230336,1.25,1.25,1.25,0.75,0.75,1,0,0.911372611373,0.958291158291,1,0,0.35,0.75,1,11,1,0,0,False,False,False,False,False
g553_registry_000967,repair5g553_theta_553000967,sobol_local_global_static_00973,sobol_local_global_static,sobol_local_global_static,repair5g553_fixed_global_staticflow_registry,True,True,False,False,2.18969035635,0.902989402989,1.15157646408,1.30354349104,0.888935451435,0.998264435764,1.24832487332,0.173997673998,0.969793144793,0.990693865694,0.801785051785,0.373255873256,0.48014033014,0.856873544374,0.948859136359,11.9473839474,1,0,0,False,False,False,False,False
g553_registry_000968,repair5g553_theta_553000968,cma_es_or_ranked_search_candidates_00974,cma_es_or_ranked_search_candidates,cma_es_or_ranked_search_candidates,repair5g553_fixed_global_staticflow_registry,True,True,False,False,0.581228856226,1.25,1.36609371609,1.25,0.75,0.75,1,0,0.95,1,0.842571092571,0.385588435588,0.377688527689,0.700930800931,1,11,1,0,0,False,False,False,False,False
g553_registry_000969,repair5g553_theta_553000969,negative_random_wide_control_00975,negative_random_wide_control,negative_random_wide_control,repair5g553_fixed_global_staticflow_registry,True,True,False,False,3.02164493415,0.580748080748,1.26278826279,2.13118713119,0.77604952605,1.08342608343,1.05502755503,0.0247662747663,0.998102298102,0.978945078945,1.38021988022,0.621750621751,0.34292994293,0.968325718326,0.999868749869,10.5044865045,1,0,0,False,False,False,False,False
g553_registry_000970,repair5g553_theta_553000970,tiny_local_perturbation_2pct_00976,tiny_local_perturbation_2pct,tiny_local_perturbation_2pct,repair5g553_fixed_global_staticflow_registry,True,True,False,False,0.550897274646,1.2692022617,1.23547284172,1.23097090972,0.763453907204,0.715448901699,0.984024984025,0.0228929291429,0.93218002943,0.981196221196,0.991967236967,0.0135973485973,0.362360984361,0.758578208578,1,10.7980785731,1,0,0,False,False,False,False,False
g553_registry_000971,repair5g553_theta_553000971,small_local_perturbation_5pct_00977,small_local_perturbation_5pct,small_local_perturbation_5pct,repair5g553_fixed_global_staticflow_registry,True,True,False,False,0.763232488234,1.31097157347,1.18960122085,1.31811389624,0.718747187497,0.67823006573,0.976524601525,0.0380338974089,0.98079976705,1,1.0140990391,0,0.383384843385,0.789933555559,1,10.4900884401,1,0,0,False,False,False,False,False
g553_registry_000972,repair5g553_theta_553000972,medium_local_perturbation_10pct_00978,medium_local_perturbation_10pct,medium_local_perturbation_10pct,repair5g553_fixed_global_staticflow_registry,True,True,False,False,1.55150172026,1.35000765001,1.30829577705,1.13800308175,0.688127469377,0.575435750436,0.961892611893,0.0815241440241,0.9,1,0.92571992572,0.0506116631117,0.272432522433,0.823018010518,0.916414741415,9.96208048708,1,0,0,False,False,False,False,False
g553_registry_000973,repair5g553_theta_553000973,lambda_flow_lambda_cong_grid_00980,lambda_flow_lambda_cong_grid,lambda_flow_lambda_cong_grid,repair5g553_fixed_global_staticflow_registry,True,True,False,False,1.22784972784,1.25,1.25,1.25,0.75,0.75,1,0.846862096862,0.95,1,1.40407490407,0.219427719428,0.35,0.75,1,11,1,0,0,False,False,False,False,False
g553_registry_000974,repair5g553_theta_553000974,flow_shield_beta_cap_grid_00981,flow_shield_beta_cap_grid,flow_shield_beta_cap_grid,repair5g553_fixed_global_staticflow_registry,True,True,False,False,0.263465225966,1.25,1.25,1.25,0.75,0.75,1,0,0.95,1,1,0,0.168648968649,0.795970545971,1,11,1,0,0,False,False,False,False,False
g553_registry_000975,repair5g553_theta_553000975,alpha_flow_wait_progress_grid_00982,alpha_flow_wait_progress_grid,alpha_flow_wait_progress_grid,repair5g553_fixed_global_staticflow_registry,True,True,False,False,1.43222743223,1.25,1.25,1.25,0.75,0.75,1,0.795613295613,0.95,1,1,1.19360519361,0.35,0.75,1,11,1,0,0,False,False,False,False,False
g553_registry_000976,repair5g553_theta_553000976,alpha_cong_commit_nonprogress_grid_00983,alpha_cong_commit_nonprogress_grid,alpha_cong_commit_nonprogress_grid,repair5g553_fixed_global_staticflow_registry,True,True,False,False,0.425584325581,1.02224502225,0.907815407815,1.25,0.75,0.75,1,0,0.95,1,1,0,0.35,0.75,1,11,1,0,0,False,False,False,False,False
g553_registry_000977,repair5g553_theta_553000977,edge_cost_clamp_grid_00984,edge_cost_clamp_grid,edge_cost_clamp_grid,repair5g553_fixed_global_staticflow_registry,True,True,False,False,0.777228027229,1.25,1.25,1.25,0.75,0.75,1,0,0.95,1,1,0,0.35,0.75,0.716495216495,9.40311340311,1,0,0,False,False,False,False,False
g553_registry_000978,repair5g553_theta_553000978,rho_decay_grid_00985,rho_decay_grid,rho_decay_grid,repair5g553_fixed_global_staticflow_registry,True,True,False,False,0.72177522177,1.25,1.25,1.25,0.75,0.75,1,0,0.9961001961,0.973922673923,1,0,0.35,0.75,1,11,1,0,0,False,False,False,False,False
g553_registry_000979,repair5g553_theta_553000979,sobol_local_global_static_00986,sobol_local_global_static,sobol_local_global_static,repair5g553_fixed_global_staticflow_registry,True,True,False,False,1.95430287097,0.958386333386,1.45267239017,1.14242782993,0.772891585392,0.357825920326,1.17913280413,0.104688854689,0.931127306127,0.977184452184,1.17313542314,0.341805716806,0.388126238126,0.688403375903,0.987137862138,11.6349096349,1,0,0,False,False,False,False,False
g553_registry_000980,repair5g553_theta_553000980,cma_es_or_ranked_search_candidates_00987,cma_es_or_ranked_search_candidates,cma_es_or_ranked_search_candidates,repair5g553_fixed_global_staticflow_registry,True,True,False,False,0.874570887072,1.25,1.48027223027,1.25,0.75,0.75,1,0,0.95,1,1.18650643651,0.468081018081,0.484248184248,0.720021970022,1,11,1,0,0,False,False,False,False,False
g553_registry_000981,repair5g553_theta_553000981,negative_random_wide_control_00988,negative_random_wide_control,negative_random_wide_control,repair5g553_fixed_global_staticflow_registry,True,True,False,False,5.24705253455,1.02306252306,0.609651359651,1.19370594371,0.998054748055,1.7366982367,0.472561972562,0.210295210295,0.914510814511,0.980978880979,1.19996069996,1.14845964846,0.598605398605,0.589926589927,0.566696816697,10.0323020323,0,1,0,False,False,False,False,False
g553_registry_000982,repair5g553_theta_553000982,tiny_local_perturbation_2pct_00989,tiny_local_perturbation_2pct,tiny_local_perturbation_2pct,repair5g553_fixed_global_staticflow_registry,True,True,False,False,0.372995891741,1.23166497916,1.23006906757,1.23181038556,0.771481858982,0.72058986434,1.01203397953,0,0.967661624412,1,0.982622197622,0.00857302607303,0.334195300195,0.763056931807,0.981625371625,10.847962083,1,0,0,False,False,False,False,False
g553_registry_000983,repair5g553_theta_553000983,small_local_perturbation_5pct_00990,small_local_perturbation_5pct,small_local_perturbation_5pct,repair5g553_fixed_global_staticflow_registry,True,True,False,False,0.612247271617,1.1967993718,1.19281614594,1.31584392522,0.719079015954,0.66892036267,0.957464101214,0.0363465832216,0.964673916549,1,1.01739187989,0,0.312915552916,0.767799439674,0.950668550669,11.2976161601,1,0,0,False,False,False,False,False
g553_registry_000984,repair5g553_theta_553000984,medium_local_perturbation_10pct_00991,medium_local_perturbation_10pct,medium_local_perturbation_10pct,repair5g553_fixed_global_staticflow_registry,True,True,False,False,1.59717497218,1.33191628192,1.29277301152,1.17054445179,0.783862440112,0.58722962473,0.920217282717,0,0.984428889429,0.950954000954,0.929192354192,0,0.323873753874,0.641094078594,0.945273645274,10.2346203346,1,0,0,False,False,False,False,False
g553_registry_000985,repair5g553_theta_553000985,lambda_flow_lambda_cong_grid_00993,lambda_flow_lambda_cong_grid,lambda_flow_lambda_cong_grid,repair5g553_fixed_global_staticflow_registry,True,True,False,False,1.17802367802,1.25,1.25,1.25,0.75,0.75,1,0.652609402609,0.95,1,0.787482287482,0.665127665128,0.35,0.75,1,11,1,0,0,False,False,False,False,False
g553_registry_000986,repair5g553_theta_553000986,flow_shield_beta_cap_grid_00994,flow_shield_beta_cap_grid,flow_shield_beta_cap_grid,repair5g553_fixed_global_staticflow_registry,True,True,False,False,0.400347362847,1.25,1.25,1.25,0.75,0.75,1,0,0.95,1,1,0,0.0781880781881,0.825728075728,1,11,1,0,0,False,False,False,False,False
g553_registry_000987,repair5g553_theta_553000987,alpha_flow_wait_progress_grid_00995,alpha_flow_wait_progress_grid,alpha_flow_wait_progress_grid,repair5g553_fixed_global_staticflow_registry,True,True,False,False,0.0750950750951,1.25,1.25,1.25,0.75,0.75,1,0.03162003162,0.95,1,1,0.0746985746986,0.35,0.75,1,11,1,0,0,False,False,False,False,False
g553_registry_000988,repair5g553_theta_553000988,alpha_cong_commit_nonprogress_grid_00996,alpha_cong_commit_nonprogress_grid,alpha_cong_commit_nonprogress_grid,repair5g553_fixed_global_staticflow_registry,True,True,False,False,0.938685038685,0.166128166128,1.52012977013,1.25,0.75,0.75,1,0,0.95,1,1,0,0.35,0.75,1,11,1,0,0,False,False,False,False,False
g553_registry_000989,repair5g553_theta_553000989,edge_cost_clamp_grid_00997,edge_cost_clamp_grid,edge_cost_clamp_grid,repair5g553_fixed_global_staticflow_registry,True,True,False,False,0.454556204569,1.25,1.25,1.25,0.75,0.75,1,0,0.95,1,1,0,0.35,0.75,0.700511200511,11.220951221,1,0,0,False,False,False,False,False
g553_registry_000990,repair5g553_theta_553000990,rho_decay_grid_00998,rho_decay_grid,rho_decay_grid,repair5g553_fixed_global_staticflow_registry,True,True,False,False,1.22524172524,1.25,1.25,1.25,0.75,0.75,1,0,0.974514474514,0.90199030199,1,0,0.35,0.75,1,11,1,0,0,False,False,False,False,False
g553_registry_000991,repair5g553_theta_553000991,sobol_local_global_static_00999,sobol_local_global_static,sobol_local_global_static,repair5g553_fixed_global_staticflow_registry,True,True,False,False,2.13511005178,1.01498701499,1.24871718622,1.43581737332,0.482546920047,0.655708593209,0.653336528337,0.262622762623,0.971258646259,0.980563730564,0.960825210825,0.0592695592696,0.503633153633,0.476255663756,0.894317206817,10.5016305016,1,0,0,False,False,False,False,False
g553_registry_000992,repair5g553_theta_553000992,cma_es_or_ranked_search_candidates_01000,cma_es_or_ranked_search_candidates,cma_es_or_ranked_search_candidates,repair5g553_fixed_global_staticflow_registry,True,True,False,False,0.921033743532,1.25,1.42840847841,1.25,0.75,0.75,1,0,0.95,1,0.846212496212,0.519392169392,0.405615105615,1.01092391092,1,11,1,0,0,False,False,False,False,False
g553_registry_000993,repair5g553_theta_553000993,negative_random_wide_control_01001,negative_random_wide_control,negative_random_wide_control,repair5g553_fixed_global_staticflow_registry,True,True,False,False,7.36390825139,0.630536130536,0.757592757593,2.2217969718,0.00672625672626,0.275583275583,1.3425028425,0.993065993066,0.933442733443,0.968531968532,1.38621988622,1.34755484755,0.671314271314,1.43964868965,0.451749451749,10.3440543441,0,0,1,False,False,False,False,False
g553_registry_000994,repair5g553_theta_553000994,tiny_local_perturbation_2pct_01002,tiny_local_perturbation_2pct,tiny_local_perturbation_2pct,repair5g553_fixed_global_staticflow_registry,True,True,False,False,0.460522948014,1.24018832519,1.23973952099,1.22852705853,0.764750996001,0.734224390474,1.01518270018,0,0.96283967609,0.98183043683,1.01403495903,0,0.359757005757,0.743304574555,0.986064896065,11.1692235092,1,0,0,False,False,False,False,False
g553_registry_000995,repair5g553_theta_553000995,small_local_perturbation_5pct_01003,small_local_perturbation_5pct,small_local_perturbation_5pct,repair5g553_fixed_global_staticflow_registry,True,True,False,False,0.66280013467,1.1903005778,1.26763683014,1.32349915475,0.808334589585,0.691834010584,0.927316152316,0,0.930757065757,1,0.969726444726,0,0.33227028227,0.719147969148,0.950294825295,11.4108400983,1,0,0,False,False,False,False,False
g553_registry_000996,repair5g553_theta_553000996,medium_local_perturbation_10pct_01004,medium_local_perturbation_10pct,medium_local_perturbation_10pct,repair5g553_fixed_global_staticflow_registry,True,True,False,False,1.54455654456,1.20980955981,1.20096101346,1.41277391902,0.653211371961,0.896978096978,1.07797810298,0.121894715645,1,1,1.08004608005,0.112716900217,0.312100542101,0.704384391884,0.937587262587,9.9907038907,1,0,0,False,False,False,False,False
g553_registry_000997,repair5g553_theta_553000997,lambda_flow_lambda_cong_grid_01006,lambda_flow_lambda_cong_grid,lambda_flow_lambda_cong_grid,repair5g553_fixed_global_staticflow_registry,True,True,False,False,1.08212558213,1.25,1.25,1.25,0.75,0.75,1,0.752798252798,0.95,1,0.896117396117,0.564006564007,0.35,0.75,1,11,1,0,0,False,False,False,False,False
g553_registry_000998,repair5g553_theta_553000998,flow_shield_beta_cap_grid_01007,flow_shield_beta_cap_grid,flow_shield_beta_cap_grid,repair5g553_fixed_global_staticflow_registry,True,True,False,False,0.778242615745,1.25,1.25,1.25,0.75,0.75,1,0,0.95,1,1,0,0.606657406657,1.32177607178,1,11,1,0,0,False,False,False,False,False
g553_registry_000999,repair5g553_theta_553000999,alpha_flow_wait_progress_grid_01008,alpha_flow_wait_progress_grid,alpha_flow_wait_progress_grid,repair5g553_fixed_global_staticflow_registry,True,True,False,False,0.250454250454,1.25,1.25,1.25,0.75,0.75,1,0.28138028138,0.95,1,1,0.038025038025,0.35,0.75,1,11,1,0,0,False,False,False,False,False
g553_registry_001000,repair5g553_theta_553001000,alpha_cong_commit_nonprogress_grid_01009,alpha_cong_commit_nonprogress_grid,alpha_cong_commit_nonprogress_grid,repair5g553_fixed_global_staticflow_registry,True,True,False,False,0.438773538775,0.707457707458,1.34634834635,1.25,0.75,0.75,1,0,0.95,1,1,0,0.35,0.75,1,11,1,0,0,False,False,False,False,False
g553_registry_001001,repair5g553_theta_553001001,edge_cost_clamp_grid_01010,edge_cost_clamp_grid,edge_cost_clamp_grid,repair5g553_fixed_global_staticflow_registry,True,True,False,False,0.731945981956,1.25,1.25,1.25,0.75,0.75,1,0,0.95,1,1,0,0.35,0.75,0.553913803914,10.4513424513,1,0,0,False,False,False,False,False
g553_registry_001002,repair5g553_theta_553001002,rho_decay_grid_01011,rho_decay_grid,rho_decay_grid,repair5g553_fixed_global_staticflow_registry,True,True,False,False,1.03452653453,1.25,1.25,1.25,0.75,0.75,1,0,0.909013409013,0.937533937534,1,0,0.35,0.75,1,11,1,0,0,False,False,False,False,False
g553_registry_001003,repair5g553_theta_553001003,sobol_local_global_static_01012,sobol_local_global_static,sobol_local_global_static,repair5g553_fixed_global_staticflow_registry,True,True,False,False,1.9501750335,1.31551419051,1.43797300047,1.56349137599,0.870276682777,0.381472818973,1.20430507931,0.141957329457,0.940543015543,0.982536807537,0.846821096821,0.300475800476,0.338195788196,1.05282061532,0.942778317778,11.2575992576,1,0,0,False,False,False,False,False
g553_registry_001004,repair5g553_theta_553001004,cma_es_or_ranked_search_candidates_01013,cma_es_or_ranked_search_candidates,cma_es_or_ranked_search_candidates,repair5g553_fixed_global_staticflow_registry,True,True,False,False,0.837666207669,1.25,1.41715736716,1.25,0.75,0.75,1,0,0.95,1,1.16286821287,0.638711888712,0.294491544492,0.807348257348,1,11,1,0,0,False,False,False,False,False
g553_registry_001005,repair5g553_theta_553001005,negative_random_wide_control_01014,negative_random_wide_control,negative_random_wide_control,repair5g553_fixed_global_staticflow_registry,True,True,False,False,6.25093816344,0.208377208377,0.586432586433,1.773997774,0.812045812046,0.55175980176,0.67116967117,0.242007742008,0.991932791933,0.925016225016,0.915229415229,1.42438792439,0.138877738878,0.31349006349,0.445358695359,8.62264862265,1,0,0,False,False,False,False,False
g553_registry_001006,repair5g553_theta_553001006,tiny_local_perturbation_2pct_01015,tiny_local_perturbation_2pct,tiny_local_perturbation_2pct,repair5g553_fixed_global_staticflow_registry,True,True,False,False,0.319883903648,1.26836906337,1.27323854824,1.23077466452,0.759203746704,0.77479979105,0.982425277425,0.020482970483,0.956795204795,0.991148986149,0.986835476835,0,0.361777531778,0.726392770143,1,11.1007581758,1,0,0,False,False,False,False,False
g553_registry_001007,repair5g553_theta_553001007,small_local_perturbation_5pct_01016,small_local_perturbation_5pct,small_local_perturbation_5pct,repair5g553_fixed_global_staticflow_registry,True,True,False,False,1.22906906969,1.28139321264,1.19194858257,1.27590286965,0.696202024327,0.685383985384,0.971374908875,0,0.908823942574,0.958746208746,0.964205539206,0.0467212404712,0.364136074136,0.722425097425,0.985184222684,10.611490199,1,0,0,False,False,False,False,False
g553_registry_001008,repair5g553_theta_553001008,medium_local_perturbation_10pct_01017,medium_local_perturbation_10pct,medium_local_perturbation_10pct,repair5g553_fixed_global_staticflow_registry,True,True,False,False,2.38536059786,1.12647543898,1.16033966034,1.19355994981,0.795417232917,0.675283106533,0.878465115965,0.04458998209,1,0.903752703753,1.08832878833,0,0.408007518008,0.873115435615,0.914401889402,11.6694898195,1,0,0,False,False,False,False,False
g553_registry_001009,repair5g553_theta_553001009,lambda_flow_lambda_cong_grid_01019,lambda_flow_lambda_cong_grid,lambda_flow_lambda_cong_grid,repair5g553_fixed_global_staticflow_registry,True,True,False,False,1.20578670579,1.25,1.25,1.25,0.75,0.75,1,0.817964567965,0.95,1,0.7404002404,0.437722937723,0.35,0.75,1,11,1,0,0,False,False,False,False,False
g553_registry_001010,repair5g553_theta_553001010,flow_shield_beta_cap_grid_01020,flow_shield_beta_cap_grid,flow_shield_beta_cap_grid,repair5g553_fixed_global_staticflow_registry,True,True,False,False,0.749180786681,1.25,1.25,1.25,0.75,0.75,1,0,0.95,1,1,0,0.72123992124,0.393586393586,1,11,1,0,0,False,False,False,False,False
g553_registry_001011,repair5g553_theta_553001011,alpha_flow_wait_progress_grid_01021,alpha_flow_wait_progress_grid,alpha_flow_wait_progress_grid,repair5g553_fixed_global_staticflow_registry,True,True,False,False,1.27525127525,1.25,1.25,1.25,0.75,0.75,1,0.647985647986,0.95,1,1,1.13529413529,0.35,0.75,1,11,1,0,0,False,False,False,False,False
g553_registry_001012,repair5g553_theta_553001012,alpha_cong_commit_nonprogress_grid_01022,alpha_cong_commit_nonprogress_grid,alpha_cong_commit_nonprogress_grid,repair5g553_fixed_global_staticflow_registry,True,True,False,False,0.320910420912,1.11541761542,1.53898603899,1.25,0.75,0.75,1,0,0.95,1,1,0,0.35,0.75,1,11,1,0,0,False,False,False,False,False
g553_registry_001013,repair5g553_theta_553001013,edge_cost_clamp_grid_01023,edge_cost_clamp_grid,edge_cost_clamp_grid,repair5g553_fixed_global_staticflow_registry,True,True,False,False,0.925678175677,1.25,1.25,1.25,0.75,0.75,1,0,0.95,1,1,0,0.35,0.75,0.672491922492,9.043997044,1,0,0,False,False,False,False,False
g553_registry_001014,repair5g553_theta_553001014,rho_decay_grid_01024,rho_decay_grid,rho_decay_grid,repair5g553_fixed_global_staticflow_registry,True,True,False,False,0.36305186306,1.25,1.25,1.25,0.75,0.75,1,0,0.917003317003,0.996691496691,1,0,0.35,0.75,1,11,1,0,0,False,False,False,False,False
g553_registry_001015,repair5g553_theta_553001015,sobol_local_global_static_01025,sobol_local_global_static,sobol_local_global_static,repair5g553_fixed_global_staticflow_registry,True,True,False,False,1.65344698677,1.0573033073,1.20633526884,0.958801896302,0.455905643406,0.612091549592,0.897971022971,0.271108708609,0.93213960714,0.994430694431,0.973537223537,0.10525960526,0.340759390759,0.977216789717,0.95249964,10.4517024517,1,0,0,False,False,False,False,False
g553_registry_001016,repair5g553_theta_553001016,cma_es_or_ranked_search_candidates_01026,cma_es_or_ranked_search_candidates,cma_es_or_ranked_search_candidates,repair5g553_fixed_global_staticflow_registry,True,True,False,False,0.823129134794,1.25,1.0505964006,1.25,0.75,0.75,1,0,0.95,1,0.965384615385,0.329486679487,0.432820782821,1.13225888226,1,11,1,0,0,False,False,False,False,False
g553_registry_001017,repair5g553_theta_553001017,negative_random_wide_control_01027,negative_random_wide_control,negative_random_wide_control,repair5g553_fixed_global_staticflow_registry,True,True,False,False,5.75064836315,0.860417360417,1.32276457276,1.34848834849,0.990372240372,0.0669620669621,0.320031320031,1.06824731825,0.985263985264,0.963434863435,0.848663348663,0.48081048081,0.17516017516,0.388861388861,0.270170520171,9.73925773926,0,1,0,False,False,False,False,False
g553_registry_001018,repair5g553_theta_553001018,tiny_local_perturbation_2pct_01028,tiny_local_perturbation_2pct,tiny_local_perturbation_2pct,repair5g553_fixed_global_staticflow_registry,True,True,False,False,0.291719391736,1.22573462573,1.23263140763,1.23293422793,0.767473667474,0.723899467649,0.972503577504,0.00697343197343,0.940587267087,1,1.00944150444,0.0221813321813,0.335865065865,0.774615530866,0.984000009,11.0881668482,1,0,0,False,False,False,False,False
g553_registry_001019,repair5g553_theta_553001019,small_local_perturbation_5pct_01029,small_local_perturbation_5pct,small_local_perturbation_5pct,repair5g553_fixed_global_staticflow_registry,True,True,False,False,0.571190774313,1.21778469278,1.27803971554,1.33353631166,0.767389189264,0.666532135282,1.04661605287,0,0.963502280377,1,1.03996307746,0,0.323134763135,0.77251516314,0.954958217458,11.4009087384,1,0,0,False,False,False,False,False
g553_registry_001020,repair5g553_theta_553001020,medium_local_perturbation_10pct_01030,medium_local_perturbation_10pct,medium_local_perturbation_10pct,repair5g553_fixed_global_staticflow_registry,True,True,False,False,1.78463100337,1.35360630361,1.20063982564,1.29384043134,0.874510812011,0.804512642013,0.923159385659,0.05313999064,0.924604764605,0.916191991192,1.0545044295,0,0.391299121299,0.659863409863,1,11.6250099,1,0,0,False,False,False,False,False
g553_registry_001021,repair5g553_theta_553001021,lambda_flow_lambda_cong_grid_01032,lambda_flow_lambda_cong_grid,lambda_flow_lambda_cong_grid,repair5g553_fixed_global_staticflow_registry,True,True,False,False,1.03127353128,1.25,1.25,1.25,0.75,0.75,1,0.937288437288,0.95,1,1.05318655319,0.342384342384,0.35,0.75,1,11,1,0,0,False,False,False,False,False
g553_registry_001022,repair5g553_theta_553001022,flow_shield_beta_cap_grid_01033,flow_shield_beta_cap_grid,flow_shield_beta_cap_grid,repair5g553_fixed_global_staticflow_registry,True,True,False,False,0.830560793058,1.25,1.25,1.25,0.75,0.75,1,0,0.95,1,1,0,0.0360688360688,1.29768354768,1,11,1,0,0,False,False,False,False,False
g553_registry_001023,repair5g553_theta_553001023,alpha_flow_wait_progress_grid_01034,alpha_flow_wait_progress_grid,alpha_flow_wait_progress_grid,repair5g553_fixed_global_staticflow_registry,True,True,False,False,1.4544044544,1.25,1.25,1.25,0.75,0.75,1,1.23033123033,0.95,1,1,0.705209205209,0.35,0.75,1,11,1,0,0,False,False,False,False,False
g553_registry_001024,repair5g553_theta_553001024,alpha_cong_commit_nonprogress_grid_01035,alpha_cong_commit_nonprogress_grid,alpha_cong_commit_nonprogress_grid,repair5g553_fixed_global_staticflow_registry,True,True,False,False,0.288014388012,0.911198411198,1.32768332768,1.25,0.75,0.75,1,0,0.95,1,1,0,0.35,0.75,1,11,1,0,0,False,False,False,False,False
g553_registry_001025,repair5g553_theta_553001025,edge_cost_clamp_grid_01036,edge_cost_clamp_grid,edge_cost_clamp_grid,repair5g553_fixed_global_staticflow_registry,True,True,False,False,1.50354775355,1.25,1.25,1.25,0.75,0.75,1,0,0.95,1,1,0,0.35,0.75,0.275008025008,8.85243285243,1,0,0,False,False,False,False,False
g553_registry_001026,repair5g553_theta_553001026,rho_decay_grid_01037,rho_decay_grid,rho_decay_grid,repair5g553_fixed_global_staticflow_registry,True,True,False,False,0.50160500161,1.25,1.25,1.25,0.75,0.75,1,0,0.935528235528,0.964311264311,1,0,0.35,0.75,1,11,1,0,0,False,False,False,False,False
g553_registry_001027,repair5g553_theta_553001027,sobol_local_global_static_01038,sobol_local_global_static,sobol_local_global_static,repair5g553_fixed_global_staticflow_registry,True,True,False,False,2.0207060207,1.15712403212,0.984225671726,1.45993414743,0.460898773399,0.711845149345,1.12051274551,0.26913995664,0.974400599401,0.990828065828,1.02283827284,0.0352691602692,0.304386554387,1.00803119553,0.859717234717,10.0203700204,1,0,0,False,False,False,False,False
g553_registry_001028,repair5g553_theta_553001028,cma_es_or_ranked_search_candidates_01039,cma_es_or_ranked_search_candidates,cma_es_or_ranked_search_candidates,repair5g553_fixed_global_staticflow_registry,True,True,False,False,0.822978412979,1.25,0.986572236572,1.25,0.75,0.75,1,0,0.95,1,0.843885093885,0.459546159546,0.246377496377,0.775286325286,1,11,1,0,0,False,False,False,False,False
g553_registry_001029,repair5g553_theta_553001029,negative_random_wide_control_01040,negative_random_wide_control,negative_random_wide_control,repair5g553_fixed_global_staticflow_registry,True,True,False,False,4.45357554107,1.47357897358,1.53474978475,1.56857381857,0.435121685122,1.16253141253,0.999704499704,0.625284375284,0.917486217486,0.983672083672,1.05374155374,0.247795747796,0.726374326374,0.996591996592,0.604451104451,8.9834969835,0,0,1,False,False,False,False,False
g553_registry_001030,repair5g553_theta_553001030,tiny_local_perturbation_2pct_01041,tiny_local_perturbation_2pct,tiny_local_perturbation_2pct,repair5g553_fixed_global_staticflow_registry,True,True,False,False,0.235457406719,1.22686149436,1.22869107244,1.2775516338,0.771628746629,0.776036876037,1.02413914914,0,0.955654719155,1,0.992265692266,0,0.339945717946,0.743145236895,0.981988326988,10.8695276045,1,0,0,False,False,False,False,False
g553_registry_001031,repair5g553_theta_553001031,small_local_perturbation_5pct_01042,small_local_perturbation_5pct,small_local_perturbation_5pct,repair5g553_fixed_global_staticflow_registry,True,True,False,False,0.826820861183,1.20057088182,1.20428848554,1.32938355751,0.771616990367,0.80601020601,0.96366021366,0.0433047620548,0.965753355128,0.978414528415,1.03448833449,0,0.378527478527,0.794969013719,1,11.4970238095,1,0,0,False,False,False,False,False
g553_registry_001032,repair5g553_theta_553001032,medium_local_perturbation_10pct_01043,medium_local_perturbation_10pct,medium_local_perturbation_10pct,repair5g553_fixed_global_staticflow_registry,True,True,False,False,1.71479522728,1.19376906877,1.18452146577,1.29807757933,0.706572144072,0.591711554212,1.13647388647,0,0.9,0.950723750724,0.963043638044,0.0906491031491,0.38959025959,0.70037001287,1,11.8077335577,1,0,0,False,False,False,False,False
g553_registry_001033,repair5g553_theta_553001033,lambda_flow_lambda_cong_grid_01045,lambda_flow_lambda_cong_grid,lambda_flow_lambda_cong_grid,repair5g553_fixed_global_staticflow_registry,True,True,False,False,1.75099325099,1.25,1.25,1.25,0.75,0.75,1,1.10561860562,0.95,1,0.761814261814,0.942468942469,0.35,0.75,1,11,1,0,0,False,False,False,False,False
g553_registry_001034,repair5g553_theta_553001034,flow_shield_beta_cap_grid_01046,flow_shield_beta_cap_grid,flow_shield_beta_cap_grid,repair5g553_fixed_global_staticflow_registry,True,True,False,False,0.601054763555,1.25,1.25,1.25,0.75,0.75,1,0,0.95,1,1,0,0.143344143344,0.321581321581,1,11,1,0,0,False,False,False,False,False
g553_registry_001035,repair5g553_theta_553001035,alpha_flow_wait_progress_grid_01047,alpha_flow_wait_progress_grid,alpha_flow_wait_progress_grid,repair5g553_fixed_global_staticflow_registry,True,True,False,False,1.8533028533,1.25,1.25,1.25,0.75,0.75,1,1.14291364291,0.95,1,1,1.40845790846,0.35,0.75,1,11,1,0,0,False,False,False,False,False
g553_registry_001036,repair5g553_theta_553001036,alpha_cong_commit_nonprogress_grid_01048,alpha_cong_commit_nonprogress_grid,alpha_cong_commit_nonprogress_grid,repair5g553_fixed_global_staticflow_registry,True,True,False,False,0.11953621954,1.25416925417,1.39594589595,1.25,0.75,0.75,1,0,0.95,1,1,0,0.35,0.75,1,11,1,0,0,False,False,False,False,False
g553_registry_001037,repair5g553_theta_553001037,edge_cost_clamp_grid_01049,edge_cost_clamp_grid,edge_cost_clamp_grid,repair5g553_fixed_global_staticflow_registry,True,True,False,False,0.303458553462,1.25,1.25,1.25,0.75,0.75,1,0,0.95,1,1,0,0.35,0.75,0.928534678535,10.1673141673,1,0,0,False,False,False,False,False
g553_registry_001038,repair5g553_theta_553001038,rho_decay_grid_01050,rho_decay_grid,rho_decay_grid,repair5g553_fixed_global_staticflow_registry,True,True,False,False,0.45719595719,1.25,1.25,1.25,0.75,0.75,1,0,0.949393549394,0.954886854887,1,0,0.35,0.75,1,11,1,0,0,False,False,False,False,False
g553_registry_001039,repair5g553_theta_553001039,sobol_local_global_static_01051,sobol_local_global_static,sobol_local_global_static,repair5g553_fixed_global_staticflow_registry,True,True,False,False,1.84350242683,1.23053848054,1.20791652042,0.94543975794,0.696512759013,0.625245437745,1.32683645184,0.261374636375,0.961191986192,0.988755063755,0.756534006534,0.309596934597,0.529308379308,0.707410894911,0.999408811909,10.4058804059,1,0,0,False,False,False,False,False
g553_registry_001040,repair5g553_theta_553001040,cma_es_or_ranked_search_candidates_01052,cma_es_or_ranked_search_candidates,cma_es_or_ranked_search_candidates,repair5g553_fixed_global_staticflow_registry,True,True,False,False,1.08325944659,1.25,1.50171185171,1.25,0.75,0.75,1,0,0.95,1,1.07882672883,0.704256304256,0.423090873091,1.05274430274,1,11,1,0,0,False,False,False,False,False
g553_registry_001041,repair5g553_theta_553001041,negative_random_wide_control_01053,negative_random_wide_control,negative_random_wide_control,repair5g553_fixed_global_staticflow_registry,True,True,False,False,5.21388572638,0.24867024867,0.834779084779,1.78644203644,0.512668012668,1.20278845279,0.498628998629,0.10735010735,0.939228739229,0.992188792189,0.577169077169,0.990333990334,0.212465812466,1.02639077639,0.360685860686,8.90175690176,1,0,0,False,False,False,False,False
g553_registry_001042,repair5g553_theta_553001042,tiny_local_perturbation_2pct_01054,tiny_local_perturbation_2pct,tiny_local_perturbation_2pct,repair5g553_fixed_global_staticflow_registry,True,True,False,False,0.446175644909,1.22692674443,1.23894607645,1.27400247275,0.730155055155,0.740198712699,0.973882041382,0,0.934306302556,0.987201207201,1.01631416631,0.028624033624,0.355775221775,0.759993178743,0.989275499275,11.078045243,1,0,0,False,False,False,False,False
g553_registry_001043,repair5g553_theta_553001043,small_local_perturbation_5pct_01055,small_local_perturbation_5pct,small_local_perturbation_5pct,repair5g553_fixed_global_staticflow_registry,True,True,False,False,0.730524899267,1.19666167166,1.22519119394,1.22614082614,0.777331480456,0.711769133644,0.932232969733,0,0.97646006771,1,0.951851414351,0.0612477049977,0.322725022725,0.689860814861,0.953105565606,11.2971347721,1,0,0,False,False,False,False,False
g553_registry_001044,repair5g553_theta_553001044,medium_local_perturbation_10pct_01056,medium_local_perturbation_10pct,medium_local_perturbation_10pct,repair5g553_fixed_global_staticflow_registry,True,True,False,False,1.41888351888,1.16166243666,1.20312879688,1.14225991726,0.64272973648,0.578962047712,0.864651002151,0.0832812082812,0.9,1,1.05578985579,0,0.282233292233,0.712473712474,1,12,1,0,0,False,False,False,False,False
g553_registry_001045,repair5g553_theta_553001045,lambda_flow_lambda_cong_grid_01058,lambda_flow_lambda_cong_grid,lambda_flow_lambda_cong_grid,repair5g553_fixed_global_staticflow_registry,True,True,False,False,1.31012081012,1.25,1.25,1.25,0.75,0.75,1,0.94881969882,0.95,1,0.708397208397,0.389193389193,0.35,0.75,1,11,1,0,0,False,False,False,False,False
g553_registry_001046,repair5g553_theta_553001046,flow_shield_beta_cap_grid_01059,flow_shield_beta_cap_grid,flow_shield_beta_cap_grid,repair5g553_fixed_global_staticflow_registry,True,True,False,False,0.299809337309,1.25,1.25,1.25,0.75,0.75,1,0,0.95,1,1,0,0.413248413248,0.474063974064,1,11,1,0,0,False,False,False,False,False
g553_registry_001047,repair5g553_theta_553001047,alpha_flow_wait_progress_grid_01060,alpha_flow_wait_progress_grid,alpha_flow_wait_progress_grid,repair5g553_fixed_global_staticflow_registry,True,True,False,False,0.838178838179,1.25,1.25,1.25,0.75,0.75,1,0.497946747947,0.95,1,1,0.659732159732,0.35,0.75,1,11,1,0,0,False,False,False,False,False
g553_registry_001048,repair5g553_theta_553001048,alpha_cong_commit_nonprogress_grid_01061,alpha_cong_commit_nonprogress_grid,alpha_cong_commit_nonprogress_grid,repair5g553_fixed_global_staticflow_registry,True,True,False,False,1.04987314987,0.184008184008,1.67401492401,1.25,0.75,0.75,1,0,0.95,1,1,0,0.35,0.75,1,11,1,0,0,False,False,False,False,False
g553_registry_001049,repair5g553_theta_553001049,edge_cost_clamp_grid_01062,edge_cost_clamp_grid,edge_cost_clamp_grid,repair5g553_fixed_global_staticflow_registry,True,True,False,False,0.216260966261,1.25,1.25,1.25,0.75,0.75,1,0,0.95,1,1,0,0.35,0.75,0.939767439767,11.5438035438,1,0,0,False,False,False,False,False
g553_registry_001050,repair5g553_theta_553001050,rho_decay_grid_01063,rho_decay_grid,rho_decay_grid,repair5g553_fixed_global_staticflow_registry,True,True,False,False,0.53742803743,1.25,1.25,1.25,0.75,0.75,1,0,0.99400969401,0.990266890267,1,0,0.35,0.75,1,11,1,0,0,False,False,False,False,False
g553_registry_001051,repair5g553_theta_553001051,sobol_local_global_static_01064,sobol_local_global_static,sobol_local_global_static,repair5g553_fixed_global_staticflow_registry,True,True,False,False,1.80465480466,1.41206428706,1.03589259839,1.03965810216,0.596473283973,0.855481792982,0.775959400959,0.284936222436,0.953405778406,0.988568238568,0.957680707681,0.239233739234,0.449625499625,0.700929013429,0.855186855187,11.5506715507,1,0,0,False,False,False,False,False
g553_registry_001052,repair5g553_theta_553001052,cma_es_or_ranked_search_candidates_01065,cma_es_or_ranked_search_candidates,cma_es_or_ranked_search_candidates,repair5g553_fixed_global_staticflow_registry,True,True,False,False,1.0172607506,1.25,1.19158144158,1.25,0.75,0.75,1,0,0.95,1,0.750021600022,0.582883832884,0.257712107712,1.02074802075,1,11,1,0,0,False,False,False,False,False
g553_registry_001053,repair5g553_theta_553001053,negative_random_wide_control_01066,negative_random_wide_control,negative_random_wide_control,repair5g553_fixed_global_staticflow_registry,True,True,False,False,4.34219505471,1.06561006561,1.44155719156,0.987504987505,0.21312021312,0.547561547562,0.811998811999,1.06185106185,0.941526141526,0.973111173111,1.42999192999,0.22954972955,0.0852088852089,1.25706600707,0.946622446622,11.6062556063,0,1,0,False,False,False,False,False
g553_registry_001054,repair5g553_theta_553001054,tiny_local_perturbation_2pct_01067,tiny_local_perturbation_2pct,tiny_local_perturbation_2pct,repair5g553_fixed_global_staticflow_registry,True,True,False,False,0.424530784532,1.22474788725,1.22540758791,1.23966575842,0.741998973249,0.732813792814,0.97618995869,0,0.958371755122,0.981094761095,1.00711893212,0,0.340701022701,0.737535606286,0.993066528067,10.8428271128,1,0,0,False,False,False,False,False
g553_registry_001055,repair5g553_theta_553001055,small_local_perturbation_5pct_01068,small_local_perturbation_5pct,small_local_perturbation_5pct,repair5g553_fixed_global_staticflow_registry,True,True,False,False,1.00169358918,1.19918606169,1.3072036822,1.29977628415,0.780940999691,0.709283584284,1.0370500558,0,0.979135686011,0.967377329877,1.01392417642,0.0316192253692,0.377875847876,0.769921473046,0.983941471441,11.3844446094,1,0,0,False,False,False,False,False
g553_registry_001056,repair5g553_theta_553001056,medium_local_perturbation_10pct_01069,medium_local_perturbation_10pct,medium_local_perturbation_10pct,repair5g553_fixed_global_staticflow_registry,True,True,False,False,1.34978137478,1.11258561259,1.16306366306,1.07525173775,0.85171960172,0.878531678532,1.14471238221,0,0.9,1,0.936081636082,0.100793800794,0.303542733543,0.70412029787,1,10.5536811537,1,0,0,False,False,False,False,False
g553_registry_001057,repair5g553_theta_553001057,lambda_flow_lambda_cong_grid_01071,lambda_flow_lambda_cong_grid,lambda_flow_lambda_cong_grid,repair5g553_fixed_global_staticflow_registry,True,True,False,False,1.30790780791,1.25,1.25,1.25,0.75,0.75,1,0.34396034396,0.95,1,0.858692358692,1.33714783715,0.35,0.75,1,11,1,0,0,False,False,False,False,False
g553_registry_001058,repair5g553_theta_553001058,flow_shield_beta_cap_grid_01072,flow_shield_beta_cap_grid,flow_shield_beta_cap_grid,repair5g553_fixed_global_staticflow_registry,True,True,False,False,0.421432383933,1.25,1.25,1.25,0.75,0.75,1,0,0.95,1,1,0,0.0192736192736,0.760030510031,1,11,1,0,0,False,False,False,False,False
g553_registry_001059,repair5g553_theta_553001059,alpha_flow_wait_progress_grid_01073,alpha_flow_wait_progress_grid,alpha_flow_wait_progress_grid,repair5g553_fixed_global_staticflow_registry,True,True,False,False,1.44546944547,1.25,1.25,1.25,0.75,0.75,1,0.580026830027,0.95,1,1,1.47217197217,0.35,0.75,1,11,1,0,0,False,False,False,False,False
g553_registry_001060,repair5g553_theta_553001060,alpha_cong_commit_nonprogress_grid_01074,alpha_cong_commit_nonprogress_grid,alpha_cong_commit_nonprogress_grid,repair5g553_fixed_global_staticflow_registry,True,True,False,False,0.69311059311,0.649260649261,0.884227884228,1.25,0.75,0.75,1,0,0.95,1,1,0,0.35,0.75,1,11,1,0,0,False,False,False,False,False
g553_registry_001061,repair5g553_theta_553001061,edge_cost_clamp_grid_01075,edge_cost_clamp_grid,edge_cost_clamp_grid,repair5g553_fixed_global_staticflow_registry,True,True,False,False,0.247196997204,1.25,1.25,1.25,0.75,0.75,1,0,0.95,1,1,0,0.35,0.75,0.935553185553,11.6450716451,1,0,0,False,False,False,False,False
g553_registry_001062,repair5g553_theta_553001062,rho_decay_grid_01076,rho_decay_grid,rho_decay_grid,repair5g553_fixed_global_staticflow_registry,True,True,False,False,0.98037248037,1.25,1.25,1.25,0.75,0.75,1,0,0.912474212474,0.939488539489,1,0,0.35,0.75,1,11,1,0,0,False,False,False,False,False
g553_registry_001063,repair5g553_theta_553001063,sobol_local_global_static_01077,sobol_local_global_static,sobol_local_global_static,repair5g553_fixed_global_staticflow_registry,True,True,False,False,1.6479862313,1.34114171614,1.41691297941,1.01857058107,0.918952356452,0.872433184933,0.745434370434,0.285276535277,0.950873425873,0.989150639151,1.11216386216,0.0820294570295,0.344602194602,0.537823225323,0.833837521338,10.8548908549,1,0,0,False,False,False,False,False
g553_registry_001064,repair5g553_theta_553001064,cma_es_or_ranked_search_candidates_01078,cma_es_or_ranked_search_candidates,cma_es_or_ranked_search_candidates,repair5g553_fixed_global_staticflow_registry,True,True,False,False,0.949104783275,1.25,1.18271383271,1.25,0.75,0.75,1,0,0.95,1,0.859762309762,0.688955438955,0.501415701416,0.616918866919,1,11,1,0,0,False,False,False,False,False
g553_registry_001065,repair5g553_theta_553001065,negative_random_wide_control_01079,negative_random_wide_control,negative_random_wide_control,repair5g553_fixed_global_staticflow_registry,True,True,False,False,3.89543668292,0.407052407052,1.64444489444,1.53506828507,0.974663474663,0.57889007889,1.18426318426,0.0686588186588,0.976764576765,0.957764557765,1.01008451008,0.854561354561,0.445048445048,1.03842828843,0.855297105297,11.3498393498,0,0,1,False,False,False,False,False
g553_registry_001066,repair5g553_theta_553001066,tiny_local_perturbation_2pct_01080,tiny_local_perturbation_2pct,tiny_local_perturbation_2pct,repair5g553_fixed_global_staticflow_registry,True,True,False,False,0.545771266997,1.22828552079,1.23062568063,1.27898147273,0.732717957718,0.767547880048,0.973102798103,0.0195705008205,0.968449365199,0.984118524119,0.992019047019,0.0231147906148,0.336274362274,0.760285566536,1,11.1988362538,1,0,0,False,False,False,False,False
g553_registry_001067,repair5g553_theta_553001067,small_local_perturbation_5pct_01081,small_local_perturbation_5pct,small_local_perturbation_5pct,repair5g553_fixed_global_staticflow_registry,True,True,False,False,0.720117926366,1.19864876115,1.27517583768,1.33375129938,0.804755586006,0.673438976564,1.0729458042,0,0.975016470016,1,0.980063367563,0.0669747482247,0.312215232215,0.810767451392,1,10.7155801406,1,0,0,False,False,False,False,False
g553_registry_001068,repair5g553_theta_553001068,medium_local_perturbation_10pct_01082,medium_local_perturbation_10pct,medium_local_perturbation_10pct,repair5g553_fixed_global_staticflow_registry,True,True,False,False,2.24855670481,1.33729176229,1.33640280515,1.34122855373,0.632046163296,0.698817436317,0.954172066672,0,1,0.901340701341,1.05108157608,0.103427428427,0.386596196596,0.820434726685,0.940048165048,10.4948313698,1,0,0,False,False,False,False,False
g553_registry_001069,repair5g553_theta_553001069,lambda_flow_lambda_cong_grid_01084,lambda_flow_lambda_cong_grid,lambda_flow_lambda_cong_grid,repair5g553_fixed_global_staticflow_registry,True,True,False,False,0.651600151597,1.25,1.25,1.25,0.75,0.75,1,0.175095175095,0.95,1,1.44258294258,0.103411603412,0.35,0.75,1,11,1,0,0,False,False,False,False,False
g553_registry_001070,repair5g553_theta_553001070,flow_shield_beta_cap_grid_01085,flow_shield_beta_cap_grid,flow_shield_beta_cap_grid,repair5g553_fixed_global_staticflow_registry,True,True,False,False,0.0755189130194,1.25,1.25,1.25,0.75,0.75,1,0,0.95,1,1,0,0.402474802475,0.762406762407,1,11,1,0,0,False,False,False,False,False
g553_registry_001071,repair5g553_theta_553001071,alpha_flow_wait_progress_grid_01086,alpha_flow_wait_progress_grid,alpha_flow_wait_progress_grid,repair5g553_fixed_global_staticflow_registry,True,True,False,False,0.751247751245,1.25,1.25,1.25,0.75,0.75,1,0.0908725908726,0.95,1,1,1.01782451782,0.35,0.75,1,11,1,0,0,False,False,False,False,False
g553_registry_001072,repair5g553_theta_553001072,alpha_cong_commit_nonprogress_grid_01087,alpha_cong_commit_nonprogress_grid,alpha_cong_commit_nonprogress_grid,repair5g553_fixed_global_staticflow_registry,True,True,False,False,1.33584823585,0.143517143517,0.502258752259,1.25,0.75,0.75,1,0,0.95,1,1,0,0.35,0.75,1,11,1,0,0,False,False,False,False,False
g553_registry_001073,repair5g553_theta_553001073,edge_cost_clamp_grid_01088,edge_cost_clamp_grid,edge_cost_clamp_grid,repair5g553_fixed_global_staticflow_registry,True,True,False,False,0.33213658213,1.25,1.25,1.25,0.75,0.75,1,0,0.95,1,1,0,0.35,0.75,0.763034263034,10.9352709353,1,0,0,False,False,False,False,False
g553_registry_001074,repair5g553_theta_553001074,rho_decay_grid_01089,rho_decay_grid,rho_decay_grid,repair5g553_fixed_global_staticflow_registry,True,True,False,False,1.02816052816,1.25,1.25,1.25,0.75,0.75,1,0,0.981580681581,0.928764628765,1,0,0.35,0.75,1,11,1,0,0,False,False,False,False,False
g553_registry_001075,repair5g553_theta_553001075,sobol_local_global_static_01090,sobol_local_global_static,sobol_local_global_static,repair5g553_fixed_global_staticflow_registry,True,True,False,False,2.13781688781,0.914384414384,0.980979418479,1.33650652401,0.545006982507,0.516413703914,1.19899132399,0.306156243656,0.950433225433,0.989114889115,1.13869388869,0.232819357819,0.246478496478,0.827197264697,0.847137659638,10.3108003108,1,0,0,False,False,False,False,False
g553_registry_001076,repair5g553_theta_553001076,cma_es_or_ranked_search_candidates_01091,cma_es_or_ranked_search_candidates,cma_es_or_ranked_search_candidates,repair5g553_fixed_global_staticflow_registry,True,True,False,False,0.644194161694,1.25,1.13577948578,1.25,0.75,0.75,1,0,0.95,1,0.916915966916,0.251358851359,0.519424719425,0.637024687025,1,11,1,0,0,False,False,False,False,False
g553_registry_001077,repair5g553_theta_553001077,negative_random_wide_control_01092,negative_random_wide_control,negative_random_wide_control,repair5g553_fixed_global_staticflow_registry,True,True,False,False,5.14955386206,0.202572202572,0.850922850923,0.642782642783,0.592850592851,1.49035749036,1.33911583912,1.07415732416,0.971714571715,0.95744965745,1.36342286342,0.154041154041,0.297390697391,0.615149115149,0.698995448995,9.13162513163,1,0,0,False,False,False,False,False
g553_registry_001078,repair5g553_theta_553001078,tiny_local_perturbation_2pct_01093,tiny_local_perturbation_2pct,tiny_local_perturbation_2pct,repair5g553_fixed_global_staticflow_registry,True,True,False,False,0.286012729761,1.22871581122,1.22761030261,1.27322108822,0.76991951367,0.774985824986,1.01762242262,0,0.96063025413,1,0.981182481182,0.028501026001,0.344672906673,0.758141670642,0.985287280287,10.9129163779,1,0,0,False,False,False,False,False
g553_registry_001079,repair5g553_theta_553001079,small_local_perturbation_5pct_01094,small_local_perturbation_5pct,small_local_perturbation_5pct,repair5g553_fixed_global_staticflow_registry,True,True,False,False,0.912278987286,1.19573168948,1.26967598843,1.22385989573,0.730631699382,0.724058936559,0.937298174798,0.0494864088614,0.982841615967,0.987040662041,0.97561950062,0.0453514953515,0.332268062268,0.804298741799,0.960036322536,10.5911980662,1,0,0,False,False,False,False,False
g553_registry_001080,repair5g553_theta_553001080,medium_local_perturbation_10pct_01095,medium_local_perturbation_10pct,medium_local_perturbation_10pct,repair5g553_fixed_global_staticflow_registry,True,True,False,False,1.8107943233,1.15158231408,1.31707575458,1.20550883051,0.783772908773,0.826362770113,0.905814793315,0.0373198498198,1,0.941924816925,1.07772715273,0.101093163593,0.326845556846,0.705591986842,0.946388596389,11.5638897139,1,0,0,False,False,False,False,False
g553_registry_001081,repair5g553_theta_553001081,lambda_flow_lambda_cong_grid_01097,lambda_flow_lambda_cong_grid,lambda_flow_lambda_cong_grid,repair5g553_fixed_global_staticflow_registry,True,True,False,False,1.25188075188,1.25,1.25,1.25,0.75,0.75,1,0.855893355893,0.95,1,1.36762886763,0.299305799306,0.35,0.75,1,11,1,0,0,False,False,False,False,False
g553_registry_001082,repair5g553_theta_553001082,flow_shield_beta_cap_grid_01098,flow_shield_beta_cap_grid,flow_shield_beta_cap_grid,repair5g553_fixed_global_staticflow_registry,True,True,False,False,0.424872262373,1.25,1.25,1.25,0.75,0.75,1,0,0.95,1,1,0,0.654895854896,0.804690554691,1,11,1,0,0,False,False,False,False,False
g553_registry_001083,repair5g553_theta_553001083,alpha_flow_wait_progress_grid_01099,alpha_flow_wait_progress_grid,alpha_flow_wait_progress_grid,repair5g553_fixed_global_staticflow_registry,True,True,False,False,1.01038801039,1.25,1.25,1.25,0.75,0.75,1,1.18929368929,0.95,1,1,0.0884295884296,0.35,0.75,1,11,1,0,0,False,False,False,False,False
g553_registry_001084,repair5g553_theta_553001084,alpha_cong_commit_nonprogress_grid_01100,alpha_cong_commit_nonprogress_grid,alpha_cong_commit_nonprogress_grid,repair5g553_fixed_global_staticflow_registry,True,True,False,False,0.607475707473,0.698946698947,1.55013355013,1.25,0.75,0.75,1,0,0.95,1,1,0,0.35,0.75,1,11,1,0,0,False,False,False,False,False
g553_registry_001085,repair5g553_theta_553001085,edge_cost_clamp_grid_01101,edge_cost_clamp_grid,edge_cost_clamp_grid,repair5g553_fixed_global_staticflow_registry,True,True,False,False,0.369088619089,1.25,1.25,1.25,0.75,0.75,1,0,0.95,1,1,0,0.35,0.75,0.967746967747,9.69566169566,1,0,0,False,False,False,False,False
g553_registry_001086,repair5g553_theta_553001086,rho_decay_grid_01102,rho_decay_grid,rho_decay_grid,repair5g553_fixed_global_staticflow_registry,True,True,False,False,1.0061065061,1.25,1.25,1.25,0.75,0.75,1,0,0.985773485773,0.935162835163,1,0,0.35,0.75,1,11,1,0,0,False,False,False,False,False
g553_registry_001087,repair5g553_theta_553001087,sobol_local_global_static_01103,sobol_local_global_static,sobol_local_global_static,repair5g553_fixed_global_staticflow_registry,True,True,False,False,1.91627849961,1.22006284506,1.0291957167,1.54658285908,1.00551869302,0.323091885592,0.998936873937,0.234754922255,0.94383971884,0.98015020515,0.971506721507,0.336462711463,0.30874015874,0.910204847705,0.870823808324,10.8062008062,1,0,0,False,False,False,False,False
g553_registry_001088,repair5g553_theta_553001088,cma_es_or_ranked_search_candidates_01104,cma_es_or_ranked_search_candidates,cma_es_or_ranked_search_candidates,repair5g553_fixed_global_staticflow_registry,True,True,False,False,0.481393512228,1.25,1.2261978762,1.25,0.75,0.75,1,0,0.95,1,0.994866244866,0.254683204683,0.287221787222,1.0111956112,1,11,1,0,0,False,False,False,False,False
g553_registry_001089,repair5g553_theta_553001089,negative_random_wide_control_01105,negative_random_wide_control,negative_random_wide_control,repair5g553_fixed_global_staticflow_registry,True,True,False,False,6.80362101611,0.105732105732,1.48619223619,1.98715323715,0.44284044284,0.796723296723,0.61865011865,1.08623233623,0.911597511598,0.918843218843,0.863089363089,0.814074814075,0.30015950016,1.31936981937,0.421233421233,9.51903751904,0,1,0,False,False,False,False,False
g553_registry_001090,repair5g553_theta_553001090,tiny_local_perturbation_2pct_01106,tiny_local_perturbation_2pct,tiny_local_perturbation_2pct,repair5g553_fixed_global_staticflow_registry,True,True,False,False,0.299128664136,1.27124528625,1.26253721879,1.27104002604,0.730783274533,0.717092914593,1.00825858826,0.0151765839266,0.937378676879,1,0.980107430107,0.0117395892396,0.355308517309,0.743532631033,1,10.8186146586,1,0,0,False,False,False,False,False
g553_registry_001091,repair5g553_theta_553001091,small_local_perturbation_5pct_01107,small_local_perturbation_5pct,small_local_perturbation_5pct,repair5g553_fixed_global_staticflow_registry,True,True,False,False,0.737556418806,1.19060190935,1.21331291644,1.30398737899,0.706609081609,0.697009072009,0.946009339759,0,0.920740766366,1,0.981024156024,0.0668909356409,0.388838308838,0.785640363765,1,11.4141949642,1,0,0,False,False,False,False,False
g553_registry_001092,repair5g553_theta_553001092,medium_local_perturbation_10pct_01108,medium_local_perturbation_10pct,medium_local_perturbation_10pct,repair5g553_fixed_global_staticflow_registry,True,True,False,False,1.38059329308,1.20472747973,1.16424528925,1.11207015582,0.709038334038,0.797763629014,0.91562030312,0,0.983137766888,0.970782220782,0.941121566122,0,0.402152952153,0.712067774568,0.918161418161,10.2016566017,1,0,0,False,False,False,False,False
g553_registry_001093,repair5g553_theta_553001093,lambda_flow_lambda_cong_grid_01110,lambda_flow_lambda_cong_grid,lambda_flow_lambda_cong_grid,repair5g553_fixed_global_staticflow_registry,True,True,False,False,1.1617966618,1.25,1.25,1.25,0.75,0.75,1,0.761282011282,0.95,1,1.40095590096,0.227722727723,0.35,0.75,1,11,1,0,0,False,False,False,False,False
g553_registry_001094,repair5g553_theta_553001094,flow_shield_beta_cap_grid_01111,flow_shield_beta_cap_grid,flow_shield_beta_cap_grid,repair5g553_fixed_global_staticflow_registry,True,True,False,False,0.553402515901,1.25,1.25,1.25,0.75,0.75,1,0,0.95,1,1,0,0.204521004521,1.21444221444,1,11,1,0,0,False,False,False,False,False
g553_registry_001095,repair5g553_theta_553001095,alpha_flow_wait_progress_grid_01112,alpha_flow_wait_progress_grid,alpha_flow_wait_progress_grid,repair5g553_fixed_global_staticflow_registry,True,True,False,False,0.407897407897,1.25,1.25,1.25,0.75,0.75,1,0.306769056769,0.95,1,1,0.243723243723,0.35,0.75,1,11,1,0,0,False,False,False,False,False
g553_registry_001096,repair5g553_theta_553001096,alpha_cong_commit_nonprogress_grid_01113,alpha_cong_commit_nonprogress_grid,alpha_cong_commit_nonprogress_grid,repair5g553_fixed_global_staticflow_registry,True,True,False,False,0.874652774653,0.694518694519,0.619585119585,1.25,0.75,0.75,1,0,0.95,1,1,0,0.35,0.75,1,11,1,0,0,False,False,False,False,False
g553_registry_001097,repair5g553_theta_553001097,edge_cost_clamp_grid_01114,edge_cost_clamp_grid,edge_cost_clamp_grid,repair5g553_fixed_global_staticflow_registry,True,True,False,False,0.149351899361,1.25,1.25,1.25,0.75,0.75,1,0,0.95,1,1,0,0.35,0.75,0.996091746092,11.5765635766,1,0,0,False,False,False,False,False
g553_registry_001098,repair5g553_theta_553001098,rho_decay_grid_01115,rho_decay_grid,rho_decay_grid,repair5g553_fixed_global_staticflow_registry,True,True,False,False,0.61869111869,1.25,1.25,1.25,0.75,0.75,1,0,0.940496740497,0.947634147634,1,0,0.35,0.75,1,11,1,0,0,False,False,False,False,False
g553_registry_001099,repair5g553_theta_553001099,sobol_local_global_static_01116,sobol_local_global_static,sobol_local_global_static,repair5g553_fixed_global_staticflow_registry,True,True,False,False,1.58575916909,1.44744307244,1.3651016776,1.62861856612,0.986854924355,0.578432015932,1.04027166527,0.111851049351,0.960561635562,0.998154523155,0.898081648082,0.178807303807,0.350253000253,0.551258863759,0.968767156267,10.2172122172,1,0,0,False,False,False,False,False
g553_registry_001100,repair5g553_theta_553001100,cma_es_or_ranked_search_candidates_01117,cma_es_or_ranked_search_candidates,cma_es_or_ranked_search_candidates,repair5g553_fixed_global_staticflow_registry,True,True,False,False,0.767472405806,1.25,0.858786408786,1.25,0.75,0.75,1,0,0.95,1,0.794428844429,0.214653264653,0.283469233469,0.721669071669,1,11,1,0,0,False,False,False,False,False
g553_registry_001101,repair5g553_theta_553001101,negative_random_wide_control_01118,negative_random_wide_control,negative_random_wide_control,repair5g553_fixed_global_staticflow_registry,True,True,False,False,5.33858562609,0.347482847483,1.31650581651,1.50956200956,0.887125887126,0.396625646626,1.39338439338,0.816072066072,0.967200567201,0.938112738113,0.803602303602,0.240340740341,0.538657338657,1.32511107511,0.565916065916,9.45421345421,0,0,1,False,False,False,False,False
g553_registry_001102,repair5g553_theta_553001102,tiny_local_perturbation_2pct_01119,tiny_local_perturbation_2pct,tiny_local_perturbation_2pct,repair5g553_fixed_global_staticflow_registry,True,True,False,False,0.33741511617,1.25883848134,1.26019492894,1.22847476847,0.773918836419,0.778037233037,1.02416113166,0.0240883928384,0.940644438144,0.994946299946,0.99264982765,0,0.36493971494,0.736105223605,0.983670593671,10.8498942349,1,0,0,False,False,False,False,False
g553_registry_001103,repair5g553_theta_553001103,small_local_perturbation_5pct_01120,small_local_perturbation_5pct,small_local_perturbation_5pct,repair5g553_fixed_global_staticflow_registry,True,True,False,False,0.613501691636,1.2819041319,1.28477294102,1.16562270312,0.771836974962,0.720483157983,0.930196548947,0.0571146196146,0.932883310383,1,1.02043939544,0,0.388291288291,0.769686019686,1,11.5376617002,1,0,0,False,False,False,False,False
g553_registry_001104,repair5g553_theta_553001104,medium_local_perturbation_10pct_01121,medium_local_perturbation_10pct,medium_local_perturbation_10pct,repair5g553_fixed_global_staticflow_registry,True,True,False,False,1.81397202646,1.19540774541,1.32831807832,1.31553319053,0.65961984712,0.852526302526,1.0992965368,0,0.9,0.938039063039,1.08958181458,0,0.416684906685,0.874317968068,1,11.3535409035,1,0,0,False,False,False,False,False
g553_registry_001105,repair5g553_theta_553001105,lambda_flow_lambda_cong_grid_01123,lambda_flow_lambda_cong_grid,lambda_flow_lambda_cong_grid,repair5g553_fixed_global_staticflow_registry,True,True,False,False,1.66799416799,1.25,1.25,1.25,0.75,0.75,1,0.982617232617,0.95,1,1.44746894747,0.651647151647,0.35,0.75,1,11,1,0,0,False,False,False,False,False
g553_registry_001106,repair5g553_theta_553001106,flow_shield_beta_cap_grid_01124,flow_shield_beta_cap_grid,flow_shield_beta_cap_grid,repair5g553_fixed_global_staticflow_registry,True,True,False,False,0.545141382643,1.25,1.25,1.25,0.75,0.75,1,0,0.95,1,1,0,0.615791015791,1.01612826613,1,11,1,0,0,False,False,False,False,False
g553_registry_001107,repair5g553_theta_553001107,alpha_flow_wait_progress_grid_01125,alpha_flow_wait_progress_grid,alpha_flow_wait_progress_grid,repair5g553_fixed_global_staticflow_registry,True,True,False,False,1.93101493102,1.25,1.25,1.25,0.75,0.75,1,1.20827870828,0.95,1,1,1.44658794659,0.35,0.75,1,11,1,0,0,False,False,False,False,False
g553_registry_001108,repair5g553_theta_553001108,alpha_cong_commit_nonprogress_grid_01126,alpha_cong_commit_nonprogress_grid,alpha_cong_commit_nonprogress_grid,repair5g553_fixed_global_staticflow_registry,True,True,False,False,1.06952096952,0.194016194016,0.793085293085,1.25,0.75,0.75,1,0,0.95,1,1,0,0.35,0.75,1,11,1,0,0,False,False,False,False,False
g553_registry_001109,repair5g553_theta_553001109,edge_cost_clamp_grid_01127,edge_cost_clamp_grid,edge_cost_clamp_grid,repair5g553_fixed_global_staticflow_registry,True,True,False,False,1.17459442459,1.25,1.25,1.25,0.75,0.75,1,0,0.95,1,1,0,0.35,0.75,0.435192435192,9.31392931393,1,0,0,False,False,False,False,False
g553_registry_001110,repair5g553_theta_553001110,rho_decay_grid_01128,rho_decay_grid,rho_decay_grid,repair5g553_fixed_global_staticflow_registry,True,True,False,False,0.51256301256,1.25,1.25,1.25,0.75,0.75,1,0,0.99082009082,0.989563789564,1,0,0.35,0.75,1,11,1,0,0,False,False,False,False,False
g553_registry_001111,repair5g553_theta_553001111,sobol_local_global_static_01129,sobol_local_global_static,sobol_local_global_static,repair5g553_fixed_global_staticflow_registry,True,True,False,False,2.40860790861,0.921250671251,1.20568776819,0.829559017059,0.869291056791,0.718785656286,1.29090916591,0.3088999964,0.964094189094,0.975924275924,1.23783598784,0.296305421305,0.525825975826,0.685044622545,0.931513306513,11.7171057171,1,0,0,False,False,False,False,False
g553_registry_001112,repair5g553_theta_553001112,cma_es_or_ranked_search_candidates_01130,cma_es_or_ranked_search_candidates,cma_es_or_ranked_search_candidates,repair5g553_fixed_global_staticflow_registry,True,True,False,False,0.678804950473,1.25,1.27712852713,1.25,0.75,0.75,1,0,0.95,1,0.785892035892,0.497995947996,0.38393993394,0.664285064285,1,11,1,0,0,False,False,False,False,False
g553_registry_001113,repair5g553_theta_553001113,negative_random_wide_control_01131,negative_random_wide_control,negative_random_wide_control,repair5g553_fixed_global_staticflow_registry,True,True,False,False,4.82514623764,1.11561861562,0.560761310761,1.8124015624,1.12224862225,1.12824362824,0.188155688156,0.782440782441,0.951386651387,0.924626724627,0.788704288704,0.51194001194,0.284934684935,0.314875064875,0.737273237273,11.327011327,1,0,0,False,False,False,False,False
g553_registry_001114,repair5g553_theta_553001114,tiny_local_perturbation_2pct_01132,tiny_local_perturbation_2pct,tiny_local_perturbation_2pct,repair5g553_fixed_global_staticflow_registry,True,True,False,False,0.260492071734,1.22134874135,1.24363208113,1.23892794893,0.732389438639,0.716667322917,1.01605705106,0,0.960634472134,1,1.01128827629,0,0.359353289353,0.772467491217,1,10.8446759397,1,0,0,False,False,False,False,False
g553_registry_001115,repair5g553_theta_553001115,small_local_perturbation_5pct_01133,small_local_perturbation_5pct,small_local_perturbation_5pct,repair5g553_fixed_global_staticflow_registry,True,True,False,False,0.477018752005,1.22521521272,1.27657215157,1.2887027762,0.767366220491,0.720089866965,0.976797695548,0,0.962882654133,1,1.02832415332,0.0699985262485,0.337871767872,0.777449277449,0.956572556573,10.7126802627,1,0,0,False,False,False,False,False
g553_registry_001116,repair5g553_theta_553001116,medium_local_perturbation_10pct_01134,medium_local_perturbation_10pct,medium_local_perturbation_10pct,repair5g553_fixed_global_staticflow_registry,True,True,False,False,1.30304202178,1.16953586954,1.17415523666,1.35386032886,0.70416970417,0.836408130158,0.903045715546,0.110572891823,1,1,0.934427434427,0.148271998272,0.329653799654,0.800016612517,0.946025821026,11.3536308286,1,0,0,False,False,False,False,False
g553_registry_001117,repair5g553_theta_553001117,lambda_flow_lambda_cong_grid_01136,lambda_flow_lambda_cong_grid,lambda_flow_lambda_cong_grid,repair5g553_fixed_global_staticflow_registry,True,True,False,False,1.37967887968,1.25,1.25,1.25,0.75,0.75,1,0.47501047501,0.95,1,0.892817392817,1.33873183873,0.35,0.75,1,11,1,0,0,False,False,False,False,False
g553_registry_001118,repair5g553_theta_553001118,flow_shield_beta_cap_grid_01137,flow_shield_beta_cap_grid,flow_shield_beta_cap_grid,repair5g553_fixed_global_staticflow_registry,True,True,False,False,0.522025359526,1.25,1.25,1.25,0.75,0.75,1,0,0.95,1,1,0,0.712157512158,0.836660586661,1,11,1,0,0,False,False,False,False,False
g553_registry_001119,repair5g553_theta_553001119,alpha_flow_wait_progress_grid_01138,alpha_flow_wait_progress_grid,alpha_flow_wait_progress_grid,repair5g553_fixed_global_staticflow_registry,True,True,False,False,0.387331387332,1.25,1.25,1.25,0.75,0.75,1,0.316181566182,0.95,1,1,0.201579201579,0.35,0.75,1,11,1,0,0,False,False,False,False,False
g553_registry_001120,repair5g553_theta_553001120,alpha_cong_commit_nonprogress_grid_01139,alpha_cong_commit_nonprogress_grid,alpha_cong_commit_nonprogress_grid,repair5g553_fixed_global_staticflow_registry,True,True,False,False,0.798906698906,0.719316719317,0.693602693603,1.25,0.75,0.75,1,0,0.95,1,1,0,0.35,0.75,1,11,1,0,0,False,False,False,False,False
g553_registry_001121,repair5g553_theta_553001121,edge_cost_clamp_grid_01140,edge_cost_clamp_grid,edge_cost_clamp_grid,repair5g553_fixed_global_staticflow_registry,True,True,False,False,0.855337105336,1.25,1.25,1.25,0.75,0.75,1,0,0.95,1,1,0,0.35,0.75,0.824536574537,8.51445651446,1,0,0,False,False,False,False,False
g553_registry_001122,repair5g553_theta_553001122,rho_decay_grid_01141,rho_decay_grid,rho_decay_grid,repair5g553_fixed_global_staticflow_registry,True,True,False,False,0.89186539187,1.25,1.25,1.25,0.75,0.75,1,0,0.901699401699,0.959114059114,1,0,0.35,0.75,1,11,1,0,0,False,False,False,False,False
g553_registry_001123,repair5g553_theta_553001123,sobol_local_global_static_01142,sobol_local_global_static,sobol_local_global_static,repair5g553_fixed_global_staticflow_registry,True,True,False,False,1.8274950775,1.3947036447,1.06850700601,0.959737272237,0.712365274865,0.885034947535,0.926828801829,0.301434988935,0.956556431556,0.980074905075,1.05078930079,0.150933900934,0.45178030178,0.973124910625,0.823691886192,10.737048737,1,0,0,False,False,False,False,False
g553_registry_001124,repair5g553_theta_553001124,cma_es_or_ranked_search_candidates_01143,cma_es_or_ranked_search_candidates,cma_es_or_ranked_search_candidates,repair5g553_fixed_global_staticflow_registry,True,True,False,False,0.506968817804,1.25,1.43214508215,1.25,0.75,0.75,1,0,0.95,1,1.07408192408,0.249639299639,0.298162198162,0.680065780066,1,11,1,0,0,False,False,False,False,False
g553_registry_001125,repair5g553_theta_553001125,negative_random_wide_control_01144,negative_random_wide_control,negative_random_wide_control,repair5g553_fixed_global_staticflow_registry,True,True,False,False,6.90172891422,0.92069042069,0.757306507307,2.06342356342,0.252396502397,0.836744086744,1.00844350844,1.15488740489,0.918028018028,0.952570552571,1.43321993322,1.4908019908,0.0679712679713,1.31917231917,0.377982377982,10.6492066492,0,1,0,False,False,False,False,False
g553_registry_001126,repair5g553_theta_553001126,tiny_local_perturbation_2pct_01145,tiny_local_perturbation_2pct,tiny_local_perturbation_2pct,repair5g553_fixed_global_staticflow_registry,True,True,False,False,0.243831801334,1.23080579331,1.23277252027,1.216503234,0.767980536731,0.765882342132,0.990317767818,0,0.955821444321,1,1.01633297633,0,0.364641982642,0.760324191574,0.990383460383,10.7829340329,1,0,0,False,False,False,False,False
g553_registry_001127,repair5g553_theta_553001127,small_local_perturbation_5pct_01146,small_local_perturbation_5pct,small_local_perturbation_5pct,repair5g553_fixed_global_staticflow_registry,True,True,False,False,0.800150453268,1.29360976861,1.30105198855,1.27937135125,0.76662011037,0.799559065184,1.03128532504,0,0.925520791146,0.983574083574,0.979315166815,0.0340958028458,0.364812964813,0.69686994687,0.977119014619,10.5720609346,1,0,0,False,False,False,False,False
g553_registry_001128,repair5g553_theta_553001128,medium_local_perturbation_10pct_01147,medium_local_perturbation_10pct,medium_local_perturbation_10pct,repair5g553_fixed_global_staticflow_registry,True,True,False,False,1.61727548601,1.19021282771,1.18526321651,1.42338496713,0.873298623299,0.62056007056,1.09761477261,0.0981782856783,1,1,1.05846375846,0.0814474939475,0.423050853051,0.822502103752,0.924765024765,11.9917458667,1,0,0,False,False,False,False,False
g553_registry_001129,repair5g553_theta_553001129,lambda_flow_lambda_cong_grid_01149,lambda_flow_lambda_cong_grid,lambda_flow_lambda_cong_grid,repair5g553_fixed_global_staticflow_registry,True,True,False,False,1.04761154761,1.25,1.25,1.25,0.75,0.75,1,0.718653218653,0.95,1,1.11566861567,0.535530535531,0.35,0.75,1,11,1,0,0,False,False,False,False,False
g553_registry_001130,repair5g553_theta_553001130,flow_shield_beta_cap_grid_01150,flow_shield_beta_cap_grid,flow_shield_beta_cap_grid,repair5g553_fixed_global_staticflow_registry,True,True,False,False,0.623815461316,1.25,1.25,1.25,0.75,0.75,1,0,0.95,1,1,0,0.631434231434,1.09002834003,1,11,1,0,0,False,False,False,False,False
g553_registry_001131,repair5g553_theta_553001131,alpha_flow_wait_progress_grid_01151,alpha_flow_wait_progress_grid,alpha_flow_wait_progress_grid,repair5g553_fixed_global_staticflow_registry,True,True,False,False,0.662679662679,1.25,1.25,1.25,0.75,0.75,1,0.25485025485,0.95,1,1,0.688199188199,0.35,0.75,1,11,1,0,0,False,False,False,False,False
g553_registry_001132,repair5g553_theta_553001132,alpha_cong_commit_nonprogress_grid_01152,alpha_cong_commit_nonprogress_grid,alpha_cong_commit_nonprogress_grid,repair5g553_fixed_global_staticflow_registry,True,True,False,False,0.762182862182,0.286678786679,1.39996089996,1.25,0.75,0.75,1,0,0.95,1,1,0,0.35,0.75,1,11,1,0,0,False,False,False,False,False
g553_registry_001133,repair5g553_theta_553001133,edge_cost_clamp_grid_01153,edge_cost_clamp_grid,edge_cost_clamp_grid,repair5g553_fixed_global_staticflow_registry,True,True,False,False,0.943143693131,1.25,1.25,1.25,0.75,0.75,1,0,0.95,1,1,0,0.35,0.75,0.327938577939,11.1882471882,1,0,0,False,False,False,False,False
g553_registry_001134,repair5g553_theta_553001134,rho_decay_grid_01154,rho_decay_grid,rho_decay_grid,repair5g553_fixed_global_staticflow_registry,True,True,False,False,0.83884733884,1.25,1.25,1.25,0.75,0.75,1,0,0.993759293759,0.959874559875,1,0,0.35,0.75,1,11,1,0,0,False,False,False,False,False
g553_registry_001135,repair5g553_theta_553001135,sobol_local_global_static_01155,sobol_local_global_static,sobol_local_global_static,repair5g553_fixed_global_staticflow_registry,True,True,False,False,2.69931103264,0.883882508883,0.961180648681,1.64566445816,0.472260659761,0.324057011557,1.35005947506,0.291542166542,0.939087014087,0.980066455066,1.03982878983,0.371378996379,0.270803720804,0.758072195572,0.879662192162,11.8164218164,1,0,0,False,False,False,False,False
g553_registry_001136,repair5g553_theta_553001136,cma_es_or_ranked_search_candidates_01156,cma_es_or_ranked_search_candidates,cma_es_or_ranked_search_candidates,repair5g553_fixed_global_staticflow_registry,True,True,False,False,0.742675469341,1.25,1.43195118195,1.25,0.75,0.75,1,0,0.95,1,0.797056247056,0.288418888419,0.492687942688,0.779414479414,1,11,1,0,0,False,False,False,False,False
g553_registry_001137,repair5g553_theta_553001137,negative_random_wide_control_01157,negative_random_wide_control,negative_random_wide_control,repair5g553_fixed_global_staticflow_registry,True,True,False,False,4.92947131698,0.0707040707041,0.645187645188,1.06472381472,0.105485105485,0.010059010059,0.224304224304,0.0115337615338,0.987894987895,0.955346755347,1.12476562477,0.013884013884,0.372725172725,0.764545514546,0.695076695077,11.7305917306,0,0,1,False,False,False,False,False
g553_registry_001138,repair5g553_theta_553001138,tiny_local_perturbation_2pct_01158,tiny_local_perturbation_2pct,tiny_local_perturbation_2pct,repair5g553_fixed_global_staticflow_registry,True,True,False,False,0.392006593252,1.22252472752,1.23615359865,1.24099345849,0.769606407106,0.736625165375,1.0114027414,0.0185616748117,0.937736736987,0.989775269775,0.989671514672,0.0146031446031,0.344562050562,0.757669432669,1,10.7847594298,1,0,0,False,False,False,False,False
g553_registry_001139,repair5g553_theta_553001139,small_local_perturbation_5pct_01159,small_local_perturbation_5pct,small_local_perturbation_5pct,repair5g553_fixed_global_staticflow_registry,True,True,False,False,0.695374698487,1.28540271665,1.26880350318,1.18371093996,0.697202806578,0.722070693946,1.0659000909,0.0553772897523,0.925525671776,1,1.01663359163,0,0.330177780178,0.724840052965,0.961052461052,11.4568215193,1,0,0,False,False,False,False,False
g553_registry_001140,repair5g553_theta_553001140,medium_local_perturbation_10pct_01160,medium_local_perturbation_10pct,medium_local_perturbation_10pct,repair5g553_fixed_global_staticflow_registry,True,True,False,False,1.84739232239,1.18862848863,1.37406118656,1.3757006132,0.827211170961,0.614233945484,1.06221886222,0,1,0.946728346728,1.08215275715,0,0.323549333549,0.679201616702,1,12,1,0,0,False,False,False,False,False
g553_registry_001141,repair5g553_theta_553001141,lambda_flow_lambda_cong_grid_01162,lambda_flow_lambda_cong_grid,lambda_flow_lambda_cong_grid,repair5g553_fixed_global_staticflow_registry,True,True,False,False,1.12331762332,1.25,1.25,1.25,0.75,0.75,1,0.366282866283,0.95,1,0.646915146915,0.71580971581,0.35,0.75,1,11,1,0,0,False,False,False,False,False
g553_registry_001142,repair5g553_theta_553001142,flow_shield_beta_cap_grid_01163,flow_shield_beta_cap_grid,flow_shield_beta_cap_grid,repair5g553_fixed_global_staticflow_registry,True,True,False,False,0.637200799701,1.25,1.25,1.25,0.75,0.75,1,0,0.95,1,1,0,0.0255144255144,0.460507710508,1,11,1,0,0,False,False,False,False,False
g553_registry_001143,repair5g553_theta_553001143,alpha_flow_wait_progress_grid_01164,alpha_flow_wait_progress_grid,alpha_flow_wait_progress_grid,repair5g553_fixed_global_staticflow_registry,True,True,False,False,0.783370783371,1.25,1.25,1.25,0.75,0.75,1,0.423162923163,0.95,1,1,0.667260667261,0.35,0.75,1,11,1,0,0,False,False,False,False,False
g553_registry_001144,repair5g553_theta_553001144,alpha_cong_commit_nonprogress_grid_01165,alpha_cong_commit_nonprogress_grid,alpha_cong_commit_nonprogress_grid,repair5g553_fixed_global_staticflow_registry,True,True,False,False,0.663861563861,0.758022758023,0.830154080154,1.25,0.75,0.75,1,0,0.95,1,1,0,0.35,0.75,1,11,1,0,0,False,False,False,False,False
g553_registry_001145,repair5g553_theta_553001145,edge_cost_clamp_grid_01166,edge_cost_clamp_grid,edge_cost_clamp_grid,repair5g553_fixed_global_staticflow_registry,True,True,False,False,0.628999378994,1.25,1.25,1.25,0.75,0.75,1,0,0.95,1,1,0,0.35,0.75,0.555011055011,11.1427231427,1,0,0,False,False,False,False,False
g553_registry_001146,repair5g553_theta_553001146,rho_decay_grid_01167,rho_decay_grid,rho_decay_grid,repair5g553_fixed_global_staticflow_registry,True,True,False,False,0.57958307958,1.25,1.25,1.25,0.75,0.75,1,0,0.90753980754,0.984501884502,1,0,0.35,0.75,1,11,1,0,0,False,False,False,False,False
g553_registry_001147,repair5g553_theta_553001147,sobol_local_global_static_01168,sobol_local_global_static,sobol_local_global_static,repair5g553_fixed_global_staticflow_registry,True,True,False,False,2.08508466842,1.36701861702,1.53772372522,1.23560842311,0.994214931715,0.72805016555,1.23613811114,0.0238078363078,0.944988619989,0.983732983733,1.18580843581,0.275051900052,0.518225168225,0.989959302459,0.857608420108,11.8408738409,1,0,0,False,False,False,False,False
g553_registry_001148,repair5g553_theta_553001148,cma_es_or_ranked_search_candidates_01169,cma_es_or_ranked_search_candidates,cma_es_or_ranked_search_candidates,repair5g553_fixed_global_staticflow_registry,True,True,False,False,0.920328750327,1.25,1.01022596023,1.25,0.75,0.75,1,0,0.95,1,0.858744108744,0.652471702472,0.247439497439,0.71991016991,1,11,1,0,0,False,False,False,False,False
g553_registry_001149,repair5g553_theta_553001149,negative_random_wide_control_01170,negative_random_wide_control,negative_random_wide_control,repair5g553_fixed_global_staticflow_registry,True,True,False,False,5.04290963041,0.950028950029,1.40768590769,1.55141330141,0.139528889529,0.497728497728,0.362221862222,0.295312795313,0.925193125193,0.960188760189,0.584502084502,0.323728823729,0.707168707169,1.23074723075,0.408976908977,9.58404558405,1,0,0,False,False,False,False,False
g553_registry_001150,repair5g553_theta_553001150,tiny_local_perturbation_2pct_01171,tiny_local_perturbation_2pct,tiny_local_perturbation_2pct,repair5g553_fixed_global_staticflow_registry,True,True,False,False,0.503545771045,1.23509281259,1.26393413268,1.28151664777,0.739917608668,0.777159300909,1.02231990982,0.0108238045738,0.967368601369,0.985086775087,0.985278835279,0.0198512523513,0.36474023874,0.727280789781,1,10.8801917302,1,0,0,False,False,False,False,False
g553_registry_001151,repair5g553_theta_553001151,small_local_perturbation_5pct_01172,small_local_perturbation_5pct,small_local_perturbation_5pct,repair5g553_fixed_global_staticflow_registry,True,True,False,False,0.642516139402,1.27463161838,1.28695727133,1.29513652639,0.712484353109,0.710662891913,1.06297767548,0.0210547710548,0.923204166329,1,0.975531450531,0,0.328467508468,0.765716406341,0.968267055767,10.6592362967,1,0,0,False,False,False,False,False
g553_registry_001152,repair5g553_theta_553001152,medium_local_perturbation_10pct_01173,medium_local_perturbation_10pct,medium_local_perturbation_10pct,repair5g553_fixed_global_staticflow_registry,True,True,False,False,1.32373669875,1.3840032715,1.16605241605,1.17500931876,0.636269042519,0.664714845965,1.10458696709,0.0818303318303,1,1,0.90252990253,0,0.393365403365,0.824677105927,1,10.4477411477,1,0,0,False,False,False,False,False
g553_registry_001153,repair5g553_theta_553001153,lambda_flow_lambda_cong_grid_01175,lambda_flow_lambda_cong_grid,lambda_flow_lambda_cong_grid,repair5g553_fixed_global_staticflow_registry,True,True,False,False,1.66916716916,1.25,1.25,1.25,0.75,0.75,1,0.717186967187,0.95,1,0.780872280872,1.31443481443,0.35,0.75,1,11,1,0,0,False,False,False,False,False
g553_registry_001154,repair5g553_theta_553001154,flow_shield_beta_cap_grid_01176,flow_shield_beta_cap_grid,flow_shield_beta_cap_grid,repair5g553_fixed_global_staticflow_registry,True,True,False,False,0.783170745672,1.25,1.25,1.25,0.75,0.75,1,0,0.95,1,1,0,0.154770554771,1.42391742392,1,11,1,0,0,False,False,False,False,False
g553_registry_001155,repair5g553_theta_553001155,alpha_flow_wait_progress_grid_01177,alpha_flow_wait_progress_grid,alpha_flow_wait_progress_grid,repair5g553_fixed_global_staticflow_registry,True,True,False,False,0.994056994057,1.25,1.25,1.25,0.75,0.75,1,0.82896957897,0.95,1,1,0.496321996322,0.35,0.75,1,11,1,0,0,False,False,False,False,False
g553_registry_001156,repair5g553_theta_553001156,alpha_cong_commit_nonprogress_grid_01178,alpha_cong_commit_nonprogress_grid,alpha_cong_commit_nonprogress_grid,repair5g553_fixed_global_staticflow_registry,True,True,False,False,0.473955373955,1.10325860326,0.77984027984,1.25,0.75,0.75,1,0,0.95,1,1,0,0.35,0.75,1,11,1,0,0,False,False,False,False,False
g553_registry_001157,repair5g553_theta_553001157,edge_cost_clamp_grid_01179,edge_cost_clamp_grid,edge_cost_clamp_grid,repair5g553_fixed_global_staticflow_registry,True,True,False,False,1.19961744962,1.25,1.25,1.25,0.75,0.75,1,0,0.95,1,1,0,0.35,0.75,0.365302865303,9.58658158658,1,0,0,False,False,False,False,False
g553_registry_001158,repair5g553_theta_553001158,rho_decay_grid_01180,rho_decay_grid,rho_decay_grid,repair5g553_fixed_global_staticflow_registry,True,True,False,False,0.79544629545,1.25,1.25,1.25,0.75,0.75,1,0,0.939546439546,0.930908930909,1,0,0.35,0.75,1,11,1,0,0,False,False,False,False,False
g553_registry_001159,repair5g553_theta_553001159,sobol_local_global_static_01181,sobol_local_global_static,sobol_local_global_static,repair5g553_fixed_global_staticflow_registry,True,True,False,False,1.59535309535,1.07066207066,1.2219002844,1.4221008596,0.498600686101,0.663337725838,1.3341002091,0.159207971708,0.93621966122,0.985114460114,0.955118205118,0.281058656059,0.330716580717,0.704574017074,0.936516749017,11.3609133609,1,0,0,False,False,False,False,False
g553_registry_001160,repair5g553_theta_553001160,cma_es_or_ranked_search_candidates_01182,cma_es_or_ranked_search_candidates,cma_es_or_ranked_search_candidates,repair5g553_fixed_global_staticflow_registry,True,True,False,False,0.787127962963,1.25,1.48678783679,1.25,0.75,0.75,1,0,0.95,1,0.965175215175,0.687002987003,0.311124911125,0.820346320346,1,11,1,0,0,False,False,False,False,False
g553_registry_001161,repair5g553_theta_553001161,negative_random_wide_control_01183,negative_random_wide_control,negative_random_wide_control,repair5g553_fixed_global_staticflow_registry,True,True,False,False,6.28033129283,1.12585612586,0.753864003864,2.00874300874,0.00195125195125,0.866898366898,1.21748971749,0.892497142497,0.91081041081,0.908851808852,0.95486045486,0.443433443433,0.253534653535,1.0651995652,0.250761250761,9.69200969201,0,1,0,False,False,False,False,False
g553_registry_001162,repair5g553_theta_553001162,tiny_local_perturbation_2pct_01184,tiny_local_perturbation_2pct,tiny_local_perturbation_2pct,repair5g553_fixed_global_staticflow_registry,True,True,False,False,0.383925486436,1.26161304911,1.27240284115,1.21527210777,0.741416297666,0.784126504127,0.973568233568,0,0.95671960847,0.990608085608,1.01015694516,0.0271743121743,0.363453777454,0.76203979954,0.980354180354,11.2095832096,1,0,0,False,False,False,False,False
g553_registry_001163,repair5g553_theta_553001163,small_local_perturbation_5pct_01185,small_local_perturbation_5pct,small_local_perturbation_5pct,repair5g553_fixed_global_staticflow_registry,True,True,False,False,1.17285172596,1.17860455985,1.27554750992,1.28502337565,0.808976637102,0.82919468857,1.0274481712,0,0.995041160041,0.963424600925,0.979195991696,0.0261758511759,0.365643695644,0.770948130323,1,11.3333436458,1,0,0,False,False,False,False,False
g553_registry_001164,repair5g553_theta_553001164,medium_local_perturbation_10pct_01186,medium_local_perturbation_10pct,medium_local_perturbation_10pct,repair5g553_fixed_global_staticflow_registry,True,True,False,False,1.71898510649,1.13152815653,1.20009288759,1.17002365127,0.822999447999,0.598032560533,0.891070641071,0.0470094845095,0.915108626359,0.940439290439,1.03431170931,0.0980666855667,0.324156294156,0.858193795694,1,11.5433686434,1,0,0,False,False,False,False,False
g553_registry_001165,repair5g553_theta_553001165,lambda_flow_lambda_cong_grid_01188,lambda_flow_lambda_cong_grid,lambda_flow_lambda_cong_grid,repair5g553_fixed_global_staticflow_registry,True,True,False,False,0.44403994404,1.25,1.25,1.25,0.75,0.75,1,0.186612686613,0.95,1,0.790472290472,0.127833127833,0.35,0.75,1,11,1,0,0,False,False,False,False,False
g553_registry_001166,repair5g553_theta_553001166,flow_shield_beta_cap_grid_01189,flow_shield_beta_cap_grid,flow_shield_beta_cap_grid,repair5g553_fixed_global_staticflow_registry,True,True,False,False,0.890423852923,1.25,1.25,1.25,0.75,0.75,1,0,0.95,1,1,0,0.0858984858985,1.45037120037,1,11,1,0,0,False,False,False,False,False
g553_registry_001167,repair5g553_theta_553001167,alpha_flow_wait_progress_grid_01190,alpha_flow_wait_progress_grid,alpha_flow_wait_progress_grid,repair5g553_fixed_global_staticflow_registry,True,True,False,False,0.868723868724,1.25,1.25,1.25,0.75,0.75,1,0.959193459193,0.95,1,1,0.152053652054,0.35,0.75,1,11,1,0,0,False,False,False,False,False
g553_registry_001168,repair5g553_theta_553001168,alpha_cong_commit_nonprogress_grid_01191,alpha_cong_commit_nonprogress_grid,alpha_cong_commit_nonprogress_grid,repair5g553_fixed_global_staticflow_registry,True,True,False,False,0.623641523644,0.401257901258,1.17773317773,1.25,0.75,0.75,1,0,0.95,1,1,0,0.35,0.75,1,11,1,0,0,False,False,False,False,False
g553_registry_001169,repair5g553_theta_553001169,edge_cost_clamp_grid_01192,edge_cost_clamp_grid,edge_cost_clamp_grid,repair5g553_fixed_global_staticflow_registry,True,True,False,False,1.23863048863,1.25,1.25,1.25,0.75,0.75,1,0,0.95,1,1,0,0.35,0.75,0.488636738637,8.77274877275,1,0,0,False,False,False,False,False
g553_registry_001170,repair5g553_theta_553001170,rho_decay_grid_01193,rho_decay_grid,rho_decay_grid,repair5g553_fixed_global_staticflow_registry,True,True,False,False,0.71913621914,1.25,1.25,1.25,0.75,0.75,1,0,0.948811248811,0.929275129275,1,0,0.35,0.75,1,11,1,0,0,False,False,False,False,False
g553_registry_001171,repair5g553_theta_553001171,sobol_local_global_static_01194,sobol_local_global_static,sobol_local_global_static,repair5g553_fixed_global_staticflow_registry,True,True,False,False,1.75414375413,1.28825978826,1.46930803181,0.963461275961,0.658758346258,0.371502184002,0.970425595426,0.0381947256947,0.957804232804,0.984549009549,0.768653018653,0.156345156345,0.446364296364,0.805528493028,0.878473628474,10.3805523806,1,0,0,False,False,False,False,False
g553_registry_001172,repair5g553_theta_553001172,cma_es_or_ranked_search_candidates_01195,cma_es_or_ranked_search_candidates,cma_es_or_ranked_search_candidates,repair5g553_fixed_global_staticflow_registry,True,True,False,False,0.462345371517,1.25,0.978043428043,1.25,0.75,0.75,1,0,0.95,1,1.03588588589,0.107371257371,0.365107865108,0.898035698036,1,11,1,0,0,False,False,False,False,False
g553_registry_001173,repair5g553_theta_553001173,negative_random_wide_control_01196,negative_random_wide_control,negative_random_wide_control,repair5g553_fixed_global_staticflow_registry,True,True,False,False,5.75190583939,0.46758046758,0.940497940498,0.902696402696,0.974018474018,0.98431998432,0.002691002691,1.12393237393,0.954279454279,0.975975375975,1.09918159918,0.455893955894,0.739035939036,1.45788370788,0.56247956248,10.6600506601,0,0,1,False,False,False,False,False
g553_registry_001174,repair5g553_theta_553001174,tiny_local_perturbation_2pct_01197,tiny_local_perturbation_2pct,tiny_local_perturbation_2pct,repair5g553_fixed_global_staticflow_registry,True,True,False,False,0.520353576608,1.22979203229,1.22960273585,1.21808030933,0.732539157539,0.759344116844,1.01854942355,0.0232945732946,0.932587508588,0.983687453687,1.01103888604,0.0201344826345,0.362712164712,0.769325944326,1,11.1158025608,1,0,0,False,False,False,False,False
g553_registry_001175,repair5g553_theta_553001175,small_local_perturbation_5pct_01198,small_local_perturbation_5pct,small_local_perturbation_5pct,repair5g553_fixed_global_staticflow_registry,True,True,False,False,1.06305675367,1.32274876025,1.21955550081,1.16512769325,0.808076495576,0.826240707491,1.04964191214,0,0.915420523546,0.969662169662,1.02526212526,0.0735583673084,0.339707529708,0.693790959416,1,11.1490986866,1,0,0,False,False,False,False,False
g553_registry_001176,repair5g553_theta_553001176,medium_local_perturbation_10pct_01199,medium_local_perturbation_10pct,medium_local_perturbation_10pct,repair5g553_fixed_global_staticflow_registry,True,True,False,False,1.48784409409,1.15351405351,1.35181278931,1.30688341313,0.695873570874,0.838790713791,1.14789208539,0,0.914330504331,0.971482271482,0.932005607006,0,0.414194784195,0.680293617794,0.959248034248,10.1331180081,1,0,0,False,False,False,False,False
g553_registry_001177,repair5g553_theta_553001177,lambda_flow_lambda_cong_grid_01201,lambda_flow_lambda_cong_grid,lambda_flow_lambda_cong_grid,repair5g553_fixed_global_staticflow_registry,True,True,False,False,1.568000068,1.25,1.25,1.25,0.75,0.75,1,0.996832246832,0.95,1,0.743198243198,0.770598770599,0.35,0.75,1,11,1,0,0,False,False,False,False,False
g553_registry_001178,repair5g553_theta_553001178,flow_shield_beta_cap_grid_01202,flow_shield_beta_cap_grid,flow_shield_beta_cap_grid,repair5g553_fixed_global_staticflow_registry,True,True,False,False,0.604744767245,1.25,1.25,1.25,0.75,0.75,1,0,0.95,1,1,0,0.0692192692193,0.432788932789,1,11,1,0,0,False,False,False,False,False
g553_registry_001179,repair5g553_theta_553001179,alpha_flow_wait_progress_grid_01203,alpha_flow_wait_progress_grid,alpha_flow_wait_progress_grid,repair5g553_fixed_global_staticflow_registry,True,True,False,False,1.40626840627,1.25,1.25,1.25,0.75,0.75,1,0.624440624441,0.95,1,1,1.36007386007,0.35,0.75,1,11,1,0,0,False,False,False,False,False
g553_registry_001180,repair5g553_theta_553001180,alpha_cong_commit_nonprogress_grid_01204,alpha_cong_commit_nonprogress_grid,alpha_cong_commit_nonprogress_grid,repair5g553_fixed_global_staticflow_registry,True,True,False,False,0.676255576259,0.453315453315,1.06858431858,1.25,0.75,0.75,1,0,0.95,1,1,0,0.35,0.75,1,11,1,0,0,False,False,False,False,False
g553_registry_001181,repair5g553_theta_553001181,edge_cost_clamp_grid_01205,edge_cost_clamp_grid,edge_cost_clamp_grid,repair5g553_fixed_global_staticflow_registry,True,True,False,False,1.2777045277,1.25,1.25,1.25,0.75,0.75,1,0,0.95,1,1,0,0.35,0.75,0.401998901999,9.07852107852,1,0,0,False,False,False,False,False
g553_registry_001182,repair5g553_theta_553001182,rho_decay_grid_01206,rho_decay_grid,rho_decay_grid,repair5g553_fixed_global_staticflow_registry,True,True,False,False,0.47149197149,1.25,1.25,1.25,0.75,0.75,1,0,0.938482038482,0.964368764369,1,0,0.35,0.75,1,11,1,0,0,False,False,False,False,False
g553_registry_001183,repair5g553_theta_553001183,sobol_local_global_static_01207,sobol_local_global_static,sobol_local_global_static,repair5g553_fixed_global_staticflow_registry,True,True,False,False,1.6800615134,1.34205296705,0.988797551298,1.12050905801,0.742092179592,0.440097877598,0.958399333399,0.0213415838416,0.937852362852,0.988500963501,0.944476694477,0.357859482859,0.454303504304,0.958076145576,0.904848904849,10.387022387,1,0,0,False,False,False,False,False
g553_registry_001184,repair5g553_theta_553001184,cma_es_or_ranked_search_candidates_01208,cma_es_or_ranked_search_candidates,cma_es_or_ranked_search_candidates,repair5g553_fixed_global_staticflow_registry,True,True,False,False,0.748512019343,1.25,1.49993384993,1.25,0.75,0.75,1,0,0.95,1,1.17330942331,0.255557855558,0.480112680113,0.697196547197,1,11,1,0,0,False,False,False,False,False
g553_registry_001185,repair5g553_theta_553001185,negative_random_wide_control_01209,negative_random_wide_control,negative_random_wide_control,repair5g553_fixed_global_staticflow_registry,True,True,False,False,4.55665714415,1.48719448719,1.63408113408,1.61768411768,0.632625632626,1.4503997004,0.9207999208,0.497415497415,0.994086394086,0.984473584474,1.14543564544,0.522416022416,0.759655959656,1.42745742746,0.564049314049,10.1553901554,1,0,0,False,False,False,False,False
g553_registry_001186,repair5g553_theta_553001186,tiny_local_perturbation_2pct_01210,tiny_local_perturbation_2pct,tiny_local_perturbation_2pct,repair5g553_fixed_global_staticflow_registry,True,True,False,False,0.349119405361,1.23192359442,1.26760973636,1.23928686554,0.756872556873,0.740647430647,0.970516240516,0.0157949220449,0.931935655936,1,1.01605310605,0.0144908919909,0.360299130299,0.735041497541,0.992145062145,10.8717854668,1,0,0,False,False,False,False,False
g553_registry_001187,repair5g553_theta_553001187,small_local_perturbation_5pct_01211,small_local_perturbation_5pct,small_local_perturbation_5pct,repair5g553_fixed_global_staticflow_registry,True,True,False,False,0.942081138967,1.23108912484,1.20827619265,1.33324185199,0.691374269499,0.795661789412,0.970311670312,0,0.991770924271,1,1.04257068007,0.048468985969,0.374083814084,0.794098544099,0.953236365736,10.4583395208,1,0,0,False,False,False,False,False
g553_registry_001188,repair5g553_theta_553001188,medium_local_perturbation_10pct_01212,medium_local_perturbation_10pct,medium_local_perturbation_10pct,repair5g553_fixed_global_staticflow_registry,True,True,False,False,1.14632036507,1.34274284274,1.12706756457,1.10978102228,0.817216942217,0.582817389067,0.939271764272,0,0.909168365418,1,1.07668787669,0,0.287907197907,0.688335594586,1,10.5828919579,1,0,0,False,False,False,False,False
g553_registry_001189,repair5g553_theta_553001189,lambda_flow_lambda_cong_grid_01214,lambda_flow_lambda_cong_grid,lambda_flow_lambda_cong_grid,repair5g553_fixed_global_staticflow_registry,True,True,False,False,0.922128422128,1.25,1.25,1.25,0.75,0.75,1,0.113186363186,0.95,1,0.854047354047,1.02844002844,0.35,0.75,1,11,1,0,0,False,False,False,False,False
g553_registry_001190,repair5g553_theta_553001190,flow_shield_beta_cap_grid_01215,flow_shield_beta_cap_grid,flow_shield_beta_cap_grid,repair5g553_fixed_global_staticflow_registry,True,True,False,False,0.253185215685,1.25,1.25,1.25,0.75,0.75,1,0,0.95,1,1,0,0.286475486475,0.967224467224,1,11,1,0,0,False,False,False,False,False
g553_registry_001191,repair5g553_theta_553001191,alpha_flow_wait_progress_grid_01216,alpha_flow_wait_progress_grid,alpha_flow_wait_progress_grid,repair5g553_fixed_global_staticflow_registry,True,True,False,False,1.24767124767,1.25,1.25,1.25,0.75,0.75,1,0.690783190783,0.95,1,1,1.04256704257,0.35,0.75,1,11,1,0,0,False,False,False,False,False
g553_registry_001192,repair5g553_theta_553001192,alpha_cong_commit_nonprogress_grid_01217,alpha_cong_commit_nonprogress_grid,alpha_cong_commit_nonprogress_grid,repair5g553_fixed_global_staticflow_registry,True,True,False,False,0.309446409445,1.05173955174,1.47159097159,1.25,0.75,0.75,1,0,0.95,1,1,0,0.35,0.75,1,11,1,0,0,False,False,False,False,False
g553_registry_001193,repair5g553_theta_553001193,edge_cost_clamp_grid_01218,edge_cost_clamp_grid,edge_cost_clamp_grid,repair5g553_fixed_global_staticflow_registry,True,True,False,False,0.712032462036,1.25,1.25,1.25,0.75,0.75,1,0,0.95,1,1,0,0.35,0.75,0.529573279573,11.3391873392,1,0,0,False,False,False,False,False
g553_registry_001194,repair5g553_theta_553001194,rho_decay_grid_01219,rho_decay_grid,rho_decay_grid,repair5g553_fixed_global_staticflow_registry,True,True,False,False,0.40696390697,1.25,1.25,1.25,0.75,0.75,1,0,0.938134138134,0.971169471169,1,0,0.35,0.75,1,11,1,0,0,False,False,False,False,False
g553_registry_001195,repair5g553_theta_553001195,sobol_local_global_static_01220,sobol_local_global_static,sobol_local_global_static,repair5g553_fixed_global_staticflow_registry,True,True,False,False,1.24188899189,1.20554220554,1.29094160344,1.07141450891,0.646492708993,1.01005419755,0.776284901285,0.018245018245,0.956137731138,0.977291277291,0.875512625513,0.0417442917443,0.290251740252,0.67937024187,0.97896041646,10.6708906709,1,0,0,False,False,False,False,False
g553_registry_001196,repair5g553_theta_553001196,cma_es_or_ranked_search_candidates_01221,cma_es_or_ranked_search_candidates,cma_es_or_ranked_search_candidates,repair5g553_fixed_global_staticflow_registry,True,True,False,False,1.38921389338,1.25,0.93746018746,1.25,0.75,0.75,1,0,0.95,1,0.789726039726,0.694634294634,0.566375966376,0.994185744186,1,11,1,0,0,False,False,False,False,False
g553_registry_001197,repair5g553_theta_553001197,negative_random_wide_control_01222,negative_random_wide_control,negative_random_wide_control,repair5g553_fixed_global_staticflow_registry,True,True,False,False,6.03851565101,0.280114780115,1.27636077636,0.918126168126,0.82930957931,1.32181657182,0.373105873106,0.94834969835,0.958312458312,0.937007837008,0.963455463455,1.16023166023,0.221427421427,0.432825182825,0.32074982075,9.91526191526,0,1,0,False,False,False,False,False
g553_registry_001198,repair5g553_theta_553001198,tiny_local_perturbation_2pct_01223,tiny_local_perturbation_2pct,tiny_local_perturbation_2pct,repair5g553_fixed_global_staticflow_registry,True,True,False,False,0.318811860055,1.27112304362,1.23143526894,1.22966764842,0.72689032064,0.728081595582,0.976758624259,0.0100227662728,0.962005081255,1,0.981996396996,0.0247989397989,0.355431925432,0.733271308271,1,11.1958985909,1,0,0,False,False,False,False,False
g553_registry_001199,repair5g553_theta_553001199,small_local_perturbation_5pct_01224,small_local_perturbation_5pct,small_local_perturbation_5pct,repair5g553_fixed_global_staticflow_registry,True,True,False,False,0.615505412387,1.32018831394,1.27015552016,1.18527622903,0.788906148281,0.668604246729,1.0531026406,0.0620186870187,0.930661946912,1,1.03305440805,0.0702143577144,0.339725739726,0.779499498249,1,10.8269465894,1,0,0,False,False,False,False,False
g553_registry_001200,repair5g553_theta_553001200,medium_local_perturbation_10pct_01225,medium_local_perturbation_10pct,medium_local_perturbation_10pct,repair5g553_fixed_global_staticflow_registry,True,True,False,False,2.09107143481,1.14493963244,1.37386299886,1.37298557299,0.820202320202,0.691679397929,1.06164961165,0,1,0.916845841846,1.0586007836,0,0.3996003696,0.705684611935,0.931378906379,11.5679429429,1,0,0,False,False,False,False,False
