context_budget_iteration_key,context_no_iteration,map,map_family,agents,seed,budget_ms,iteration,primary_static_candidate,oracle_candidate,has_static_safe_gain,has_static_safe_high_margin_gain,static_oracle_gap,phase5p5_allowed,phase6_allowed,runtime_claim_allowed,learned_runtime_policy_validated,aaai_ready
maze-32-32-4|100|146|1000|0,maze-32-32-4|100|146|1000,maze-32-32-4,maze,100,146,1000,0,repair5g59_high_beta_cap_safe,repair5g59_additive_fallback,False,False,True,False,False,False,False,False
maze-32-32-4|100|146|2000|0,maze-32-32-4|100|146|2000,maze-32-32-4,maze,100,146,2000,0,repair5g59_high_beta_cap_safe,repair5g59_additive_fallback,False,False,True,False,False,False,False,False
maze-32-32-4|100|146|500|0,maze-32-32-4|100|146|500,maze-32-32-4,maze,100,146,500,0,repair5g59_high_beta_cap_safe,repair5g59_additive_fallback,False,False,True,False,False,False,False,False
maze-32-32-4|100|147|1000|0,maze-32-32-4|100|147|1000,maze-32-32-4,maze,100,147,1000,0,repair5g59_high_beta_cap_safe,repair5g59_additive_fallback,False,False,True,False,False,False,False,False
maze-32-32-4|100|147|2000|0,maze-32-32-4|100|147|2000,maze-32-32-4,maze,100,147,2000,0,repair5g59_high_beta_cap_safe,repair5g59_additive_fallback,False,False,True,False,False,False,False,False
maze-32-32-4|100|147|2000|1,maze-32-32-4|100|147|2000,maze-32-32-4,maze,100,147,2000,1,repair5g59_static_flow_shield,repair5g59_additive_fallback,False,False,True,False,False,False,False,False
maze-32-32-4|100|147|500|0,maze-32-32-4|100|147|500,maze-32-32-4,maze,100,147,500,0,repair5g59_high_beta_cap_safe,repair5g59_additive_fallback,False,False,True,False,False,False,False,False
maze-32-32-4|100|148|1000|0,maze-32-32-4|100|148|1000,maze-32-32-4,maze,100,148,1000,0,repair5g59_high_beta_cap_safe,repair5g59_additive_fallback,False,False,True,False,False,False,False,False
maze-32-32-4|100|148|2000|0,maze-32-32-4|100|148|2000,maze-32-32-4,maze,100,148,2000,0,repair5g59_high_beta_cap_safe,repair5g59_additive_fallback,False,False,True,False,False,False,False,False
maze-32-32-4|100|148|500|0,maze-32-32-4|100|148|500,maze-32-32-4,maze,100,148,500,0,repair5g59_high_beta_cap_safe,repair5g59_additive_fallback,False,False,True,False,False,False,False,False
maze-32-32-4|100|149|1000|0,maze-32-32-4|100|149|1000,maze-32-32-4,maze,100,149,1000,0,repair5g59_high_beta_cap_safe,repair5g59_additive_fallback,False,False,True,False,False,False,False,False
maze-32-32-4|100|149|2000|0,maze-32-32-4|100|149|2000,maze-32-32-4,maze,100,149,2000,0,repair5g59_high_beta_cap_safe,repair5g59_additive_fallback,False,False,True,False,False,False,False,False
maze-32-32-4|100|149|500|0,maze-32-32-4|100|149|500,maze-32-32-4,maze,100,149,500,0,repair5g59_high_beta_cap_safe,repair5g59_additive_fallback,False,False,True,False,False,False,False,False
maze-32-32-4|100|150|1000|0,maze-32-32-4|100|150|1000,maze-32-32-4,maze,100,150,1000,0,repair5g59_high_beta_cap_safe,repair5g59_additive_fallback,False,False,True,False,False,False,False,False
maze-32-32-4|100|150|2000|0,maze-32-32-4|100|150|2000,maze-32-32-4,maze,100,150,2000,0,repair5g59_high_beta_cap_safe,repair5g59_additive_fallback,False,False,True,False,False,False,False,False
maze-32-32-4|100|150|2000|1,maze-32-32-4|100|150|2000,maze-32-32-4,maze,100,150,2000,1,repair5g59_static_flow_shield,repair5g59_additive_fallback,False,False,True,False,False,False,False,False
maze-32-32-4|100|150|500|0,maze-32-32-4|100|150|500,maze-32-32-4,maze,100,150,500,0,repair5g59_high_beta_cap_safe,repair5g59_additive_fallback,False,False,True,False,False,False,False,False
maze-32-32-4|100|151|1000|0,maze-32-32-4|100|151|1000,maze-32-32-4,maze,100,151,1000,0,repair5g59_high_beta_cap_safe,repair5g59_additive_fallback,False,False,True,False,False,False,False,False
maze-32-32-4|100|151|2000|0,maze-32-32-4|100|151|2000,maze-32-32-4,maze,100,151,2000,0,repair5g59_high_beta_cap_safe,repair5g59_additive_fallback,False,False,True,False,False,False,False,False
maze-32-32-4|100|151|2000|1,maze-32-32-4|100|151|2000,maze-32-32-4,maze,100,151,2000,1,repair5g59_static_flow_shield,repair5g59_additive_fallback,False,False,True,False,False,False,False,False
maze-32-32-4|100|151|500|0,maze-32-32-4|100|151|500,maze-32-32-4,maze,100,151,500,0,repair5g59_high_beta_cap_safe,repair5g59_additive_fallback,False,False,True,False,False,False,False,False
maze-32-32-4|100|152|1000|0,maze-32-32-4|100|152|1000,maze-32-32-4,maze,100,152,1000,0,repair5g59_high_beta_cap_safe,repair5g59_additive_fallback,False,False,True,False,False,False,False,False
maze-32-32-4|100|152|2000|0,maze-32-32-4|100|152|2000,maze-32-32-4,maze,100,152,2000,0,repair5g59_high_beta_cap_safe,repair5g59_additive_fallback,False,False,True,False,False,False,False,False
maze-32-32-4|100|152|2000|1,maze-32-32-4|100|152|2000,maze-32-32-4,maze,100,152,2000,1,repair5g59_static_flow_shield,repair5g59_additive_fallback,False,False,True,False,False,False,False,False
maze-32-32-4|100|152|500|0,maze-32-32-4|100|152|500,maze-32-32-4,maze,100,152,500,0,repair5g59_high_beta_cap_safe,repair5g59_additive_fallback,False,False,True,False,False,False,False,False
maze-32-32-4|100|153|1000|0,maze-32-32-4|100|153|1000,maze-32-32-4,maze,100,153,1000,0,repair5g59_high_beta_cap_safe,repair5g59_additive_fallback,False,False,True,False,False,False,False,False
maze-32-32-4|100|153|2000|0,maze-32-32-4|100|153|2000,maze-32-32-4,maze,100,153,2000,0,repair5g59_high_beta_cap_safe,repair5g59_additive_fallback,False,False,True,False,False,False,False,False
maze-32-32-4|100|153|500|0,maze-32-32-4|100|153|500,maze-32-32-4,maze,100,153,500,0,repair5g59_high_beta_cap_safe,repair5g59_additive_fallback,False,False,True,False,False,False,False,False
maze-32-32-4|100|154|1000|0,maze-32-32-4|100|154|1000,maze-32-32-4,maze,100,154,1000,0,repair5g59_high_beta_cap_safe,repair5g59_additive_fallback,False,False,True,False,False,False,False,False
maze-32-32-4|100|154|2000|0,maze-32-32-4|100|154|2000,maze-32-32-4,maze,100,154,2000,0,repair5g59_high_beta_cap_safe,repair5g59_additive_fallback,False,False,True,False,False,False,False,False
maze-32-32-4|100|154|500|0,maze-32-32-4|100|154|500,maze-32-32-4,maze,100,154,500,0,repair5g59_high_beta_cap_safe,repair5g59_additive_fallback,False,False,True,False,False,False,False,False
maze-32-32-4|100|155|1000|0,maze-32-32-4|100|155|1000,maze-32-32-4,maze,100,155,1000,0,repair5g59_high_beta_cap_safe,repair5g59_additive_fallback,False,False,True,False,False,False,False,False
maze-32-32-4|100|155|2000|0,maze-32-32-4|100|155|2000,maze-32-32-4,maze,100,155,2000,0,repair5g59_high_beta_cap_safe,repair5g59_additive_fallback,False,False,True,False,False,False,False,False
maze-32-32-4|100|155|2000|1,maze-32-32-4|100|155|2000,maze-32-32-4,maze,100,155,2000,1,repair5g59_static_flow_shield,repair5g59_additive_fallback,False,False,True,False,False,False,False,False
maze-32-32-4|100|155|500|0,maze-32-32-4|100|155|500,maze-32-32-4,maze,100,155,500,0,repair5g59_high_beta_cap_safe,repair5g59_additive_fallback,False,False,True,False,False,False,False,False
maze-32-32-4|100|160|1000|0,maze-32-32-4|100|160|1000,maze-32-32-4,maze,100,160,1000,0,repair5g59_high_beta_cap_safe,repair5g518_grid_c1p25_b1p25_f0p00_w0p5_dc0p95_df1p00_beta0p00_max0p00_c1,False,False,True,False,False,False,False,False
maze-32-32-4|100|160|2000|0,maze-32-32-4|100|160|2000,maze-32-32-4,maze,100,160,2000,0,repair5g59_high_beta_cap_safe,repair5g518_grid_c1p25_b1p25_f0p00_w0p5_dc0p95_df1p00_beta0p00_max0p00_c1,False,False,True,False,False,False,False,False
maze-32-32-4|100|160|500|0,maze-32-32-4|100|160|500,maze-32-32-4,maze,100,160,500,0,repair5g59_high_beta_cap_safe,repair5g518_grid_c1p25_b1p25_f0p00_w0p5_dc0p95_df1p00_beta0p00_max0p00_c1,False,False,True,False,False,False,False,False
maze-32-32-4|100|161|1000|0,maze-32-32-4|100|161|1000,maze-32-32-4,maze,100,161,1000,0,repair5g59_high_beta_cap_safe,repair5g518_grid_c1p25_b1p25_f0p00_w0p5_dc0p95_df1p00_beta0p00_max0p00_c1,False,False,True,False,False,False,False,False
maze-32-32-4|100|161|2000|0,maze-32-32-4|100|161|2000,maze-32-32-4,maze,100,161,2000,0,repair5g59_high_beta_cap_safe,repair5g518_grid_c1p25_b1p25_f0p00_w0p5_dc0p95_df1p00_beta0p00_max0p00_c1,False,False,True,False,False,False,False,False
maze-32-32-4|100|161|500|0,maze-32-32-4|100|161|500,maze-32-32-4,maze,100,161,500,0,repair5g59_high_beta_cap_safe,repair5g518_grid_c1p25_b1p25_f0p00_w0p5_dc0p95_df1p00_beta0p00_max0p00_c1,False,False,True,False,False,False,False,False
maze-32-32-4|100|162|1000|0,maze-32-32-4|100|162|1000,maze-32-32-4,maze,100,162,1000,0,repair5g59_high_beta_cap_safe,repair5g518_grid_c1p25_b1p25_f0p00_w0p5_dc0p95_df1p00_beta0p00_max0p00_c1,False,False,True,False,False,False,False,False
maze-32-32-4|100|162|2000|0,maze-32-32-4|100|162|2000,maze-32-32-4,maze,100,162,2000,0,repair5g59_high_beta_cap_safe,repair5g518_grid_c1p25_b1p25_f0p00_w0p5_dc0p95_df1p00_beta0p00_max0p00_c1,False,False,True,False,False,False,False,False
maze-32-32-4|100|162|500|0,maze-32-32-4|100|162|500,maze-32-32-4,maze,100,162,500,0,repair5g59_high_beta_cap_safe,repair5g518_grid_c1p25_b1p25_f0p00_w0p5_dc0p95_df1p00_beta0p00_max0p00_c1,False,False,True,False,False,False,False,False
maze-32-32-4|100|163|1000|0,maze-32-32-4|100|163|1000,maze-32-32-4,maze,100,163,1000,0,repair5g59_high_beta_cap_safe,repair5g518_grid_c1p25_b1p25_f0p00_w0p5_dc0p95_df1p00_beta0p00_max0p00_c1,False,False,True,False,False,False,False,False
maze-32-32-4|100|163|2000|0,maze-32-32-4|100|163|2000,maze-32-32-4,maze,100,163,2000,0,repair5g59_high_beta_cap_safe,repair5g518_grid_c1p25_b1p25_f0p00_w0p5_dc0p95_df1p00_beta0p00_max0p00_c1,False,False,True,False,False,False,False,False
maze-32-32-4|100|163|2000|1,maze-32-32-4|100|163|2000,maze-32-32-4,maze,100,163,2000,1,repair5g59_static_flow_shield,repair5g59_additive_fallback,False,False,True,False,False,False,False,False
maze-32-32-4|100|163|500|0,maze-32-32-4|100|163|500,maze-32-32-4,maze,100,163,500,0,repair5g59_high_beta_cap_safe,repair5g518_grid_c1p25_b1p25_f0p00_w0p5_dc0p95_df1p00_beta0p00_max0p00_c1,False,False,True,False,False,False,False,False
maze-32-32-4|100|164|1000|0,maze-32-32-4|100|164|1000,maze-32-32-4,maze,100,164,1000,0,repair5g59_high_beta_cap_safe,repair5g518_grid_c1p25_b1p25_f0p00_w0p5_dc0p95_df1p00_beta0p00_max0p00_c1,False,False,True,False,False,False,False,False
maze-32-32-4|100|164|2000|0,maze-32-32-4|100|164|2000,maze-32-32-4,maze,100,164,2000,0,repair5g59_high_beta_cap_safe,repair5g518_grid_c1p25_b1p25_f0p00_w0p5_dc0p95_df1p00_beta0p00_max0p00_c1,False,False,True,False,False,False,False,False
maze-32-32-4|100|164|500|0,maze-32-32-4|100|164|500,maze-32-32-4,maze,100,164,500,0,repair5g59_high_beta_cap_safe,repair5g518_grid_c1p25_b1p25_f0p00_w0p5_dc0p95_df1p00_beta0p00_max0p00_c1,False,False,True,False,False,False,False,False
maze-32-32-4|100|165|1000|0,maze-32-32-4|100|165|1000,maze-32-32-4,maze,100,165,1000,0,repair5g59_high_beta_cap_safe,repair5g518_grid_c1p25_b1p25_f0p00_w0p5_dc0p95_df1p00_beta0p00_max0p00_c1,False,False,True,False,False,False,False,False
maze-32-32-4|100|165|2000|0,maze-32-32-4|100|165|2000,maze-32-32-4,maze,100,165,2000,0,repair5g59_high_beta_cap_safe,repair5g518_grid_c1p25_b1p25_f0p00_w0p5_dc0p95_df1p00_beta0p00_max0p00_c1,False,False,True,False,False,False,False,False
maze-32-32-4|100|165|500|0,maze-32-32-4|100|165|500,maze-32-32-4,maze,100,165,500,0,repair5g59_high_beta_cap_safe,repair5g518_grid_c1p25_b1p25_f0p00_w0p5_dc0p95_df1p00_beta0p00_max0p00_c1,False,False,True,False,False,False,False,False
maze-32-32-4|100|206|1000|0,maze-32-32-4|100|206|1000,maze-32-32-4,maze,100,206,1000,0,repair5g59_high_beta_cap_safe,repair5g518_grid_c1p25_b1p25_f0p00_w0p5_dc0p95_df1p00_beta0p00_max0p00_c1,False,False,True,False,False,False,False,False
maze-32-32-4|100|206|500|0,maze-32-32-4|100|206|500,maze-32-32-4,maze,100,206,500,0,repair5g59_high_beta_cap_safe,repair5g518_grid_c1p25_b1p25_f0p00_w0p5_dc0p95_df1p00_beta0p00_max0p00_c1,False,False,True,False,False,False,False,False
maze-32-32-4|100|207|1000|0,maze-32-32-4|100|207|1000,maze-32-32-4,maze,100,207,1000,0,repair5g59_high_beta_cap_safe,repair5g518_grid_c1p25_b1p25_f0p00_w0p5_dc0p95_df1p00_beta0p00_max0p00_c1,False,False,True,False,False,False,False,False
maze-32-32-4|100|207|500|0,maze-32-32-4|100|207|500,maze-32-32-4,maze,100,207,500,0,repair5g59_high_beta_cap_safe,repair5g518_grid_c1p25_b1p25_f0p00_w0p5_dc0p95_df1p00_beta0p00_max0p00_c1,False,False,True,False,False,False,False,False
maze-32-32-4|100|208|1000|0,maze-32-32-4|100|208|1000,maze-32-32-4,maze,100,208,1000,0,repair5g59_high_beta_cap_safe,repair5g518_grid_c1p25_b1p25_f0p00_w0p5_dc0p95_df1p00_beta0p00_max0p00_c1,False,False,True,False,False,False,False,False
maze-32-32-4|100|208|500|0,maze-32-32-4|100|208|500,maze-32-32-4,maze,100,208,500,0,repair5g59_high_beta_cap_safe,repair5g518_grid_c1p25_b1p25_f0p00_w0p5_dc0p95_df1p00_beta0p00_max0p00_c1,False,False,True,False,False,False,False,False
maze-32-32-4|100|209|1000|0,maze-32-32-4|100|209|1000,maze-32-32-4,maze,100,209,1000,0,repair5g59_high_beta_cap_safe,repair5g518_grid_c1p25_b1p25_f0p00_w0p5_dc0p95_df1p00_beta0p00_max0p00_c1,False,False,True,False,False,False,False,False
maze-32-32-4|100|209|500|0,maze-32-32-4|100|209|500,maze-32-32-4,maze,100,209,500,0,repair5g59_high_beta_cap_safe,repair5g518_grid_c1p25_b1p25_f0p00_w0p5_dc0p95_df1p00_beta0p00_max0p00_c1,False,False,True,False,False,False,False,False
maze-32-32-4|100|210|1000|0,maze-32-32-4|100|210|1000,maze-32-32-4,maze,100,210,1000,0,repair5g59_high_beta_cap_safe,repair5g518_grid_c1p25_b1p25_f0p00_w0p5_dc0p95_df1p00_beta0p00_max0p00_c1,False,False,True,False,False,False,False,False
maze-32-32-4|100|210|500|0,maze-32-32-4|100|210|500,maze-32-32-4,maze,100,210,500,0,repair5g59_high_beta_cap_safe,repair5g518_grid_c1p25_b1p25_f0p00_w0p5_dc0p95_df1p00_beta0p00_max0p00_c1,False,False,True,False,False,False,False,False
maze-32-32-4|100|211|1000|0,maze-32-32-4|100|211|1000,maze-32-32-4,maze,100,211,1000,0,repair5g59_high_beta_cap_safe,repair5g518_grid_c1p25_b1p25_f0p00_w0p5_dc0p95_df1p00_beta0p00_max0p00_c1,False,False,True,False,False,False,False,False
maze-32-32-4|100|211|500|0,maze-32-32-4|100|211|500,maze-32-32-4,maze,100,211,500,0,repair5g59_high_beta_cap_safe,repair5g518_grid_c1p25_b1p25_f0p00_w0p5_dc0p95_df1p00_beta0p00_max0p00_c1,False,False,True,False,False,False,False,False
maze-32-32-4|100|218|1000|0,maze-32-32-4|100|218|1000,maze-32-32-4,maze,100,218,1000,0,repair5g59_high_beta_cap_safe,repair5g518_grid_c1p25_b1p25_f1p00_w0p75_dc0p95_df1p00_beta0p7_max1p00_c0,False,False,True,False,False,False,False,False
maze-32-32-4|100|218|2000|0,maze-32-32-4|100|218|2000,maze-32-32-4,maze,100,218,2000,0,repair5g59_high_beta_cap_safe,repair5g518_grid_c1p25_b1p25_f1p00_w0p75_dc0p95_df1p00_beta0p7_max1p00_c0,False,False,True,False,False,False,False,False
maze-32-32-4|100|218|500|0,maze-32-32-4|100|218|500,maze-32-32-4,maze,100,218,500,0,repair5g59_high_beta_cap_safe,repair5g518_grid_c1p25_b1p25_f1p00_w0p75_dc0p95_df1p00_beta0p7_max1p00_c0,False,False,True,False,False,False,False,False
maze-32-32-4|100|219|1000|0,maze-32-32-4|100|219|1000,maze-32-32-4,maze,100,219,1000,0,repair5g59_high_beta_cap_safe,repair5g518_grid_c1p25_b1p25_f1p00_w0p75_dc0p95_df1p00_beta0p7_max1p00_c0,False,False,True,False,False,False,False,False
maze-32-32-4|100|219|2000|0,maze-32-32-4|100|219|2000,maze-32-32-4,maze,100,219,2000,0,repair5g59_high_beta_cap_safe,repair5g518_grid_c1p25_b1p25_f1p00_w0p75_dc0p95_df1p00_beta0p7_max1p00_c0,False,False,True,False,False,False,False,False
maze-32-32-4|100|219|500|0,maze-32-32-4|100|219|500,maze-32-32-4,maze,100,219,500,0,repair5g59_high_beta_cap_safe,repair5g518_grid_c1p25_b1p25_f1p00_w0p75_dc0p95_df1p00_beta0p7_max1p00_c0,False,False,True,False,False,False,False,False
maze-32-32-4|100|220|1000|0,maze-32-32-4|100|220|1000,maze-32-32-4,maze,100,220,1000,0,repair5g59_high_beta_cap_safe,repair5g518_grid_c1p25_b1p25_f1p00_w0p75_dc0p95_df1p00_beta0p7_max1p00_c0,False,False,True,False,False,False,False,False
maze-32-32-4|100|220|2000|0,maze-32-32-4|100|220|2000,maze-32-32-4,maze,100,220,2000,0,repair5g59_high_beta_cap_safe,repair5g518_grid_c1p25_b1p25_f1p00_w0p75_dc0p95_df1p00_beta0p7_max1p00_c0,False,False,True,False,False,False,False,False
maze-32-32-4|100|220|500|0,maze-32-32-4|100|220|500,maze-32-32-4,maze,100,220,500,0,repair5g59_high_beta_cap_safe,repair5g518_grid_c1p25_b1p25_f1p00_w0p75_dc0p95_df1p00_beta0p7_max1p00_c0,False,False,True,False,False,False,False,False
maze-32-32-4|100|221|1000|0,maze-32-32-4|100|221|1000,maze-32-32-4,maze,100,221,1000,0,repair5g59_high_beta_cap_safe,repair5g518_grid_c1p25_b1p25_f1p00_w0p75_dc0p95_df1p00_beta0p7_max1p00_c0,False,False,True,False,False,False,False,False
maze-32-32-4|100|221|2000|0,maze-32-32-4|100|221|2000,maze-32-32-4,maze,100,221,2000,0,repair5g59_high_beta_cap_safe,repair5g518_grid_c1p25_b1p25_f1p00_w0p75_dc0p95_df1p00_beta0p7_max1p00_c0,False,False,True,False,False,False,False,False
maze-32-32-4|100|221|500|0,maze-32-32-4|100|221|500,maze-32-32-4,maze,100,221,500,0,repair5g59_high_beta_cap_safe,repair5g518_grid_c1p25_b1p25_f1p00_w0p75_dc0p95_df1p00_beta0p7_max1p00_c0,False,False,True,False,False,False,False,False
maze-32-32-4|100|222|1000|0,maze-32-32-4|100|222|1000,maze-32-32-4,maze,100,222,1000,0,repair5g59_high_beta_cap_safe,repair5g518_grid_c1p25_b1p25_f1p00_w0p75_dc0p95_df1p00_beta0p7_max1p00_c0,False,False,True,False,False,False,False,False
maze-32-32-4|100|222|2000|0,maze-32-32-4|100|222|2000,maze-32-32-4,maze,100,222,2000,0,repair5g59_high_beta_cap_safe,repair5g518_grid_c1p25_b1p25_f1p00_w0p75_dc0p95_df1p00_beta0p7_max1p00_c0,False,False,True,False,False,False,False,False
maze-32-32-4|100|222|500|0,maze-32-32-4|100|222|500,maze-32-32-4,maze,100,222,500,0,repair5g59_high_beta_cap_safe,repair5g518_grid_c1p25_b1p25_f1p00_w0p75_dc0p95_df1p00_beta0p7_max1p00_c0,False,False,True,False,False,False,False,False
maze-32-32-4|100|223|1000|0,maze-32-32-4|100|223|1000,maze-32-32-4,maze,100,223,1000,0,repair5g59_high_beta_cap_safe,repair5g518_grid_c1p25_b1p25_f1p00_w0p75_dc0p95_df1p00_beta0p7_max1p00_c0,False,False,True,False,False,False,False,False
maze-32-32-4|100|223|2000|0,maze-32-32-4|100|223|2000,maze-32-32-4,maze,100,223,2000,0,repair5g59_high_beta_cap_safe,repair5g518_grid_c1p25_b1p25_f1p00_w0p75_dc0p95_df1p00_beta0p7_max1p00_c0,False,False,True,False,False,False,False,False
maze-32-32-4|100|223|500|0,maze-32-32-4|100|223|500,maze-32-32-4,maze,100,223,500,0,repair5g59_high_beta_cap_safe,repair5g518_grid_c1p25_b1p25_f1p00_w0p75_dc0p95_df1p00_beta0p7_max1p00_c0,False,False,True,False,False,False,False,False
maze-32-32-4|100|224|1000|0,maze-32-32-4|100|224|1000,maze-32-32-4,maze,100,224,1000,0,repair5g59_high_beta_cap_safe,repair5g518_grid_c1p25_b1p25_f1p00_w0p75_dc0p95_df1p00_beta0p7_max1p00_c0,False,False,True,False,False,False,False,False
maze-32-32-4|100|224|2000|0,maze-32-32-4|100|224|2000,maze-32-32-4,maze,100,224,2000,0,repair5g59_high_beta_cap_safe,repair5g518_grid_c1p25_b1p25_f1p00_w0p75_dc0p95_df1p00_beta0p7_max1p00_c0,False,False,True,False,False,False,False,False
maze-32-32-4|100|224|500|0,maze-32-32-4|100|224|500,maze-32-32-4,maze,100,224,500,0,repair5g59_high_beta_cap_safe,repair5g518_grid_c1p25_b1p25_f1p00_w0p75_dc0p95_df1p00_beta0p7_max1p00_c0,False,False,True,False,False,False,False,False
maze-32-32-4|100|225|1000|0,maze-32-32-4|100|225|1000,maze-32-32-4,maze,100,225,1000,0,repair5g59_high_beta_cap_safe,repair5g518_grid_c1p25_b1p25_f1p00_w0p75_dc0p95_df1p00_beta0p7_max1p00_c0,False,False,True,False,False,False,False,False
maze-32-32-4|100|225|2000|0,maze-32-32-4|100|225|2000,maze-32-32-4,maze,100,225,2000,0,repair5g59_high_beta_cap_safe,repair5g518_grid_c1p25_b1p25_f1p00_w0p75_dc0p95_df1p00_beta0p7_max1p00_c0,False,False,True,False,False,False,False,False
maze-32-32-4|100|225|500|0,maze-32-32-4|100|225|500,maze-32-32-4,maze,100,225,500,0,repair5g59_high_beta_cap_safe,repair5g518_grid_c1p25_b1p25_f1p00_w0p75_dc0p95_df1p00_beta0p7_max1p00_c0,False,False,True,False,False,False,False,False
maze-32-32-4|100|226|1000|0,maze-32-32-4|100|226|1000,maze-32-32-4,maze,100,226,1000,0,repair5g59_high_beta_cap_safe,repair5g518_grid_c1p25_b1p25_f1p00_w0p75_dc0p95_df1p00_beta0p7_max1p00_c0,False,False,True,False,False,False,False,False
maze-32-32-4|100|226|2000|0,maze-32-32-4|100|226|2000,maze-32-32-4,maze,100,226,2000,0,repair5g59_high_beta_cap_safe,repair5g518_grid_c1p25_b1p25_f1p00_w0p75_dc0p95_df1p00_beta0p7_max1p00_c0,False,False,True,False,False,False,False,False
maze-32-32-4|100|226|500|0,maze-32-32-4|100|226|500,maze-32-32-4,maze,100,226,500,0,repair5g59_high_beta_cap_safe,repair5g518_grid_c1p25_b1p25_f1p00_w0p75_dc0p95_df1p00_beta0p7_max1p00_c0,False,False,True,False,False,False,False,False
maze-32-32-4|100|227|1000|0,maze-32-32-4|100|227|1000,maze-32-32-4,maze,100,227,1000,0,repair5g59_high_beta_cap_safe,repair5g518_grid_c1p25_b1p25_f1p00_w0p75_dc0p95_df1p00_beta0p7_max1p00_c0,False,False,True,False,False,False,False,False
maze-32-32-4|100|227|2000|0,maze-32-32-4|100|227|2000,maze-32-32-4,maze,100,227,2000,0,repair5g59_high_beta_cap_safe,repair5g518_grid_c1p25_b1p25_f1p00_w0p75_dc0p95_df1p00_beta0p7_max1p00_c0,False,False,True,False,False,False,False,False
maze-32-32-4|100|227|500|0,maze-32-32-4|100|227|500,maze-32-32-4,maze,100,227,500,0,repair5g59_high_beta_cap_safe,repair5g518_grid_c1p25_b1p25_f1p00_w0p75_dc0p95_df1p00_beta0p7_max1p00_c0,False,False,True,False,False,False,False,False
maze-32-32-4|100|228|1000|0,maze-32-32-4|100|228|1000,maze-32-32-4,maze,100,228,1000,0,repair5g59_high_beta_cap_safe,repair5g518_grid_c1p25_b1p25_f1p00_w0p75_dc0p95_df1p00_beta0p7_max1p00_c0,False,False,True,False,False,False,False,False
maze-32-32-4|100|228|2000|0,maze-32-32-4|100|228|2000,maze-32-32-4,maze,100,228,2000,0,repair5g59_high_beta_cap_safe,repair5g518_grid_c1p25_b1p25_f1p00_w0p75_dc0p95_df1p00_beta0p7_max1p00_c0,False,False,True,False,False,False,False,False
maze-32-32-4|100|228|500|0,maze-32-32-4|100|228|500,maze-32-32-4,maze,100,228,500,0,repair5g59_high_beta_cap_safe,repair5g518_grid_c1p25_b1p25_f1p00_w0p75_dc0p95_df1p00_beta0p7_max1p00_c0,False,False,True,False,False,False,False,False
maze-32-32-4|100|229|1000|0,maze-32-32-4|100|229|1000,maze-32-32-4,maze,100,229,1000,0,repair5g59_high_beta_cap_safe,repair5g518_grid_c1p25_b1p25_f1p00_w0p75_dc0p95_df1p00_beta0p7_max1p00_c0,False,False,True,False,False,False,False,False
maze-32-32-4|100|229|2000|0,maze-32-32-4|100|229|2000,maze-32-32-4,maze,100,229,2000,0,repair5g59_high_beta_cap_safe,repair5g518_grid_c1p25_b1p25_f1p00_w0p75_dc0p95_df1p00_beta0p7_max1p00_c0,False,False,True,False,False,False,False,False
maze-32-32-4|100|229|500|0,maze-32-32-4|100|229|500,maze-32-32-4,maze,100,229,500,0,repair5g59_high_beta_cap_safe,repair5g518_grid_c1p25_b1p25_f1p00_w0p75_dc0p95_df1p00_beta0p7_max1p00_c0,False,False,True,False,False,False,False,False
maze-32-32-4|100|230|1000|0,maze-32-32-4|100|230|1000,maze-32-32-4,maze,100,230,1000,0,repair5g59_high_beta_cap_safe,repair5g518_grid_c1p25_b1p25_f1p00_w0p75_dc0p95_df1p00_beta0p7_max1p00_c0,False,False,True,False,False,False,False,False
maze-32-32-4|100|230|2000|0,maze-32-32-4|100|230|2000,maze-32-32-4,maze,100,230,2000,0,repair5g59_high_beta_cap_safe,repair5g518_grid_c1p25_b1p25_f1p00_w0p75_dc0p95_df1p00_beta0p7_max1p00_c0,False,False,True,False,False,False,False,False
maze-32-32-4|100|230|2000|1,maze-32-32-4|100|230|2000,maze-32-32-4,maze,100,230,2000,1,repair5g59_static_flow_shield,repair5g59_additive_fallback,False,False,True,False,False,False,False,False
maze-32-32-4|100|230|500|0,maze-32-32-4|100|230|500,maze-32-32-4,maze,100,230,500,0,repair5g59_high_beta_cap_safe,repair5g518_grid_c1p25_b1p25_f1p00_w0p75_dc0p95_df1p00_beta0p7_max1p00_c0,False,False,True,False,False,False,False,False
maze-32-32-4|100|231|1000|0,maze-32-32-4|100|231|1000,maze-32-32-4,maze,100,231,1000,0,repair5g59_high_beta_cap_safe,repair5g518_grid_c1p25_b1p25_f1p00_w0p75_dc0p95_df1p00_beta0p7_max1p00_c0,False,False,True,False,False,False,False,False
maze-32-32-4|100|231|2000|0,maze-32-32-4|100|231|2000,maze-32-32-4,maze,100,231,2000,0,repair5g59_high_beta_cap_safe,repair5g518_grid_c1p25_b1p25_f1p00_w0p75_dc0p95_df1p00_beta0p7_max1p00_c0,False,False,True,False,False,False,False,False
maze-32-32-4|100|231|500|0,maze-32-32-4|100|231|500,maze-32-32-4,maze,100,231,500,0,repair5g59_high_beta_cap_safe,repair5g518_grid_c1p25_b1p25_f1p00_w0p75_dc0p95_df1p00_beta0p7_max1p00_c0,False,False,True,False,False,False,False,False
maze-32-32-4|100|232|1000|0,maze-32-32-4|100|232|1000,maze-32-32-4,maze,100,232,1000,0,repair5g59_high_beta_cap_safe,repair5g518_grid_c1p25_b1p25_f1p00_w0p75_dc0p95_df1p00_beta0p7_max1p00_c0,False,False,True,False,False,False,False,False
maze-32-32-4|100|232|2000|0,maze-32-32-4|100|232|2000,maze-32-32-4,maze,100,232,2000,0,repair5g59_high_beta_cap_safe,repair5g518_grid_c1p25_b1p25_f1p00_w0p75_dc0p95_df1p00_beta0p7_max1p00_c0,False,False,True,False,False,False,False,False
maze-32-32-4|100|232|500|0,maze-32-32-4|100|232|500,maze-32-32-4,maze,100,232,500,0,repair5g59_high_beta_cap_safe,repair5g518_grid_c1p25_b1p25_f1p00_w0p75_dc0p95_df1p00_beta0p7_max1p00_c0,False,False,True,False,False,False,False,False
maze-32-32-4|100|233|1000|0,maze-32-32-4|100|233|1000,maze-32-32-4,maze,100,233,1000,0,repair5g59_high_beta_cap_safe,repair5g518_grid_c1p25_b1p25_f1p00_w0p75_dc0p95_df1p00_beta0p7_max1p00_c0,False,False,True,False,False,False,False,False
maze-32-32-4|100|233|2000|0,maze-32-32-4|100|233|2000,maze-32-32-4,maze,100,233,2000,0,repair5g59_high_beta_cap_safe,repair5g518_grid_c1p25_b1p25_f1p00_w0p75_dc0p95_df1p00_beta0p7_max1p00_c0,False,False,True,False,False,False,False,False
maze-32-32-4|100|233|500|0,maze-32-32-4|100|233|500,maze-32-32-4,maze,100,233,500,0,repair5g59_high_beta_cap_safe,repair5g518_grid_c1p25_b1p25_f1p00_w0p75_dc0p95_df1p00_beta0p7_max1p00_c0,False,False,True,False,False,False,False,False
maze-32-32-4|100|234|1000|0,maze-32-32-4|100|234|1000,maze-32-32-4,maze,100,234,1000,0,repair5g59_high_beta_cap_safe,repair5g518_grid_c1p25_b1p25_f1p00_w0p75_dc0p95_df1p00_beta0p7_max1p00_c0,False,False,True,False,False,False,False,False
maze-32-32-4|100|234|2000|0,maze-32-32-4|100|234|2000,maze-32-32-4,maze,100,234,2000,0,repair5g59_high_beta_cap_safe,repair5g518_grid_c1p25_b1p25_f1p00_w0p75_dc0p95_df1p00_beta0p7_max1p00_c0,False,False,True,False,False,False,False,False
maze-32-32-4|100|234|500|0,maze-32-32-4|100|234|500,maze-32-32-4,maze,100,234,500,0,repair5g59_high_beta_cap_safe,repair5g518_grid_c1p25_b1p25_f1p00_w0p75_dc0p95_df1p00_beta0p7_max1p00_c0,False,False,True,False,False,False,False,False
maze-32-32-4|100|235|1000|0,maze-32-32-4|100|235|1000,maze-32-32-4,maze,100,235,1000,0,repair5g59_high_beta_cap_safe,repair5g518_grid_c1p25_b1p25_f1p00_w0p75_dc0p95_df1p00_beta0p7_max1p00_c0,False,False,True,False,False,False,False,False
maze-32-32-4|100|235|2000|0,maze-32-32-4|100|235|2000,maze-32-32-4,maze,100,235,2000,0,repair5g59_high_beta_cap_safe,repair5g518_grid_c1p25_b1p25_f1p00_w0p75_dc0p95_df1p00_beta0p7_max1p00_c0,False,False,True,False,False,False,False,False
maze-32-32-4|100|235|500|0,maze-32-32-4|100|235|500,maze-32-32-4,maze,100,235,500,0,repair5g59_high_beta_cap_safe,repair5g518_grid_c1p25_b1p25_f1p00_w0p75_dc0p95_df1p00_beta0p7_max1p00_c0,False,False,True,False,False,False,False,False
maze-32-32-4|100|236|1000|0,maze-32-32-4|100|236|1000,maze-32-32-4,maze,100,236,1000,0,repair5g59_high_beta_cap_safe,repair5g518_grid_c1p25_b1p25_f1p00_w0p75_dc0p95_df1p00_beta0p7_max1p00_c0,False,False,True,False,False,False,False,False
maze-32-32-4|100|236|2000|0,maze-32-32-4|100|236|2000,maze-32-32-4,maze,100,236,2000,0,repair5g59_high_beta_cap_safe,repair5g518_grid_c1p25_b1p25_f1p00_w0p75_dc0p95_df1p00_beta0p7_max1p00_c0,False,False,True,False,False,False,False,False
maze-32-32-4|100|236|500|0,maze-32-32-4|100|236|500,maze-32-32-4,maze,100,236,500,0,repair5g59_high_beta_cap_safe,repair5g518_grid_c1p25_b1p25_f1p00_w0p75_dc0p95_df1p00_beta0p7_max1p00_c0,False,False,True,False,False,False,False,False
maze-32-32-4|100|237|1000|0,maze-32-32-4|100|237|1000,maze-32-32-4,maze,100,237,1000,0,repair5g59_high_beta_cap_safe,repair5g518_grid_c1p25_b1p25_f1p00_w0p75_dc0p95_df1p00_beta0p7_max1p00_c0,False,False,True,False,False,False,False,False
maze-32-32-4|100|237|2000|0,maze-32-32-4|100|237|2000,maze-32-32-4,maze,100,237,2000,0,repair5g59_high_beta_cap_safe,repair5g518_grid_c1p25_b1p25_f1p00_w0p75_dc0p95_df1p00_beta0p7_max1p00_c0,False,False,True,False,False,False,False,False
maze-32-32-4|100|237|500|0,maze-32-32-4|100|237|500,maze-32-32-4,maze,100,237,500,0,repair5g59_high_beta_cap_safe,repair5g518_grid_c1p25_b1p25_f1p00_w0p75_dc0p95_df1p00_beta0p7_max1p00_c0,False,False,True,False,False,False,False,False
maze-32-32-4|100|238|1000|0,maze-32-32-4|100|238|1000,maze-32-32-4,maze,100,238,1000,0,repair5g59_high_beta_cap_safe,repair5g518_grid_c1p25_b1p25_f1p00_w0p75_dc0p95_df1p00_beta0p7_max1p00_c0,False,False,True,False,False,False,False,False
maze-32-32-4|100|238|2000|0,maze-32-32-4|100|238|2000,maze-32-32-4,maze,100,238,2000,0,repair5g59_high_beta_cap_safe,repair5g518_grid_c1p25_b1p25_f1p00_w0p75_dc0p95_df1p00_beta0p7_max1p00_c0,False,False,True,False,False,False,False,False
maze-32-32-4|100|238|500|0,maze-32-32-4|100|238|500,maze-32-32-4,maze,100,238,500,0,repair5g59_high_beta_cap_safe,repair5g518_grid_c1p25_b1p25_f1p00_w0p75_dc0p95_df1p00_beta0p7_max1p00_c0,False,False,True,False,False,False,False,False
maze-32-32-4|100|239|1000|0,maze-32-32-4|100|239|1000,maze-32-32-4,maze,100,239,1000,0,repair5g59_high_beta_cap_safe,repair5g518_grid_c1p25_b1p25_f1p00_w0p75_dc0p95_df1p00_beta0p7_max1p00_c0,False,False,True,False,False,False,False,False
maze-32-32-4|100|239|2000|0,maze-32-32-4|100|239|2000,maze-32-32-4,maze,100,239,2000,0,repair5g59_high_beta_cap_safe,repair5g518_grid_c1p25_b1p25_f1p00_w0p75_dc0p95_df1p00_beta0p7_max1p00_c0,False,False,True,False,False,False,False,False
maze-32-32-4|100|239|500|0,maze-32-32-4|100|239|500,maze-32-32-4,maze,100,239,500,0,repair5g59_high_beta_cap_safe,repair5g518_grid_c1p25_b1p25_f1p00_w0p75_dc0p95_df1p00_beta0p7_max1p00_c0,False,False,True,False,False,False,False,False
maze-32-32-4|100|240|1000|0,maze-32-32-4|100|240|1000,maze-32-32-4,maze,100,240,1000,0,repair5g59_high_beta_cap_safe,repair5g518_grid_c1p25_b1p25_f1p00_w0p75_dc0p95_df1p00_beta0p7_max1p00_c0,False,False,True,False,False,False,False,False
maze-32-32-4|100|240|2000|0,maze-32-32-4|100|240|2000,maze-32-32-4,maze,100,240,2000,0,repair5g59_high_beta_cap_safe,repair5g518_grid_c1p25_b1p25_f1p00_w0p75_dc0p95_df1p00_beta0p7_max1p00_c0,False,False,True,False,False,False,False,False
maze-32-32-4|100|240|500|0,maze-32-32-4|100|240|500,maze-32-32-4,maze,100,240,500,0,repair5g59_high_beta_cap_safe,repair5g518_grid_c1p25_b1p25_f1p00_w0p75_dc0p95_df1p00_beta0p7_max1p00_c0,False,False,True,False,False,False,False,False
maze-32-32-4|100|241|1000|0,maze-32-32-4|100|241|1000,maze-32-32-4,maze,100,241,1000,0,repair5g59_high_beta_cap_safe,repair5g518_grid_c1p25_b1p25_f1p00_w0p75_dc0p95_df1p00_beta0p7_max1p00_c0,False,False,True,False,False,False,False,False
maze-32-32-4|100|241|2000|0,maze-32-32-4|100|241|2000,maze-32-32-4,maze,100,241,2000,0,repair5g59_high_beta_cap_safe,repair5g518_grid_c1p25_b1p25_f1p00_w0p75_dc0p95_df1p00_beta0p7_max1p00_c0,False,False,True,False,False,False,False,False
maze-32-32-4|100|241|500|0,maze-32-32-4|100|241|500,maze-32-32-4,maze,100,241,500,0,repair5g59_high_beta_cap_safe,repair5g518_grid_c1p25_b1p25_f1p00_w0p75_dc0p95_df1p00_beta0p7_max1p00_c0,False,False,True,False,False,False,False,False
maze-32-32-4|100|242|1000|0,maze-32-32-4|100|242|1000,maze-32-32-4,maze,100,242,1000,0,repair5g59_high_beta_cap_safe,repair5g518_grid_c1p25_b1p25_f1p00_w0p75_dc0p95_df1p00_beta0p7_max1p00_c0,False,False,True,False,False,False,False,False
maze-32-32-4|100|242|2000|0,maze-32-32-4|100|242|2000,maze-32-32-4,maze,100,242,2000,0,repair5g59_high_beta_cap_safe,repair5g518_grid_c1p25_b1p25_f1p00_w0p75_dc0p95_df1p00_beta0p7_max1p00_c0,False,False,True,False,False,False,False,False
maze-32-32-4|100|242|500|0,maze-32-32-4|100|242|500,maze-32-32-4,maze,100,242,500,0,repair5g59_high_beta_cap_safe,repair5g518_grid_c1p25_b1p25_f1p00_w0p75_dc0p95_df1p00_beta0p7_max1p00_c0,False,False,True,False,False,False,False,False
maze-32-32-4|100|243|1000|0,maze-32-32-4|100|243|1000,maze-32-32-4,maze,100,243,1000,0,repair5g59_high_beta_cap_safe,repair5g518_grid_c1p25_b1p25_f1p00_w0p75_dc0p95_df1p00_beta0p7_max1p00_c0,False,False,True,False,False,False,False,False
maze-32-32-4|100|243|2000|0,maze-32-32-4|100|243|2000,maze-32-32-4,maze,100,243,2000,0,repair5g59_high_beta_cap_safe,repair5g518_grid_c1p25_b1p25_f1p00_w0p75_dc0p95_df1p00_beta0p7_max1p00_c0,False,False,True,False,False,False,False,False
maze-32-32-4|100|243|500|0,maze-32-32-4|100|243|500,maze-32-32-4,maze,100,243,500,0,repair5g59_high_beta_cap_safe,repair5g518_grid_c1p25_b1p25_f1p00_w0p75_dc0p95_df1p00_beta0p7_max1p00_c0,False,False,True,False,False,False,False,False
maze-32-32-4|100|244|1000|0,maze-32-32-4|100|244|1000,maze-32-32-4,maze,100,244,1000,0,repair5g59_high_beta_cap_safe,repair5g518_grid_c1p25_b1p25_f1p00_w0p75_dc0p95_df1p00_beta0p7_max1p00_c0,False,False,True,False,False,False,False,False
maze-32-32-4|100|244|2000|0,maze-32-32-4|100|244|2000,maze-32-32-4,maze,100,244,2000,0,repair5g59_high_beta_cap_safe,repair5g518_grid_c1p25_b1p25_f1p00_w0p75_dc0p95_df1p00_beta0p7_max1p00_c0,False,False,True,False,False,False,False,False
maze-32-32-4|100|244|500|0,maze-32-32-4|100|244|500,maze-32-32-4,maze,100,244,500,0,repair5g59_high_beta_cap_safe,repair5g518_grid_c1p25_b1p25_f1p00_w0p75_dc0p95_df1p00_beta0p7_max1p00_c0,False,False,True,False,False,False,False,False
maze-32-32-4|100|245|1000|0,maze-32-32-4|100|245|1000,maze-32-32-4,maze,100,245,1000,0,repair5g59_high_beta_cap_safe,repair5g518_grid_c1p25_b1p25_f1p00_w0p75_dc0p95_df1p00_beta0p7_max1p00_c0,False,False,True,False,False,False,False,False
maze-32-32-4|100|245|2000|0,maze-32-32-4|100|245|2000,maze-32-32-4,maze,100,245,2000,0,repair5g59_high_beta_cap_safe,repair5g518_grid_c1p25_b1p25_f1p00_w0p75_dc0p95_df1p00_beta0p7_max1p00_c0,False,False,True,False,False,False,False,False
maze-32-32-4|100|245|500|0,maze-32-32-4|100|245|500,maze-32-32-4,maze,100,245,500,0,repair5g59_high_beta_cap_safe,repair5g518_grid_c1p25_b1p25_f1p00_w0p75_dc0p95_df1p00_beta0p7_max1p00_c0,False,False,True,False,False,False,False,False
maze-32-32-4|50|146|1000|0,maze-32-32-4|50|146|1000,maze-32-32-4,maze,50,146,1000,0,repair5g59_high_beta_cap_safe,repair5g59_additive_fallback,False,False,True,False,False,False,False,False
maze-32-32-4|50|146|1000|1,maze-32-32-4|50|146|1000,maze-32-32-4,maze,50,146,1000,1,repair5g59_static_flow_shield,repair5g59_additive_fallback,False,False,True,False,False,False,False,False
maze-32-32-4|50|146|2000|0,maze-32-32-4|50|146|2000,maze-32-32-4,maze,50,146,2000,0,repair5g59_high_beta_cap_safe,repair5g59_additive_fallback,False,False,True,False,False,False,False,False
maze-32-32-4|50|146|2000|1,maze-32-32-4|50|146|2000,maze-32-32-4,maze,50,146,2000,1,repair5g59_static_flow_shield,repair5g59_flow_decay,False,False,True,False,False,False,False,False
maze-32-32-4|50|146|500|0,maze-32-32-4|50|146|500,maze-32-32-4,maze,50,146,500,0,repair5g59_high_beta_cap_safe,repair5g59_additive_fallback,False,False,True,False,False,False,False,False
maze-32-32-4|50|147|1000|0,maze-32-32-4|50|147|1000,maze-32-32-4,maze,50,147,1000,0,repair5g59_high_beta_cap_safe,repair5g59_additive_fallback,False,False,True,False,False,False,False,False
maze-32-32-4|50|147|1000|1,maze-32-32-4|50|147|1000,maze-32-32-4,maze,50,147,1000,1,repair5g59_static_flow_shield,repair5g59_additive_fallback,False,False,True,False,False,False,False,False
maze-32-32-4|50|147|2000|0,maze-32-32-4|50|147|2000,maze-32-32-4,maze,50,147,2000,0,repair5g59_high_beta_cap_safe,repair5g59_additive_fallback,False,False,True,False,False,False,False,False
maze-32-32-4|50|147|2000|1,maze-32-32-4|50|147|2000,maze-32-32-4,maze,50,147,2000,1,repair5g59_low_beta_high_cap,repair5g59_low_beta_high_cap,False,False,False,False,False,False,False,False
maze-32-32-4|50|147|500|0,maze-32-32-4|50|147|500,maze-32-32-4,maze,50,147,500,0,repair5g59_high_beta_cap_safe,repair5g59_additive_fallback,False,False,True,False,False,False,False,False
maze-32-32-4|50|148|1000|0,maze-32-32-4|50|148|1000,maze-32-32-4,maze,50,148,1000,0,repair5g59_high_beta_cap_safe,repair5g59_additive_fallback,False,False,True,False,False,False,False,False
maze-32-32-4|50|148|1000|1,maze-32-32-4|50|148|1000,maze-32-32-4,maze,50,148,1000,1,repair5g59_static_flow_shield,repair5g59_additive_fallback,False,False,True,False,False,False,False,False
maze-32-32-4|50|148|2000|0,maze-32-32-4|50|148|2000,maze-32-32-4,maze,50,148,2000,0,repair5g59_high_beta_cap_safe,repair5g59_additive_fallback,False,False,True,False,False,False,False,False
maze-32-32-4|50|148|2000|1,maze-32-32-4|50|148|2000,maze-32-32-4,maze,50,148,2000,1,repair5g59_low_beta_high_cap,repair5g59_low_beta_high_cap,False,False,False,False,False,False,False,False
maze-32-32-4|50|148|500|0,maze-32-32-4|50|148|500,maze-32-32-4,maze,50,148,500,0,repair5g59_high_beta_cap_safe,repair5g59_additive_fallback,False,False,True,False,False,False,False,False
maze-32-32-4|50|149|1000|0,maze-32-32-4|50|149|1000,maze-32-32-4,maze,50,149,1000,0,repair5g59_high_beta_cap_safe,repair5g59_additive_fallback,False,False,True,False,False,False,False,False
maze-32-32-4|50|149|1000|1,maze-32-32-4|50|149|1000,maze-32-32-4,maze,50,149,1000,1,repair5g59_static_flow_shield,repair5g59_additive_fallback,False,False,True,False,False,False,False,False
maze-32-32-4|50|149|2000|0,maze-32-32-4|50|149|2000,maze-32-32-4,maze,50,149,2000,0,repair5g59_high_beta_cap_safe,repair5g59_additive_fallback,False,False,True,False,False,False,False,False
maze-32-32-4|50|149|2000|1,maze-32-32-4|50|149|2000,maze-32-32-4,maze,50,149,2000,1,repair5g59_low_beta_high_cap,repair5g59_low_beta_high_cap,False,False,False,False,False,False,False,False
maze-32-32-4|50|149|500|0,maze-32-32-4|50|149|500,maze-32-32-4,maze,50,149,500,0,repair5g59_high_beta_cap_safe,repair5g59_additive_fallback,False,False,True,False,False,False,False,False
maze-32-32-4|50|150|1000|0,maze-32-32-4|50|150|1000,maze-32-32-4,maze,50,150,1000,0,repair5g59_high_beta_cap_safe,repair5g59_additive_fallback,False,False,True,False,False,False,False,False
maze-32-32-4|50|150|1000|1,maze-32-32-4|50|150|1000,maze-32-32-4,maze,50,150,1000,1,repair5g59_static_flow_shield,repair5g59_additive_fallback,False,False,True,False,False,False,False,False
maze-32-32-4|50|150|2000|0,maze-32-32-4|50|150|2000,maze-32-32-4,maze,50,150,2000,0,repair5g59_high_beta_cap_safe,repair5g59_additive_fallback,False,False,True,False,False,False,False,False
maze-32-32-4|50|150|2000|1,maze-32-32-4|50|150|2000,maze-32-32-4,maze,50,150,2000,1,repair5g59_low_beta_high_cap,repair5g59_low_beta_high_cap,False,False,False,False,False,False,False,False
maze-32-32-4|50|150|500|0,maze-32-32-4|50|150|500,maze-32-32-4,maze,50,150,500,0,repair5g59_high_beta_cap_safe,repair5g59_additive_fallback,False,False,True,False,False,False,False,False
maze-32-32-4|50|151|1000|0,maze-32-32-4|50|151|1000,maze-32-32-4,maze,50,151,1000,0,repair5g59_high_beta_cap_safe,repair5g59_additive_fallback,False,False,True,False,False,False,False,False
maze-32-32-4|50|151|1000|1,maze-32-32-4|50|151|1000,maze-32-32-4,maze,50,151,1000,1,repair5g59_static_flow_shield,repair5g59_additive_fallback,False,False,True,False,False,False,False,False
maze-32-32-4|50|151|2000|0,maze-32-32-4|50|151|2000,maze-32-32-4,maze,50,151,2000,0,repair5g59_high_beta_cap_safe,repair5g59_additive_fallback,False,False,True,False,False,False,False,False
maze-32-32-4|50|151|2000|1,maze-32-32-4|50|151|2000,maze-32-32-4,maze,50,151,2000,1,repair5g59_static_flow_shield,repair5g59_flow_decay,False,False,True,False,False,False,False,False
maze-32-32-4|50|151|500|0,maze-32-32-4|50|151|500,maze-32-32-4,maze,50,151,500,0,repair5g59_high_beta_cap_safe,repair5g59_additive_fallback,False,False,True,False,False,False,False,False
maze-32-32-4|50|152|1000|0,maze-32-32-4|50|152|1000,maze-32-32-4,maze,50,152,1000,0,repair5g59_high_beta_cap_safe,repair5g59_additive_fallback,False,False,True,False,False,False,False,False
maze-32-32-4|50|152|1000|1,maze-32-32-4|50|152|1000,maze-32-32-4,maze,50,152,1000,1,repair5g59_static_flow_shield,repair5g59_additive_fallback,False,False,True,False,False,False,False,False
maze-32-32-4|50|152|2000|0,maze-32-32-4|50|152|2000,maze-32-32-4,maze,50,152,2000,0,repair5g59_high_beta_cap_safe,repair5g59_additive_fallback,False,False,True,False,False,False,False,False
maze-32-32-4|50|152|2000|1,maze-32-32-4|50|152|2000,maze-32-32-4,maze,50,152,2000,1,repair5g59_static_flow_shield,repair5g59_commit_heavy_flow_guard,True,True,True,False,False,False,False,False
maze-32-32-4|50|152|500|0,maze-32-32-4|50|152|500,maze-32-32-4,maze,50,152,500,0,repair5g59_high_beta_cap_safe,repair5g59_additive_fallback,False,False,True,False,False,False,False,False
maze-32-32-4|50|153|1000|0,maze-32-32-4|50|153|1000,maze-32-32-4,maze,50,153,1000,0,repair5g59_high_beta_cap_safe,repair5g59_additive_fallback,False,False,True,False,False,False,False,False
maze-32-32-4|50|153|2000|0,maze-32-32-4|50|153|2000,maze-32-32-4,maze,50,153,2000,0,repair5g59_high_beta_cap_safe,repair5g59_additive_fallback,False,False,True,False,False,False,False,False
maze-32-32-4|50|153|2000|1,maze-32-32-4|50|153|2000,maze-32-32-4,maze,50,153,2000,1,repair5g59_high_beta_cap_safe,repair5g59_high_beta_cap_safe,False,False,False,False,False,False,False,False
maze-32-32-4|50|153|500|0,maze-32-32-4|50|153|500,maze-32-32-4,maze,50,153,500,0,repair5g59_high_beta_cap_safe,repair5g59_additive_fallback,False,False,True,False,False,False,False,False
maze-32-32-4|50|154|1000|0,maze-32-32-4|50|154|1000,maze-32-32-4,maze,50,154,1000,0,repair5g59_high_beta_cap_safe,repair5g59_additive_fallback,False,False,True,False,False,False,False,False
maze-32-32-4|50|154|1000|1,maze-32-32-4|50|154|1000,maze-32-32-4,maze,50,154,1000,1,repair5g59_static_flow_shield,repair5g59_additive_fallback,False,False,True,False,False,False,False,False
maze-32-32-4|50|154|2000|0,maze-32-32-4|50|154|2000,maze-32-32-4,maze,50,154,2000,0,repair5g59_high_beta_cap_safe,repair5g59_additive_fallback,False,False,True,False,False,False,False,False
maze-32-32-4|50|154|2000|1,maze-32-32-4|50|154|2000,maze-32-32-4,maze,50,154,2000,1,repair5g59_low_beta_high_cap,repair5g59_low_beta_high_cap,False,False,False,False,False,False,False,False
maze-32-32-4|50|154|500|0,maze-32-32-4|50|154|500,maze-32-32-4,maze,50,154,500,0,repair5g59_high_beta_cap_safe,repair5g59_additive_fallback,False,False,True,False,False,False,False,False
maze-32-32-4|50|155|1000|0,maze-32-32-4|50|155|1000,maze-32-32-4,maze,50,155,1000,0,repair5g59_high_beta_cap_safe,repair5g59_additive_fallback,False,False,True,False,False,False,False,False
maze-32-32-4|50|155|2000|0,maze-32-32-4|50|155|2000,maze-32-32-4,maze,50,155,2000,0,repair5g59_high_beta_cap_safe,repair5g59_additive_fallback,False,False,True,False,False,False,False,False
maze-32-32-4|50|155|2000|1,maze-32-32-4|50|155|2000,maze-32-32-4,maze,50,155,2000,1,repair5g59_low_beta_high_cap,repair5g59_wait_conservative,True,True,True,False,False,False,False,False
maze-32-32-4|50|155|500|0,maze-32-32-4|50|155|500,maze-32-32-4,maze,50,155,500,0,repair5g59_high_beta_cap_safe,repair5g59_additive_fallback,False,False,True,False,False,False,False,False
maze-32-32-4|50|160|1000|0,maze-32-32-4|50|160|1000,maze-32-32-4,maze,50,160,1000,0,repair5g59_high_beta_cap_safe,repair5g518_grid_c1p25_b1p25_f0p00_w0p5_dc0p95_df1p00_beta0p00_max0p00_c1,False,False,True,False,False,False,False,False
maze-32-32-4|50|160|2000|0,maze-32-32-4|50|160|2000,maze-32-32-4,maze,50,160,2000,0,repair5g59_static_flow_shield,repair5g518_grid_c1p25_b1p25_f1p00_w0p75_dc0p95_df1p00_beta0p7_max1p00_c0,True,True,True,False,False,False,False,False
maze-32-32-4|50|160|500|0,maze-32-32-4|50|160|500,maze-32-32-4,maze,50,160,500,0,repair5g59_high_beta_cap_safe,repair5g518_grid_c1p25_b1p25_f0p00_w0p5_dc0p95_df1p00_beta0p00_max0p00_c1,False,False,True,False,False,False,False,False
maze-32-32-4|50|161|1000|0,maze-32-32-4|50|161|1000,maze-32-32-4,maze,50,161,1000,0,repair5g59_high_beta_cap_safe,repair5g518_grid_c1p25_b1p25_f0p00_w0p5_dc0p95_df1p00_beta0p00_max0p00_c1,False,False,True,False,False,False,False,False
maze-32-32-4|50|161|1000|1,maze-32-32-4|50|161|1000,maze-32-32-4,maze,50,161,1000,1,repair5g59_static_flow_shield,repair5g59_additive_fallback,False,False,True,False,False,False,False,False
maze-32-32-4|50|161|2000|0,maze-32-32-4|50|161|2000,maze-32-32-4,maze,50,161,2000,0,repair5g59_high_beta_cap_safe,repair5g518_grid_c1p25_b1p25_f0p00_w0p5_dc0p95_df1p00_beta0p00_max0p00_c1,False,False,True,False,False,False,False,False
maze-32-32-4|50|161|500|0,maze-32-32-4|50|161|500,maze-32-32-4,maze,50,161,500,0,repair5g59_high_beta_cap_safe,repair5g518_grid_c1p25_b1p25_f0p00_w0p5_dc0p95_df1p00_beta0p00_max0p00_c1,False,False,True,False,False,False,False,False
maze-32-32-4|50|162|1000|0,maze-32-32-4|50|162|1000,maze-32-32-4,maze,50,162,1000,0,repair5g59_high_beta_cap_safe,repair5g518_grid_c1p25_b1p25_f0p00_w0p5_dc0p95_df1p00_beta0p00_max0p00_c1,False,False,True,False,False,False,False,False
maze-32-32-4|50|162|2000|0,maze-32-32-4|50|162|2000,maze-32-32-4,maze,50,162,2000,0,repair5g59_low_beta_high_cap,repair5g59_low_beta_high_cap,False,False,False,False,False,False,False,False
maze-32-32-4|50|162|2000|1,maze-32-32-4|50|162|2000,maze-32-32-4,maze,50,162,2000,1,repair5g59_static_flow_shield,repair5g518_grid_c1p25_b1p25_f1p00_w0p75_dc0p95_df1p00_beta0p5_max0p75_c0,True,False,True,False,False,False,False,False
maze-32-32-4|50|162|500|0,maze-32-32-4|50|162|500,maze-32-32-4,maze,50,162,500,0,repair5g59_high_beta_cap_safe,repair5g518_grid_c1p25_b1p25_f0p00_w0p5_dc0p95_df1p00_beta0p00_max0p00_c1,False,False,True,False,False,False,False,False
maze-32-32-4|50|163|1000|0,maze-32-32-4|50|163|1000,maze-32-32-4,maze,50,163,1000,0,repair5g59_high_beta_cap_safe,repair5g518_grid_c1p25_b1p25_f0p00_w0p5_dc0p95_df1p00_beta0p00_max0p00_c1,False,False,True,False,False,False,False,False
maze-32-32-4|50|163|2000|0,maze-32-32-4|50|163|2000,maze-32-32-4,maze,50,163,2000,0,repair5g59_high_beta_cap_safe,repair5g518_grid_c1p25_b1p25_f0p00_w0p5_dc0p95_df1p00_beta0p00_max0p00_c1,False,False,True,False,False,False,False,False
maze-32-32-4|50|163|2000|1,maze-32-32-4|50|163|2000,maze-32-32-4,maze,50,163,2000,1,repair5g59_static_flow_shield,repair5g59_wait_conservative,True,False,True,False,False,False,False,False
maze-32-32-4|50|163|500|0,maze-32-32-4|50|163|500,maze-32-32-4,maze,50,163,500,0,repair5g59_high_beta_cap_safe,repair5g518_grid_c1p25_b1p25_f0p00_w0p5_dc0p95_df1p00_beta0p00_max0p00_c1,False,False,True,False,False,False,False,False
maze-32-32-4|50|164|1000|0,maze-32-32-4|50|164|1000,maze-32-32-4,maze,50,164,1000,0,repair5g59_high_beta_cap_safe,repair5g518_grid_c1p25_b1p25_f0p00_w0p5_dc0p95_df1p00_beta0p00_max0p00_c1,False,False,True,False,False,False,False,False
maze-32-32-4|50|164|2000|0,maze-32-32-4|50|164|2000,maze-32-32-4,maze,50,164,2000,0,repair5g59_static_flow_shield,repair5g518_grid_c1p25_b1p25_f1p00_w0p65_dc0p95_df1p00_beta0p35_max0p75_c0,True,True,True,False,False,False,False,False
maze-32-32-4|50|164|2000|1,maze-32-32-4|50|164|2000,maze-32-32-4,maze,50,164,2000,1,repair5g59_static_flow_shield,repair5g518_grid_c1p25_b1p25_f1p00_w0p75_dc0p95_df1p00_beta0p35_max0p75_c0,True,False,True,False,False,False,False,False
maze-32-32-4|50|164|500|0,maze-32-32-4|50|164|500,maze-32-32-4,maze,50,164,500,0,repair5g59_high_beta_cap_safe,repair5g518_grid_c1p25_b1p25_f0p00_w0p5_dc0p95_df1p00_beta0p00_max0p00_c1,False,False,True,False,False,False,False,False
maze-32-32-4|50|165|1000|0,maze-32-32-4|50|165|1000,maze-32-32-4,maze,50,165,1000,0,repair5g59_high_beta_cap_safe,repair5g518_grid_c1p25_b1p25_f0p00_w0p5_dc0p95_df1p00_beta0p00_max0p00_c1,False,False,True,False,False,False,False,False
maze-32-32-4|50|165|2000|0,maze-32-32-4|50|165|2000,maze-32-32-4,maze,50,165,2000,0,repair5g59_high_beta_cap_safe,repair5g518_grid_c1p25_b1p25_f1p00_w0p75_dc0p95_df1p00_beta0p7_max1p00_c0,True,False,True,False,False,False,False,False
maze-32-32-4|50|165|2000|1,maze-32-32-4|50|165|2000,maze-32-32-4,maze,50,165,2000,1,repair5g59_static_flow_shield,repair5g518_grid_c1p25_b1p25_f1p00_w0p75_dc0p95_df1p00_beta0p6_max1p00_c0,True,False,True,False,False,False,False,False
maze-32-32-4|50|165|500|0,maze-32-32-4|50|165|500,maze-32-32-4,maze,50,165,500,0,repair5g59_high_beta_cap_safe,repair5g518_grid_c1p25_b1p25_f0p00_w0p5_dc0p95_df1p00_beta0p00_max0p00_c1,False,False,True,False,False,False,False,False
maze-32-32-4|50|206|1000|0,maze-32-32-4|50|206|1000,maze-32-32-4,maze,50,206,1000,0,repair5g59_high_beta_cap_safe,repair5g518_grid_c1p25_b1p25_f0p00_w0p5_dc0p95_df1p00_beta0p00_max0p00_c1,False,False,True,False,False,False,False,False
maze-32-32-4|50|206|2000|0,maze-32-32-4|50|206|2000,maze-32-32-4,maze,50,206,2000,0,repair5g59_high_beta_cap_safe,repair5g59_high_beta_cap_safe,False,False,False,False,False,False,False,False
maze-32-32-4|50|206|500|0,maze-32-32-4|50|206|500,maze-32-32-4,maze,50,206,500,0,repair5g59_high_beta_cap_safe,repair5g518_grid_c1p25_b1p25_f0p00_w0p5_dc0p95_df1p00_beta0p00_max0p00_c1,False,False,True,False,False,False,False,False
maze-32-32-4|50|207|1000|0,maze-32-32-4|50|207|1000,maze-32-32-4,maze,50,207,1000,0,repair5g59_high_beta_cap_safe,repair5g518_grid_c1p25_b1p25_f0p00_w0p5_dc0p95_df1p00_beta0p00_max0p00_c1,False,False,True,False,False,False,False,False
maze-32-32-4|50|207|1000|1,maze-32-32-4|50|207|1000,maze-32-32-4,maze,50,207,1000,1,repair5g59_static_flow_shield,repair5g59_additive_fallback,False,False,True,False,False,False,False,False
maze-32-32-4|50|207|500|0,maze-32-32-4|50|207|500,maze-32-32-4,maze,50,207,500,0,repair5g59_high_beta_cap_safe,repair5g518_grid_c1p25_b1p25_f0p00_w0p5_dc0p95_df1p00_beta0p00_max0p00_c1,False,False,True,False,False,False,False,False
maze-32-32-4|50|208|1000|0,maze-32-32-4|50|208|1000,maze-32-32-4,maze,50,208,1000,0,repair5g59_high_beta_cap_safe,repair5g518_grid_c1p25_b1p25_f0p00_w0p5_dc0p95_df1p00_beta0p00_max0p00_c1,False,False,True,False,False,False,False,False
maze-32-32-4|50|208|500|0,maze-32-32-4|50|208|500,maze-32-32-4,maze,50,208,500,0,repair5g59_high_beta_cap_safe,repair5g518_grid_c1p25_b1p25_f0p00_w0p5_dc0p95_df1p00_beta0p00_max0p00_c1,False,False,True,False,False,False,False,False
maze-32-32-4|50|209|1000|0,maze-32-32-4|50|209|1000,maze-32-32-4,maze,50,209,1000,0,repair5g59_high_beta_cap_safe,repair5g518_grid_c1p25_b1p25_f0p00_w0p5_dc0p95_df1p00_beta0p00_max0p00_c1,False,False,True,False,False,False,False,False
maze-32-32-4|50|209|500|0,maze-32-32-4|50|209|500,maze-32-32-4,maze,50,209,500,0,repair5g59_high_beta_cap_safe,repair5g518_grid_c1p25_b1p25_f0p00_w0p5_dc0p95_df1p00_beta0p00_max0p00_c1,False,False,True,False,False,False,False,False
maze-32-32-4|50|210|1000|0,maze-32-32-4|50|210|1000,maze-32-32-4,maze,50,210,1000,0,repair5g59_high_beta_cap_safe,repair5g518_grid_c1p25_b1p25_f0p00_w0p5_dc0p95_df1p00_beta0p00_max0p00_c1,False,False,True,False,False,False,False,False
maze-32-32-4|50|210|500|0,maze-32-32-4|50|210|500,maze-32-32-4,maze,50,210,500,0,repair5g59_high_beta_cap_safe,repair5g518_grid_c1p25_b1p25_f0p00_w0p5_dc0p95_df1p00_beta0p00_max0p00_c1,False,False,True,False,False,False,False,False
maze-32-32-4|50|211|1000|0,maze-32-32-4|50|211|1000,maze-32-32-4,maze,50,211,1000,0,repair5g59_high_beta_cap_safe,repair5g518_grid_c1p25_b1p25_f0p00_w0p5_dc0p95_df1p00_beta0p00_max0p00_c1,False,False,True,False,False,False,False,False
maze-32-32-4|50|211|500|0,maze-32-32-4|50|211|500,maze-32-32-4,maze,50,211,500,0,repair5g59_high_beta_cap_safe,repair5g518_grid_c1p25_b1p25_f0p00_w0p5_dc0p95_df1p00_beta0p00_max0p00_c1,False,False,True,False,False,False,False,False
maze-32-32-4|50|218|1000|0,maze-32-32-4|50|218|1000,maze-32-32-4,maze,50,218,1000,0,repair5g59_high_beta_cap_safe,repair5g518_grid_c1p25_b1p25_f1p00_w0p75_dc0p95_df1p00_beta0p7_max1p00_c0,False,False,True,False,False,False,False,False
maze-32-32-4|50|218|2000|0,maze-32-32-4|50|218|2000,maze-32-32-4,maze,50,218,2000,0,repair5g59_static_flow_shield,repair5g59_flow_decay,False,False,True,False,False,False,False,False
maze-32-32-4|50|218|500|0,maze-32-32-4|50|218|500,maze-32-32-4,maze,50,218,500,0,repair5g59_high_beta_cap_safe,repair5g518_grid_c1p25_b1p25_f1p00_w0p75_dc0p95_df1p00_beta0p7_max1p00_c0,False,False,True,False,False,False,False,False
maze-32-32-4|50|219|1000|0,maze-32-32-4|50|219|1000,maze-32-32-4,maze,50,219,1000,0,repair5g59_high_beta_cap_safe,repair5g518_grid_c1p25_b1p25_f1p00_w0p75_dc0p95_df1p00_beta0p7_max1p00_c0,False,False,True,False,False,False,False,False
maze-32-32-4|50|219|2000|0,maze-32-32-4|50|219|2000,maze-32-32-4,maze,50,219,2000,0,repair5g59_high_beta_cap_safe,repair5g518_grid_c1p25_b1p25_f1p00_w0p75_dc0p95_df1p00_beta0p7_max1p00_c0,False,False,True,False,False,False,False,False
maze-32-32-4|50|219|500|0,maze-32-32-4|50|219|500,maze-32-32-4,maze,50,219,500,0,repair5g59_high_beta_cap_safe,repair5g518_grid_c1p25_b1p25_f1p00_w0p75_dc0p95_df1p00_beta0p7_max1p00_c0,False,False,True,False,False,False,False,False
maze-32-32-4|50|220|1000|0,maze-32-32-4|50|220|1000,maze-32-32-4,maze,50,220,1000,0,repair5g59_high_beta_cap_safe,repair5g518_grid_c1p25_b1p25_f1p00_w0p75_dc0p95_df1p00_beta0p7_max1p00_c0,False,False,True,False,False,False,False,False
maze-32-32-4|50|220|2000|0,maze-32-32-4|50|220|2000,maze-32-32-4,maze,50,220,2000,0,repair5g59_static_flow_shield,repair5g59_wait_conservative,True,True,True,False,False,False,False,False
maze-32-32-4|50|220|500|0,maze-32-32-4|50|220|500,maze-32-32-4,maze,50,220,500,0,repair5g59_high_beta_cap_safe,repair5g518_grid_c1p25_b1p25_f1p00_w0p75_dc0p95_df1p00_beta0p7_max1p00_c0,False,False,True,False,False,False,False,False
maze-32-32-4|50|221|1000|0,maze-32-32-4|50|221|1000,maze-32-32-4,maze,50,221,1000,0,repair5g59_high_beta_cap_safe,repair5g518_grid_c1p25_b1p25_f1p00_w0p75_dc0p95_df1p00_beta0p7_max1p00_c0,False,False,True,False,False,False,False,False
maze-32-32-4|50|221|2000|0,maze-32-32-4|50|221|2000,maze-32-32-4,maze,50,221,2000,0,repair5g59_high_beta_cap_safe,repair5g59_high_beta_cap_safe,False,False,False,False,False,False,False,False
maze-32-32-4|50|221|2000|1,maze-32-32-4|50|221|2000,maze-32-32-4,maze,50,221,2000,1,repair5g59_static_flow_shield,repair5g518_grid_c1p25_b1p25_f1p00_w0p75_dc0p95_df1p00_beta0p7_max1p00_c0,False,False,True,False,False,False,False,False
maze-32-32-4|50|221|500|0,maze-32-32-4|50|221|500,maze-32-32-4,maze,50,221,500,0,repair5g59_high_beta_cap_safe,repair5g518_grid_c1p25_b1p25_f1p00_w0p75_dc0p95_df1p00_beta0p7_max1p00_c0,False,False,True,False,False,False,False,False
maze-32-32-4|50|222|1000|0,maze-32-32-4|50|222|1000,maze-32-32-4,maze,50,222,1000,0,repair5g59_high_beta_cap_safe,repair5g518_grid_c1p25_b1p25_f1p00_w0p75_dc0p95_df1p00_beta0p7_max1p00_c0,False,False,True,False,False,False,False,False
maze-32-32-4|50|222|2000|0,maze-32-32-4|50|222|2000,maze-32-32-4,maze,50,222,2000,0,repair5g59_high_beta_cap_safe,repair5g59_high_beta_cap_safe,False,False,False,False,False,False,False,False
maze-32-32-4|50|222|500|0,maze-32-32-4|50|222|500,maze-32-32-4,maze,50,222,500,0,repair5g59_high_beta_cap_safe,repair5g518_grid_c1p25_b1p25_f1p00_w0p75_dc0p95_df1p00_beta0p7_max1p00_c0,False,False,True,False,False,False,False,False
maze-32-32-4|50|223|1000|0,maze-32-32-4|50|223|1000,maze-32-32-4,maze,50,223,1000,0,repair5g59_high_beta_cap_safe,repair5g518_grid_c1p25_b1p25_f1p00_w0p75_dc0p95_df1p00_beta0p7_max1p00_c0,False,False,True,False,False,False,False,False
maze-32-32-4|50|223|2000|0,maze-32-32-4|50|223|2000,maze-32-32-4,maze,50,223,2000,0,repair5g59_high_beta_cap_safe,repair5g59_flow_decay,True,True,True,False,False,False,False,False
maze-32-32-4|50|223|2000|1,maze-32-32-4|50|223|2000,maze-32-32-4,maze,50,223,2000,1,repair5g59_static_flow_shield,repair5g518_grid_c1p25_b1p25_f1p00_w0p75_dc0p95_df1p00_beta0p7_max1p00_c0,True,False,True,False,False,False,False,False
maze-32-32-4|50|223|500|0,maze-32-32-4|50|223|500,maze-32-32-4,maze,50,223,500,0,repair5g59_high_beta_cap_safe,repair5g518_grid_c1p25_b1p25_f1p00_w0p75_dc0p95_df1p00_beta0p7_max1p00_c0,False,False,True,False,False,False,False,False
maze-32-32-4|50|224|1000|0,maze-32-32-4|50|224|1000,maze-32-32-4,maze,50,224,1000,0,repair5g59_high_beta_cap_safe,repair5g518_grid_c1p25_b1p25_f1p00_w0p75_dc0p95_df1p00_beta0p7_max1p00_c0,False,False,True,False,False,False,False,False
maze-32-32-4|50|224|2000|0,maze-32-32-4|50|224|2000,maze-32-32-4,maze,50,224,2000,0,repair5g59_static_flow_shield,repair5g59_wait_conservative,True,False,True,False,False,False,False,False
maze-32-32-4|50|224|500|0,maze-32-32-4|50|224|500,maze-32-32-4,maze,50,224,500,0,repair5g59_high_beta_cap_safe,repair5g518_grid_c1p25_b1p25_f1p00_w0p75_dc0p95_df1p00_beta0p7_max1p00_c0,False,False,True,False,False,False,False,False
maze-32-32-4|50|225|1000|0,maze-32-32-4|50|225|1000,maze-32-32-4,maze,50,225,1000,0,repair5g59_high_beta_cap_safe,repair5g518_grid_c1p25_b1p25_f1p00_w0p75_dc0p95_df1p00_beta0p7_max1p00_c0,False,False,True,False,False,False,False,False
maze-32-32-4|50|225|2000|0,maze-32-32-4|50|225|2000,maze-32-32-4,maze,50,225,2000,0,repair5g59_high_beta_cap_safe,repair5g518_grid_c1p25_b1p25_f1p00_w0p75_dc0p95_df1p00_beta0p7_max1p00_c0,True,True,True,False,False,False,False,False
maze-32-32-4|50|225|500|0,maze-32-32-4|50|225|500,maze-32-32-4,maze,50,225,500,0,repair5g59_high_beta_cap_safe,repair5g518_grid_c1p25_b1p25_f1p00_w0p75_dc0p95_df1p00_beta0p7_max1p00_c0,False,False,True,False,False,False,False,False
maze-32-32-4|50|226|1000|0,maze-32-32-4|50|226|1000,maze-32-32-4,maze,50,226,1000,0,repair5g59_high_beta_cap_safe,repair5g518_grid_c1p25_b1p25_f1p00_w0p75_dc0p95_df1p00_beta0p7_max1p00_c0,False,False,True,False,False,False,False,False
maze-32-32-4|50|226|2000|0,maze-32-32-4|50|226|2000,maze-32-32-4,maze,50,226,2000,0,repair5g59_static_flow_shield,repair5g59_flow_decay,False,False,True,False,False,False,False,False
maze-32-32-4|50|226|500|0,maze-32-32-4|50|226|500,maze-32-32-4,maze,50,226,500,0,repair5g59_high_beta_cap_safe,repair5g518_grid_c1p25_b1p25_f1p00_w0p75_dc0p95_df1p00_beta0p7_max1p00_c0,False,False,True,False,False,False,False,False
maze-32-32-4|50|227|1000|0,maze-32-32-4|50|227|1000,maze-32-32-4,maze,50,227,1000,0,repair5g59_high_beta_cap_safe,repair5g518_grid_c1p25_b1p25_f1p00_w0p75_dc0p95_df1p00_beta0p7_max1p00_c0,False,False,True,False,False,False,False,False
maze-32-32-4|50|227|2000|0,maze-32-32-4|50|227|2000,maze-32-32-4,maze,50,227,2000,0,repair5g59_static_flow_shield,repair5g518_grid_c1p25_b1p25_f1p00_w0p75_dc0p95_df1p00_beta0p7_max1p00_c0,True,True,True,False,False,False,False,False
maze-32-32-4|50|227|500|0,maze-32-32-4|50|227|500,maze-32-32-4,maze,50,227,500,0,repair5g59_high_beta_cap_safe,repair5g518_grid_c1p25_b1p25_f1p00_w0p75_dc0p95_df1p00_beta0p7_max1p00_c0,False,False,True,False,False,False,False,False
maze-32-32-4|50|228|1000|0,maze-32-32-4|50|228|1000,maze-32-32-4,maze,50,228,1000,0,repair5g59_high_beta_cap_safe,repair5g518_grid_c1p25_b1p25_f1p00_w0p75_dc0p95_df1p00_beta0p7_max1p00_c0,False,False,True,False,False,False,False,False
maze-32-32-4|50|228|2000|0,maze-32-32-4|50|228|2000,maze-32-32-4,maze,50,228,2000,0,repair5g59_high_beta_cap_safe,repair5g59_high_beta_cap_safe,False,False,False,False,False,False,False,False
maze-32-32-4|50|228|2000|1,maze-32-32-4|50|228|2000,maze-32-32-4,maze,50,228,2000,1,repair5g59_static_flow_shield,repair5g59_flow_decay,True,False,True,False,False,False,False,False
maze-32-32-4|50|228|500|0,maze-32-32-4|50|228|500,maze-32-32-4,maze,50,228,500,0,repair5g59_high_beta_cap_safe,repair5g518_grid_c1p25_b1p25_f1p00_w0p75_dc0p95_df1p00_beta0p7_max1p00_c0,False,False,True,False,False,False,False,False
maze-32-32-4|50|229|1000|0,maze-32-32-4|50|229|1000,maze-32-32-4,maze,50,229,1000,0,repair5g59_high_beta_cap_safe,repair5g518_grid_c1p25_b1p25_f1p00_w0p75_dc0p95_df1p00_beta0p7_max1p00_c0,False,False,True,False,False,False,False,False
maze-32-32-4|50|229|2000|0,maze-32-32-4|50|229|2000,maze-32-32-4,maze,50,229,2000,0,repair5g59_high_beta_cap_safe,repair5g518_grid_c1p25_b1p25_f1p00_w0p75_dc0p95_df1p00_beta0p7_max1p00_c0,False,False,True,False,False,False,False,False
maze-32-32-4|50|229|500|0,maze-32-32-4|50|229|500,maze-32-32-4,maze,50,229,500,0,repair5g59_high_beta_cap_safe,repair5g518_grid_c1p25_b1p25_f1p00_w0p75_dc0p95_df1p00_beta0p7_max1p00_c0,False,False,True,False,False,False,False,False
maze-32-32-4|50|230|1000|0,maze-32-32-4|50|230|1000,maze-32-32-4,maze,50,230,1000,0,repair5g59_high_beta_cap_safe,repair5g518_grid_c1p25_b1p25_f1p00_w0p75_dc0p95_df1p00_beta0p7_max1p00_c0,False,False,True,False,False,False,False,False
maze-32-32-4|50|230|2000|0,maze-32-32-4|50|230|2000,maze-32-32-4,maze,50,230,2000,0,repair5g59_high_beta_cap_safe,repair5g518_grid_c1p25_b1p25_f1p00_w0p75_dc0p95_df1p00_beta0p7_max1p00_c0,False,False,True,False,False,False,False,False
maze-32-32-4|50|230|500|0,maze-32-32-4|50|230|500,maze-32-32-4,maze,50,230,500,0,repair5g59_high_beta_cap_safe,repair5g518_grid_c1p25_b1p25_f1p00_w0p75_dc0p95_df1p00_beta0p7_max1p00_c0,False,False,True,False,False,False,False,False
maze-32-32-4|50|231|1000|0,maze-32-32-4|50|231|1000,maze-32-32-4,maze,50,231,1000,0,repair5g59_high_beta_cap_safe,repair5g518_grid_c1p25_b1p25_f1p00_w0p75_dc0p95_df1p00_beta0p7_max1p00_c0,False,False,True,False,False,False,False,False
maze-32-32-4|50|231|2000|0,maze-32-32-4|50|231|2000,maze-32-32-4,maze,50,231,2000,0,repair5g59_high_beta_cap_safe,repair5g518_grid_c1p25_b1p25_f1p00_w0p75_dc0p95_df1p00_beta0p7_max1p00_c0,False,False,True,False,False,False,False,False
maze-32-32-4|50|231|500|0,maze-32-32-4|50|231|500,maze-32-32-4,maze,50,231,500,0,repair5g59_high_beta_cap_safe,repair5g518_grid_c1p25_b1p25_f1p00_w0p75_dc0p95_df1p00_beta0p7_max1p00_c0,False,False,True,False,False,False,False,False
maze-32-32-4|50|232|1000|0,maze-32-32-4|50|232|1000,maze-32-32-4,maze,50,232,1000,0,repair5g59_high_beta_cap_safe,repair5g518_grid_c1p25_b1p25_f1p00_w0p75_dc0p95_df1p00_beta0p7_max1p00_c0,False,False,True,False,False,False,False,False
maze-32-32-4|50|232|2000|0,maze-32-32-4|50|232|2000,maze-32-32-4,maze,50,232,2000,0,repair5g59_high_beta_cap_safe,repair5g59_wait_conservative,True,False,True,False,False,False,False,False
maze-32-32-4|50|232|500|0,maze-32-32-4|50|232|500,maze-32-32-4,maze,50,232,500,0,repair5g59_high_beta_cap_safe,repair5g518_grid_c1p25_b1p25_f1p00_w0p75_dc0p95_df1p00_beta0p7_max1p00_c0,False,False,True,False,False,False,False,False
maze-32-32-4|50|233|1000|0,maze-32-32-4|50|233|1000,maze-32-32-4,maze,50,233,1000,0,repair5g59_high_beta_cap_safe,repair5g518_grid_c1p25_b1p25_f1p00_w0p75_dc0p95_df1p00_beta0p7_max1p00_c0,False,False,True,False,False,False,False,False
maze-32-32-4|50|233|2000|0,maze-32-32-4|50|233|2000,maze-32-32-4,maze,50,233,2000,0,repair5g59_high_beta_cap_safe,repair5g59_flow_decay,True,True,True,False,False,False,False,False
maze-32-32-4|50|233|2000|1,maze-32-32-4|50|233|2000,maze-32-32-4,maze,50,233,2000,1,repair5g59_static_flow_shield,repair5g59_static_flow_shield,False,False,False,False,False,False,False,False
maze-32-32-4|50|233|500|0,maze-32-32-4|50|233|500,maze-32-32-4,maze,50,233,500,0,repair5g59_high_beta_cap_safe,repair5g518_grid_c1p25_b1p25_f1p00_w0p75_dc0p95_df1p00_beta0p7_max1p00_c0,False,False,True,False,False,False,False,False
maze-32-32-4|50|234|1000|0,maze-32-32-4|50|234|1000,maze-32-32-4,maze,50,234,1000,0,repair5g59_high_beta_cap_safe,repair5g518_grid_c1p25_b1p25_f1p00_w0p75_dc0p95_df1p00_beta0p7_max1p00_c0,False,False,True,False,False,False,False,False
maze-32-32-4|50|234|2000|0,maze-32-32-4|50|234|2000,maze-32-32-4,maze,50,234,2000,0,repair5g59_high_beta_cap_safe,repair5g518_grid_c1p25_b1p25_f1p00_w0p75_dc0p95_df1p00_beta0p7_max1p00_c0,False,False,True,False,False,False,False,False
maze-32-32-4|50|234|500|0,maze-32-32-4|50|234|500,maze-32-32-4,maze,50,234,500,0,repair5g59_high_beta_cap_safe,repair5g518_grid_c1p25_b1p25_f1p00_w0p75_dc0p95_df1p00_beta0p7_max1p00_c0,False,False,True,False,False,False,False,False
maze-32-32-4|50|235|1000|0,maze-32-32-4|50|235|1000,maze-32-32-4,maze,50,235,1000,0,repair5g59_high_beta_cap_safe,repair5g518_grid_c1p25_b1p25_f1p00_w0p75_dc0p95_df1p00_beta0p7_max1p00_c0,False,False,True,False,False,False,False,False
maze-32-32-4|50|235|2000|0,maze-32-32-4|50|235|2000,maze-32-32-4,maze,50,235,2000,0,repair5g59_static_flow_shield,repair5g518_grid_c1p25_b1p25_f1p00_w0p75_dc0p95_df1p00_beta0p7_max1p00_c0,True,False,True,False,False,False,False,False
maze-32-32-4|50|235|500|0,maze-32-32-4|50|235|500,maze-32-32-4,maze,50,235,500,0,repair5g59_high_beta_cap_safe,repair5g518_grid_c1p25_b1p25_f1p00_w0p75_dc0p95_df1p00_beta0p7_max1p00_c0,False,False,True,False,False,False,False,False
maze-32-32-4|50|236|1000|0,maze-32-32-4|50|236|1000,maze-32-32-4,maze,50,236,1000,0,repair5g59_high_beta_cap_safe,repair5g518_grid_c1p25_b1p25_f1p00_w0p75_dc0p95_df1p00_beta0p7_max1p00_c0,False,False,True,False,False,False,False,False
maze-32-32-4|50|236|2000|0,maze-32-32-4|50|236|2000,maze-32-32-4,maze,50,236,2000,0,repair5g59_static_flow_shield,repair5g59_wait_conservative,True,True,True,False,False,False,False,False
maze-32-32-4|50|236|500|0,maze-32-32-4|50|236|500,maze-32-32-4,maze,50,236,500,0,repair5g59_high_beta_cap_safe,repair5g518_grid_c1p25_b1p25_f1p00_w0p75_dc0p95_df1p00_beta0p7_max1p00_c0,False,False,True,False,False,False,False,False
maze-32-32-4|50|237|1000|0,maze-32-32-4|50|237|1000,maze-32-32-4,maze,50,237,1000,0,repair5g59_high_beta_cap_safe,repair5g518_grid_c1p25_b1p25_f1p00_w0p75_dc0p95_df1p00_beta0p7_max1p00_c0,False,False,True,False,False,False,False,False
maze-32-32-4|50|237|2000|0,maze-32-32-4|50|237|2000,maze-32-32-4,maze,50,237,2000,0,repair5g59_high_beta_cap_safe,repair5g518_grid_c1p25_b1p25_f1p00_w0p75_dc0p95_df1p00_beta0p7_max1p00_c0,True,True,True,False,False,False,False,False
maze-32-32-4|50|237|500|0,maze-32-32-4|50|237|500,maze-32-32-4,maze,50,237,500,0,repair5g59_high_beta_cap_safe,repair5g518_grid_c1p25_b1p25_f1p00_w0p75_dc0p95_df1p00_beta0p7_max1p00_c0,False,False,True,False,False,False,False,False
maze-32-32-4|50|238|1000|0,maze-32-32-4|50|238|1000,maze-32-32-4,maze,50,238,1000,0,repair5g59_high_beta_cap_safe,repair5g518_grid_c1p25_b1p25_f1p00_w0p75_dc0p95_df1p00_beta0p7_max1p00_c0,False,False,True,False,False,False,False,False
maze-32-32-4|50|238|2000|0,maze-32-32-4|50|238|2000,maze-32-32-4,maze,50,238,2000,0,repair5g59_high_beta_cap_safe,repair5g518_grid_c1p25_b1p25_f1p00_w0p75_dc0p95_df1p00_beta0p7_max1p00_c0,False,False,True,False,False,False,False,False
maze-32-32-4|50|238|500|0,maze-32-32-4|50|238|500,maze-32-32-4,maze,50,238,500,0,repair5g59_high_beta_cap_safe,repair5g518_grid_c1p25_b1p25_f1p00_w0p75_dc0p95_df1p00_beta0p7_max1p00_c0,False,False,True,False,False,False,False,False
maze-32-32-4|50|239|1000|0,maze-32-32-4|50|239|1000,maze-32-32-4,maze,50,239,1000,0,repair5g59_high_beta_cap_safe,repair5g518_grid_c1p25_b1p25_f1p00_w0p75_dc0p95_df1p00_beta0p7_max1p00_c0,False,False,True,False,False,False,False,False
maze-32-32-4|50|239|2000|0,maze-32-32-4|50|239|2000,maze-32-32-4,maze,50,239,2000,0,repair5g59_static_flow_shield,repair5g59_wait_conservative,True,True,True,False,False,False,False,False
maze-32-32-4|50|239|500|0,maze-32-32-4|50|239|500,maze-32-32-4,maze,50,239,500,0,repair5g59_high_beta_cap_safe,repair5g518_grid_c1p25_b1p25_f1p00_w0p75_dc0p95_df1p00_beta0p7_max1p00_c0,False,False,True,False,False,False,False,False
maze-32-32-4|50|240|1000|0,maze-32-32-4|50|240|1000,maze-32-32-4,maze,50,240,1000,0,repair5g59_high_beta_cap_safe,repair5g518_grid_c1p25_b1p25_f1p00_w0p75_dc0p95_df1p00_beta0p7_max1p00_c0,False,False,True,False,False,False,False,False
maze-32-32-4|50|240|2000|0,maze-32-32-4|50|240|2000,maze-32-32-4,maze,50,240,2000,0,repair5g59_high_beta_cap_safe,repair5g518_grid_c1p25_b1p25_f1p00_w0p75_dc0p95_df1p00_beta0p7_max1p00_c0,False,False,True,False,False,False,False,False
maze-32-32-4|50|240|500|0,maze-32-32-4|50|240|500,maze-32-32-4,maze,50,240,500,0,repair5g59_high_beta_cap_safe,repair5g518_grid_c1p25_b1p25_f1p00_w0p75_dc0p95_df1p00_beta0p7_max1p00_c0,False,False,True,False,False,False,False,False
maze-32-32-4|50|241|1000|0,maze-32-32-4|50|241|1000,maze-32-32-4,maze,50,241,1000,0,repair5g59_high_beta_cap_safe,repair5g518_grid_c1p25_b1p25_f1p00_w0p75_dc0p95_df1p00_beta0p7_max1p00_c0,False,False,True,False,False,False,False,False
maze-32-32-4|50|241|2000|0,maze-32-32-4|50|241|2000,maze-32-32-4,maze,50,241,2000,0,repair5g59_static_flow_shield,repair5g59_flow_decay,False,False,True,False,False,False,False,False
maze-32-32-4|50|241|500|0,maze-32-32-4|50|241|500,maze-32-32-4,maze,50,241,500,0,repair5g59_high_beta_cap_safe,repair5g518_grid_c1p25_b1p25_f1p00_w0p75_dc0p95_df1p00_beta0p7_max1p00_c0,False,False,True,False,False,False,False,False
maze-32-32-4|50|242|1000|0,maze-32-32-4|50|242|1000,maze-32-32-4,maze,50,242,1000,0,repair5g59_high_beta_cap_safe,repair5g518_grid_c1p25_b1p25_f1p00_w0p75_dc0p95_df1p00_beta0p7_max1p00_c0,False,False,True,False,False,False,False,False
maze-32-32-4|50|242|2000|0,maze-32-32-4|50|242|2000,maze-32-32-4,maze,50,242,2000,0,repair5g59_static_flow_shield,repair5g59_wait_conservative,True,True,True,False,False,False,False,False
maze-32-32-4|50|242|500|0,maze-32-32-4|50|242|500,maze-32-32-4,maze,50,242,500,0,repair5g59_high_beta_cap_safe,repair5g518_grid_c1p25_b1p25_f1p00_w0p75_dc0p95_df1p00_beta0p7_max1p00_c0,False,False,True,False,False,False,False,False
maze-32-32-4|50|243|1000|0,maze-32-32-4|50|243|1000,maze-32-32-4,maze,50,243,1000,0,repair5g59_high_beta_cap_safe,repair5g518_grid_c1p25_b1p25_f1p00_w0p75_dc0p95_df1p00_beta0p7_max1p00_c0,False,False,True,False,False,False,False,False
maze-32-32-4|50|243|2000|0,maze-32-32-4|50|243|2000,maze-32-32-4,maze,50,243,2000,0,repair5g59_static_flow_shield,repair5g518_grid_c1p25_b1p25_f1p00_w0p75_dc0p95_df1p00_beta0p7_max1p00_c0,True,True,True,False,False,False,False,False
maze-32-32-4|50|243|500|0,maze-32-32-4|50|243|500,maze-32-32-4,maze,50,243,500,0,repair5g59_high_beta_cap_safe,repair5g518_grid_c1p25_b1p25_f1p00_w0p75_dc0p95_df1p00_beta0p7_max1p00_c0,False,False,True,False,False,False,False,False
maze-32-32-4|50|244|1000|0,maze-32-32-4|50|244|1000,maze-32-32-4,maze,50,244,1000,0,repair5g59_high_beta_cap_safe,repair5g518_grid_c1p25_b1p25_f1p00_w0p75_dc0p95_df1p00_beta0p7_max1p00_c0,False,False,True,False,False,False,False,False
maze-32-32-4|50|244|2000|0,maze-32-32-4|50|244|2000,maze-32-32-4,maze,50,244,2000,0,repair5g59_high_beta_cap_safe,repair5g518_grid_c1p25_b1p25_f1p00_w0p75_dc0p95_df1p00_beta0p7_max1p00_c0,False,False,True,False,False,False,False,False
maze-32-32-4|50|244|500|0,maze-32-32-4|50|244|500,maze-32-32-4,maze,50,244,500,0,repair5g59_high_beta_cap_safe,repair5g518_grid_c1p25_b1p25_f1p00_w0p75_dc0p95_df1p00_beta0p7_max1p00_c0,False,False,True,False,False,False,False,False
maze-32-32-4|50|245|1000|0,maze-32-32-4|50|245|1000,maze-32-32-4,maze,50,245,1000,0,repair5g59_high_beta_cap_safe,repair5g518_grid_c1p25_b1p25_f1p00_w0p75_dc0p95_df1p00_beta0p7_max1p00_c0,False,False,True,False,False,False,False,False
maze-32-32-4|50|245|2000|0,maze-32-32-4|50|245|2000,maze-32-32-4,maze,50,245,2000,0,repair5g59_high_beta_cap_safe,repair5g518_grid_c1p25_b1p25_f1p00_w0p75_dc0p95_df1p00_beta0p7_max1p00_c0,False,False,True,False,False,False,False,False
maze-32-32-4|50|245|500|0,maze-32-32-4|50|245|500,maze-32-32-4,maze,50,245,500,0,repair5g59_high_beta_cap_safe,repair5g518_grid_c1p25_b1p25_f1p00_w0p75_dc0p95_df1p00_beta0p7_max1p00_c0,False,False,True,False,False,False,False,False
random-32-32-20|100|146|1000|0,random-32-32-20|100|146|1000,random-32-32-20,random,100,146,1000,0,repair5g59_high_beta_cap_safe,repair5g59_additive_fallback,False,False,True,False,False,False,False,False
random-32-32-20|100|146|2000|0,random-32-32-20|100|146|2000,random-32-32-20,random,100,146,2000,0,repair5g59_high_beta_cap_safe,repair5g59_additive_fallback,False,False,True,False,False,False,False,False
random-32-32-20|100|146|2000|1,random-32-32-20|100|146|2000,random-32-32-20,random,100,146,2000,1,repair5g59_high_beta_cap_safe,repair5g59_c_only_f_disabled,True,False,True,False,False,False,False,False
random-32-32-20|100|146|500|0,random-32-32-20|100|146|500,random-32-32-20,random,100,146,500,0,repair5g59_high_beta_cap_safe,repair5g59_additive_fallback,False,False,True,False,False,False,False,False
random-32-32-20|100|147|1000|0,random-32-32-20|100|147|1000,random-32-32-20,random,100,147,1000,0,repair5g59_high_beta_cap_safe,repair5g59_additive_fallback,False,False,True,False,False,False,False,False
random-32-32-20|100|147|2000|0,random-32-32-20|100|147|2000,random-32-32-20,random,100,147,2000,0,repair5g59_high_beta_cap_safe,repair5g59_additive_fallback,False,False,True,False,False,False,False,False
random-32-32-20|100|147|2000|1,random-32-32-20|100|147|2000,random-32-32-20,random,100,147,2000,1,repair5g59_high_beta_cap_safe,repair5g59_c_only_f_disabled,True,False,True,False,False,False,False,False
random-32-32-20|100|147|500|0,random-32-32-20|100|147|500,random-32-32-20,random,100,147,500,0,repair5g59_high_beta_cap_safe,repair5g59_block_heavy_flow_guard,False,False,True,False,False,False,False,False
random-32-32-20|100|148|1000|0,random-32-32-20|100|148|1000,random-32-32-20,random,100,148,1000,0,repair5g59_high_beta_cap_safe,repair5g59_additive_fallback,False,False,True,False,False,False,False,False
random-32-32-20|100|148|2000|0,random-32-32-20|100|148|2000,random-32-32-20,random,100,148,2000,0,repair5g59_high_beta_cap_safe,repair5g59_additive_fallback,False,False,True,False,False,False,False,False
random-32-32-20|100|148|2000|1,random-32-32-20|100|148|2000,random-32-32-20,random,100,148,2000,1,repair5g59_high_beta_cap_safe,repair5g59_additive_fallback,True,False,True,False,False,False,False,False
random-32-32-20|100|148|500|0,random-32-32-20|100|148|500,random-32-32-20,random,100,148,500,0,repair5g59_high_beta_cap_safe,repair5g59_additive_fallback,False,False,True,False,False,False,False,False
random-32-32-20|100|149|1000|0,random-32-32-20|100|149|1000,random-32-32-20,random,100,149,1000,0,repair5g59_high_beta_cap_safe,repair5g59_additive_fallback,False,False,True,False,False,False,False,False
random-32-32-20|100|149|2000|0,random-32-32-20|100|149|2000,random-32-32-20,random,100,149,2000,0,repair5g59_high_beta_cap_safe,repair5g59_additive_fallback,False,False,True,False,False,False,False,False
random-32-32-20|100|149|2000|1,random-32-32-20|100|149|2000,random-32-32-20,random,100,149,2000,1,repair5g59_high_beta_cap_safe,repair5g59_additive_fallback,True,False,True,False,False,False,False,False
random-32-32-20|100|149|500|0,random-32-32-20|100|149|500,random-32-32-20,random,100,149,500,0,repair5g59_high_beta_cap_safe,repair5g59_additive_fallback,False,False,True,False,False,False,False,False
random-32-32-20|100|150|1000|0,random-32-32-20|100|150|1000,random-32-32-20,random,100,150,1000,0,repair5g59_high_beta_cap_safe,repair5g59_additive_fallback,False,False,True,False,False,False,False,False
random-32-32-20|100|150|2000|0,random-32-32-20|100|150|2000,random-32-32-20,random,100,150,2000,0,repair5g59_high_beta_cap_safe,repair5g59_additive_fallback,False,False,True,False,False,False,False,False
random-32-32-20|100|150|500|0,random-32-32-20|100|150|500,random-32-32-20,random,100,150,500,0,repair5g59_high_beta_cap_safe,repair5g59_additive_fallback,False,False,True,False,False,False,False,False
random-32-32-20|100|151|1000|0,random-32-32-20|100|151|1000,random-32-32-20,random,100,151,1000,0,repair5g59_high_beta_cap_safe,repair5g59_additive_fallback,False,False,True,False,False,False,False,False
random-32-32-20|100|151|2000|0,random-32-32-20|100|151|2000,random-32-32-20,random,100,151,2000,0,repair5g59_high_beta_cap_safe,repair5g59_additive_fallback,False,False,True,False,False,False,False,False
random-32-32-20|100|151|2000|1,random-32-32-20|100|151|2000,random-32-32-20,random,100,151,2000,1,repair5g59_high_beta_cap_safe,repair5g59_additive_fallback,True,False,True,False,False,False,False,False
random-32-32-20|100|151|500|0,random-32-32-20|100|151|500,random-32-32-20,random,100,151,500,0,repair5g59_high_beta_cap_safe,repair5g59_additive_fallback,False,False,True,False,False,False,False,False
random-32-32-20|100|152|1000|0,random-32-32-20|100|152|1000,random-32-32-20,random,100,152,1000,0,repair5g59_high_beta_cap_safe,repair5g59_additive_fallback,False,False,True,False,False,False,False,False
random-32-32-20|100|152|2000|0,random-32-32-20|100|152|2000,random-32-32-20,random,100,152,2000,0,repair5g59_high_beta_cap_safe,repair5g59_additive_fallback,False,False,True,False,False,False,False,False
random-32-32-20|100|152|2000|1,random-32-32-20|100|152|2000,random-32-32-20,random,100,152,2000,1,repair5g59_high_beta_cap_safe,repair5g59_additive_fallback,True,False,True,False,False,False,False,False
random-32-32-20|100|152|500|0,random-32-32-20|100|152|500,random-32-32-20,random,100,152,500,0,repair5g59_high_beta_cap_safe,repair5g59_additive_fallback,False,False,True,False,False,False,False,False
random-32-32-20|100|153|1000|0,random-32-32-20|100|153|1000,random-32-32-20,random,100,153,1000,0,repair5g59_high_beta_cap_safe,repair5g59_additive_fallback,False,False,True,False,False,False,False,False
random-32-32-20|100|153|2000|0,random-32-32-20|100|153|2000,random-32-32-20,random,100,153,2000,0,repair5g59_high_beta_cap_safe,repair5g59_additive_fallback,False,False,True,False,False,False,False,False
random-32-32-20|100|153|2000|1,random-32-32-20|100|153|2000,random-32-32-20,random,100,153,2000,1,repair5g59_high_beta_cap_safe,repair5g59_additive_fallback,False,False,True,False,False,False,False,False
random-32-32-20|100|153|500|0,random-32-32-20|100|153|500,random-32-32-20,random,100,153,500,0,repair5g59_high_beta_cap_safe,repair5g59_additive_fallback,False,False,True,False,False,False,False,False
random-32-32-20|100|154|1000|0,random-32-32-20|100|154|1000,random-32-32-20,random,100,154,1000,0,repair5g59_high_beta_cap_safe,repair5g59_additive_fallback,False,False,True,False,False,False,False,False
random-32-32-20|100|154|2000|0,random-32-32-20|100|154|2000,random-32-32-20,random,100,154,2000,0,repair5g59_high_beta_cap_safe,repair5g59_additive_fallback,False,False,True,False,False,False,False,False
random-32-32-20|100|154|2000|1,random-32-32-20|100|154|2000,random-32-32-20,random,100,154,2000,1,repair5g59_high_beta_cap_safe,repair5g59_additive_fallback,True,False,True,False,False,False,False,False
random-32-32-20|100|154|500|0,random-32-32-20|100|154|500,random-32-32-20,random,100,154,500,0,repair5g59_high_beta_cap_safe,repair5g59_additive_fallback,False,False,True,False,False,False,False,False
random-32-32-20|100|155|1000|0,random-32-32-20|100|155|1000,random-32-32-20,random,100,155,1000,0,repair5g59_high_beta_cap_safe,repair5g59_additive_fallback,False,False,True,False,False,False,False,False
random-32-32-20|100|155|2000|0,random-32-32-20|100|155|2000,random-32-32-20,random,100,155,2000,0,repair5g59_high_beta_cap_safe,repair5g59_additive_fallback,False,False,True,False,False,False,False,False
random-32-32-20|100|155|2000|1,random-32-32-20|100|155|2000,random-32-32-20,random,100,155,2000,1,repair5g59_high_beta_cap_safe,repair5g59_additive_fallback,True,False,True,False,False,False,False,False
random-32-32-20|100|155|500|0,random-32-32-20|100|155|500,random-32-32-20,random,100,155,500,0,repair5g59_high_beta_cap_safe,repair5g59_additive_fallback,False,False,True,False,False,False,False,False
random-32-32-20|100|160|1000|0,random-32-32-20|100|160|1000,random-32-32-20,random,100,160,1000,0,repair5g59_high_beta_cap_safe,repair5g518_grid_c1p25_b1p25_f0p00_w0p5_dc0p95_df1p00_beta0p00_max0p00_c1,False,False,True,False,False,False,False,False
random-32-32-20|100|160|2000|0,random-32-32-20|100|160|2000,random-32-32-20,random,100,160,2000,0,repair5g59_high_beta_cap_safe,repair5g518_grid_c1p25_b1p25_f0p00_w0p5_dc0p95_df1p00_beta0p00_max0p00_c1,False,False,True,False,False,False,False,False
random-32-32-20|100|160|2000|1,random-32-32-20|100|160|2000,random-32-32-20,random,100,160,2000,1,repair5g59_wait_aggressive,repair5g518_grid_c1p25_b1p25_f1p00_w0p75_dc0p95_df1p00_beta0p5_max0p75_c0,False,False,True,False,False,False,False,False
random-32-32-20|100|160|500|0,random-32-32-20|100|160|500,random-32-32-20,random,100,160,500,0,repair5g59_high_beta_cap_safe,repair5g518_grid_c1p25_b1p25_f0p00_w0p5_dc0p95_df1p00_beta0p00_max0p00_c1,False,False,True,False,False,False,False,False
random-32-32-20|100|161|1000|0,random-32-32-20|100|161|1000,random-32-32-20,random,100,161,1000,0,repair5g59_high_beta_cap_safe,repair5g518_grid_c1p25_b1p25_f0p00_w0p5_dc0p95_df1p00_beta0p00_max0p00_c1,False,False,True,False,False,False,False,False
random-32-32-20|100|161|2000|0,random-32-32-20|100|161|2000,random-32-32-20,random,100,161,2000,0,repair5g59_high_beta_cap_safe,repair5g518_grid_c1p25_b1p25_f0p00_w0p5_dc0p95_df1p00_beta0p00_max0p00_c1,False,False,True,False,False,False,False,False
random-32-32-20|100|161|2000|1,random-32-32-20|100|161|2000,random-32-32-20,random,100,161,2000,1,repair5g59_wait_aggressive,repair5g518_grid_c1p25_b1p25_f1p00_w0p75_dc0p95_df1p00_beta0p5_max0p75_c0,False,False,True,False,False,False,False,False
random-32-32-20|100|161|500|0,random-32-32-20|100|161|500,random-32-32-20,random,100,161,500,0,repair5g59_high_beta_cap_safe,repair5g518_grid_c1p25_b1p25_f0p00_w0p5_dc0p95_df1p00_beta0p00_max0p00_c1,False,False,True,False,False,False,False,False
random-32-32-20|100|162|1000|0,random-32-32-20|100|162|1000,random-32-32-20,random,100,162,1000,0,repair5g59_high_beta_cap_safe,repair5g518_grid_c1p25_b1p25_f0p00_w0p5_dc0p95_df1p00_beta0p00_max0p00_c1,False,False,True,False,False,False,False,False
random-32-32-20|100|162|2000|0,random-32-32-20|100|162|2000,random-32-32-20,random,100,162,2000,0,repair5g59_high_beta_cap_safe,repair5g518_grid_c1p25_b1p25_f0p00_w0p5_dc0p95_df1p00_beta0p00_max0p00_c1,False,False,True,False,False,False,False,False
random-32-32-20|100|162|2000|1,random-32-32-20|100|162|2000,random-32-32-20,random,100,162,2000,1,repair5g59_static_flow_shield,repair5g518_grid_c1p25_b1p25_f1p00_w0p65_dc0p95_df1p00_beta0p35_max0p75_c0,False,False,True,False,False,False,False,False
random-32-32-20|100|162|500|0,random-32-32-20|100|162|500,random-32-32-20,random,100,162,500,0,repair5g59_high_beta_cap_safe,repair5g518_grid_c1p25_b1p25_f0p00_w0p5_dc0p95_df1p00_beta0p00_max0p00_c1,False,False,True,False,False,False,False,False
random-32-32-20|100|163|1000|0,random-32-32-20|100|163|1000,random-32-32-20,random,100,163,1000,0,repair5g59_high_beta_cap_safe,repair5g518_grid_c1p25_b1p25_f0p00_w0p5_dc0p95_df1p00_beta0p00_max0p00_c1,False,False,True,False,False,False,False,False
random-32-32-20|100|163|2000|0,random-32-32-20|100|163|2000,random-32-32-20,random,100,163,2000,0,repair5g59_high_beta_cap_safe,repair5g518_grid_c1p25_b1p25_f0p00_w0p5_dc0p95_df1p00_beta0p00_max0p00_c1,False,False,True,False,False,False,False,False
random-32-32-20|100|163|2000|1,random-32-32-20|100|163|2000,random-32-32-20,random,100,163,2000,1,repair5g59_static_flow_shield,repair5g518_grid_c1p25_b1p25_f0p00_w0p5_dc0p95_df1p00_beta0p00_max0p00_c1,False,False,True,False,False,False,False,False
random-32-32-20|100|163|500|0,random-32-32-20|100|163|500,random-32-32-20,random,100,163,500,0,repair5g59_high_beta_cap_safe,repair5g518_grid_c1p25_b1p25_f0p00_w0p5_dc0p95_df1p00_beta0p00_max0p00_c1,False,False,True,False,False,False,False,False
random-32-32-20|100|164|1000|0,random-32-32-20|100|164|1000,random-32-32-20,random,100,164,1000,0,repair5g59_high_beta_cap_safe,repair5g518_grid_c1p25_b1p25_f0p00_w0p5_dc0p95_df1p00_beta0p00_max0p00_c1,False,False,True,False,False,False,False,False
random-32-32-20|100|164|2000|0,random-32-32-20|100|164|2000,random-32-32-20,random,100,164,2000,0,repair5g59_high_beta_cap_safe,repair5g518_grid_c1p25_b1p25_f0p00_w0p5_dc0p95_df1p00_beta0p00_max0p00_c1,False,False,True,False,False,False,False,False
random-32-32-20|100|164|2000|1,random-32-32-20|100|164|2000,random-32-32-20,random,100,164,2000,1,repair5g59_wait_aggressive,repair5g518_grid_c1p25_b1p25_f1p00_w0p35_dc0p95_df1p00_beta0p35_max0p75_c0,False,False,True,False,False,False,False,False
random-32-32-20|100|164|500|0,random-32-32-20|100|164|500,random-32-32-20,random,100,164,500,0,repair5g59_high_beta_cap_safe,repair5g518_grid_c1p25_b1p25_f0p00_w0p5_dc0p95_df1p00_beta0p00_max0p00_c1,False,False,True,False,False,False,False,False
random-32-32-20|100|165|1000|0,random-32-32-20|100|165|1000,random-32-32-20,random,100,165,1000,0,repair5g59_high_beta_cap_safe,repair5g518_grid_c1p25_b1p25_f0p00_w0p5_dc0p95_df1p00_beta0p00_max0p00_c1,False,False,True,False,False,False,False,False
random-32-32-20|100|165|2000|0,random-32-32-20|100|165|2000,random-32-32-20,random,100,165,2000,0,repair5g59_high_beta_cap_safe,repair5g518_grid_c1p25_b1p25_f0p00_w0p5_dc0p95_df1p00_beta0p00_max0p00_c1,False,False,True,False,False,False,False,False
random-32-32-20|100|165|2000|1,random-32-32-20|100|165|2000,random-32-32-20,random,100,165,2000,1,repair5g59_wait_aggressive,repair5g518_grid_c1p25_b1p25_f1p00_w0p75_dc0p95_df0p9_beta0p35_max0p75_c0,False,False,True,False,False,False,False,False
random-32-32-20|100|165|500|0,random-32-32-20|100|165|500,random-32-32-20,random,100,165,500,0,repair5g59_high_beta_cap_safe,repair5g518_grid_c1p25_b1p25_f0p00_w0p5_dc0p95_df1p00_beta0p00_max0p00_c1,False,False,True,False,False,False,False,False
random-32-32-20|100|206|1000|0,random-32-32-20|100|206|1000,random-32-32-20,random,100,206,1000,0,repair5g59_high_beta_cap_safe,repair5g518_grid_c1p25_b1p25_f0p00_w0p5_dc0p95_df1p00_beta0p00_max0p00_c1,False,False,True,False,False,False,False,False
random-32-32-20|100|206|500|0,random-32-32-20|100|206|500,random-32-32-20,random,100,206,500,0,repair5g59_high_beta_cap_safe,repair5g518_grid_c1p25_b1p25_f1p00_w0p35_dc0p95_df1p00_beta0p35_max0p75_c0,False,False,True,False,False,False,False,False
random-32-32-20|100|207|1000|0,random-32-32-20|100|207|1000,random-32-32-20,random,100,207,1000,0,repair5g59_high_beta_cap_safe,repair5g518_grid_c1p25_b1p25_f0p00_w0p5_dc0p95_df1p00_beta0p00_max0p00_c1,False,False,True,False,False,False,False,False
random-32-32-20|100|207|500|0,random-32-32-20|100|207|500,random-32-32-20,random,100,207,500,0,repair5g59_high_beta_cap_safe,repair5g518_grid_c1p25_b1p25_f0p00_w0p5_dc0p95_df1p00_beta0p00_max0p00_c1,False,False,True,False,False,False,False,False
random-32-32-20|100|208|1000|0,random-32-32-20|100|208|1000,random-32-32-20,random,100,208,1000,0,repair5g59_high_beta_cap_safe,repair5g518_grid_c1p25_b1p25_f0p00_w0p5_dc0p95_df1p00_beta0p00_max0p00_c1,False,False,True,False,False,False,False,False
random-32-32-20|100|208|500|0,random-32-32-20|100|208|500,random-32-32-20,random,100,208,500,0,repair5g59_high_beta_cap_safe,repair5g518_grid_c1p25_b1p25_f1p00_w0p75_dc0p95_df1p00_beta0p5_max0p75_c0,False,False,True,False,False,False,False,False
random-32-32-20|100|209|1000|0,random-32-32-20|100|209|1000,random-32-32-20,random,100,209,1000,0,repair5g59_high_beta_cap_safe,repair5g518_grid_c1p25_b1p25_f0p00_w0p5_dc0p95_df1p00_beta0p00_max0p00_c1,False,False,True,False,False,False,False,False
random-32-32-20|100|209|500|0,random-32-32-20|100|209|500,random-32-32-20,random,100,209,500,0,repair5g59_high_beta_cap_safe,repair5g518_grid_c1p25_b1p25_f0p00_w0p5_dc0p95_df1p00_beta0p00_max0p00_c1,False,False,True,False,False,False,False,False
random-32-32-20|100|210|1000|0,random-32-32-20|100|210|1000,random-32-32-20,random,100,210,1000,0,repair5g59_high_beta_cap_safe,repair5g518_grid_c1p25_b1p25_f0p00_w0p5_dc0p95_df1p00_beta0p00_max0p00_c1,False,False,True,False,False,False,False,False
random-32-32-20|100|210|500|0,random-32-32-20|100|210|500,random-32-32-20,random,100,210,500,0,repair5g59_static_flow_shield,repair5g518_grid_c1p25_b1p25_f0p00_w0p5_dc0p95_df1p00_beta0p00_max0p00_c1,False,False,True,False,False,False,False,False
random-32-32-20|100|211|1000|0,random-32-32-20|100|211|1000,random-32-32-20,random,100,211,1000,0,repair5g59_high_beta_cap_safe,repair5g518_grid_c1p25_b1p25_f0p00_w0p5_dc0p95_df1p00_beta0p00_max0p00_c1,False,False,True,False,False,False,False,False
random-32-32-20|100|211|500|0,random-32-32-20|100|211|500,random-32-32-20,random,100,211,500,0,repair5g59_high_beta_cap_safe,repair5g518_grid_c1p25_b1p25_f0p00_w0p5_dc0p95_df1p00_beta0p00_max0p00_c1,False,False,True,False,False,False,False,False
random-32-32-20|100|218|1000|0,random-32-32-20|100|218|1000,random-32-32-20,random,100,218,1000,0,repair5g59_high_beta_cap_safe,repair5g518_grid_c1p25_b1p25_f1p00_w0p75_dc0p95_df1p00_beta0p7_max1p00_c0,False,False,True,False,False,False,False,False
random-32-32-20|100|218|2000|0,random-32-32-20|100|218|2000,random-32-32-20,random,100,218,2000,0,repair5g59_high_beta_cap_safe,repair5g518_grid_c1p25_b1p25_f1p00_w0p75_dc0p95_df1p00_beta0p7_max1p00_c0,False,False,True,False,False,False,False,False
random-32-32-20|100|218|2000|1,random-32-32-20|100|218|2000,random-32-32-20,random,100,218,2000,1,repair5g59_high_beta_cap_safe,repair5g59_additive_fallback,False,False,True,False,False,False,False,False
random-32-32-20|100|218|500|0,random-32-32-20|100|218|500,random-32-32-20,random,100,218,500,0,repair5g59_high_beta_cap_safe,repair5g518_grid_c1p25_b1p25_f1p00_w0p75_dc0p95_df1p00_beta0p7_max1p00_c0,False,False,True,False,False,False,False,False
random-32-32-20|100|219|1000|0,random-32-32-20|100|219|1000,random-32-32-20,random,100,219,1000,0,repair5g59_high_beta_cap_safe,repair5g518_grid_c1p25_b1p25_f1p00_w0p75_dc0p95_df1p00_beta0p7_max1p00_c0,False,False,True,False,False,False,False,False
random-32-32-20|100|219|2000|0,random-32-32-20|100|219|2000,random-32-32-20,random,100,219,2000,0,repair5g59_high_beta_cap_safe,repair5g518_grid_c1p25_b1p25_f1p00_w0p75_dc0p95_df1p00_beta0p7_max1p00_c0,False,False,True,False,False,False,False,False
random-32-32-20|100|219|500|0,random-32-32-20|100|219|500,random-32-32-20,random,100,219,500,0,repair5g59_high_beta_cap_safe,repair5g518_grid_c1p25_b1p25_f1p00_w0p75_dc0p95_df1p00_beta0p7_max1p00_c0,False,False,True,False,False,False,False,False
random-32-32-20|100|220|1000|0,random-32-32-20|100|220|1000,random-32-32-20,random,100,220,1000,0,repair5g59_high_beta_cap_safe,repair5g518_grid_c1p25_b1p25_f1p00_w0p75_dc0p95_df1p00_beta0p7_max1p00_c0,False,False,True,False,False,False,False,False
random-32-32-20|100|220|2000|0,random-32-32-20|100|220|2000,random-32-32-20,random,100,220,2000,0,repair5g59_high_beta_cap_safe,repair5g518_grid_c1p25_b1p25_f1p00_w0p75_dc0p95_df1p00_beta0p7_max1p00_c0,False,False,True,False,False,False,False,False
random-32-32-20|100|220|2000|1,random-32-32-20|100|220|2000,random-32-32-20,random,100,220,2000,1,repair5g59_high_beta_cap_safe,repair5g518_grid_c1p25_b1p25_f1p00_w0p75_dc0p95_df1p00_beta0p7_max1p00_c0,False,False,True,False,False,False,False,False
random-32-32-20|100|220|500|0,random-32-32-20|100|220|500,random-32-32-20,random,100,220,500,0,repair5g59_high_beta_cap_safe,repair5g518_grid_c1p25_b1p25_f1p00_w0p75_dc0p95_df1p00_beta0p7_max1p00_c0,False,False,True,False,False,False,False,False
random-32-32-20|100|221|1000|0,random-32-32-20|100|221|1000,random-32-32-20,random,100,221,1000,0,repair5g59_high_beta_cap_safe,repair5g518_grid_c1p25_b1p25_f1p00_w0p75_dc0p95_df1p00_beta0p7_max1p00_c0,False,False,True,False,False,False,False,False
random-32-32-20|100|221|2000|0,random-32-32-20|100|221|2000,random-32-32-20,random,100,221,2000,0,repair5g59_high_beta_cap_safe,repair5g518_grid_c1p25_b1p25_f1p00_w0p75_dc0p95_df1p00_beta0p7_max1p00_c0,False,False,True,False,False,False,False,False
random-32-32-20|100|221|2000|1,random-32-32-20|100|221|2000,random-32-32-20,random,100,221,2000,1,repair5g59_high_beta_cap_safe,repair5g518_grid_c1p25_b1p25_f1p00_w0p75_dc0p95_df1p00_beta0p7_max1p00_c0,False,False,True,False,False,False,False,False
random-32-32-20|100|221|500|0,random-32-32-20|100|221|500,random-32-32-20,random,100,221,500,0,repair5g59_high_beta_cap_safe,repair5g518_grid_c1p25_b1p25_f1p00_w0p75_dc0p95_df1p00_beta0p7_max1p00_c0,False,False,True,False,False,False,False,False
random-32-32-20|100|222|1000|0,random-32-32-20|100|222|1000,random-32-32-20,random,100,222,1000,0,repair5g59_high_beta_cap_safe,repair5g518_grid_c1p25_b1p25_f1p00_w0p75_dc0p95_df1p00_beta0p7_max1p00_c0,False,False,True,False,False,False,False,False
random-32-32-20|100|222|2000|0,random-32-32-20|100|222|2000,random-32-32-20,random,100,222,2000,0,repair5g59_high_beta_cap_safe,repair5g518_grid_c1p25_b1p25_f1p00_w0p75_dc0p95_df1p00_beta0p7_max1p00_c0,False,False,True,False,False,False,False,False
random-32-32-20|100|222|2000|1,random-32-32-20|100|222|2000,random-32-32-20,random,100,222,2000,1,repair5g59_static_flow_shield,repair5g59_flow_decay,False,False,True,False,False,False,False,False
random-32-32-20|100|222|500|0,random-32-32-20|100|222|500,random-32-32-20,random,100,222,500,0,repair5g59_static_flow_shield,repair5g59_additive_fallback,False,False,True,False,False,False,False,False
random-32-32-20|100|223|1000|0,random-32-32-20|100|223|1000,random-32-32-20,random,100,223,1000,0,repair5g59_high_beta_cap_safe,repair5g518_grid_c1p25_b1p25_f1p00_w0p75_dc0p95_df1p00_beta0p7_max1p00_c0,False,False,True,False,False,False,False,False
random-32-32-20|100|223|2000|0,random-32-32-20|100|223|2000,random-32-32-20,random,100,223,2000,0,repair5g59_high_beta_cap_safe,repair5g518_grid_c1p25_b1p25_f1p00_w0p75_dc0p95_df1p00_beta0p7_max1p00_c0,False,False,True,False,False,False,False,False
random-32-32-20|100|223|2000|1,random-32-32-20|100|223|2000,random-32-32-20,random,100,223,2000,1,repair5g59_static_flow_shield,repair5g518_grid_c1p25_b1p25_f1p00_w0p75_dc0p95_df1p00_beta0p7_max1p00_c0,False,False,True,False,False,False,False,False
random-32-32-20|100|223|500|0,random-32-32-20|100|223|500,random-32-32-20,random,100,223,500,0,repair5g59_high_beta_cap_safe,repair5g518_grid_c1p25_b1p25_f1p00_w0p75_dc0p95_df1p00_beta0p7_max1p00_c0,False,False,True,False,False,False,False,False
random-32-32-20|100|224|1000|0,random-32-32-20|100|224|1000,random-32-32-20,random,100,224,1000,0,repair5g59_high_beta_cap_safe,repair5g518_grid_c1p25_b1p25_f1p00_w0p75_dc0p95_df1p00_beta0p7_max1p00_c0,False,False,True,False,False,False,False,False
random-32-32-20|100|224|2000|0,random-32-32-20|100|224|2000,random-32-32-20,random,100,224,2000,0,repair5g59_high_beta_cap_safe,repair5g518_grid_c1p25_b1p25_f1p00_w0p75_dc0p95_df1p00_beta0p7_max1p00_c0,False,False,True,False,False,False,False,False
random-32-32-20|100|224|500|0,random-32-32-20|100|224|500,random-32-32-20,random,100,224,500,0,repair5g59_high_beta_cap_safe,repair5g518_grid_c1p25_b1p25_f1p00_w0p75_dc0p95_df1p00_beta0p7_max1p00_c0,False,False,True,False,False,False,False,False
random-32-32-20|100|225|1000|0,random-32-32-20|100|225|1000,random-32-32-20,random,100,225,1000,0,repair5g59_high_beta_cap_safe,repair5g518_grid_c1p25_b1p25_f1p00_w0p75_dc0p95_df1p00_beta0p7_max1p00_c0,False,False,True,False,False,False,False,False
random-32-32-20|100|225|2000|0,random-32-32-20|100|225|2000,random-32-32-20,random,100,225,2000,0,repair5g59_high_beta_cap_safe,repair5g518_grid_c1p25_b1p25_f1p00_w0p75_dc0p95_df1p00_beta0p7_max1p00_c0,False,False,True,False,False,False,False,False
random-32-32-20|100|225|2000|1,random-32-32-20|100|225|2000,random-32-32-20,random,100,225,2000,1,repair5g59_static_flow_shield,repair5g518_grid_c1p25_b1p25_f1p00_w0p75_dc0p95_df1p00_beta0p7_max1p00_c0,False,False,True,False,False,False,False,False
random-32-32-20|100|225|500|0,random-32-32-20|100|225|500,random-32-32-20,random,100,225,500,0,repair5g59_high_beta_cap_safe,repair5g518_grid_c1p25_b1p25_f1p00_w0p75_dc0p95_df1p00_beta0p7_max1p00_c0,False,False,True,False,False,False,False,False
random-32-32-20|100|226|1000|0,random-32-32-20|100|226|1000,random-32-32-20,random,100,226,1000,0,repair5g59_high_beta_cap_safe,repair5g518_grid_c1p25_b1p25_f1p00_w0p75_dc0p95_df1p00_beta0p7_max1p00_c0,False,False,True,False,False,False,False,False
random-32-32-20|100|226|2000|0,random-32-32-20|100|226|2000,random-32-32-20,random,100,226,2000,0,repair5g59_high_beta_cap_safe,repair5g518_grid_c1p25_b1p25_f1p00_w0p75_dc0p95_df1p00_beta0p7_max1p00_c0,False,False,True,False,False,False,False,False
random-32-32-20|100|226|2000|1,random-32-32-20|100|226|2000,random-32-32-20,random,100,226,2000,1,repair5g59_static_flow_shield,repair5g59_flow_decay,False,False,True,False,False,False,False,False
random-32-32-20|100|226|500|0,random-32-32-20|100|226|500,random-32-32-20,random,100,226,500,0,repair5g59_high_beta_cap_safe,repair5g518_grid_c1p25_b1p25_f1p00_w0p75_dc0p95_df1p00_beta0p7_max1p00_c0,False,False,True,False,False,False,False,False
random-32-32-20|100|227|1000|0,random-32-32-20|100|227|1000,random-32-32-20,random,100,227,1000,0,repair5g59_high_beta_cap_safe,repair5g518_grid_c1p25_b1p25_f1p00_w0p75_dc0p95_df1p00_beta0p7_max1p00_c0,False,False,True,False,False,False,False,False
random-32-32-20|100|227|2000|0,random-32-32-20|100|227|2000,random-32-32-20,random,100,227,2000,0,repair5g59_high_beta_cap_safe,repair5g518_grid_c1p25_b1p25_f1p00_w0p75_dc0p95_df1p00_beta0p7_max1p00_c0,False,False,True,False,False,False,False,False
random-32-32-20|100|227|2000|1,random-32-32-20|100|227|2000,random-32-32-20,random,100,227,2000,1,repair5g59_high_beta_cap_safe,repair5g518_grid_c1p25_b1p25_f1p00_w0p75_dc0p95_df1p00_beta0p7_max1p00_c0,False,False,True,False,False,False,False,False
random-32-32-20|100|227|500|0,random-32-32-20|100|227|500,random-32-32-20,random,100,227,500,0,repair5g59_high_beta_cap_safe,repair5g518_grid_c1p25_b1p25_f1p00_w0p75_dc0p95_df1p00_beta0p7_max1p00_c0,False,False,True,False,False,False,False,False
random-32-32-20|100|228|1000|0,random-32-32-20|100|228|1000,random-32-32-20,random,100,228,1000,0,repair5g59_high_beta_cap_safe,repair5g518_grid_c1p25_b1p25_f1p00_w0p75_dc0p95_df1p00_beta0p7_max1p00_c0,False,False,True,False,False,False,False,False
random-32-32-20|100|228|2000|0,random-32-32-20|100|228|2000,random-32-32-20,random,100,228,2000,0,repair5g59_high_beta_cap_safe,repair5g518_grid_c1p25_b1p25_f1p00_w0p75_dc0p95_df1p00_beta0p7_max1p00_c0,False,False,True,False,False,False,False,False
random-32-32-20|100|228|500|0,random-32-32-20|100|228|500,random-32-32-20,random,100,228,500,0,repair5g59_high_beta_cap_safe,repair5g518_grid_c1p25_b1p25_f1p00_w0p75_dc0p95_df1p00_beta0p7_max1p00_c0,False,False,True,False,False,False,False,False
random-32-32-20|100|229|1000|0,random-32-32-20|100|229|1000,random-32-32-20,random,100,229,1000,0,repair5g59_high_beta_cap_safe,repair5g518_grid_c1p25_b1p25_f1p00_w0p75_dc0p95_df1p00_beta0p7_max1p00_c0,False,False,True,False,False,False,False,False
random-32-32-20|100|229|2000|0,random-32-32-20|100|229|2000,random-32-32-20,random,100,229,2000,0,repair5g59_high_beta_cap_safe,repair5g518_grid_c1p25_b1p25_f1p00_w0p75_dc0p95_df1p00_beta0p7_max1p00_c0,False,False,True,False,False,False,False,False
random-32-32-20|100|229|2000|1,random-32-32-20|100|229|2000,random-32-32-20,random,100,229,2000,1,repair5g59_static_flow_shield,repair5g59_static_flow_shield,False,False,False,False,False,False,False,False
random-32-32-20|100|229|500|0,random-32-32-20|100|229|500,random-32-32-20,random,100,229,500,0,repair5g59_high_beta_cap_safe,repair5g59_additive_fallback,True,False,True,False,False,False,False,False
random-32-32-20|100|230|1000|0,random-32-32-20|100|230|1000,random-32-32-20,random,100,230,1000,0,repair5g59_high_beta_cap_safe,repair5g518_grid_c1p25_b1p25_f1p00_w0p75_dc0p95_df1p00_beta0p7_max1p00_c0,False,False,True,False,False,False,False,False
random-32-32-20|100|230|2000|0,random-32-32-20|100|230|2000,random-32-32-20,random,100,230,2000,0,repair5g59_high_beta_cap_safe,repair5g518_grid_c1p25_b1p25_f1p00_w0p75_dc0p95_df1p00_beta0p7_max1p00_c0,False,False,True,False,False,False,False,False
random-32-32-20|100|230|2000|1,random-32-32-20|100|230|2000,random-32-32-20,random,100,230,2000,1,repair5g59_high_beta_cap_safe,repair5g59_high_beta_cap_safe,False,False,False,False,False,False,False,False
random-32-32-20|100|230|500|0,random-32-32-20|100|230|500,random-32-32-20,random,100,230,500,0,repair5g59_high_beta_cap_safe,repair5g518_grid_c1p25_b1p25_f1p00_w0p75_dc0p95_df1p00_beta0p7_max1p00_c0,False,False,True,False,False,False,False,False
random-32-32-20|100|231|1000|0,random-32-32-20|100|231|1000,random-32-32-20,random,100,231,1000,0,repair5g59_high_beta_cap_safe,repair5g518_grid_c1p25_b1p25_f1p00_w0p75_dc0p95_df1p00_beta0p7_max1p00_c0,False,False,True,False,False,False,False,False
random-32-32-20|100|231|2000|0,random-32-32-20|100|231|2000,random-32-32-20,random,100,231,2000,0,repair5g59_high_beta_cap_safe,repair5g518_grid_c1p25_b1p25_f1p00_w0p75_dc0p95_df1p00_beta0p7_max1p00_c0,False,False,True,False,False,False,False,False
random-32-32-20|100|231|2000|1,random-32-32-20|100|231|2000,random-32-32-20,random,100,231,2000,1,repair5g59_static_flow_shield,repair5g59_wait_conservative,False,False,True,False,False,False,False,False
random-32-32-20|100|231|500|0,random-32-32-20|100|231|500,random-32-32-20,random,100,231,500,0,repair5g59_high_beta_cap_safe,repair5g518_grid_c1p25_b1p25_f1p00_w0p75_dc0p95_df1p00_beta0p7_max1p00_c0,False,False,True,False,False,False,False,False
random-32-32-20|100|232|1000|0,random-32-32-20|100|232|1000,random-32-32-20,random,100,232,1000,0,repair5g59_high_beta_cap_safe,repair5g518_grid_c1p25_b1p25_f1p00_w0p75_dc0p95_df1p00_beta0p7_max1p00_c0,False,False,True,False,False,False,False,False
random-32-32-20|100|232|2000|0,random-32-32-20|100|232|2000,random-32-32-20,random,100,232,2000,0,repair5g59_high_beta_cap_safe,repair5g518_grid_c1p25_b1p25_f1p00_w0p75_dc0p95_df1p00_beta0p7_max1p00_c0,False,False,True,False,False,False,False,False
random-32-32-20|100|232|500|0,random-32-32-20|100|232|500,random-32-32-20,random,100,232,500,0,repair5g59_high_beta_cap_safe,repair5g518_grid_c1p25_b1p25_f1p00_w0p75_dc0p95_df1p00_beta0p7_max1p00_c0,False,False,True,False,False,False,False,False
random-32-32-20|100|233|1000|0,random-32-32-20|100|233|1000,random-32-32-20,random,100,233,1000,0,repair5g59_high_beta_cap_safe,repair5g518_grid_c1p25_b1p25_f1p00_w0p75_dc0p95_df1p00_beta0p7_max1p00_c0,False,False,True,False,False,False,False,False
random-32-32-20|100|233|2000|0,random-32-32-20|100|233|2000,random-32-32-20,random,100,233,2000,0,repair5g59_high_beta_cap_safe,repair5g518_grid_c1p25_b1p25_f1p00_w0p75_dc0p95_df1p00_beta0p7_max1p00_c0,False,False,True,False,False,False,False,False
random-32-32-20|100|233|2000|1,random-32-32-20|100|233|2000,random-32-32-20,random,100,233,2000,1,repair5g59_static_flow_shield,repair5g59_flow_decay,False,False,True,False,False,False,False,False
random-32-32-20|100|233|500|0,random-32-32-20|100|233|500,random-32-32-20,random,100,233,500,0,repair5g59_high_beta_cap_safe,repair5g518_grid_c1p25_b1p25_f1p00_w0p75_dc0p95_df1p00_beta0p7_max1p00_c0,False,False,True,False,False,False,False,False
random-32-32-20|100|234|1000|0,random-32-32-20|100|234|1000,random-32-32-20,random,100,234,1000,0,repair5g59_high_beta_cap_safe,repair5g518_grid_c1p25_b1p25_f1p00_w0p75_dc0p95_df1p00_beta0p7_max1p00_c0,False,False,True,False,False,False,False,False
random-32-32-20|100|234|2000|0,random-32-32-20|100|234|2000,random-32-32-20,random,100,234,2000,0,repair5g59_high_beta_cap_safe,repair5g518_grid_c1p25_b1p25_f1p00_w0p75_dc0p95_df1p00_beta0p7_max1p00_c0,False,False,True,False,False,False,False,False
random-32-32-20|100|234|2000|1,random-32-32-20|100|234|2000,random-32-32-20,random,100,234,2000,1,repair5g59_high_beta_cap_safe,repair5g518_grid_c1p25_b1p25_f1p00_w0p75_dc0p95_df1p00_beta0p7_max1p00_c0,False,False,True,False,False,False,False,False
random-32-32-20|100|234|500|0,random-32-32-20|100|234|500,random-32-32-20,random,100,234,500,0,repair5g59_high_beta_cap_safe,repair5g518_grid_c1p25_b1p25_f1p00_w0p75_dc0p95_df1p00_beta0p7_max1p00_c0,False,False,True,False,False,False,False,False
random-32-32-20|100|235|1000|0,random-32-32-20|100|235|1000,random-32-32-20,random,100,235,1000,0,repair5g59_high_beta_cap_safe,repair5g518_grid_c1p25_b1p25_f1p00_w0p75_dc0p95_df1p00_beta0p7_max1p00_c0,False,False,True,False,False,False,False,False
random-32-32-20|100|235|2000|0,random-32-32-20|100|235|2000,random-32-32-20,random,100,235,2000,0,repair5g59_high_beta_cap_safe,repair5g518_grid_c1p25_b1p25_f1p00_w0p75_dc0p95_df1p00_beta0p7_max1p00_c0,False,False,True,False,False,False,False,False
random-32-32-20|100|235|2000|1,random-32-32-20|100|235|2000,random-32-32-20,random,100,235,2000,1,repair5g59_static_flow_shield,repair5g59_flow_decay,False,False,True,False,False,False,False,False
random-32-32-20|100|235|500|0,random-32-32-20|100|235|500,random-32-32-20,random,100,235,500,0,repair5g59_static_flow_shield,repair5g59_additive_fallback,False,False,True,False,False,False,False,False
random-32-32-20|100|236|1000|0,random-32-32-20|100|236|1000,random-32-32-20,random,100,236,1000,0,repair5g59_high_beta_cap_safe,repair5g518_grid_c1p25_b1p25_f1p00_w0p75_dc0p95_df1p00_beta0p7_max1p00_c0,False,False,True,False,False,False,False,False
random-32-32-20|100|236|2000|0,random-32-32-20|100|236|2000,random-32-32-20,random,100,236,2000,0,repair5g59_high_beta_cap_safe,repair5g518_grid_c1p25_b1p25_f1p00_w0p75_dc0p95_df1p00_beta0p7_max1p00_c0,False,False,True,False,False,False,False,False
random-32-32-20|100|236|2000|1,random-32-32-20|100|236|2000,random-32-32-20,random,100,236,2000,1,repair5g59_static_flow_shield,repair5g59_static_flow_shield,False,False,False,False,False,False,False,False
random-32-32-20|100|236|500|0,random-32-32-20|100|236|500,random-32-32-20,random,100,236,500,0,repair5g59_high_beta_cap_safe,repair5g518_grid_c1p25_b1p25_f1p00_w0p75_dc0p95_df1p00_beta0p7_max1p00_c0,False,False,True,False,False,False,False,False
random-32-32-20|100|237|1000|0,random-32-32-20|100|237|1000,random-32-32-20,random,100,237,1000,0,repair5g59_high_beta_cap_safe,repair5g518_grid_c1p25_b1p25_f1p00_w0p75_dc0p95_df1p00_beta0p7_max1p00_c0,False,False,True,False,False,False,False,False
random-32-32-20|100|237|2000|0,random-32-32-20|100|237|2000,random-32-32-20,random,100,237,2000,0,repair5g59_high_beta_cap_safe,repair5g518_grid_c1p25_b1p25_f1p00_w0p75_dc0p95_df1p00_beta0p7_max1p00_c0,False,False,True,False,False,False,False,False
random-32-32-20|100|237|2000|1,random-32-32-20|100|237|2000,random-32-32-20,random,100,237,2000,1,repair5g59_static_flow_shield,repair5g59_static_flow_shield,False,False,False,False,False,False,False,False
random-32-32-20|100|237|500|0,random-32-32-20|100|237|500,random-32-32-20,random,100,237,500,0,repair5g59_high_beta_cap_safe,repair5g518_grid_c1p25_b1p25_f1p00_w0p75_dc0p95_df1p00_beta0p7_max1p00_c0,False,False,True,False,False,False,False,False
random-32-32-20|100|238|1000|0,random-32-32-20|100|238|1000,random-32-32-20,random,100,238,1000,0,repair5g59_high_beta_cap_safe,repair5g518_grid_c1p25_b1p25_f1p00_w0p75_dc0p95_df1p00_beta0p7_max1p00_c0,False,False,True,False,False,False,False,False
random-32-32-20|100|238|2000|0,random-32-32-20|100|238|2000,random-32-32-20,random,100,238,2000,0,repair5g59_high_beta_cap_safe,repair5g518_grid_c1p25_b1p25_f1p00_w0p75_dc0p95_df1p00_beta0p7_max1p00_c0,False,False,True,False,False,False,False,False
random-32-32-20|100|238|2000|1,random-32-32-20|100|238|2000,random-32-32-20,random,100,238,2000,1,repair5g59_static_flow_shield,repair5g59_wait_conservative,False,False,True,False,False,False,False,False
random-32-32-20|100|238|500|0,random-32-32-20|100|238|500,random-32-32-20,random,100,238,500,0,repair5g59_high_beta_cap_safe,repair5g518_grid_c1p25_b1p25_f1p00_w0p75_dc0p95_df1p00_beta0p7_max1p00_c0,False,False,True,False,False,False,False,False
random-32-32-20|100|239|1000|0,random-32-32-20|100|239|1000,random-32-32-20,random,100,239,1000,0,repair5g59_high_beta_cap_safe,repair5g518_grid_c1p25_b1p25_f1p00_w0p75_dc0p95_df1p00_beta0p7_max1p00_c0,False,False,True,False,False,False,False,False
random-32-32-20|100|239|2000|0,random-32-32-20|100|239|2000,random-32-32-20,random,100,239,2000,0,repair5g59_high_beta_cap_safe,repair5g518_grid_c1p25_b1p25_f1p00_w0p75_dc0p95_df1p00_beta0p7_max1p00_c0,False,False,True,False,False,False,False,False
random-32-32-20|100|239|500|0,random-32-32-20|100|239|500,random-32-32-20,random,100,239,500,0,repair5g59_high_beta_cap_safe,repair5g518_grid_c1p25_b1p25_f1p00_w0p75_dc0p95_df1p00_beta0p7_max1p00_c0,False,False,True,False,False,False,False,False
random-32-32-20|100|240|1000|0,random-32-32-20|100|240|1000,random-32-32-20,random,100,240,1000,0,repair5g59_high_beta_cap_safe,repair5g518_grid_c1p25_b1p25_f1p00_w0p75_dc0p95_df1p00_beta0p7_max1p00_c0,False,False,True,False,False,False,False,False
random-32-32-20|100|240|2000|0,random-32-32-20|100|240|2000,random-32-32-20,random,100,240,2000,0,repair5g59_high_beta_cap_safe,repair5g518_grid_c1p25_b1p25_f1p00_w0p75_dc0p95_df1p00_beta0p7_max1p00_c0,False,False,True,False,False,False,False,False
random-32-32-20|100|240|2000|1,random-32-32-20|100|240|2000,random-32-32-20,random,100,240,2000,1,repair5g59_static_flow_shield,repair5g518_grid_c1p25_b1p25_f1p00_w0p75_dc0p95_df1p00_beta0p7_max1p00_c0,False,False,True,False,False,False,False,False
random-32-32-20|100|240|500|0,random-32-32-20|100|240|500,random-32-32-20,random,100,240,500,0,repair5g59_high_beta_cap_safe,repair5g518_grid_c1p25_b1p25_f1p00_w0p75_dc0p95_df1p00_beta0p7_max1p00_c0,False,False,True,False,False,False,False,False
random-32-32-20|100|241|1000|0,random-32-32-20|100|241|1000,random-32-32-20,random,100,241,1000,0,repair5g59_high_beta_cap_safe,repair5g518_grid_c1p25_b1p25_f1p00_w0p75_dc0p95_df1p00_beta0p7_max1p00_c0,False,False,True,False,False,False,False,False
random-32-32-20|100|241|2000|0,random-32-32-20|100|241|2000,random-32-32-20,random,100,241,2000,0,repair5g59_high_beta_cap_safe,repair5g518_grid_c1p25_b1p25_f1p00_w0p75_dc0p95_df1p00_beta0p7_max1p00_c0,False,False,True,False,False,False,False,False
random-32-32-20|100|241|2000|1,random-32-32-20|100|241|2000,random-32-32-20,random,100,241,2000,1,repair5g59_high_beta_cap_safe,repair5g59_additive_fallback,False,False,True,False,False,False,False,False
random-32-32-20|100|241|500|0,random-32-32-20|100|241|500,random-32-32-20,random,100,241,500,0,repair5g59_high_beta_cap_safe,repair5g518_grid_c1p25_b1p25_f1p00_w0p75_dc0p95_df1p00_beta0p7_max1p00_c0,False,False,True,False,False,False,False,False
random-32-32-20|100|242|1000|0,random-32-32-20|100|242|1000,random-32-32-20,random,100,242,1000,0,repair5g59_high_beta_cap_safe,repair5g518_grid_c1p25_b1p25_f1p00_w0p75_dc0p95_df1p00_beta0p7_max1p00_c0,False,False,True,False,False,False,False,False
random-32-32-20|100|242|2000|0,random-32-32-20|100|242|2000,random-32-32-20,random,100,242,2000,0,repair5g59_high_beta_cap_safe,repair5g518_grid_c1p25_b1p25_f1p00_w0p75_dc0p95_df1p00_beta0p7_max1p00_c0,False,False,True,False,False,False,False,False
random-32-32-20|100|242|2000|1,random-32-32-20|100|242|2000,random-32-32-20,random,100,242,2000,1,repair5g59_static_flow_shield,repair5g59_static_flow_shield,False,False,False,False,False,False,False,False
random-32-32-20|100|242|500|0,random-32-32-20|100|242|500,random-32-32-20,random,100,242,500,0,repair5g59_static_flow_shield,repair5g59_additive_fallback,False,False,True,False,False,False,False,False
random-32-32-20|100|243|1000|0,random-32-32-20|100|243|1000,random-32-32-20,random,100,243,1000,0,repair5g59_high_beta_cap_safe,repair5g518_grid_c1p25_b1p25_f1p00_w0p75_dc0p95_df1p00_beta0p7_max1p00_c0,False,False,True,False,False,False,False,False
random-32-32-20|100|243|2000|0,random-32-32-20|100|243|2000,random-32-32-20,random,100,243,2000,0,repair5g59_high_beta_cap_safe,repair5g518_grid_c1p25_b1p25_f1p00_w0p75_dc0p95_df1p00_beta0p7_max1p00_c0,False,False,True,False,False,False,False,False
random-32-32-20|100|243|500|0,random-32-32-20|100|243|500,random-32-32-20,random,100,243,500,0,repair5g59_high_beta_cap_safe,repair5g518_grid_c1p25_b1p25_f1p00_w0p75_dc0p95_df1p00_beta0p7_max1p00_c0,False,False,True,False,False,False,False,False
random-32-32-20|100|244|1000|0,random-32-32-20|100|244|1000,random-32-32-20,random,100,244,1000,0,repair5g59_high_beta_cap_safe,repair5g518_grid_c1p25_b1p25_f1p00_w0p75_dc0p95_df1p00_beta0p7_max1p00_c0,False,False,True,False,False,False,False,False
random-32-32-20|100|244|2000|0,random-32-32-20|100|244|2000,random-32-32-20,random,100,244,2000,0,repair5g59_high_beta_cap_safe,repair5g518_grid_c1p25_b1p25_f1p00_w0p75_dc0p95_df1p00_beta0p7_max1p00_c0,False,False,True,False,False,False,False,False
random-32-32-20|100|244|2000|1,random-32-32-20|100|244|2000,random-32-32-20,random,100,244,2000,1,repair5g59_static_flow_shield,repair5g518_grid_c1p25_b1p25_f1p00_w0p75_dc0p95_df1p00_beta0p7_max1p00_c0,False,False,True,False,False,False,False,False
random-32-32-20|100|244|500|0,random-32-32-20|100|244|500,random-32-32-20,random,100,244,500,0,repair5g59_high_beta_cap_safe,repair5g518_grid_c1p25_b1p25_f1p00_w0p75_dc0p95_df1p00_beta0p7_max1p00_c0,False,False,True,False,False,False,False,False
random-32-32-20|100|245|1000|0,random-32-32-20|100|245|1000,random-32-32-20,random,100,245,1000,0,repair5g59_high_beta_cap_safe,repair5g518_grid_c1p25_b1p25_f1p00_w0p75_dc0p95_df1p00_beta0p7_max1p00_c0,False,False,True,False,False,False,False,False
random-32-32-20|100|245|2000|0,random-32-32-20|100|245|2000,random-32-32-20,random,100,245,2000,0,repair5g59_high_beta_cap_safe,repair5g518_grid_c1p25_b1p25_f1p00_w0p75_dc0p95_df1p00_beta0p7_max1p00_c0,False,False,True,False,False,False,False,False
random-32-32-20|100|245|2000|1,random-32-32-20|100|245|2000,random-32-32-20,random,100,245,2000,1,repair5g59_high_beta_cap_safe,repair5g518_grid_c1p25_b1p25_f1p00_w0p75_dc0p95_df1p00_beta0p7_max1p00_c0,False,False,True,False,False,False,False,False
random-32-32-20|100|245|500|0,random-32-32-20|100|245|500,random-32-32-20,random,100,245,500,0,repair5g59_high_beta_cap_safe,repair5g518_grid_c1p25_b1p25_f1p00_w0p75_dc0p95_df1p00_beta0p7_max1p00_c0,False,False,True,False,False,False,False,False
random-32-32-20|50|146|1000|0,random-32-32-20|50|146|1000,random-32-32-20,random,50,146,1000,0,repair5g59_high_beta_cap_safe,repair5g59_additive_fallback,False,False,True,False,False,False,False,False
random-32-32-20|50|146|1000|1,random-32-32-20|50|146|1000,random-32-32-20,random,50,146,1000,1,repair5g59_high_beta_cap_safe,repair5g59_additive_fallback,True,False,True,False,False,False,False,False
random-32-32-20|50|146|2000|0,random-32-32-20|50|146|2000,random-32-32-20,random,50,146,2000,0,repair5g59_high_beta_cap_safe,repair5g59_additive_fallback,False,False,True,False,False,False,False,False
random-32-32-20|50|146|2000|1,random-32-32-20|50|146|2000,random-32-32-20,random,50,146,2000,1,repair5g59_static_flow_shield,repair5g59_low_beta_high_cap,True,True,True,False,False,False,False,False
random-32-32-20|50|146|500|0,random-32-32-20|50|146|500,random-32-32-20,random,50,146,500,0,repair5g59_high_beta_cap_safe,repair5g59_additive_fallback,False,False,True,False,False,False,False,False
random-32-32-20|50|147|1000|0,random-32-32-20|50|147|1000,random-32-32-20,random,50,147,1000,0,repair5g59_high_beta_cap_safe,repair5g59_additive_fallback,False,False,True,False,False,False,False,False
random-32-32-20|50|147|1000|1,random-32-32-20|50|147|1000,random-32-32-20,random,50,147,1000,1,repair5g59_high_beta_cap_safe,repair5g59_additive_fallback,True,False,True,False,False,False,False,False
random-32-32-20|50|147|2000|0,random-32-32-20|50|147|2000,random-32-32-20,random,50,147,2000,0,repair5g59_high_beta_cap_safe,repair5g59_additive_fallback,False,False,True,False,False,False,False,False
random-32-32-20|50|147|2000|1,random-32-32-20|50|147|2000,random-32-32-20,random,50,147,2000,1,repair5g59_wait_aggressive,repair5g59_commit_heavy_flow_guard,True,False,True,False,False,False,False,False
random-32-32-20|50|147|500|0,random-32-32-20|50|147|500,random-32-32-20,random,50,147,500,0,repair5g59_high_beta_cap_safe,repair5g59_additive_fallback,False,False,True,False,False,False,False,False
random-32-32-20|50|148|1000|0,random-32-32-20|50|148|1000,random-32-32-20,random,50,148,1000,0,repair5g59_high_beta_cap_safe,repair5g59_additive_fallback,False,False,True,False,False,False,False,False
random-32-32-20|50|148|1000|1,random-32-32-20|50|148|1000,random-32-32-20,random,50,148,1000,1,repair5g59_high_beta_cap_safe,repair5g59_c_only_f_disabled,True,False,True,False,False,False,False,False
random-32-32-20|50|148|2000|0,random-32-32-20|50|148|2000,random-32-32-20,random,50,148,2000,0,repair5g59_high_beta_cap_safe,repair5g59_additive_fallback,False,False,True,False,False,False,False,False
random-32-32-20|50|148|2000|1,random-32-32-20|50|148|2000,random-32-32-20,random,50,148,2000,1,repair5g59_static_flow_shield,repair5g59_flow_decay,False,False,True,False,False,False,False,False
random-32-32-20|50|148|500|0,random-32-32-20|50|148|500,random-32-32-20,random,50,148,500,0,repair5g59_high_beta_cap_safe,repair5g59_additive_fallback,False,False,True,False,False,False,False,False
random-32-32-20|50|149|1000|0,random-32-32-20|50|149|1000,random-32-32-20,random,50,149,1000,0,repair5g59_high_beta_cap_safe,repair5g59_additive_fallback,False,False,True,False,False,False,False,False
random-32-32-20|50|149|1000|1,random-32-32-20|50|149|1000,random-32-32-20,random,50,149,1000,1,repair5g59_high_beta_cap_safe,repair5g59_additive_fallback,True,False,True,False,False,False,False,False
random-32-32-20|50|149|2000|0,random-32-32-20|50|149|2000,random-32-32-20,random,50,149,2000,0,repair5g59_high_beta_cap_safe,repair5g59_additive_fallback,False,False,True,False,False,False,False,False
random-32-32-20|50|149|2000|1,random-32-32-20|50|149|2000,random-32-32-20,random,50,149,2000,1,repair5g59_high_beta_cap_safe,repair5g59_high_beta_cap_safe,False,False,False,False,False,False,False,False
random-32-32-20|50|149|500|0,random-32-32-20|50|149|500,random-32-32-20,random,50,149,500,0,repair5g59_high_beta_cap_safe,repair5g59_additive_fallback,False,False,True,False,False,False,False,False
random-32-32-20|50|150|1000|0,random-32-32-20|50|150|1000,random-32-32-20,random,50,150,1000,0,repair5g59_high_beta_cap_safe,repair5g59_additive_fallback,False,False,True,False,False,False,False,False
random-32-32-20|50|150|1000|1,random-32-32-20|50|150|1000,random-32-32-20,random,50,150,1000,1,repair5g59_static_flow_shield,repair5g59_additive_fallback,False,False,True,False,False,False,False,False
random-32-32-20|50|150|2000|0,random-32-32-20|50|150|2000,random-32-32-20,random,50,150,2000,0,repair5g59_high_beta_cap_safe,repair5g59_additive_fallback,False,False,True,False,False,False,False,False
random-32-32-20|50|150|2000|1,random-32-32-20|50|150|2000,random-32-32-20,random,50,150,2000,1,repair5g59_high_beta_cap_safe,repair5g59_high_beta_cap_safe,False,False,False,False,False,False,False,False
random-32-32-20|50|150|500|0,random-32-32-20|50|150|500,random-32-32-20,random,50,150,500,0,repair5g59_high_beta_cap_safe,repair5g59_additive_fallback,False,False,True,False,False,False,False,False
random-32-32-20|50|151|1000|0,random-32-32-20|50|151|1000,random-32-32-20,random,50,151,1000,0,repair5g59_high_beta_cap_safe,repair5g59_additive_fallback,False,False,True,False,False,False,False,False
random-32-32-20|50|151|1000|1,random-32-32-20|50|151|1000,random-32-32-20,random,50,151,1000,1,repair5g59_high_beta_cap_safe,repair5g59_c_only_f_disabled,True,False,True,False,False,False,False,False
random-32-32-20|50|151|2000|0,random-32-32-20|50|151|2000,random-32-32-20,random,50,151,2000,0,repair5g59_high_beta_cap_safe,repair5g59_additive_fallback,False,False,True,False,False,False,False,False
random-32-32-20|50|151|2000|1,random-32-32-20|50|151|2000,random-32-32-20,random,50,151,2000,1,repair5g59_high_beta_cap_safe,repair5g59_high_beta_cap_safe,False,False,False,False,False,False,False,False
random-32-32-20|50|151|500|0,random-32-32-20|50|151|500,random-32-32-20,random,50,151,500,0,repair5g59_high_beta_cap_safe,repair5g59_additive_fallback,False,False,True,False,False,False,False,False
random-32-32-20|50|152|1000|0,random-32-32-20|50|152|1000,random-32-32-20,random,50,152,1000,0,repair5g59_high_beta_cap_safe,repair5g59_additive_fallback,False,False,True,False,False,False,False,False
random-32-32-20|50|152|1000|1,random-32-32-20|50|152|1000,random-32-32-20,random,50,152,1000,1,repair5g59_high_beta_cap_safe,repair5g59_c_only_f_disabled,True,False,True,False,False,False,False,False
random-32-32-20|50|152|2000|0,random-32-32-20|50|152|2000,random-32-32-20,random,50,152,2000,0,repair5g59_high_beta_cap_safe,repair5g59_additive_fallback,False,False,True,False,False,False,False,False
random-32-32-20|50|152|2000|1,random-32-32-20|50|152|2000,random-32-32-20,random,50,152,2000,1,repair5g59_high_beta_cap_safe,repair5g59_high_beta_cap_safe,False,False,False,False,False,False,False,False
random-32-32-20|50|152|500|0,random-32-32-20|50|152|500,random-32-32-20,random,50,152,500,0,repair5g59_high_beta_cap_safe,repair5g59_additive_fallback,False,False,True,False,False,False,False,False
random-32-32-20|50|153|1000|0,random-32-32-20|50|153|1000,random-32-32-20,random,50,153,1000,0,repair5g59_high_beta_cap_safe,repair5g59_additive_fallback,False,False,True,False,False,False,False,False
random-32-32-20|50|153|1000|1,random-32-32-20|50|153|1000,random-32-32-20,random,50,153,1000,1,repair5g59_high_beta_cap_safe,repair5g59_additive_fallback,True,False,True,False,False,False,False,False
random-32-32-20|50|153|2000|0,random-32-32-20|50|153|2000,random-32-32-20,random,50,153,2000,0,repair5g59_high_beta_cap_safe,repair5g59_additive_fallback,False,False,True,False,False,False,False,False
random-32-32-20|50|153|2000|1,random-32-32-20|50|153|2000,random-32-32-20,random,50,153,2000,1,repair5g59_high_beta_cap_safe,repair5g59_wait_conservative,True,True,True,False,False,False,False,False
random-32-32-20|50|153|500|0,random-32-32-20|50|153|500,random-32-32-20,random,50,153,500,0,repair5g59_high_beta_cap_safe,repair5g59_additive_fallback,False,False,True,False,False,False,False,False
random-32-32-20|50|154|1000|0,random-32-32-20|50|154|1000,random-32-32-20,random,50,154,1000,0,repair5g59_high_beta_cap_safe,repair5g59_additive_fallback,False,False,True,False,False,False,False,False
random-32-32-20|50|154|1000|1,random-32-32-20|50|154|1000,random-32-32-20,random,50,154,1000,1,repair5g59_high_beta_cap_safe,repair5g59_additive_fallback,False,False,True,False,False,False,False,False
random-32-32-20|50|154|2000|0,random-32-32-20|50|154|2000,random-32-32-20,random,50,154,2000,0,repair5g59_high_beta_cap_safe,repair5g59_additive_fallback,False,False,True,False,False,False,False,False
random-32-32-20|50|154|2000|1,random-32-32-20|50|154|2000,random-32-32-20,random,50,154,2000,1,repair5g59_high_beta_cap_safe,repair5g59_block_heavy_flow_guard,True,True,True,False,False,False,False,False
random-32-32-20|50|154|500|0,random-32-32-20|50|154|500,random-32-32-20,random,50,154,500,0,repair5g59_high_beta_cap_safe,repair5g59_additive_fallback,False,False,True,False,False,False,False,False
random-32-32-20|50|155|1000|0,random-32-32-20|50|155|1000,random-32-32-20,random,50,155,1000,0,repair5g59_high_beta_cap_safe,repair5g59_additive_fallback,False,False,True,False,False,False,False,False
random-32-32-20|50|155|1000|1,random-32-32-20|50|155|1000,random-32-32-20,random,50,155,1000,1,repair5g59_high_beta_cap_safe,repair5g59_additive_fallback,True,False,True,False,False,False,False,False
random-32-32-20|50|155|2000|0,random-32-32-20|50|155|2000,random-32-32-20,random,50,155,2000,0,repair5g59_high_beta_cap_safe,repair5g59_additive_fallback,False,False,True,False,False,False,False,False
random-32-32-20|50|155|2000|1,random-32-32-20|50|155|2000,random-32-32-20,random,50,155,2000,1,repair5g59_high_beta_cap_safe,repair5g59_high_beta_cap_safe,False,False,False,False,False,False,False,False
random-32-32-20|50|155|500|0,random-32-32-20|50|155|500,random-32-32-20,random,50,155,500,0,repair5g59_high_beta_cap_safe,repair5g59_additive_fallback,False,False,True,False,False,False,False,False
random-32-32-20|50|160|1000|0,random-32-32-20|50|160|1000,random-32-32-20,random,50,160,1000,0,repair5g59_high_beta_cap_safe,repair5g518_grid_c1p25_b1p25_f0p00_w0p5_dc0p95_df1p00_beta0p00_max0p00_c1,False,False,True,False,False,False,False,False
random-32-32-20|50|160|1000|1,random-32-32-20|50|160|1000,random-32-32-20,random,50,160,1000,1,repair5g59_high_beta_cap_safe,repair5g518_grid_c1p25_b1p25_f1p00_w0p75_dc0p95_df1p00_beta0p5_max0p75_c0,False,False,True,False,False,False,False,False
random-32-32-20|50|160|2000|0,random-32-32-20|50|160|2000,random-32-32-20,random,50,160,2000,0,repair5g59_high_beta_cap_safe,repair5g518_grid_c1p25_b1p25_f1p00_w0p75_dc0p95_df1p00_beta0p6_max1p00_c0,True,True,True,False,False,False,False,False
random-32-32-20|50|160|2000|1,random-32-32-20|50|160|2000,random-32-32-20,random,50,160,2000,1,repair5g59_static_flow_shield,repair5g518_grid_c1p25_b1p25_f0p00_w0p75_dc0p95_df1p00_beta0p00_max0p00_c1,False,False,True,False,False,False,False,False
random-32-32-20|50|160|500|0,random-32-32-20|50|160|500,random-32-32-20,random,50,160,500,0,repair5g59_high_beta_cap_safe,repair5g518_grid_c1p25_b1p25_f0p00_w0p5_dc0p95_df1p00_beta0p00_max0p00_c1,False,False,True,False,False,False,False,False
random-32-32-20|50|161|1000|0,random-32-32-20|50|161|1000,random-32-32-20,random,50,161,1000,0,repair5g59_high_beta_cap_safe,repair5g518_grid_c1p25_b1p25_f0p00_w0p5_dc0p95_df1p00_beta0p00_max0p00_c1,False,False,True,False,False,False,False,False
random-32-32-20|50|161|1000|1,random-32-32-20|50|161|1000,random-32-32-20,random,50,161,1000,1,repair5g59_static_flow_shield,repair5g518_grid_c1p25_b1p25_f1p00_w0p75_dc0p95_df0p9_beta0p35_max0p75_c0,False,False,True,False,False,False,False,False
random-32-32-20|50|161|2000|0,random-32-32-20|50|161|2000,random-32-32-20,random,50,161,2000,0,repair5g59_high_beta_cap_safe,repair5g518_grid_c1p25_b1p25_f0p00_w0p5_dc0p95_df1p00_beta0p00_max0p00_c1,False,False,True,False,False,False,False,False
random-32-32-20|50|161|2000|1,random-32-32-20|50|161|2000,random-32-32-20,random,50,161,2000,1,repair5g59_wait_aggressive,repair5g518_grid_c1p25_b1p25_f1p00_w0p35_dc0p95_df1p00_beta0p35_max0p75_c0,False,False,True,False,False,False,False,False
random-32-32-20|50|161|500|0,random-32-32-20|50|161|500,random-32-32-20,random,50,161,500,0,repair5g59_high_beta_cap_safe,repair5g518_grid_c1p25_b1p25_f0p00_w0p5_dc0p95_df1p00_beta0p00_max0p00_c1,False,False,True,False,False,False,False,False
random-32-32-20|50|162|1000|0,random-32-32-20|50|162|1000,random-32-32-20,random,50,162,1000,0,repair5g59_high_beta_cap_safe,repair5g518_grid_c1p25_b1p25_f0p00_w0p5_dc0p95_df1p00_beta0p00_max0p00_c1,False,False,True,False,False,False,False,False
random-32-32-20|50|162|1000|1,random-32-32-20|50|162|1000,random-32-32-20,random,50,162,1000,1,repair5g59_static_flow_shield,repair5g518_grid_c1p25_b1p25_f1p00_w0p35_dc0p95_df1p00_beta0p35_max0p75_c0,False,False,True,False,False,False,False,False
random-32-32-20|50|162|2000|0,random-32-32-20|50|162|2000,random-32-32-20,random,50,162,2000,0,repair5g59_high_beta_cap_safe,repair5g518_grid_c1p25_b1p25_f1p00_w0p75_dc0p95_df1p00_beta0p6_max1p00_c0,True,True,True,False,False,False,False,False
random-32-32-20|50|162|2000|1,random-32-32-20|50|162|2000,random-32-32-20,random,50,162,2000,1,repair5g59_static_flow_shield,repair5g518_grid_c1p25_b1p25_f1p00_w0p35_dc0p95_df1p00_beta0p35_max0p75_c0,True,False,True,False,False,False,False,False
random-32-32-20|50|162|500|0,random-32-32-20|50|162|500,random-32-32-20,random,50,162,500,0,repair5g59_high_beta_cap_safe,repair5g518_grid_c1p25_b1p25_f0p00_w0p5_dc0p95_df1p00_beta0p00_max0p00_c1,False,False,True,False,False,False,False,False
random-32-32-20|50|163|1000|0,random-32-32-20|50|163|1000,random-32-32-20,random,50,163,1000,0,repair5g59_high_beta_cap_safe,repair5g518_grid_c1p25_b1p25_f0p00_w0p5_dc0p95_df1p00_beta0p00_max0p00_c1,False,False,True,False,False,False,False,False
random-32-32-20|50|163|1000|1,random-32-32-20|50|163|1000,random-32-32-20,random,50,163,1000,1,repair5g59_static_flow_shield,repair5g518_grid_c1p25_b1p25_f0p00_w0p75_dc0p95_df1p00_beta0p00_max0p00_c1,False,False,True,False,False,False,False,False
random-32-32-20|50|163|2000|0,random-32-32-20|50|163|2000,random-32-32-20,random,50,163,2000,0,repair5g59_high_beta_cap_safe,repair5g518_grid_c1p25_b1p25_f1p00_w0p75_dc0p95_df1p00_beta0p6_max1p00_c0,True,True,True,False,False,False,False,False
random-32-32-20|50|163|500|0,random-32-32-20|50|163|500,random-32-32-20,random,50,163,500,0,repair5g59_high_beta_cap_safe,repair5g518_grid_c1p25_b1p25_f0p00_w0p5_dc0p95_df1p00_beta0p00_max0p00_c1,False,False,True,False,False,False,False,False
random-32-32-20|50|164|1000|0,random-32-32-20|50|164|1000,random-32-32-20,random,50,164,1000,0,repair5g59_high_beta_cap_safe,repair5g518_grid_c1p25_b1p25_f0p00_w0p5_dc0p95_df1p00_beta0p00_max0p00_c1,False,False,True,False,False,False,False,False
random-32-32-20|50|164|1000|1,random-32-32-20|50|164|1000,random-32-32-20,random,50,164,1000,1,repair5g59_static_flow_shield,repair5g518_grid_c1p25_b1p25_f1p00_w0p35_dc0p95_df1p00_beta0p35_max0p75_c0,False,False,True,False,False,False,False,False
random-32-32-20|50|164|2000|0,random-32-32-20|50|164|2000,random-32-32-20,random,50,164,2000,0,repair5g59_high_beta_cap_safe,repair5g518_grid_c1p25_b1p25_f0p00_w0p5_dc0p95_df1p00_beta0p00_max0p00_c1,False,False,True,False,False,False,False,False
random-32-32-20|50|164|500|0,random-32-32-20|50|164|500,random-32-32-20,random,50,164,500,0,repair5g59_high_beta_cap_safe,repair5g518_grid_c1p25_b1p25_f0p00_w0p5_dc0p95_df1p00_beta0p00_max0p00_c1,False,False,True,False,False,False,False,False
random-32-32-20|50|165|1000|0,random-32-32-20|50|165|1000,random-32-32-20,random,50,165,1000,0,repair5g59_high_beta_cap_safe,repair5g518_grid_c1p25_b1p25_f0p00_w0p5_dc0p95_df1p00_beta0p00_max0p00_c1,False,False,True,False,False,False,False,False
random-32-32-20|50|165|1000|1,random-32-32-20|50|165|1000,random-32-32-20,random,50,165,1000,1,repair5g59_static_flow_shield,repair5g59_flow_decay,False,False,True,False,False,False,False,False
random-32-32-20|50|165|2000|0,random-32-32-20|50|165|2000,random-32-32-20,random,50,165,2000,0,repair5g59_high_beta_cap_safe,repair5g518_grid_c1p25_b1p25_f0p00_w0p5_dc0p95_df1p00_beta0p00_max0p00_c1,False,False,True,False,False,False,False,False
random-32-32-20|50|165|500|0,random-32-32-20|50|165|500,random-32-32-20,random,50,165,500,0,repair5g59_high_beta_cap_safe,repair5g518_grid_c1p25_b1p25_f0p00_w0p5_dc0p95_df1p00_beta0p00_max0p00_c1,False,False,True,False,False,False,False,False
random-32-32-20|50|206|1000|0,random-32-32-20|50|206|1000,random-32-32-20,random,50,206,1000,0,repair5g59_high_beta_cap_safe,repair5g518_grid_c1p25_b1p25_f0p00_w0p5_dc0p95_df1p00_beta0p00_max0p00_c1,False,False,True,False,False,False,False,False
random-32-32-20|50|206|1000|1,random-32-32-20|50|206|1000,random-32-32-20,random,50,206,1000,1,repair5g59_high_beta_cap_safe,repair5g518_grid_c1p25_b1p25_f0p00_w0p75_dc0p95_df1p00_beta0p00_max0p00_c1,False,False,True,False,False,False,False,False
random-32-32-20|50|206|2000|0,random-32-32-20|50|206|2000,random-32-32-20,random,50,206,2000,0,repair5g59_static_flow_shield,repair5g59_flow_decay,False,False,True,False,False,False,False,False
random-32-32-20|50|206|2000|1,random-32-32-20|50|206|2000,random-32-32-20,random,50,206,2000,1,repair5g59_static_flow_shield,repair5g518_grid_c1p25_b1p25_f1p00_w0p75_dc0p95_df1p00_beta0p7_max1p00_c0,True,False,True,False,False,False,False,False
random-32-32-20|50|206|2000|2,random-32-32-20|50|206|2000,random-32-32-20,random,50,206,2000,2,repair5g59_static_flow_shield,repair5g59_additive_fallback,True,False,True,False,False,False,False,False
random-32-32-20|50|206|500|0,random-32-32-20|50|206|500,random-32-32-20,random,50,206,500,0,repair5g59_high_beta_cap_safe,repair5g518_grid_c1p25_b1p25_f0p00_w0p5_dc0p95_df1p00_beta0p00_max0p00_c1,False,False,True,False,False,False,False,False
random-32-32-20|50|207|1000|0,random-32-32-20|50|207|1000,random-32-32-20,random,50,207,1000,0,repair5g59_high_beta_cap_safe,repair5g518_grid_c1p25_b1p25_f0p00_w0p5_dc0p95_df1p00_beta0p00_max0p00_c1,False,False,True,False,False,False,False,False
random-32-32-20|50|207|1000|1,random-32-32-20|50|207|1000,random-32-32-20,random,50,207,1000,1,repair5g59_static_flow_shield,repair5g518_grid_c1p25_b1p25_f1p00_w0p75_dc0p95_df1p00_beta0p35_max0p75_c0,False,False,True,False,False,False,False,False
random-32-32-20|50|207|500|0,random-32-32-20|50|207|500,random-32-32-20,random,50,207,500,0,repair5g59_high_beta_cap_safe,repair5g518_grid_c1p25_b1p25_f0p00_w0p5_dc0p95_df1p00_beta0p00_max0p00_c1,False,False,True,False,False,False,False,False
random-32-32-20|50|208|1000|0,random-32-32-20|50|208|1000,random-32-32-20,random,50,208,1000,0,repair5g59_high_beta_cap_safe,repair5g518_grid_c1p25_b1p25_f0p00_w0p5_dc0p95_df1p00_beta0p00_max0p00_c1,False,False,True,False,False,False,False,False
random-32-32-20|50|208|1000|1,random-32-32-20|50|208|1000,random-32-32-20,random,50,208,1000,1,repair5g59_high_beta_cap_safe,repair5g518_grid_c1p25_b1p25_f1p00_w0p35_dc0p95_df1p00_beta0p35_max0p75_c0,False,False,True,False,False,False,False,False
random-32-32-20|50|208|500|0,random-32-32-20|50|208|500,random-32-32-20,random,50,208,500,0,repair5g59_high_beta_cap_safe,repair5g518_grid_c1p25_b1p25_f0p00_w0p5_dc0p95_df1p00_beta0p00_max0p00_c1,False,False,True,False,False,False,False,False
random-32-32-20|50|209|1000|0,random-32-32-20|50|209|1000,random-32-32-20,random,50,209,1000,0,repair5g59_high_beta_cap_safe,repair5g518_grid_c1p25_b1p25_f0p00_w0p5_dc0p95_df1p00_beta0p00_max0p00_c1,False,False,True,False,False,False,False,False
random-32-32-20|50|209|1000|1,random-32-32-20|50|209|1000,random-32-32-20,random,50,209,1000,1,repair5g59_high_beta_cap_safe,repair5g518_grid_c1p25_b1p25_f0p00_w0p75_dc0p95_df1p00_beta0p00_max0p00_c1,False,False,True,False,False,False,False,False
random-32-32-20|50|209|500|0,random-32-32-20|50|209|500,random-32-32-20,random,50,209,500,0,repair5g59_high_beta_cap_safe,repair5g518_grid_c1p25_b1p25_f0p00_w0p5_dc0p95_df1p00_beta0p00_max0p00_c1,False,False,True,False,False,False,False,False
random-32-32-20|50|210|1000|0,random-32-32-20|50|210|1000,random-32-32-20,random,50,210,1000,0,repair5g59_high_beta_cap_safe,repair5g518_grid_c1p25_b1p25_f0p00_w0p5_dc0p95_df1p00_beta0p00_max0p00_c1,False,False,True,False,False,False,False,False
random-32-32-20|50|210|1000|1,random-32-32-20|50|210|1000,random-32-32-20,random,50,210,1000,1,repair5g59_static_flow_shield,repair5g59_block_heavy_flow_guard,False,False,True,False,False,False,False,False
random-32-32-20|50|210|500|0,random-32-32-20|50|210|500,random-32-32-20,random,50,210,500,0,repair5g59_high_beta_cap_safe,repair5g518_grid_c1p25_b1p25_f0p00_w0p5_dc0p95_df1p00_beta0p00_max0p00_c1,False,False,True,False,False,False,False,False
random-32-32-20|50|211|1000|0,random-32-32-20|50|211|1000,random-32-32-20,random,50,211,1000,0,repair5g59_high_beta_cap_safe,repair5g518_grid_c1p25_b1p25_f0p00_w0p5_dc0p95_df1p00_beta0p00_max0p00_c1,False,False,True,False,False,False,False,False
random-32-32-20|50|211|1000|1,random-32-32-20|50|211|1000,random-32-32-20,random,50,211,1000,1,repair5g59_static_flow_shield,repair5g518_grid_c1p25_b1p25_f0p00_w0p5_dc0p95_df1p00_beta0p00_max0p00_c1,False,False,True,False,False,False,False,False
random-32-32-20|50|211|500|0,random-32-32-20|50|211|500,random-32-32-20,random,50,211,500,0,repair5g59_high_beta_cap_safe,repair5g518_grid_c1p25_b1p25_f0p00_w0p5_dc0p95_df1p00_beta0p00_max0p00_c1,False,False,True,False,False,False,False,False
random-32-32-20|50|218|1000|0,random-32-32-20|50|218|1000,random-32-32-20,random,50,218,1000,0,repair5g59_high_beta_cap_safe,repair5g518_grid_c1p25_b1p25_f1p00_w0p75_dc0p95_df1p00_beta0p7_max1p00_c0,False,False,True,False,False,False,False,False
random-32-32-20|50|218|1000|1,random-32-32-20|50|218|1000,random-32-32-20,random,50,218,1000,1,repair5g59_static_flow_shield,repair5g59_flow_decay,False,False,True,False,False,False,False,False
random-32-32-20|50|218|2000|0,random-32-32-20|50|218|2000,random-32-32-20,random,50,218,2000,0,repair5g59_high_beta_cap_safe,repair5g518_grid_c1p25_b1p25_f1p00_w0p75_dc0p95_df1p00_beta0p7_max1p00_c0,True,True,True,False,False,False,False,False
random-32-32-20|50|218|500|0,random-32-32-20|50|218|500,random-32-32-20,random,50,218,500,0,repair5g59_high_beta_cap_safe,repair5g518_grid_c1p25_b1p25_f1p00_w0p75_dc0p95_df1p00_beta0p7_max1p00_c0,False,False,True,False,False,False,False,False
random-32-32-20|50|219|1000|0,random-32-32-20|50|219|1000,random-32-32-20,random,50,219,1000,0,repair5g59_high_beta_cap_safe,repair5g518_grid_c1p25_b1p25_f1p00_w0p75_dc0p95_df1p00_beta0p7_max1p00_c0,False,False,True,False,False,False,False,False
random-32-32-20|50|219|1000|1,random-32-32-20|50|219|1000,random-32-32-20,random,50,219,1000,1,repair5g59_static_flow_shield,repair5g518_grid_c1p25_b1p25_f1p00_w0p75_dc0p95_df1p00_beta0p7_max1p00_c0,False,False,True,False,False,False,False,False
random-32-32-20|50|219|2000|0,random-32-32-20|50|219|2000,random-32-32-20,random,50,219,2000,0,repair5g59_high_beta_cap_safe,repair5g518_grid_c1p25_b1p25_f1p00_w0p75_dc0p95_df1p00_beta0p7_max1p00_c0,False,False,True,False,False,False,False,False
random-32-32-20|50|219|2000|1,random-32-32-20|50|219|2000,random-32-32-20,random,50,219,2000,1,repair5g59_high_beta_cap_safe,repair5g59_high_beta_cap_safe,False,False,False,False,False,False,False,False
random-32-32-20|50|219|500|0,random-32-32-20|50|219|500,random-32-32-20,random,50,219,500,0,repair5g59_high_beta_cap_safe,repair5g518_grid_c1p25_b1p25_f1p00_w0p75_dc0p95_df1p00_beta0p7_max1p00_c0,False,False,True,False,False,False,False,False
random-32-32-20|50|220|1000|0,random-32-32-20|50|220|1000,random-32-32-20,random,50,220,1000,0,repair5g59_high_beta_cap_safe,repair5g518_grid_c1p25_b1p25_f1p00_w0p75_dc0p95_df1p00_beta0p7_max1p00_c0,False,False,True,False,False,False,False,False
random-32-32-20|50|220|1000|1,random-32-32-20|50|220|1000,random-32-32-20,random,50,220,1000,1,repair5g59_static_flow_shield,repair5g59_flow_decay,False,False,True,False,False,False,False,False
random-32-32-20|50|220|2000|0,random-32-32-20|50|220|2000,random-32-32-20,random,50,220,2000,0,repair5g59_high_beta_cap_safe,repair5g518_grid_c1p25_b1p25_f1p00_w0p75_dc0p95_df1p00_beta0p7_max1p00_c0,False,False,True,False,False,False,False,False
random-32-32-20|50|220|2000|1,random-32-32-20|50|220|2000,random-32-32-20,random,50,220,2000,1,repair5g59_static_flow_shield,repair5g59_flow_decay,True,False,True,False,False,False,False,False
random-32-32-20|50|220|500|0,random-32-32-20|50|220|500,random-32-32-20,random,50,220,500,0,repair5g59_high_beta_cap_safe,repair5g518_grid_c1p25_b1p25_f1p00_w0p75_dc0p95_df1p00_beta0p7_max1p00_c0,False,False,True,False,False,False,False,False
random-32-32-20|50|221|1000|0,random-32-32-20|50|221|1000,random-32-32-20,random,50,221,1000,0,repair5g59_high_beta_cap_safe,repair5g518_grid_c1p25_b1p25_f1p00_w0p75_dc0p95_df1p00_beta0p7_max1p00_c0,False,False,True,False,False,False,False,False
random-32-32-20|50|221|1000|1,random-32-32-20|50|221|1000,random-32-32-20,random,50,221,1000,1,repair5g59_static_flow_shield,repair5g518_grid_c1p25_b1p25_f1p00_w0p75_dc0p95_df1p00_beta0p7_max1p00_c0,False,False,True,False,False,False,False,False
random-32-32-20|50|221|2000|0,random-32-32-20|50|221|2000,random-32-32-20,random,50,221,2000,0,repair5g59_high_beta_cap_safe,repair5g518_grid_c1p25_b1p25_f1p00_w0p75_dc0p95_df1p00_beta0p7_max1p00_c0,True,True,True,False,False,False,False,False
random-32-32-20|50|221|2000|1,random-32-32-20|50|221|2000,random-32-32-20,random,50,221,2000,1,repair5g59_static_flow_shield,repair5g518_grid_c1p25_b1p25_f1p00_w0p75_dc0p95_df1p00_beta0p7_max1p00_c0,True,False,True,False,False,False,False,False
random-32-32-20|50|221|500|0,random-32-32-20|50|221|500,random-32-32-20,random,50,221,500,0,repair5g59_high_beta_cap_safe,repair5g518_grid_c1p25_b1p25_f1p00_w0p75_dc0p95_df1p00_beta0p7_max1p00_c0,False,False,True,False,False,False,False,False
random-32-32-20|50|222|1000|0,random-32-32-20|50|222|1000,random-32-32-20,random,50,222,1000,0,repair5g59_high_beta_cap_safe,repair5g518_grid_c1p25_b1p25_f1p00_w0p75_dc0p95_df1p00_beta0p7_max1p00_c0,False,False,True,False,False,False,False,False
random-32-32-20|50|222|1000|1,random-32-32-20|50|222|1000,random-32-32-20,random,50,222,1000,1,repair5g59_static_flow_shield,repair5g59_additive_fallback,False,False,True,False,False,False,False,False
random-32-32-20|50|222|2000|0,random-32-32-20|50|222|2000,random-32-32-20,random,50,222,2000,0,repair5g59_high_beta_cap_safe,repair5g518_grid_c1p25_b1p25_f1p00_w0p75_dc0p95_df1p00_beta0p7_max1p00_c0,True,True,True,False,False,False,False,False
random-32-32-20|50|222|2000|1,random-32-32-20|50|222|2000,random-32-32-20,random,50,222,2000,1,repair5g59_high_beta_cap_safe,repair5g59_flow_decay,True,False,True,False,False,False,False,False
random-32-32-20|50|222|500|0,random-32-32-20|50|222|500,random-32-32-20,random,50,222,500,0,repair5g59_high_beta_cap_safe,repair5g518_grid_c1p25_b1p25_f1p00_w0p75_dc0p95_df1p00_beta0p7_max1p00_c0,False,False,True,False,False,False,False,False
random-32-32-20|50|223|1000|0,random-32-32-20|50|223|1000,random-32-32-20,random,50,223,1000,0,repair5g59_high_beta_cap_safe,repair5g518_grid_c1p25_b1p25_f1p00_w0p75_dc0p95_df1p00_beta0p7_max1p00_c0,False,False,True,False,False,False,False,False
random-32-32-20|50|223|1000|1,random-32-32-20|50|223|1000,random-32-32-20,random,50,223,1000,1,repair5g59_static_flow_shield,repair5g59_additive_fallback,False,False,True,False,False,False,False,False
random-32-32-20|50|223|2000|0,random-32-32-20|50|223|2000,random-32-32-20,random,50,223,2000,0,repair5g59_high_beta_cap_safe,repair5g518_grid_c1p25_b1p25_f1p00_w0p75_dc0p95_df1p00_beta0p7_max1p00_c0,False,False,True,False,False,False,False,False
random-32-32-20|50|223|2000|1,random-32-32-20|50|223|2000,random-32-32-20,random,50,223,2000,1,repair5g59_static_flow_shield,repair5g59_static_flow_shield,False,False,False,False,False,False,False,False
random-32-32-20|50|223|500|0,random-32-32-20|50|223|500,random-32-32-20,random,50,223,500,0,repair5g59_high_beta_cap_safe,repair5g518_grid_c1p25_b1p25_f1p00_w0p75_dc0p95_df1p00_beta0p7_max1p00_c0,False,False,True,False,False,False,False,False
random-32-32-20|50|224|1000|0,random-32-32-20|50|224|1000,random-32-32-20,random,50,224,1000,0,repair5g59_high_beta_cap_safe,repair5g518_grid_c1p25_b1p25_f1p00_w0p75_dc0p95_df1p00_beta0p7_max1p00_c0,False,False,True,False,False,False,False,False
random-32-32-20|50|224|1000|1,random-32-32-20|50|224|1000,random-32-32-20,random,50,224,1000,1,repair5g59_static_flow_shield,repair5g59_static_flow_shield,False,False,False,False,False,False,False,False
random-32-32-20|50|224|2000|0,random-32-32-20|50|224|2000,random-32-32-20,random,50,224,2000,0,repair5g59_high_beta_cap_safe,repair5g518_grid_c1p25_b1p25_f1p00_w0p75_dc0p95_df1p00_beta0p7_max1p00_c0,False,False,True,False,False,False,False,False
random-32-32-20|50|224|2000|1,random-32-32-20|50|224|2000,random-32-32-20,random,50,224,2000,1,repair5g59_static_flow_shield,repair5g59_wait_conservative,True,False,True,False,False,False,False,False
random-32-32-20|50|224|500|0,random-32-32-20|50|224|500,random-32-32-20,random,50,224,500,0,repair5g59_high_beta_cap_safe,repair5g518_grid_c1p25_b1p25_f1p00_w0p75_dc0p95_df1p00_beta0p7_max1p00_c0,False,False,True,False,False,False,False,False
random-32-32-20|50|225|1000|0,random-32-32-20|50|225|1000,random-32-32-20,random,50,225,1000,0,repair5g59_high_beta_cap_safe,repair5g518_grid_c1p25_b1p25_f1p00_w0p75_dc0p95_df1p00_beta0p7_max1p00_c0,False,False,True,False,False,False,False,False
random-32-32-20|50|225|1000|1,random-32-32-20|50|225|1000,random-32-32-20,random,50,225,1000,1,repair5g59_static_flow_shield,repair5g518_grid_c1p25_b1p25_f1p00_w0p75_dc0p95_df1p00_beta0p7_max1p00_c0,False,False,True,False,False,False,False,False
random-32-32-20|50|225|2000|0,random-32-32-20|50|225|2000,random-32-32-20,random,50,225,2000,0,repair5g59_high_beta_cap_safe,repair5g518_grid_c1p25_b1p25_f1p00_w0p75_dc0p95_df1p00_beta0p7_max1p00_c0,True,True,True,False,False,False,False,False
random-32-32-20|50|225|500|0,random-32-32-20|50|225|500,random-32-32-20,random,50,225,500,0,repair5g59_high_beta_cap_safe,repair5g518_grid_c1p25_b1p25_f1p00_w0p75_dc0p95_df1p00_beta0p7_max1p00_c0,False,False,True,False,False,False,False,False
random-32-32-20|50|226|1000|0,random-32-32-20|50|226|1000,random-32-32-20,random,50,226,1000,0,repair5g59_high_beta_cap_safe,repair5g518_grid_c1p25_b1p25_f1p00_w0p75_dc0p95_df1p00_beta0p7_max1p00_c0,False,False,True,False,False,False,False,False
random-32-32-20|50|226|1000|1,random-32-32-20|50|226|1000,random-32-32-20,random,50,226,1000,1,repair5g59_high_beta_cap_safe,repair5g59_additive_fallback,False,False,True,False,False,False,False,False
random-32-32-20|50|226|2000|0,random-32-32-20|50|226|2000,random-32-32-20,random,50,226,2000,0,repair5g59_high_beta_cap_safe,repair5g518_grid_c1p25_b1p25_f1p00_w0p75_dc0p95_df1p00_beta0p7_max1p00_c0,True,True,True,False,False,False,False,False
random-32-32-20|50|226|500|0,random-32-32-20|50|226|500,random-32-32-20,random,50,226,500,0,repair5g59_high_beta_cap_safe,repair5g518_grid_c1p25_b1p25_f1p00_w0p75_dc0p95_df1p00_beta0p7_max1p00_c0,False,False,True,False,False,False,False,False
random-32-32-20|50|227|1000|0,random-32-32-20|50|227|1000,random-32-32-20,random,50,227,1000,0,repair5g59_high_beta_cap_safe,repair5g518_grid_c1p25_b1p25_f1p00_w0p75_dc0p95_df1p00_beta0p7_max1p00_c0,False,False,True,False,False,False,False,False
random-32-32-20|50|227|1000|1,random-32-32-20|50|227|1000,random-32-32-20,random,50,227,1000,1,repair5g59_static_flow_shield,repair5g518_grid_c1p25_b1p25_f1p00_w0p75_dc0p95_df1p00_beta0p7_max1p00_c0,False,False,True,False,False,False,False,False
random-32-32-20|50|227|2000|0,random-32-32-20|50|227|2000,random-32-32-20,random,50,227,2000,0,repair5g59_high_beta_cap_safe,repair5g518_grid_c1p25_b1p25_f1p00_w0p75_dc0p95_df1p00_beta0p7_max1p00_c0,True,True,True,False,False,False,False,False
random-32-32-20|50|227|500|0,random-32-32-20|50|227|500,random-32-32-20,random,50,227,500,0,repair5g59_high_beta_cap_safe,repair5g518_grid_c1p25_b1p25_f1p00_w0p75_dc0p95_df1p00_beta0p7_max1p00_c0,False,False,True,False,False,False,False,False
random-32-32-20|50|228|1000|0,random-32-32-20|50|228|1000,random-32-32-20,random,50,228,1000,0,repair5g59_high_beta_cap_safe,repair5g518_grid_c1p25_b1p25_f1p00_w0p75_dc0p95_df1p00_beta0p7_max1p00_c0,False,False,True,False,False,False,False,False
random-32-32-20|50|228|1000|1,random-32-32-20|50|228|1000,random-32-32-20,random,50,228,1000,1,repair5g59_high_beta_cap_safe,repair5g59_additive_fallback,True,False,True,False,False,False,False,False
random-32-32-20|50|228|2000|0,random-32-32-20|50|228|2000,random-32-32-20,random,50,228,2000,0,repair5g59_high_beta_cap_safe,repair5g59_high_beta_cap_safe,False,False,False,False,False,False,False,False
random-32-32-20|50|228|2000|1,random-32-32-20|50|228|2000,random-32-32-20,random,50,228,2000,1,repair5g59_static_flow_shield,repair5g59_wait_conservative,True,False,True,False,False,False,False,False
random-32-32-20|50|228|500|0,random-32-32-20|50|228|500,random-32-32-20,random,50,228,500,0,repair5g59_high_beta_cap_safe,repair5g518_grid_c1p25_b1p25_f1p00_w0p75_dc0p95_df1p00_beta0p7_max1p00_c0,False,False,True,False,False,False,False,False
random-32-32-20|50|229|1000|0,random-32-32-20|50|229|1000,random-32-32-20,random,50,229,1000,0,repair5g59_high_beta_cap_safe,repair5g518_grid_c1p25_b1p25_f1p00_w0p75_dc0p95_df1p00_beta0p7_max1p00_c0,False,False,True,False,False,False,False,False
random-32-32-20|50|229|1000|1,random-32-32-20|50|229|1000,random-32-32-20,random,50,229,1000,1,repair5g59_static_flow_shield,repair5g59_static_flow_shield,False,False,False,False,False,False,False,False
random-32-32-20|50|229|2000|0,random-32-32-20|50|229|2000,random-32-32-20,random,50,229,2000,0,repair5g59_high_beta_cap_safe,repair5g518_grid_c1p25_b1p25_f1p00_w0p75_dc0p95_df1p00_beta0p7_max1p00_c0,False,False,True,False,False,False,False,False
random-32-32-20|50|229|500|0,random-32-32-20|50|229|500,random-32-32-20,random,50,229,500,0,repair5g59_high_beta_cap_safe,repair5g518_grid_c1p25_b1p25_f1p00_w0p75_dc0p95_df1p00_beta0p7_max1p00_c0,False,False,True,False,False,False,False,False
random-32-32-20|50|230|1000|0,random-32-32-20|50|230|1000,random-32-32-20,random,50,230,1000,0,repair5g59_high_beta_cap_safe,repair5g518_grid_c1p25_b1p25_f1p00_w0p75_dc0p95_df1p00_beta0p7_max1p00_c0,False,False,True,False,False,False,False,False
random-32-32-20|50|230|2000|0,random-32-32-20|50|230|2000,random-32-32-20,random,50,230,2000,0,repair5g59_high_beta_cap_safe,repair5g59_wait_conservative,True,True,True,False,False,False,False,False
random-32-32-20|50|230|2000|1,random-32-32-20|50|230|2000,random-32-32-20,random,50,230,2000,1,repair5g59_high_beta_cap_safe,repair5g59_flow_decay,False,False,True,False,False,False,False,False
random-32-32-20|50|230|500|0,random-32-32-20|50|230|500,random-32-32-20,random,50,230,500,0,repair5g59_high_beta_cap_safe,repair5g518_grid_c1p25_b1p25_f1p00_w0p75_dc0p95_df1p00_beta0p7_max1p00_c0,False,False,True,False,False,False,False,False
random-32-32-20|50|231|1000|0,random-32-32-20|50|231|1000,random-32-32-20,random,50,231,1000,0,repair5g59_high_beta_cap_safe,repair5g518_grid_c1p25_b1p25_f1p00_w0p75_dc0p95_df1p00_beta0p7_max1p00_c0,False,False,True,False,False,False,False,False
random-32-32-20|50|231|1000|1,random-32-32-20|50|231|1000,random-32-32-20,random,50,231,1000,1,repair5g59_high_beta_cap_safe,repair5g59_additive_fallback,False,False,True,False,False,False,False,False
random-32-32-20|50|231|2000|0,random-32-32-20|50|231|2000,random-32-32-20,random,50,231,2000,0,repair5g59_high_beta_cap_safe,repair5g518_grid_c1p25_b1p25_f1p00_w0p75_dc0p95_df1p00_beta0p7_max1p00_c0,False,False,True,False,False,False,False,False
random-32-32-20|50|231|2000|1,random-32-32-20|50|231|2000,random-32-32-20,random,50,231,2000,1,repair5g59_static_flow_shield,repair5g59_static_flow_shield,False,False,False,False,False,False,False,False
random-32-32-20|50|231|500|0,random-32-32-20|50|231|500,random-32-32-20,random,50,231,500,0,repair5g59_high_beta_cap_safe,repair5g518_grid_c1p25_b1p25_f1p00_w0p75_dc0p95_df1p00_beta0p7_max1p00_c0,False,False,True,False,False,False,False,False
random-32-32-20|50|232|1000|0,random-32-32-20|50|232|1000,random-32-32-20,random,50,232,1000,0,repair5g59_high_beta_cap_safe,repair5g518_grid_c1p25_b1p25_f1p00_w0p75_dc0p95_df1p00_beta0p7_max1p00_c0,False,False,True,False,False,False,False,False
random-32-32-20|50|232|1000|1,random-32-32-20|50|232|1000,random-32-32-20,random,50,232,1000,1,repair5g59_static_flow_shield,repair5g59_static_flow_shield,False,False,False,False,False,False,False,False
random-32-32-20|50|232|2000|0,random-32-32-20|50|232|2000,random-32-32-20,random,50,232,2000,0,repair5g59_high_beta_cap_safe,repair5g518_grid_c1p25_b1p25_f1p00_w0p75_dc0p95_df1p00_beta0p7_max1p00_c0,False,False,True,False,False,False,False,False
random-32-32-20|50|232|2000|1,random-32-32-20|50|232|2000,random-32-32-20,random,50,232,2000,1,repair5g59_static_flow_shield,repair5g59_wait_conservative,True,False,True,False,False,False,False,False
random-32-32-20|50|232|500|0,random-32-32-20|50|232|500,random-32-32-20,random,50,232,500,0,repair5g59_high_beta_cap_safe,repair5g518_grid_c1p25_b1p25_f1p00_w0p75_dc0p95_df1p00_beta0p7_max1p00_c0,False,False,True,False,False,False,False,False
random-32-32-20|50|233|1000|0,random-32-32-20|50|233|1000,random-32-32-20,random,50,233,1000,0,repair5g59_high_beta_cap_safe,repair5g518_grid_c1p25_b1p25_f1p00_w0p75_dc0p95_df1p00_beta0p7_max1p00_c0,False,False,True,False,False,False,False,False
random-32-32-20|50|233|1000|1,random-32-32-20|50|233|1000,random-32-32-20,random,50,233,1000,1,repair5g59_high_beta_cap_safe,repair5g59_high_beta_cap_safe,False,False,False,False,False,False,False,False
random-32-32-20|50|233|2000|0,random-32-32-20|50|233|2000,random-32-32-20,random,50,233,2000,0,repair5g59_high_beta_cap_safe,repair5g518_grid_c1p25_b1p25_f1p00_w0p75_dc0p95_df1p00_beta0p7_max1p00_c0,False,False,True,False,False,False,False,False
random-32-32-20|50|233|500|0,random-32-32-20|50|233|500,random-32-32-20,random,50,233,500,0,repair5g59_high_beta_cap_safe,repair5g518_grid_c1p25_b1p25_f1p00_w0p75_dc0p95_df1p00_beta0p7_max1p00_c0,False,False,True,False,False,False,False,False
random-32-32-20|50|234|1000|0,random-32-32-20|50|234|1000,random-32-32-20,random,50,234,1000,0,repair5g59_high_beta_cap_safe,repair5g518_grid_c1p25_b1p25_f1p00_w0p75_dc0p95_df1p00_beta0p7_max1p00_c0,False,False,True,False,False,False,False,False
random-32-32-20|50|234|1000|1,random-32-32-20|50|234|1000,random-32-32-20,random,50,234,1000,1,repair5g59_static_flow_shield,repair5g518_grid_c1p25_b1p25_f1p00_w0p75_dc0p95_df1p00_beta0p7_max1p00_c0,False,False,True,False,False,False,False,False
random-32-32-20|50|234|2000|0,random-32-32-20|50|234|2000,random-32-32-20,random,50,234,2000,0,repair5g59_high_beta_cap_safe,repair5g518_grid_c1p25_b1p25_f1p00_w0p75_dc0p95_df1p00_beta0p7_max1p00_c0,False,False,True,False,False,False,False,False
random-32-32-20|50|234|500|0,random-32-32-20|50|234|500,random-32-32-20,random,50,234,500,0,repair5g59_high_beta_cap_safe,repair5g518_grid_c1p25_b1p25_f1p00_w0p75_dc0p95_df1p00_beta0p7_max1p00_c0,False,False,True,False,False,False,False,False
random-32-32-20|50|235|1000|0,random-32-32-20|50|235|1000,random-32-32-20,random,50,235,1000,0,repair5g59_high_beta_cap_safe,repair5g518_grid_c1p25_b1p25_f1p00_w0p75_dc0p95_df1p00_beta0p7_max1p00_c0,False,False,True,False,False,False,False,False
random-32-32-20|50|235|1000|1,random-32-32-20|50|235|1000,random-32-32-20,random,50,235,1000,1,repair5g59_high_beta_cap_safe,repair5g59_additive_fallback,True,False,True,False,False,False,False,False
random-32-32-20|50|235|2000|0,random-32-32-20|50|235|2000,random-32-32-20,random,50,235,2000,0,repair5g59_static_flow_shield,repair5g59_wait_conservative,True,True,True,False,False,False,False,False
random-32-32-20|50|235|500|0,random-32-32-20|50|235|500,random-32-32-20,random,50,235,500,0,repair5g59_high_beta_cap_safe,repair5g518_grid_c1p25_b1p25_f1p00_w0p75_dc0p95_df1p00_beta0p7_max1p00_c0,False,False,True,False,False,False,False,False
random-32-32-20|50|236|1000|0,random-32-32-20|50|236|1000,random-32-32-20,random,50,236,1000,0,repair5g59_high_beta_cap_safe,repair5g518_grid_c1p25_b1p25_f1p00_w0p75_dc0p95_df1p00_beta0p7_max1p00_c0,False,False,True,False,False,False,False,False
random-32-32-20|50|236|1000|1,random-32-32-20|50|236|1000,random-32-32-20,random,50,236,1000,1,repair5g59_static_flow_shield,repair5g518_grid_c1p25_b1p25_f1p00_w0p75_dc0p95_df1p00_beta0p7_max1p00_c0,False,False,True,False,False,False,False,False
random-32-32-20|50|236|2000|0,random-32-32-20|50|236|2000,random-32-32-20,random,50,236,2000,0,repair5g59_high_beta_cap_safe,repair5g518_grid_c1p25_b1p25_f1p00_w0p75_dc0p95_df1p00_beta0p7_max1p00_c0,False,False,True,False,False,False,False,False
random-32-32-20|50|236|500|0,random-32-32-20|50|236|500,random-32-32-20,random,50,236,500,0,repair5g59_high_beta_cap_safe,repair5g518_grid_c1p25_b1p25_f1p00_w0p75_dc0p95_df1p00_beta0p7_max1p00_c0,False,False,True,False,False,False,False,False
random-32-32-20|50|237|1000|0,random-32-32-20|50|237|1000,random-32-32-20,random,50,237,1000,0,repair5g59_high_beta_cap_safe,repair5g518_grid_c1p25_b1p25_f1p00_w0p75_dc0p95_df1p00_beta0p7_max1p00_c0,False,False,True,False,False,False,False,False
random-32-32-20|50|237|1000|1,random-32-32-20|50|237|1000,random-32-32-20,random,50,237,1000,1,repair5g59_static_flow_shield,repair5g59_additive_fallback,False,False,True,False,False,False,False,False
random-32-32-20|50|237|2000|0,random-32-32-20|50|237|2000,random-32-32-20,random,50,237,2000,0,repair5g59_high_beta_cap_safe,repair5g59_wait_conservative,True,True,True,False,False,False,False,False
random-32-32-20|50|237|500|0,random-32-32-20|50|237|500,random-32-32-20,random,50,237,500,0,repair5g59_high_beta_cap_safe,repair5g518_grid_c1p25_b1p25_f1p00_w0p75_dc0p95_df1p00_beta0p7_max1p00_c0,False,False,True,False,False,False,False,False
random-32-32-20|50|238|1000|0,random-32-32-20|50|238|1000,random-32-32-20,random,50,238,1000,0,repair5g59_high_beta_cap_safe,repair5g518_grid_c1p25_b1p25_f1p00_w0p75_dc0p95_df1p00_beta0p7_max1p00_c0,False,False,True,False,False,False,False,False
random-32-32-20|50|238|2000|0,random-32-32-20|50|238|2000,random-32-32-20,random,50,238,2000,0,repair5g59_static_flow_shield,repair5g59_static_flow_shield,False,False,False,False,False,False,False,False
random-32-32-20|50|238|500|0,random-32-32-20|50|238|500,random-32-32-20,random,50,238,500,0,repair5g59_high_beta_cap_safe,repair5g518_grid_c1p25_b1p25_f1p00_w0p75_dc0p95_df1p00_beta0p7_max1p00_c0,False,False,True,False,False,False,False,False
random-32-32-20|50|239|1000|0,random-32-32-20|50|239|1000,random-32-32-20,random,50,239,1000,0,repair5g59_high_beta_cap_safe,repair5g518_grid_c1p25_b1p25_f1p00_w0p75_dc0p95_df1p00_beta0p7_max1p00_c0,False,False,True,False,False,False,False,False
random-32-32-20|50|239|1000|1,random-32-32-20|50|239|1000,random-32-32-20,random,50,239,1000,1,repair5g59_static_flow_shield,repair5g59_static_flow_shield,False,False,False,False,False,False,False,False
random-32-32-20|50|239|2000|0,random-32-32-20|50|239|2000,random-32-32-20,random,50,239,2000,0,repair5g59_high_beta_cap_safe,repair5g518_grid_c1p25_b1p25_f1p00_w0p75_dc0p95_df1p00_beta0p7_max1p00_c0,False,False,True,False,False,False,False,False
random-32-32-20|50|239|500|0,random-32-32-20|50|239|500,random-32-32-20,random,50,239,500,0,repair5g59_high_beta_cap_safe,repair5g518_grid_c1p25_b1p25_f1p00_w0p75_dc0p95_df1p00_beta0p7_max1p00_c0,False,False,True,False,False,False,False,False
random-32-32-20|50|240|1000|0,random-32-32-20|50|240|1000,random-32-32-20,random,50,240,1000,0,repair5g59_high_beta_cap_safe,repair5g518_grid_c1p25_b1p25_f1p00_w0p75_dc0p95_df1p00_beta0p7_max1p00_c0,False,False,True,False,False,False,False,False
random-32-32-20|50|240|2000|0,random-32-32-20|50|240|2000,random-32-32-20,random,50,240,2000,0,repair5g59_high_beta_cap_safe,repair5g518_grid_c1p25_b1p25_f1p00_w0p75_dc0p95_df1p00_beta0p7_max1p00_c0,False,False,True,False,False,False,False,False
random-32-32-20|50|240|500|0,random-32-32-20|50|240|500,random-32-32-20,random,50,240,500,0,repair5g59_high_beta_cap_safe,repair5g518_grid_c1p25_b1p25_f1p00_w0p75_dc0p95_df1p00_beta0p7_max1p00_c0,False,False,True,False,False,False,False,False
random-32-32-20|50|241|1000|0,random-32-32-20|50|241|1000,random-32-32-20,random,50,241,1000,0,repair5g59_high_beta_cap_safe,repair5g518_grid_c1p25_b1p25_f1p00_w0p75_dc0p95_df1p00_beta0p7_max1p00_c0,False,False,True,False,False,False,False,False
random-32-32-20|50|241|1000|1,random-32-32-20|50|241|1000,random-32-32-20,random,50,241,1000,1,repair5g59_static_flow_shield,repair5g518_grid_c1p25_b1p25_f1p00_w0p75_dc0p95_df1p00_beta0p7_max1p00_c0,False,False,True,False,False,False,False,False
random-32-32-20|50|241|2000|0,random-32-32-20|50|241|2000,random-32-32-20,random,50,241,2000,0,repair5g59_high_beta_cap_safe,repair5g518_grid_c1p25_b1p25_f1p00_w0p75_dc0p95_df1p00_beta0p7_max1p00_c0,False,False,True,False,False,False,False,False
random-32-32-20|50|241|500|0,random-32-32-20|50|241|500,random-32-32-20,random,50,241,500,0,repair5g59_high_beta_cap_safe,repair5g518_grid_c1p25_b1p25_f1p00_w0p75_dc0p95_df1p00_beta0p7_max1p00_c0,False,False,True,False,False,False,False,False
random-32-32-20|50|242|1000|0,random-32-32-20|50|242|1000,random-32-32-20,random,50,242,1000,0,repair5g59_high_beta_cap_safe,repair5g518_grid_c1p25_b1p25_f1p00_w0p75_dc0p95_df1p00_beta0p7_max1p00_c0,False,False,True,False,False,False,False,False
random-32-32-20|50|242|1000|1,random-32-32-20|50|242|1000,random-32-32-20,random,50,242,1000,1,repair5g59_high_beta_cap_safe,repair5g59_additive_fallback,False,False,True,False,False,False,False,False
random-32-32-20|50|242|2000|0,random-32-32-20|50|242|2000,random-32-32-20,random,50,242,2000,0,repair5g59_high_beta_cap_safe,repair5g518_grid_c1p25_b1p25_f1p00_w0p75_dc0p95_df1p00_beta0p7_max1p00_c0,True,True,True,False,False,False,False,False
random-32-32-20|50|242|2000|1,random-32-32-20|50|242|2000,random-32-32-20,random,50,242,2000,1,repair5g59_static_flow_shield,repair5g518_grid_c1p25_b1p25_f1p00_w0p75_dc0p95_df1p00_beta0p7_max1p00_c0,True,False,True,False,False,False,False,False
random-32-32-20|50|242|500|0,random-32-32-20|50|242|500,random-32-32-20,random,50,242,500,0,repair5g59_high_beta_cap_safe,repair5g518_grid_c1p25_b1p25_f1p00_w0p75_dc0p95_df1p00_beta0p7_max1p00_c0,False,False,True,False,False,False,False,False
random-32-32-20|50|243|1000|0,random-32-32-20|50|243|1000,random-32-32-20,random,50,243,1000,0,repair5g59_high_beta_cap_safe,repair5g59_additive_fallback,True,True,True,False,False,False,False,False
random-32-32-20|50|243|1000|1,random-32-32-20|50|243|1000,random-32-32-20,random,50,243,1000,1,repair5g59_static_flow_shield,repair5g59_static_flow_shield,False,False,False,False,False,False,False,False
random-32-32-20|50|243|2000|0,random-32-32-20|50|243|2000,random-32-32-20,random,50,243,2000,0,repair5g59_high_beta_cap_safe,repair5g518_grid_c1p25_b1p25_f1p00_w0p75_dc0p95_df1p00_beta0p7_max1p00_c0,True,True,True,False,False,False,False,False
random-32-32-20|50|243|500|0,random-32-32-20|50|243|500,random-32-32-20,random,50,243,500,0,repair5g59_high_beta_cap_safe,repair5g518_grid_c1p25_b1p25_f1p00_w0p75_dc0p95_df1p00_beta0p7_max1p00_c0,False,False,True,False,False,False,False,False
random-32-32-20|50|244|1000|0,random-32-32-20|50|244|1000,random-32-32-20,random,50,244,1000,0,repair5g59_high_beta_cap_safe,repair5g518_grid_c1p25_b1p25_f1p00_w0p75_dc0p95_df1p00_beta0p7_max1p00_c0,False,False,True,False,False,False,False,False
random-32-32-20|50|244|2000|0,random-32-32-20|50|244|2000,random-32-32-20,random,50,244,2000,0,repair5g59_high_beta_cap_safe,repair5g518_grid_c1p25_b1p25_f1p00_w0p75_dc0p95_df1p00_beta0p7_max1p00_c0,False,False,True,False,False,False,False,False
random-32-32-20|50|244|2000|1,random-32-32-20|50|244|2000,random-32-32-20,random,50,244,2000,1,repair5g59_static_flow_shield,repair5g59_static_flow_shield,False,False,False,False,False,False,False,False
random-32-32-20|50|244|500|0,random-32-32-20|50|244|500,random-32-32-20,random,50,244,500,0,repair5g59_high_beta_cap_safe,repair5g518_grid_c1p25_b1p25_f1p00_w0p75_dc0p95_df1p00_beta0p7_max1p00_c0,False,False,True,False,False,False,False,False
random-32-32-20|50|245|1000|0,random-32-32-20|50|245|1000,random-32-32-20,random,50,245,1000,0,repair5g59_high_beta_cap_safe,repair5g518_grid_c1p25_b1p25_f1p00_w0p75_dc0p95_df1p00_beta0p7_max1p00_c0,False,False,True,False,False,False,False,False
random-32-32-20|50|245|1000|1,random-32-32-20|50|245|1000,random-32-32-20,random,50,245,1000,1,repair5g59_static_flow_shield,repair5g518_grid_c1p25_b1p25_f1p00_w0p75_dc0p95_df1p00_beta0p7_max1p00_c0,False,False,True,False,False,False,False,False
random-32-32-20|50|245|2000|0,random-32-32-20|50|245|2000,random-32-32-20,random,50,245,2000,0,repair5g59_high_beta_cap_safe,repair5g59_high_beta_cap_safe,False,False,False,False,False,False,False,False
random-32-32-20|50|245|2000|1,random-32-32-20|50|245|2000,random-32-32-20,random,50,245,2000,1,repair5g59_static_flow_shield,repair5g518_grid_c1p25_b1p25_f1p00_w0p75_dc0p95_df1p00_beta0p7_max1p00_c0,True,False,True,False,False,False,False,False
random-32-32-20|50|245|500|0,random-32-32-20|50|245|500,random-32-32-20,random,50,245,500,0,repair5g59_high_beta_cap_safe,repair5g518_grid_c1p25_b1p25_f1p00_w0p75_dc0p95_df1p00_beta0p7_max1p00_c0,False,False,True,False,False,False,False,False
warehouse-10-20-10-2-1|100|146|500|0,warehouse-10-20-10-2-1|100|146|500,warehouse-10-20-10-2-1,warehouse,100,146,500,0,repair5g59_additive_fallback,repair5g59_additive_fallback,False,False,False,False,False,False,False,False
warehouse-10-20-10-2-1|100|147|500|0,warehouse-10-20-10-2-1|100|147|500,warehouse-10-20-10-2-1,warehouse,100,147,500,0,repair5g59_additive_fallback,repair5g59_additive_fallback,False,False,False,False,False,False,False,False
warehouse-10-20-10-2-1|100|160|1000|0,warehouse-10-20-10-2-1|100|160|1000,warehouse-10-20-10-2-1,warehouse,100,160,1000,0,repair5g59_additive_fallback,repair5g518_grid_c1p25_b1p25_f0p00_w0p5_dc0p95_df1p00_beta0p00_max0p00_c1,False,False,True,False,False,False,False,False
warehouse-10-20-10-2-1|100|160|2000|0,warehouse-10-20-10-2-1|100|160|2000,warehouse-10-20-10-2-1,warehouse,100,160,2000,0,repair5g59_additive_fallback,repair5g518_grid_c1p25_b1p25_f0p00_w0p5_dc0p95_df1p00_beta0p00_max0p00_c1,False,False,True,False,False,False,False,False
warehouse-10-20-10-2-1|100|160|500|0,warehouse-10-20-10-2-1|100|160|500,warehouse-10-20-10-2-1,warehouse,100,160,500,0,repair5g59_additive_fallback,repair5g518_grid_c1p25_b1p25_f0p00_w0p5_dc0p95_df1p00_beta0p00_max0p00_c1,False,False,True,False,False,False,False,False
warehouse-10-20-10-2-1|100|161|1000|0,warehouse-10-20-10-2-1|100|161|1000,warehouse-10-20-10-2-1,warehouse,100,161,1000,0,repair5g59_additive_fallback,repair5g518_grid_c1p25_b1p25_f0p00_w0p5_dc0p95_df1p00_beta0p00_max0p00_c1,False,False,True,False,False,False,False,False
warehouse-10-20-10-2-1|100|161|2000|0,warehouse-10-20-10-2-1|100|161|2000,warehouse-10-20-10-2-1,warehouse,100,161,2000,0,repair5g59_additive_fallback,repair5g518_grid_c1p25_b1p25_f0p00_w0p5_dc0p95_df1p00_beta0p00_max0p00_c1,False,False,True,False,False,False,False,False
warehouse-10-20-10-2-1|100|161|500|0,warehouse-10-20-10-2-1|100|161|500,warehouse-10-20-10-2-1,warehouse,100,161,500,0,repair5g59_additive_fallback,repair5g518_grid_c1p25_b1p25_f0p00_w0p5_dc0p95_df1p00_beta0p00_max0p00_c1,False,False,True,False,False,False,False,False
warehouse-10-20-10-2-1|100|162|1000|0,warehouse-10-20-10-2-1|100|162|1000,warehouse-10-20-10-2-1,warehouse,100,162,1000,0,repair5g59_additive_fallback,repair5g518_grid_c1p25_b1p25_f0p00_w0p5_dc0p95_df1p00_beta0p00_max0p00_c1,False,False,True,False,False,False,False,False
warehouse-10-20-10-2-1|100|162|2000|0,warehouse-10-20-10-2-1|100|162|2000,warehouse-10-20-10-2-1,warehouse,100,162,2000,0,repair5g59_additive_fallback,repair5g518_grid_c1p25_b1p25_f0p00_w0p5_dc0p95_df1p00_beta0p00_max0p00_c1,False,False,True,False,False,False,False,False
warehouse-10-20-10-2-1|100|162|500|0,warehouse-10-20-10-2-1|100|162|500,warehouse-10-20-10-2-1,warehouse,100,162,500,0,repair5g59_additive_fallback,repair5g518_grid_c1p25_b1p25_f0p00_w0p5_dc0p95_df1p00_beta0p00_max0p00_c1,False,False,True,False,False,False,False,False
warehouse-10-20-10-2-1|100|163|1000|0,warehouse-10-20-10-2-1|100|163|1000,warehouse-10-20-10-2-1,warehouse,100,163,1000,0,repair5g59_additive_fallback,repair5g518_grid_c1p25_b1p25_f0p00_w0p5_dc0p95_df1p00_beta0p00_max0p00_c1,False,False,True,False,False,False,False,False
warehouse-10-20-10-2-1|100|163|2000|0,warehouse-10-20-10-2-1|100|163|2000,warehouse-10-20-10-2-1,warehouse,100,163,2000,0,repair5g59_additive_fallback,repair5g518_grid_c1p25_b1p25_f0p00_w0p5_dc0p95_df1p00_beta0p00_max0p00_c1,False,False,True,False,False,False,False,False
warehouse-10-20-10-2-1|100|163|500|0,warehouse-10-20-10-2-1|100|163|500,warehouse-10-20-10-2-1,warehouse,100,163,500,0,repair5g59_additive_fallback,repair5g518_grid_c1p25_b1p25_f0p00_w0p5_dc0p95_df1p00_beta0p00_max0p00_c1,False,False,True,False,False,False,False,False
warehouse-10-20-10-2-1|100|164|1000|0,warehouse-10-20-10-2-1|100|164|1000,warehouse-10-20-10-2-1,warehouse,100,164,1000,0,repair5g59_additive_fallback,repair5g518_grid_c1p25_b1p25_f0p00_w0p5_dc0p95_df1p00_beta0p00_max0p00_c1,False,False,True,False,False,False,False,False
warehouse-10-20-10-2-1|100|164|2000|0,warehouse-10-20-10-2-1|100|164|2000,warehouse-10-20-10-2-1,warehouse,100,164,2000,0,repair5g59_additive_fallback,repair5g518_grid_c1p25_b1p25_f0p00_w0p5_dc0p95_df1p00_beta0p00_max0p00_c1,False,False,True,False,False,False,False,False
warehouse-10-20-10-2-1|100|164|500|0,warehouse-10-20-10-2-1|100|164|500,warehouse-10-20-10-2-1,warehouse,100,164,500,0,repair5g59_additive_fallback,repair5g518_grid_c1p25_b1p25_f0p00_w0p5_dc0p95_df1p00_beta0p00_max0p00_c1,False,False,True,False,False,False,False,False
warehouse-10-20-10-2-1|100|165|1000|0,warehouse-10-20-10-2-1|100|165|1000,warehouse-10-20-10-2-1,warehouse,100,165,1000,0,repair5g59_additive_fallback,repair5g518_grid_c1p25_b1p25_f0p00_w0p5_dc0p95_df1p00_beta0p00_max0p00_c1,False,False,True,False,False,False,False,False
warehouse-10-20-10-2-1|100|165|2000|0,warehouse-10-20-10-2-1|100|165|2000,warehouse-10-20-10-2-1,warehouse,100,165,2000,0,repair5g59_additive_fallback,repair5g518_grid_c1p25_b1p25_f0p00_w0p5_dc0p95_df1p00_beta0p00_max0p00_c1,False,False,True,False,False,False,False,False
warehouse-10-20-10-2-1|100|165|500|0,warehouse-10-20-10-2-1|100|165|500,warehouse-10-20-10-2-1,warehouse,100,165,500,0,repair5g59_additive_fallback,repair5g518_grid_c1p25_b1p25_f0p00_w0p5_dc0p95_df1p00_beta0p00_max0p00_c1,False,False,True,False,False,False,False,False
warehouse-10-20-10-2-1|100|206|1000|0,warehouse-10-20-10-2-1|100|206|1000,warehouse-10-20-10-2-1,warehouse,100,206,1000,0,repair5g59_additive_fallback,repair5g518_grid_c1p25_b1p25_f0p00_w0p5_dc0p95_df1p00_beta0p00_max0p00_c1,False,False,True,False,False,False,False,False
warehouse-10-20-10-2-1|100|206|500|0,warehouse-10-20-10-2-1|100|206|500,warehouse-10-20-10-2-1,warehouse,100,206,500,0,repair5g59_additive_fallback,repair5g518_grid_c1p25_b1p25_f0p00_w0p5_dc0p95_df1p00_beta0p00_max0p00_c1,False,False,True,False,False,False,False,False
warehouse-10-20-10-2-1|100|207|1000|0,warehouse-10-20-10-2-1|100|207|1000,warehouse-10-20-10-2-1,warehouse,100,207,1000,0,repair5g59_additive_fallback,repair5g518_grid_c1p25_b1p25_f0p00_w0p5_dc0p95_df1p00_beta0p00_max0p00_c1,False,False,True,False,False,False,False,False
warehouse-10-20-10-2-1|100|207|500|0,warehouse-10-20-10-2-1|100|207|500,warehouse-10-20-10-2-1,warehouse,100,207,500,0,repair5g59_additive_fallback,repair5g518_grid_c1p25_b1p25_f0p00_w0p5_dc0p95_df1p00_beta0p00_max0p00_c1,False,False,True,False,False,False,False,False
warehouse-10-20-10-2-1|100|208|1000|0,warehouse-10-20-10-2-1|100|208|1000,warehouse-10-20-10-2-1,warehouse,100,208,1000,0,repair5g59_additive_fallback,repair5g518_grid_c1p25_b1p25_f0p00_w0p5_dc0p95_df1p00_beta0p00_max0p00_c1,False,False,True,False,False,False,False,False
warehouse-10-20-10-2-1|100|208|500|0,warehouse-10-20-10-2-1|100|208|500,warehouse-10-20-10-2-1,warehouse,100,208,500,0,repair5g59_additive_fallback,repair5g518_grid_c1p25_b1p25_f0p00_w0p5_dc0p95_df1p00_beta0p00_max0p00_c1,False,False,True,False,False,False,False,False
warehouse-10-20-10-2-1|100|209|1000|0,warehouse-10-20-10-2-1|100|209|1000,warehouse-10-20-10-2-1,warehouse,100,209,1000,0,repair5g59_additive_fallback,repair5g518_grid_c1p25_b1p25_f0p00_w0p5_dc0p95_df1p00_beta0p00_max0p00_c1,False,False,True,False,False,False,False,False
warehouse-10-20-10-2-1|100|209|500|0,warehouse-10-20-10-2-1|100|209|500,warehouse-10-20-10-2-1,warehouse,100,209,500,0,repair5g59_additive_fallback,repair5g518_grid_c1p25_b1p25_f0p00_w0p5_dc0p95_df1p00_beta0p00_max0p00_c1,False,False,True,False,False,False,False,False
warehouse-10-20-10-2-1|100|210|1000|0,warehouse-10-20-10-2-1|100|210|1000,warehouse-10-20-10-2-1,warehouse,100,210,1000,0,repair5g59_additive_fallback,repair5g518_grid_c1p25_b1p25_f0p00_w0p5_dc0p95_df1p00_beta0p00_max0p00_c1,False,False,True,False,False,False,False,False
warehouse-10-20-10-2-1|100|210|500|0,warehouse-10-20-10-2-1|100|210|500,warehouse-10-20-10-2-1,warehouse,100,210,500,0,repair5g59_additive_fallback,repair5g518_grid_c1p25_b1p25_f0p00_w0p5_dc0p95_df1p00_beta0p00_max0p00_c1,False,False,True,False,False,False,False,False
warehouse-10-20-10-2-1|100|211|1000|0,warehouse-10-20-10-2-1|100|211|1000,warehouse-10-20-10-2-1,warehouse,100,211,1000,0,repair5g59_additive_fallback,repair5g518_grid_c1p25_b1p25_f0p00_w0p5_dc0p95_df1p00_beta0p00_max0p00_c1,False,False,True,False,False,False,False,False
warehouse-10-20-10-2-1|100|211|500|0,warehouse-10-20-10-2-1|100|211|500,warehouse-10-20-10-2-1,warehouse,100,211,500,0,repair5g59_additive_fallback,repair5g518_grid_c1p25_b1p25_f0p00_w0p5_dc0p95_df1p00_beta0p00_max0p00_c1,False,False,True,False,False,False,False,False
warehouse-10-20-10-2-1|50|146|1000|0,warehouse-10-20-10-2-1|50|146|1000,warehouse-10-20-10-2-1,warehouse,50,146,1000,0,repair5g59_additive_fallback,repair5g59_additive_fallback,False,False,False,False,False,False,False,False
warehouse-10-20-10-2-1|50|146|2000|0,warehouse-10-20-10-2-1|50|146|2000,warehouse-10-20-10-2-1,warehouse,50,146,2000,0,repair5g59_additive_fallback,repair5g59_additive_fallback,False,False,False,False,False,False,False,False
warehouse-10-20-10-2-1|50|146|500|0,warehouse-10-20-10-2-1|50|146|500,warehouse-10-20-10-2-1,warehouse,50,146,500,0,repair5g59_additive_fallback,repair5g59_additive_fallback,False,False,False,False,False,False,False,False
warehouse-10-20-10-2-1|50|147|1000|0,warehouse-10-20-10-2-1|50|147|1000,warehouse-10-20-10-2-1,warehouse,50,147,1000,0,repair5g59_additive_fallback,repair5g59_additive_fallback,False,False,False,False,False,False,False,False
warehouse-10-20-10-2-1|50|147|2000|0,warehouse-10-20-10-2-1|50|147|2000,warehouse-10-20-10-2-1,warehouse,50,147,2000,0,repair5g59_additive_fallback,repair5g59_additive_fallback,False,False,False,False,False,False,False,False
warehouse-10-20-10-2-1|50|147|500|0,warehouse-10-20-10-2-1|50|147|500,warehouse-10-20-10-2-1,warehouse,50,147,500,0,repair5g59_additive_fallback,repair5g59_additive_fallback,False,False,False,False,False,False,False,False
warehouse-10-20-10-2-1|50|148|1000|0,warehouse-10-20-10-2-1|50|148|1000,warehouse-10-20-10-2-1,warehouse,50,148,1000,0,repair5g59_additive_fallback,repair5g59_additive_fallback,False,False,False,False,False,False,False,False
warehouse-10-20-10-2-1|50|148|2000|0,warehouse-10-20-10-2-1|50|148|2000,warehouse-10-20-10-2-1,warehouse,50,148,2000,0,repair5g59_additive_fallback,repair5g59_additive_fallback,False,False,False,False,False,False,False,False
warehouse-10-20-10-2-1|50|148|500|0,warehouse-10-20-10-2-1|50|148|500,warehouse-10-20-10-2-1,warehouse,50,148,500,0,repair5g59_additive_fallback,repair5g59_additive_fallback,False,False,False,False,False,False,False,False
warehouse-10-20-10-2-1|50|149|1000|0,warehouse-10-20-10-2-1|50|149|1000,warehouse-10-20-10-2-1,warehouse,50,149,1000,0,repair5g59_additive_fallback,repair5g59_additive_fallback,False,False,False,False,False,False,False,False
warehouse-10-20-10-2-1|50|149|2000|0,warehouse-10-20-10-2-1|50|149|2000,warehouse-10-20-10-2-1,warehouse,50,149,2000,0,repair5g59_additive_fallback,repair5g59_additive_fallback,False,False,False,False,False,False,False,False
warehouse-10-20-10-2-1|50|149|500|0,warehouse-10-20-10-2-1|50|149|500,warehouse-10-20-10-2-1,warehouse,50,149,500,0,repair5g59_additive_fallback,repair5g59_additive_fallback,False,False,False,False,False,False,False,False
warehouse-10-20-10-2-1|50|150|1000|0,warehouse-10-20-10-2-1|50|150|1000,warehouse-10-20-10-2-1,warehouse,50,150,1000,0,repair5g59_additive_fallback,repair5g59_additive_fallback,False,False,False,False,False,False,False,False
warehouse-10-20-10-2-1|50|150|2000|0,warehouse-10-20-10-2-1|50|150|2000,warehouse-10-20-10-2-1,warehouse,50,150,2000,0,repair5g59_additive_fallback,repair5g59_additive_fallback,False,False,False,False,False,False,False,False
warehouse-10-20-10-2-1|50|150|500|0,warehouse-10-20-10-2-1|50|150|500,warehouse-10-20-10-2-1,warehouse,50,150,500,0,repair5g59_additive_fallback,repair5g59_additive_fallback,False,False,False,False,False,False,False,False
warehouse-10-20-10-2-1|50|151|1000|0,warehouse-10-20-10-2-1|50|151|1000,warehouse-10-20-10-2-1,warehouse,50,151,1000,0,repair5g59_additive_fallback,repair5g59_additive_fallback,False,False,False,False,False,False,False,False
warehouse-10-20-10-2-1|50|151|2000|0,warehouse-10-20-10-2-1|50|151|2000,warehouse-10-20-10-2-1,warehouse,50,151,2000,0,repair5g59_additive_fallback,repair5g59_additive_fallback,False,False,False,False,False,False,False,False
warehouse-10-20-10-2-1|50|151|500|0,warehouse-10-20-10-2-1|50|151|500,warehouse-10-20-10-2-1,warehouse,50,151,500,0,repair5g59_additive_fallback,repair5g59_additive_fallback,False,False,False,False,False,False,False,False
warehouse-10-20-10-2-1|50|152|1000|0,warehouse-10-20-10-2-1|50|152|1000,warehouse-10-20-10-2-1,warehouse,50,152,1000,0,repair5g59_additive_fallback,repair5g59_additive_fallback,False,False,False,False,False,False,False,False
warehouse-10-20-10-2-1|50|152|2000|0,warehouse-10-20-10-2-1|50|152|2000,warehouse-10-20-10-2-1,warehouse,50,152,2000,0,repair5g59_additive_fallback,repair5g59_additive_fallback,False,False,False,False,False,False,False,False
warehouse-10-20-10-2-1|50|152|500|0,warehouse-10-20-10-2-1|50|152|500,warehouse-10-20-10-2-1,warehouse,50,152,500,0,repair5g59_additive_fallback,repair5g59_additive_fallback,False,False,False,False,False,False,False,False
warehouse-10-20-10-2-1|50|153|1000|0,warehouse-10-20-10-2-1|50|153|1000,warehouse-10-20-10-2-1,warehouse,50,153,1000,0,repair5g59_additive_fallback,repair5g59_additive_fallback,False,False,False,False,False,False,False,False
warehouse-10-20-10-2-1|50|153|2000|0,warehouse-10-20-10-2-1|50|153|2000,warehouse-10-20-10-2-1,warehouse,50,153,2000,0,repair5g59_static_flow_shield,repair5g59_block_heavy_flow_guard,False,False,True,False,False,False,False,False
warehouse-10-20-10-2-1|50|153|500|0,warehouse-10-20-10-2-1|50|153|500,warehouse-10-20-10-2-1,warehouse,50,153,500,0,repair5g59_additive_fallback,repair5g59_additive_fallback,False,False,False,False,False,False,False,False
warehouse-10-20-10-2-1|50|160|1000|0,warehouse-10-20-10-2-1|50|160|1000,warehouse-10-20-10-2-1,warehouse,50,160,1000,0,repair5g59_additive_fallback,repair5g518_grid_c1p25_b1p25_f0p00_w0p5_dc0p95_df1p00_beta0p00_max0p00_c1,False,False,True,False,False,False,False,False
warehouse-10-20-10-2-1|50|160|2000|0,warehouse-10-20-10-2-1|50|160|2000,warehouse-10-20-10-2-1,warehouse,50,160,2000,0,repair5g59_additive_fallback,repair5g518_grid_c1p25_b1p25_f0p00_w0p5_dc0p95_df1p00_beta0p00_max0p00_c1,False,False,True,False,False,False,False,False
warehouse-10-20-10-2-1|50|160|500|0,warehouse-10-20-10-2-1|50|160|500,warehouse-10-20-10-2-1,warehouse,50,160,500,0,repair5g59_additive_fallback,repair5g518_grid_c1p25_b1p25_f0p00_w0p5_dc0p95_df1p00_beta0p00_max0p00_c1,False,False,True,False,False,False,False,False
warehouse-10-20-10-2-1|50|161|1000|0,warehouse-10-20-10-2-1|50|161|1000,warehouse-10-20-10-2-1,warehouse,50,161,1000,0,repair5g59_additive_fallback,repair5g518_grid_c1p25_b1p25_f0p00_w0p5_dc0p95_df1p00_beta0p00_max0p00_c1,False,False,True,False,False,False,False,False
warehouse-10-20-10-2-1|50|161|2000|0,warehouse-10-20-10-2-1|50|161|2000,warehouse-10-20-10-2-1,warehouse,50,161,2000,0,repair5g59_additive_fallback,repair5g518_grid_c1p25_b1p25_f0p00_w0p5_dc0p95_df1p00_beta0p00_max0p00_c1,False,False,True,False,False,False,False,False
warehouse-10-20-10-2-1|50|161|500|0,warehouse-10-20-10-2-1|50|161|500,warehouse-10-20-10-2-1,warehouse,50,161,500,0,repair5g59_additive_fallback,repair5g518_grid_c1p25_b1p25_f0p00_w0p5_dc0p95_df1p00_beta0p00_max0p00_c1,False,False,True,False,False,False,False,False
warehouse-10-20-10-2-1|50|162|1000|0,warehouse-10-20-10-2-1|50|162|1000,warehouse-10-20-10-2-1,warehouse,50,162,1000,0,repair5g59_additive_fallback,repair5g518_grid_c1p25_b1p25_f0p00_w0p5_dc0p95_df1p00_beta0p00_max0p00_c1,False,False,True,False,False,False,False,False
warehouse-10-20-10-2-1|50|162|2000|0,warehouse-10-20-10-2-1|50|162|2000,warehouse-10-20-10-2-1,warehouse,50,162,2000,0,repair5g59_high_beta_cap_safe,repair5g518_grid_c1p25_b1p25_f0p00_w0p5_dc0p95_df1p00_beta0p00_max0p00_c1,False,False,True,False,False,False,False,False
warehouse-10-20-10-2-1|50|162|500|0,warehouse-10-20-10-2-1|50|162|500,warehouse-10-20-10-2-1,warehouse,50,162,500,0,repair5g59_additive_fallback,repair5g518_grid_c1p25_b1p25_f0p00_w0p5_dc0p95_df1p00_beta0p00_max0p00_c1,False,False,True,False,False,False,False,False
warehouse-10-20-10-2-1|50|163|1000|0,warehouse-10-20-10-2-1|50|163|1000,warehouse-10-20-10-2-1,warehouse,50,163,1000,0,repair5g59_additive_fallback,repair5g518_grid_c1p25_b1p25_f0p00_w0p5_dc0p95_df1p00_beta0p00_max0p00_c1,False,False,True,False,False,False,False,False
warehouse-10-20-10-2-1|50|163|2000|0,warehouse-10-20-10-2-1|50|163|2000,warehouse-10-20-10-2-1,warehouse,50,163,2000,0,repair5g59_additive_fallback,repair5g518_grid_c1p25_b1p25_f1p00_w0p65_dc0p95_df1p00_beta0p35_max0p75_c0,False,False,True,False,False,False,False,False
warehouse-10-20-10-2-1|50|163|500|0,warehouse-10-20-10-2-1|50|163|500,warehouse-10-20-10-2-1,warehouse,50,163,500,0,repair5g59_additive_fallback,repair5g518_grid_c1p25_b1p25_f0p00_w0p5_dc0p95_df1p00_beta0p00_max0p00_c1,False,False,True,False,False,False,False,False
warehouse-10-20-10-2-1|50|164|1000|0,warehouse-10-20-10-2-1|50|164|1000,warehouse-10-20-10-2-1,warehouse,50,164,1000,0,repair5g59_additive_fallback,repair5g518_grid_c1p25_b1p25_f0p00_w0p5_dc0p95_df1p00_beta0p00_max0p00_c1,False,False,True,False,False,False,False,False
warehouse-10-20-10-2-1|50|164|2000|0,warehouse-10-20-10-2-1|50|164|2000,warehouse-10-20-10-2-1,warehouse,50,164,2000,0,repair5g59_static_flow_shield,repair5g518_grid_c1p25_b1p25_f0p00_w0p5_dc0p95_df1p00_beta0p00_max0p00_c1,False,False,True,False,False,False,False,False
warehouse-10-20-10-2-1|50|164|500|0,warehouse-10-20-10-2-1|50|164|500,warehouse-10-20-10-2-1,warehouse,50,164,500,0,repair5g59_additive_fallback,repair5g518_grid_c1p25_b1p25_f0p00_w0p5_dc0p95_df1p00_beta0p00_max0p00_c1,False,False,True,False,False,False,False,False
warehouse-10-20-10-2-1|50|165|1000|0,warehouse-10-20-10-2-1|50|165|1000,warehouse-10-20-10-2-1,warehouse,50,165,1000,0,repair5g59_additive_fallback,repair5g518_grid_c1p25_b1p25_f0p00_w0p5_dc0p95_df1p00_beta0p00_max0p00_c1,False,False,True,False,False,False,False,False
warehouse-10-20-10-2-1|50|165|2000|0,warehouse-10-20-10-2-1|50|165|2000,warehouse-10-20-10-2-1,warehouse,50,165,2000,0,repair5g59_additive_fallback,repair5g518_grid_c1p25_b1p25_f0p00_w0p5_dc0p95_df1p00_beta0p00_max0p00_c1,False,False,True,False,False,False,False,False
warehouse-10-20-10-2-1|50|165|500|0,warehouse-10-20-10-2-1|50|165|500,warehouse-10-20-10-2-1,warehouse,50,165,500,0,repair5g59_additive_fallback,repair5g518_grid_c1p25_b1p25_f0p00_w0p5_dc0p95_df1p00_beta0p00_max0p00_c1,False,False,True,False,False,False,False,False
warehouse-10-20-10-2-1|50|206|1000|0,warehouse-10-20-10-2-1|50|206|1000,warehouse-10-20-10-2-1,warehouse,50,206,1000,0,repair5g59_additive_fallback,repair5g518_grid_c1p25_b1p25_f0p00_w0p5_dc0p95_df1p00_beta0p00_max0p00_c1,False,False,True,False,False,False,False,False
warehouse-10-20-10-2-1|50|206|2000|0,warehouse-10-20-10-2-1|50|206|2000,warehouse-10-20-10-2-1,warehouse,50,206,2000,0,repair5g59_additive_fallback,repair5g518_grid_c1p25_b1p25_f1p00_w0p75_dc0p95_df1p00_beta0p7_max1p00_c0,False,False,True,False,False,False,False,False
warehouse-10-20-10-2-1|50|206|500|0,warehouse-10-20-10-2-1|50|206|500,warehouse-10-20-10-2-1,warehouse,50,206,500,0,repair5g59_additive_fallback,repair5g518_grid_c1p25_b1p25_f0p00_w0p5_dc0p95_df1p00_beta0p00_max0p00_c1,False,False,True,False,False,False,False,False
warehouse-10-20-10-2-1|50|207|1000|0,warehouse-10-20-10-2-1|50|207|1000,warehouse-10-20-10-2-1,warehouse,50,207,1000,0,repair5g59_additive_fallback,repair5g518_grid_c1p25_b1p25_f0p00_w0p5_dc0p95_df1p00_beta0p00_max0p00_c1,False,False,True,False,False,False,False,False
warehouse-10-20-10-2-1|50|207|500|0,warehouse-10-20-10-2-1|50|207|500,warehouse-10-20-10-2-1,warehouse,50,207,500,0,repair5g59_additive_fallback,repair5g518_grid_c1p25_b1p25_f0p00_w0p5_dc0p95_df1p00_beta0p00_max0p00_c1,False,False,True,False,False,False,False,False
warehouse-10-20-10-2-1|50|208|1000|0,warehouse-10-20-10-2-1|50|208|1000,warehouse-10-20-10-2-1,warehouse,50,208,1000,0,repair5g59_additive_fallback,repair5g518_grid_c1p25_b1p25_f0p00_w0p5_dc0p95_df1p00_beta0p00_max0p00_c1,False,False,True,False,False,False,False,False
warehouse-10-20-10-2-1|50|208|500|0,warehouse-10-20-10-2-1|50|208|500,warehouse-10-20-10-2-1,warehouse,50,208,500,0,repair5g59_additive_fallback,repair5g518_grid_c1p25_b1p25_f0p00_w0p5_dc0p95_df1p00_beta0p00_max0p00_c1,False,False,True,False,False,False,False,False
warehouse-10-20-10-2-1|50|209|1000|0,warehouse-10-20-10-2-1|50|209|1000,warehouse-10-20-10-2-1,warehouse,50,209,1000,0,repair5g59_additive_fallback,repair5g518_grid_c1p25_b1p25_f0p00_w0p5_dc0p95_df1p00_beta0p00_max0p00_c1,False,False,True,False,False,False,False,False
warehouse-10-20-10-2-1|50|209|500|0,warehouse-10-20-10-2-1|50|209|500,warehouse-10-20-10-2-1,warehouse,50,209,500,0,repair5g59_additive_fallback,repair5g518_grid_c1p25_b1p25_f0p00_w0p5_dc0p95_df1p00_beta0p00_max0p00_c1,False,False,True,False,False,False,False,False
warehouse-10-20-10-2-1|50|210|1000|0,warehouse-10-20-10-2-1|50|210|1000,warehouse-10-20-10-2-1,warehouse,50,210,1000,0,repair5g59_additive_fallback,repair5g518_grid_c1p25_b1p25_f0p00_w0p5_dc0p95_df1p00_beta0p00_max0p00_c1,False,False,True,False,False,False,False,False
warehouse-10-20-10-2-1|50|210|500|0,warehouse-10-20-10-2-1|50|210|500,warehouse-10-20-10-2-1,warehouse,50,210,500,0,repair5g59_additive_fallback,repair5g518_grid_c1p25_b1p25_f0p00_w0p5_dc0p95_df1p00_beta0p00_max0p00_c1,False,False,True,False,False,False,False,False
warehouse-10-20-10-2-1|50|211|1000|0,warehouse-10-20-10-2-1|50|211|1000,warehouse-10-20-10-2-1,warehouse,50,211,1000,0,repair5g59_additive_fallback,repair5g518_grid_c1p25_b1p25_f0p00_w0p5_dc0p95_df1p00_beta0p00_max0p00_c1,False,False,True,False,False,False,False,False
warehouse-10-20-10-2-1|50|211|500|0,warehouse-10-20-10-2-1|50|211|500,warehouse-10-20-10-2-1,warehouse,50,211,500,0,repair5g59_additive_fallback,repair5g518_grid_c1p25_b1p25_f0p00_w0p5_dc0p95_df1p00_beta0p00_max0p00_c1,False,False,True,False,False,False,False,False
warehouse-10-20-10-2-1|50|214|2000|0,warehouse-10-20-10-2-1|50|214|2000,warehouse-10-20-10-2-1,warehouse,50,214,2000,0,repair5g59_static_flow_shield,repair5g59_wait_conservative,False,False,True,False,False,False,False,False
warehouse-10-20-10-2-1|50|214|2000|final,warehouse-10-20-10-2-1|50|214|2000,warehouse-10-20-10-2-1,warehouse,50,214,2000,final,repair5g59_static_flow_shield,repair5g59_wait_conservative,False,False,True,False,False,False,False,False
warehouse-10-20-10-2-1|50|217|2000|final,warehouse-10-20-10-2-1|50|217|2000,warehouse-10-20-10-2-1,warehouse,50,217,2000,final,repair5g59_static_flow_shield,repair5g59_wait_conservative,False,False,True,False,False,False,False,False
warehouse-10-20-10-2-1|50|252|2000|final,warehouse-10-20-10-2-1|50|252|2000,warehouse-10-20-10-2-1,warehouse,50,252,2000,final,repair5g59_static_flow_shield,repair5g59_wait_conservative,False,False,True,False,False,False,False,False
