acquisition_row_id,g560_evaluation_uid,split,map,map_family,agent_count,seed,budget_ms,positive_rows,harmful_rows,censored_rows,best_positive_quality_delta_vs_g556,worst_harmful_quality_delta_vs_g556,frontier_priority_score,targeted_design_reason,requires_new_exact_materialization,phase5p5_allowed,phase6_allowed,runtime_claim_allowed,learned_runtime_policy_validated,aaai_ready,frontier_rank
g562_frontier_00000220,29de62718714a063cf3a42a9633fd30fd743f7d9b6de264f201d681889346f5f,train,g559-synth-loop-chain-36,irregular_bottleneck,64,7398,2000,5,59,0,-1.09617755857,193.19482120853,195.29099876709998,positive_frontier_and_boundary,True,False,False,False,False,False,1
g562_frontier_00000243,2e68e0f6394d22a416c64f628cf3eadb7784a7f0e125030945e5ae39a778745c,validation,random-32-32-20,random,256,7893,1000,30,34,0,-94.15226669747001,0.0,95.15226669747001,positive_frontier_and_boundary,True,False,False,False,False,False,2
g562_frontier_00000133,198cfd6ea5d7fac1719b75f97269902bf0dbb0d37538e3c3a143897baf915113,train,g559-synth-loop-chain-36,irregular_bottleneck,64,8358,2000,43,21,0,-5.822891566260001,87.75903614462,94.58192771088,positive_frontier_and_boundary,True,False,False,False,False,False,3
g562_frontier_00000302,3bb5d48a836a4f775a57e1373afebdf41d1ca2e5bf4ebc47165234d749c04462,validation,random-32-32-20,random,256,8277,1000,4,60,0,-0.5501714285700001,92.77965714284001,94.32982857141,positive_frontier_and_boundary,True,False,False,False,False,False,4
g562_frontier_00000321,3ed87235f6139ce770d71512dc4afcb74a7914050493937189e71394564c73db,validation,random-32-32-20,random,256,8637,1000,18,46,0,-16.19605568448,69.52761020879998,86.72366589327999,positive_frontier_and_boundary,True,False,False,False,False,False,5
g562_frontier_00000399,5100701944c81abff79bfe31f890404dc1dffcdeabec10e211a4afbfc7cf034f,train,g559-synth-loop-chain-36,irregular_bottleneck,64,8718,2000,24,40,0,-2.21752450981,68.82598039218999,72.043504902,positive_frontier_and_boundary,True,False,False,False,False,False,6
g562_frontier_00000448,5b2f5f55607cc39107504838c54d1dcf8748cb7bf73d41ea69df03eabed1b1ec,train,g559-synth-game-lak-32,game,256,8151,5000,20,44,0,-0.6459351904499999,61.3156338829,62.96156907335,positive_frontier_and_boundary,True,False,False,False,False,False,7
g562_frontier_00000257,316dfd1f4f275993e34f82d8c4fa497423797702e25638cad4ea37f1457f18eb,validation,random-32-32-20,random,256,8397,1000,2,62,0,-0.09103874495000008,60.42120275731,61.51224150226,positive_frontier_and_boundary,True,False,False,False,False,False,8
g562_frontier_00000023,04fa62e4e0e31ee4a57ebd9ae17d00d8aea47f0afd3f2d6ca28f5c6a2e34fe32,train,g559-synth-loop-chain-36,irregular_bottleneck,64,8166,2000,0,64,0,,59.399658897100004,59.399658897100004,unsafe_boundary,True,False,False,False,False,False,9
g562_frontier_00000414,5425bb1bfeb5749a0391773678da1b1e9d9e2fcff76e210f2ff3169034e9c90c,train,g559-synth-game-lak-32,game,256,7191,5000,2,62,0,-0.09002959254000009,54.07272934218,55.162758934719996,positive_frontier_and_boundary,True,False,False,False,False,False,10
g562_frontier_00000388,4ddbedf288ee04a755191133c5e9867609df89487dde41541d9d2384beb7cab5,validation,random-32-32-20,random,256,7533,1000,0,64,0,,52.74263261292,52.74263261292,unsafe_boundary,True,False,False,False,False,False,11
g562_frontier_00000297,3ae2824745bce690b48b3b1279fafd374ad5297dab524bc967be53be61527310,validation,random-32-32-20,random,256,8517,1000,11,53,0,-0.64538595473,50.41311665697,52.0585026117,positive_frontier_and_boundary,True,False,False,False,False,False,12
g562_frontier_00000206,2757519178522689bfee5808df279576065e549bd4e1e713105d74aa8e947375,validation,random-32-32-20,random,256,7917,1000,21,43,0,-2.1799670433200005,46.54872881357,49.72869585689,positive_frontier_and_boundary,True,False,False,False,False,False,13
g562_frontier_00000366,49b258b0b72fd865bb4f873e302bcc54ffcbb8c685853dceb239c5e7c869fee8,train,g559-synth-loop-chain-36,irregular_bottleneck,64,8118,2000,19,45,0,-3.4004898959,45.14574402936,49.546233925260005,positive_frontier_and_boundary,True,False,False,False,False,False,14
g562_frontier_00000385,4d6c80579b2ce74b746de0efbbcb2554b930c1600ef6cbcb67f326d0cb77aadf,validation,random-32-32-20,random,256,7413,1000,4,60,0,-0.7487064910600005,47.72401222955,49.47271872061,positive_frontier_and_boundary,True,False,False,False,False,False,15
g562_frontier_00000410,538e08294c677e1942a8a15b5bdadb906aa54eb0fe8c662cbe4be75517b88f34,validation,random-32-32-20,random,256,8037,1000,6,58,0,-0.7475978439200004,47.018982892,48.766580735919995,positive_frontier_and_boundary,True,False,False,False,False,False,16
g562_frontier_00000419,553aca53e83f15267f32a776600b323eff31d19f8ebe84203da96e9945fc6dce,validation,random-32-32-20,random,256,8613,1000,33,31,0,-4.22155342053,42.20048616735,47.42203958788,positive_frontier_and_boundary,True,False,False,False,False,False,17
g562_frontier_00000492,64372ea248d9a79e78239ff63becb314a67cedcbbdd088b78567b513eeee96d3,validation,random-32-32-20,random,256,7653,1000,4,60,0,-1.3100164589700003,44.658711497720006,46.96872795669,positive_frontier_and_boundary,True,False,False,False,False,False,18
g562_frontier_00000037,0754bdf9f89c734c263f6f29df516698bd88c834a1c6112be07d7502f1e97a4f,train,g559-synth-loop-chain-36,irregular_bottleneck,64,8526,2000,2,62,0,-0.34767836919000006,29.737259343119998,31.084937712309998,positive_frontier_and_boundary,True,False,False,False,False,False,19
g562_frontier_00000495,645f651fedcbdc2b409ab369cacc3d3836a9b4e2fec91675abe53d3ef9985e06,train,g559-synth-loop-chain-36,irregular_bottleneck,64,8382,2000,10,54,0,-2.2929975429999994,26.181818181769998,29.474815724769996,positive_frontier_and_boundary,True,False,False,False,False,False,20
g562_frontier_00000475,611cbc66c3d48a633c96fa4d82fc557379502585e4f74f8cefc5a29b789290c7,train,g559-synth-loop-chain-36,irregular_bottleneck,64,7206,2000,32,32,0,-1.2756906077299999,26.94088397787,29.2165745856,positive_frontier_and_boundary,True,False,False,False,False,False,21
g562_frontier_00000089,11247471386792bf4fee68fbdc2c7c67661251b0e42946619e990061a5522237,train,g559-synth-loop-chain-36,irregular_bottleneck,64,7086,2000,16,47,0,-0.7913544668600001,26.0783861671,27.86974063396,positive_frontier_and_boundary,True,False,False,False,False,False,22
g562_frontier_00000011,0317414a6c403897a7b3718349753ff42ff00ae3e0cfcd47028ac6f05a6691bd,train,g559-synth-loop-chain-36,irregular_bottleneck,64,8982,2000,30,34,0,-6.68472306756,14.553864881360001,22.23858794892,positive_frontier_and_boundary,True,False,False,False,False,False,23
g562_frontier_00000098,1353cabc4089f69f2a8ef5fbfeb42ba016c05222388a1ebaa92f0eceaf57ec23,train,g559-synth-loop-chain-36,irregular_bottleneck,64,8886,2000,1,63,0,-0.10284718186999986,19.65427077276,20.75711795463,positive_frontier_and_boundary,True,False,False,False,False,False,24
g562_frontier_00000275,3667855e9c325f90d986f7606a9a736c7f5e5ea4ecfc8d69565250ae5113e785,validation,random-32-32-20,random,256,8373,1000,16,48,0,-1.3000347262400003,11.81618242856,14.1162171548,positive_frontier_and_boundary,True,False,False,False,False,False,25
g562_frontier_00000368,4a48b1fccdd18fb1167f3af19be2c981b13e890a74f68904fe9cd951a796a1fa,validation,random-32-32-20,random,256,7293,1000,2,62,0,-0.12903603182000012,11.83294337858,12.9619794104,positive_frontier_and_boundary,True,False,False,False,False,False,26
g562_frontier_00000466,601932baf416e1cf37bf127463e37bfa845bb8f4f69be432988ad2fa41403030,train,g559-synth-loop-chain-36,irregular_bottleneck,64,8238,2000,38,26,0,-5.36150524368,5.70388648981,12.06539173349,positive_frontier_and_boundary,True,False,False,False,False,False,27
g562_frontier_00000086,10534f283b374634bb0bc7a79578baec708874920842cb797e893bf6f23fe462,train,g559-synth-loop-chain-36,irregular_bottleneck,64,7446,2000,26,38,0,-1.20090548953,9.68817204296,11.889077532489999,positive_frontier_and_boundary,True,False,False,False,False,False,28
g562_frontier_00000265,33fb7913abd3ebc1d16c3cf32c7b0e0e4c5e045f472a4740375788b77de3d3d1,train,g559-synth-loop-chain-36,irregular_bottleneck,64,7758,2000,3,61,0,-0.7782581840599998,7.561457689920001,9.339715873980001,positive_frontier_and_boundary,True,False,False,False,False,False,29
g562_frontier_00000325,3f906a193fb006bc49e5f856f2c7663b6ef27b4857b9ce568b17f9e7f6d5953f,train,g559-synth-loop-chain-36,irregular_bottleneck,64,7038,2000,40,24,0,-2.5668711656400003,5.20736196319,8.774233128830002,positive_frontier_and_boundary,True,False,False,False,False,False,30
g562_frontier_00000251,30fb32174746d38237e0ad720cde514ea221909d34d58017049eac44e7d49638,train,empty-8-8,empty,16,7192,500,16,48,0,-0.48091603053,6.45038167939,7.931297709920001,positive_frontier_and_boundary,True,False,False,False,False,False,31
g562_frontier_00000026,056d656a245583c4d084119a1a50554602fa4eee80dfc3bb5ad9a82e5decc251,train,g559-synth-tree-42,irregular_bottleneck,256,8985,1000,29,0,64,0.0,,7.4,positive_frontier,True,False,False,False,False,False,32
g562_frontier_00000099,136a3a7e783d70c2cf393818495add8f2d9ad94025896b1da86d634ab1a6457d,validation,random-32-32-20,random,256,8973,1000,29,0,64,0.0,,7.4,positive_frontier,True,False,False,False,False,False,33
g562_frontier_00000124,17978f8a85c35f257ab5081f234ce8451a391f7d38f130c5774f597683acc9e4,train,g559-synth-loop-chain-36,irregular_bottleneck,64,7278,2000,34,0,64,0.0,,7.4,positive_frontier,True,False,False,False,False,False,34
g562_frontier_00000162,1e2d2ee3fb86dffd0e167fdcf0d73d610090dd75067201042eef0069fe8f2fe1,validation,random-32-32-20,random,256,8253,1000,18,0,64,0.0,,7.4,positive_frontier,True,False,False,False,False,False,35
g562_frontier_00000194,22ff9db2cf87bd6d1bd637c8fca094ae46936a58887607a1f4c0a3cc7474fcdf,train,g559-synth-loop-chain-36,irregular_bottleneck,64,8958,2000,10,0,64,0.0,,7.4,positive_frontier,True,False,False,False,False,False,36
g562_frontier_00000262,32b096cb3e91b195035427ee9a21ba42d1c0c2ffdf65658eca214e3e4d9f5110,heldout,g559-synth-string-40,irregular_bottleneck,128,8360,500,53,0,64,0.0,,7.4,positive_frontier,True,False,False,False,False,False,37
g562_frontier_00000308,3d9539f70e02863ca991a670f7feab53b9f75708d4aff5896db226c79077e174,train,g559-synth-tree-42,irregular_bottleneck,256,7545,1000,33,0,64,0.0,,7.4,positive_frontier,True,False,False,False,False,False,38
g562_frontier_00000354,472a7caa974d30ce61faad170bb37994a4bf339efc7e067b6f76c1373dddefa6,train,g559-synth-loop-chain-36,irregular_bottleneck,64,8478,2000,42,0,64,0.0,,7.4,positive_frontier,True,False,False,False,False,False,39
g562_frontier_00000406,52e4c4fb14365e617d36cda050276a889b388323fe8cc92e5d2d9bd1a607a9ae,train,g559-synth-loop-chain-36,irregular_bottleneck,64,7662,2000,7,0,64,0.0,,7.4,positive_frontier,True,False,False,False,False,False,40
g562_frontier_00000411,53c26a04e2b212ecf86530f149d6c08c01c8be8715560938dad847302bd94a54,train,g559-synth-loop-chain-36,irregular_bottleneck,64,8646,2000,16,0,64,0.0,,7.4,positive_frontier,True,False,False,False,False,False,41
g562_frontier_00000504,6548c1e415e97e4317201024b2a39925fc86b54d0c6d064b906a7f6dd8b4bd9c,train,g559-synth-corners-34,irregular_bottleneck,32,7157,1000,7,0,64,0.0,,7.4,positive_frontier,True,False,False,False,False,False,42
g562_frontier_00000322,3f56931a95ce064423885b2471d95aec9755f55b3692dde1ed6f900ddbeddf05,train,empty-8-8,empty,16,8848,500,24,39,0,-0.50757575757,5.303030303030001,6.8106060606000005,positive_frontier_and_boundary,True,False,False,False,False,False,43
g562_frontier_00000145,1bc7b4462bdfb761339f1ceeae336d0b4eb79309c296cee04e2f55bcce40502b,train,g559-synth-loop-chain-36,irregular_bottleneck,64,7326,2000,25,39,0,-1.21261160715,4.5920758928500005,6.8046875,positive_frontier_and_boundary,True,False,False,False,False,False,44
g562_frontier_00000372,4acc7b1cbecdf5d243a875a45b910dcaad671dd11303f6b4f9028c5647da37ea,train,empty-8-8,empty,16,7336,500,43,21,0,-0.9661016949199999,4.17796610169,6.14406779661,positive_frontier_and_boundary,True,False,False,False,False,False,45
g562_frontier_00000470,605c876b42d830d9d3dc501c643f38b9bec4c561289159ec781b80d0a1ca4f89,train,empty-8-8,empty,16,8176,500,14,50,0,-0.3524590164000001,4.68032786885,6.03278688525,positive_frontier_and_boundary,True,False,False,False,False,False,46
g562_frontier_00000038,0795c0a4f56e18d976527c123ae9daa2006533a1819491d7b4155401bbb2d617,train,random-8-8-20,random,32,7435,5000,28,36,0,-1.6187500000000004,2.98125,5.6000000000000005,positive_frontier_and_boundary,True,False,False,False,False,False,47
g562_frontier_00000327,402179d4db2cf62139c811b839e40678020ae5ab5e9429894bdd26a7b08e6937,train,random-8-8-20,random,32,7555,5000,33,29,0,-0.9763313609400002,3.56213017752,5.53846153846,positive_frontier_and_boundary,True,False,False,False,False,False,48
g562_frontier_00000033,06d281b99339bf390b6f0ff8bdd5a764f5f80ee8aec25b993c175f61ed911a66,train,g559-synth-loop-chain-36,irregular_bottleneck,64,8286,2000,8,56,0,-0.19580022701999988,4.098751418839999,5.294551645859999,positive_frontier_and_boundary,True,False,False,False,False,False,49
g562_frontier_00000106,14880caa7bda6a25985e65b4e437c2db2297be1db1bf8397a62a11b85f4669ac,train,g559-synth-game-lak-32,game,256,8991,5000,3,61,0,-0.07427025807999987,4.14290544348,5.21717570156,positive_frontier_and_boundary,True,False,False,False,False,False,50
g562_frontier_00000211,27cb317ad2a02b26d8003e34153ae6817a1b212adcd2171bf64051d1e1ad400a,train,random-8-8-20,random,32,7795,5000,7,57,0,-0.6767676767699999,3.10101010101,4.77777777778,positive_frontier_and_boundary,True,False,False,False,False,False,51
g562_frontier_00000155,1ccd3a405dc602c3cec67563f31d99498bd5902a0a5efb1a7c9d016672f5da0a,train,random-8-8-20,random,32,8875,5000,7,57,0,-0.3076923077,3.4395604395599997,4.747252747259999,positive_frontier_and_boundary,True,False,False,False,False,False,52
g562_frontier_00000006,01aec451146f62e2ae6a035fb24c66aa16f1d70b384e141ea2ae2205b51a5e41,train,random-8-8-20,random,32,7195,5000,5,59,0,-0.2931034482800001,3.3908045977,4.68390804598,positive_frontier_and_boundary,True,False,False,False,False,False,53
g562_frontier_00000337,43a622b7fc708da9135a5fbbebea381564772664d094a08638bd1391dbeb6a4b,train,random-8-8-20,random,32,8155,5000,5,59,0,-0.7458563535899998,2.85635359116,4.602209944749999,positive_frontier_and_boundary,True,False,False,False,False,False,54
g562_frontier_00000225,2ba83f713590dbc9021b32d333931d7fa96cd391bb9a6d472650e5ff0c052e11,train,empty-8-8,empty,16,7048,500,27,34,0,-0.29770992367000004,3.1984732824399997,4.4961832061099996,positive_frontier_and_boundary,True,False,False,False,False,False,55
g562_frontier_00000499,64d8da2782df7aa5031b45c704df1c679fd9f3b73af75a7c40cc54e5c943232c,train,random-8-8-20,random,32,8515,5000,27,37,0,-0.7044334975399997,2.64532019704,4.34975369458,positive_frontier_and_boundary,True,False,False,False,False,False,56
g562_frontier_00000031,065c0b8d52ec0ff9551809c8d979d898d48bf895f91adf10de2252fda95c8258,train,random-8-8-20,random,32,8395,5000,23,41,0,-0.859375,2.46354166666,4.322916666659999,positive_frontier_and_boundary,True,False,False,False,False,False,57
g562_frontier_00000139,1a2bfa32c8e73b8c4b2b31752165a01e8d7600fc9355d552985b73f562a2267b,train,empty-8-8,empty,16,7096,500,19,43,0,-0.14754098361000012,3.1229508196699998,4.27049180328,positive_frontier_and_boundary,True,False,False,False,False,False,58
g562_frontier_00000081,0f5a538c1227796db838ed929ca051a4236739c60f008871e13ae6636af2d851,train,g559-synth-loop-chain-36,irregular_bottleneck,64,8766,2000,2,62,0,-0.04574042310000004,3.0754716981100003,4.12121212121,positive_frontier_and_boundary,True,False,False,False,False,False,59
g562_frontier_00000184,218342a4a2b0ac2e3b834ce08708d2b3d0c0ef788cd74001c37a7692c9bac547,train,g559-synth-game-lak-32,game,256,7311,5000,21,43,0,-0.39252336449000014,2.60094583943,3.99346920392,positive_frontier_and_boundary,True,False,False,False,False,False,60
g562_frontier_00000472,60a778247ad81bbf0dd92e01f8e2927635869d89bb253c621bba25ae5cf4c479,train,g559-synth-game-lak-32,game,256,8511,5000,0,64,0,,3.9585200505600002,3.9585200505600002,unsafe_boundary,True,False,False,False,False,False,61
g562_frontier_00000045,09ec48c9532d0d4e1de239e64e029f2477c4f3cfeccf3bae771701921623e263,train,g559-synth-game-lak-32,game,256,8391,5000,19,45,0,-0.40025051242,2.5571623775899996,3.9574128900099996,positive_frontier_and_boundary,True,False,False,False,False,False,62
g562_frontier_00000056,0b8bef2b9ba6c7d0a3bf4c88b651504fb6fe61a7a3a426724b3ffa63d4aa96d8,train,empty-8-8,empty,16,7528,500,45,18,0,-0.5447761194,2.37313432836,3.9179104477599997,positive_frontier_and_boundary,True,False,False,False,False,False,63
g562_frontier_00000230,2c4932c16cccb82c54924f00e5131cc519c3611fed427b1ecf400718558d9f9a,train,empty-8-8,empty,16,7888,500,32,32,0,-0.30833333334,2.3666666666599996,3.675,positive_frontier_and_boundary,True,False,False,False,False,False,64
g562_frontier_00000279,37a06d1ff6eeb78b5c6ef17ee31027c07370205c1fd14dc463f26a710f57373c,train,empty-8-8,empty,16,8008,500,38,25,0,-0.42399999999999993,2.24,3.664,positive_frontier_and_boundary,True,False,False,False,False,False,65
g562_frontier_00000154,1ca54df34f729d58d8305fbec3fc274d5ce475fe377469e57389ea3896e9a71f,train,g559-synth-game-lak-32,game,256,7911,5000,1,63,0,-0.011994002999999864,2.54019144274,3.5521854457399997,positive_frontier_and_boundary,True,False,False,False,False,False,66
g562_frontier_00000276,372bfadcb078f77eba3e52475fa232634ff17e9fb93d4b8145e3be0cbad883ce,heldout,g559-synth-string-40,irregular_bottleneck,128,8480,500,14,49,0,-0.12266887691999995,2.03273932863,3.1554082055499997,positive_frontier_and_boundary,True,False,False,False,False,False,67
g562_frontier_00000077,0e99667b210dee513b1563943acdd6a1ceb2aa6e939551f14265bf8c1710c135,train,g559-synth-game-lak-32,game,256,8271,5000,36,28,0,-0.52079049578,1.5838473840499998,3.10463787983,positive_frontier_and_boundary,True,False,False,False,False,False,68
g562_frontier_00000481,626a8f49e01d9c629c27d04a7f09ef05f780a501f33223f089e8b541e1ba54e6,train,empty-8-8,empty,16,8368,500,6,55,0,-0.07936507937000004,2.0079365079300002,3.0873015873000003,positive_frontier_and_boundary,True,False,False,False,False,False,69
g562_frontier_00000007,01f6c93fbd85ccfa89e2f59b3a21cac50dd0813f6acd384044fa209cf6308d24,train,g559-synth-game-lak-32,game,256,7431,5000,12,52,0,-0.22532951290000014,1.8224641833800002,3.0477936962800003,positive_frontier_and_boundary,True,False,False,False,False,False,70
g562_frontier_00000110,153d76d44d9086a1ef9ac37395e3276e49f3e2d0eb52765ff0a2d2abb3fb8c9e,train,g559-synth-loop-chain-36,irregular_bottleneck,64,7302,2000,34,30,0,-0.6863106200100002,1.35850214856,3.04481276857,positive_frontier_and_boundary,True,False,False,False,False,False,71
g562_frontier_00000491,641af39e7f36742192a88b94fafc1521daf7645da14ee4c5df721a58e39a201f,train,empty-8-8,empty,16,7312,500,16,47,0,-0.15079365078999984,1.8888888888900002,3.0396825396800002,positive_frontier_and_boundary,True,False,False,False,False,False,72
g562_frontier_00000398,50d514a35ea2210ce0ec95cbc0b8b90fc8f6405656bbc46bd69b604f7fdccc60,train,empty-8-8,empty,16,7168,500,20,43,0,-0.2578125,1.75,3.0078125,positive_frontier_and_boundary,True,False,False,False,False,False,73
g562_frontier_00000205,275018efa3a04710192f99af9b9b1042b07781c5be89da891db155609e38658d,train,empty-8-8,empty,16,8296,500,21,41,0,-0.2857142857099999,1.7071428571500002,2.99285714286,positive_frontier_and_boundary,True,False,False,False,False,False,74
g562_frontier_00000301,3b50f848cd6e9164141be7d360a8eb20bdce4441600a96402ab0b4375513db72,train,empty-8-8,empty,16,7024,500,35,27,0,-0.4027777777800001,1.55555555555,2.95833333333,positive_frontier_and_boundary,True,False,False,False,False,False,75
g562_frontier_00000032,06ad4d686b13f9bf3c283e14138b16fad39ad82e88f0f9a2312f0d2002c6ede8,validation,g559-synth-warehouse-a-32,warehouse,128,7802,2000,30,34,0,-0.08703878901999995,1.5371333964099998,2.62417218543,positive_frontier_and_boundary,True,False,False,False,False,False,76
g562_frontier_00000400,5114d7214b3b8417ce6aa73a13ec1c591a5eba3af1495798d1e4c1f65632ce9c,train,empty-8-8,empty,16,8536,500,8,54,0,-0.15573770490999994,1.4672131147599998,2.6229508196699998,positive_frontier_and_boundary,True,False,False,False,False,False,77
g562_frontier_00000319,3eb7ed402d7a365af203d9d8b61ae65616db01ae909811ae8777bbafd965223f,train,empty-8-8,empty,16,8872,500,23,41,0,-0.19565217391000012,1.36956521739,2.5652173913,positive_frontier_and_boundary,True,False,False,False,False,False,78
g562_frontier_00000004,0150337045443a5c17ab8679ab0612707e5f82757fdb7674f6e55ea149bd8712,train,empty-8-8,empty,16,8344,500,34,29,0,-0.4722222222199999,1.0,2.47222222222,positive_frontier_and_boundary,True,False,False,False,False,False,79
g562_frontier_00000259,31d862b1564f4f17dfa7d5be29239bb5ea1c72e6c0b1d8e234887b545dd8b9f2,train,g559-synth-tree-42,irregular_bottleneck,256,7785,1000,20,44,0,-0.5069286452900004,0.9110651499499998,2.41799379524,positive_frontier_and_boundary,True,False,False,False,False,False,80
g562_frontier_00000166,1e8d7dc54e2f2a76f4ba311e64bc3a60c0fcd9d71e2782947b52d9a64b80217a,train,empty-8-8,empty,16,7408,500,11,53,0,-0.09489051094,1.2992700729999997,2.3941605839399998,positive_frontier_and_boundary,True,False,False,False,False,False,81
g562_frontier_00000374,4af1e53b8e99abb39992a3c8d4314524cc5adabdd529aeabff8834ebb11b6180,train,empty-8-8,empty,16,7672,500,25,37,0,-0.17730496453,1.1631205673799998,2.34042553191,positive_frontier_and_boundary,True,False,False,False,False,False,82
g562_frontier_00000453,5baea4b83d2e169f5b2fb71f0939701476cfcdb0206a44a7fe173f18940f048d,train,empty-8-8,empty,16,7912,500,52,12,0,-0.51162790698,0.7829457364299999,2.2945736434099997,positive_frontier_and_boundary,True,False,False,False,False,False,83
g562_frontier_00000494,6445eeb31578e05f2eb18b63c72e4a1af0940f3a5092dde56999fbf457ea9603,train,empty-8-8,empty,16,8128,500,1,62,0,-0.015384615380000133,1.26923076923,2.2846153846100004,positive_frontier_and_boundary,True,False,False,False,False,False,84
g562_frontier_00000174,1fd58b47706133c47212872307992f7a63268fb35928c2cc887597b9b5ffd919,train,empty-8-8,empty,16,8488,500,21,40,0,-0.2558139534899999,0.9302325581400002,2.18604651163,positive_frontier_and_boundary,True,False,False,False,False,False,85
g562_frontier_00000169,1f1ce57d4942c8dec118cfc8c554da473bad91d4498e8b25376ad5983095bc8b,train,g559-synth-game-lak-32,game,256,7935,5000,12,52,0,-0.12410744644999983,0.96276776606,2.08687521251,positive_frontier_and_boundary,True,False,False,False,False,False,86
g562_frontier_00000075,0e6ea386a9c50872bbece4ebf9939ea2abc73cb1d44037beaa6f57e276b2836d,train,empty-8-8,empty,16,8728,500,44,19,0,-0.3030303030299999,0.7575757575800002,2.06060606061,positive_frontier_and_boundary,True,False,False,False,False,False,87
g562_frontier_00000000,006e10cb3e2711f7b020ab3cb4c9e80104fa58ff8562a895050690ef14da0c81,train,empty-8-8,empty,16,8512,500,30,33,0,-0.27536231884000006,0.7608695652199999,2.03623188406,positive_frontier_and_boundary,True,False,False,False,False,False,88
g562_frontier_00000460,5e8f340b706f13af80cad420acc783230729f827b2536bb1f584fec57b57ae2c,train,empty-8-8,empty,16,8704,500,8,55,0,-0.2295081967199999,0.7868852459000002,2.01639344262,positive_frontier_and_boundary,True,False,False,False,False,False,89
g562_frontier_00000415,545ab7ae198bb2c637e7def17bf5a8829207632e524a2328d22bdd8d7b1937ed,heldout,g559-synth-warehouse-b-36,warehouse,256,7875,5000,12,52,0,-0.09565504707999994,0.91690071039,2.01255575747,positive_frontier_and_boundary,True,False,False,False,False,False,90
g562_frontier_00000214,28619c48965d9e98df05ed2d98bfa849b110ae47703ba38c8f594b9693742a26,validation,g559-synth-warehouse-a-32,warehouse,128,7058,2000,16,48,0,-0.05927835051000008,0.8992502343,1.95852858481,positive_frontier_and_boundary,True,False,False,False,False,False,91
g562_frontier_00000401,51529ec3e0176efd8c0c5588fbbfccc6834719fb3e15ca77510e3769fd2bcfcf,train,g559-synth-corners-34,irregular_bottleneck,32,7253,1000,3,61,0,-0.02648171499999985,0.8852459016400003,1.9117276166400001,positive_frontier_and_boundary,True,False,False,False,False,False,92
g562_frontier_00000222,2b0b88191a4c560f7626fd00d48cf352d70e30598db5febbe65692ce663b7111,train,empty-8-8,empty,16,7624,500,50,12,0,-0.52830188679,0.37735849057000004,1.90566037736,positive_frontier_and_boundary,True,False,False,False,False,False,93
g562_frontier_00000316,3e8884ffd9ed5c9db158767e8e077fa3207e24969a1772533bdb1173658c9335,train,g559-synth-corners-34,irregular_bottleneck,32,7517,1000,9,55,0,-0.13613861386000004,0.7301980198,1.86633663366,positive_frontier_and_boundary,True,False,False,False,False,False,94
g562_frontier_00000239,2deeaf31ee165b71fdff25d46fe2d2ecaab47c03613d747c13a726e403836d92,train,empty-8-8,empty,16,7864,500,41,21,0,-0.30882352942000013,0.5294117647000001,1.8382352941200002,positive_frontier_and_boundary,True,False,False,False,False,False,95
g562_frontier_00000450,5b48493640c3119458e3fa26f8ee5c06c9202eeb9678d7c9bbd94e400f96d2ad,train,g559-synth-tree-42,irregular_bottleneck,256,7185,1000,6,58,0,-0.07768964816000024,0.7500508440099996,1.8277404921699998,positive_frontier_and_boundary,True,False,False,False,False,False,96
g562_frontier_00000421,556d4b162643736f30be7fc2b7b68c32f1d860ca691c1d585b317a795ba9ecdb,heldout,g559-synth-warehouse-b-36,warehouse,256,7635,5000,20,44,0,-0.0983469694400001,0.7186508599099999,1.81699782935,positive_frontier_and_boundary,True,False,False,False,False,False,97
g562_frontier_00000072,0dbfb121a55e065c2d11e90dd3338abb9d2432b51df8b02a00900118dc7148e6,train,empty-8-8,empty,16,7360,500,4,59,0,-0.03749999999999987,0.7375000000000003,1.7750000000000001,positive_frontier_and_boundary,True,False,False,False,False,False,98
g562_frontier_00000121,1720abdf4339ede5435258745c51492e8befc43e8c8be11ed49732533b0824ad,train,g559-synth-game-lak-32,game,256,7095,5000,8,55,0,-0.07208717519000007,0.6968985750199999,1.76898575021,positive_frontier_and_boundary,True,False,False,False,False,False,99
g562_frontier_00000091,1198ff393e623bc2fafbcebe5b821480325f6ff29ee86289323bbfa2ee541487,train,empty-8-8,empty,16,7840,500,38,26,0,-0.24770642202000004,0.51376146789,1.76146788991,positive_frontier_and_boundary,True,False,False,False,False,False,100
g562_frontier_00000291,3a10d1ea080f766d642d7664d74ac16e4b5a19ed5fb96d3c9a549e6ab374ad99,train,room-40-32-8,room,96,7801,1000,34,30,0,-0.15087090164000005,0.6073258196699998,1.7581967213099998,positive_frontier_and_boundary,True,False,False,False,False,False,101
g562_frontier_00000055,0b7deed6299d4d5e9f720ca2f0b1a80f507c5e9817e83e456ee85edc2fd8f1ce,train,g559-synth-corners-34,irregular_bottleneck,32,7781,1000,40,24,0,-0.23281061520000002,0.49095295537000005,1.72376357057,positive_frontier_and_boundary,True,False,False,False,False,False,102
g562_frontier_00000376,4bdd95335565a6af7e55968f2645d37efd3184e9e11daa782511068f8a289bc8,train,random-32-32-10,random,128,8516,500,31,33,0,-0.07226849583999995,0.63032827045,1.70259676629,positive_frontier_and_boundary,True,False,False,False,False,False,103
g562_frontier_00000264,33f91ccdf153670aba84d127ac82cd3dbfb2945bd46b1d9986f6de21d8aec9f0,train,g559-synth-game-lak-32,game,256,7215,5000,43,21,0,-0.18850454228000002,0.51275331936,1.70125786164,positive_frontier_and_boundary,True,False,False,False,False,False,104
g562_frontier_00000455,5c22045b4d341b26c6c8688c570235323a816e4a4c50890857b1c290466016fe,train,room-32-32-4,room,64,7728,500,22,41,0,-0.042179261860000095,0.64982425307,1.6920035149300001,positive_frontier_and_boundary,True,False,False,False,False,False,105
g562_frontier_00000233,2ceedf6f912e806132190979dee81f527dd96df096b59ae7dfbe2020e27663f9,train,g559-synth-corners-34,irregular_bottleneck,32,8213,1000,42,21,0,-0.17654476670999997,0.50567465321,1.68221941992,positive_frontier_and_boundary,True,False,False,False,False,False,106
g562_frontier_00000405,528d347b7d30fd4aa325f028c781f5a227ea427e9e167fe21d66a1be919965ec,heldout,g559-synth-warehouse-b-36,warehouse,256,7755,5000,33,31,0,-0.21057900883999991,0.46370765893,1.67428666777,positive_frontier_and_boundary,True,False,False,False,False,False,107
g562_frontier_00000315,3e5903c3b7aa99b9d4600045044c56fa6fcbac5d221fd06d81435c9824019d3e,train,g559-synth-city-boston-32,city,96,8581,1000,16,48,0,-0.0916403332400002,0.5825912094199999,1.67423154266,positive_frontier_and_boundary,True,False,False,False,False,False,108
g562_frontier_00000456,5c71cc2a06679505378b86bf3ad984fb974b5c5c14fdd9f7d26a9006b7149fac,train,room-40-32-8,room,96,8713,1000,45,19,0,-0.10417827298000004,0.5565459610000001,1.6607242339800001,positive_frontier_and_boundary,True,False,False,False,False,False,109
g562_frontier_00000304,3c52a9b87d76a8125059915939a5062b070a0ea49d10478d6fddd091e66e2cb8,train,random-32-32-10,random,128,7436,500,33,31,0,-0.057746478880000174,0.5985915492899998,1.65633802817,positive_frontier_and_boundary,True,False,False,False,False,False,110
g562_frontier_00000054,0b643b9bef7cdae468697f120edcfc0422cafbb9c93fb6ee06f29287770dba3c,train,room-32-32-4,room,64,8592,500,14,50,0,-0.02906208719000003,0.6261558784699999,1.65521796566,positive_frontier_and_boundary,True,False,False,False,False,False,111
g562_frontier_00000352,46e48d461f6427b0a090f5a8fa7775808ca47dbbb7929af1871da86bf26eb846,validation,random-32-32-20,random,256,8925,1000,27,37,0,-0.14243375173999984,0.4968619246899999,1.6392956764299997,positive_frontier_and_boundary,True,False,False,False,False,False,112
g562_frontier_00000503,6532cd8cc28c7e49bf0326e363338587b4c5f06ba4ddc7c02d3945a09be2ec93,train,empty-8-8,empty,16,8584,500,15,45,0,-0.16129032257999998,0.46774193548999987,1.6290322580699999,positive_frontier_and_boundary,True,False,False,False,False,False,113
g562_frontier_00000151,1c6e39cc883fc4bcc1a3e7fd6ed6537db8e13d17c0a9afe327662b335bb3fb79,validation,g559-synth-warehouse-a-32,warehouse,128,7562,2000,20,44,0,-0.07431192660000008,0.5499999999999998,1.6243119266,positive_frontier_and_boundary,True,False,False,False,False,False,114
g562_frontier_00000441,58dcf4cafe472773edb8f2938fbbbae1635ea71c4cd59160a637f04d37019e94,validation,random-32-32-20,random,256,7965,1000,10,54,0,-0.06805555555999998,0.5562500000000001,1.6243055555600001,positive_frontier_and_boundary,True,False,False,False,False,False,115
g562_frontier_00000501,64e2b2a3a202a50cb37ff7f9dbc527f2c5956b3d3c00ef512ce2d0fb93129c4c,heldout,g559-synth-warehouse-b-36,warehouse,256,8355,5000,1,63,0,-0.013613445380000089,0.6075630252099999,1.62117647059,positive_frontier_and_boundary,True,False,False,False,False,False,116
g562_frontier_00000356,47a9b77eb1ef305913775eb464c9cf958f3f400f9d5cf16d0eb1d2f847bf90b1,train,random-32-32-10,random,128,8132,500,30,34,0,-0.0911452184199999,0.52798110979,1.61912632821,positive_frontier_and_boundary,True,False,False,False,False,False,117
g562_frontier_00000160,1d6d39d9cffc4e7b24da4409bc7fe43b3f2b99ad2d2c4803baf8eb7b61a08193,heldout,g559-synth-warehouse-b-36,warehouse,256,8235,5000,27,37,0,-0.14367359897999998,0.4611843149699999,1.6048579139499999,positive_frontier_and_boundary,True,False,False,False,False,False,118
g562_frontier_00000141,1aeb8c1a2fc9a56ca7c75ae52331fe7b27fedae6ebd91fd0e94c296e08ee9bf5,heldout,g559-synth-warehouse-b-36,warehouse,256,8475,5000,20,44,0,-0.08823019587000003,0.5101404056200001,1.59837060149,positive_frontier_and_boundary,True,False,False,False,False,False,119
g562_frontier_00000500,64dea44ee2d01938b8279885e5bc7986f8b83f2beb17fdda1892b1f3d794cff8,train,room-32-32-4,room,64,8088,500,12,52,0,-0.04777731616000014,0.54964686332,1.5974241794800002,positive_frontier_and_boundary,True,False,False,False,False,False,120
g562_frontier_00000420,5562bf9f1a56139dac943f25ccdd7a27fd5fdd23e4e328c184faef4af62a1dbf,validation,g559-synth-warehouse-a-32,warehouse,128,7178,2000,21,43,0,-0.08156881616999989,0.5156400385000002,1.59720885467,positive_frontier_and_boundary,True,False,False,False,False,False,121
g562_frontier_00000014,03b2cd257e67a3b8b12790a7d07365e34484d5387466512cd4ecc5396e8e2bec,heldout,g559-synth-warehouse-b-36,warehouse,256,7395,5000,22,42,0,-0.10539671798999994,0.4892573168600003,1.5946540348500002,positive_frontier_and_boundary,True,False,False,False,False,False,122
g562_frontier_00000428,562861a24fc208a830728a05bd10f21ed24412c591ee82f6ec4773085e8ada01,train,g559-synth-corners-34,irregular_bottleneck,32,7637,1000,36,28,0,-0.21744054359999998,0.3748584371500001,1.59229898075,positive_frontier_and_boundary,True,False,False,False,False,False,123
g562_frontier_00000118,16e3d55b92178ec21966ba737233f17569ff7d28adacca38b7e62df37d1db88e,validation,g559-synth-warehouse-a-32,warehouse,128,8042,2000,31,33,0,-0.09761904762000007,0.4935714285699999,1.59119047619,positive_frontier_and_boundary,True,False,False,False,False,False,124
g562_frontier_00000433,570f7717ac3769a82ca76fdd8905892b141748bd74bd67c365fb1a4aade55bff,train,g559-synth-game-lak-32,game,256,7695,5000,8,56,0,-0.044366315079999996,0.5454545454599999,1.58982086054,positive_frontier_and_boundary,True,False,False,False,False,False,125
g562_frontier_00000350,463a4bcbcde310032b8cb71702c14748b7a6f191b2004b943059eeb8ae65e387,train,g559-synth-game-lak-32,game,256,8535,5000,12,52,0,-0.10184110135000002,0.48664786863,1.58848896998,positive_frontier_and_boundary,True,False,False,False,False,False,126
g562_frontier_00000288,395241946bebcbe99f52a67bef0db2c1b354bc6a8ec48d06bb976782eeb75ee5,train,random-32-32-10,random,128,8228,500,6,58,0,-0.010548523199999993,0.5771214252299999,1.5876699484299999,positive_frontier_and_boundary,True,False,False,False,False,False,127
g562_frontier_00000506,656c32fedc42dd1c026b4b7a5d9f0388f2d32befeb4b50964913cde691b7bb1e,train,g559-synth-connector-32,irregular_bottleneck,16,7516,500,8,56,0,-0.05513784461000015,0.5213032581399999,1.57644110275,positive_frontier_and_boundary,True,False,False,False,False,False,128
g562_frontier_00000425,55c04b9b3319927df5d02c9974c2420f5de02ed9963296d4b69d465618ebc9ea,validation,g559-synth-warehouse-a-32,warehouse,128,7082,2000,11,53,0,-0.031965540699999906,0.5418272500500001,1.57379279075,positive_frontier_and_boundary,True,False,False,False,False,False,129
g562_frontier_00000429,56716ec83fd18e7ea57891c3c443593352f18afaf04ec40ffc8126709ff11b28,validation,random-32-32-20,random,256,7485,1000,4,60,0,-0.04296810443999988,0.5299950421399999,1.5729631465799998,positive_frontier_and_boundary,True,False,False,False,False,False,130
g562_frontier_00000488,63dcef4fb77c2a385bd48c07c4dadfdd701fdd844e9907664a03b7aebc958553,train,random-32-32-10,random,128,8732,500,6,58,0,-0.03438685209000014,0.53754740834,1.5719342604300002,positive_frontier_and_boundary,True,False,False,False,False,False,131
g562_frontier_00000468,60470701c7386985d694d1918a589d3dfabafadc1d75cee4e882b10d0f45d699,train,g559-synth-connector-32,irregular_bottleneck,16,8428,500,26,38,0,-0.17027027027000008,0.3999999999999999,1.57027027027,positive_frontier_and_boundary,True,False,False,False,False,False,132
g562_frontier_00000148,1bee90485961b950f5271efc475bd29d2f60be9e5465d65ee33924662302d62a,train,g559-synth-corners-34,irregular_bottleneck,32,8693,1000,37,27,0,-0.08567774936000006,0.48081841432000005,1.56649616368,positive_frontier_and_boundary,True,False,False,False,False,False,133
g562_frontier_00000165,1e84f9db487e125c92245cdf57f258a282a570cfb7fe6bd8a946ca81f42b7fb8,validation,g559-synth-warehouse-a-32,warehouse,128,7946,2000,9,55,0,-0.03278688523999995,0.5297284071499999,1.5625152923899999,positive_frontier_and_boundary,True,False,False,False,False,False,134
g562_frontier_00000496,646e113ec1ede7042249d285a1eecb3c75b8ed45a7eeb6e8d1dfe9f8a8157143,train,room-32-32-4,room,64,8016,500,8,56,0,-0.04539559014000005,0.51707738867,1.56247297881,positive_frontier_and_boundary,True,False,False,False,False,False,135
g562_frontier_00000044,097a2a397964968a12128e012c750635575308f088674ef9f034e8b97dc617aa,train,room-32-32-4,room,64,8112,500,18,45,0,-0.04766107678000009,0.51015004413,1.55781112091,positive_frontier_and_boundary,True,False,False,False,False,False,136
g562_frontier_00000248,2ff284c25a6ed7b5326f7abefdf9dc652fe4f4cff10078173c4b7b657ec7b7bf,train,random-32-32-10,random,128,7652,500,23,41,0,-0.05337904015000006,0.5012242899099999,1.55460333006,positive_frontier_and_boundary,True,False,False,False,False,False,137
g562_frontier_00000358,47f0de414d50e0da1fe7a030aa4b939759ac65896904358ccd3b7e0cd7ff2f2d,train,g559-synth-corners-34,irregular_bottleneck,32,7397,1000,47,16,0,-0.2709832134300001,0.27937649881000004,1.5503597122400001,positive_frontier_and_boundary,True,False,False,False,False,False,138
g562_frontier_00000147,1bdf68e745bcf442ef402f1efde33aed9a6a372078f86def1469bd67f1f6eb67,train,room-32-32-4,room,64,8856,500,4,60,0,-0.033641715729999966,0.5147182506300001,1.54835996636,positive_frontier_and_boundary,True,False,False,False,False,False,139
g562_frontier_00000381,4ca47d03747c36fc5d8011224305472ba3fba94ceb8221acf6c01479601ffac8,train,empty-8-8,empty,16,8800,500,29,33,0,-0.24752475246999994,0.29702970297,1.54455445544,positive_frontier_and_boundary,True,False,False,False,False,False,140
g562_frontier_00000409,53673232efacfeab00977fe17efa64a31ae1934774f1649b861c5f0c3b0bf7b7,validation,random-32-32-20,random,256,8205,1000,5,59,0,-0.030516431919999976,0.5128205128200003,1.5433369447400003,positive_frontier_and_boundary,True,False,False,False,False,False,141
g562_frontier_00000367,4a0655a28ce6a388f6463898f28d9d900361eb4b7e6f9accb711d1fe622629f6,train,g559-synth-game-brc-32,game,32,7787,5000,25,39,0,-0.08064516128999988,0.4623655914,1.5430107526899999,positive_frontier_and_boundary,True,False,False,False,False,False,142
g562_frontier_00000073,0df2805feeba773f3d5459d2f9fccb811b507284dcc996a1d0c31ab5013b95ce,validation,empty-16-16,empty,32,8537,1000,16,48,0,-0.04098360656,0.49180327868999996,1.53278688525,positive_frontier_and_boundary,True,False,False,False,False,False,143
g562_frontier_00000232,2cdff66328378a5e570f817e8a7fe9e0a054128c8ccb97998e90bad7df734d15,validation,g559-synth-warehouse-a-32,warehouse,128,7106,2000,6,58,0,-0.03480165490999987,0.49744463373000003,1.53224628864,positive_frontier_and_boundary,True,False,False,False,False,False,144
g562_frontier_00000269,34c100a96e3a38e03399c1a32f05c67c51346216435a3aa7ae677ec59b4b6166,train,g559-synth-loop-chain-36,irregular_bottleneck,64,8094,2000,29,35,0,-0.08808290155999998,0.44300518134,1.5310880829,positive_frontier_and_boundary,True,False,False,False,False,False,145
g562_frontier_00000437,57b37f8f1aeaf513264b4092aef72788443b9366327867c833ba63080bf0ba1e,heldout,g559-synth-warehouse-b-36,warehouse,256,7275,5000,20,44,0,-0.10549343705000003,0.42440447253,1.52989790958,positive_frontier_and_boundary,True,False,False,False,False,False,146
g562_frontier_00000299,3b22e5f890668b4bdfe458402f7049815de4248302bd2d5564a8f20045e5f0e7,train,g559-synth-corners-34,irregular_bottleneck,32,7997,1000,15,49,0,-0.15096618358000002,0.3768115942000001,1.5277777777800001,positive_frontier_and_boundary,True,False,False,False,False,False,147
g562_frontier_00000363,48db46bb4ce79d6183eeee503918f510c238799ab7553e855d951df4137a87ea,validation,g559-synth-warehouse-a-32,warehouse,128,7466,2000,12,52,0,-0.036288358500000006,0.48782269849000004,1.52411105699,positive_frontier_and_boundary,True,False,False,False,False,False,148
g562_frontier_00000508,662cdbc80f6dbee3370c61bbeed2e2e51c288d8f23b4089a1a7f2b7f11940449,train,g559-synth-tunnel-38,irregular_bottleneck,96,8455,5000,6,58,0,-0.024434941959999845,0.49847281613000005,1.52290775809,positive_frontier_and_boundary,True,False,False,False,False,False,149
g562_frontier_00000058,0beab542262f58efbb63dc9f8d9dd151618d7bc8c4f2d5e32bbdcf2f4090a8f7,heldout,g559-synth-string-40,irregular_bottleneck,128,8840,500,18,46,0,-0.13135946622000017,0.3865721434499998,1.51793160967,positive_frontier_and_boundary,True,False,False,False,False,False,150
g562_frontier_00000507,65add6a9b974bd2fbbb57e13b3e53409519ea5a89a0a346eabbb6745e7670504,train,room-32-32-4,room,64,8712,500,29,35,0,-0.06999999999999984,0.44708333332999994,1.5170833333299998,positive_frontier_and_boundary,True,False,False,False,False,False,151
g562_frontier_00000039,07d6ae7b72dd752a2514ac3a0d067de82f3e54df9d9ead1a281a514a4a106f21,validation,g559-synth-warehouse-a-32,warehouse,128,8666,2000,25,39,0,-0.06938976378000006,0.44512795276000006,1.5145177165400001,positive_frontier_and_boundary,True,False,False,False,False,False,152
g562_frontier_00000379,4c59aa7a819506d37318c9dc16d63f7e60b85783fe56f9c629ca3691c7f47e10,validation,g559-synth-game-den-32,game,16,7114,2000,31,29,0,-0.052341597789999916,0.4600550964200001,1.51239669421,positive_frontier_and_boundary,True,False,False,False,False,False,153
g562_frontier_00000088,10febb3e86ed316dd4474d8d7877ef517121be7d1403cc874ab2b6ca4bc73ff5,train,random-32-32-10,random,128,7028,500,29,35,0,-0.06002791996999979,0.4516053978600001,1.5116333178299999,positive_frontier_and_boundary,True,False,False,False,False,False,154
g562_frontier_00000471,6064f4f8cd6f647c3a9f6aaa1e2967eeb413a7f2f3578226d16f4c345a67f2e4,train,random-32-32-10,random,128,7556,500,3,61,0,-0.0039273441300000655,0.50711831125,1.51104565538,positive_frontier_and_boundary,True,False,False,False,False,False,155
g562_frontier_00000480,625e9eee76a03b27773e7691c0454f9beee986278a5f03568d3f16a62bcaf54f,train,g559-synth-corners-34,irregular_bottleneck,32,8957,1000,2,62,0,-0.020118343199999833,0.4899408284,1.5100591715999998,positive_frontier_and_boundary,True,False,False,False,False,False,156
g562_frontier_00000224,2b6df1091b8e92fda69704fe3592411c580bb900c9232a5e7931d3608a074682,train,room-32-32-4,room,64,8376,500,1,63,0,-0.019433882550000003,0.4904942965800001,1.50992817913,positive_frontier_and_boundary,True,False,False,False,False,False,157
g562_frontier_00000383,4d2dfa1d339b7e9472a99c878989dd4c6893ef38d99aa93ad3e80047b06d9a7b,validation,random-32-32-20,random,256,8325,1000,6,57,0,-0.06480558324999985,0.43984712529000025,1.50465270854,positive_frontier_and_boundary,True,False,False,False,False,False,158
g562_frontier_00000231,2cdcd48e010278503931449a5df5ee83f9d2b721788052337af853cddec7276f,validation,random-32-32-20,random,256,7125,1000,26,38,0,-0.12770375497999997,0.37688181346000005,1.50458556844,positive_frontier_and_boundary,True,False,False,False,False,False,159
g562_frontier_00000002,0083e63509b964e0ca5fef571381b79520aa7e708d4ad52771372d98375bdb64,train,g559-synth-game-brc-32,game,32,7379,5000,38,26,0,-0.15163147792999987,0.35124760076000006,1.50287907869,positive_frontier_and_boundary,True,False,False,False,False,False,160
g562_frontier_00000051,0a974f62f77f5bd15d3e69943afecaa4cfe98c42b4ed028f844c8c2fb20224c3,validation,g559-synth-warehouse-a-32,warehouse,128,7922,2000,8,55,0,-0.03255056964000014,0.46779818646000004,1.5003487561000002,positive_frontier_and_boundary,True,False,False,False,False,False,161
g562_frontier_00000114,1610911a3120e52dc819b3c05b6bd4c83baaee874a4b68b6afb13fcc8858f9a8,validation,g559-synth-warehouse-a-32,warehouse,128,8786,2000,28,36,0,-0.09682046378000009,0.4032990676500001,1.5001195314300002,positive_frontier_and_boundary,True,False,False,False,False,False,162
g562_frontier_00000250,30ea64887812c4aa5d1456c3a3bcb025935809e5569e5829841a5ea88578efeb,train,room-32-32-4,room,64,7392,500,2,62,0,-0.022746071140000046,0.47725392885999995,1.5,positive_frontier_and_boundary,True,False,False,False,False,False,163
g562_frontier_00000355,4746cace515896ee02038d16dfbba199191e0620a3fe5e8886c32a96c76ac0f2,validation,g559-synth-warehouse-a-32,warehouse,128,7442,2000,16,48,0,-0.05970498711999994,0.4366658862099999,1.4963708733299999,positive_frontier_and_boundary,True,False,False,False,False,False,164
g562_frontier_00000116,16aa9b7affc02b4ae0223fa7f34661e1e92926b68aa63be2c35697832cdf9dcc,train,empty-8-8,empty,16,8920,500,2,61,0,-0.07792207792000005,0.4155844155799999,1.4935064935,positive_frontier_and_boundary,True,False,False,False,False,False,165
g562_frontier_00000392,4f194e72d2c6fdbc0dbc63d43adfc65bcb4a7c9f6ab4a500ca532091520cefec,train,empty-8-8,empty,16,8200,500,13,49,0,-0.06666666666999999,0.42222222222000005,1.48888888889,positive_frontier_and_boundary,True,False,False,False,False,False,166
g562_frontier_00000444,59ae7871dae30494f48b021b9ff7bf054a491eb817b1903d97ab429cd2920809,train,random-32-32-10,random,128,8756,500,24,40,0,-0.07586533903000015,0.402323376,1.4781887150300002,positive_frontier_and_boundary,True,False,False,False,False,False,167
g562_frontier_00000237,2de60df00dbe851dfa2c6fdf6bafc68c8f19342f7b095a0d2858a99fa78009ea,validation,maze-36-32-4,maze,32,7991,5000,25,39,0,-0.08713355048999993,0.38843648209000015,1.47557003258,positive_frontier_and_boundary,True,False,False,False,False,False,168
g562_frontier_00000027,056d7557c03055e16cd37f0dd20f3bed84ba2127bd2d5e3005b1653f36cf5e68,train,room-32-32-4,room,64,7008,500,8,56,0,-0.049003322259999926,0.4248338870399999,1.4738372092999998,positive_frontier_and_boundary,True,False,False,False,False,False,169
g562_frontier_00000005,017610f413a531d5661e25631f2768b1af12b81cb1f84ce44c9df17a645b7a0a,heldout,g559-synth-string-40,irregular_bottleneck,128,8240,500,47,17,0,-0.14232673266999996,0.3304455445500001,1.47277227722,positive_frontier_and_boundary,True,False,False,False,False,False,170
g562_frontier_00000459,5de21fdd50599bb8f1c2e37fa9942edeadd2ca7ff822807425c8885f818a75b8,validation,empty-16-16,empty,32,7793,1000,20,43,0,-0.09677419355000016,0.3689516128999999,1.46572580645,positive_frontier_and_boundary,True,False,False,False,False,False,171
g562_frontier_00000024,050bbaee48a8873755735e85be3162d84f9ca57d66a9b707ef5a9f15ee1672de,train,g559-synth-city-boston-32,city,96,8893,1000,30,34,0,-0.08806016921999982,0.37699780633000013,1.46505797555,positive_frontier_and_boundary,True,False,False,False,False,False,172
g562_frontier_00000109,15238bb99f136602f5e8985d5a9e4de95e04c53501aa033580801dcb8a43f625,train,random-32-32-10,random,128,7292,500,7,56,0,-0.026290165529999854,0.43865628043000005,1.46494644596,positive_frontier_and_boundary,True,False,False,False,False,False,173
g562_frontier_00000463,5eff6dece7b75093da9d49b163355f7bc1552cc48cac4f8665f6735fa67b415f,train,g559-synth-tunnel-38,irregular_bottleneck,96,7975,5000,28,35,0,-0.1404303510699998,0.31993204983,1.4603624008999998,positive_frontier_and_boundary,True,False,False,False,False,False,174
g562_frontier_00000305,3c7e6eeaa6473325026f6959fdbf40d5ce6608b19f8ddb4a7f516665ccc1c2a0,validation,g559-synth-warehouse-a-32,warehouse,128,8738,2000,18,46,0,-0.10179786199999996,0.35738581147000015,1.45918367347,positive_frontier_and_boundary,True,False,False,False,False,False,175
g562_frontier_00000487,63a1a9434066846158d6e21c50f9fc30c1e0820a0954eda6f10545785ab2aef3,train,g559-synth-corners-34,irregular_bottleneck,32,7733,1000,3,61,0,-0.019900497510000115,0.43532338308999985,1.4552238806,positive_frontier_and_boundary,True,False,False,False,False,False,176
g562_frontier_00000117,16c2f8246ed9b15f19be8363b0bbc687ba6da7746b1c8c9747300d593181eac2,validation,empty-16-16,empty,32,8273,1000,17,47,0,-0.04848484848000001,0.40606060606000005,1.45454545454,positive_frontier_and_boundary,True,False,False,False,False,False,177
g562_frontier_00000273,363784a64f0fb0e8334d8efb96c496796c294e6a8e8834d7b63e053b57b78524,train,room-32-32-4,room,64,8976,500,33,31,0,-0.08608137045000008,0.36573875803,1.45182012848,positive_frontier_and_boundary,True,False,False,False,False,False,178
g562_frontier_00000087,1065416af0744300ecb6300aff5229cef2109a13ed9681e74dfbce5c8e59a5b3,train,room-32-32-4,room,64,7560,500,30,34,0,-0.06261288380999996,0.38771824202000005,1.45033112583,positive_frontier_and_boundary,True,False,False,False,False,False,179
g562_frontier_00000132,194207df6e955c8e6e33f9a4c2c436d2c02ba99412670bed9d0ecd78920b1050,validation,maze-36-32-4,maze,32,8807,5000,23,41,0,-0.05777400169999991,0.3908241291400001,1.44859813084,positive_frontier_and_boundary,True,False,False,False,False,False,180
g562_frontier_00000313,3dee918720b41e7ff2706354fc2651e7c74bfd6d6c0867450b65ef76d67751ae,validation,g559-synth-warehouse-a-32,warehouse,128,7706,2000,9,55,0,-0.03634204274999986,0.40973871734,1.4460807600899999,positive_frontier_and_boundary,True,False,False,False,False,False,181
g562_frontier_00000307,3cd4c6c9ece4944f9e0b73299ccfe82e1bc29695043b45f64e1979376ae70257,validation,maze-36-32-4,maze,32,7031,5000,28,35,0,-0.056487202120000024,0.3892321270899999,1.44571932921,positive_frontier_and_boundary,True,False,False,False,False,False,182
g562_frontier_00000105,1482c22bb20c82d4270e382d09d9657ff4baff7570e2d780eb23c33415b5b9bd,validation,g559-synth-game-den-32,game,16,7258,2000,31,33,0,-0.06408094435000011,0.3811129848299999,1.44519392918,positive_frontier_and_boundary,True,False,False,False,False,False,183
g562_frontier_00000104,147346f73ff45ed622a7650af7bfa4e5b2d8cc91c79d1835f00b068b9b7f1b2f,validation,g559-synth-warehouse-a-32,warehouse,128,8858,2000,3,61,0,-0.002526992880000023,0.4353319549800001,1.4378589478600001,positive_frontier_and_boundary,True,False,False,False,False,False,184
g562_frontier_00000364,48f313fa6dd25f2c9332e922cb5cc57c4992d9efe8d1e1eb0cf8d13603ccdb8d,validation,g559-synth-warehouse-a-32,warehouse,128,7586,2000,18,46,0,-0.08381642511999998,0.35362318840000007,1.43743961352,positive_frontier_and_boundary,True,False,False,False,False,False,185
g562_frontier_00000396,50a54f66276dddfe3ca9e42cd31880663eebf47ec197f02e948e6647e00ab80c,train,random-32-32-10,random,128,7532,500,7,57,0,-0.016555530009999986,0.41411818809,1.4306737181,positive_frontier_and_boundary,True,False,False,False,False,False,186
g562_frontier_00000242,2e67e0e49cc11e60b1fcaaadf9f7c68d6fa8c7aa818cda931e08ddb4ba9f609b,validation,empty-16-16,empty,32,8081,1000,49,14,0,-0.22403258656000014,0.20366598777999978,1.42769857434,positive_frontier_and_boundary,True,False,False,False,False,False,187
g562_frontier_00000283,3877dad01311afab16b2581b8a6ae90424181803d39d696b5bdfadf5037dfc33,validation,empty-16-16,empty,32,7121,1000,17,45,0,-0.0740740740700001,0.35282651072999993,1.4269005848,positive_frontier_and_boundary,True,False,False,False,False,False,188
g562_frontier_00000469,6048f5246d3e2695f5115ac9aa1749bead43b3b96c13c602af863032c4af5131,validation,empty-16-16,empty,32,7097,1000,33,31,0,-0.09941520468000009,0.32748538010999995,1.42690058479,positive_frontier_and_boundary,True,False,False,False,False,False,189
g562_frontier_00000282,38721e45225a6cf4eb73d3ab4c22446de151c2264936c7adba77d85911d5e3d9,validation,g559-synth-warehouse-a-32,warehouse,128,7682,2000,25,39,0,-0.07930871212000001,0.3454071969700001,1.4247159090900001,positive_frontier_and_boundary,True,False,False,False,False,False,190
g562_frontier_00000021,04f2d1f6dd359269d3bf16a0a52bfbb165fd897cfbb32d05a5037e8d3265f791,train,random-32-32-10,random,128,8852,500,5,58,0,-0.01560178305999993,0.4051510648900001,1.42075284795,positive_frontier_and_boundary,True,False,False,False,False,False,191
g562_frontier_00000186,21d752f6bfae9de060f38c38cfb31d236748424d5806a13a4333813519366402,validation,empty-16-16,empty,32,7145,1000,13,50,0,-0.08181818181999989,0.33636363636,1.4181818181799999,positive_frontier_and_boundary,True,False,False,False,False,False,192
g562_frontier_00000351,46724f583914dd95a0242389badff044fa90542d83a58abf3710bde4a2db30b5,validation,empty-16-16,empty,32,8417,1000,21,42,0,-0.06613226452999998,0.3507014028100002,1.4168336673400002,positive_frontier_and_boundary,True,False,False,False,False,False,193
g562_frontier_00000138,1a0f9a320e0c0fb23c59354a87b6386a5e9c6e9907d532dcf348b8cf73327274,validation,g559-synth-warehouse-a-32,warehouse,128,8066,2000,1,63,0,-0.0014430014399999802,0.4131794131800002,1.4146224146200002,positive_frontier_and_boundary,True,False,False,False,False,False,194
g562_frontier_00000332,429275b2a72516a483b87c2611c3d6c5ce6d6c8f017266ea829c2ebad6cc1690,train,random-32-32-10,random,128,8492,500,14,50,0,-0.029600394669999863,0.38233843118,1.4119388258499999,positive_frontier_and_boundary,True,False,False,False,False,False,195
g562_frontier_00000426,560d485ebc7cdc414557afd32163450255bc10df1be741812cc736e672e85b11,train,room-32-32-4,room,64,8880,500,4,58,0,-0.029684601110000042,0.38218923932999993,1.41187384044,positive_frontier_and_boundary,True,False,False,False,False,False,196
g562_frontier_00000142,1af160151e5803ee4238a4dc367ccf2c660d95d6519eb3195e07509e703e41cd,train,random-32-32-10,random,128,8276,500,11,53,0,-0.019635343619999857,0.3917718560000001,1.41140719962,positive_frontier_and_boundary,True,False,False,False,False,False,197
g562_frontier_00000028,05839627fd0e8eaa6de9baf30c6047eb54d7384e4877a4db63457a6003fe0b8e,train,random-32-32-10,random,128,7268,500,16,48,0,-0.05029515937999984,0.35844155845000003,1.4087367178299999,positive_frontier_and_boundary,True,False,False,False,False,False,198
g562_frontier_00000216,289a65e9a156a0877f47f5e6541025ed021b7d9ac03fcfab7bb09fda213b5ea4,train,g559-synth-loop-chain-36,irregular_bottleneck,64,7950,2000,8,56,0,-0.050000000000000044,0.3575471698199999,1.40754716982,positive_frontier_and_boundary,True,False,False,False,False,False,199
g562_frontier_00000050,0a9417cd04cd911a797e2aa588aef03597dfaf43b78ab040647613162c2b1a94,train,g559-synth-corners-34,irregular_bottleneck,32,8837,1000,24,40,0,-0.07663782448000012,0.32880098886999987,1.40543881335,positive_frontier_and_boundary,True,False,False,False,False,False,200
g562_frontier_00000136,19eba1ff626f94dbc048779fdd6bd6a3ff8b780601d843f14059178c83a2030c,train,g559-synth-tunnel-38,irregular_bottleneck,96,7855,5000,20,43,0,-0.06372275013999995,0.33147009503,1.39519284517,positive_frontier_and_boundary,True,False,False,False,False,False,201
g562_frontier_00000003,0099df2b84a1af7fb5a790ff7a656cf0e82bec7237ecd3de1b25d536341e5031,train,g559-synth-loop-chain-36,irregular_bottleneck,64,7614,2000,1,63,0,-0.010843373489999975,0.3843373494,1.39518072289,positive_frontier_and_boundary,True,False,False,False,False,False,202
g562_frontier_00000203,2718c5f7280097d48ee418039c78e4fe1b22d95b107f46a51b2069fc6c794f8f,train,empty-8-8,empty,16,8440,500,47,16,0,-0.17307692308,0.22115384615,1.39423076923,positive_frontier_and_boundary,True,False,False,False,False,False,203
g562_frontier_00000065,0cb63048081aa964ede3b72fc9888022207865c9654f8eb8d5e26d0c5a9fe318,train,random-32-32-10,random,128,8036,500,16,48,0,-0.03225035834000001,0.36096512183000007,1.39321548017,positive_frontier_and_boundary,True,False,False,False,False,False,204
g562_frontier_00000404,523908fdf09b4c42b32168e0d3e9f230bb0799a4a8276bc742add119aba12fe5,validation,empty-16-16,empty,32,8393,1000,41,23,0,-0.10261569416000005,0.28772635815000003,1.39034205231,positive_frontier_and_boundary,True,False,False,False,False,False,205
g562_frontier_00000159,1d5c2f928d0a4b3ad0787aec63d25476ab5956078dbe4a296773e3d2b8b80d59,train,g559-synth-corners-34,irregular_bottleneck,32,8981,1000,27,37,0,-0.09575757574999999,0.2933333333400001,1.38909090909,positive_frontier_and_boundary,True,False,False,False,False,False,206
g562_frontier_00000473,60cb6b574235bf6c00130770822479da0004818c9b292083a11d16d9d695a719,train,room-32-32-4,room,64,8328,500,27,36,0,-0.05869751498999998,0.3294772922,1.38817480719,positive_frontier_and_boundary,True,False,False,False,False,False,207
g562_frontier_00000458,5d6cd683727ac445e2438e5572d760b237a621c00f5d1aa35c346ba71dcebb1d,train,room-32-32-4,room,64,7152,500,2,62,0,-0.007425742570000171,0.3799504950499999,1.38737623762,positive_frontier_and_boundary,True,False,False,False,False,False,208
g562_frontier_00000493,643a135670ee63f2d728a9587299199ea8ef2feea238a9074d7397066271ea55,validation,empty-16-16,empty,32,7193,1000,28,36,0,-0.09218436872999991,0.29258517034,1.3847695390699999,positive_frontier_and_boundary,True,False,False,False,False,False,209
g562_frontier_00000131,18f3c385c5f38f21f78bd4acc6f3d6b6cb6666e5b6ce1bc28a3133f02ddd622a,train,g559-synth-corners-34,irregular_bottleneck,32,8333,1000,20,44,0,-0.08542713567999982,0.29899497488000004,1.3844221105599999,positive_frontier_and_boundary,True,False,False,False,False,False,210
g562_frontier_00000227,2bfbd452e59c8dc0096c85457196300d3a6a73e9c5e730c143254fb61b33dac4,train,g559-synth-loop-chain-36,irregular_bottleneck,64,8454,2000,25,38,0,-0.11662531016999989,0.26674937966,1.38337468983,positive_frontier_and_boundary,True,False,False,False,False,False,211
g562_frontier_00000311,3dcfcc76ba00c37943ba07a74c2b896bb290d4cb2c0d30fb25546f80f002143a,validation,empty-16-16,empty,32,7337,1000,18,44,0,-0.05825242718000001,0.32038834951999995,1.3786407767,positive_frontier_and_boundary,True,False,False,False,False,False,212
g562_frontier_00000272,35301827c66da97ec4a4fe5c7f09d54c4d00cfff1917f5a339c66676427a1f31,train,g559-synth-corners-34,irregular_bottleneck,32,8501,1000,51,13,0,-0.37604790419,0.0,1.37604790419,positive_frontier_and_boundary,True,False,False,False,False,False,213
g562_frontier_00000489,63e1e612b19de23daac8a6fd8816b5a20749c50d24e51f493c0c73c5e9c1f6e0,train,g559-synth-connector-32,irregular_bottleneck,16,8356,500,43,21,0,-0.19999999999999996,0.1756756756700002,1.3756756756700002,positive_frontier_and_boundary,True,False,False,False,False,False,214
g562_frontier_00000035,06e9d758feccf197a6c916e4639395c0e8df12a158f05d3916ae73e8c7b2a5e0,train,room-40-32-8,room,96,7777,1000,12,52,0,-0.052777777780000035,0.3216666666599999,1.37444444444,positive_frontier_and_boundary,True,False,False,False,False,False,215
g562_frontier_00000346,45e9a28c1c21c35378f887c8ffde25278d34ea295cfe5d151b7a157742b039ea,heldout,g559-synth-string-40,irregular_bottleneck,128,7520,500,1,63,0,-0.022232103149999904,0.3499333036900001,1.37216540684,positive_frontier_and_boundary,True,False,False,False,False,False,216
g562_frontier_00000284,38911a435e5b8806b5eac5fd7373e16066b1dd6adef4a23e5385b746bf250e9f,train,g559-synth-loop-chain-36,irregular_bottleneck,64,8334,2000,4,60,0,-0.07187112763000014,0.29863692689,1.3705080545200001,positive_frontier_and_boundary,True,False,False,False,False,False,217
g562_frontier_00000083,0f9cdf7c113ef3a03ebd6e2168ff1d1bf08528b7a843100d545e355260968bba,train,g559-synth-game-brc-32,game,32,7619,5000,22,40,0,-0.06279434850999999,0.30298273155,1.36577708006,positive_frontier_and_boundary,True,False,False,False,False,False,218
g562_frontier_00000096,125ef9a663b8473902e561e85d83412681a5c1b15162320de960cbe4ffe059e8,heldout,g559-synth-string-40,irregular_bottleneck,128,8000,500,36,28,0,-0.1419410004299999,0.2180418982500001,1.35998289868,positive_frontier_and_boundary,True,False,False,False,False,False,219
g562_frontier_00000064,0c3eeea552c493d49115b7567e436292060ba50c82f7c564a70bac5e8d770cfa,validation,g559-synth-warehouse-a-32,warehouse,128,8450,2000,35,29,0,-0.12383488681999988,0.2333555259700002,1.35719041279,positive_frontier_and_boundary,True,False,False,False,False,False,220
g562_frontier_00000180,20e770e8dbc1c0b807a63d0d4b871319850512e309150fc2ec9a20d365b87729,train,g559-synth-game-brc-32,game,32,7811,5000,9,53,0,-0.01253918496000006,0.34404388714,1.3565830721,positive_frontier_and_boundary,True,False,False,False,False,False,221
g562_frontier_00000293,3aa6cfb84567f904a8beb84871c823732f6b59815793275c17bcb369f17a9587,validation,maze-36-32-4,maze,32,8159,5000,5,57,0,-0.01661129567999997,0.33720930233,1.35382059801,positive_frontier_and_boundary,True,False,False,False,False,False,222
g562_frontier_00000342,44bf3d4f960298d5b13be7ce8024b43becbdc88c2a4fae38fe229aa434a3663b,validation,g559-synth-game-den-32,game,16,7066,2000,29,35,0,-0.054770318019999875,0.2985865724300001,1.35335689045,positive_frontier_and_boundary,True,False,False,False,False,False,223
g562_frontier_00000120,171a0cc2f8ae627f227c1898733f8d7375673bc853521b289cb7f8aa676ead1d,train,g559-synth-corners-34,irregular_bottleneck,32,8477,1000,29,34,0,-0.09443099274,0.2578692493900001,1.35230024213,positive_frontier_and_boundary,True,False,False,False,False,False,224
g562_frontier_00000377,4c21d4f61b262b62178d6d192aaff9b4e1c3f3f7fb6a3cdc40bf7c99883cf9a3,validation,g559-synth-game-den-32,game,16,8482,2000,21,43,0,-0.060137457050000176,0.28522336769,1.3453608247400002,positive_frontier_and_boundary,True,False,False,False,False,False,225
g562_frontier_00000310,3dc09fd0531d33a329511caf431e6247b4421a931ea426a8f83bd2a900c890cc,train,g559-synth-game-brc-32,game,32,8387,5000,28,35,0,-0.04200913242000004,0.30319634702999987,1.34520547945,positive_frontier_and_boundary,True,False,False,False,False,False,226
g562_frontier_00000128,181ce9f889d3fd0e33e5fe0fd3cd2a69b942e3b7d7bd6e6b432a122d55619a11,train,g559-synth-loop-chain-36,irregular_bottleneck,64,7494,2000,4,60,0,-0.04024390244000009,0.30487804878,1.3451219512200001,positive_frontier_and_boundary,True,False,False,False,False,False,227
g562_frontier_00000464,5f36c56e4c776456186da3092aef274b914c4ee9387a0522eaa1b680df92f520,train,g559-synth-tunnel-38,irregular_bottleneck,96,7015,5000,37,27,0,-0.12162971838999992,0.22168963451000012,1.3433193529,positive_frontier_and_boundary,True,False,False,False,False,False,228
g562_frontier_00000010,02fe53cdc2fda88a8cf316aec26ca8dc4227ca830aed40a1adc9944741a344ec,train,g559-synth-game-brc-32,game,32,8915,5000,25,39,0,-0.07549668873999993,0.2675496688700001,1.34304635761,positive_frontier_and_boundary,True,False,False,False,False,False,229
g562_frontier_00000407,52ec0290930df5bf2c7f6bff6f79cf3f2b0a1180de8f9dacc3ccf975dd065487,validation,g559-synth-game-den-32,game,16,7978,2000,25,38,0,-0.05415162455,0.2870036101100002,1.3411552346600002,positive_frontier_and_boundary,True,False,False,False,False,False,230
g562_frontier_00000219,2989004e4a3e989d1f2b2169e5f2d08e1edc9feff089046f4fec36299d4b6a5e,train,room-40-32-8,room,96,8833,1000,26,38,0,-0.06686518679000009,0.2736870600999999,1.34055224689,positive_frontier_and_boundary,True,False,False,False,False,False,231
g562_frontier_00000309,3daa0e8905996d865a672209cd899bf6adb7a8f14271c93ddfee82bb8519abc3,train,room-40-32-8,room,96,7753,1000,32,32,0,-0.09973045822000004,0.23989218329000006,1.33962264151,positive_frontier_and_boundary,True,False,False,False,False,False,232
g562_frontier_00000498,64c78dd25846be8bc8ad6cf9a816f02e0c0098e62462f8b32da00892d6aa7e79,train,g559-synth-city-boston-32,city,96,8533,1000,15,48,0,-0.0742928193900001,0.26515387007,1.3394466894600001,positive_frontier_and_boundary,True,False,False,False,False,False,233
g562_frontier_00000134,19bb3c187aba28814d438af74eb2742cb1c17b560f69790d6e96524d31996e17,validation,empty-16-16,empty,32,7433,1000,14,50,0,-0.051282051290000075,0.2857142857099999,1.336996337,positive_frontier_and_boundary,True,False,False,False,False,False,234
g562_frontier_00000286,393968e85d8b35d219231b281a6e3b0c76eaab3364d59b3b862f1c73587d752c,train,g559-synth-tunnel-38,irregular_bottleneck,96,8935,5000,12,51,0,-0.08047945205999985,0.2562785388100002,1.33675799087,positive_frontier_and_boundary,True,False,False,False,False,False,235
g562_frontier_00000234,2d2b00d7b1dd254970fb01eeef554542430518e7678d8c509f1dec9bde27d024,train,g559-synth-corners-34,irregular_bottleneck,32,7853,1000,45,19,0,-0.11706102117000006,0.21793275218000008,1.3349937733500001,positive_frontier_and_boundary,True,False,False,False,False,False,236
g562_frontier_00000334,4304357a1eb7589a4183d261e60334c065fea5e552ea8dfc43bfa46e6fe1651b,train,g559-synth-corners-34,irregular_bottleneck,32,7109,1000,8,54,0,-0.025641025639999926,0.3076923077,1.33333333334,positive_frontier_and_boundary,True,False,False,False,False,False,237
g562_frontier_00000413,5425272c102344e9fe6c5579d49803028f9a8a4165f6c7962124723bd0560be3,train,g559-synth-connector-32,irregular_bottleneck,16,8404,500,18,40,0,-0.057471264370000164,0.27586206896,1.3333333333300001,positive_frontier_and_boundary,True,False,False,False,False,False,238
g562_frontier_00000440,58b5e0d74baaaa538fa8b9e40a7ac777f6f4b3f40acebfb52134e62ccd2e9f2d,train,room-32-32-4,room,64,8208,500,10,53,0,-0.038543897209999844,0.2946466809400001,1.33319057815,positive_frontier_and_boundary,True,False,False,False,False,False,239
g562_frontier_00000331,427c56a5034c54475d9d3500f60307ee86559b608586e687c633105832ffb6b6,train,g559-synth-game-brc-32,game,32,7859,5000,23,41,0,-0.0647619047600001,0.26666666666999994,1.33142857143,positive_frontier_and_boundary,True,False,False,False,False,False,240
g562_frontier_00000161,1e0caa8066e42b7baffeef43f02dbd02149f036cc5cce757df7a5d754d354234,train,g559-synth-connector-32,irregular_bottleneck,16,7636,500,1,63,0,-0.0075187970000001325,0.3233082706699999,1.33082706767,positive_frontier_and_boundary,True,False,False,False,False,False,241
g562_frontier_00000359,47fa5dc38a6ca71f634ebb7562697bdd453bec9980aa25c835c8082467e8c59c,train,room-32-32-4,room,64,8040,500,36,27,0,-0.0651447661500002,0.2655902004399999,1.3307349665900001,positive_frontier_and_boundary,True,False,False,False,False,False,242
g562_frontier_00000223,2b5c75d8e32174c1b34c44f8b973921698ba050cc5b5cb040e26b52dcef4fd60,validation,g559-synth-game-den-32,game,16,7474,2000,27,37,0,-0.060606060609999846,0.2696969697,1.3303030303099999,positive_frontier_and_boundary,True,False,False,False,False,False,243
g562_frontier_00000416,5474564b083f8e3f7d9cedd8222b74fe4399162bd6766a2cb303211d14e62052,validation,empty-16-16,empty,32,7913,1000,8,56,0,-0.044534412950000046,0.28542510122,1.32995951417,positive_frontier_and_boundary,True,False,False,False,False,False,244
g562_frontier_00000018,0446a37a68b99abfdd7b991b5c0c8243d7bf54f5681715edb74447a8071b0f03,validation,g559-synth-game-den-32,game,16,8242,2000,20,42,0,-0.022260273969999966,0.30650684931000005,1.32876712328,positive_frontier_and_boundary,True,False,False,False,False,False,245
g562_frontier_00000111,158a00a4963828e7956df4720fca204427f8a347da5ec0df3134dc877063107a,heldout,g559-synth-string-40,irregular_bottleneck,128,8600,500,23,41,0,-0.10098839707999985,0.22690159003,1.3278899871099998,positive_frontier_and_boundary,True,False,False,False,False,False,246
g562_frontier_00000323,3f578c0a95aaf8f6dfeddbdd6391af5f41db14b6281989dff746d9f60e190c4f,validation,maze-36-32-4,maze,32,8591,5000,22,42,0,-0.052587646070000105,0.27462437396000006,1.3272120200300002,positive_frontier_and_boundary,True,False,False,False,False,False,247
g562_frontier_00000369,4a5c735f1f8f1683d2070ced48d2d73a491a7e7daf46f24ef946f0452e16c5b4,train,g559-synth-game-brc-32,game,32,8939,5000,27,37,0,-0.047854785469999994,0.2772277227800002,1.3250825082500002,positive_frontier_and_boundary,True,False,False,False,False,False,248
g562_frontier_00000079,0f13a3a3a4cb0c1c332bb531fcfb68d133fa9faa9c5f330b19874d44b02c4f24,validation,g559-synth-game-den-32,game,16,8866,2000,29,35,0,-0.03061224489999992,0.29387755102,1.32448979592,positive_frontier_and_boundary,True,False,False,False,False,False,249
g562_frontier_00000067,0ce33ef3b0e18313abd1e6f8cec6fbe56a897c75458f4fd6a2edda8f82c7b364,train,room-32-32-4,room,64,8760,500,3,61,0,-0.017751479289999983,0.30532544378999993,1.32307692308,positive_frontier_and_boundary,True,False,False,False,False,False,250
g562_frontier_00000278,378b39f10cf921844ed520827a9c80e17504caeba1ee01be6e107475aa1eb179,train,room-32-32-4,room,64,7200,500,24,40,0,-0.07188405796999997,0.24985507247000016,1.3217391304400001,positive_frontier_and_boundary,True,False,False,False,False,False,251
g562_frontier_00000267,344eb1b8281ff2fe9e4bfc0359ed2bfd8e67e49d577ca2730953bb5c283fe818,train,g559-synth-loop-chain-36,irregular_bottleneck,64,7590,2000,26,37,0,-0.05218216318999991,0.2694497153700002,1.32163187856,positive_frontier_and_boundary,True,False,False,False,False,False,252
g562_frontier_00000365,49627f21012a8b1baf47d1b98c56d9f92fbd4fa77d496e092e3fab07f7ca5901,train,room-40-32-8,room,96,7417,1000,10,54,0,-0.049607623320000016,0.27158071749,1.32118834081,positive_frontier_and_boundary,True,False,False,False,False,False,253
g562_frontier_00000170,1f783db9b95c7ecb90b5f57a5c63561c5200a19cb163ccfd115d95091503726a,train,g559-synth-loop-chain-36,irregular_bottleneck,64,8934,2000,1,62,0,-0.03800786369000009,0.2830930537399998,1.32110091743,positive_frontier_and_boundary,True,False,False,False,False,False,254
g562_frontier_00000245,2fba60185299dd51496716a007bad5d5a5ff5ad200deb38c9669c11a6d234673,validation,g559-synth-game-den-32,game,16,7402,2000,15,47,0,-0.01748251747999996,0.3024475524499999,1.3199300699299998,positive_frontier_and_boundary,True,False,False,False,False,False,255
g562_frontier_00000287,3939ba8f85929ffb12bc89cfcc062e94e1590e0b3a31505779af18e65c898d58,validation,g559-synth-game-den-32,game,16,8026,2000,29,35,0,-0.07017543859999997,0.24912280701,1.31929824561,positive_frontier_and_boundary,True,False,False,False,False,False,256
g562_frontier_00000320,3ed6ca51faa2e27c03756ebdfb2c8d84da3f21d5681f66556adbea2743d2b486,validation,maze-36-32-4,maze,32,7967,5000,26,38,0,-0.08484848484999996,0.22943722943,1.31428571428,positive_frontier_and_boundary,True,False,False,False,False,False,257
g562_frontier_00000112,15a3cdf245123accb5f9115148e1fe4981777f214d6d82d3603b0eade88c4ce3,validation,random-32-32-20,random,256,8565,1000,14,50,0,-0.07003891050999989,0.24346859366000007,1.31350750417,positive_frontier_and_boundary,True,False,False,False,False,False,258
g562_frontier_00000149,1c15f560579860cec5a0fdc0ae052e3cb2382a25f77dc16189e3b08ae1aa6d68,train,empty-32-32,empty,64,7386,2000,31,33,0,-0.05862403100999991,0.25436046512,1.31298449613,positive_frontier_and_boundary,True,False,False,False,False,False,259
g562_frontier_00000371,4aa73cfd9362efaac0a265e8b948852fedbc8dc646456ec36e2e7ca30863bb95,train,g559-synth-corners-34,irregular_bottleneck,32,7829,1000,23,38,0,-0.06684491979000007,0.24598930480999992,1.3128342246,positive_frontier_and_boundary,True,False,False,False,False,False,260
g562_frontier_00000447,5abfeea61f429d58cf87122e0b0d92dec4268974db8f5fecba3bc8522906f2ce,validation,empty-16-16,empty,32,8609,1000,3,59,0,-0.039525691699999976,0.27272727271999986,1.3122529644199998,positive_frontier_and_boundary,True,False,False,False,False,False,261
g562_frontier_00000171,1fb684150ada82a4c84eb6df1d2bfebaac9a9f0a68e169199b806bb65b8d7e6b,validation,g559-synth-warehouse-a-32,warehouse,128,7730,2000,29,35,0,-0.06784170269,0.24276687729000002,1.31060857998,positive_frontier_and_boundary,True,False,False,False,False,False,262
g562_frontier_00000417,547dfe525f2f3c3649537b6946b17b3febbd376924c3bb90a2955f204dc4a6fa,train,g559-synth-corners-34,irregular_bottleneck,32,8165,1000,43,21,0,-0.10606060606,0.20454545454999984,1.3106060606099998,positive_frontier_and_boundary,True,False,False,False,False,False,263
g562_frontier_00000046,0a4e07556508e861b81d4d51c47894b56785c70066a19718090de3d0b1cf880c,train,g559-synth-connector-32,irregular_bottleneck,16,7156,500,56,8,0,-0.1328125,0.17708333332999993,1.30989583333,positive_frontier_and_boundary,True,False,False,False,False,False,264
g562_frontier_00000090,1174fd141450537ca6fcde7383ba32623e0bf298f8e01a934860cd41515ecd5c,validation,g559-synth-game-den-32,game,16,7090,2000,12,45,0,-0.021739130429999864,0.2880434782600001,1.30978260869,positive_frontier_and_boundary,True,False,False,False,False,False,265
g562_frontier_00000195,2344c3fb7efea163679f6527a421168b0bd17ae23f0df43e4c1d76726492f986,train,g559-synth-tunnel-38,irregular_bottleneck,96,7735,5000,13,51,0,-0.07382953181999996,0.23529411764000008,1.30912364946,positive_frontier_and_boundary,True,False,False,False,False,False,266
g562_frontier_00000268,349cb87e6c051c72914bb308b9a820f0aff973cbf5171c60b8e2eb14e90da19f,train,g559-synth-connector-32,irregular_bottleneck,16,7012,500,44,19,0,-0.06569343066000011,0.24330900242999998,1.30900243309,positive_frontier_and_boundary,True,False,False,False,False,False,267
g562_frontier_00000295,3ad035d6797e3a2afa1a9eaf0e8b6ea6f211b366bbf308220e4f1ec9921353f5,train,g559-synth-city-boston-32,city,96,7573,1000,10,54,0,-0.034803480349999916,0.2733273327300001,1.30813081308,positive_frontier_and_boundary,True,False,False,False,False,False,268
g562_frontier_00000292,3a81a58192e1cc245e9e2374383358d38d21adb9407614ec69e1fc19074043ec,heldout,g559-synth-string-40,irregular_bottleneck,128,7280,500,28,36,0,-0.08859223300999997,0.21925566343000003,1.30784789644,positive_frontier_and_boundary,True,False,False,False,False,False,269
g562_frontier_00000442,593db2855ac35dd7216f9a6fd70fbb4f5dc911ae827fcbfa2956e8d3c0299acf,validation,g559-synth-game-den-32,game,16,7858,2000,24,40,0,-0.06153846154000009,0.2461538461599999,1.3076923077,positive_frontier_and_boundary,True,False,False,False,False,False,270
g562_frontier_00000423,5592e9826701ea1642f66a55679db26b5c0307bbd5d0a943732f4f2b69bfeb54,train,g559-synth-game-brc-32,game,32,7211,5000,24,40,0,-0.031198686370000006,0.27175697866000004,1.30295566503,positive_frontier_and_boundary,True,False,False,False,False,False,271
g562_frontier_00000164,1e5c665ad6cca2b1d7d470a36c68710dcd2b2564fb300b0cf6929ab5be4f4b03,validation,empty-16-16,empty,32,8441,1000,12,52,0,-0.03585657371000006,0.26494023903999997,1.30079681275,positive_frontier_and_boundary,True,False,False,False,False,False,272
g562_frontier_00000202,26564b448c2f9855d3cf3433e6d8c7b63b080189fb7a85be9df1d6faa7b721ce,validation,g559-synth-warehouse-a-32,warehouse,128,8162,2000,3,61,0,-0.0575284090899999,0.2426609848500001,1.30018939394,positive_frontier_and_boundary,True,False,False,False,False,False,273
g562_frontier_00000107,149caa7139b695f848f7caaa91f3b0cdbe64cfcdd19da65aef578e5dd2e866e3,validation,maze-36-32-4,maze,32,7439,5000,10,52,0,-0.035714285709999904,0.26428571429000014,1.3,positive_frontier_and_boundary,True,False,False,False,False,False,274
g562_frontier_00000318,3ea6fd680ef9ac1a6a11b88ba0387049457ea8ca2def4b837f15d9f6a6764236,train,room-32-32-4,room,64,7968,500,12,51,0,-0.04222408027000002,0.25501672239999995,1.29724080267,positive_frontier_and_boundary,True,False,False,False,False,False,275
g562_frontier_00000270,34e85b54839d3eeeb2dc200319029dc5074a0b7cc0ed767cfe9dd595ad39a440,train,room-32-32-4,room,64,7848,500,14,49,0,-0.055835432409999886,0.24013434089000008,1.2959697733,positive_frontier_and_boundary,True,False,False,False,False,False,276
g562_frontier_00000431,5691752fba29070b8d63141953940bf04b5b04e163ddd2a92ae286fb173ad654,train,g559-synth-game-brc-32,game,32,8843,5000,20,44,0,-0.07263064658999996,0.22320637733000015,1.29583702392,positive_frontier_and_boundary,True,False,False,False,False,False,277
g562_frontier_00000254,313868a2efceb60bc4c74a691a90e553b0c048f66b2e45acd0195c20223a43f3,train,g559-synth-loop-chain-36,irregular_bottleneck,64,8574,2000,4,60,0,-0.04117647058999996,0.2505882352900002,1.2917647058800001,positive_frontier_and_boundary,True,False,False,False,False,False,278
g562_frontier_00000125,17a1e738716b17f85ac56af6869e6440a93217d18703ca864ba0eff151cb22dc,validation,empty-16-16,empty,32,7577,1000,22,40,0,-0.05903398927000003,0.23255813953000004,1.2915921288,positive_frontier_and_boundary,True,False,False,False,False,False,279
g562_frontier_00000156,1cea2b04eec665e13002abd0771eb8054804baa222a11d9e5a22353ce8dbdf14,train,room-32-32-4,room,64,7896,500,41,23,0,-0.08325991188999993,0.20792951542000004,1.29118942731,positive_frontier_and_boundary,True,False,False,False,False,False,280
g562_frontier_00000103,1460b130b08014b22c121b30b880120f990e7fdcbe16b84a914fecab9a05fdb9,train,g559-synth-corners-34,irregular_bottleneck,32,7613,1000,21,43,0,-0.07308160779000006,0.2180267965899998,1.2911084043799999,positive_frontier_and_boundary,True,False,False,False,False,False,281
g562_frontier_00000048,0a6ca1128dd872e130b4d8eae1c04ea8dc251d3ab75b5d856e8d52228b934b2c,train,empty-32-32,empty,64,8082,2000,27,37,0,-0.03761283852000008,0.25175526578999996,1.28936810431,positive_frontier_and_boundary,True,False,False,False,False,False,282
g562_frontier_00000093,11b8b26a8c2781f11ace55348037ffb19f5beae7929779cb3d013d1e75e8f762,validation,g559-synth-warehouse-a-32,warehouse,128,8810,2000,14,50,0,-0.06809406809999996,0.21902421902000002,1.28711828712,positive_frontier_and_boundary,True,False,False,False,False,False,283
g562_frontier_00000209,27b2ef91e15f652fb5904c27d99bd51511c431b6855d1d21aed39bf5a8c404e3,validation,g559-synth-game-den-32,game,16,8746,2000,34,28,0,-0.03553299492000006,0.25042301183999993,1.28595600676,positive_frontier_and_boundary,True,False,False,False,False,False,284
g562_frontier_00000218,294f0062464bbdb09a7ac1adba5e4fb36256f8f09352dc805fcf476159307f22,train,g559-synth-tunnel-38,irregular_bottleneck,96,8335,5000,7,57,0,-0.05099502486999996,0.23383084578000002,1.28482587065,positive_frontier_and_boundary,True,False,False,False,False,False,285
g562_frontier_00000253,312fbed8fdd937b3f5362db414255dab31e0cb7fea94bd4780648c43f0ac0875,validation,g559-synth-game-den-32,game,16,7330,2000,6,55,0,-0.011235955059999858,0.27247191010999994,1.2837078651699998,positive_frontier_and_boundary,True,False,False,False,False,False,286
g562_frontier_00000041,0859c6bd34c46b0020882a1b947164845da0f4356ef4b00860fc338346920f54,train,room-40-32-8,room,96,7897,1000,30,33,0,-0.08178752107999987,0.19955030916000016,1.28133783024,positive_frontier_and_boundary,True,False,False,False,False,False,287
g562_frontier_00000347,45fed75acbca31ce939d8043c97830a69db9a85b6341742fba2f75610d4285bc,train,random-32-32-10,random,128,7340,500,5,59,0,-0.02093107180999998,0.25658607001,1.27751714182,positive_frontier_and_boundary,True,False,False,False,False,False,288
g562_frontier_00000330,41c55491098eb51796994541d16b13ceb649a156d77135f6a57a35c45af8eb8f,validation,maze-36-32-4,maze,32,7727,5000,30,33,0,-0.05522682444999982,0.22189349113000012,1.27712031558,positive_frontier_and_boundary,True,False,False,False,False,False,289
g562_frontier_00000375,4b94eee2679fdddd81d96e6da70d6e9da6005d35fa53b37398efc9290bad4beb,validation,maze-36-32-4,maze,32,8759,5000,6,56,0,-0.027881040890000097,0.24907063197,1.27695167286,positive_frontier_and_boundary,True,False,False,False,False,False,290
g562_frontier_00000240,2e6016cfe81e7da4e8485c646d79a7e28a3b430fb263bbcd6a0559c1d8744f08,validation,empty-16-16,empty,32,7241,1000,22,42,0,-0.08300395256999993,0.19367588933000013,1.2766798419,positive_frontier_and_boundary,True,False,False,False,False,False,291
g562_frontier_00000187,220a34e42e32ad2a1bcc4300ab130939dd9ab3ea24b9a00caf21389ab95be946,train,g559-synth-corners-34,irregular_bottleneck,32,8669,1000,53,11,0,-0.13647642680000005,0.13895781637999982,1.2754342431799999,positive_frontier_and_boundary,True,False,False,False,False,False,292
g562_frontier_00000478,61c782cf6b7e5c27332fecef91586038f6940accf4f61ae1b57a1bca6ec9da5f,validation,maze-36-32-4,maze,32,7607,5000,24,40,0,-0.050814956859999816,0.22339405561000003,1.2742090124699998,positive_frontier_and_boundary,True,False,False,False,False,False,293
g562_frontier_00000476,6122aa7eaa280ef2b9106fa527835a3407cee25d6cd530d5ca7d6b8880fdb924,train,room-32-32-4,room,64,8688,500,30,34,0,-0.05770046669999984,0.21595248197000005,1.27365294867,positive_frontier_and_boundary,True,False,False,False,False,False,294
g562_frontier_00000258,31c08890ab15a0fb90cf4053beaf8c04ac332091da0bf7acb522c86b3b3a0e88,train,g559-synth-corners-34,irregular_bottleneck,32,7349,1000,9,54,0,-0.040094339619999975,0.23113207546999992,1.27122641509,positive_frontier_and_boundary,True,False,False,False,False,False,295
g562_frontier_00000482,6278a5dde00eb9d53264a14e3377709f1478e88a45277779b2c9ae1551457d68,validation,maze-36-32-4,maze,32,7775,5000,21,43,0,-0.04308093994000006,0.22584856397000008,1.2689295039100001,positive_frontier_and_boundary,True,False,False,False,False,False,296
g562_frontier_00000095,1243a82a31181c5dc83f2cde658d4c221db40b148fb8a9087d97a0de93209520,validation,empty-16-16,empty,32,7457,1000,54,10,0,-0.11195445920000013,0.15370018975999988,1.26565464896,positive_frontier_and_boundary,True,False,False,False,False,False,297
g562_frontier_00000152,1c9046fd9cea7a9a5f7ecbf403f19cb7283f70560778fbf338dec3476e65c071,validation,maze-36-32-4,maze,32,8207,5000,31,33,0,-0.06767586821000005,0.19679430097999995,1.26447016919,positive_frontier_and_boundary,True,False,False,False,False,False,298
g562_frontier_00000102,144ed4abdf29bbc9342e22b13e5949e82bd36c7f0e9cb9bd21f6a700678ed0b8,validation,empty-16-16,empty,32,8825,1000,1,63,0,-0.02102102101999992,0.24324324324000002,1.26426426426,positive_frontier_and_boundary,True,False,False,False,False,False,299
g562_frontier_00000393,4f6c911f9d18e62bcef14cb8aa37ecbd4a462880af673b23b745e3078fda14db,validation,empty-16-16,empty,32,7889,1000,37,25,0,-0.10943396226000002,0.15471698113,1.26415094339,positive_frontier_and_boundary,True,False,False,False,False,False,300
g562_frontier_00000289,39601eafb6c4cdcd6cd4a4fae0e5b943d46dcc37762730a6658983228916df60,train,g559-synth-connector-32,irregular_bottleneck,16,7084,500,28,30,0,-0.04568527918999998,0.21827411167,1.26395939086,positive_frontier_and_boundary,True,False,False,False,False,False,301
g562_frontier_00000177,2032fa3615ecde18575bab8e06822f57b483b236195beb30c0db1463d9280c15,train,g559-synth-corners-34,irregular_bottleneck,32,7469,1000,24,40,0,-0.06038647343000014,0.20289855072000007,1.2632850241500002,positive_frontier_and_boundary,True,False,False,False,False,False,302
g562_frontier_00000252,3108c88b2a02deaed92f9b28e62e8183e2df505a494fb376428f9c4de889bc59,train,empty-32-32,empty,64,8274,2000,13,51,0,-0.030038759690000028,0.23158914729000002,1.26162790698,positive_frontier_and_boundary,True,False,False,False,False,False,303
g562_frontier_00000213,2830f2b33524a1258665140faf35c39010fa1b92bcae7dd3ecf29b820d9d5732,train,g559-synth-connector-32,irregular_bottleneck,16,7036,500,4,59,0,-0.007334963320000165,0.2542787286099999,1.26161369193,positive_frontier_and_boundary,True,False,False,False,False,False,304
g562_frontier_00000047,0a631d1342595f9f0f510fd6a9ace4db7ea0a5f53d69c8a808d349f5c58378ca,train,empty-32-32,empty,64,7626,2000,32,32,0,-0.027898027899999844,0.23232323233000018,1.26022126023,positive_frontier_and_boundary,True,False,False,False,False,False,305
g562_frontier_00000173,1fd543a0dbe6fc8026638029a0a023efac50a65fb18aec784464605f28103314,train,g559-synth-game-brc-32,game,32,8291,5000,30,34,0,-0.05541561711999998,0.20403022671000004,1.25944584383,positive_frontier_and_boundary,True,False,False,False,False,False,306
g562_frontier_00000339,43f7aa8eabb4300bb795b30b8a54193508c21ab70a3060a97eed403d3db80d36,train,g559-synth-connector-32,irregular_bottleneck,16,7924,500,5,59,0,-0.030864197530000137,0.2283950617299999,1.25925925926,positive_frontier_and_boundary,True,False,False,False,False,False,307
g562_frontier_00000439,58a0a695becece9c37f25ba5131f8d380d2cb89adb87a6aa4e22ef943e8d9309,train,g559-synth-connector-32,irregular_bottleneck,16,8668,500,21,43,0,-0.05600000000000005,0.20266666666999988,1.25866666667,positive_frontier_and_boundary,True,False,False,False,False,False,308
g562_frontier_00000092,11a1cfb2d84b56a72132ce123a0491c1ab0a9a5f5c323f409f4582ff9c5d496d,train,g559-synth-corners-34,irregular_bottleneck,32,8309,1000,28,35,0,-0.09999999999999987,0.15749999999999997,1.2574999999999998,positive_frontier_and_boundary,True,False,False,False,False,False,309
g562_frontier_00000127,18008e6899350b99154b49eb4b10b18ea4d99583593d903a70a9f29a851ffd30,validation,g559-synth-game-den-32,game,16,7522,2000,23,40,0,-0.07414104883000006,0.1826401446599999,1.25678119349,positive_frontier_and_boundary,True,False,False,False,False,False,310
g562_frontier_00000484,631dce72d082923c4f50129225f2a22036c5b7e41665b3e6d20218aac947bb01,train,g559-synth-city-boston-32,city,96,8125,1000,26,38,0,-0.05874840357000011,0.19710515112999993,1.2558535547,positive_frontier_and_boundary,True,False,False,False,False,False,311
g562_frontier_00000176,202e067fb898515e09c877b6de28a649fe127b99fd37159609816ca8b380ab39,train,g559-synth-corners-34,irregular_bottleneck,32,8045,1000,18,46,0,-0.04801324503000015,0.20695364239000003,1.2549668874200002,positive_frontier_and_boundary,True,False,False,False,False,False,312
g562_frontier_00000462,5ed5b3e7c5e74be37dc85765cb5ad1fa599bba73eaf4c1b275903da49e7d29f2,validation,empty-16-16,empty,32,8633,1000,11,52,0,-0.037181996079999946,0.21722113502999996,1.25440313111,positive_frontier_and_boundary,True,False,False,False,False,False,313
g562_frontier_00000362,48a199b5dbc60ffea75591e6587690b2e5eab4e2a7c6d534a1b2f6393b534a2d,train,g559-synth-game-brc-32,game,32,8075,5000,17,46,0,-0.044642857139999936,0.20870535713999994,1.2533482142799999,positive_frontier_and_boundary,True,False,False,False,False,False,314
g562_frontier_00000034,06d72a5ab93252cb3acc4efcef42a234f0f9a186f73030e02569d46b8feef4cb,validation,g559-synth-game-den-32,game,16,8362,2000,26,36,0,-0.03886925795000007,0.21378091872999994,1.25265017668,positive_frontier_and_boundary,True,False,False,False,False,False,315
g562_frontier_00000370,4a7246f0a8f6e98e3b47f397121f051c5629636df23050aa1810355606831c36,validation,maze-36-32-4,maze,32,7319,5000,20,44,0,-0.06825938567,0.18430034128999995,1.25255972696,positive_frontier_and_boundary,True,False,False,False,False,False,316
g562_frontier_00000097,12607bd789469b42532712b8f1ca3a6e55aa2d2318856151175e6e2beb54ff8d,train,g559-synth-game-brc-32,game,32,8195,5000,25,38,0,-0.08510638298000006,0.16645807259,1.25156445557,positive_frontier_and_boundary,True,False,False,False,False,False,317
g562_frontier_00000360,486267af7176eca60555807a73ff9b492ea94ce40adc5bd02e56b8632f24d83a,train,g559-synth-game-brc-32,game,32,8267,5000,13,51,0,-0.020460358060000017,0.23017902813000002,1.25063938619,positive_frontier_and_boundary,True,False,False,False,False,False,318
g562_frontier_00000335,430632fc46c57d530b2556791f94a3e03345bbeac55cbfd6a03710a46f5e1dc7,train,empty-32-32,empty,64,7674,2000,14,50,0,-0.03434343433999998,0.2131313131300001,1.24747474747,positive_frontier_and_boundary,True,False,False,False,False,False,319
g562_frontier_00000071,0db008cde44bf5d54b9773c0e8e59d197024ffe32d3a4950d4ca97b725066bf3,validation,g559-synth-game-den-32,game,16,8218,2000,28,33,0,-0.0987654321,0.14814814815,1.24691358025,positive_frontier_and_boundary,True,False,False,False,False,False,320
g562_frontier_00000294,3acc268ad7377a5e2f74fcb3e329f2fcc90095da411c1134f98af060261df1e9,train,g559-synth-corners-34,irregular_bottleneck,32,8069,1000,24,39,0,-0.0394088669999999,0.2068965517200001,1.24630541872,positive_frontier_and_boundary,True,False,False,False,False,False,321
g562_frontier_00000130,1847b0ce50520ab00d083831ac96384fa8380b7aa8a16f3cfc06ebf0332c26f1,train,g559-synth-connector-32,irregular_bottleneck,16,8164,500,16,45,0,-0.06707317073000008,0.17682926829000012,1.2439024390200002,positive_frontier_and_boundary,True,False,False,False,False,False,322
g562_frontier_00000085,103122a99bf32ae1b3be23379886c95131a2b5bf7d682463f9b0a6143cad8457,validation,g559-synth-game-den-32,game,16,8002,2000,31,32,0,-0.046875,0.19618055556000003,1.24305555556,positive_frontier_and_boundary,True,False,False,False,False,False,323
g562_frontier_00000126,17e6ee2beeb2489fc8cd97892fe55e36255f03fcfaf8d8052443712e6e82c921,train,g559-synth-connector-32,irregular_bottleneck,16,8524,500,19,35,0,-0.07471264368000008,0.16666666666999985,1.24137931035,positive_frontier_and_boundary,True,False,False,False,False,False,324
g562_frontier_00000196,249ac7a3915e44af10cc200753d63ad9296434046198496f18a8046cadd48cb5,train,g559-synth-loop-chain-36,irregular_bottleneck,64,8070,2000,24,40,0,-0.06972928629999986,0.17145200984000009,1.24118129614,positive_frontier_and_boundary,True,False,False,False,False,False,325
g562_frontier_00000314,3e111c8e06d775e3ba588f8d3c925ce94628401dc0e4610a9313268b21d49eb8,train,g559-synth-connector-32,irregular_bottleneck,16,8836,500,40,23,0,-0.08785529715999996,0.15245478036000004,1.24031007752,positive_frontier_and_boundary,True,False,False,False,False,False,326
g562_frontier_00000395,50677a945e56d09d7e6fe236bbe70feb264975a5edc986856518fed7391008ed,train,room-40-32-8,room,96,8137,1000,9,55,0,-0.04423380727000015,0.19562927857,1.2398630858400002,positive_frontier_and_boundary,True,False,False,False,False,False,327
g562_frontier_00000436,5786546e1d6395cbcd71069af3f011ae0851a2407563ab0b6fb06a72041e4daa,validation,empty-16-16,empty,32,7673,1000,26,38,0,-0.08365019011999997,0.15589353612,1.23954372624,positive_frontier_and_boundary,True,False,False,False,False,False,328
g562_frontier_00000207,2764371bb6d219a80b21bcde5eb8dd59a62129702028015285569949cd6d91c3,validation,empty-16-16,empty,32,8657,1000,14,45,0,-0.022403258650000035,0.21588594705000008,1.2382892057000001,positive_frontier_and_boundary,True,False,False,False,False,False,329
g562_frontier_00000094,1223379e38baef9929d20371c13cbb41ef55b69b66efcbdd9791a3027d3318c5,validation,maze-36-32-4,maze,32,7391,5000,18,46,0,-0.06244424621000011,0.17573595003999998,1.23818019625,positive_frontier_and_boundary,True,False,False,False,False,False,330
g562_frontier_00000201,262415f08e1452a419ce443c6e0ead531407fd87f1c142568bf0c919b9ed0024,train,empty-32-32,empty,64,8178,2000,10,54,0,-0.027669902910000044,0.20970873786,1.23737864077,positive_frontier_and_boundary,True,False,False,False,False,False,331
g562_frontier_00000244,2eb2c2845d3efd4294d8f17c4b53f2121430742b8506e249473adae2a50b2eb9,train,g559-synth-loop-chain-36,irregular_bottleneck,64,8814,2000,19,45,0,-0.07577639751999987,0.16149068323000004,1.23726708075,positive_frontier_and_boundary,True,False,False,False,False,False,332
g562_frontier_00000210,27b472d41e733d01ddc90cf85c980f430241f6f9e7867ab11b17a28361be94dc,train,g559-synth-connector-32,irregular_bottleneck,16,7444,500,27,35,0,-0.050561797749999915,0.1853932584300002,1.2359550561800001,positive_frontier_and_boundary,True,False,False,False,False,False,333
g562_frontier_00000348,46050f345c8cbddfafd2d758bc27c6db58633392b2c8bf10dadc9067c7757d87,train,empty-32-32,empty,64,8394,2000,6,58,0,-0.028301886790000008,0.20754716982,1.23584905661,positive_frontier_and_boundary,True,False,False,False,False,False,334
g562_frontier_00000100,137b2abcc9662f5700212efd2036ff6cdd039fa90b9d52a9246b48742ea903cb,train,g559-synth-connector-32,irregular_bottleneck,16,7708,500,58,5,0,-0.15762273902,0.07751937984000001,1.23514211886,positive_frontier_and_boundary,True,False,False,False,False,False,335
g562_frontier_00000467,602c62dfa10a3c4e4ca4328b1de08e811efc5aca4a1f645a3a36e9d864f4242e,train,g559-synth-connector-32,irregular_bottleneck,16,8284,500,16,40,0,-0.049751243780000065,0.18407960198999995,1.23383084577,positive_frontier_and_boundary,True,False,False,False,False,False,336
g562_frontier_00000422,558e028e1820ad92b106c3486c8740f775604b6d72699ccfafa0df6a16bbb4ac,train,room-40-32-8,room,96,8233,1000,29,34,0,-0.10140323007000007,0.13132115435999991,1.23272438443,positive_frontier_and_boundary,True,False,False,False,False,False,337
g562_frontier_00000389,4eae23df034d752e287e2948f9e807da82c2df34c46d6d8c975ba2360525ff4d,validation,g559-synth-game-den-32,game,16,8050,2000,3,61,0,-0.0065934065999999625,0.22197802197000005,1.22857142857,positive_frontier_and_boundary,True,False,False,False,False,False,338
g562_frontier_00000344,45108d69d9ab1c74d4dc4eeaf92e98e0146d18c82a53ed17d9d843972f3c34c8,train,g559-synth-connector-32,irregular_bottleneck,16,7684,500,24,30,0,-0.08139534882999988,0.14534883721000003,1.22674418604,positive_frontier_and_boundary,True,False,False,False,False,False,339
g562_frontier_00000247,2fda584de288eff025d68b730e289bfda38873f686c6a80551b045a110342956,train,g559-synth-loop-chain-36,irregular_bottleneck,64,8430,2000,1,63,0,-0.014591439689999985,0.2120622567999999,1.22665369649,positive_frontier_and_boundary,True,False,False,False,False,False,340
g562_frontier_00000326,3fd3c3203f7171932ef92196bf2439286860c58aaefadb97ea933da0f1db6c01,train,g559-synth-connector-32,irregular_bottleneck,16,7732,500,22,42,0,-0.04566210045000019,0.1803652968099998,1.22602739726,positive_frontier_and_boundary,True,False,False,False,False,False,341
g562_frontier_00000382,4ca680701fbdfd8a9f525a03cdbd7c4ab4abda796c52194d459ae13ee8532407,train,g559-synth-game-brc-32,game,32,8003,5000,25,39,0,-0.04324801411999979,0.1809355692900001,1.2241835834099999,positive_frontier_and_boundary,True,False,False,False,False,False,342
g562_frontier_00000380,4c757f51d6f88cf19870dba094d8a994b4905d0c53b204ffa1d1ecb92b573f40,train,room-32-32-4,room,64,8928,500,39,24,0,-0.058297872339999834,0.16553191489000008,1.22382978723,positive_frontier_and_boundary,True,False,False,False,False,False,343
g562_frontier_00000236,2d55dd3d5466cd9fcf65d7d6ea00475066381d622bcaed94a4bc85395153acf7,validation,maze-36-32-4,maze,32,7655,5000,23,40,0,-0.03664921465999993,0.18717277487000006,1.22382198953,positive_frontier_and_boundary,True,False,False,False,False,False,344
g562_frontier_00000474,61085ec8639a8488ca2e857c02341c87fc3095c9e0a295ec91eff097797cca52,validation,g559-synth-game-den-32,game,16,8914,2000,13,45,0,-0.03899721448000015,0.18384401114999993,1.22284122563,positive_frontier_and_boundary,True,False,False,False,False,False,345
g562_frontier_00000144,1b5ae25f336e78ac9084970d5b16103d012946350b2d3a1fce045cfd772f25f5,train,g559-synth-corners-34,irregular_bottleneck,32,7445,1000,27,37,0,-0.04356435644000012,0.1782178217799999,1.22178217822,positive_frontier_and_boundary,True,False,False,False,False,False,346
g562_frontier_00000260,31da34af474f592d676342b01023ef99cfa52db4467fc9c5b1caee460197e4a2,train,g559-synth-connector-32,irregular_bottleneck,16,7204,500,25,34,0,-0.0965909090899999,0.125,1.22159090909,positive_frontier_and_boundary,True,False,False,False,False,False,347
g562_frontier_00000082,0f894ede59230cbece2d9bf03c2835f851875c72b7b9d9d21e455941268b50bc,validation,empty-16-16,empty,32,8105,1000,35,26,0,-0.07012987012999994,0.15064935064999996,1.22077922078,positive_frontier_and_boundary,True,False,False,False,False,False,348
g562_frontier_00000432,56d99e82e2ebf5120fd7f8c27817c4a758e9995b3b7261c0296b52f02a36fc55,train,random-32-32-10,random,128,8900,500,12,49,0,-0.027087198510000077,0.19332096475000005,1.2204081632600001,positive_frontier_and_boundary,True,False,False,False,False,False,349
g562_frontier_00000306,3c857af20b6226b5f4a15f92fc521f3398e2dbb482e30216ffd77331c9fbe75f,train,g559-synth-corners-34,irregular_bottleneck,32,7565,1000,49,14,0,-0.09037328094999997,0.12966601178000015,1.2200392927300001,positive_frontier_and_boundary,True,False,False,False,False,False,350
g562_frontier_00000115,1643e01cc04f29e50e9d538828827bc99b6b93f515b06760a01cb2dbab69c214,train,g559-synth-game-brc-32,game,32,8483,5000,16,48,0,-0.028144239219999978,0.18997361477999997,1.218117854,positive_frontier_and_boundary,True,False,False,False,False,False,351
g562_frontier_00000434,573e131d97a33594e18f912408eaa4a644567929ccc69258e7d1c17a1d6e568f,train,room-32-32-4,room,64,8160,500,15,49,0,-0.04910179640000001,0.16886227545,1.21796407185,positive_frontier_and_boundary,True,False,False,False,False,False,352
g562_frontier_00000029,05c404a618e848184d49702b943b6a4a1d4e36b8370c7b69a57633bbc78d8fd4,train,empty-32-32,empty,64,7842,2000,6,58,0,-0.006628787879999987,0.21070075758000018,1.2173295454600002,positive_frontier_and_boundary,True,False,False,False,False,False,353
g562_frontier_00000009,0244a74454cd672d1feed82d2a9031bb33f37992134b44b942c30ab4cce30a49,train,empty-32-32,empty,64,8850,2000,21,43,0,-0.022239263809999965,0.1940184049,1.21625766871,positive_frontier_and_boundary,True,False,False,False,False,False,354
g562_frontier_00000189,22209c5955b8e9bb432aa91a9b93c5dde1f3de7969892c72fb94f48752102098,train,g559-synth-connector-32,irregular_bottleneck,16,8644,500,28,30,0,-0.04210526316000007,0.17368421052999983,1.21578947369,positive_frontier_and_boundary,True,False,False,False,False,False,355
g562_frontier_00000285,38dbec1db0b9d004d766eb1357a8a58e3b0e02f6dbc2beb7ab731876222300e5,train,g559-synth-connector-32,irregular_bottleneck,16,8092,500,23,40,0,-0.06199460916999988,0.15363881401,1.21563342318,positive_frontier_and_boundary,True,False,False,False,False,False,356
g562_frontier_00000057,0be47375e004251a49f20fdc1affbbd117985a81bdfbbe7ef821a9e499b014c7,train,g559-synth-corners-34,irregular_bottleneck,32,7949,1000,6,58,0,-0.030898876409999998,0.18258426965999996,1.21348314607,positive_frontier_and_boundary,True,False,False,False,False,False,357
g562_frontier_00000153,1c9e913d34b0cf4c5b32c5f46aa5e515c73e401d6f4bce38fe27ffb1cbbb2bc2,train,g559-synth-city-boston-32,city,96,7285,1000,21,43,0,-0.045433472420000065,0.16736207695999994,1.21279554938,positive_frontier_and_boundary,True,False,False,False,False,False,358
g562_frontier_00000049,0a866f34f365a76bb35e487bddb9dedf394e09cd99e9964cc8ed8d0770c5cb89,train,empty-32-32,empty,64,8106,2000,12,51,0,-0.031090487239999964,0.18143851507999997,1.21252900232,positive_frontier_and_boundary,True,False,False,False,False,False,359
g562_frontier_00000502,650c7edc2d7da931fdb114b9bc8a0ea5d5d4cc89da4ca4b1251cf76bc3be4651,train,empty-32-32,empty,64,7962,2000,21,43,0,-0.04145854145999994,0.17032967033000013,1.21178821179,positive_frontier_and_boundary,True,False,False,False,False,False,360
g562_frontier_00000271,34fefb4130553efbddace1b5b358ea30dd8eba5af165f729bc628afddada7d88,train,g559-synth-connector-32,irregular_bottleneck,16,8068,500,15,48,0,-0.0508905852399999,0.16030534351000014,1.21119592875,positive_frontier_and_boundary,True,False,False,False,False,False,361
g562_frontier_00000328,40b6be2581c7433e18fa786c62c472c8d8dcf6bf73cd95583a360329af3bf3dc,train,room-40-32-8,room,96,8881,1000,3,61,0,-0.01233919664000016,0.19795221843,1.2102914150700002,positive_frontier_and_boundary,True,False,False,False,False,False,362
g562_frontier_00000188,220e1a00a5b0f3efc8ae7da9dcfc635be16666d295c421574d3ae81eea426a83,validation,empty-16-16,empty,32,8465,1000,4,60,0,-0.012594458439999956,0.19647355164000002,1.20906801008,positive_frontier_and_boundary,True,False,False,False,False,False,363
g562_frontier_00000391,4eee40b21ddb282825c77ddcf0945c88841066c01ee360145d1f6dec85def280,train,empty-32-32,empty,64,7314,2000,14,49,0,-0.03476669717000003,0.17383348581000013,1.2086001829800002,positive_frontier_and_boundary,True,False,False,False,False,False,364
g562_frontier_00000181,211e8ac7b9d86b8109e1712daab8cfa79bd1fb557e37028372e4e66144352faf,train,empty-32-32,empty,64,7122,2000,16,48,0,-0.014148790499999953,0.19443176631999992,1.2085805568199999,positive_frontier_and_boundary,True,False,False,False,False,False,365
g562_frontier_00000013,03850c6033fbe3b8fc08f60ab04c55210eb9dbc1a3743974fd92307a5e7a3d77,train,g559-synth-connector-32,irregular_bottleneck,16,8716,500,10,53,0,-0.04265402843999988,0.16587677725000005,1.20853080569,positive_frontier_and_boundary,True,False,False,False,False,False,366
g562_frontier_00000403,51fe7e8aa44095311c16a2e7dec7e4be0c5d0231011fad0b0210544dd8fbd5da,validation,maze-36-32-4,maze,32,8423,5000,21,42,0,-0.08357075024000005,0.12440645773999992,1.20797720798,positive_frontier_and_boundary,True,False,False,False,False,False,367
g562_frontier_00000157,1cee3438f1e70bbae1f672d6134b5900941587fb9e3009073c5836c8865bb6fe,validation,maze-32-32-2,maze,16,7030,2000,25,38,0,-0.05907626207999983,0.14822771213999997,1.2073039742199998,positive_frontier_and_boundary,True,False,False,False,False,False,368
g562_frontier_00000212,27dea93e8e6d38765a24f631cbc979485ada17f74a9c948718fb0ce75416f3a4,validation,maze-36-32-4,maze,32,8663,5000,12,51,0,-0.0369415807600002,0.1701030927799998,1.20704467354,positive_frontier_and_boundary,True,False,False,False,False,False,369
g562_frontier_00000182,21335be0f14b4c201191ba624b38781cd7abf751f0e12307daa2d67ea457608e,train,room-32-32-4,room,64,8640,500,16,48,0,-0.022442244220000074,0.18283828383,1.20528052805,positive_frontier_and_boundary,True,False,False,False,False,False,370
g562_frontier_00000497,648dfecbceeca2cf620838c99622aa26919554780584b59e110fcef0090cd518,train,g559-synth-connector-32,irregular_bottleneck,16,7492,500,54,9,0,-0.12807881774000007,0.07635467979999988,1.20443349754,positive_frontier_and_boundary,True,False,False,False,False,False,371
g562_frontier_00000016,03e5b60f62e58c7ff259866734d1d074e6d8eab9a6784be5abda1258ec9831b5,validation,g559-synth-game-den-32,game,16,8626,2000,30,34,0,-0.06622516556000013,0.13741721855,1.2036423841100001,positive_frontier_and_boundary,True,False,False,False,False,False,372
g562_frontier_00000303,3bd5acb499e835806211b687d4998601e46516361945f501af709b1d73406269,validation,maze-36-32-4,maze,32,7487,5000,24,39,0,-0.049165935029999996,0.15364354696999993,1.202809482,positive_frontier_and_boundary,True,False,False,False,False,False,373
g562_frontier_00000290,39ba9ad02e374f45295750464777d026404be9cc822b1d0def9e9703ef2f43ae,train,g559-synth-connector-32,irregular_bottleneck,16,8932,500,12,52,0,-0.043715847000000085,0.15846994535000003,1.2021857923500001,positive_frontier_and_boundary,True,False,False,False,False,False,374
g562_frontier_00000341,444f93b01185c1041601f6267b49a5fb8bfb7a36aa8dcbc551ae14e4e20b07ef,validation,maze-36-32-4,maze,32,7919,5000,3,61,0,-0.027874564459999807,0.17421602788,1.2020905923399998,positive_frontier_and_boundary,True,False,False,False,False,False,375
g562_frontier_00000012,037135fbddc3b1474459a08fa686b4f96c4471323cbbde32068a78783b07121d,validation,maze-36-32-4,maze,32,7847,5000,30,34,0,-0.05134899913000002,0.14969538729999998,1.20104438643,positive_frontier_and_boundary,True,False,False,False,False,False,376
g562_frontier_00000119,1702d23ed8920aef2be54715cf47980786cb1c71bf85c717eb7c3d4d9c87f073,train,empty-32-32,empty,64,7746,2000,9,55,0,-0.015122873339999954,0.18525519848999994,1.20037807183,positive_frontier_and_boundary,True,False,False,False,False,False,377
g562_frontier_00000063,0c3465dca96918a425610dcbc85150fb5e7c4cdc85020733c1aa1d860728ccc5,train,random-32-32-10,random,128,7940,500,2,62,0,-0.003287070849999907,0.19576333089999998,1.1990504017499999,positive_frontier_and_boundary,True,False,False,False,False,False,378
g562_frontier_00000338,43d0e0e67b961ad4704cecdf45adcc936d54ecdb8bf0bd9acd5d824108bb4e17,train,g559-synth-game-brc-32,game,32,8435,5000,32,31,0,-0.05608591886000003,0.14200477327000005,1.19809069213,positive_frontier_and_boundary,True,False,False,False,False,False,379
g562_frontier_00000199,2572401a74b8ab7bb60fb91f6fdcb4013ce5f906240bad5f648a4657410fbdaf,train,room-32-32-4,room,64,8520,500,9,55,0,-0.021078735269999926,0.17668939864,1.19776813391,positive_frontier_and_boundary,True,False,False,False,False,False,380
g562_frontier_00000191,22778298524d28a4c67c07dc508cd4a0e5406e8bfcc35962e5821d3284c77e90,validation,maze-32-32-2,maze,16,8014,2000,5,59,0,-0.01296596434999997,0.18476499188999984,1.1977309562399998,positive_frontier_and_boundary,True,False,False,False,False,False,381
g562_frontier_00000336,435bfdac859815544e3d0ed4909404e9c3e801319107874cd03e5c6fae556734,train,g559-synth-game-brc-32,game,32,7235,5000,4,60,0,-0.009523809529999872,0.18809523809000006,1.19761904762,positive_frontier_and_boundary,True,False,False,False,False,False,382
g562_frontier_00000256,3169fc74f7697474a2f213479262b0e34139547178e4389c293bf7479de13ffc,validation,maze-36-32-4,maze,32,8135,5000,12,52,0,-0.016971279370000092,0.18015665796000002,1.1971279373300001,positive_frontier_and_boundary,True,False,False,False,False,False,383
g562_frontier_00000266,3444505ea5c8c2b98e0acc9db682c3fab25fac81606fc734afc4b1f53fc79324,validation,g559-synth-game-den-32,game,16,7762,2000,9,53,0,-0.02097902098000004,0.17482517483000004,1.19580419581,positive_frontier_and_boundary,True,False,False,False,False,False,384
g562_frontier_00000061,0c1b2056bacc3a27f0b6f0bd8b012167110c4c781f282c09c02e70cc141ade53,train,g559-synth-connector-32,irregular_bottleneck,16,7852,500,33,30,0,-0.05093833780000012,0.1447721179699999,1.19571045577,positive_frontier_and_boundary,True,False,False,False,False,False,385
g562_frontier_00000158,1d206259f2ac274d3f8bf6e2c6e892aa47957969e11ec7ecfe4568b7d83be176,validation,g559-synth-game-den-32,game,16,8170,2000,10,53,0,-0.028455284560000127,0.16666666666000007,1.1951219512200002,positive_frontier_and_boundary,True,False,False,False,False,False,386
g562_frontier_00000043,09251c3f907dcc289b4c2ad9a97d66ba0ab47ea1e3ec6905ead2aae37ede0d75,train,g559-synth-connector-32,irregular_bottleneck,16,7564,500,14,44,0,-0.0333333333300001,0.1611111111100001,1.1944444444400002,positive_frontier_and_boundary,True,False,False,False,False,False,387
g562_frontier_00000461,5ea591b216a4660f4463fd837c1f6c933d3389939976b7d70fdb91ffcf53aacb,train,empty-32-32,empty,64,7482,2000,37,27,0,-0.05218687872999994,0.14214711729999996,1.19433399603,positive_frontier_and_boundary,True,False,False,False,False,False,388
g562_frontier_00000183,213b196c603552403629b16a47707afcd8491d26945e5abfc5dddc90af43bd67,train,g559-synth-corners-34,irregular_bottleneck,32,7973,1000,27,37,0,-0.05331753553999996,0.14099526067,1.19431279621,positive_frontier_and_boundary,True,False,False,False,False,False,389
g562_frontier_00000129,1824fec2d312625c497b17125d40be4e793f91f68c4929f5fd81aaa3b4567ed6,train,g559-synth-game-brc-32,game,32,8651,5000,7,57,0,-0.008453085380000003,0.18512256972999985,1.1935756551099999,positive_frontier_and_boundary,True,False,False,False,False,False,390
g562_frontier_00000435,574be94c2555f2ef21959b553e37480107781c5d2884e0434d9530019382dcda,train,g559-synth-corners-34,irregular_bottleneck,32,8405,1000,25,36,0,-0.05772811917999987,0.1322160149,1.1899441340799999,positive_frontier_and_boundary,True,False,False,False,False,False,391
g562_frontier_00000197,24ca1fe3821a979f1017c5263d0d80f51d840a47e9c2c01c0e0f977a80740662,validation,maze-36-32-4,maze,32,8279,5000,47,15,0,-0.08818635607000003,0.10149750415999992,1.18968386023,positive_frontier_and_boundary,True,False,False,False,False,False,392
g562_frontier_00000246,2fca98df0036e24bb83c04a427b7543ebac5156aa459c9af9e67f6e9b04a9acb,validation,g559-synth-game-den-32,game,16,7786,2000,27,35,0,-0.0375426621199999,0.15187713309999995,1.1894197952199999,positive_frontier_and_boundary,True,False,False,False,False,False,393
g562_frontier_00000030,05eceb39ddcf744b5ab811843b02b6eb7675d79295da21c0be45385561d633fc,train,empty-32-32,empty,64,7938,2000,9,55,0,-0.014384920629999964,0.17460317461000008,1.18898809524,positive_frontier_and_boundary,True,False,False,False,False,False,394
g562_frontier_00000163,1e473b77d8da17a4bb8a5a192129cf9d1b299010bc5da9bbbc7c2f6953c70565,train,g559-synth-city-boston-32,city,96,8725,1000,12,52,0,-0.03359511343999988,0.15532286213000002,1.18891797557,positive_frontier_and_boundary,True,False,False,False,False,False,395
g562_frontier_00000424,5595d8e7aa46207757621e68a15a74377318ad7f583f3b2ed1c199b14fde8e10,validation,maze-32-32-2,maze,16,7774,2000,28,35,0,-0.03708987160999988,0.15121255349999996,1.1883024251099998,positive_frontier_and_boundary,True,False,False,False,False,False,396
g562_frontier_00000485,6350e1863d0856fb7bb98739527ab697422212da17b568ae7179f8b88584de75,validation,maze-36-32-4,maze,32,8903,5000,18,46,0,-0.03372835004000008,0.15405651777999996,1.18778486782,positive_frontier_and_boundary,True,False,False,False,False,False,397
g562_frontier_00000438,58a09982b3470bb1c250ce2a8666408f949f4656e66b66c40186c469da5ee847,validation,maze-36-32-4,maze,32,7199,5000,33,30,0,-0.07761732851999992,0.1101083032500001,1.18772563177,positive_frontier_and_boundary,True,False,False,False,False,False,398
g562_frontier_00000070,0daa2b61d6223605b1d784c7782c2ce82306d2a8472f3c2f8e2df4ed8b7eb521,train,g559-synth-connector-32,irregular_bottleneck,16,7756,500,4,60,0,-0.007712082259999864,0.1799485861200001,1.18766066838,positive_frontier_and_boundary,True,False,False,False,False,False,399
g562_frontier_00000022,04fa4051d6ea0697bc07352737e85dfc2524bdda86462d9ed0da3f91925d4a13,train,random-32-32-10,random,128,7220,500,8,56,0,-0.012190992210000084,0.17507619370999983,1.18726718592,positive_frontier_and_boundary,True,False,False,False,False,False,400
g562_frontier_00000486,638a59ef19eac8c6de39b72d7ec0c731eb21139d1d42ea47d6d79bd44daa0070,validation,g559-synth-game-den-32,game,16,8434,2000,37,25,0,-0.05063291140000015,0.1360759493599999,1.18670886076,positive_frontier_and_boundary,True,False,False,False,False,False,401
g562_frontier_00000329,41b1f569310b90eaed024c187bedb35ccdcbfb4818f4594d0e226496ca869621,validation,empty-16-16,empty,32,8705,1000,14,50,0,-0.04180064307999998,0.14469453377000008,1.18649517685,positive_frontier_and_boundary,True,False,False,False,False,False,402
g562_frontier_00000386,4d92cddea0973a24001d5eac395095a553d19599896fe5318b2b15254c2dbdea,validation,g559-synth-game-den-32,game,16,8602,2000,27,36,0,-0.02846299809999997,0.15749525617000004,1.18595825427,positive_frontier_and_boundary,True,False,False,False,False,False,403
g562_frontier_00000042,0860eb27b283e5af6ab7eb8fabc85e976d2232d9be7f0b6c7ddd3e1f9ca5ad97,train,g559-synth-corners-34,irregular_bottleneck,32,7901,1000,25,39,0,-0.05476190476000009,0.13095238094999995,1.18571428571,positive_frontier_and_boundary,True,False,False,False,False,False,404
g562_frontier_00000052,0ab3beb999f27843f1f5d56a87078394492dc647d97a1705e630dae481382036,train,g559-synth-connector-32,irregular_bottleneck,16,8692,500,16,45,0,-0.07142857143000003,0.11375661376000012,1.1851851851900002,positive_frontier_and_boundary,True,False,False,False,False,False,405
g562_frontier_00000280,37a9471731bf72b3ebf773151fded53fa7a508ada6d1c05205d12192fe01c15b,validation,g559-synth-game-den-32,game,16,7498,2000,20,43,0,-0.041237113400000025,0.14261168385,1.18384879725,positive_frontier_and_boundary,True,False,False,False,False,False,406
g562_frontier_00000349,4637caa6d2c05bec92db8203dba76c50b330e410cdd913fa0494ebc1ccd42493,train,g559-synth-connector-32,irregular_bottleneck,16,7324,500,14,45,0,-0.03012048192999983,0.15060240964000005,1.1807228915699999,positive_frontier_and_boundary,True,False,False,False,False,False,407
g562_frontier_00000123,176132e665625e6ccaaf21c5cb45941cadb71f5fa7d771686fc12fa0048ed18a,validation,maze-32-32-2,maze,16,7054,2000,24,38,0,-0.05269922879000011,0.12724935731999998,1.17994858611,positive_frontier_and_boundary,True,False,False,False,False,False,408
g562_frontier_00000215,2875740e0453dd6568c813948528ca6b765afdb2350449df7d4e5846c002d041,train,g559-synth-game-brc-32,game,32,8675,5000,13,49,0,-0.02978235967999998,0.1489117983999999,1.1786941580799999,positive_frontier_and_boundary,True,False,False,False,False,False,409
g562_frontier_00000333,42edd430b6ad84dc8dd462584ece4279779132a4df7bbd147195e30261dfc88f,validation,g559-synth-game-den-32,game,16,8554,2000,20,40,0,-0.029333333329999878,0.14933333333999999,1.1786666666699999,positive_frontier_and_boundary,True,False,False,False,False,False,410
g562_frontier_00000217,28c504c737e5de77e8478a681e06eae32e9433d4945963f323db8195ff8398af,validation,maze-36-32-4,maze,32,8183,5000,33,29,0,-0.057675244009999904,0.12067435670000015,1.17834960071,positive_frontier_and_boundary,True,False,False,False,False,False,411
g562_frontier_00000235,2d2be97b66c404aab00d70450abfaf48c8e2878ec2cf6182c2b307ddaef8897f,train,empty-32-32,empty,64,7578,2000,26,37,0,-0.038839494609999914,0.13944782406000011,1.17828731867,positive_frontier_and_boundary,True,False,False,False,False,False,412
g562_frontier_00000465,5fc234a8d1bb14c6ad5726bb177ee6812b8862c000f895a34f62b0e4d2036602,train,empty-32-32,empty,64,8946,2000,10,54,0,-0.027514231499999875,0.15037950664,1.1778937381399999,positive_frontier_and_boundary,True,False,False,False,False,False,413
g562_frontier_00000108,14f8380210eb3c18d958031e2345383d1ed61542b3b3dc4ef2c7bc0dd2a9ab17,validation,maze-36-32-4,maze,32,8927,5000,17,46,0,-0.04553415060999999,0.13222416812000004,1.17775831873,positive_frontier_and_boundary,True,False,False,False,False,False,414
g562_frontier_00000452,5b796b6024348032107f6192c441fc490f621f0aa768e32067d4f5ec4c43a5d1,train,g559-synth-connector-32,irregular_bottleneck,16,8188,500,2,62,0,-0.005115089509999837,0.1713554987200001,1.17647058823,positive_frontier_and_boundary,True,False,False,False,False,False,415
g562_frontier_00000249,303a62c83cfcfe9e94a3c69311f02aed0482e7818c23b4cb102de0b59e057953,train,g559-synth-game-brc-32,game,32,8099,5000,2,61,0,-0.02876480541000004,0.1472081218300001,1.1759729272400001,positive_frontier_and_boundary,True,False,False,False,False,False,416
g562_frontier_00000069,0d7166480761843dc0f11377d2c15b292e6c617eb153a8cd95379ace9b57e021,validation,maze-32-32-2,maze,16,7702,2000,51,12,0,-0.09469696969999997,0.0810606060600001,1.17575757576,positive_frontier_and_boundary,True,False,False,False,False,False,417
g562_frontier_00000053,0b1e30057891b78d88f1568265ea89940544e11f2a9423b6a2585d2afe5d285c,train,empty-32-32,empty,64,7914,2000,46,18,0,-0.06954887217999994,0.10620300752,1.1757518797,positive_frontier_and_boundary,True,False,False,False,False,False,418
g562_frontier_00000019,04e01663ac1b96402c8db69a75990cb450c91692bb6d413a57177adcd605eed8,train,g559-synth-connector-32,irregular_bottleneck,16,8548,500,43,21,0,-0.10817307692,0.06730769231,1.17548076923,positive_frontier_and_boundary,True,False,False,False,False,False,419
g562_frontier_00000229,2c379dc9776a029bbb189cbb089761b67e18a415e7efb5708ace6f9a2e6ed0ac,train,g559-synth-corners-34,irregular_bottleneck,32,8645,1000,24,39,0,-0.02466367712999995,0.15022421523999996,1.17488789237,positive_frontier_and_boundary,True,False,False,False,False,False,420
g562_frontier_00000361,489e376b1b32485e68e257ac47fc93f1bff57e5e10b3a5a9cf4f575178fbfc7c,train,g559-synth-corners-34,irregular_bottleneck,32,7085,1000,13,48,0,-0.03703703703999994,0.1375661375599999,1.1746031745999999,positive_frontier_and_boundary,True,False,False,False,False,False,421
g562_frontier_00000412,541e15d4ba1773da97830792158eabefd513c5b8011df71d7c8920c90d43e3b6,train,room-40-32-8,room,96,7321,1000,5,58,0,-0.029559250459999964,0.14489311164000007,1.1744523621,positive_frontier_and_boundary,True,False,False,False,False,False,422
g562_frontier_00000192,229a6944f40e2e84dcdf2b1614fdd146cff63b43ab3d6dc715ff1a67689893c6,validation,g559-synth-game-den-32,game,16,7234,2000,8,54,0,-0.023411371229999922,0.15050167223999988,1.1739130434699998,positive_frontier_and_boundary,True,False,False,False,False,False,423
g562_frontier_00000324,3f8d3798f35ecfd7c70a6441b42433ee3e3716a7192f55635aff58407cff0643,train,empty-32-32,empty,64,8682,2000,49,15,0,-0.05088062621999989,0.12279843444000016,1.17367906066,positive_frontier_and_boundary,True,False,False,False,False,False,424
g562_frontier_00000008,0200c783089e16be39708e8b5685b366c474262bee093926edf3eff48bbd4699,validation,maze-32-32-2,maze,16,7630,2000,12,50,0,-0.030752916229999983,0.1399787910900001,1.17073170732,positive_frontier_and_boundary,True,False,False,False,False,False,425
g562_frontier_00000483,62df024ae4834bb08f9fc0763a1df1a86efdc561bbddde06742e605a425fb60c,train,room-40-32-8,room,96,7633,1000,41,23,0,-0.07362482369000012,0.0950634696799999,1.16868829337,positive_frontier_and_boundary,True,False,False,False,False,False,426
g562_frontier_00000228,2c0b75e5d5f9fd8d240ed2d4ff3bc6d4d4242c8a116f32f9d484cfcb3d24eb31,train,room-40-32-8,room,96,8977,1000,47,17,0,-0.07007938681000003,0.09827539008999997,1.1683547769,positive_frontier_and_boundary,True,False,False,False,False,False,427
g562_frontier_00000263,33b5d6efe497775e6bca9fee402bb9475bd42edc2197bfb15b4c2c7ecd582b1b,train,g559-synth-connector-32,irregular_bottleneck,16,7252,500,14,48,0,-0.051851851849999964,0.11604938271999998,1.16790123457,positive_frontier_and_boundary,True,False,False,False,False,False,428
g562_frontier_00000277,3747f51aa6894e6219e6b6502464acb4aa08ba6205a954a479cb669f2fe8c6be,train,random-32-32-10,random,128,8540,500,9,55,0,-0.021701085059999903,0.14525726286000018,1.16695834792,positive_frontier_and_boundary,True,False,False,False,False,False,429
g562_frontier_00000122,173c937fb5ec7ff47a0f8f3ba73672b5c815bc061053d5e2303e967e503e6a02,validation,maze-32-32-2,maze,16,7726,2000,38,25,0,-0.07956777995999986,0.08644400786000017,1.16601178782,positive_frontier_and_boundary,True,False,False,False,False,False,430
g562_frontier_00000185,21bfcecf55da3d7ded56aa9e2886f148916b5eb591a8231e81cced282541ae93,train,empty-32-32,empty,64,7362,2000,34,29,0,-0.03320860616999988,0.13189897100000003,1.16510757717,positive_frontier_and_boundary,True,False,False,False,False,False,431
g562_frontier_00000020,04e378c4729deb5a05913fbeca5793471c96df474d4c35f2770677faa03895f2,train,g559-synth-connector-32,irregular_bottleneck,16,7228,500,1,62,0,-0.0024999999999999467,0.16249999999999987,1.1649999999999998,positive_frontier_and_boundary,True,False,False,False,False,False,432
g562_frontier_00000505,6561f1631d8f90ed22c754474df7a5380d02963932d8879f5dafee5522dafcd1,train,g559-synth-connector-32,irregular_bottleneck,16,8884,500,42,22,0,-0.06153846154000009,0.10256410256999993,1.16410256411,positive_frontier_and_boundary,True,False,False,False,False,False,433
g562_frontier_00000025,056c005cdaaa5fcc2c010306bd6764f0d1badf06be3d118c96476240bd954dc6,validation,g559-synth-game-den-32,game,16,7690,2000,35,29,0,-0.03296703297000003,0.12912087912000003,1.16208791209,positive_frontier_and_boundary,True,False,False,False,False,False,434
g562_frontier_00000390,4ee0aea63bba13b836bb67a55471a33accea8ff27606ea543194444b74e37bc3,validation,maze-32-32-2,maze,16,7198,2000,21,43,0,-0.0662650602499999,0.09487951806999995,1.1611445783199998,positive_frontier_and_boundary,True,False,False,False,False,False,435
g562_frontier_00000017,042cd12c8d8fc297ccdcbbf7605c4b396b6a158feb72546183d2a47c500fe7c5,validation,maze-32-32-2,maze,16,7174,2000,22,40,0,-0.04761904762000002,0.11344537815,1.16106442577,positive_frontier_and_boundary,True,False,False,False,False,False,436
g562_frontier_00000443,597b2aaf7b9cc6a11fb48b779e3120e47b9d096f8b4852d9bfccc6310c8480d1,validation,maze-32-32-2,maze,16,8446,2000,7,56,0,-0.013415892669999874,0.14654282766000004,1.15995872033,positive_frontier_and_boundary,True,False,False,False,False,False,437
g562_frontier_00000357,47e89a7c18e17a0de8996a6b93b25dd1e999dac69937e2a0f49d313bcb2b2783,train,room-40-32-8,room,96,8281,1000,45,18,0,-0.06263102724999992,0.09617400420000011,1.15880503145,positive_frontier_and_boundary,True,False,False,False,False,False,438
g562_frontier_00000397,50bb534697e9b1a817e0cc792ba9f059313abd1478a034933bc876ed0a88a1d4,validation,maze-32-32-2,maze,16,8206,2000,21,43,0,-0.03634669152000014,0.12208760483999992,1.15843429636,positive_frontier_and_boundary,True,False,False,False,False,False,439
g562_frontier_00000345,45d2f631c3535469bf99b91fc224153677ab7a4bd5f0b76bae5879a76a401865,train,room-40-32-8,room,96,7537,1000,31,33,0,-0.0618191721100001,0.0964052287599999,1.15822440087,positive_frontier_and_boundary,True,False,False,False,False,False,440
g562_frontier_00000477,6143b8514095bd0a6ff62d73705c59df9a6f9e98fc23f182746ffda8ead3d3e2,validation,maze-32-32-2,maze,16,8662,2000,23,41,0,-0.07002360345999992,0.08811959087999988,1.1581431943399998,positive_frontier_and_boundary,True,False,False,False,False,False,441
g562_frontier_00000281,381a197ba957b4b96ccd727f2f071fc6206441b0fdf3fcf28d5d1207c00b26bd,validation,maze-32-32-2,maze,16,8758,2000,21,43,0,-0.0591216216199999,0.0971283783800001,1.15625,positive_frontier_and_boundary,True,False,False,False,False,False,442
g562_frontier_00000198,25240bf8d5626de196e92246476f3c1973c0c79aa8bfded94eb18930bcff91a7,train,room-40-32-8,room,96,7873,1000,9,55,0,-0.029079616029999977,0.12704686617999994,1.15612648221,positive_frontier_and_boundary,True,False,False,False,False,False,443
g562_frontier_00000015,03d43c1e7346df28866a893a89f24bdc4b8eb745323349faf6de48ed3bbce213,validation,g559-synth-game-den-32,game,16,8890,2000,20,41,0,-0.03621169915999989,0.11977715877000006,1.15598885793,positive_frontier_and_boundary,True,False,False,False,False,False,444
g562_frontier_00000200,2578c55866529c290278643cdcd5addb9dc22f967221f5221512efbcaf31cdf2,train,g559-synth-connector-32,irregular_bottleneck,16,8620,500,10,53,0,-0.027118644059999975,0.12881355933000016,1.1559322033900001,positive_frontier_and_boundary,True,False,False,False,False,False,445
g562_frontier_00000190,2257d52b4d57cdd96ed9ab8034230ba2e91811241c38a8a90e050facc108d34a,validation,maze-32-32-2,maze,16,8542,2000,40,24,0,-0.10336341264000004,0.05086136177,1.15422477441,positive_frontier_and_boundary,True,False,False,False,False,False,446
g562_frontier_00000113,15f564c2d4bfa1e6d77cde2b2048981c4d42ff5be50d1d7f5e34b53d866eb759,validation,maze-32-32-2,maze,16,8254,2000,33,30,0,-0.06345177665000001,0.09010152283999995,1.15355329949,positive_frontier_and_boundary,True,False,False,False,False,False,447
g562_frontier_00000312,3dd4271e80d001d2d13af7782cb6af558fa21f3c293bd703206874e80bf758b7,train,room-40-32-8,room,96,8185,1000,50,13,0,-0.08968609864999988,0.06315396114000005,1.15284005979,positive_frontier_and_boundary,True,False,False,False,False,False,448
g562_frontier_00000168,1ee6eb0dc33092725250de2944e51278c07b057a171b18e165015257be194877,validation,maze-32-32-2,maze,16,7150,2000,32,30,0,-0.05030891437999996,0.10238305384000013,1.15269196822,positive_frontier_and_boundary,True,False,False,False,False,False,449
g562_frontier_00000221,2afaf9560f7a80d1508a2b9c7b7451d42f449b996d795350fa0dc2f1b08eaf81,train,g559-synth-connector-32,irregular_bottleneck,16,7900,500,1,60,0,-0.01607717042000001,0.13504823151000012,1.1511254019300001,positive_frontier_and_boundary,True,False,False,False,False,False,450
g562_frontier_00000179,20bc014cac4bb327a5e405559df369280903e5069dd48bd52db833af905b73c4,train,g559-synth-game-brc-32,game,32,7667,5000,18,46,0,-0.03140916808000016,0.11799660440999982,1.14940577249,positive_frontier_and_boundary,True,False,False,False,False,False,451
g562_frontier_00000394,4f90c18d381049590460af8120e7d1c07758d50bcbb9fbcca772180963eb851e,validation,maze-32-32-2,maze,16,7390,2000,37,27,0,-0.05963302751999988,0.08899082569000005,1.14862385321,positive_frontier_and_boundary,True,False,False,False,False,False,452
g562_frontier_00000454,5c21bb36e029660c7055e638faddcfcbb65f5e8e9f642ab680ca86d839c26b74,train,room-40-32-8,room,96,7705,1000,18,46,0,-0.05725190839999983,0.08736217133000013,1.14461407973,positive_frontier_and_boundary,True,False,False,False,False,False,453
g562_frontier_00000068,0d14c557361923dc8db9f1ea1f50b63dddd99db5c6e7dabb940e656842c9566d,train,g559-synth-connector-32,irregular_bottleneck,16,8812,500,23,39,0,-0.04726368158999983,0.09701492537000012,1.14427860696,positive_frontier_and_boundary,True,False,False,False,False,False,454
g562_frontier_00000074,0e4015760e57202ed3ac93681e9462c95548fb1f15951f8e59d0bbc8c6083f06,train,empty-32-32,empty,64,8922,2000,9,55,0,-0.012218045119999799,0.13204887218000017,1.1442669173,positive_frontier_and_boundary,True,False,False,False,False,False,455
g562_frontier_00000080,0f4576a6f4c8d8dc031865b72ec1ccfed0b109bfd68199d4fe08b4f6828d27ec,train,g559-synth-connector-32,irregular_bottleneck,16,8140,500,4,59,0,-0.025179856120000066,0.11870503596999993,1.14388489209,positive_frontier_and_boundary,True,False,False,False,False,False,456
g562_frontier_00000208,2773892813798b5ad8732c27632406aff5b27151c7f9f9118ee67c1e222209eb,train,room-40-32-8,room,96,8593,1000,21,42,0,-0.04970230390999997,0.09319181982000013,1.14289412373,positive_frontier_and_boundary,True,False,False,False,False,False,457
g562_frontier_00000135,19d4808f55c7c603c4d450a668cb931178a9427b888c6e76588f24a0279eb8e4,validation,maze-32-32-2,maze,16,7510,2000,21,41,0,-0.03296703296000003,0.10989010989000003,1.14285714285,positive_frontier_and_boundary,True,False,False,False,False,False,458
g562_frontier_00000036,072416c87794ee03d643ed6f4acdd8d71657a4bbd7eb7910ba8cb72cc0b86ce4,train,room-40-32-8,room,96,8545,1000,2,62,0,-0.014823717949999926,0.12660256409999993,1.1414262820499999,positive_frontier_and_boundary,True,False,False,False,False,False,459
g562_frontier_00000175,201e28194c5602eb04c829cf9ae77906e2a80c14cb7c05e307b28d946c6492bc,validation,g559-synth-game-den-32,game,16,8386,2000,18,44,0,-0.04970178927000002,0.09145129224999993,1.14115308152,positive_frontier_and_boundary,True,False,False,False,False,False,460
g562_frontier_00000078,0eea669ee971651439060c8b375be68da207add71dc387c4307a905866d99d27,train,empty-32-32,empty,64,7602,2000,4,59,0,-0.014771048740000126,0.12456917774999998,1.13934022649,positive_frontier_and_boundary,True,False,False,False,False,False,461
g562_frontier_00000373,4aeef100eb01f43ac9a804d2a66cd712c8b302356b7333d1c83e9b8421e9508c,validation,maze-32-32-2,maze,16,7942,2000,37,27,0,-0.08187543736999991,0.05668299510000008,1.13855843247,positive_frontier_and_boundary,True,False,False,False,False,False,462
g562_frontier_00000140,1ac168a8fcf39c2764ed2f6d4c23bfc13e12848e6cb93ccfe24d014037617809,train,room-40-32-8,room,96,8017,1000,35,29,0,-0.04397705545000008,0.09423654738999998,1.13821360284,positive_frontier_and_boundary,True,False,False,False,False,False,463
g562_frontier_00000457,5cea63147632d938eb4c9e88716ea9929c21baf6490e523fcc042cd812abd53a,validation,g559-synth-game-den-32,game,16,7018,2000,2,61,0,-0.0036363636400000843,0.13454545454,1.13818181818,positive_frontier_and_boundary,True,False,False,False,False,False,464
g562_frontier_00000274,364a28dc728ac36a14d95cf5a8bc41f4470dd23bca544de2520a3d678f0e9203,train,empty-32-32,empty,64,8802,2000,15,48,0,-0.023135033049999976,0.11142587345999999,1.13456090651,positive_frontier_and_boundary,True,False,False,False,False,False,465
g562_frontier_00000430,568efbf8e9e74b1922c194a1e32dabc90b8bdb79b39c36ee5071a02c4716a9fe,validation,empty-16-16,empty,32,8345,1000,14,48,0,-0.035443037969999924,0.09873417722000011,1.13417721519,positive_frontier_and_boundary,True,False,False,False,False,False,466
g562_frontier_00000298,3afc33ab3b2ff1e75f1ee5d095fe9c536dbbbc475df8fed33c58d007accd5ee1,train,room-40-32-8,room,96,8425,1000,15,47,0,-0.05206847361000011,0.0820256775999999,1.13409415121,positive_frontier_and_boundary,True,False,False,False,False,False,467
g562_frontier_00000193,22d1624ca26957ff9f79986d7aae4d3d410e7a1b75d0d2f2fa0d29019b73d7e9,validation,maze-32-32-2,maze,16,8878,2000,32,32,0,-0.060628742520000056,0.07185628741999994,1.13248502994,positive_frontier_and_boundary,True,False,False,False,False,False,468
g562_frontier_00000261,32943994b1f15927ac782a3bb932db69eb2f81dc438cb34916cb3d42e020e85b,validation,maze-36-32-4,maze,32,7103,5000,6,57,0,-0.01683816650999992,0.11506080448999989,1.1318989709999998,positive_frontier_and_boundary,True,False,False,False,False,False,469
g562_frontier_00000241,2e661c8034e32db614ad16126f2c3946a18f868ab19b485d1b215c96ac75933f,train,empty-32-32,empty,64,7698,2000,27,37,0,-0.03948001925,0.0905151661100001,1.12999518536,positive_frontier_and_boundary,True,False,False,False,False,False,470
g562_frontier_00000418,5510a46c7127a7630a216805065beb8606f26c89ed1d0b2965652eeb8b13e9e8,train,g559-synth-corners-34,irregular_bottleneck,32,8525,1000,5,58,0,-0.00888099467999992,0.12078152752999993,1.1296625222099999,positive_frontier_and_boundary,True,False,False,False,False,False,471
g562_frontier_00000167,1ece143411a7297abbb42383cb2625a0d03fcc86ea9681118106c5f7a77551b7,validation,maze-32-32-2,maze,16,8806,2000,25,39,0,-0.05736981465999991,0.07149161518000002,1.12886142984,positive_frontier_and_boundary,True,False,False,False,False,False,472
g562_frontier_00000150,1c273d9e54370d020b12bf57f0b5d6f705760264d04a7729ed78d4e1ae2fd168,train,room-40-32-8,room,96,7225,1000,8,56,0,-0.02634880803000006,0.10204935173000007,1.1283981597600001,positive_frontier_and_boundary,True,False,False,False,False,False,473
g562_frontier_00000062,0c1bed8aa19244b7f347aa248fdc11fd8d144ba7d3668bc86a02ed6429cfdc0a,train,room-40-32-8,room,96,8065,1000,25,39,0,-0.03655145013999994,0.08661104490000016,1.12316249504,positive_frontier_and_boundary,True,False,False,False,False,False,474
g562_frontier_00000402,51551ab4dfa88f47d8d867f114c6207380299672c1e0b3ded4daee1e61ac1bee,validation,maze-32-32-2,maze,16,7294,2000,34,30,0,-0.04495912805999991,0.07765667575000013,1.12261580381,positive_frontier_and_boundary,True,False,False,False,False,False,475
g562_frontier_00000427,56104e372a56ea3821d2f9def8a22e4df8d9b36c597842899c5431bb836d55b6,train,room-40-32-8,room,96,7081,1000,23,41,0,-0.030117270789999928,0.09221748401000007,1.1223347548,positive_frontier_and_boundary,True,False,False,False,False,False,476
g562_frontier_00000446,5ab094f13a064e47b5f76d79cd57dcee23f5b746f32d6e1873e10cb697a78c00,validation,maze-32-32-2,maze,16,7462,2000,30,33,0,-0.06880375294000007,0.052384675519999924,1.12118842846,positive_frontier_and_boundary,True,False,False,False,False,False,477
g562_frontier_00000255,316038c2a5b5adcfb27f5301bf5da32ca782c08f186b753c0ddc4a76f0bef4d6,train,room-40-32-8,room,96,8473,1000,56,8,0,-0.08707557503000007,0.03368017524,1.12075575027,positive_frontier_and_boundary,True,False,False,False,False,False,478
g562_frontier_00000449,5b3ff4d2a4f8b42c79ff70284bc7b5666bdede6be3698cb8ba265ac2382f642e,train,g559-synth-connector-32,irregular_bottleneck,16,7660,500,6,54,0,-0.008032128520000015,0.11244979918999998,1.12048192771,positive_frontier_and_boundary,True,False,False,False,False,False,479
g562_frontier_00000445,5a1033e3e72b05f7ec60c447769e3d6b626099af39bbe90f0e82c38fb67658d2,validation,maze-32-32-2,maze,16,7006,2000,26,38,0,-0.030249110319999994,0.08985765124,1.12010676156,positive_frontier_and_boundary,True,False,False,False,False,False,480
g562_frontier_00000143,1af97baf26c2846252fb2bb92f27bf6957487024682e8107a0e6fc1fa06a2e6b,validation,maze-32-32-2,maze,16,7438,2000,44,20,0,-0.07177363698999994,0.04830917873999985,1.1200828157299998,positive_frontier_and_boundary,True,False,False,False,False,False,481
g562_frontier_00000204,272b109295354401c20527af9c3b723f9dfb7a1d60e065646995bc6a89fe7ba3,train,g559-synth-connector-32,irregular_bottleneck,16,7060,500,11,46,0,-0.017006802720000103,0.10204081632999995,1.11904761905,positive_frontier_and_boundary,True,False,False,False,False,False,482
g562_frontier_00000340,44236b3e57d76523a4120131818788649422a1cfc2ffb81918768192130a6f56,validation,maze-32-32-2,maze,16,7678,2000,34,29,0,-0.05844155844000021,0.058441558439999985,1.1168831168800002,positive_frontier_and_boundary,True,False,False,False,False,False,483
g562_frontier_00000084,101fd0beb01770e01d7535d5c4299a45e687a7b0c2aabf671f62025125e23b45,validation,maze-32-32-2,maze,16,7534,2000,20,42,0,-0.03834355828000002,0.07822085888999997,1.11656441717,positive_frontier_and_boundary,True,False,False,False,False,False,484
g562_frontier_00000238,2decda95d03e4cc3132d4e87140d48203047fc932a1545ba485dbc52a66b16fd,train,empty-32-32,empty,64,8826,2000,19,44,0,-0.028445316329999804,0.0877881314400002,1.11623344777,positive_frontier_and_boundary,True,False,False,False,False,False,485
g562_frontier_00000226,2bb20c057fce4e53358b4b7cb1c762e7bd80a68dd3882bf0d4a134eb84b7bc03,train,g559-synth-connector-32,irregular_bottleneck,16,7372,500,23,39,0,-0.030690537080000135,0.08439897698999999,1.1150895140700001,positive_frontier_and_boundary,True,False,False,False,False,False,486
g562_frontier_00000343,44f26dd244e98ec98b11bb00fe901b8ddfea38f97003101029d53ca05f406a67,train,empty-32-32,empty,64,7554,2000,3,61,0,-0.002782931350000073,0.11224489795999992,1.11502782931,positive_frontier_and_boundary,True,False,False,False,False,False,487
g562_frontier_00000172,1fc1cc64370768a26c400c5e13b084f60bcb23e8be1909fc3c148f7f08d093ae,validation,maze-32-32-2,maze,16,8854,2000,25,37,0,-0.044057377050000124,0.06967213113999993,1.11372950819,positive_frontier_and_boundary,True,False,False,False,False,False,488
g562_frontier_00000101,140887b2219eeb4df0d2e0f24ce1844634808668b4d4ec8d455750fb96591f38,train,empty-32-32,empty,64,8346,2000,27,36,0,-0.03408029878999996,0.07936507936000003,1.11344537815,positive_frontier_and_boundary,True,False,False,False,False,False,489
g562_frontier_00000001,0074cbd50711c88a39edfea809c3ba5e47aca9215be66b6fdd5c60033f48f43f,train,room-40-32-8,room,96,8497,1000,43,21,0,-0.05072046109000006,0.06167146974000004,1.11239193083,positive_frontier_and_boundary,True,False,False,False,False,False,490
g562_frontier_00000387,4d94ebe0a542edbb645f44de60c8ab80b8ebc243e8a2c31a5d38b0debb66847c,train,g559-synth-corners-34,irregular_bottleneck,32,7925,1000,28,32,0,-0.05333333333000012,0.05904761905,1.1123809523800001,positive_frontier_and_boundary,True,False,False,False,False,False,491
g562_frontier_00000137,19f8802301de324173d30136549b69d526b08f819f5d7988239677ec7cbc1741,train,empty-32-32,empty,64,7098,2000,42,22,0,-0.026180698149999904,0.0821355236100001,1.10831622176,positive_frontier_and_boundary,True,False,False,False,False,False,492
g562_frontier_00000317,3e9e6a17751bbabe33b7aa74668e7285e29f21dfc0f9f8e06f89524a9f667b34,train,empty-32-32,empty,64,8970,2000,10,51,0,-0.012912482060000174,0.09397417503999983,1.1068866571,positive_frontier_and_boundary,True,False,False,False,False,False,493
g562_frontier_00000451,5b4a6ed8ff9cb710d6f4472593ef7b56735d34a8cd72885b2354bd6f868032d3,validation,maze-32-32-2,maze,16,7318,2000,30,34,0,-0.05716406829000009,0.046770601339999995,1.10393466963,positive_frontier_and_boundary,True,False,False,False,False,False,494
g562_frontier_00000076,0e6fa77a90234c0d46c75321c22c4e918e7e52b597a7483e1a933bde9fba9a8e,validation,maze-32-32-2,maze,16,8902,2000,40,23,0,-0.06244796004000008,0.036636136549999865,1.09908409659,positive_frontier_and_boundary,True,False,False,False,False,False,495
g562_frontier_00000479,61dc9dc8e38e38ce1b7fcaa2662c92cd6e004e49a51697c944ea8cbf807c818b,train,room-40-32-8,room,96,8617,1000,41,21,0,-0.041547277930000126,0.043839541549999916,1.08538681948,positive_frontier_and_boundary,True,False,False,False,False,False,496
g562_frontier_00000384,4d3a9dc356bcda5179655fcce970552d4e7b7901285e3a79274cda5c86c86e8a,train,empty-32-32,empty,64,8490,2000,40,23,0,-0.02775574940000003,0.05313243457999994,1.08088818398,positive_frontier_and_boundary,True,False,False,False,False,False,497
g562_frontier_00000296,3add569d718b07d1b3e5c4d6cbe8fd32b509a2bb6b108a1b0d9b01c33c4ec859,train,empty-32-32,empty,64,7170,2000,45,19,0,-0.03571428572000013,0.04220779220999993,1.07792207793,positive_frontier_and_boundary,True,False,False,False,False,False,498
g562_frontier_00000040,07f241588084b1449b8d5435469af3d23749fcd10505a49c22b82b705a594058,train,empty-32-32,empty,64,7650,2000,9,55,0,-0.00930565496999991,0.06728704367000016,1.07659269864,positive_frontier_and_boundary,True,False,False,False,False,False,499
g562_frontier_00000378,4c39a4d0c7fcee5cf2df39ab5243cfadfb6f6886b84b4646cb6634573af012d0,train,empty-32-32,empty,64,7890,2000,25,35,0,-0.027152831660000043,0.030256012409999977,1.05740884407,positive_frontier_and_boundary,True,False,False,False,False,False,500
g562_frontier_00000059,0bf4c5bba9427c52fe6dae6d0610bd86a41610e6360399d9b268fc7c344f2811,validation,g559-synth-warehouse-a-32,warehouse,128,8258,2000,0,64,0,,0.6131351869700001,0.6131351869700001,unsafe_boundary,True,False,False,False,False,False,501
g562_frontier_00000490,641792279d15a32401a611a97ecd35d8bf473d7e8fb5758e92bf5f914f05acc9,train,g559-synth-game-lak-32,game,256,8655,5000,0,64,0,,0.47406764961000003,0.47406764961000003,unsafe_boundary,True,False,False,False,False,False,502
g562_frontier_00000146,1bd3ac4425c31810af14ab7951a21c992a8f0060fe8149c232ebcfc3454c3a7a,validation,g559-synth-warehouse-a-32,warehouse,128,8882,2000,0,64,0,,0.42272620996,0.42272620996,unsafe_boundary,True,False,False,False,False,False,503
g562_frontier_00000178,20b3859980b82fa5f3a39f51f8e8f626d5ff7a318dda8d64a67757d350e6675a,validation,random-32-32-20,random,256,7845,1000,0,64,0,,0.3946751506999999,0.3946751506999999,unsafe_boundary,True,False,False,False,False,False,504
g562_frontier_00000060,0c17fe7433fdf66c2ccb979c92cbfdaebeae6f26ea75a6ba5a8560a0e476a21e,train,room-32-32-4,room,64,8832,500,0,64,0,,0.31078767123999995,0.31078767123999995,unsafe_boundary,True,False,False,False,False,False,505
g562_frontier_00000353,4703dccaf6d690b64f94c617e6dc4a1bc71b40b8e40c46915e77755c7264526e,train,g559-synth-loop-chain-36,irregular_bottleneck,64,7830,2000,0,64,0,,0.2548837209300001,0.2548837209300001,unsafe_boundary,True,False,False,False,False,False,506
g562_frontier_00000066,0cc6fe548a05f06cc269c132fc2d4f1fa8ecd7226cb5cc4e2b2eeb17af592e07,train,g559-synth-game-brc-32,game,32,7595,5000,0,64,0,,0.23475609755999982,0.23475609755999982,unsafe_boundary,True,False,False,False,False,False,507
g562_frontier_00000408,5310d494c5fae4b3d7004a4812b57414777f979a4e7bf292a3d75c8757ecf5c0,train,room-40-32-8,room,96,7513,1000,0,64,0,,0.11715713493000002,0.11715713493000002,unsafe_boundary,True,False,False,False,False,False,508
g562_frontier_00000300,3b44a1a0cc7fb5dd3c565577a9efda99a9fd700e740309dc41ebe9f82fef24ec,train,empty-32-32,empty,64,8010,2000,0,64,0,,0.09130752374000006,0.09130752374000006,unsafe_boundary,True,False,False,False,False,False,509
