direct_group_key,context_budget_iteration_key,source_round,candidate_count,positive_target_candidates,positive_target_count,phase5p5_allowed,phase6_allowed,runtime_claim_allowed,learned_runtime_policy_validated,aaai_ready
G5.34_broad_probe|maze-32-32-4|100|146|1000|0,maze-32-32-4|100|146|1000|0,G5.34_broad_probe,11,,0,False,False,False,False,False
G5.34_broad_probe|maze-32-32-4|100|146|2000|0,maze-32-32-4|100|146|2000|0,G5.34_broad_probe,11,,0,False,False,False,False,False
G5.34_broad_probe|maze-32-32-4|100|146|500|0,maze-32-32-4|100|146|500|0,G5.34_broad_probe,11,,0,False,False,False,False,False
G5.34_broad_probe|maze-32-32-4|100|147|1000|0,maze-32-32-4|100|147|1000|0,G5.34_broad_probe,11,,0,False,False,False,False,False
G5.34_broad_probe|maze-32-32-4|100|147|2000|0,maze-32-32-4|100|147|2000|0,G5.34_broad_probe,11,,0,False,False,False,False,False
G5.34_broad_probe|maze-32-32-4|100|147|2000|1,maze-32-32-4|100|147|2000|1,G5.34_broad_probe,2,,0,False,False,False,False,False
G5.34_broad_probe|maze-32-32-4|100|147|500|0,maze-32-32-4|100|147|500|0,G5.34_broad_probe,11,,0,False,False,False,False,False
G5.34_broad_probe|maze-32-32-4|100|148|1000|0,maze-32-32-4|100|148|1000|0,G5.34_broad_probe,11,,0,False,False,False,False,False
G5.34_broad_probe|maze-32-32-4|100|148|2000|0,maze-32-32-4|100|148|2000|0,G5.34_broad_probe,11,,0,False,False,False,False,False
G5.34_broad_probe|maze-32-32-4|100|148|500|0,maze-32-32-4|100|148|500|0,G5.34_broad_probe,11,,0,False,False,False,False,False
G5.34_broad_probe|maze-32-32-4|100|149|1000|0,maze-32-32-4|100|149|1000|0,G5.34_broad_probe,11,,0,False,False,False,False,False
G5.34_broad_probe|maze-32-32-4|100|149|2000|0,maze-32-32-4|100|149|2000|0,G5.34_broad_probe,11,,0,False,False,False,False,False
G5.34_broad_probe|maze-32-32-4|100|149|500|0,maze-32-32-4|100|149|500|0,G5.34_broad_probe,11,,0,False,False,False,False,False
G5.34_broad_probe|maze-32-32-4|100|150|1000|0,maze-32-32-4|100|150|1000|0,G5.34_broad_probe,11,,0,False,False,False,False,False
G5.34_broad_probe|maze-32-32-4|100|150|2000|0,maze-32-32-4|100|150|2000|0,G5.34_broad_probe,11,,0,False,False,False,False,False
G5.34_broad_probe|maze-32-32-4|100|150|2000|1,maze-32-32-4|100|150|2000|1,G5.34_broad_probe,1,,0,False,False,False,False,False
G5.34_broad_probe|maze-32-32-4|100|150|500|0,maze-32-32-4|100|150|500|0,G5.34_broad_probe,11,,0,False,False,False,False,False
G5.34_broad_probe|maze-32-32-4|100|151|1000|0,maze-32-32-4|100|151|1000|0,G5.34_broad_probe,11,,0,False,False,False,False,False
G5.34_broad_probe|maze-32-32-4|100|151|2000|0,maze-32-32-4|100|151|2000|0,G5.34_broad_probe,11,,0,False,False,False,False,False
G5.34_broad_probe|maze-32-32-4|100|151|2000|1,maze-32-32-4|100|151|2000|1,G5.34_broad_probe,1,,0,False,False,False,False,False
G5.34_broad_probe|maze-32-32-4|100|151|500|0,maze-32-32-4|100|151|500|0,G5.34_broad_probe,11,,0,False,False,False,False,False
G5.34_broad_probe|maze-32-32-4|100|152|1000|0,maze-32-32-4|100|152|1000|0,G5.34_broad_probe,11,,0,False,False,False,False,False
G5.34_broad_probe|maze-32-32-4|100|152|2000|0,maze-32-32-4|100|152|2000|0,G5.34_broad_probe,11,,0,False,False,False,False,False
G5.34_broad_probe|maze-32-32-4|100|152|2000|1,maze-32-32-4|100|152|2000|1,G5.34_broad_probe,2,,0,False,False,False,False,False
G5.34_broad_probe|maze-32-32-4|100|152|500|0,maze-32-32-4|100|152|500|0,G5.34_broad_probe,11,,0,False,False,False,False,False
G5.34_broad_probe|maze-32-32-4|100|153|1000|0,maze-32-32-4|100|153|1000|0,G5.34_broad_probe,11,,0,False,False,False,False,False
G5.34_broad_probe|maze-32-32-4|100|153|2000|0,maze-32-32-4|100|153|2000|0,G5.34_broad_probe,11,,0,False,False,False,False,False
G5.34_broad_probe|maze-32-32-4|100|153|500|0,maze-32-32-4|100|153|500|0,G5.34_broad_probe,11,,0,False,False,False,False,False
G5.34_broad_probe|maze-32-32-4|100|154|1000|0,maze-32-32-4|100|154|1000|0,G5.34_broad_probe,11,,0,False,False,False,False,False
G5.34_broad_probe|maze-32-32-4|100|154|2000|0,maze-32-32-4|100|154|2000|0,G5.34_broad_probe,11,,0,False,False,False,False,False
G5.34_broad_probe|maze-32-32-4|100|154|500|0,maze-32-32-4|100|154|500|0,G5.34_broad_probe,11,,0,False,False,False,False,False
G5.34_broad_probe|maze-32-32-4|100|155|1000|0,maze-32-32-4|100|155|1000|0,G5.34_broad_probe,11,,0,False,False,False,False,False
G5.34_broad_probe|maze-32-32-4|100|155|2000|0,maze-32-32-4|100|155|2000|0,G5.34_broad_probe,11,,0,False,False,False,False,False
G5.34_broad_probe|maze-32-32-4|100|155|2000|1,maze-32-32-4|100|155|2000|1,G5.34_broad_probe,1,,0,False,False,False,False,False
G5.34_broad_probe|maze-32-32-4|100|155|500|0,maze-32-32-4|100|155|500|0,G5.34_broad_probe,11,,0,False,False,False,False,False
G5.34_broad_probe|maze-32-32-4|100|160|1000|0,maze-32-32-4|100|160|1000|0,G5.34_broad_probe,22,,0,False,False,False,False,False
G5.34_broad_probe|maze-32-32-4|100|160|2000|0,maze-32-32-4|100|160|2000|0,G5.34_broad_probe,22,,0,False,False,False,False,False
G5.34_broad_probe|maze-32-32-4|100|160|500|0,maze-32-32-4|100|160|500|0,G5.34_broad_probe,22,,0,False,False,False,False,False
G5.34_broad_probe|maze-32-32-4|100|161|1000|0,maze-32-32-4|100|161|1000|0,G5.34_broad_probe,22,,0,False,False,False,False,False
G5.34_broad_probe|maze-32-32-4|100|161|2000|0,maze-32-32-4|100|161|2000|0,G5.34_broad_probe,22,,0,False,False,False,False,False
G5.34_broad_probe|maze-32-32-4|100|161|500|0,maze-32-32-4|100|161|500|0,G5.34_broad_probe,22,,0,False,False,False,False,False
G5.34_broad_probe|maze-32-32-4|100|162|1000|0,maze-32-32-4|100|162|1000|0,G5.34_broad_probe,22,,0,False,False,False,False,False
G5.34_broad_probe|maze-32-32-4|100|162|2000|0,maze-32-32-4|100|162|2000|0,G5.34_broad_probe,22,,0,False,False,False,False,False
G5.34_broad_probe|maze-32-32-4|100|162|500|0,maze-32-32-4|100|162|500|0,G5.34_broad_probe,22,,0,False,False,False,False,False
G5.34_broad_probe|maze-32-32-4|100|163|1000|0,maze-32-32-4|100|163|1000|0,G5.34_broad_probe,22,,0,False,False,False,False,False
G5.34_broad_probe|maze-32-32-4|100|163|2000|0,maze-32-32-4|100|163|2000|0,G5.34_broad_probe,22,,0,False,False,False,False,False
G5.34_broad_probe|maze-32-32-4|100|163|2000|1,maze-32-32-4|100|163|2000|1,G5.34_broad_probe,1,,0,False,False,False,False,False
G5.34_broad_probe|maze-32-32-4|100|163|500|0,maze-32-32-4|100|163|500|0,G5.34_broad_probe,22,,0,False,False,False,False,False
G5.34_broad_probe|maze-32-32-4|100|164|1000|0,maze-32-32-4|100|164|1000|0,G5.34_broad_probe,22,,0,False,False,False,False,False
G5.34_broad_probe|maze-32-32-4|100|164|2000|0,maze-32-32-4|100|164|2000|0,G5.34_broad_probe,22,,0,False,False,False,False,False
G5.34_broad_probe|maze-32-32-4|100|164|500|0,maze-32-32-4|100|164|500|0,G5.34_broad_probe,22,,0,False,False,False,False,False
G5.34_broad_probe|maze-32-32-4|100|165|1000|0,maze-32-32-4|100|165|1000|0,G5.34_broad_probe,22,,0,False,False,False,False,False
G5.34_broad_probe|maze-32-32-4|100|165|2000|0,maze-32-32-4|100|165|2000|0,G5.34_broad_probe,22,,0,False,False,False,False,False
G5.34_broad_probe|maze-32-32-4|100|165|500|0,maze-32-32-4|100|165|500|0,G5.34_broad_probe,22,,0,False,False,False,False,False
G5.34_broad_probe|maze-32-32-4|100|206|1000|0,maze-32-32-4|100|206|1000|0,G5.34_broad_probe,22,,0,False,False,False,False,False
G5.34_broad_probe|maze-32-32-4|100|206|500|0,maze-32-32-4|100|206|500|0,G5.34_broad_probe,22,,0,False,False,False,False,False
G5.34_broad_probe|maze-32-32-4|100|207|1000|0,maze-32-32-4|100|207|1000|0,G5.34_broad_probe,22,,0,False,False,False,False,False
G5.34_broad_probe|maze-32-32-4|100|207|500|0,maze-32-32-4|100|207|500|0,G5.34_broad_probe,22,,0,False,False,False,False,False
G5.34_broad_probe|maze-32-32-4|100|208|1000|0,maze-32-32-4|100|208|1000|0,G5.34_broad_probe,22,,0,False,False,False,False,False
G5.34_broad_probe|maze-32-32-4|100|208|500|0,maze-32-32-4|100|208|500|0,G5.34_broad_probe,22,,0,False,False,False,False,False
G5.34_broad_probe|maze-32-32-4|100|209|1000|0,maze-32-32-4|100|209|1000|0,G5.34_broad_probe,22,,0,False,False,False,False,False
G5.34_broad_probe|maze-32-32-4|100|209|500|0,maze-32-32-4|100|209|500|0,G5.34_broad_probe,22,,0,False,False,False,False,False
G5.34_broad_probe|maze-32-32-4|100|210|1000|0,maze-32-32-4|100|210|1000|0,G5.34_broad_probe,22,,0,False,False,False,False,False
G5.34_broad_probe|maze-32-32-4|100|210|500|0,maze-32-32-4|100|210|500|0,G5.34_broad_probe,22,,0,False,False,False,False,False
G5.34_broad_probe|maze-32-32-4|100|211|1000|0,maze-32-32-4|100|211|1000|0,G5.34_broad_probe,22,,0,False,False,False,False,False
G5.34_broad_probe|maze-32-32-4|100|211|500|0,maze-32-32-4|100|211|500|0,G5.34_broad_probe,22,,0,False,False,False,False,False
G5.34_broad_probe|maze-32-32-4|100|218|1000|0,maze-32-32-4|100|218|1000|0,G5.34_broad_probe,6,,0,False,False,False,False,False
G5.34_broad_probe|maze-32-32-4|100|218|2000|0,maze-32-32-4|100|218|2000|0,G5.34_broad_probe,6,,0,False,False,False,False,False
G5.34_broad_probe|maze-32-32-4|100|218|500|0,maze-32-32-4|100|218|500|0,G5.34_broad_probe,6,,0,False,False,False,False,False
G5.34_broad_probe|maze-32-32-4|100|219|1000|0,maze-32-32-4|100|219|1000|0,G5.34_broad_probe,6,,0,False,False,False,False,False
G5.34_broad_probe|maze-32-32-4|100|219|2000|0,maze-32-32-4|100|219|2000|0,G5.34_broad_probe,6,,0,False,False,False,False,False
G5.34_broad_probe|maze-32-32-4|100|219|500|0,maze-32-32-4|100|219|500|0,G5.34_broad_probe,6,,0,False,False,False,False,False
G5.34_broad_probe|maze-32-32-4|100|220|1000|0,maze-32-32-4|100|220|1000|0,G5.34_broad_probe,6,,0,False,False,False,False,False
G5.34_broad_probe|maze-32-32-4|100|220|2000|0,maze-32-32-4|100|220|2000|0,G5.34_broad_probe,6,,0,False,False,False,False,False
G5.34_broad_probe|maze-32-32-4|100|220|500|0,maze-32-32-4|100|220|500|0,G5.34_broad_probe,6,,0,False,False,False,False,False
G5.34_broad_probe|maze-32-32-4|100|221|1000|0,maze-32-32-4|100|221|1000|0,G5.34_broad_probe,6,,0,False,False,False,False,False
G5.34_broad_probe|maze-32-32-4|100|221|2000|0,maze-32-32-4|100|221|2000|0,G5.34_broad_probe,6,,0,False,False,False,False,False
G5.34_broad_probe|maze-32-32-4|100|221|500|0,maze-32-32-4|100|221|500|0,G5.34_broad_probe,6,,0,False,False,False,False,False
G5.34_broad_probe|maze-32-32-4|100|222|1000|0,maze-32-32-4|100|222|1000|0,G5.34_broad_probe,6,,0,False,False,False,False,False
G5.34_broad_probe|maze-32-32-4|100|222|2000|0,maze-32-32-4|100|222|2000|0,G5.34_broad_probe,6,,0,False,False,False,False,False
G5.34_broad_probe|maze-32-32-4|100|222|500|0,maze-32-32-4|100|222|500|0,G5.34_broad_probe,6,,0,False,False,False,False,False
G5.34_broad_probe|maze-32-32-4|100|223|1000|0,maze-32-32-4|100|223|1000|0,G5.34_broad_probe,6,,0,False,False,False,False,False
G5.34_broad_probe|maze-32-32-4|100|223|2000|0,maze-32-32-4|100|223|2000|0,G5.34_broad_probe,6,,0,False,False,False,False,False
G5.34_broad_probe|maze-32-32-4|100|223|500|0,maze-32-32-4|100|223|500|0,G5.34_broad_probe,6,,0,False,False,False,False,False
G5.34_broad_probe|maze-32-32-4|100|224|1000|0,maze-32-32-4|100|224|1000|0,G5.34_broad_probe,6,,0,False,False,False,False,False
G5.34_broad_probe|maze-32-32-4|100|224|2000|0,maze-32-32-4|100|224|2000|0,G5.34_broad_probe,6,,0,False,False,False,False,False
G5.34_broad_probe|maze-32-32-4|100|224|500|0,maze-32-32-4|100|224|500|0,G5.34_broad_probe,6,,0,False,False,False,False,False
G5.34_broad_probe|maze-32-32-4|100|225|1000|0,maze-32-32-4|100|225|1000|0,G5.34_broad_probe,6,,0,False,False,False,False,False
G5.34_broad_probe|maze-32-32-4|100|225|2000|0,maze-32-32-4|100|225|2000|0,G5.34_broad_probe,6,,0,False,False,False,False,False
G5.34_broad_probe|maze-32-32-4|100|225|500|0,maze-32-32-4|100|225|500|0,G5.34_broad_probe,6,,0,False,False,False,False,False
G5.34_broad_probe|maze-32-32-4|100|226|1000|0,maze-32-32-4|100|226|1000|0,G5.34_broad_probe,6,,0,False,False,False,False,False
G5.34_broad_probe|maze-32-32-4|100|226|2000|0,maze-32-32-4|100|226|2000|0,G5.34_broad_probe,6,,0,False,False,False,False,False
G5.34_broad_probe|maze-32-32-4|100|226|500|0,maze-32-32-4|100|226|500|0,G5.34_broad_probe,6,,0,False,False,False,False,False
G5.34_broad_probe|maze-32-32-4|100|227|1000|0,maze-32-32-4|100|227|1000|0,G5.34_broad_probe,6,,0,False,False,False,False,False
G5.34_broad_probe|maze-32-32-4|100|227|2000|0,maze-32-32-4|100|227|2000|0,G5.34_broad_probe,6,,0,False,False,False,False,False
G5.34_broad_probe|maze-32-32-4|100|227|500|0,maze-32-32-4|100|227|500|0,G5.34_broad_probe,6,,0,False,False,False,False,False
G5.34_broad_probe|maze-32-32-4|100|228|1000|0,maze-32-32-4|100|228|1000|0,G5.34_broad_probe,6,,0,False,False,False,False,False
G5.34_broad_probe|maze-32-32-4|100|228|2000|0,maze-32-32-4|100|228|2000|0,G5.34_broad_probe,6,,0,False,False,False,False,False
G5.34_broad_probe|maze-32-32-4|100|228|500|0,maze-32-32-4|100|228|500|0,G5.34_broad_probe,6,,0,False,False,False,False,False
G5.34_broad_probe|maze-32-32-4|100|229|1000|0,maze-32-32-4|100|229|1000|0,G5.34_broad_probe,6,,0,False,False,False,False,False
G5.34_broad_probe|maze-32-32-4|100|229|2000|0,maze-32-32-4|100|229|2000|0,G5.34_broad_probe,6,,0,False,False,False,False,False
G5.34_broad_probe|maze-32-32-4|100|229|500|0,maze-32-32-4|100|229|500|0,G5.34_broad_probe,6,,0,False,False,False,False,False
G5.34_broad_probe|maze-32-32-4|100|230|1000|0,maze-32-32-4|100|230|1000|0,G5.34_broad_probe,6,,0,False,False,False,False,False
G5.34_broad_probe|maze-32-32-4|100|230|2000|0,maze-32-32-4|100|230|2000|0,G5.34_broad_probe,6,,0,False,False,False,False,False
G5.34_broad_probe|maze-32-32-4|100|230|2000|1,maze-32-32-4|100|230|2000|1,G5.34_broad_probe,1,,0,False,False,False,False,False
G5.34_broad_probe|maze-32-32-4|100|230|500|0,maze-32-32-4|100|230|500|0,G5.34_broad_probe,6,,0,False,False,False,False,False
G5.34_broad_probe|maze-32-32-4|100|231|1000|0,maze-32-32-4|100|231|1000|0,G5.34_broad_probe,6,,0,False,False,False,False,False
G5.34_broad_probe|maze-32-32-4|100|231|2000|0,maze-32-32-4|100|231|2000|0,G5.34_broad_probe,6,,0,False,False,False,False,False
G5.34_broad_probe|maze-32-32-4|100|231|500|0,maze-32-32-4|100|231|500|0,G5.34_broad_probe,6,,0,False,False,False,False,False
G5.34_broad_probe|maze-32-32-4|100|232|1000|0,maze-32-32-4|100|232|1000|0,G5.34_broad_probe,6,,0,False,False,False,False,False
G5.34_broad_probe|maze-32-32-4|100|232|2000|0,maze-32-32-4|100|232|2000|0,G5.34_broad_probe,6,,0,False,False,False,False,False
G5.34_broad_probe|maze-32-32-4|100|232|500|0,maze-32-32-4|100|232|500|0,G5.34_broad_probe,6,,0,False,False,False,False,False
G5.34_broad_probe|maze-32-32-4|100|233|1000|0,maze-32-32-4|100|233|1000|0,G5.34_broad_probe,6,,0,False,False,False,False,False
G5.34_broad_probe|maze-32-32-4|100|233|2000|0,maze-32-32-4|100|233|2000|0,G5.34_broad_probe,6,,0,False,False,False,False,False
G5.34_broad_probe|maze-32-32-4|100|233|500|0,maze-32-32-4|100|233|500|0,G5.34_broad_probe,6,,0,False,False,False,False,False
G5.34_broad_probe|maze-32-32-4|100|234|1000|0,maze-32-32-4|100|234|1000|0,G5.34_broad_probe,6,,0,False,False,False,False,False
G5.34_broad_probe|maze-32-32-4|100|234|2000|0,maze-32-32-4|100|234|2000|0,G5.34_broad_probe,6,,0,False,False,False,False,False
G5.34_broad_probe|maze-32-32-4|100|234|500|0,maze-32-32-4|100|234|500|0,G5.34_broad_probe,6,,0,False,False,False,False,False
G5.34_broad_probe|maze-32-32-4|100|235|1000|0,maze-32-32-4|100|235|1000|0,G5.34_broad_probe,6,,0,False,False,False,False,False
G5.34_broad_probe|maze-32-32-4|100|235|2000|0,maze-32-32-4|100|235|2000|0,G5.34_broad_probe,6,,0,False,False,False,False,False
G5.34_broad_probe|maze-32-32-4|100|235|500|0,maze-32-32-4|100|235|500|0,G5.34_broad_probe,6,,0,False,False,False,False,False
G5.34_broad_probe|maze-32-32-4|100|236|1000|0,maze-32-32-4|100|236|1000|0,G5.34_broad_probe,6,,0,False,False,False,False,False
G5.34_broad_probe|maze-32-32-4|100|236|2000|0,maze-32-32-4|100|236|2000|0,G5.34_broad_probe,6,,0,False,False,False,False,False
G5.34_broad_probe|maze-32-32-4|100|236|500|0,maze-32-32-4|100|236|500|0,G5.34_broad_probe,6,,0,False,False,False,False,False
G5.34_broad_probe|maze-32-32-4|100|237|1000|0,maze-32-32-4|100|237|1000|0,G5.34_broad_probe,6,,0,False,False,False,False,False
G5.34_broad_probe|maze-32-32-4|100|237|2000|0,maze-32-32-4|100|237|2000|0,G5.34_broad_probe,6,,0,False,False,False,False,False
G5.34_broad_probe|maze-32-32-4|100|237|500|0,maze-32-32-4|100|237|500|0,G5.34_broad_probe,6,,0,False,False,False,False,False
G5.34_broad_probe|maze-32-32-4|100|238|1000|0,maze-32-32-4|100|238|1000|0,G5.34_broad_probe,6,,0,False,False,False,False,False
G5.34_broad_probe|maze-32-32-4|100|238|2000|0,maze-32-32-4|100|238|2000|0,G5.34_broad_probe,6,,0,False,False,False,False,False
G5.34_broad_probe|maze-32-32-4|100|238|500|0,maze-32-32-4|100|238|500|0,G5.34_broad_probe,6,,0,False,False,False,False,False
G5.34_broad_probe|maze-32-32-4|100|239|1000|0,maze-32-32-4|100|239|1000|0,G5.34_broad_probe,6,,0,False,False,False,False,False
G5.34_broad_probe|maze-32-32-4|100|239|2000|0,maze-32-32-4|100|239|2000|0,G5.34_broad_probe,6,,0,False,False,False,False,False
G5.34_broad_probe|maze-32-32-4|100|239|500|0,maze-32-32-4|100|239|500|0,G5.34_broad_probe,6,,0,False,False,False,False,False
G5.34_broad_probe|maze-32-32-4|100|240|1000|0,maze-32-32-4|100|240|1000|0,G5.34_broad_probe,6,,0,False,False,False,False,False
G5.34_broad_probe|maze-32-32-4|100|240|2000|0,maze-32-32-4|100|240|2000|0,G5.34_broad_probe,6,,0,False,False,False,False,False
G5.34_broad_probe|maze-32-32-4|100|240|500|0,maze-32-32-4|100|240|500|0,G5.34_broad_probe,6,,0,False,False,False,False,False
G5.34_broad_probe|maze-32-32-4|100|241|1000|0,maze-32-32-4|100|241|1000|0,G5.34_broad_probe,6,,0,False,False,False,False,False
G5.34_broad_probe|maze-32-32-4|100|241|2000|0,maze-32-32-4|100|241|2000|0,G5.34_broad_probe,6,,0,False,False,False,False,False
G5.34_broad_probe|maze-32-32-4|100|241|500|0,maze-32-32-4|100|241|500|0,G5.34_broad_probe,6,,0,False,False,False,False,False
G5.34_broad_probe|maze-32-32-4|100|242|1000|0,maze-32-32-4|100|242|1000|0,G5.34_broad_probe,6,,0,False,False,False,False,False
G5.34_broad_probe|maze-32-32-4|100|242|2000|0,maze-32-32-4|100|242|2000|0,G5.34_broad_probe,6,,0,False,False,False,False,False
G5.34_broad_probe|maze-32-32-4|100|242|500|0,maze-32-32-4|100|242|500|0,G5.34_broad_probe,6,,0,False,False,False,False,False
G5.34_broad_probe|maze-32-32-4|100|243|1000|0,maze-32-32-4|100|243|1000|0,G5.34_broad_probe,6,,0,False,False,False,False,False
G5.34_broad_probe|maze-32-32-4|100|243|2000|0,maze-32-32-4|100|243|2000|0,G5.34_broad_probe,6,,0,False,False,False,False,False
G5.34_broad_probe|maze-32-32-4|100|243|500|0,maze-32-32-4|100|243|500|0,G5.34_broad_probe,6,,0,False,False,False,False,False
G5.34_broad_probe|maze-32-32-4|100|244|1000|0,maze-32-32-4|100|244|1000|0,G5.34_broad_probe,6,,0,False,False,False,False,False
G5.34_broad_probe|maze-32-32-4|100|244|2000|0,maze-32-32-4|100|244|2000|0,G5.34_broad_probe,6,,0,False,False,False,False,False
G5.34_broad_probe|maze-32-32-4|100|244|500|0,maze-32-32-4|100|244|500|0,G5.34_broad_probe,6,,0,False,False,False,False,False
G5.34_broad_probe|maze-32-32-4|100|245|1000|0,maze-32-32-4|100|245|1000|0,G5.34_broad_probe,6,,0,False,False,False,False,False
G5.34_broad_probe|maze-32-32-4|100|245|2000|0,maze-32-32-4|100|245|2000|0,G5.34_broad_probe,6,,0,False,False,False,False,False
G5.34_broad_probe|maze-32-32-4|100|245|500|0,maze-32-32-4|100|245|500|0,G5.34_broad_probe,6,,0,False,False,False,False,False
G5.34_broad_probe|maze-32-32-4|50|146|1000|0,maze-32-32-4|50|146|1000|0,G5.34_broad_probe,11,,0,False,False,False,False,False
G5.34_broad_probe|maze-32-32-4|50|146|1000|1,maze-32-32-4|50|146|1000|1,G5.34_broad_probe,3,,0,False,False,False,False,False
G5.34_broad_probe|maze-32-32-4|50|146|2000|0,maze-32-32-4|50|146|2000|0,G5.34_broad_probe,11,,0,False,False,False,False,False
G5.34_broad_probe|maze-32-32-4|50|146|2000|1,maze-32-32-4|50|146|2000|1,G5.34_broad_probe,11,repair5g59_block_heavy_flow_guard|repair5g59_flow_decay|repair5g59_high_beta_cap_safe|repair5g59_static_flow_shield|repair5g59_wait_conservative,5,False,False,False,False,False
G5.34_broad_probe|maze-32-32-4|50|146|500|0,maze-32-32-4|50|146|500|0,G5.34_broad_probe,11,,0,False,False,False,False,False
G5.34_broad_probe|maze-32-32-4|50|147|1000|0,maze-32-32-4|50|147|1000|0,G5.34_broad_probe,11,,0,False,False,False,False,False
G5.34_broad_probe|maze-32-32-4|50|147|1000|1,maze-32-32-4|50|147|1000|1,G5.34_broad_probe,1,,0,False,False,False,False,False
G5.34_broad_probe|maze-32-32-4|50|147|2000|0,maze-32-32-4|50|147|2000|0,G5.34_broad_probe,11,,0,False,False,False,False,False
G5.34_broad_probe|maze-32-32-4|50|147|2000|1,maze-32-32-4|50|147|2000|1,G5.34_broad_probe,11,repair5g59_block_heavy_flow_guard|repair5g59_high_beta_cap_safe|repair5g59_low_beta_high_cap|repair5g59_wait_conservative,4,False,False,False,False,False
G5.34_broad_probe|maze-32-32-4|50|147|500|0,maze-32-32-4|50|147|500|0,G5.34_broad_probe,11,,0,False,False,False,False,False
G5.34_broad_probe|maze-32-32-4|50|148|1000|0,maze-32-32-4|50|148|1000|0,G5.34_broad_probe,11,,0,False,False,False,False,False
G5.34_broad_probe|maze-32-32-4|50|148|1000|1,maze-32-32-4|50|148|1000|1,G5.34_broad_probe,1,,0,False,False,False,False,False
G5.34_broad_probe|maze-32-32-4|50|148|2000|0,maze-32-32-4|50|148|2000|0,G5.34_broad_probe,11,,0,False,False,False,False,False
G5.34_broad_probe|maze-32-32-4|50|148|2000|1,maze-32-32-4|50|148|2000|1,G5.34_broad_probe,11,repair5g59_commit_heavy_flow_guard|repair5g59_high_beta_cap_safe|repair5g59_low_beta_high_cap,3,False,False,False,False,False
G5.34_broad_probe|maze-32-32-4|50|148|500|0,maze-32-32-4|50|148|500|0,G5.34_broad_probe,11,,0,False,False,False,False,False
G5.34_broad_probe|maze-32-32-4|50|149|1000|0,maze-32-32-4|50|149|1000|0,G5.34_broad_probe,11,,0,False,False,False,False,False
G5.34_broad_probe|maze-32-32-4|50|149|1000|1,maze-32-32-4|50|149|1000|1,G5.34_broad_probe,1,,0,False,False,False,False,False
G5.34_broad_probe|maze-32-32-4|50|149|2000|0,maze-32-32-4|50|149|2000|0,G5.34_broad_probe,11,,0,False,False,False,False,False
G5.34_broad_probe|maze-32-32-4|50|149|2000|1,maze-32-32-4|50|149|2000|1,G5.34_broad_probe,11,repair5g59_block_heavy_flow_guard|repair5g59_low_beta_high_cap|repair5g59_wait_aggressive,3,False,False,False,False,False
G5.34_broad_probe|maze-32-32-4|50|149|500|0,maze-32-32-4|50|149|500|0,G5.34_broad_probe,11,,0,False,False,False,False,False
G5.34_broad_probe|maze-32-32-4|50|150|1000|0,maze-32-32-4|50|150|1000|0,G5.34_broad_probe,11,,0,False,False,False,False,False
G5.34_broad_probe|maze-32-32-4|50|150|1000|1,maze-32-32-4|50|150|1000|1,G5.34_broad_probe,1,,0,False,False,False,False,False
G5.34_broad_probe|maze-32-32-4|50|150|2000|0,maze-32-32-4|50|150|2000|0,G5.34_broad_probe,11,,0,False,False,False,False,False
G5.34_broad_probe|maze-32-32-4|50|150|2000|1,maze-32-32-4|50|150|2000|1,G5.34_broad_probe,11,repair5g59_block_heavy_flow_guard|repair5g59_high_beta_cap_safe|repair5g59_low_beta_high_cap|repair5g59_wait_aggressive,4,False,False,False,False,False
G5.34_broad_probe|maze-32-32-4|50|150|500|0,maze-32-32-4|50|150|500|0,G5.34_broad_probe,11,,0,False,False,False,False,False
G5.34_broad_probe|maze-32-32-4|50|151|1000|0,maze-32-32-4|50|151|1000|0,G5.34_broad_probe,11,,0,False,False,False,False,False
G5.34_broad_probe|maze-32-32-4|50|151|1000|1,maze-32-32-4|50|151|1000|1,G5.34_broad_probe,1,,0,False,False,False,False,False
G5.34_broad_probe|maze-32-32-4|50|151|2000|0,maze-32-32-4|50|151|2000|0,G5.34_broad_probe,11,,0,False,False,False,False,False
G5.34_broad_probe|maze-32-32-4|50|151|2000|1,maze-32-32-4|50|151|2000|1,G5.34_broad_probe,11,repair5g59_commit_heavy_flow_guard|repair5g59_flow_decay|repair5g59_static_flow_shield|repair5g59_wait_conservative,4,False,False,False,False,False
G5.34_broad_probe|maze-32-32-4|50|151|500|0,maze-32-32-4|50|151|500|0,G5.34_broad_probe,11,,0,False,False,False,False,False
G5.34_broad_probe|maze-32-32-4|50|152|1000|0,maze-32-32-4|50|152|1000|0,G5.34_broad_probe,11,,0,False,False,False,False,False
G5.34_broad_probe|maze-32-32-4|50|152|1000|1,maze-32-32-4|50|152|1000|1,G5.34_broad_probe,1,,0,False,False,False,False,False
G5.34_broad_probe|maze-32-32-4|50|152|2000|0,maze-32-32-4|50|152|2000|0,G5.34_broad_probe,11,,0,False,False,False,False,False
G5.34_broad_probe|maze-32-32-4|50|152|2000|1,maze-32-32-4|50|152|2000|1,G5.34_broad_probe,11,repair5g59_additive_fallback|repair5g59_block_heavy_flow_guard|repair5g59_commit_heavy_flow_guard|repair5g59_flow_decay|repair5g59_light_cong_light_flow|repair5g59_static_flow_shield|repair5g59_wait_aggressive|repair5g59_wait_conservative,8,False,False,False,False,False
G5.34_broad_probe|maze-32-32-4|50|152|500|0,maze-32-32-4|50|152|500|0,G5.34_broad_probe,11,,0,False,False,False,False,False
G5.34_broad_probe|maze-32-32-4|50|153|1000|0,maze-32-32-4|50|153|1000|0,G5.34_broad_probe,11,,0,False,False,False,False,False
G5.34_broad_probe|maze-32-32-4|50|153|2000|0,maze-32-32-4|50|153|2000|0,G5.34_broad_probe,11,,0,False,False,False,False,False
G5.34_broad_probe|maze-32-32-4|50|153|2000|1,maze-32-32-4|50|153|2000|1,G5.34_broad_probe,11,repair5g59_commit_heavy_flow_guard|repair5g59_high_beta_cap_safe|repair5g59_wait_conservative,3,False,False,False,False,False
G5.34_broad_probe|maze-32-32-4|50|153|500|0,maze-32-32-4|50|153|500|0,G5.34_broad_probe,11,,0,False,False,False,False,False
G5.34_broad_probe|maze-32-32-4|50|154|1000|0,maze-32-32-4|50|154|1000|0,G5.34_broad_probe,11,,0,False,False,False,False,False
G5.34_broad_probe|maze-32-32-4|50|154|1000|1,maze-32-32-4|50|154|1000|1,G5.34_broad_probe,1,,0,False,False,False,False,False
G5.34_broad_probe|maze-32-32-4|50|154|2000|0,maze-32-32-4|50|154|2000|0,G5.34_broad_probe,11,,0,False,False,False,False,False
G5.34_broad_probe|maze-32-32-4|50|154|2000|1,maze-32-32-4|50|154|2000|1,G5.34_broad_probe,11,repair5g59_high_beta_cap_safe|repair5g59_low_beta_high_cap,2,False,False,False,False,False
G5.34_broad_probe|maze-32-32-4|50|154|500|0,maze-32-32-4|50|154|500|0,G5.34_broad_probe,11,,0,False,False,False,False,False
G5.34_broad_probe|maze-32-32-4|50|155|1000|0,maze-32-32-4|50|155|1000|0,G5.34_broad_probe,11,,0,False,False,False,False,False
G5.34_broad_probe|maze-32-32-4|50|155|2000|0,maze-32-32-4|50|155|2000|0,G5.34_broad_probe,11,,0,False,False,False,False,False
G5.34_broad_probe|maze-32-32-4|50|155|2000|1,maze-32-32-4|50|155|2000|1,G5.34_broad_probe,11,repair5g59_wait_conservative,1,False,False,False,False,False
G5.34_broad_probe|maze-32-32-4|50|155|500|0,maze-32-32-4|50|155|500|0,G5.34_broad_probe,11,,0,False,False,False,False,False
G5.34_broad_probe|maze-32-32-4|50|160|1000|0,maze-32-32-4|50|160|1000|0,G5.34_broad_probe,22,,0,False,False,False,False,False
G5.34_broad_probe|maze-32-32-4|50|160|2000|0,maze-32-32-4|50|160|2000|0,G5.34_broad_probe,22,repair5g518_grid_c1p25_b1p25_f1p00_w0p75_dc0p95_df0p9_beta0p35_max0p75_c0|repair5g518_grid_c1p25_b1p25_f1p00_w0p75_dc0p95_df1p00_beta0p35_max0p75_c0|repair5g518_grid_c1p25_b1p25_f1p00_w0p75_dc0p95_df1p00_beta0p5_max1p00_c0|repair5g518_grid_c1p25_b1p25_f1p00_w0p75_dc0p95_df1p00_beta0p7_max1p00_c0|repair5g59_flow_decay|repair5g59_static_flow_shield,6,False,False,False,False,False
G5.34_broad_probe|maze-32-32-4|50|160|500|0,maze-32-32-4|50|160|500|0,G5.34_broad_probe,22,,0,False,False,False,False,False
G5.34_broad_probe|maze-32-32-4|50|161|1000|0,maze-32-32-4|50|161|1000|0,G5.34_broad_probe,22,,0,False,False,False,False,False
G5.34_broad_probe|maze-32-32-4|50|161|1000|1,maze-32-32-4|50|161|1000|1,G5.34_broad_probe,1,,0,False,False,False,False,False
G5.34_broad_probe|maze-32-32-4|50|161|2000|0,maze-32-32-4|50|161|2000|0,G5.34_broad_probe,22,,0,False,False,False,False,False
G5.34_broad_probe|maze-32-32-4|50|161|500|0,maze-32-32-4|50|161|500|0,G5.34_broad_probe,22,,0,False,False,False,False,False
G5.34_broad_probe|maze-32-32-4|50|162|1000|0,maze-32-32-4|50|162|1000|0,G5.34_broad_probe,22,,0,False,False,False,False,False
G5.34_broad_probe|maze-32-32-4|50|162|2000|0,maze-32-32-4|50|162|2000|0,G5.34_broad_probe,22,repair5g518_grid_c1p25_b1p25_f1p00_w0p75_dc0p95_df1p00_beta0p5_max1p00_c0|repair5g518_grid_c1p25_b1p25_f1p00_w0p75_dc0p95_df1p00_beta0p6_max1p00_c0|repair5g518_grid_c1p25_b1p25_f1p00_w0p75_dc0p95_df1p00_beta0p7_max1p00_c0|repair5g59_commit_heavy_flow_guard|repair5g59_high_beta_cap_safe|repair5g59_low_beta_high_cap|repair5g59_wait_aggressive,7,False,False,False,False,False
G5.34_broad_probe|maze-32-32-4|50|162|2000|1,maze-32-32-4|50|162|2000|1,G5.34_broad_probe,3,,0,False,False,False,False,False
G5.34_broad_probe|maze-32-32-4|50|162|500|0,maze-32-32-4|50|162|500|0,G5.34_broad_probe,22,,0,False,False,False,False,False
G5.34_broad_probe|maze-32-32-4|50|163|1000|0,maze-32-32-4|50|163|1000|0,G5.34_broad_probe,22,,0,False,False,False,False,False
G5.34_broad_probe|maze-32-32-4|50|163|2000|0,maze-32-32-4|50|163|2000|0,G5.34_broad_probe,22,,0,False,False,False,False,False
G5.34_broad_probe|maze-32-32-4|50|163|2000|1,maze-32-32-4|50|163|2000|1,G5.34_broad_probe,1,,0,False,False,False,False,False
G5.34_broad_probe|maze-32-32-4|50|163|500|0,maze-32-32-4|50|163|500|0,G5.34_broad_probe,22,,0,False,False,False,False,False
G5.34_broad_probe|maze-32-32-4|50|164|1000|0,maze-32-32-4|50|164|1000|0,G5.34_broad_probe,22,,0,False,False,False,False,False
G5.34_broad_probe|maze-32-32-4|50|164|2000|0,maze-32-32-4|50|164|2000|0,G5.34_broad_probe,22,repair5g518_grid_c1p25_b1p25_f1p00_w0p65_dc0p95_df1p00_beta0p35_max0p75_c0|repair5g518_grid_c1p25_b1p25_f1p00_w0p75_dc0p95_df0p9_beta0p35_max0p75_c0|repair5g518_grid_c1p25_b1p25_f1p00_w0p75_dc0p95_df1p00_beta0p35_max0p75_c0|repair5g518_grid_c1p25_b1p25_f1p00_w0p75_dc0p95_df1p00_beta0p5_max0p75_c0|repair5g518_grid_c1p25_b1p25_f1p00_w0p75_dc0p95_df1p00_beta0p7_max0p75_c0|repair5g518_grid_c1p25_b1p25_f1p00_w0p75_dc0p95_df1p00_beta0p7_max1p00_c0|repair5g59_high_beta_cap_safe|repair5g59_static_flow_shield|repair5g59_wait_aggressive|repair5g59_wait_conservative,10,False,False,False,False,False
G5.34_broad_probe|maze-32-32-4|50|164|2000|1,maze-32-32-4|50|164|2000|1,G5.34_broad_probe,5,,0,False,False,False,False,False
G5.34_broad_probe|maze-32-32-4|50|164|500|0,maze-32-32-4|50|164|500|0,G5.34_broad_probe,22,,0,False,False,False,False,False
G5.34_broad_probe|maze-32-32-4|50|165|1000|0,maze-32-32-4|50|165|1000|0,G5.34_broad_probe,22,,0,False,False,False,False,False
G5.34_broad_probe|maze-32-32-4|50|165|2000|0,maze-32-32-4|50|165|2000|0,G5.34_broad_probe,22,repair5g518_grid_c1p25_b1p25_f1p00_w0p35_dc0p95_df1p00_beta0p35_max0p75_c0|repair5g518_grid_c1p25_b1p25_f1p00_w0p75_dc0p95_df1p00_beta0p35_max0p75_c0|repair5g518_grid_c1p25_b1p25_f1p00_w0p75_dc0p95_df1p00_beta0p5_max0p75_c0|repair5g518_grid_c1p25_b1p25_f1p00_w0p75_dc0p95_df1p00_beta0p6_max1p00_c0|repair5g518_grid_c1p25_b1p25_f1p00_w0p75_dc0p95_df1p00_beta0p7_max1p00_c0|repair5g59_commit_heavy_flow_guard|repair5g59_flow_decay|repair5g59_high_beta_cap_safe|repair5g59_static_flow_shield|repair5g59_wait_aggressive|repair5g59_wait_conservative,11,False,False,False,False,False
G5.34_broad_probe|maze-32-32-4|50|165|2000|1,maze-32-32-4|50|165|2000|1,G5.34_broad_probe,1,,0,False,False,False,False,False
G5.34_broad_probe|maze-32-32-4|50|165|500|0,maze-32-32-4|50|165|500|0,G5.34_broad_probe,22,,0,False,False,False,False,False
G5.34_broad_probe|maze-32-32-4|50|206|1000|0,maze-32-32-4|50|206|1000|0,G5.34_broad_probe,22,,0,False,False,False,False,False
G5.34_broad_probe|maze-32-32-4|50|206|2000|0,maze-32-32-4|50|206|2000|0,G5.34_broad_probe,6,,0,False,False,False,False,False
G5.34_broad_probe|maze-32-32-4|50|206|500|0,maze-32-32-4|50|206|500|0,G5.34_broad_probe,22,,0,False,False,False,False,False
G5.34_broad_probe|maze-32-32-4|50|207|1000|0,maze-32-32-4|50|207|1000|0,G5.34_broad_probe,22,,0,False,False,False,False,False
G5.34_broad_probe|maze-32-32-4|50|207|1000|1,maze-32-32-4|50|207|1000|1,G5.34_broad_probe,1,,0,False,False,False,False,False
G5.34_broad_probe|maze-32-32-4|50|207|500|0,maze-32-32-4|50|207|500|0,G5.34_broad_probe,22,,0,False,False,False,False,False
G5.34_broad_probe|maze-32-32-4|50|208|1000|0,maze-32-32-4|50|208|1000|0,G5.34_broad_probe,22,,0,False,False,False,False,False
G5.34_broad_probe|maze-32-32-4|50|208|500|0,maze-32-32-4|50|208|500|0,G5.34_broad_probe,22,,0,False,False,False,False,False
G5.34_broad_probe|maze-32-32-4|50|209|1000|0,maze-32-32-4|50|209|1000|0,G5.34_broad_probe,22,,0,False,False,False,False,False
G5.34_broad_probe|maze-32-32-4|50|209|500|0,maze-32-32-4|50|209|500|0,G5.34_broad_probe,22,,0,False,False,False,False,False
G5.34_broad_probe|maze-32-32-4|50|210|1000|0,maze-32-32-4|50|210|1000|0,G5.34_broad_probe,22,,0,False,False,False,False,False
G5.34_broad_probe|maze-32-32-4|50|210|500|0,maze-32-32-4|50|210|500|0,G5.34_broad_probe,22,,0,False,False,False,False,False
G5.34_broad_probe|maze-32-32-4|50|211|1000|0,maze-32-32-4|50|211|1000|0,G5.34_broad_probe,22,,0,False,False,False,False,False
G5.34_broad_probe|maze-32-32-4|50|211|500|0,maze-32-32-4|50|211|500|0,G5.34_broad_probe,22,,0,False,False,False,False,False
G5.34_broad_probe|maze-32-32-4|50|218|1000|0,maze-32-32-4|50|218|1000|0,G5.34_broad_probe,6,,0,False,False,False,False,False
G5.34_broad_probe|maze-32-32-4|50|218|2000|0,maze-32-32-4|50|218|2000|0,G5.34_broad_probe,6,,0,False,False,False,False,False
G5.34_broad_probe|maze-32-32-4|50|218|500|0,maze-32-32-4|50|218|500|0,G5.34_broad_probe,6,,0,False,False,False,False,False
G5.34_broad_probe|maze-32-32-4|50|219|1000|0,maze-32-32-4|50|219|1000|0,G5.34_broad_probe,6,,0,False,False,False,False,False
G5.34_broad_probe|maze-32-32-4|50|219|2000|0,maze-32-32-4|50|219|2000|0,G5.34_broad_probe,6,,0,False,False,False,False,False
G5.34_broad_probe|maze-32-32-4|50|219|500|0,maze-32-32-4|50|219|500|0,G5.34_broad_probe,6,,0,False,False,False,False,False
G5.34_broad_probe|maze-32-32-4|50|220|1000|0,maze-32-32-4|50|220|1000|0,G5.34_broad_probe,6,,0,False,False,False,False,False
G5.34_broad_probe|maze-32-32-4|50|220|2000|0,maze-32-32-4|50|220|2000|0,G5.34_broad_probe,6,,0,False,False,False,False,False
G5.34_broad_probe|maze-32-32-4|50|220|500|0,maze-32-32-4|50|220|500|0,G5.34_broad_probe,6,,0,False,False,False,False,False
G5.34_broad_probe|maze-32-32-4|50|221|1000|0,maze-32-32-4|50|221|1000|0,G5.34_broad_probe,6,,0,False,False,False,False,False
G5.34_broad_probe|maze-32-32-4|50|221|2000|0,maze-32-32-4|50|221|2000|0,G5.34_broad_probe,6,,0,False,False,False,False,False
G5.34_broad_probe|maze-32-32-4|50|221|2000|1,maze-32-32-4|50|221|2000|1,G5.34_broad_probe,2,,0,False,False,False,False,False
G5.34_broad_probe|maze-32-32-4|50|221|500|0,maze-32-32-4|50|221|500|0,G5.34_broad_probe,6,,0,False,False,False,False,False
G5.34_broad_probe|maze-32-32-4|50|222|1000|0,maze-32-32-4|50|222|1000|0,G5.34_broad_probe,6,,0,False,False,False,False,False
G5.34_broad_probe|maze-32-32-4|50|222|2000|0,maze-32-32-4|50|222|2000|0,G5.34_broad_probe,6,,0,False,False,False,False,False
G5.34_broad_probe|maze-32-32-4|50|222|500|0,maze-32-32-4|50|222|500|0,G5.34_broad_probe,6,,0,False,False,False,False,False
G5.34_broad_probe|maze-32-32-4|50|223|1000|0,maze-32-32-4|50|223|1000|0,G5.34_broad_probe,6,,0,False,False,False,False,False
G5.34_broad_probe|maze-32-32-4|50|223|2000|0,maze-32-32-4|50|223|2000|0,G5.34_broad_probe,6,,0,False,False,False,False,False
G5.34_broad_probe|maze-32-32-4|50|223|2000|1,maze-32-32-4|50|223|2000|1,G5.34_broad_probe,2,,0,False,False,False,False,False
G5.34_broad_probe|maze-32-32-4|50|223|500|0,maze-32-32-4|50|223|500|0,G5.34_broad_probe,6,,0,False,False,False,False,False
G5.34_broad_probe|maze-32-32-4|50|224|1000|0,maze-32-32-4|50|224|1000|0,G5.34_broad_probe,6,,0,False,False,False,False,False
G5.34_broad_probe|maze-32-32-4|50|224|2000|0,maze-32-32-4|50|224|2000|0,G5.34_broad_probe,6,,0,False,False,False,False,False
G5.34_broad_probe|maze-32-32-4|50|224|500|0,maze-32-32-4|50|224|500|0,G5.34_broad_probe,6,,0,False,False,False,False,False
G5.34_broad_probe|maze-32-32-4|50|225|1000|0,maze-32-32-4|50|225|1000|0,G5.34_broad_probe,6,,0,False,False,False,False,False
G5.34_broad_probe|maze-32-32-4|50|225|2000|0,maze-32-32-4|50|225|2000|0,G5.34_broad_probe,6,,0,False,False,False,False,False
G5.34_broad_probe|maze-32-32-4|50|225|500|0,maze-32-32-4|50|225|500|0,G5.34_broad_probe,6,,0,False,False,False,False,False
G5.34_broad_probe|maze-32-32-4|50|226|1000|0,maze-32-32-4|50|226|1000|0,G5.34_broad_probe,6,,0,False,False,False,False,False
G5.34_broad_probe|maze-32-32-4|50|226|2000|0,maze-32-32-4|50|226|2000|0,G5.34_broad_probe,6,,0,False,False,False,False,False
G5.34_broad_probe|maze-32-32-4|50|226|500|0,maze-32-32-4|50|226|500|0,G5.34_broad_probe,6,,0,False,False,False,False,False
G5.34_broad_probe|maze-32-32-4|50|227|1000|0,maze-32-32-4|50|227|1000|0,G5.34_broad_probe,6,,0,False,False,False,False,False
G5.34_broad_probe|maze-32-32-4|50|227|2000|0,maze-32-32-4|50|227|2000|0,G5.34_broad_probe,6,,0,False,False,False,False,False
G5.34_broad_probe|maze-32-32-4|50|227|500|0,maze-32-32-4|50|227|500|0,G5.34_broad_probe,6,,0,False,False,False,False,False
G5.34_broad_probe|maze-32-32-4|50|228|1000|0,maze-32-32-4|50|228|1000|0,G5.34_broad_probe,6,,0,False,False,False,False,False
G5.34_broad_probe|maze-32-32-4|50|228|2000|0,maze-32-32-4|50|228|2000|0,G5.34_broad_probe,6,,0,False,False,False,False,False
G5.34_broad_probe|maze-32-32-4|50|228|2000|1,maze-32-32-4|50|228|2000|1,G5.34_broad_probe,1,,0,False,False,False,False,False
G5.34_broad_probe|maze-32-32-4|50|228|500|0,maze-32-32-4|50|228|500|0,G5.34_broad_probe,6,,0,False,False,False,False,False
G5.34_broad_probe|maze-32-32-4|50|229|1000|0,maze-32-32-4|50|229|1000|0,G5.34_broad_probe,6,,0,False,False,False,False,False
G5.34_broad_probe|maze-32-32-4|50|229|2000|0,maze-32-32-4|50|229|2000|0,G5.34_broad_probe,6,,0,False,False,False,False,False
G5.34_broad_probe|maze-32-32-4|50|229|500|0,maze-32-32-4|50|229|500|0,G5.34_broad_probe,6,,0,False,False,False,False,False
G5.34_broad_probe|maze-32-32-4|50|230|1000|0,maze-32-32-4|50|230|1000|0,G5.34_broad_probe,6,,0,False,False,False,False,False
G5.34_broad_probe|maze-32-32-4|50|230|2000|0,maze-32-32-4|50|230|2000|0,G5.34_broad_probe,6,,0,False,False,False,False,False
G5.34_broad_probe|maze-32-32-4|50|230|500|0,maze-32-32-4|50|230|500|0,G5.34_broad_probe,6,,0,False,False,False,False,False
G5.34_broad_probe|maze-32-32-4|50|231|1000|0,maze-32-32-4|50|231|1000|0,G5.34_broad_probe,6,,0,False,False,False,False,False
G5.34_broad_probe|maze-32-32-4|50|231|2000|0,maze-32-32-4|50|231|2000|0,G5.34_broad_probe,6,,0,False,False,False,False,False
G5.34_broad_probe|maze-32-32-4|50|231|500|0,maze-32-32-4|50|231|500|0,G5.34_broad_probe,6,,0,False,False,False,False,False
G5.34_broad_probe|maze-32-32-4|50|232|1000|0,maze-32-32-4|50|232|1000|0,G5.34_broad_probe,6,,0,False,False,False,False,False
G5.34_broad_probe|maze-32-32-4|50|232|2000|0,maze-32-32-4|50|232|2000|0,G5.34_broad_probe,6,,0,False,False,False,False,False
G5.34_broad_probe|maze-32-32-4|50|232|500|0,maze-32-32-4|50|232|500|0,G5.34_broad_probe,6,,0,False,False,False,False,False
G5.34_broad_probe|maze-32-32-4|50|233|1000|0,maze-32-32-4|50|233|1000|0,G5.34_broad_probe,6,,0,False,False,False,False,False
G5.34_broad_probe|maze-32-32-4|50|233|2000|0,maze-32-32-4|50|233|2000|0,G5.34_broad_probe,6,,0,False,False,False,False,False
G5.34_broad_probe|maze-32-32-4|50|233|2000|1,maze-32-32-4|50|233|2000|1,G5.34_broad_probe,1,,0,False,False,False,False,False
G5.34_broad_probe|maze-32-32-4|50|233|500|0,maze-32-32-4|50|233|500|0,G5.34_broad_probe,6,,0,False,False,False,False,False
G5.34_broad_probe|maze-32-32-4|50|234|1000|0,maze-32-32-4|50|234|1000|0,G5.34_broad_probe,6,,0,False,False,False,False,False
G5.34_broad_probe|maze-32-32-4|50|234|2000|0,maze-32-32-4|50|234|2000|0,G5.34_broad_probe,6,,0,False,False,False,False,False
G5.34_broad_probe|maze-32-32-4|50|234|500|0,maze-32-32-4|50|234|500|0,G5.34_broad_probe,6,,0,False,False,False,False,False
G5.34_broad_probe|maze-32-32-4|50|235|1000|0,maze-32-32-4|50|235|1000|0,G5.34_broad_probe,6,,0,False,False,False,False,False
G5.34_broad_probe|maze-32-32-4|50|235|2000|0,maze-32-32-4|50|235|2000|0,G5.34_broad_probe,6,,0,False,False,False,False,False
G5.34_broad_probe|maze-32-32-4|50|235|500|0,maze-32-32-4|50|235|500|0,G5.34_broad_probe,6,,0,False,False,False,False,False
G5.34_broad_probe|maze-32-32-4|50|236|1000|0,maze-32-32-4|50|236|1000|0,G5.34_broad_probe,6,,0,False,False,False,False,False
G5.34_broad_probe|maze-32-32-4|50|236|2000|0,maze-32-32-4|50|236|2000|0,G5.34_broad_probe,6,,0,False,False,False,False,False
G5.34_broad_probe|maze-32-32-4|50|236|500|0,maze-32-32-4|50|236|500|0,G5.34_broad_probe,6,,0,False,False,False,False,False
G5.34_broad_probe|maze-32-32-4|50|237|1000|0,maze-32-32-4|50|237|1000|0,G5.34_broad_probe,6,,0,False,False,False,False,False
G5.34_broad_probe|maze-32-32-4|50|237|2000|0,maze-32-32-4|50|237|2000|0,G5.34_broad_probe,6,,0,False,False,False,False,False
G5.34_broad_probe|maze-32-32-4|50|237|500|0,maze-32-32-4|50|237|500|0,G5.34_broad_probe,6,,0,False,False,False,False,False
G5.34_broad_probe|maze-32-32-4|50|238|1000|0,maze-32-32-4|50|238|1000|0,G5.34_broad_probe,6,,0,False,False,False,False,False
G5.34_broad_probe|maze-32-32-4|50|238|2000|0,maze-32-32-4|50|238|2000|0,G5.34_broad_probe,6,,0,False,False,False,False,False
G5.34_broad_probe|maze-32-32-4|50|238|500|0,maze-32-32-4|50|238|500|0,G5.34_broad_probe,6,,0,False,False,False,False,False
G5.34_broad_probe|maze-32-32-4|50|239|1000|0,maze-32-32-4|50|239|1000|0,G5.34_broad_probe,6,,0,False,False,False,False,False
G5.34_broad_probe|maze-32-32-4|50|239|2000|0,maze-32-32-4|50|239|2000|0,G5.34_broad_probe,6,,0,False,False,False,False,False
G5.34_broad_probe|maze-32-32-4|50|239|500|0,maze-32-32-4|50|239|500|0,G5.34_broad_probe,6,,0,False,False,False,False,False
G5.34_broad_probe|maze-32-32-4|50|240|1000|0,maze-32-32-4|50|240|1000|0,G5.34_broad_probe,6,,0,False,False,False,False,False
G5.34_broad_probe|maze-32-32-4|50|240|2000|0,maze-32-32-4|50|240|2000|0,G5.34_broad_probe,6,,0,False,False,False,False,False
G5.34_broad_probe|maze-32-32-4|50|240|500|0,maze-32-32-4|50|240|500|0,G5.34_broad_probe,6,,0,False,False,False,False,False
G5.34_broad_probe|maze-32-32-4|50|241|1000|0,maze-32-32-4|50|241|1000|0,G5.34_broad_probe,6,,0,False,False,False,False,False
G5.34_broad_probe|maze-32-32-4|50|241|2000|0,maze-32-32-4|50|241|2000|0,G5.34_broad_probe,6,,0,False,False,False,False,False
G5.34_broad_probe|maze-32-32-4|50|241|500|0,maze-32-32-4|50|241|500|0,G5.34_broad_probe,6,,0,False,False,False,False,False
G5.34_broad_probe|maze-32-32-4|50|242|1000|0,maze-32-32-4|50|242|1000|0,G5.34_broad_probe,6,,0,False,False,False,False,False
G5.34_broad_probe|maze-32-32-4|50|242|2000|0,maze-32-32-4|50|242|2000|0,G5.34_broad_probe,6,,0,False,False,False,False,False
G5.34_broad_probe|maze-32-32-4|50|242|500|0,maze-32-32-4|50|242|500|0,G5.34_broad_probe,6,,0,False,False,False,False,False
G5.34_broad_probe|maze-32-32-4|50|243|1000|0,maze-32-32-4|50|243|1000|0,G5.34_broad_probe,6,,0,False,False,False,False,False
G5.34_broad_probe|maze-32-32-4|50|243|2000|0,maze-32-32-4|50|243|2000|0,G5.34_broad_probe,6,,0,False,False,False,False,False
G5.34_broad_probe|maze-32-32-4|50|243|500|0,maze-32-32-4|50|243|500|0,G5.34_broad_probe,6,,0,False,False,False,False,False
G5.34_broad_probe|maze-32-32-4|50|244|1000|0,maze-32-32-4|50|244|1000|0,G5.34_broad_probe,6,,0,False,False,False,False,False
G5.34_broad_probe|maze-32-32-4|50|244|2000|0,maze-32-32-4|50|244|2000|0,G5.34_broad_probe,6,,0,False,False,False,False,False
G5.34_broad_probe|maze-32-32-4|50|244|500|0,maze-32-32-4|50|244|500|0,G5.34_broad_probe,6,,0,False,False,False,False,False
G5.34_broad_probe|maze-32-32-4|50|245|1000|0,maze-32-32-4|50|245|1000|0,G5.34_broad_probe,6,,0,False,False,False,False,False
G5.34_broad_probe|maze-32-32-4|50|245|2000|0,maze-32-32-4|50|245|2000|0,G5.34_broad_probe,6,,0,False,False,False,False,False
G5.34_broad_probe|maze-32-32-4|50|245|500|0,maze-32-32-4|50|245|500|0,G5.34_broad_probe,6,,0,False,False,False,False,False
G5.34_broad_probe|random-32-32-20|100|146|1000|0,random-32-32-20|100|146|1000|0,G5.34_broad_probe,11,,0,False,False,False,False,False
G5.34_broad_probe|random-32-32-20|100|146|2000|0,random-32-32-20|100|146|2000|0,G5.34_broad_probe,11,,0,False,False,False,False,False
G5.34_broad_probe|random-32-32-20|100|146|2000|1,random-32-32-20|100|146|2000|1,G5.34_broad_probe,11,,0,False,False,False,False,False
G5.34_broad_probe|random-32-32-20|100|146|500|0,random-32-32-20|100|146|500|0,G5.34_broad_probe,11,,0,False,False,False,False,False
G5.34_broad_probe|random-32-32-20|100|147|1000|0,random-32-32-20|100|147|1000|0,G5.34_broad_probe,11,,0,False,False,False,False,False
G5.34_broad_probe|random-32-32-20|100|147|2000|0,random-32-32-20|100|147|2000|0,G5.34_broad_probe,11,,0,False,False,False,False,False
G5.34_broad_probe|random-32-32-20|100|147|2000|1,random-32-32-20|100|147|2000|1,G5.34_broad_probe,10,,0,False,False,False,False,False
G5.34_broad_probe|random-32-32-20|100|147|500|0,random-32-32-20|100|147|500|0,G5.34_broad_probe,11,,0,False,False,False,False,False
G5.34_broad_probe|random-32-32-20|100|148|1000|0,random-32-32-20|100|148|1000|0,G5.34_broad_probe,11,,0,False,False,False,False,False
G5.34_broad_probe|random-32-32-20|100|148|2000|0,random-32-32-20|100|148|2000|0,G5.34_broad_probe,11,,0,False,False,False,False,False
G5.34_broad_probe|random-32-32-20|100|148|2000|1,random-32-32-20|100|148|2000|1,G5.34_broad_probe,10,,0,False,False,False,False,False
G5.34_broad_probe|random-32-32-20|100|148|500|0,random-32-32-20|100|148|500|0,G5.34_broad_probe,11,,0,False,False,False,False,False
G5.34_broad_probe|random-32-32-20|100|149|1000|0,random-32-32-20|100|149|1000|0,G5.34_broad_probe,11,,0,False,False,False,False,False
G5.34_broad_probe|random-32-32-20|100|149|2000|0,random-32-32-20|100|149|2000|0,G5.34_broad_probe,11,,0,False,False,False,False,False
G5.34_broad_probe|random-32-32-20|100|149|2000|1,random-32-32-20|100|149|2000|1,G5.34_broad_probe,11,,0,False,False,False,False,False
G5.34_broad_probe|random-32-32-20|100|149|500|0,random-32-32-20|100|149|500|0,G5.34_broad_probe,11,,0,False,False,False,False,False
G5.34_broad_probe|random-32-32-20|100|150|1000|0,random-32-32-20|100|150|1000|0,G5.34_broad_probe,11,,0,False,False,False,False,False
G5.34_broad_probe|random-32-32-20|100|150|2000|0,random-32-32-20|100|150|2000|0,G5.34_broad_probe,11,,0,False,False,False,False,False
G5.34_broad_probe|random-32-32-20|100|150|500|0,random-32-32-20|100|150|500|0,G5.34_broad_probe,11,,0,False,False,False,False,False
G5.34_broad_probe|random-32-32-20|100|151|1000|0,random-32-32-20|100|151|1000|0,G5.34_broad_probe,11,,0,False,False,False,False,False
G5.34_broad_probe|random-32-32-20|100|151|2000|0,random-32-32-20|100|151|2000|0,G5.34_broad_probe,11,,0,False,False,False,False,False
G5.34_broad_probe|random-32-32-20|100|151|2000|1,random-32-32-20|100|151|2000|1,G5.34_broad_probe,11,,0,False,False,False,False,False
G5.34_broad_probe|random-32-32-20|100|151|500|0,random-32-32-20|100|151|500|0,G5.34_broad_probe,11,,0,False,False,False,False,False
G5.34_broad_probe|random-32-32-20|100|152|1000|0,random-32-32-20|100|152|1000|0,G5.34_broad_probe,11,,0,False,False,False,False,False
G5.34_broad_probe|random-32-32-20|100|152|2000|0,random-32-32-20|100|152|2000|0,G5.34_broad_probe,11,,0,False,False,False,False,False
G5.34_broad_probe|random-32-32-20|100|152|2000|1,random-32-32-20|100|152|2000|1,G5.34_broad_probe,10,,0,False,False,False,False,False
G5.34_broad_probe|random-32-32-20|100|152|500|0,random-32-32-20|100|152|500|0,G5.34_broad_probe,11,,0,False,False,False,False,False
G5.34_broad_probe|random-32-32-20|100|153|1000|0,random-32-32-20|100|153|1000|0,G5.34_broad_probe,11,,0,False,False,False,False,False
G5.34_broad_probe|random-32-32-20|100|153|2000|0,random-32-32-20|100|153|2000|0,G5.34_broad_probe,11,,0,False,False,False,False,False
G5.34_broad_probe|random-32-32-20|100|153|2000|1,random-32-32-20|100|153|2000|1,G5.34_broad_probe,10,,0,False,False,False,False,False
G5.34_broad_probe|random-32-32-20|100|153|500|0,random-32-32-20|100|153|500|0,G5.34_broad_probe,11,,0,False,False,False,False,False
G5.34_broad_probe|random-32-32-20|100|154|1000|0,random-32-32-20|100|154|1000|0,G5.34_broad_probe,11,,0,False,False,False,False,False
G5.34_broad_probe|random-32-32-20|100|154|2000|0,random-32-32-20|100|154|2000|0,G5.34_broad_probe,11,,0,False,False,False,False,False
G5.34_broad_probe|random-32-32-20|100|154|2000|1,random-32-32-20|100|154|2000|1,G5.34_broad_probe,10,,0,False,False,False,False,False
G5.34_broad_probe|random-32-32-20|100|154|500|0,random-32-32-20|100|154|500|0,G5.34_broad_probe,11,,0,False,False,False,False,False
G5.34_broad_probe|random-32-32-20|100|155|1000|0,random-32-32-20|100|155|1000|0,G5.34_broad_probe,11,,0,False,False,False,False,False
G5.34_broad_probe|random-32-32-20|100|155|2000|0,random-32-32-20|100|155|2000|0,G5.34_broad_probe,11,,0,False,False,False,False,False
G5.34_broad_probe|random-32-32-20|100|155|2000|1,random-32-32-20|100|155|2000|1,G5.34_broad_probe,10,,0,False,False,False,False,False
G5.34_broad_probe|random-32-32-20|100|155|500|0,random-32-32-20|100|155|500|0,G5.34_broad_probe,11,,0,False,False,False,False,False
G5.34_broad_probe|random-32-32-20|100|160|1000|0,random-32-32-20|100|160|1000|0,G5.34_broad_probe,22,,0,False,False,False,False,False
G5.34_broad_probe|random-32-32-20|100|160|2000|0,random-32-32-20|100|160|2000|0,G5.34_broad_probe,22,,0,False,False,False,False,False
G5.34_broad_probe|random-32-32-20|100|160|2000|1,random-32-32-20|100|160|2000|1,G5.34_broad_probe,2,,0,False,False,False,False,False
G5.34_broad_probe|random-32-32-20|100|160|500|0,random-32-32-20|100|160|500|0,G5.34_broad_probe,22,,0,False,False,False,False,False
G5.34_broad_probe|random-32-32-20|100|161|1000|0,random-32-32-20|100|161|1000|0,G5.34_broad_probe,22,,0,False,False,False,False,False
G5.34_broad_probe|random-32-32-20|100|161|2000|0,random-32-32-20|100|161|2000|0,G5.34_broad_probe,22,,0,False,False,False,False,False
G5.34_broad_probe|random-32-32-20|100|161|2000|1,random-32-32-20|100|161|2000|1,G5.34_broad_probe,10,,0,False,False,False,False,False
G5.34_broad_probe|random-32-32-20|100|161|500|0,random-32-32-20|100|161|500|0,G5.34_broad_probe,22,,0,False,False,False,False,False
G5.34_broad_probe|random-32-32-20|100|162|1000|0,random-32-32-20|100|162|1000|0,G5.34_broad_probe,22,,0,False,False,False,False,False
G5.34_broad_probe|random-32-32-20|100|162|2000|0,random-32-32-20|100|162|2000|0,G5.34_broad_probe,22,,0,False,False,False,False,False
G5.34_broad_probe|random-32-32-20|100|162|2000|1,random-32-32-20|100|162|2000|1,G5.34_broad_probe,9,,0,False,False,False,False,False
G5.34_broad_probe|random-32-32-20|100|162|500|0,random-32-32-20|100|162|500|0,G5.34_broad_probe,22,,0,False,False,False,False,False
G5.34_broad_probe|random-32-32-20|100|163|1000|0,random-32-32-20|100|163|1000|0,G5.34_broad_probe,22,,0,False,False,False,False,False
G5.34_broad_probe|random-32-32-20|100|163|2000|0,random-32-32-20|100|163|2000|0,G5.34_broad_probe,22,,0,False,False,False,False,False
G5.34_broad_probe|random-32-32-20|100|163|2000|1,random-32-32-20|100|163|2000|1,G5.34_broad_probe,4,,0,False,False,False,False,False
G5.34_broad_probe|random-32-32-20|100|163|500|0,random-32-32-20|100|163|500|0,G5.34_broad_probe,22,,0,False,False,False,False,False
G5.34_broad_probe|random-32-32-20|100|164|1000|0,random-32-32-20|100|164|1000|0,G5.34_broad_probe,22,,0,False,False,False,False,False
G5.34_broad_probe|random-32-32-20|100|164|2000|0,random-32-32-20|100|164|2000|0,G5.34_broad_probe,22,,0,False,False,False,False,False
G5.34_broad_probe|random-32-32-20|100|164|2000|1,random-32-32-20|100|164|2000|1,G5.34_broad_probe,9,,0,False,False,False,False,False
G5.34_broad_probe|random-32-32-20|100|164|500|0,random-32-32-20|100|164|500|0,G5.34_broad_probe,22,,0,False,False,False,False,False
G5.34_broad_probe|random-32-32-20|100|165|1000|0,random-32-32-20|100|165|1000|0,G5.34_broad_probe,22,,0,False,False,False,False,False
G5.34_broad_probe|random-32-32-20|100|165|2000|0,random-32-32-20|100|165|2000|0,G5.34_broad_probe,22,,0,False,False,False,False,False
G5.34_broad_probe|random-32-32-20|100|165|2000|1,random-32-32-20|100|165|2000|1,G5.34_broad_probe,8,,0,False,False,False,False,False
G5.34_broad_probe|random-32-32-20|100|165|500|0,random-32-32-20|100|165|500|0,G5.34_broad_probe,22,,0,False,False,False,False,False
G5.34_broad_probe|random-32-32-20|100|206|1000|0,random-32-32-20|100|206|1000|0,G5.34_broad_probe,22,,0,False,False,False,False,False
G5.34_broad_probe|random-32-32-20|100|206|500|0,random-32-32-20|100|206|500|0,G5.34_broad_probe,22,,0,False,False,False,False,False
G5.34_broad_probe|random-32-32-20|100|207|1000|0,random-32-32-20|100|207|1000|0,G5.34_broad_probe,22,,0,False,False,False,False,False
G5.34_broad_probe|random-32-32-20|100|207|500|0,random-32-32-20|100|207|500|0,G5.34_broad_probe,22,,0,False,False,False,False,False
G5.34_broad_probe|random-32-32-20|100|208|1000|0,random-32-32-20|100|208|1000|0,G5.34_broad_probe,22,,0,False,False,False,False,False
G5.34_broad_probe|random-32-32-20|100|208|500|0,random-32-32-20|100|208|500|0,G5.34_broad_probe,22,,0,False,False,False,False,False
G5.34_broad_probe|random-32-32-20|100|209|1000|0,random-32-32-20|100|209|1000|0,G5.34_broad_probe,22,,0,False,False,False,False,False
G5.34_broad_probe|random-32-32-20|100|209|500|0,random-32-32-20|100|209|500|0,G5.34_broad_probe,22,,0,False,False,False,False,False
G5.34_broad_probe|random-32-32-20|100|210|1000|0,random-32-32-20|100|210|1000|0,G5.34_broad_probe,22,,0,False,False,False,False,False
G5.34_broad_probe|random-32-32-20|100|210|500|0,random-32-32-20|100|210|500|0,G5.34_broad_probe,22,,0,False,False,False,False,False
G5.34_broad_probe|random-32-32-20|100|211|1000|0,random-32-32-20|100|211|1000|0,G5.34_broad_probe,22,,0,False,False,False,False,False
G5.34_broad_probe|random-32-32-20|100|211|500|0,random-32-32-20|100|211|500|0,G5.34_broad_probe,22,,0,False,False,False,False,False
G5.34_broad_probe|random-32-32-20|100|218|1000|0,random-32-32-20|100|218|1000|0,G5.34_broad_probe,6,,0,False,False,False,False,False
G5.34_broad_probe|random-32-32-20|100|218|2000|0,random-32-32-20|100|218|2000|0,G5.34_broad_probe,6,,0,False,False,False,False,False
G5.34_broad_probe|random-32-32-20|100|218|2000|1,random-32-32-20|100|218|2000|1,G5.34_broad_probe,2,,0,False,False,False,False,False
G5.34_broad_probe|random-32-32-20|100|218|500|0,random-32-32-20|100|218|500|0,G5.34_broad_probe,6,,0,False,False,False,False,False
G5.34_broad_probe|random-32-32-20|100|219|1000|0,random-32-32-20|100|219|1000|0,G5.34_broad_probe,6,,0,False,False,False,False,False
G5.34_broad_probe|random-32-32-20|100|219|2000|0,random-32-32-20|100|219|2000|0,G5.34_broad_probe,6,,0,False,False,False,False,False
G5.34_broad_probe|random-32-32-20|100|219|500|0,random-32-32-20|100|219|500|0,G5.34_broad_probe,6,,0,False,False,False,False,False
G5.34_broad_probe|random-32-32-20|100|220|1000|0,random-32-32-20|100|220|1000|0,G5.34_broad_probe,6,,0,False,False,False,False,False
G5.34_broad_probe|random-32-32-20|100|220|2000|0,random-32-32-20|100|220|2000|0,G5.34_broad_probe,6,,0,False,False,False,False,False
G5.34_broad_probe|random-32-32-20|100|220|2000|1,random-32-32-20|100|220|2000|1,G5.34_broad_probe,2,,0,False,False,False,False,False
G5.34_broad_probe|random-32-32-20|100|220|500|0,random-32-32-20|100|220|500|0,G5.34_broad_probe,6,,0,False,False,False,False,False
G5.34_broad_probe|random-32-32-20|100|221|1000|0,random-32-32-20|100|221|1000|0,G5.34_broad_probe,6,,0,False,False,False,False,False
G5.34_broad_probe|random-32-32-20|100|221|2000|0,random-32-32-20|100|221|2000|0,G5.34_broad_probe,6,,0,False,False,False,False,False
G5.34_broad_probe|random-32-32-20|100|221|2000|1,random-32-32-20|100|221|2000|1,G5.34_broad_probe,5,,0,False,False,False,False,False
G5.34_broad_probe|random-32-32-20|100|221|500|0,random-32-32-20|100|221|500|0,G5.34_broad_probe,6,,0,False,False,False,False,False
G5.34_broad_probe|random-32-32-20|100|222|1000|0,random-32-32-20|100|222|1000|0,G5.34_broad_probe,6,,0,False,False,False,False,False
G5.34_broad_probe|random-32-32-20|100|222|2000|0,random-32-32-20|100|222|2000|0,G5.34_broad_probe,6,,0,False,False,False,False,False
G5.34_broad_probe|random-32-32-20|100|222|2000|1,random-32-32-20|100|222|2000|1,G5.34_broad_probe,3,,0,False,False,False,False,False
G5.34_broad_probe|random-32-32-20|100|222|500|0,random-32-32-20|100|222|500|0,G5.34_broad_probe,6,,0,False,False,False,False,False
G5.34_broad_probe|random-32-32-20|100|223|1000|0,random-32-32-20|100|223|1000|0,G5.34_broad_probe,6,,0,False,False,False,False,False
G5.34_broad_probe|random-32-32-20|100|223|2000|0,random-32-32-20|100|223|2000|0,G5.34_broad_probe,6,,0,False,False,False,False,False
G5.34_broad_probe|random-32-32-20|100|223|2000|1,random-32-32-20|100|223|2000|1,G5.34_broad_probe,2,,0,False,False,False,False,False
G5.34_broad_probe|random-32-32-20|100|223|500|0,random-32-32-20|100|223|500|0,G5.34_broad_probe,6,,0,False,False,False,False,False
G5.34_broad_probe|random-32-32-20|100|224|1000|0,random-32-32-20|100|224|1000|0,G5.34_broad_probe,6,,0,False,False,False,False,False
G5.34_broad_probe|random-32-32-20|100|224|2000|0,random-32-32-20|100|224|2000|0,G5.34_broad_probe,6,,0,False,False,False,False,False
G5.34_broad_probe|random-32-32-20|100|224|500|0,random-32-32-20|100|224|500|0,G5.34_broad_probe,6,,0,False,False,False,False,False
G5.34_broad_probe|random-32-32-20|100|225|1000|0,random-32-32-20|100|225|1000|0,G5.34_broad_probe,6,,0,False,False,False,False,False
G5.34_broad_probe|random-32-32-20|100|225|2000|0,random-32-32-20|100|225|2000|0,G5.34_broad_probe,6,,0,False,False,False,False,False
G5.34_broad_probe|random-32-32-20|100|225|2000|1,random-32-32-20|100|225|2000|1,G5.34_broad_probe,2,,0,False,False,False,False,False
G5.34_broad_probe|random-32-32-20|100|225|500|0,random-32-32-20|100|225|500|0,G5.34_broad_probe,6,,0,False,False,False,False,False
G5.34_broad_probe|random-32-32-20|100|226|1000|0,random-32-32-20|100|226|1000|0,G5.34_broad_probe,6,,0,False,False,False,False,False
G5.34_broad_probe|random-32-32-20|100|226|2000|0,random-32-32-20|100|226|2000|0,G5.34_broad_probe,6,,0,False,False,False,False,False
G5.34_broad_probe|random-32-32-20|100|226|2000|1,random-32-32-20|100|226|2000|1,G5.34_broad_probe,1,,0,False,False,False,False,False
G5.34_broad_probe|random-32-32-20|100|226|500|0,random-32-32-20|100|226|500|0,G5.34_broad_probe,6,,0,False,False,False,False,False
G5.34_broad_probe|random-32-32-20|100|227|1000|0,random-32-32-20|100|227|1000|0,G5.34_broad_probe,6,,0,False,False,False,False,False
G5.34_broad_probe|random-32-32-20|100|227|2000|0,random-32-32-20|100|227|2000|0,G5.34_broad_probe,6,,0,False,False,False,False,False
G5.34_broad_probe|random-32-32-20|100|227|2000|1,random-32-32-20|100|227|2000|1,G5.34_broad_probe,4,,0,False,False,False,False,False
G5.34_broad_probe|random-32-32-20|100|227|500|0,random-32-32-20|100|227|500|0,G5.34_broad_probe,6,,0,False,False,False,False,False
G5.34_broad_probe|random-32-32-20|100|228|1000|0,random-32-32-20|100|228|1000|0,G5.34_broad_probe,6,,0,False,False,False,False,False
G5.34_broad_probe|random-32-32-20|100|228|2000|0,random-32-32-20|100|228|2000|0,G5.34_broad_probe,6,,0,False,False,False,False,False
G5.34_broad_probe|random-32-32-20|100|228|500|0,random-32-32-20|100|228|500|0,G5.34_broad_probe,6,,0,False,False,False,False,False
G5.34_broad_probe|random-32-32-20|100|229|1000|0,random-32-32-20|100|229|1000|0,G5.34_broad_probe,6,,0,False,False,False,False,False
G5.34_broad_probe|random-32-32-20|100|229|2000|0,random-32-32-20|100|229|2000|0,G5.34_broad_probe,6,,0,False,False,False,False,False
G5.34_broad_probe|random-32-32-20|100|229|2000|1,random-32-32-20|100|229|2000|1,G5.34_broad_probe,1,,0,False,False,False,False,False
G5.34_broad_probe|random-32-32-20|100|229|500|0,random-32-32-20|100|229|500|0,G5.34_broad_probe,6,,0,False,False,False,False,False
G5.34_broad_probe|random-32-32-20|100|230|1000|0,random-32-32-20|100|230|1000|0,G5.34_broad_probe,6,,0,False,False,False,False,False
G5.34_broad_probe|random-32-32-20|100|230|2000|0,random-32-32-20|100|230|2000|0,G5.34_broad_probe,6,,0,False,False,False,False,False
G5.34_broad_probe|random-32-32-20|100|230|2000|1,random-32-32-20|100|230|2000|1,G5.34_broad_probe,1,,0,False,False,False,False,False
G5.34_broad_probe|random-32-32-20|100|230|500|0,random-32-32-20|100|230|500|0,G5.34_broad_probe,6,,0,False,False,False,False,False
G5.34_broad_probe|random-32-32-20|100|231|1000|0,random-32-32-20|100|231|1000|0,G5.34_broad_probe,6,,0,False,False,False,False,False
G5.34_broad_probe|random-32-32-20|100|231|2000|0,random-32-32-20|100|231|2000|0,G5.34_broad_probe,6,,0,False,False,False,False,False
G5.34_broad_probe|random-32-32-20|100|231|2000|1,random-32-32-20|100|231|2000|1,G5.34_broad_probe,1,,0,False,False,False,False,False
G5.34_broad_probe|random-32-32-20|100|231|500|0,random-32-32-20|100|231|500|0,G5.34_broad_probe,6,,0,False,False,False,False,False
G5.34_broad_probe|random-32-32-20|100|232|1000|0,random-32-32-20|100|232|1000|0,G5.34_broad_probe,6,,0,False,False,False,False,False
G5.34_broad_probe|random-32-32-20|100|232|2000|0,random-32-32-20|100|232|2000|0,G5.34_broad_probe,6,,0,False,False,False,False,False
G5.34_broad_probe|random-32-32-20|100|232|500|0,random-32-32-20|100|232|500|0,G5.34_broad_probe,6,,0,False,False,False,False,False
G5.34_broad_probe|random-32-32-20|100|233|1000|0,random-32-32-20|100|233|1000|0,G5.34_broad_probe,6,,0,False,False,False,False,False
G5.34_broad_probe|random-32-32-20|100|233|2000|0,random-32-32-20|100|233|2000|0,G5.34_broad_probe,6,,0,False,False,False,False,False
G5.34_broad_probe|random-32-32-20|100|233|2000|1,random-32-32-20|100|233|2000|1,G5.34_broad_probe,2,,0,False,False,False,False,False
G5.34_broad_probe|random-32-32-20|100|233|500|0,random-32-32-20|100|233|500|0,G5.34_broad_probe,6,,0,False,False,False,False,False
G5.34_broad_probe|random-32-32-20|100|234|1000|0,random-32-32-20|100|234|1000|0,G5.34_broad_probe,6,,0,False,False,False,False,False
G5.34_broad_probe|random-32-32-20|100|234|2000|0,random-32-32-20|100|234|2000|0,G5.34_broad_probe,6,,0,False,False,False,False,False
G5.34_broad_probe|random-32-32-20|100|234|2000|1,random-32-32-20|100|234|2000|1,G5.34_broad_probe,3,,0,False,False,False,False,False
G5.34_broad_probe|random-32-32-20|100|234|500|0,random-32-32-20|100|234|500|0,G5.34_broad_probe,6,,0,False,False,False,False,False
G5.34_broad_probe|random-32-32-20|100|235|1000|0,random-32-32-20|100|235|1000|0,G5.34_broad_probe,6,,0,False,False,False,False,False
G5.34_broad_probe|random-32-32-20|100|235|2000|0,random-32-32-20|100|235|2000|0,G5.34_broad_probe,6,,0,False,False,False,False,False
G5.34_broad_probe|random-32-32-20|100|235|2000|1,random-32-32-20|100|235|2000|1,G5.34_broad_probe,1,,0,False,False,False,False,False
G5.34_broad_probe|random-32-32-20|100|235|500|0,random-32-32-20|100|235|500|0,G5.34_broad_probe,6,,0,False,False,False,False,False
G5.34_broad_probe|random-32-32-20|100|236|1000|0,random-32-32-20|100|236|1000|0,G5.34_broad_probe,6,,0,False,False,False,False,False
G5.34_broad_probe|random-32-32-20|100|236|2000|0,random-32-32-20|100|236|2000|0,G5.34_broad_probe,6,,0,False,False,False,False,False
G5.34_broad_probe|random-32-32-20|100|236|2000|1,random-32-32-20|100|236|2000|1,G5.34_broad_probe,1,,0,False,False,False,False,False
G5.34_broad_probe|random-32-32-20|100|236|500|0,random-32-32-20|100|236|500|0,G5.34_broad_probe,6,,0,False,False,False,False,False
G5.34_broad_probe|random-32-32-20|100|237|1000|0,random-32-32-20|100|237|1000|0,G5.34_broad_probe,6,,0,False,False,False,False,False
G5.34_broad_probe|random-32-32-20|100|237|2000|0,random-32-32-20|100|237|2000|0,G5.34_broad_probe,6,,0,False,False,False,False,False
G5.34_broad_probe|random-32-32-20|100|237|2000|1,random-32-32-20|100|237|2000|1,G5.34_broad_probe,1,,0,False,False,False,False,False
G5.34_broad_probe|random-32-32-20|100|237|500|0,random-32-32-20|100|237|500|0,G5.34_broad_probe,6,,0,False,False,False,False,False
G5.34_broad_probe|random-32-32-20|100|238|1000|0,random-32-32-20|100|238|1000|0,G5.34_broad_probe,6,,0,False,False,False,False,False
G5.34_broad_probe|random-32-32-20|100|238|2000|0,random-32-32-20|100|238|2000|0,G5.34_broad_probe,6,,0,False,False,False,False,False
G5.34_broad_probe|random-32-32-20|100|238|2000|1,random-32-32-20|100|238|2000|1,G5.34_broad_probe,1,,0,False,False,False,False,False
G5.34_broad_probe|random-32-32-20|100|238|500|0,random-32-32-20|100|238|500|0,G5.34_broad_probe,6,,0,False,False,False,False,False
G5.34_broad_probe|random-32-32-20|100|239|1000|0,random-32-32-20|100|239|1000|0,G5.34_broad_probe,6,,0,False,False,False,False,False
G5.34_broad_probe|random-32-32-20|100|239|2000|0,random-32-32-20|100|239|2000|0,G5.34_broad_probe,6,,0,False,False,False,False,False
G5.34_broad_probe|random-32-32-20|100|239|500|0,random-32-32-20|100|239|500|0,G5.34_broad_probe,6,,0,False,False,False,False,False
G5.34_broad_probe|random-32-32-20|100|240|1000|0,random-32-32-20|100|240|1000|0,G5.34_broad_probe,6,,0,False,False,False,False,False
G5.34_broad_probe|random-32-32-20|100|240|2000|0,random-32-32-20|100|240|2000|0,G5.34_broad_probe,6,,0,False,False,False,False,False
G5.34_broad_probe|random-32-32-20|100|240|2000|1,random-32-32-20|100|240|2000|1,G5.34_broad_probe,1,,0,False,False,False,False,False
G5.34_broad_probe|random-32-32-20|100|240|500|0,random-32-32-20|100|240|500|0,G5.34_broad_probe,6,,0,False,False,False,False,False
G5.34_broad_probe|random-32-32-20|100|241|1000|0,random-32-32-20|100|241|1000|0,G5.34_broad_probe,6,,0,False,False,False,False,False
G5.34_broad_probe|random-32-32-20|100|241|2000|0,random-32-32-20|100|241|2000|0,G5.34_broad_probe,6,,0,False,False,False,False,False
G5.34_broad_probe|random-32-32-20|100|241|2000|1,random-32-32-20|100|241|2000|1,G5.34_broad_probe,3,,0,False,False,False,False,False
G5.34_broad_probe|random-32-32-20|100|241|500|0,random-32-32-20|100|241|500|0,G5.34_broad_probe,6,,0,False,False,False,False,False
G5.34_broad_probe|random-32-32-20|100|242|1000|0,random-32-32-20|100|242|1000|0,G5.34_broad_probe,6,,0,False,False,False,False,False
G5.34_broad_probe|random-32-32-20|100|242|2000|0,random-32-32-20|100|242|2000|0,G5.34_broad_probe,6,,0,False,False,False,False,False
G5.34_broad_probe|random-32-32-20|100|242|2000|1,random-32-32-20|100|242|2000|1,G5.34_broad_probe,2,,0,False,False,False,False,False
G5.34_broad_probe|random-32-32-20|100|242|500|0,random-32-32-20|100|242|500|0,G5.34_broad_probe,6,,0,False,False,False,False,False
G5.34_broad_probe|random-32-32-20|100|243|1000|0,random-32-32-20|100|243|1000|0,G5.34_broad_probe,6,,0,False,False,False,False,False
G5.34_broad_probe|random-32-32-20|100|243|2000|0,random-32-32-20|100|243|2000|0,G5.34_broad_probe,6,,0,False,False,False,False,False
G5.34_broad_probe|random-32-32-20|100|243|500|0,random-32-32-20|100|243|500|0,G5.34_broad_probe,6,,0,False,False,False,False,False
G5.34_broad_probe|random-32-32-20|100|244|1000|0,random-32-32-20|100|244|1000|0,G5.34_broad_probe,6,,0,False,False,False,False,False
G5.34_broad_probe|random-32-32-20|100|244|2000|0,random-32-32-20|100|244|2000|0,G5.34_broad_probe,6,,0,False,False,False,False,False
G5.34_broad_probe|random-32-32-20|100|244|2000|1,random-32-32-20|100|244|2000|1,G5.34_broad_probe,2,,0,False,False,False,False,False
G5.34_broad_probe|random-32-32-20|100|244|500|0,random-32-32-20|100|244|500|0,G5.34_broad_probe,6,,0,False,False,False,False,False
G5.34_broad_probe|random-32-32-20|100|245|1000|0,random-32-32-20|100|245|1000|0,G5.34_broad_probe,6,,0,False,False,False,False,False
G5.34_broad_probe|random-32-32-20|100|245|2000|0,random-32-32-20|100|245|2000|0,G5.34_broad_probe,6,,0,False,False,False,False,False
G5.34_broad_probe|random-32-32-20|100|245|2000|1,random-32-32-20|100|245|2000|1,G5.34_broad_probe,3,,0,False,False,False,False,False
G5.34_broad_probe|random-32-32-20|100|245|500|0,random-32-32-20|100|245|500|0,G5.34_broad_probe,6,,0,False,False,False,False,False
G5.34_broad_probe|random-32-32-20|50|146|1000|0,random-32-32-20|50|146|1000|0,G5.34_broad_probe,11,,0,False,False,False,False,False
G5.34_broad_probe|random-32-32-20|50|146|1000|1,random-32-32-20|50|146|1000|1,G5.34_broad_probe,9,,0,False,False,False,False,False
G5.34_broad_probe|random-32-32-20|50|146|2000|0,random-32-32-20|50|146|2000|0,G5.34_broad_probe,11,,0,False,False,False,False,False
G5.34_broad_probe|random-32-32-20|50|146|2000|1,random-32-32-20|50|146|2000|1,G5.34_broad_probe,11,repair5g59_block_heavy_flow_guard|repair5g59_flow_decay|repair5g59_low_beta_high_cap|repair5g59_static_flow_shield,4,False,False,False,False,False
G5.34_broad_probe|random-32-32-20|50|146|500|0,random-32-32-20|50|146|500|0,G5.34_broad_probe,11,,0,False,False,False,False,False
G5.34_broad_probe|random-32-32-20|50|147|1000|0,random-32-32-20|50|147|1000|0,G5.34_broad_probe,11,,0,False,False,False,False,False
G5.34_broad_probe|random-32-32-20|50|147|1000|1,random-32-32-20|50|147|1000|1,G5.34_broad_probe,11,,0,False,False,False,False,False
G5.34_broad_probe|random-32-32-20|50|147|2000|0,random-32-32-20|50|147|2000|0,G5.34_broad_probe,11,,0,False,False,False,False,False
G5.34_broad_probe|random-32-32-20|50|147|2000|1,random-32-32-20|50|147|2000|1,G5.34_broad_probe,11,repair5g59_block_heavy_flow_guard|repair5g59_commit_heavy_flow_guard|repair5g59_high_beta_cap_safe|repair5g59_wait_aggressive|repair5g59_wait_conservative,5,False,False,False,False,False
G5.34_broad_probe|random-32-32-20|50|147|500|0,random-32-32-20|50|147|500|0,G5.34_broad_probe,11,,0,False,False,False,False,False
G5.34_broad_probe|random-32-32-20|50|148|1000|0,random-32-32-20|50|148|1000|0,G5.34_broad_probe,11,,0,False,False,False,False,False
G5.34_broad_probe|random-32-32-20|50|148|1000|1,random-32-32-20|50|148|1000|1,G5.34_broad_probe,9,,0,False,False,False,False,False
G5.34_broad_probe|random-32-32-20|50|148|2000|0,random-32-32-20|50|148|2000|0,G5.34_broad_probe,11,,0,False,False,False,False,False
G5.34_broad_probe|random-32-32-20|50|148|2000|1,random-32-32-20|50|148|2000|1,G5.34_broad_probe,11,repair5g59_flow_decay|repair5g59_static_flow_shield|repair5g59_wait_conservative,3,False,False,False,False,False
G5.34_broad_probe|random-32-32-20|50|148|500|0,random-32-32-20|50|148|500|0,G5.34_broad_probe,11,,0,False,False,False,False,False
G5.34_broad_probe|random-32-32-20|50|149|1000|0,random-32-32-20|50|149|1000|0,G5.34_broad_probe,11,,0,False,False,False,False,False
G5.34_broad_probe|random-32-32-20|50|149|1000|1,random-32-32-20|50|149|1000|1,G5.34_broad_probe,10,,0,False,False,False,False,False
G5.34_broad_probe|random-32-32-20|50|149|2000|0,random-32-32-20|50|149|2000|0,G5.34_broad_probe,11,,0,False,False,False,False,False
G5.34_broad_probe|random-32-32-20|50|149|2000|1,random-32-32-20|50|149|2000|1,G5.34_broad_probe,11,repair5g59_block_heavy_flow_guard|repair5g59_commit_heavy_flow_guard|repair5g59_flow_decay|repair5g59_high_beta_cap_safe|repair5g59_low_beta_high_cap|repair5g59_static_flow_shield|repair5g59_wait_conservative,7,False,False,False,False,False
G5.34_broad_probe|random-32-32-20|50|149|500|0,random-32-32-20|50|149|500|0,G5.34_broad_probe,11,,0,False,False,False,False,False
G5.34_broad_probe|random-32-32-20|50|150|1000|0,random-32-32-20|50|150|1000|0,G5.34_broad_probe,11,,0,False,False,False,False,False
G5.34_broad_probe|random-32-32-20|50|150|1000|1,random-32-32-20|50|150|1000|1,G5.34_broad_probe,9,,0,False,False,False,False,False
G5.34_broad_probe|random-32-32-20|50|150|2000|0,random-32-32-20|50|150|2000|0,G5.34_broad_probe,11,,0,False,False,False,False,False
G5.34_broad_probe|random-32-32-20|50|150|2000|1,random-32-32-20|50|150|2000|1,G5.34_broad_probe,11,repair5g59_commit_heavy_flow_guard|repair5g59_high_beta_cap_safe|repair5g59_light_cong_light_flow|repair5g59_wait_aggressive|repair5g59_wait_conservative,5,False,False,False,False,False
G5.34_broad_probe|random-32-32-20|50|150|500|0,random-32-32-20|50|150|500|0,G5.34_broad_probe,11,,0,False,False,False,False,False
G5.34_broad_probe|random-32-32-20|50|151|1000|0,random-32-32-20|50|151|1000|0,G5.34_broad_probe,11,,0,False,False,False,False,False
G5.34_broad_probe|random-32-32-20|50|151|1000|1,random-32-32-20|50|151|1000|1,G5.34_broad_probe,11,,0,False,False,False,False,False
G5.34_broad_probe|random-32-32-20|50|151|2000|0,random-32-32-20|50|151|2000|0,G5.34_broad_probe,11,,0,False,False,False,False,False
G5.34_broad_probe|random-32-32-20|50|151|2000|1,random-32-32-20|50|151|2000|1,G5.34_broad_probe,11,repair5g59_block_heavy_flow_guard|repair5g59_commit_heavy_flow_guard|repair5g59_high_beta_cap_safe|repair5g59_wait_aggressive|repair5g59_wait_conservative,5,False,False,False,False,False
G5.34_broad_probe|random-32-32-20|50|151|500|0,random-32-32-20|50|151|500|0,G5.34_broad_probe,11,,0,False,False,False,False,False
G5.34_broad_probe|random-32-32-20|50|152|1000|0,random-32-32-20|50|152|1000|0,G5.34_broad_probe,11,,0,False,False,False,False,False
G5.34_broad_probe|random-32-32-20|50|152|1000|1,random-32-32-20|50|152|1000|1,G5.34_broad_probe,9,,0,False,False,False,False,False
G5.34_broad_probe|random-32-32-20|50|152|2000|0,random-32-32-20|50|152|2000|0,G5.34_broad_probe,11,,0,False,False,False,False,False
G5.34_broad_probe|random-32-32-20|50|152|2000|1,random-32-32-20|50|152|2000|1,G5.34_broad_probe,11,repair5g59_block_heavy_flow_guard|repair5g59_high_beta_cap_safe|repair5g59_wait_aggressive|repair5g59_wait_conservative,4,False,False,False,False,False
G5.34_broad_probe|random-32-32-20|50|152|500|0,random-32-32-20|50|152|500|0,G5.34_broad_probe,11,,0,False,False,False,False,False
G5.34_broad_probe|random-32-32-20|50|153|1000|0,random-32-32-20|50|153|1000|0,G5.34_broad_probe,11,,0,False,False,False,False,False
G5.34_broad_probe|random-32-32-20|50|153|1000|1,random-32-32-20|50|153|1000|1,G5.34_broad_probe,10,,0,False,False,False,False,False
G5.34_broad_probe|random-32-32-20|50|153|2000|0,random-32-32-20|50|153|2000|0,G5.34_broad_probe,11,,0,False,False,False,False,False
G5.34_broad_probe|random-32-32-20|50|153|2000|1,random-32-32-20|50|153|2000|1,G5.34_broad_probe,11,repair5g59_block_heavy_flow_guard|repair5g59_flow_decay|repair5g59_high_beta_cap_safe|repair5g59_low_beta_high_cap|repair5g59_static_flow_shield|repair5g59_wait_conservative,6,False,False,False,False,False
G5.34_broad_probe|random-32-32-20|50|153|500|0,random-32-32-20|50|153|500|0,G5.34_broad_probe,11,,0,False,False,False,False,False
G5.34_broad_probe|random-32-32-20|50|154|1000|0,random-32-32-20|50|154|1000|0,G5.34_broad_probe,11,,0,False,False,False,False,False
G5.34_broad_probe|random-32-32-20|50|154|1000|1,random-32-32-20|50|154|1000|1,G5.34_broad_probe,10,,0,False,False,False,False,False
G5.34_broad_probe|random-32-32-20|50|154|2000|0,random-32-32-20|50|154|2000|0,G5.34_broad_probe,11,,0,False,False,False,False,False
G5.34_broad_probe|random-32-32-20|50|154|2000|1,random-32-32-20|50|154|2000|1,G5.34_broad_probe,11,repair5g59_block_heavy_flow_guard|repair5g59_flow_decay|repair5g59_high_beta_cap_safe|repair5g59_low_beta_high_cap|repair5g59_static_flow_shield|repair5g59_wait_conservative,6,False,False,False,False,False
G5.34_broad_probe|random-32-32-20|50|154|500|0,random-32-32-20|50|154|500|0,G5.34_broad_probe,11,,0,False,False,False,False,False
G5.34_broad_probe|random-32-32-20|50|155|1000|0,random-32-32-20|50|155|1000|0,G5.34_broad_probe,11,,0,False,False,False,False,False
G5.34_broad_probe|random-32-32-20|50|155|1000|1,random-32-32-20|50|155|1000|1,G5.34_broad_probe,10,,0,False,False,False,False,False
G5.34_broad_probe|random-32-32-20|50|155|2000|0,random-32-32-20|50|155|2000|0,G5.34_broad_probe,11,,0,False,False,False,False,False
G5.34_broad_probe|random-32-32-20|50|155|2000|1,random-32-32-20|50|155|2000|1,G5.34_broad_probe,11,repair5g59_block_heavy_flow_guard|repair5g59_flow_decay|repair5g59_high_beta_cap_safe|repair5g59_static_flow_shield|repair5g59_wait_conservative,5,False,False,False,False,False
G5.34_broad_probe|random-32-32-20|50|155|500|0,random-32-32-20|50|155|500|0,G5.34_broad_probe,11,,0,False,False,False,False,False
G5.34_broad_probe|random-32-32-20|50|160|1000|0,random-32-32-20|50|160|1000|0,G5.34_broad_probe,22,,0,False,False,False,False,False
G5.34_broad_probe|random-32-32-20|50|160|1000|1,random-32-32-20|50|160|1000|1,G5.34_broad_probe,7,,0,False,False,False,False,False
G5.34_broad_probe|random-32-32-20|50|160|2000|0,random-32-32-20|50|160|2000|0,G5.34_broad_probe,22,repair5g518_grid_c1p25_b1p25_f1p00_w0p75_dc0p95_df1p00_beta0p6_max1p00_c0|repair5g518_grid_c1p25_b1p25_f1p00_w0p75_dc0p95_df1p00_beta0p7_max1p00_c0,2,False,False,False,False,False
G5.34_broad_probe|random-32-32-20|50|160|2000|1,random-32-32-20|50|160|2000|1,G5.34_broad_probe,6,,0,False,False,False,False,False
G5.34_broad_probe|random-32-32-20|50|160|500|0,random-32-32-20|50|160|500|0,G5.34_broad_probe,22,,0,False,False,False,False,False
G5.34_broad_probe|random-32-32-20|50|161|1000|0,random-32-32-20|50|161|1000|0,G5.34_broad_probe,22,,0,False,False,False,False,False
G5.34_broad_probe|random-32-32-20|50|161|1000|1,random-32-32-20|50|161|1000|1,G5.34_broad_probe,6,,0,False,False,False,False,False
G5.34_broad_probe|random-32-32-20|50|161|2000|0,random-32-32-20|50|161|2000|0,G5.34_broad_probe,22,,0,False,False,False,False,False
G5.34_broad_probe|random-32-32-20|50|161|2000|1,random-32-32-20|50|161|2000|1,G5.34_broad_probe,11,,0,False,False,False,False,False
G5.34_broad_probe|random-32-32-20|50|161|500|0,random-32-32-20|50|161|500|0,G5.34_broad_probe,22,,0,False,False,False,False,False
G5.34_broad_probe|random-32-32-20|50|162|1000|0,random-32-32-20|50|162|1000|0,G5.34_broad_probe,22,,0,False,False,False,False,False
G5.34_broad_probe|random-32-32-20|50|162|1000|1,random-32-32-20|50|162|1000|1,G5.34_broad_probe,4,,0,False,False,False,False,False
G5.34_broad_probe|random-32-32-20|50|162|2000|0,random-32-32-20|50|162|2000|0,G5.34_broad_probe,22,repair5g518_grid_c1p25_b1p25_f1p00_w0p65_dc0p95_df1p00_beta0p35_max0p75_c0|repair5g518_grid_c1p25_b1p25_f1p00_w0p75_dc0p95_df0p9_beta0p35_max0p75_c0|repair5g518_grid_c1p25_b1p25_f1p00_w0p75_dc0p95_df1p00_beta0p6_max1p00_c0|repair5g518_grid_c1p25_b1p25_f1p00_w0p75_dc0p95_df1p00_beta0p7_max0p75_c0|repair5g59_high_beta_cap_safe|repair5g59_low_beta_high_cap|repair5g59_static_flow_shield|repair5g59_wait_conservative,8,False,False,False,False,False
G5.34_broad_probe|random-32-32-20|50|162|2000|1,random-32-32-20|50|162|2000|1,G5.34_broad_probe,2,,0,False,False,False,False,False
G5.34_broad_probe|random-32-32-20|50|162|500|0,random-32-32-20|50|162|500|0,G5.34_broad_probe,22,,0,False,False,False,False,False
G5.34_broad_probe|random-32-32-20|50|163|1000|0,random-32-32-20|50|163|1000|0,G5.34_broad_probe,22,,0,False,False,False,False,False
G5.34_broad_probe|random-32-32-20|50|163|1000|1,random-32-32-20|50|163|1000|1,G5.34_broad_probe,6,,0,False,False,False,False,False
G5.34_broad_probe|random-32-32-20|50|163|2000|0,random-32-32-20|50|163|2000|0,G5.34_broad_probe,22,repair5g518_grid_c1p25_b1p25_f1p00_w0p35_dc0p95_df1p00_beta0p35_max0p75_c0|repair5g518_grid_c1p25_b1p25_f1p00_w0p75_dc0p95_df1p00_beta0p35_max0p75_c0|repair5g518_grid_c1p25_b1p25_f1p00_w0p75_dc0p95_df1p00_beta0p5_max0p75_c0|repair5g518_grid_c1p25_b1p25_f1p00_w0p75_dc0p95_df1p00_beta0p5_max1p00_c0|repair5g518_grid_c1p25_b1p25_f1p00_w0p75_dc0p95_df1p00_beta0p6_max1p00_c0|repair5g518_grid_c1p25_b1p25_f1p00_w0p75_dc0p95_df1p00_beta0p7_max0p75_c0|repair5g518_grid_c1p25_b1p25_f1p00_w0p75_dc0p95_df1p00_beta0p7_max1p00_c0|repair5g59_block_heavy_flow_guard|repair5g59_flow_decay|repair5g59_high_beta_cap_safe|repair5g59_static_flow_shield,11,False,False,False,False,False
G5.34_broad_probe|random-32-32-20|50|163|500|0,random-32-32-20|50|163|500|0,G5.34_broad_probe,22,,0,False,False,False,False,False
G5.34_broad_probe|random-32-32-20|50|164|1000|0,random-32-32-20|50|164|1000|0,G5.34_broad_probe,22,,0,False,False,False,False,False
G5.34_broad_probe|random-32-32-20|50|164|1000|1,random-32-32-20|50|164|1000|1,G5.34_broad_probe,5,,0,False,False,False,False,False
G5.34_broad_probe|random-32-32-20|50|164|2000|0,random-32-32-20|50|164|2000|0,G5.34_broad_probe,22,,0,False,False,False,False,False
G5.34_broad_probe|random-32-32-20|50|164|500|0,random-32-32-20|50|164|500|0,G5.34_broad_probe,22,,0,False,False,False,False,False
G5.34_broad_probe|random-32-32-20|50|165|1000|0,random-32-32-20|50|165|1000|0,G5.34_broad_probe,22,,0,False,False,False,False,False
G5.34_broad_probe|random-32-32-20|50|165|1000|1,random-32-32-20|50|165|1000|1,G5.34_broad_probe,1,,0,False,False,False,False,False
G5.34_broad_probe|random-32-32-20|50|165|2000|0,random-32-32-20|50|165|2000|0,G5.34_broad_probe,22,,0,False,False,False,False,False
G5.34_broad_probe|random-32-32-20|50|165|500|0,random-32-32-20|50|165|500|0,G5.34_broad_probe,22,,0,False,False,False,False,False
G5.34_broad_probe|random-32-32-20|50|206|1000|0,random-32-32-20|50|206|1000|0,G5.34_broad_probe,22,,0,False,False,False,False,False
G5.34_broad_probe|random-32-32-20|50|206|1000|1,random-32-32-20|50|206|1000|1,G5.34_broad_probe,15,,0,False,False,False,False,False
G5.34_broad_probe|random-32-32-20|50|206|2000|0,random-32-32-20|50|206|2000|0,G5.34_broad_probe,6,,0,False,False,False,False,False
G5.34_broad_probe|random-32-32-20|50|206|2000|1,random-32-32-20|50|206|2000|1,G5.34_broad_probe,1,,0,False,False,False,False,False
G5.34_broad_probe|random-32-32-20|50|206|2000|2,random-32-32-20|50|206|2000|2,G5.34_broad_probe,2,,0,False,False,False,False,False
G5.34_broad_probe|random-32-32-20|50|206|500|0,random-32-32-20|50|206|500|0,G5.34_broad_probe,22,,0,False,False,False,False,False
G5.34_broad_probe|random-32-32-20|50|207|1000|0,random-32-32-20|50|207|1000|0,G5.34_broad_probe,22,,0,False,False,False,False,False
G5.34_broad_probe|random-32-32-20|50|207|1000|1,random-32-32-20|50|207|1000|1,G5.34_broad_probe,3,,0,False,False,False,False,False
G5.34_broad_probe|random-32-32-20|50|207|500|0,random-32-32-20|50|207|500|0,G5.34_broad_probe,22,,0,False,False,False,False,False
G5.34_broad_probe|random-32-32-20|50|208|1000|0,random-32-32-20|50|208|1000|0,G5.34_broad_probe,22,,0,False,False,False,False,False
G5.34_broad_probe|random-32-32-20|50|208|1000|1,random-32-32-20|50|208|1000|1,G5.34_broad_probe,10,,0,False,False,False,False,False
G5.34_broad_probe|random-32-32-20|50|208|500|0,random-32-32-20|50|208|500|0,G5.34_broad_probe,22,,0,False,False,False,False,False
G5.34_broad_probe|random-32-32-20|50|209|1000|0,random-32-32-20|50|209|1000|0,G5.34_broad_probe,22,,0,False,False,False,False,False
G5.34_broad_probe|random-32-32-20|50|209|1000|1,random-32-32-20|50|209|1000|1,G5.34_broad_probe,4,,0,False,False,False,False,False
G5.34_broad_probe|random-32-32-20|50|209|500|0,random-32-32-20|50|209|500|0,G5.34_broad_probe,22,,0,False,False,False,False,False
G5.34_broad_probe|random-32-32-20|50|210|1000|0,random-32-32-20|50|210|1000|0,G5.34_broad_probe,22,,0,False,False,False,False,False
G5.34_broad_probe|random-32-32-20|50|210|1000|1,random-32-32-20|50|210|1000|1,G5.34_broad_probe,2,,0,False,False,False,False,False
G5.34_broad_probe|random-32-32-20|50|210|500|0,random-32-32-20|50|210|500|0,G5.34_broad_probe,22,,0,False,False,False,False,False
G5.34_broad_probe|random-32-32-20|50|211|1000|0,random-32-32-20|50|211|1000|0,G5.34_broad_probe,22,,0,False,False,False,False,False
G5.34_broad_probe|random-32-32-20|50|211|1000|1,random-32-32-20|50|211|1000|1,G5.34_broad_probe,7,,0,False,False,False,False,False
G5.34_broad_probe|random-32-32-20|50|211|500|0,random-32-32-20|50|211|500|0,G5.34_broad_probe,22,,0,False,False,False,False,False
G5.34_broad_probe|random-32-32-20|50|218|1000|0,random-32-32-20|50|218|1000|0,G5.34_broad_probe,6,,0,False,False,False,False,False
G5.34_broad_probe|random-32-32-20|50|218|1000|1,random-32-32-20|50|218|1000|1,G5.34_broad_probe,2,,0,False,False,False,False,False
G5.34_broad_probe|random-32-32-20|50|218|2000|0,random-32-32-20|50|218|2000|0,G5.34_broad_probe,6,,0,False,False,False,False,False
G5.34_broad_probe|random-32-32-20|50|218|500|0,random-32-32-20|50|218|500|0,G5.34_broad_probe,6,,0,False,False,False,False,False
G5.34_broad_probe|random-32-32-20|50|219|1000|0,random-32-32-20|50|219|1000|0,G5.34_broad_probe,6,,0,False,False,False,False,False
G5.34_broad_probe|random-32-32-20|50|219|1000|1,random-32-32-20|50|219|1000|1,G5.34_broad_probe,2,,0,False,False,False,False,False
G5.34_broad_probe|random-32-32-20|50|219|2000|0,random-32-32-20|50|219|2000|0,G5.34_broad_probe,6,,0,False,False,False,False,False
G5.34_broad_probe|random-32-32-20|50|219|2000|1,random-32-32-20|50|219|2000|1,G5.34_broad_probe,2,,0,False,False,False,False,False
G5.34_broad_probe|random-32-32-20|50|219|500|0,random-32-32-20|50|219|500|0,G5.34_broad_probe,6,,0,False,False,False,False,False
G5.34_broad_probe|random-32-32-20|50|220|1000|0,random-32-32-20|50|220|1000|0,G5.34_broad_probe,6,,0,False,False,False,False,False
G5.34_broad_probe|random-32-32-20|50|220|1000|1,random-32-32-20|50|220|1000|1,G5.34_broad_probe,1,,0,False,False,False,False,False
G5.34_broad_probe|random-32-32-20|50|220|2000|0,random-32-32-20|50|220|2000|0,G5.34_broad_probe,6,,0,False,False,False,False,False
G5.34_broad_probe|random-32-32-20|50|220|2000|1,random-32-32-20|50|220|2000|1,G5.34_broad_probe,1,,0,False,False,False,False,False
G5.34_broad_probe|random-32-32-20|50|220|500|0,random-32-32-20|50|220|500|0,G5.34_broad_probe,6,,0,False,False,False,False,False
G5.34_broad_probe|random-32-32-20|50|221|1000|0,random-32-32-20|50|221|1000|0,G5.34_broad_probe,6,,0,False,False,False,False,False
G5.34_broad_probe|random-32-32-20|50|221|1000|1,random-32-32-20|50|221|1000|1,G5.34_broad_probe,2,,0,False,False,False,False,False
G5.34_broad_probe|random-32-32-20|50|221|2000|0,random-32-32-20|50|221|2000|0,G5.34_broad_probe,6,,0,False,False,False,False,False
G5.34_broad_probe|random-32-32-20|50|221|2000|1,random-32-32-20|50|221|2000|1,G5.34_broad_probe,1,,0,False,False,False,False,False
G5.34_broad_probe|random-32-32-20|50|221|500|0,random-32-32-20|50|221|500|0,G5.34_broad_probe,6,,0,False,False,False,False,False
G5.34_broad_probe|random-32-32-20|50|222|1000|0,random-32-32-20|50|222|1000|0,G5.34_broad_probe,6,,0,False,False,False,False,False
G5.34_broad_probe|random-32-32-20|50|222|1000|1,random-32-32-20|50|222|1000|1,G5.34_broad_probe,1,,0,False,False,False,False,False
G5.34_broad_probe|random-32-32-20|50|222|2000|0,random-32-32-20|50|222|2000|0,G5.34_broad_probe,6,,0,False,False,False,False,False
G5.34_broad_probe|random-32-32-20|50|222|2000|1,random-32-32-20|50|222|2000|1,G5.34_broad_probe,3,,0,False,False,False,False,False
G5.34_broad_probe|random-32-32-20|50|222|500|0,random-32-32-20|50|222|500|0,G5.34_broad_probe,6,,0,False,False,False,False,False
G5.34_broad_probe|random-32-32-20|50|223|1000|0,random-32-32-20|50|223|1000|0,G5.34_broad_probe,6,,0,False,False,False,False,False
G5.34_broad_probe|random-32-32-20|50|223|1000|1,random-32-32-20|50|223|1000|1,G5.34_broad_probe,1,,0,False,False,False,False,False
G5.34_broad_probe|random-32-32-20|50|223|2000|0,random-32-32-20|50|223|2000|0,G5.34_broad_probe,6,,0,False,False,False,False,False
G5.34_broad_probe|random-32-32-20|50|223|2000|1,random-32-32-20|50|223|2000|1,G5.34_broad_probe,1,,0,False,False,False,False,False
G5.34_broad_probe|random-32-32-20|50|223|500|0,random-32-32-20|50|223|500|0,G5.34_broad_probe,6,,0,False,False,False,False,False
G5.34_broad_probe|random-32-32-20|50|224|1000|0,random-32-32-20|50|224|1000|0,G5.34_broad_probe,6,,0,False,False,False,False,False
G5.34_broad_probe|random-32-32-20|50|224|1000|1,random-32-32-20|50|224|1000|1,G5.34_broad_probe,1,,0,False,False,False,False,False
G5.34_broad_probe|random-32-32-20|50|224|2000|0,random-32-32-20|50|224|2000|0,G5.34_broad_probe,6,,0,False,False,False,False,False
G5.34_broad_probe|random-32-32-20|50|224|2000|1,random-32-32-20|50|224|2000|1,G5.34_broad_probe,1,,0,False,False,False,False,False
G5.34_broad_probe|random-32-32-20|50|224|500|0,random-32-32-20|50|224|500|0,G5.34_broad_probe,6,,0,False,False,False,False,False
G5.34_broad_probe|random-32-32-20|50|225|1000|0,random-32-32-20|50|225|1000|0,G5.34_broad_probe,6,,0,False,False,False,False,False
G5.34_broad_probe|random-32-32-20|50|225|1000|1,random-32-32-20|50|225|1000|1,G5.34_broad_probe,1,,0,False,False,False,False,False
G5.34_broad_probe|random-32-32-20|50|225|2000|0,random-32-32-20|50|225|2000|0,G5.34_broad_probe,6,,0,False,False,False,False,False
G5.34_broad_probe|random-32-32-20|50|225|500|0,random-32-32-20|50|225|500|0,G5.34_broad_probe,6,,0,False,False,False,False,False
G5.34_broad_probe|random-32-32-20|50|226|1000|0,random-32-32-20|50|226|1000|0,G5.34_broad_probe,6,,0,False,False,False,False,False
G5.34_broad_probe|random-32-32-20|50|226|1000|1,random-32-32-20|50|226|1000|1,G5.34_broad_probe,3,,0,False,False,False,False,False
G5.34_broad_probe|random-32-32-20|50|226|2000|0,random-32-32-20|50|226|2000|0,G5.34_broad_probe,6,,0,False,False,False,False,False
G5.34_broad_probe|random-32-32-20|50|226|500|0,random-32-32-20|50|226|500|0,G5.34_broad_probe,6,,0,False,False,False,False,False
G5.34_broad_probe|random-32-32-20|50|227|1000|0,random-32-32-20|50|227|1000|0,G5.34_broad_probe,6,,0,False,False,False,False,False
G5.34_broad_probe|random-32-32-20|50|227|1000|1,random-32-32-20|50|227|1000|1,G5.34_broad_probe,3,,0,False,False,False,False,False
G5.34_broad_probe|random-32-32-20|50|227|2000|0,random-32-32-20|50|227|2000|0,G5.34_broad_probe,6,,0,False,False,False,False,False
G5.34_broad_probe|random-32-32-20|50|227|500|0,random-32-32-20|50|227|500|0,G5.34_broad_probe,6,,0,False,False,False,False,False
G5.34_broad_probe|random-32-32-20|50|228|1000|0,random-32-32-20|50|228|1000|0,G5.34_broad_probe,6,,0,False,False,False,False,False
G5.34_broad_probe|random-32-32-20|50|228|1000|1,random-32-32-20|50|228|1000|1,G5.34_broad_probe,3,,0,False,False,False,False,False
G5.34_broad_probe|random-32-32-20|50|228|2000|0,random-32-32-20|50|228|2000|0,G5.34_broad_probe,6,,0,False,False,False,False,False
G5.34_broad_probe|random-32-32-20|50|228|2000|1,random-32-32-20|50|228|2000|1,G5.34_broad_probe,1,,0,False,False,False,False,False
G5.34_broad_probe|random-32-32-20|50|228|500|0,random-32-32-20|50|228|500|0,G5.34_broad_probe,6,,0,False,False,False,False,False
G5.34_broad_probe|random-32-32-20|50|229|1000|0,random-32-32-20|50|229|1000|0,G5.34_broad_probe,6,,0,False,False,False,False,False
G5.34_broad_probe|random-32-32-20|50|229|1000|1,random-32-32-20|50|229|1000|1,G5.34_broad_probe,2,,0,False,False,False,False,False
G5.34_broad_probe|random-32-32-20|50|229|2000|0,random-32-32-20|50|229|2000|0,G5.34_broad_probe,6,,0,False,False,False,False,False
G5.34_broad_probe|random-32-32-20|50|229|500|0,random-32-32-20|50|229|500|0,G5.34_broad_probe,6,,0,False,False,False,False,False
G5.34_broad_probe|random-32-32-20|50|230|1000|0,random-32-32-20|50|230|1000|0,G5.34_broad_probe,6,,0,False,False,False,False,False
G5.34_broad_probe|random-32-32-20|50|230|2000|0,random-32-32-20|50|230|2000|0,G5.34_broad_probe,6,,0,False,False,False,False,False
G5.34_broad_probe|random-32-32-20|50|230|2000|1,random-32-32-20|50|230|2000|1,G5.34_broad_probe,2,,0,False,False,False,False,False
G5.34_broad_probe|random-32-32-20|50|230|500|0,random-32-32-20|50|230|500|0,G5.34_broad_probe,6,,0,False,False,False,False,False
G5.34_broad_probe|random-32-32-20|50|231|1000|0,random-32-32-20|50|231|1000|0,G5.34_broad_probe,6,,0,False,False,False,False,False
G5.34_broad_probe|random-32-32-20|50|231|1000|1,random-32-32-20|50|231|1000|1,G5.34_broad_probe,4,,0,False,False,False,False,False
G5.34_broad_probe|random-32-32-20|50|231|2000|0,random-32-32-20|50|231|2000|0,G5.34_broad_probe,6,,0,False,False,False,False,False
G5.34_broad_probe|random-32-32-20|50|231|2000|1,random-32-32-20|50|231|2000|1,G5.34_broad_probe,2,,0,False,False,False,False,False
G5.34_broad_probe|random-32-32-20|50|231|500|0,random-32-32-20|50|231|500|0,G5.34_broad_probe,6,,0,False,False,False,False,False
G5.34_broad_probe|random-32-32-20|50|232|1000|0,random-32-32-20|50|232|1000|0,G5.34_broad_probe,6,,0,False,False,False,False,False
G5.34_broad_probe|random-32-32-20|50|232|1000|1,random-32-32-20|50|232|1000|1,G5.34_broad_probe,2,,0,False,False,False,False,False
G5.34_broad_probe|random-32-32-20|50|232|2000|0,random-32-32-20|50|232|2000|0,G5.34_broad_probe,6,,0,False,False,False,False,False
G5.34_broad_probe|random-32-32-20|50|232|2000|1,random-32-32-20|50|232|2000|1,G5.34_broad_probe,1,,0,False,False,False,False,False
G5.34_broad_probe|random-32-32-20|50|232|500|0,random-32-32-20|50|232|500|0,G5.34_broad_probe,6,,0,False,False,False,False,False
G5.34_broad_probe|random-32-32-20|50|233|1000|0,random-32-32-20|50|233|1000|0,G5.34_broad_probe,6,,0,False,False,False,False,False
G5.34_broad_probe|random-32-32-20|50|233|1000|1,random-32-32-20|50|233|1000|1,G5.34_broad_probe,2,,0,False,False,False,False,False
G5.34_broad_probe|random-32-32-20|50|233|2000|0,random-32-32-20|50|233|2000|0,G5.34_broad_probe,6,,0,False,False,False,False,False
G5.34_broad_probe|random-32-32-20|50|233|500|0,random-32-32-20|50|233|500|0,G5.34_broad_probe,6,,0,False,False,False,False,False
G5.34_broad_probe|random-32-32-20|50|234|1000|0,random-32-32-20|50|234|1000|0,G5.34_broad_probe,6,,0,False,False,False,False,False
G5.34_broad_probe|random-32-32-20|50|234|1000|1,random-32-32-20|50|234|1000|1,G5.34_broad_probe,4,,0,False,False,False,False,False
G5.34_broad_probe|random-32-32-20|50|234|2000|0,random-32-32-20|50|234|2000|0,G5.34_broad_probe,6,,0,False,False,False,False,False
G5.34_broad_probe|random-32-32-20|50|234|500|0,random-32-32-20|50|234|500|0,G5.34_broad_probe,6,,0,False,False,False,False,False
G5.34_broad_probe|random-32-32-20|50|235|1000|0,random-32-32-20|50|235|1000|0,G5.34_broad_probe,6,,0,False,False,False,False,False
G5.34_broad_probe|random-32-32-20|50|235|1000|1,random-32-32-20|50|235|1000|1,G5.34_broad_probe,4,,0,False,False,False,False,False
G5.34_broad_probe|random-32-32-20|50|235|2000|0,random-32-32-20|50|235|2000|0,G5.34_broad_probe,6,,0,False,False,False,False,False
G5.34_broad_probe|random-32-32-20|50|235|500|0,random-32-32-20|50|235|500|0,G5.34_broad_probe,6,,0,False,False,False,False,False
G5.34_broad_probe|random-32-32-20|50|236|1000|0,random-32-32-20|50|236|1000|0,G5.34_broad_probe,6,,0,False,False,False,False,False
G5.34_broad_probe|random-32-32-20|50|236|1000|1,random-32-32-20|50|236|1000|1,G5.34_broad_probe,3,,0,False,False,False,False,False
G5.34_broad_probe|random-32-32-20|50|236|2000|0,random-32-32-20|50|236|2000|0,G5.34_broad_probe,6,,0,False,False,False,False,False
G5.34_broad_probe|random-32-32-20|50|236|500|0,random-32-32-20|50|236|500|0,G5.34_broad_probe,6,,0,False,False,False,False,False
G5.34_broad_probe|random-32-32-20|50|237|1000|0,random-32-32-20|50|237|1000|0,G5.34_broad_probe,6,,0,False,False,False,False,False
G5.34_broad_probe|random-32-32-20|50|237|1000|1,random-32-32-20|50|237|1000|1,G5.34_broad_probe,1,,0,False,False,False,False,False
G5.34_broad_probe|random-32-32-20|50|237|2000|0,random-32-32-20|50|237|2000|0,G5.34_broad_probe,6,,0,False,False,False,False,False
G5.34_broad_probe|random-32-32-20|50|237|500|0,random-32-32-20|50|237|500|0,G5.34_broad_probe,6,,0,False,False,False,False,False
G5.34_broad_probe|random-32-32-20|50|238|1000|0,random-32-32-20|50|238|1000|0,G5.34_broad_probe,6,,0,False,False,False,False,False
G5.34_broad_probe|random-32-32-20|50|238|2000|0,random-32-32-20|50|238|2000|0,G5.34_broad_probe,6,,0,False,False,False,False,False
G5.34_broad_probe|random-32-32-20|50|238|500|0,random-32-32-20|50|238|500|0,G5.34_broad_probe,6,,0,False,False,False,False,False
G5.34_broad_probe|random-32-32-20|50|239|1000|0,random-32-32-20|50|239|1000|0,G5.34_broad_probe,6,,0,False,False,False,False,False
G5.34_broad_probe|random-32-32-20|50|239|1000|1,random-32-32-20|50|239|1000|1,G5.34_broad_probe,1,,0,False,False,False,False,False
G5.34_broad_probe|random-32-32-20|50|239|2000|0,random-32-32-20|50|239|2000|0,G5.34_broad_probe,6,,0,False,False,False,False,False
G5.34_broad_probe|random-32-32-20|50|239|500|0,random-32-32-20|50|239|500|0,G5.34_broad_probe,6,,0,False,False,False,False,False
G5.34_broad_probe|random-32-32-20|50|240|1000|0,random-32-32-20|50|240|1000|0,G5.34_broad_probe,6,,0,False,False,False,False,False
G5.34_broad_probe|random-32-32-20|50|240|2000|0,random-32-32-20|50|240|2000|0,G5.34_broad_probe,6,,0,False,False,False,False,False
G5.34_broad_probe|random-32-32-20|50|240|500|0,random-32-32-20|50|240|500|0,G5.34_broad_probe,6,,0,False,False,False,False,False
G5.34_broad_probe|random-32-32-20|50|241|1000|0,random-32-32-20|50|241|1000|0,G5.34_broad_probe,6,,0,False,False,False,False,False
G5.34_broad_probe|random-32-32-20|50|241|1000|1,random-32-32-20|50|241|1000|1,G5.34_broad_probe,1,,0,False,False,False,False,False
G5.34_broad_probe|random-32-32-20|50|241|2000|0,random-32-32-20|50|241|2000|0,G5.34_broad_probe,6,,0,False,False,False,False,False
G5.34_broad_probe|random-32-32-20|50|241|500|0,random-32-32-20|50|241|500|0,G5.34_broad_probe,6,,0,False,False,False,False,False
G5.34_broad_probe|random-32-32-20|50|242|1000|0,random-32-32-20|50|242|1000|0,G5.34_broad_probe,6,,0,False,False,False,False,False
G5.34_broad_probe|random-32-32-20|50|242|1000|1,random-32-32-20|50|242|1000|1,G5.34_broad_probe,3,,0,False,False,False,False,False
G5.34_broad_probe|random-32-32-20|50|242|2000|0,random-32-32-20|50|242|2000|0,G5.34_broad_probe,6,,0,False,False,False,False,False
G5.34_broad_probe|random-32-32-20|50|242|2000|1,random-32-32-20|50|242|2000|1,G5.34_broad_probe,1,,0,False,False,False,False,False
G5.34_broad_probe|random-32-32-20|50|242|500|0,random-32-32-20|50|242|500|0,G5.34_broad_probe,6,,0,False,False,False,False,False
G5.34_broad_probe|random-32-32-20|50|243|1000|0,random-32-32-20|50|243|1000|0,G5.34_broad_probe,6,,0,False,False,False,False,False
G5.34_broad_probe|random-32-32-20|50|243|1000|1,random-32-32-20|50|243|1000|1,G5.34_broad_probe,2,,0,False,False,False,False,False
G5.34_broad_probe|random-32-32-20|50|243|2000|0,random-32-32-20|50|243|2000|0,G5.34_broad_probe,6,,0,False,False,False,False,False
G5.34_broad_probe|random-32-32-20|50|243|500|0,random-32-32-20|50|243|500|0,G5.34_broad_probe,6,,0,False,False,False,False,False
G5.34_broad_probe|random-32-32-20|50|244|1000|0,random-32-32-20|50|244|1000|0,G5.34_broad_probe,6,,0,False,False,False,False,False
G5.34_broad_probe|random-32-32-20|50|244|2000|0,random-32-32-20|50|244|2000|0,G5.34_broad_probe,6,,0,False,False,False,False,False
G5.34_broad_probe|random-32-32-20|50|244|2000|1,random-32-32-20|50|244|2000|1,G5.34_broad_probe,1,,0,False,False,False,False,False
G5.34_broad_probe|random-32-32-20|50|244|500|0,random-32-32-20|50|244|500|0,G5.34_broad_probe,6,,0,False,False,False,False,False
G5.34_broad_probe|random-32-32-20|50|245|1000|0,random-32-32-20|50|245|1000|0,G5.34_broad_probe,6,,0,False,False,False,False,False
G5.34_broad_probe|random-32-32-20|50|245|1000|1,random-32-32-20|50|245|1000|1,G5.34_broad_probe,1,,0,False,False,False,False,False
G5.34_broad_probe|random-32-32-20|50|245|2000|0,random-32-32-20|50|245|2000|0,G5.34_broad_probe,6,,0,False,False,False,False,False
G5.34_broad_probe|random-32-32-20|50|245|2000|1,random-32-32-20|50|245|2000|1,G5.34_broad_probe,1,,0,False,False,False,False,False
G5.34_broad_probe|random-32-32-20|50|245|500|0,random-32-32-20|50|245|500|0,G5.34_broad_probe,6,,0,False,False,False,False,False
G5.34_broad_probe|warehouse-10-20-10-2-1|100|146|500|0,warehouse-10-20-10-2-1|100|146|500|0,G5.34_broad_probe,11,,0,False,False,False,False,False
G5.34_broad_probe|warehouse-10-20-10-2-1|100|147|500|0,warehouse-10-20-10-2-1|100|147|500|0,G5.34_broad_probe,11,,0,False,False,False,False,False
G5.34_broad_probe|warehouse-10-20-10-2-1|100|160|1000|0,warehouse-10-20-10-2-1|100|160|1000|0,G5.34_broad_probe,22,,0,False,False,False,False,False
G5.34_broad_probe|warehouse-10-20-10-2-1|100|160|2000|0,warehouse-10-20-10-2-1|100|160|2000|0,G5.34_broad_probe,22,,0,False,False,False,False,False
G5.34_broad_probe|warehouse-10-20-10-2-1|100|160|500|0,warehouse-10-20-10-2-1|100|160|500|0,G5.34_broad_probe,22,,0,False,False,False,False,False
G5.34_broad_probe|warehouse-10-20-10-2-1|100|161|1000|0,warehouse-10-20-10-2-1|100|161|1000|0,G5.34_broad_probe,22,,0,False,False,False,False,False
G5.34_broad_probe|warehouse-10-20-10-2-1|100|161|2000|0,warehouse-10-20-10-2-1|100|161|2000|0,G5.34_broad_probe,22,,0,False,False,False,False,False
G5.34_broad_probe|warehouse-10-20-10-2-1|100|161|500|0,warehouse-10-20-10-2-1|100|161|500|0,G5.34_broad_probe,22,,0,False,False,False,False,False
G5.34_broad_probe|warehouse-10-20-10-2-1|100|162|1000|0,warehouse-10-20-10-2-1|100|162|1000|0,G5.34_broad_probe,22,,0,False,False,False,False,False
G5.34_broad_probe|warehouse-10-20-10-2-1|100|162|2000|0,warehouse-10-20-10-2-1|100|162|2000|0,G5.34_broad_probe,22,,0,False,False,False,False,False
G5.34_broad_probe|warehouse-10-20-10-2-1|100|162|500|0,warehouse-10-20-10-2-1|100|162|500|0,G5.34_broad_probe,22,,0,False,False,False,False,False
G5.34_broad_probe|warehouse-10-20-10-2-1|100|163|1000|0,warehouse-10-20-10-2-1|100|163|1000|0,G5.34_broad_probe,22,,0,False,False,False,False,False
G5.34_broad_probe|warehouse-10-20-10-2-1|100|163|2000|0,warehouse-10-20-10-2-1|100|163|2000|0,G5.34_broad_probe,22,,0,False,False,False,False,False
G5.34_broad_probe|warehouse-10-20-10-2-1|100|163|500|0,warehouse-10-20-10-2-1|100|163|500|0,G5.34_broad_probe,22,,0,False,False,False,False,False
G5.34_broad_probe|warehouse-10-20-10-2-1|100|164|1000|0,warehouse-10-20-10-2-1|100|164|1000|0,G5.34_broad_probe,22,,0,False,False,False,False,False
G5.34_broad_probe|warehouse-10-20-10-2-1|100|164|2000|0,warehouse-10-20-10-2-1|100|164|2000|0,G5.34_broad_probe,22,,0,False,False,False,False,False
G5.34_broad_probe|warehouse-10-20-10-2-1|100|164|500|0,warehouse-10-20-10-2-1|100|164|500|0,G5.34_broad_probe,22,,0,False,False,False,False,False
G5.34_broad_probe|warehouse-10-20-10-2-1|100|165|1000|0,warehouse-10-20-10-2-1|100|165|1000|0,G5.34_broad_probe,22,,0,False,False,False,False,False
G5.34_broad_probe|warehouse-10-20-10-2-1|100|165|2000|0,warehouse-10-20-10-2-1|100|165|2000|0,G5.34_broad_probe,22,,0,False,False,False,False,False
G5.34_broad_probe|warehouse-10-20-10-2-1|100|165|500|0,warehouse-10-20-10-2-1|100|165|500|0,G5.34_broad_probe,22,,0,False,False,False,False,False
G5.34_broad_probe|warehouse-10-20-10-2-1|100|206|1000|0,warehouse-10-20-10-2-1|100|206|1000|0,G5.34_broad_probe,22,,0,False,False,False,False,False
G5.34_broad_probe|warehouse-10-20-10-2-1|100|206|500|0,warehouse-10-20-10-2-1|100|206|500|0,G5.34_broad_probe,22,,0,False,False,False,False,False
G5.34_broad_probe|warehouse-10-20-10-2-1|100|207|1000|0,warehouse-10-20-10-2-1|100|207|1000|0,G5.34_broad_probe,22,,0,False,False,False,False,False
G5.34_broad_probe|warehouse-10-20-10-2-1|100|207|500|0,warehouse-10-20-10-2-1|100|207|500|0,G5.34_broad_probe,22,,0,False,False,False,False,False
G5.34_broad_probe|warehouse-10-20-10-2-1|100|208|1000|0,warehouse-10-20-10-2-1|100|208|1000|0,G5.34_broad_probe,22,,0,False,False,False,False,False
G5.34_broad_probe|warehouse-10-20-10-2-1|100|208|500|0,warehouse-10-20-10-2-1|100|208|500|0,G5.34_broad_probe,22,,0,False,False,False,False,False
G5.34_broad_probe|warehouse-10-20-10-2-1|100|209|1000|0,warehouse-10-20-10-2-1|100|209|1000|0,G5.34_broad_probe,22,,0,False,False,False,False,False
G5.34_broad_probe|warehouse-10-20-10-2-1|100|209|500|0,warehouse-10-20-10-2-1|100|209|500|0,G5.34_broad_probe,22,,0,False,False,False,False,False
G5.34_broad_probe|warehouse-10-20-10-2-1|100|210|1000|0,warehouse-10-20-10-2-1|100|210|1000|0,G5.34_broad_probe,22,,0,False,False,False,False,False
G5.34_broad_probe|warehouse-10-20-10-2-1|100|210|500|0,warehouse-10-20-10-2-1|100|210|500|0,G5.34_broad_probe,22,,0,False,False,False,False,False
G5.34_broad_probe|warehouse-10-20-10-2-1|100|211|1000|0,warehouse-10-20-10-2-1|100|211|1000|0,G5.34_broad_probe,22,,0,False,False,False,False,False
G5.34_broad_probe|warehouse-10-20-10-2-1|100|211|500|0,warehouse-10-20-10-2-1|100|211|500|0,G5.34_broad_probe,22,,0,False,False,False,False,False
G5.34_broad_probe|warehouse-10-20-10-2-1|50|146|1000|0,warehouse-10-20-10-2-1|50|146|1000|0,G5.34_broad_probe,11,,0,False,False,False,False,False
G5.34_broad_probe|warehouse-10-20-10-2-1|50|146|2000|0,warehouse-10-20-10-2-1|50|146|2000|0,G5.34_broad_probe,11,,0,False,False,False,False,False
G5.34_broad_probe|warehouse-10-20-10-2-1|50|146|500|0,warehouse-10-20-10-2-1|50|146|500|0,G5.34_broad_probe,11,,0,False,False,False,False,False
G5.34_broad_probe|warehouse-10-20-10-2-1|50|147|1000|0,warehouse-10-20-10-2-1|50|147|1000|0,G5.34_broad_probe,11,,0,False,False,False,False,False
G5.34_broad_probe|warehouse-10-20-10-2-1|50|147|2000|0,warehouse-10-20-10-2-1|50|147|2000|0,G5.34_broad_probe,11,,0,False,False,False,False,False
G5.34_broad_probe|warehouse-10-20-10-2-1|50|147|500|0,warehouse-10-20-10-2-1|50|147|500|0,G5.34_broad_probe,11,,0,False,False,False,False,False
G5.34_broad_probe|warehouse-10-20-10-2-1|50|148|1000|0,warehouse-10-20-10-2-1|50|148|1000|0,G5.34_broad_probe,11,,0,False,False,False,False,False
G5.34_broad_probe|warehouse-10-20-10-2-1|50|148|2000|0,warehouse-10-20-10-2-1|50|148|2000|0,G5.34_broad_probe,11,,0,False,False,False,False,False
G5.34_broad_probe|warehouse-10-20-10-2-1|50|148|500|0,warehouse-10-20-10-2-1|50|148|500|0,G5.34_broad_probe,11,,0,False,False,False,False,False
G5.34_broad_probe|warehouse-10-20-10-2-1|50|149|1000|0,warehouse-10-20-10-2-1|50|149|1000|0,G5.34_broad_probe,11,,0,False,False,False,False,False
G5.34_broad_probe|warehouse-10-20-10-2-1|50|149|2000|0,warehouse-10-20-10-2-1|50|149|2000|0,G5.34_broad_probe,11,,0,False,False,False,False,False
G5.34_broad_probe|warehouse-10-20-10-2-1|50|149|500|0,warehouse-10-20-10-2-1|50|149|500|0,G5.34_broad_probe,11,,0,False,False,False,False,False
G5.34_broad_probe|warehouse-10-20-10-2-1|50|150|1000|0,warehouse-10-20-10-2-1|50|150|1000|0,G5.34_broad_probe,11,,0,False,False,False,False,False
G5.34_broad_probe|warehouse-10-20-10-2-1|50|150|2000|0,warehouse-10-20-10-2-1|50|150|2000|0,G5.34_broad_probe,11,,0,False,False,False,False,False
G5.34_broad_probe|warehouse-10-20-10-2-1|50|150|500|0,warehouse-10-20-10-2-1|50|150|500|0,G5.34_broad_probe,11,,0,False,False,False,False,False
G5.34_broad_probe|warehouse-10-20-10-2-1|50|151|1000|0,warehouse-10-20-10-2-1|50|151|1000|0,G5.34_broad_probe,11,,0,False,False,False,False,False
G5.34_broad_probe|warehouse-10-20-10-2-1|50|151|2000|0,warehouse-10-20-10-2-1|50|151|2000|0,G5.34_broad_probe,11,,0,False,False,False,False,False
G5.34_broad_probe|warehouse-10-20-10-2-1|50|151|500|0,warehouse-10-20-10-2-1|50|151|500|0,G5.34_broad_probe,11,,0,False,False,False,False,False
G5.34_broad_probe|warehouse-10-20-10-2-1|50|152|1000|0,warehouse-10-20-10-2-1|50|152|1000|0,G5.34_broad_probe,11,,0,False,False,False,False,False
G5.34_broad_probe|warehouse-10-20-10-2-1|50|152|2000|0,warehouse-10-20-10-2-1|50|152|2000|0,G5.34_broad_probe,11,,0,False,False,False,False,False
G5.34_broad_probe|warehouse-10-20-10-2-1|50|152|500|0,warehouse-10-20-10-2-1|50|152|500|0,G5.34_broad_probe,11,,0,False,False,False,False,False
G5.34_broad_probe|warehouse-10-20-10-2-1|50|153|1000|0,warehouse-10-20-10-2-1|50|153|1000|0,G5.34_broad_probe,11,,0,False,False,False,False,False
G5.34_broad_probe|warehouse-10-20-10-2-1|50|153|2000|0,warehouse-10-20-10-2-1|50|153|2000|0,G5.34_broad_probe,11,,0,False,False,False,False,False
G5.34_broad_probe|warehouse-10-20-10-2-1|50|153|500|0,warehouse-10-20-10-2-1|50|153|500|0,G5.34_broad_probe,11,,0,False,False,False,False,False
G5.34_broad_probe|warehouse-10-20-10-2-1|50|160|1000|0,warehouse-10-20-10-2-1|50|160|1000|0,G5.34_broad_probe,22,,0,False,False,False,False,False
G5.34_broad_probe|warehouse-10-20-10-2-1|50|160|2000|0,warehouse-10-20-10-2-1|50|160|2000|0,G5.34_broad_probe,22,,0,False,False,False,False,False
G5.34_broad_probe|warehouse-10-20-10-2-1|50|160|500|0,warehouse-10-20-10-2-1|50|160|500|0,G5.34_broad_probe,22,,0,False,False,False,False,False
G5.34_broad_probe|warehouse-10-20-10-2-1|50|161|1000|0,warehouse-10-20-10-2-1|50|161|1000|0,G5.34_broad_probe,22,,0,False,False,False,False,False
G5.34_broad_probe|warehouse-10-20-10-2-1|50|161|2000|0,warehouse-10-20-10-2-1|50|161|2000|0,G5.34_broad_probe,22,,0,False,False,False,False,False
G5.34_broad_probe|warehouse-10-20-10-2-1|50|161|500|0,warehouse-10-20-10-2-1|50|161|500|0,G5.34_broad_probe,22,,0,False,False,False,False,False
G5.34_broad_probe|warehouse-10-20-10-2-1|50|162|1000|0,warehouse-10-20-10-2-1|50|162|1000|0,G5.34_broad_probe,22,,0,False,False,False,False,False
G5.34_broad_probe|warehouse-10-20-10-2-1|50|162|2000|0,warehouse-10-20-10-2-1|50|162|2000|0,G5.34_broad_probe,22,,0,False,False,False,False,False
G5.34_broad_probe|warehouse-10-20-10-2-1|50|162|500|0,warehouse-10-20-10-2-1|50|162|500|0,G5.34_broad_probe,22,,0,False,False,False,False,False
G5.34_broad_probe|warehouse-10-20-10-2-1|50|163|1000|0,warehouse-10-20-10-2-1|50|163|1000|0,G5.34_broad_probe,22,,0,False,False,False,False,False
G5.34_broad_probe|warehouse-10-20-10-2-1|50|163|2000|0,warehouse-10-20-10-2-1|50|163|2000|0,G5.34_broad_probe,22,,0,False,False,False,False,False
G5.34_broad_probe|warehouse-10-20-10-2-1|50|163|500|0,warehouse-10-20-10-2-1|50|163|500|0,G5.34_broad_probe,22,,0,False,False,False,False,False
G5.34_broad_probe|warehouse-10-20-10-2-1|50|164|1000|0,warehouse-10-20-10-2-1|50|164|1000|0,G5.34_broad_probe,22,,0,False,False,False,False,False
G5.34_broad_probe|warehouse-10-20-10-2-1|50|164|2000|0,warehouse-10-20-10-2-1|50|164|2000|0,G5.34_broad_probe,22,,0,False,False,False,False,False
G5.34_broad_probe|warehouse-10-20-10-2-1|50|164|500|0,warehouse-10-20-10-2-1|50|164|500|0,G5.34_broad_probe,22,,0,False,False,False,False,False
G5.34_broad_probe|warehouse-10-20-10-2-1|50|165|1000|0,warehouse-10-20-10-2-1|50|165|1000|0,G5.34_broad_probe,22,,0,False,False,False,False,False
G5.34_broad_probe|warehouse-10-20-10-2-1|50|165|2000|0,warehouse-10-20-10-2-1|50|165|2000|0,G5.34_broad_probe,22,,0,False,False,False,False,False
G5.34_broad_probe|warehouse-10-20-10-2-1|50|165|500|0,warehouse-10-20-10-2-1|50|165|500|0,G5.34_broad_probe,22,,0,False,False,False,False,False
G5.34_broad_probe|warehouse-10-20-10-2-1|50|206|1000|0,warehouse-10-20-10-2-1|50|206|1000|0,G5.34_broad_probe,22,,0,False,False,False,False,False
G5.34_broad_probe|warehouse-10-20-10-2-1|50|206|2000|0,warehouse-10-20-10-2-1|50|206|2000|0,G5.34_broad_probe,6,,0,False,False,False,False,False
G5.34_broad_probe|warehouse-10-20-10-2-1|50|206|500|0,warehouse-10-20-10-2-1|50|206|500|0,G5.34_broad_probe,22,,0,False,False,False,False,False
G5.34_broad_probe|warehouse-10-20-10-2-1|50|207|1000|0,warehouse-10-20-10-2-1|50|207|1000|0,G5.34_broad_probe,22,,0,False,False,False,False,False
G5.34_broad_probe|warehouse-10-20-10-2-1|50|207|500|0,warehouse-10-20-10-2-1|50|207|500|0,G5.34_broad_probe,22,,0,False,False,False,False,False
G5.34_broad_probe|warehouse-10-20-10-2-1|50|208|1000|0,warehouse-10-20-10-2-1|50|208|1000|0,G5.34_broad_probe,22,,0,False,False,False,False,False
G5.34_broad_probe|warehouse-10-20-10-2-1|50|208|500|0,warehouse-10-20-10-2-1|50|208|500|0,G5.34_broad_probe,22,,0,False,False,False,False,False
G5.34_broad_probe|warehouse-10-20-10-2-1|50|209|1000|0,warehouse-10-20-10-2-1|50|209|1000|0,G5.34_broad_probe,22,,0,False,False,False,False,False
G5.34_broad_probe|warehouse-10-20-10-2-1|50|209|500|0,warehouse-10-20-10-2-1|50|209|500|0,G5.34_broad_probe,22,,0,False,False,False,False,False
G5.34_broad_probe|warehouse-10-20-10-2-1|50|210|1000|0,warehouse-10-20-10-2-1|50|210|1000|0,G5.34_broad_probe,22,,0,False,False,False,False,False
G5.34_broad_probe|warehouse-10-20-10-2-1|50|210|500|0,warehouse-10-20-10-2-1|50|210|500|0,G5.34_broad_probe,22,,0,False,False,False,False,False
G5.34_broad_probe|warehouse-10-20-10-2-1|50|211|1000|0,warehouse-10-20-10-2-1|50|211|1000|0,G5.34_broad_probe,22,,0,False,False,False,False,False
G5.34_broad_probe|warehouse-10-20-10-2-1|50|211|500|0,warehouse-10-20-10-2-1|50|211|500|0,G5.34_broad_probe,22,,0,False,False,False,False,False
G5.34_prospective_selected_replay|maze-32-32-4|100|212|1000|0,maze-32-32-4|100|212|1000|0,G5.34_prospective_selected_replay,2,,0,False,False,False,False,False
G5.34_prospective_selected_replay|maze-32-32-4|100|212|1000|final,maze-32-32-4|100|212|1000|final,G5.34_prospective_selected_replay,8,,0,False,False,False,False,False
G5.34_prospective_selected_replay|maze-32-32-4|100|212|2000|0,maze-32-32-4|100|212|2000|0,G5.34_prospective_selected_replay,1,,0,False,False,False,False,False
G5.34_prospective_selected_replay|maze-32-32-4|100|212|2000|final,maze-32-32-4|100|212|2000|final,G5.34_prospective_selected_replay,8,,0,False,False,False,False,False
G5.34_prospective_selected_replay|maze-32-32-4|100|213|1000|0,maze-32-32-4|100|213|1000|0,G5.34_prospective_selected_replay,2,,0,False,False,False,False,False
G5.34_prospective_selected_replay|maze-32-32-4|100|213|1000|final,maze-32-32-4|100|213|1000|final,G5.34_prospective_selected_replay,8,,0,False,False,False,False,False
G5.34_prospective_selected_replay|maze-32-32-4|100|213|2000|0,maze-32-32-4|100|213|2000|0,G5.34_prospective_selected_replay,1,,0,False,False,False,False,False
G5.34_prospective_selected_replay|maze-32-32-4|100|213|2000|final,maze-32-32-4|100|213|2000|final,G5.34_prospective_selected_replay,8,,0,False,False,False,False,False
G5.34_prospective_selected_replay|maze-32-32-4|100|214|1000|0,maze-32-32-4|100|214|1000|0,G5.34_prospective_selected_replay,2,,0,False,False,False,False,False
G5.34_prospective_selected_replay|maze-32-32-4|100|214|1000|final,maze-32-32-4|100|214|1000|final,G5.34_prospective_selected_replay,8,,0,False,False,False,False,False
G5.34_prospective_selected_replay|maze-32-32-4|100|214|2000|0,maze-32-32-4|100|214|2000|0,G5.34_prospective_selected_replay,1,,0,False,False,False,False,False
G5.34_prospective_selected_replay|maze-32-32-4|100|214|2000|final,maze-32-32-4|100|214|2000|final,G5.34_prospective_selected_replay,8,,0,False,False,False,False,False
G5.34_prospective_selected_replay|maze-32-32-4|100|215|1000|0,maze-32-32-4|100|215|1000|0,G5.34_prospective_selected_replay,2,,0,False,False,False,False,False
G5.34_prospective_selected_replay|maze-32-32-4|100|215|1000|final,maze-32-32-4|100|215|1000|final,G5.34_prospective_selected_replay,8,,0,False,False,False,False,False
G5.34_prospective_selected_replay|maze-32-32-4|100|215|2000|0,maze-32-32-4|100|215|2000|0,G5.34_prospective_selected_replay,1,,0,False,False,False,False,False
G5.34_prospective_selected_replay|maze-32-32-4|100|215|2000|final,maze-32-32-4|100|215|2000|final,G5.34_prospective_selected_replay,8,,0,False,False,False,False,False
G5.34_prospective_selected_replay|maze-32-32-4|100|216|1000|0,maze-32-32-4|100|216|1000|0,G5.34_prospective_selected_replay,1,,0,False,False,False,False,False
G5.34_prospective_selected_replay|maze-32-32-4|100|216|1000|final,maze-32-32-4|100|216|1000|final,G5.34_prospective_selected_replay,8,,0,False,False,False,False,False
G5.34_prospective_selected_replay|maze-32-32-4|100|216|2000|0,maze-32-32-4|100|216|2000|0,G5.34_prospective_selected_replay,1,,0,False,False,False,False,False
G5.34_prospective_selected_replay|maze-32-32-4|100|216|2000|final,maze-32-32-4|100|216|2000|final,G5.34_prospective_selected_replay,8,,0,False,False,False,False,False
G5.34_prospective_selected_replay|maze-32-32-4|100|217|1000|final,maze-32-32-4|100|217|1000|final,G5.34_prospective_selected_replay,8,,0,False,False,False,False,False
G5.34_prospective_selected_replay|maze-32-32-4|100|217|2000|0,maze-32-32-4|100|217|2000|0,G5.34_prospective_selected_replay,1,,0,False,False,False,False,False
G5.34_prospective_selected_replay|maze-32-32-4|100|217|2000|final,maze-32-32-4|100|217|2000|final,G5.34_prospective_selected_replay,8,,0,False,False,False,False,False
G5.34_prospective_selected_replay|maze-32-32-4|100|246|1000|0,maze-32-32-4|100|246|1000|0,G5.34_prospective_selected_replay,2,,0,False,False,False,False,False
G5.34_prospective_selected_replay|maze-32-32-4|100|246|1000|final,maze-32-32-4|100|246|1000|final,G5.34_prospective_selected_replay,8,,0,False,False,False,False,False
G5.34_prospective_selected_replay|maze-32-32-4|100|246|2000|0,maze-32-32-4|100|246|2000|0,G5.34_prospective_selected_replay,1,,0,False,False,False,False,False
G5.34_prospective_selected_replay|maze-32-32-4|100|246|2000|final,maze-32-32-4|100|246|2000|final,G5.34_prospective_selected_replay,8,,0,False,False,False,False,False
G5.34_prospective_selected_replay|maze-32-32-4|100|247|1000|0,maze-32-32-4|100|247|1000|0,G5.34_prospective_selected_replay,2,,0,False,False,False,False,False
G5.34_prospective_selected_replay|maze-32-32-4|100|247|1000|final,maze-32-32-4|100|247|1000|final,G5.34_prospective_selected_replay,8,,0,False,False,False,False,False
G5.34_prospective_selected_replay|maze-32-32-4|100|247|2000|0,maze-32-32-4|100|247|2000|0,G5.34_prospective_selected_replay,1,,0,False,False,False,False,False
G5.34_prospective_selected_replay|maze-32-32-4|100|247|2000|final,maze-32-32-4|100|247|2000|final,G5.34_prospective_selected_replay,8,,0,False,False,False,False,False
G5.34_prospective_selected_replay|maze-32-32-4|100|248|1000|final,maze-32-32-4|100|248|1000|final,G5.34_prospective_selected_replay,8,,0,False,False,False,False,False
G5.34_prospective_selected_replay|maze-32-32-4|100|248|2000|0,maze-32-32-4|100|248|2000|0,G5.34_prospective_selected_replay,1,,0,False,False,False,False,False
G5.34_prospective_selected_replay|maze-32-32-4|100|248|2000|1,maze-32-32-4|100|248|2000|1,G5.34_prospective_selected_replay,1,,0,False,False,False,False,False
G5.34_prospective_selected_replay|maze-32-32-4|100|248|2000|final,maze-32-32-4|100|248|2000|final,G5.34_prospective_selected_replay,8,,0,False,False,False,False,False
G5.34_prospective_selected_replay|maze-32-32-4|100|249|1000|final,maze-32-32-4|100|249|1000|final,G5.34_prospective_selected_replay,8,,0,False,False,False,False,False
G5.34_prospective_selected_replay|maze-32-32-4|100|249|2000|0,maze-32-32-4|100|249|2000|0,G5.34_prospective_selected_replay,1,,0,False,False,False,False,False
G5.34_prospective_selected_replay|maze-32-32-4|100|249|2000|final,maze-32-32-4|100|249|2000|final,G5.34_prospective_selected_replay,8,,0,False,False,False,False,False
G5.34_prospective_selected_replay|maze-32-32-4|100|250|1000|final,maze-32-32-4|100|250|1000|final,G5.34_prospective_selected_replay,8,,0,False,False,False,False,False
G5.34_prospective_selected_replay|maze-32-32-4|100|250|2000|0,maze-32-32-4|100|250|2000|0,G5.34_prospective_selected_replay,1,,0,False,False,False,False,False
G5.34_prospective_selected_replay|maze-32-32-4|100|250|2000|final,maze-32-32-4|100|250|2000|final,G5.34_prospective_selected_replay,8,,0,False,False,False,False,False
G5.34_prospective_selected_replay|maze-32-32-4|100|251|1000|final,maze-32-32-4|100|251|1000|final,G5.34_prospective_selected_replay,8,,0,False,False,False,False,False
G5.34_prospective_selected_replay|maze-32-32-4|100|251|2000|0,maze-32-32-4|100|251|2000|0,G5.34_prospective_selected_replay,1,,0,False,False,False,False,False
G5.34_prospective_selected_replay|maze-32-32-4|100|251|2000|final,maze-32-32-4|100|251|2000|final,G5.34_prospective_selected_replay,8,,0,False,False,False,False,False
G5.34_prospective_selected_replay|maze-32-32-4|100|252|1000|final,maze-32-32-4|100|252|1000|final,G5.34_prospective_selected_replay,8,,0,False,False,False,False,False
G5.34_prospective_selected_replay|maze-32-32-4|100|252|2000|0,maze-32-32-4|100|252|2000|0,G5.34_prospective_selected_replay,2,,0,False,False,False,False,False
G5.34_prospective_selected_replay|maze-32-32-4|100|252|2000|final,maze-32-32-4|100|252|2000|final,G5.34_prospective_selected_replay,8,,0,False,False,False,False,False
G5.34_prospective_selected_replay|maze-32-32-4|100|253|1000|final,maze-32-32-4|100|253|1000|final,G5.34_prospective_selected_replay,8,,0,False,False,False,False,False
G5.34_prospective_selected_replay|maze-32-32-4|100|253|2000|0,maze-32-32-4|100|253|2000|0,G5.34_prospective_selected_replay,2,,0,False,False,False,False,False
G5.34_prospective_selected_replay|maze-32-32-4|100|253|2000|final,maze-32-32-4|100|253|2000|final,G5.34_prospective_selected_replay,8,,0,False,False,False,False,False
G5.34_prospective_selected_replay|maze-32-32-4|50|212|1000|final,maze-32-32-4|50|212|1000|final,G5.34_prospective_selected_replay,8,,0,False,False,False,False,False
G5.34_prospective_selected_replay|maze-32-32-4|50|212|2000|0,maze-32-32-4|50|212|2000|0,G5.34_prospective_selected_replay,2,,0,False,False,False,False,False
G5.34_prospective_selected_replay|maze-32-32-4|50|212|2000|1,maze-32-32-4|50|212|2000|1,G5.34_prospective_selected_replay,1,,0,False,False,False,False,False
G5.34_prospective_selected_replay|maze-32-32-4|50|212|2000|final,maze-32-32-4|50|212|2000|final,G5.34_prospective_selected_replay,8,,0,False,False,False,False,False
G5.34_prospective_selected_replay|maze-32-32-4|50|213|1000|final,maze-32-32-4|50|213|1000|final,G5.34_prospective_selected_replay,8,,0,False,False,False,False,False
G5.34_prospective_selected_replay|maze-32-32-4|50|213|2000|0,maze-32-32-4|50|213|2000|0,G5.34_prospective_selected_replay,1,,0,False,False,False,False,False
G5.34_prospective_selected_replay|maze-32-32-4|50|213|2000|1,maze-32-32-4|50|213|2000|1,G5.34_prospective_selected_replay,1,,0,False,False,False,False,False
G5.34_prospective_selected_replay|maze-32-32-4|50|213|2000|final,maze-32-32-4|50|213|2000|final,G5.34_prospective_selected_replay,8,repair5g59_flow_decay|repair5g59_high_beta_cap_safe|repair5g59_static_flow_shield|repair5g59_wait_aggressive|repair5g59_wait_conservative,5,False,False,False,False,False
G5.34_prospective_selected_replay|maze-32-32-4|50|214|1000|final,maze-32-32-4|50|214|1000|final,G5.34_prospective_selected_replay,8,,0,False,False,False,False,False
G5.34_prospective_selected_replay|maze-32-32-4|50|214|2000|0,maze-32-32-4|50|214|2000|0,G5.34_prospective_selected_replay,1,,0,False,False,False,False,False
G5.34_prospective_selected_replay|maze-32-32-4|50|214|2000|1,maze-32-32-4|50|214|2000|1,G5.34_prospective_selected_replay,1,,0,False,False,False,False,False
G5.34_prospective_selected_replay|maze-32-32-4|50|214|2000|final,maze-32-32-4|50|214|2000|final,G5.34_prospective_selected_replay,8,repair5g59_flow_decay|repair5g59_static_flow_shield,2,False,False,False,False,False
G5.34_prospective_selected_replay|maze-32-32-4|50|215|1000|0,maze-32-32-4|50|215|1000|0,G5.34_prospective_selected_replay,1,,0,False,False,False,False,False
G5.34_prospective_selected_replay|maze-32-32-4|50|215|1000|final,maze-32-32-4|50|215|1000|final,G5.34_prospective_selected_replay,8,,0,False,False,False,False,False
G5.34_prospective_selected_replay|maze-32-32-4|50|215|2000|0,maze-32-32-4|50|215|2000|0,G5.34_prospective_selected_replay,2,,0,False,False,False,False,False
G5.34_prospective_selected_replay|maze-32-32-4|50|215|2000|1,maze-32-32-4|50|215|2000|1,G5.34_prospective_selected_replay,1,,0,False,False,False,False,False
G5.34_prospective_selected_replay|maze-32-32-4|50|215|2000|final,maze-32-32-4|50|215|2000|final,G5.34_prospective_selected_replay,8,,0,False,False,False,False,False
G5.34_prospective_selected_replay|maze-32-32-4|50|216|1000|0,maze-32-32-4|50|216|1000|0,G5.34_prospective_selected_replay,2,,0,False,False,False,False,False
G5.34_prospective_selected_replay|maze-32-32-4|50|216|1000|final,maze-32-32-4|50|216|1000|final,G5.34_prospective_selected_replay,8,,0,False,False,False,False,False
G5.34_prospective_selected_replay|maze-32-32-4|50|216|2000|0,maze-32-32-4|50|216|2000|0,G5.34_prospective_selected_replay,2,,0,False,False,False,False,False
G5.34_prospective_selected_replay|maze-32-32-4|50|216|2000|1,maze-32-32-4|50|216|2000|1,G5.34_prospective_selected_replay,1,,0,False,False,False,False,False
G5.34_prospective_selected_replay|maze-32-32-4|50|216|2000|final,maze-32-32-4|50|216|2000|final,G5.34_prospective_selected_replay,8,repair5g59_high_beta_cap_safe,1,False,False,False,False,False
G5.34_prospective_selected_replay|maze-32-32-4|50|217|1000|0,maze-32-32-4|50|217|1000|0,G5.34_prospective_selected_replay,2,,0,False,False,False,False,False
G5.34_prospective_selected_replay|maze-32-32-4|50|217|1000|final,maze-32-32-4|50|217|1000|final,G5.34_prospective_selected_replay,8,,0,False,False,False,False,False
G5.34_prospective_selected_replay|maze-32-32-4|50|217|2000|0,maze-32-32-4|50|217|2000|0,G5.34_prospective_selected_replay,3,,0,False,False,False,False,False
G5.34_prospective_selected_replay|maze-32-32-4|50|217|2000|1,maze-32-32-4|50|217|2000|1,G5.34_prospective_selected_replay,1,,0,False,False,False,False,False
G5.34_prospective_selected_replay|maze-32-32-4|50|217|2000|final,maze-32-32-4|50|217|2000|final,G5.34_prospective_selected_replay,8,,0,False,False,False,False,False
G5.34_prospective_selected_replay|maze-32-32-4|50|246|1000|final,maze-32-32-4|50|246|1000|final,G5.34_prospective_selected_replay,8,,0,False,False,False,False,False
G5.34_prospective_selected_replay|maze-32-32-4|50|246|2000|0,maze-32-32-4|50|246|2000|0,G5.34_prospective_selected_replay,1,,0,False,False,False,False,False
G5.34_prospective_selected_replay|maze-32-32-4|50|246|2000|1,maze-32-32-4|50|246|2000|1,G5.34_prospective_selected_replay,1,,0,False,False,False,False,False
G5.34_prospective_selected_replay|maze-32-32-4|50|246|2000|final,maze-32-32-4|50|246|2000|final,G5.34_prospective_selected_replay,8,repair5g59_high_beta_cap_safe|repair5g59_low_beta_high_cap|repair5g59_wait_aggressive|repair5g59_wait_conservative,4,False,False,False,False,False
G5.34_prospective_selected_replay|maze-32-32-4|50|247|1000|0,maze-32-32-4|50|247|1000|0,G5.34_prospective_selected_replay,1,,0,False,False,False,False,False
G5.34_prospective_selected_replay|maze-32-32-4|50|247|1000|final,maze-32-32-4|50|247|1000|final,G5.34_prospective_selected_replay,8,,0,False,False,False,False,False
G5.34_prospective_selected_replay|maze-32-32-4|50|247|2000|0,maze-32-32-4|50|247|2000|0,G5.34_prospective_selected_replay,1,,0,False,False,False,False,False
G5.34_prospective_selected_replay|maze-32-32-4|50|247|2000|1,maze-32-32-4|50|247|2000|1,G5.34_prospective_selected_replay,1,,0,False,False,False,False,False
G5.34_prospective_selected_replay|maze-32-32-4|50|247|2000|final,maze-32-32-4|50|247|2000|final,G5.34_prospective_selected_replay,8,repair5g59_low_beta_high_cap|repair5g59_wait_aggressive,2,False,False,False,False,False
G5.34_prospective_selected_replay|maze-32-32-4|50|248|1000|0,maze-32-32-4|50|248|1000|0,G5.34_prospective_selected_replay,2,,0,False,False,False,False,False
G5.34_prospective_selected_replay|maze-32-32-4|50|248|1000|final,maze-32-32-4|50|248|1000|final,G5.34_prospective_selected_replay,8,,0,False,False,False,False,False
G5.34_prospective_selected_replay|maze-32-32-4|50|248|2000|0,maze-32-32-4|50|248|2000|0,G5.34_prospective_selected_replay,2,,0,False,False,False,False,False
G5.34_prospective_selected_replay|maze-32-32-4|50|248|2000|1,maze-32-32-4|50|248|2000|1,G5.34_prospective_selected_replay,3,,0,False,False,False,False,False
G5.34_prospective_selected_replay|maze-32-32-4|50|248|2000|final,maze-32-32-4|50|248|2000|final,G5.34_prospective_selected_replay,8,repair5g59_low_beta_high_cap,1,False,False,False,False,False
G5.34_prospective_selected_replay|maze-32-32-4|50|249|1000|0,maze-32-32-4|50|249|1000|0,G5.34_prospective_selected_replay,2,,0,False,False,False,False,False
G5.34_prospective_selected_replay|maze-32-32-4|50|249|1000|final,maze-32-32-4|50|249|1000|final,G5.34_prospective_selected_replay,8,,0,False,False,False,False,False
G5.34_prospective_selected_replay|maze-32-32-4|50|249|2000|0,maze-32-32-4|50|249|2000|0,G5.34_prospective_selected_replay,2,,0,False,False,False,False,False
G5.34_prospective_selected_replay|maze-32-32-4|50|249|2000|1,maze-32-32-4|50|249|2000|1,G5.34_prospective_selected_replay,3,,0,False,False,False,False,False
G5.34_prospective_selected_replay|maze-32-32-4|50|249|2000|final,maze-32-32-4|50|249|2000|final,G5.34_prospective_selected_replay,8,repair5g59_flow_decay|repair5g59_high_beta_cap_safe|repair5g59_static_flow_shield|repair5g59_wait_aggressive|repair5g59_wait_conservative,5,False,False,False,False,False
G5.34_prospective_selected_replay|maze-32-32-4|50|250|1000|0,maze-32-32-4|50|250|1000|0,G5.34_prospective_selected_replay,2,,0,False,False,False,False,False
G5.34_prospective_selected_replay|maze-32-32-4|50|250|1000|final,maze-32-32-4|50|250|1000|final,G5.34_prospective_selected_replay,8,,0,False,False,False,False,False
G5.34_prospective_selected_replay|maze-32-32-4|50|250|2000|0,maze-32-32-4|50|250|2000|0,G5.34_prospective_selected_replay,2,,0,False,False,False,False,False
G5.34_prospective_selected_replay|maze-32-32-4|50|250|2000|1,maze-32-32-4|50|250|2000|1,G5.34_prospective_selected_replay,1,,0,False,False,False,False,False
G5.34_prospective_selected_replay|maze-32-32-4|50|250|2000|final,maze-32-32-4|50|250|2000|final,G5.34_prospective_selected_replay,8,,0,False,False,False,False,False
G5.34_prospective_selected_replay|maze-32-32-4|50|251|1000|0,maze-32-32-4|50|251|1000|0,G5.34_prospective_selected_replay,2,,0,False,False,False,False,False
G5.34_prospective_selected_replay|maze-32-32-4|50|251|1000|final,maze-32-32-4|50|251|1000|final,G5.34_prospective_selected_replay,8,,0,False,False,False,False,False
G5.34_prospective_selected_replay|maze-32-32-4|50|251|2000|0,maze-32-32-4|50|251|2000|0,G5.34_prospective_selected_replay,1,,0,False,False,False,False,False
G5.34_prospective_selected_replay|maze-32-32-4|50|251|2000|1,maze-32-32-4|50|251|2000|1,G5.34_prospective_selected_replay,1,,0,False,False,False,False,False
G5.34_prospective_selected_replay|maze-32-32-4|50|251|2000|final,maze-32-32-4|50|251|2000|final,G5.34_prospective_selected_replay,8,,0,False,False,False,False,False
G5.34_prospective_selected_replay|maze-32-32-4|50|252|1000|0,maze-32-32-4|50|252|1000|0,G5.34_prospective_selected_replay,2,,0,False,False,False,False,False
G5.34_prospective_selected_replay|maze-32-32-4|50|252|1000|final,maze-32-32-4|50|252|1000|final,G5.34_prospective_selected_replay,8,,0,False,False,False,False,False
G5.34_prospective_selected_replay|maze-32-32-4|50|252|2000|0,maze-32-32-4|50|252|2000|0,G5.34_prospective_selected_replay,1,,0,False,False,False,False,False
G5.34_prospective_selected_replay|maze-32-32-4|50|252|2000|1,maze-32-32-4|50|252|2000|1,G5.34_prospective_selected_replay,1,,0,False,False,False,False,False
G5.34_prospective_selected_replay|maze-32-32-4|50|252|2000|final,maze-32-32-4|50|252|2000|final,G5.34_prospective_selected_replay,8,,0,False,False,False,False,False
G5.34_prospective_selected_replay|maze-32-32-4|50|253|1000|0,maze-32-32-4|50|253|1000|0,G5.34_prospective_selected_replay,2,,0,False,False,False,False,False
G5.34_prospective_selected_replay|maze-32-32-4|50|253|1000|final,maze-32-32-4|50|253|1000|final,G5.34_prospective_selected_replay,8,,0,False,False,False,False,False
G5.34_prospective_selected_replay|maze-32-32-4|50|253|2000|0,maze-32-32-4|50|253|2000|0,G5.34_prospective_selected_replay,1,,0,False,False,False,False,False
G5.34_prospective_selected_replay|maze-32-32-4|50|253|2000|1,maze-32-32-4|50|253|2000|1,G5.34_prospective_selected_replay,1,,0,False,False,False,False,False
G5.34_prospective_selected_replay|maze-32-32-4|50|253|2000|final,maze-32-32-4|50|253|2000|final,G5.34_prospective_selected_replay,8,,0,False,False,False,False,False
G5.34_prospective_selected_replay|random-32-32-20|100|212|1000|0,random-32-32-20|100|212|1000|0,G5.34_prospective_selected_replay,2,,0,False,False,False,False,False
G5.34_prospective_selected_replay|random-32-32-20|100|212|1000|final,random-32-32-20|100|212|1000|final,G5.34_prospective_selected_replay,8,,0,False,False,False,False,False
G5.34_prospective_selected_replay|random-32-32-20|100|212|2000|0,random-32-32-20|100|212|2000|0,G5.34_prospective_selected_replay,2,,0,False,False,False,False,False
G5.34_prospective_selected_replay|random-32-32-20|100|212|2000|1,random-32-32-20|100|212|2000|1,G5.34_prospective_selected_replay,3,,0,False,False,False,False,False
G5.34_prospective_selected_replay|random-32-32-20|100|212|2000|final,random-32-32-20|100|212|2000|final,G5.34_prospective_selected_replay,8,,0,False,False,False,False,False
G5.34_prospective_selected_replay|random-32-32-20|100|213|1000|0,random-32-32-20|100|213|1000|0,G5.34_prospective_selected_replay,2,,0,False,False,False,False,False
G5.34_prospective_selected_replay|random-32-32-20|100|213|1000|final,random-32-32-20|100|213|1000|final,G5.34_prospective_selected_replay,8,,0,False,False,False,False,False
G5.34_prospective_selected_replay|random-32-32-20|100|213|2000|0,random-32-32-20|100|213|2000|0,G5.34_prospective_selected_replay,1,,0,False,False,False,False,False
G5.34_prospective_selected_replay|random-32-32-20|100|213|2000|1,random-32-32-20|100|213|2000|1,G5.34_prospective_selected_replay,2,,0,False,False,False,False,False
G5.34_prospective_selected_replay|random-32-32-20|100|213|2000|final,random-32-32-20|100|213|2000|final,G5.34_prospective_selected_replay,8,,0,False,False,False,False,False
G5.34_prospective_selected_replay|random-32-32-20|100|214|1000|final,random-32-32-20|100|214|1000|final,G5.34_prospective_selected_replay,8,,0,False,False,False,False,False
G5.34_prospective_selected_replay|random-32-32-20|100|214|2000|0,random-32-32-20|100|214|2000|0,G5.34_prospective_selected_replay,5,,0,False,False,False,False,False
G5.34_prospective_selected_replay|random-32-32-20|100|214|2000|1,random-32-32-20|100|214|2000|1,G5.34_prospective_selected_replay,1,,0,False,False,False,False,False
G5.34_prospective_selected_replay|random-32-32-20|100|214|2000|final,random-32-32-20|100|214|2000|final,G5.34_prospective_selected_replay,8,,0,False,False,False,False,False
G5.34_prospective_selected_replay|random-32-32-20|100|215|1000|final,random-32-32-20|100|215|1000|final,G5.34_prospective_selected_replay,8,,0,False,False,False,False,False
G5.34_prospective_selected_replay|random-32-32-20|100|215|2000|0,random-32-32-20|100|215|2000|0,G5.34_prospective_selected_replay,2,,0,False,False,False,False,False
G5.34_prospective_selected_replay|random-32-32-20|100|215|2000|final,random-32-32-20|100|215|2000|final,G5.34_prospective_selected_replay,8,,0,False,False,False,False,False
G5.34_prospective_selected_replay|random-32-32-20|100|216|1000|final,random-32-32-20|100|216|1000|final,G5.34_prospective_selected_replay,8,,0,False,False,False,False,False
G5.34_prospective_selected_replay|random-32-32-20|100|216|2000|0,random-32-32-20|100|216|2000|0,G5.34_prospective_selected_replay,2,,0,False,False,False,False,False
G5.34_prospective_selected_replay|random-32-32-20|100|216|2000|1,random-32-32-20|100|216|2000|1,G5.34_prospective_selected_replay,2,,0,False,False,False,False,False
G5.34_prospective_selected_replay|random-32-32-20|100|216|2000|final,random-32-32-20|100|216|2000|final,G5.34_prospective_selected_replay,8,,0,False,False,False,False,False
G5.34_prospective_selected_replay|random-32-32-20|100|217|1000|final,random-32-32-20|100|217|1000|final,G5.34_prospective_selected_replay,8,,0,False,False,False,False,False
G5.34_prospective_selected_replay|random-32-32-20|100|217|2000|0,random-32-32-20|100|217|2000|0,G5.34_prospective_selected_replay,2,,0,False,False,False,False,False
G5.34_prospective_selected_replay|random-32-32-20|100|217|2000|1,random-32-32-20|100|217|2000|1,G5.34_prospective_selected_replay,2,,0,False,False,False,False,False
G5.34_prospective_selected_replay|random-32-32-20|100|217|2000|final,random-32-32-20|100|217|2000|final,G5.34_prospective_selected_replay,8,,0,False,False,False,False,False
G5.34_prospective_selected_replay|random-32-32-20|100|246|1000|0,random-32-32-20|100|246|1000|0,G5.34_prospective_selected_replay,2,,0,False,False,False,False,False
G5.34_prospective_selected_replay|random-32-32-20|100|246|1000|final,random-32-32-20|100|246|1000|final,G5.34_prospective_selected_replay,8,,0,False,False,False,False,False
G5.34_prospective_selected_replay|random-32-32-20|100|246|2000|0,random-32-32-20|100|246|2000|0,G5.34_prospective_selected_replay,3,,0,False,False,False,False,False
G5.34_prospective_selected_replay|random-32-32-20|100|246|2000|1,random-32-32-20|100|246|2000|1,G5.34_prospective_selected_replay,2,,0,False,False,False,False,False
G5.34_prospective_selected_replay|random-32-32-20|100|246|2000|final,random-32-32-20|100|246|2000|final,G5.34_prospective_selected_replay,8,,0,False,False,False,False,False
G5.34_prospective_selected_replay|random-32-32-20|100|247|1000|0,random-32-32-20|100|247|1000|0,G5.34_prospective_selected_replay,2,,0,False,False,False,False,False
G5.34_prospective_selected_replay|random-32-32-20|100|247|1000|final,random-32-32-20|100|247|1000|final,G5.34_prospective_selected_replay,8,,0,False,False,False,False,False
G5.34_prospective_selected_replay|random-32-32-20|100|247|2000|0,random-32-32-20|100|247|2000|0,G5.34_prospective_selected_replay,3,,0,False,False,False,False,False
G5.34_prospective_selected_replay|random-32-32-20|100|247|2000|1,random-32-32-20|100|247|2000|1,G5.34_prospective_selected_replay,3,,0,False,False,False,False,False
G5.34_prospective_selected_replay|random-32-32-20|100|247|2000|final,random-32-32-20|100|247|2000|final,G5.34_prospective_selected_replay,8,,0,False,False,False,False,False
G5.34_prospective_selected_replay|random-32-32-20|100|248|1000|0,random-32-32-20|100|248|1000|0,G5.34_prospective_selected_replay,2,,0,False,False,False,False,False
G5.34_prospective_selected_replay|random-32-32-20|100|248|1000|final,random-32-32-20|100|248|1000|final,G5.34_prospective_selected_replay,8,,0,False,False,False,False,False
G5.34_prospective_selected_replay|random-32-32-20|100|248|2000|0,random-32-32-20|100|248|2000|0,G5.34_prospective_selected_replay,1,,0,False,False,False,False,False
G5.34_prospective_selected_replay|random-32-32-20|100|248|2000|1,random-32-32-20|100|248|2000|1,G5.34_prospective_selected_replay,2,,0,False,False,False,False,False
G5.34_prospective_selected_replay|random-32-32-20|100|248|2000|final,random-32-32-20|100|248|2000|final,G5.34_prospective_selected_replay,8,repair5g59_additive_fallback,1,False,False,False,False,False
G5.34_prospective_selected_replay|random-32-32-20|100|249|1000|0,random-32-32-20|100|249|1000|0,G5.34_prospective_selected_replay,1,,0,False,False,False,False,False
G5.34_prospective_selected_replay|random-32-32-20|100|249|1000|final,random-32-32-20|100|249|1000|final,G5.34_prospective_selected_replay,8,,0,False,False,False,False,False
G5.34_prospective_selected_replay|random-32-32-20|100|249|2000|0,random-32-32-20|100|249|2000|0,G5.34_prospective_selected_replay,1,,0,False,False,False,False,False
G5.34_prospective_selected_replay|random-32-32-20|100|249|2000|1,random-32-32-20|100|249|2000|1,G5.34_prospective_selected_replay,2,,0,False,False,False,False,False
G5.34_prospective_selected_replay|random-32-32-20|100|249|2000|final,random-32-32-20|100|249|2000|final,G5.34_prospective_selected_replay,8,,0,False,False,False,False,False
G5.34_prospective_selected_replay|random-32-32-20|100|250|1000|final,random-32-32-20|100|250|1000|final,G5.34_prospective_selected_replay,8,,0,False,False,False,False,False
G5.34_prospective_selected_replay|random-32-32-20|100|250|2000|0,random-32-32-20|100|250|2000|0,G5.34_prospective_selected_replay,2,,0,False,False,False,False,False
G5.34_prospective_selected_replay|random-32-32-20|100|250|2000|1,random-32-32-20|100|250|2000|1,G5.34_prospective_selected_replay,3,,0,False,False,False,False,False
G5.34_prospective_selected_replay|random-32-32-20|100|250|2000|final,random-32-32-20|100|250|2000|final,G5.34_prospective_selected_replay,8,,0,False,False,False,False,False
G5.34_prospective_selected_replay|random-32-32-20|100|251|1000|final,random-32-32-20|100|251|1000|final,G5.34_prospective_selected_replay,8,,0,False,False,False,False,False
G5.34_prospective_selected_replay|random-32-32-20|100|251|2000|0,random-32-32-20|100|251|2000|0,G5.34_prospective_selected_replay,3,,0,False,False,False,False,False
G5.34_prospective_selected_replay|random-32-32-20|100|251|2000|1,random-32-32-20|100|251|2000|1,G5.34_prospective_selected_replay,4,,0,False,False,False,False,False
G5.34_prospective_selected_replay|random-32-32-20|100|251|2000|final,random-32-32-20|100|251|2000|final,G5.34_prospective_selected_replay,8,,0,False,False,False,False,False
G5.34_prospective_selected_replay|random-32-32-20|100|252|1000|final,random-32-32-20|100|252|1000|final,G5.34_prospective_selected_replay,8,,0,False,False,False,False,False
G5.34_prospective_selected_replay|random-32-32-20|100|252|2000|0,random-32-32-20|100|252|2000|0,G5.34_prospective_selected_replay,2,,0,False,False,False,False,False
G5.34_prospective_selected_replay|random-32-32-20|100|252|2000|1,random-32-32-20|100|252|2000|1,G5.34_prospective_selected_replay,5,,0,False,False,False,False,False
G5.34_prospective_selected_replay|random-32-32-20|100|252|2000|final,random-32-32-20|100|252|2000|final,G5.34_prospective_selected_replay,8,,0,False,False,False,False,False
G5.34_prospective_selected_replay|random-32-32-20|100|253|1000|final,random-32-32-20|100|253|1000|final,G5.34_prospective_selected_replay,8,,0,False,False,False,False,False
G5.34_prospective_selected_replay|random-32-32-20|100|253|2000|0,random-32-32-20|100|253|2000|0,G5.34_prospective_selected_replay,2,,0,False,False,False,False,False
G5.34_prospective_selected_replay|random-32-32-20|100|253|2000|1,random-32-32-20|100|253|2000|1,G5.34_prospective_selected_replay,6,,0,False,False,False,False,False
G5.34_prospective_selected_replay|random-32-32-20|100|253|2000|final,random-32-32-20|100|253|2000|final,G5.34_prospective_selected_replay,8,,0,False,False,False,False,False
G5.34_prospective_selected_replay|random-32-32-20|50|212|1000|0,random-32-32-20|50|212|1000|0,G5.34_prospective_selected_replay,3,,0,False,False,False,False,False
G5.34_prospective_selected_replay|random-32-32-20|50|212|1000|1,random-32-32-20|50|212|1000|1,G5.34_prospective_selected_replay,1,,0,False,False,False,False,False
G5.34_prospective_selected_replay|random-32-32-20|50|212|1000|final,random-32-32-20|50|212|1000|final,G5.34_prospective_selected_replay,8,,0,False,False,False,False,False
G5.34_prospective_selected_replay|random-32-32-20|50|212|2000|0,random-32-32-20|50|212|2000|0,G5.34_prospective_selected_replay,2,,0,False,False,False,False,False
G5.34_prospective_selected_replay|random-32-32-20|50|212|2000|1,random-32-32-20|50|212|2000|1,G5.34_prospective_selected_replay,3,,0,False,False,False,False,False
G5.34_prospective_selected_replay|random-32-32-20|50|212|2000|final,random-32-32-20|50|212|2000|final,G5.34_prospective_selected_replay,8,,0,False,False,False,False,False
G5.34_prospective_selected_replay|random-32-32-20|50|213|1000|0,random-32-32-20|50|213|1000|0,G5.34_prospective_selected_replay,4,,0,False,False,False,False,False
G5.34_prospective_selected_replay|random-32-32-20|50|213|1000|1,random-32-32-20|50|213|1000|1,G5.34_prospective_selected_replay,2,,0,False,False,False,False,False
G5.34_prospective_selected_replay|random-32-32-20|50|213|1000|final,random-32-32-20|50|213|1000|final,G5.34_prospective_selected_replay,8,,0,False,False,False,False,False
G5.34_prospective_selected_replay|random-32-32-20|50|213|2000|0,random-32-32-20|50|213|2000|0,G5.34_prospective_selected_replay,4,,0,False,False,False,False,False
G5.34_prospective_selected_replay|random-32-32-20|50|213|2000|1,random-32-32-20|50|213|2000|1,G5.34_prospective_selected_replay,3,,0,False,False,False,False,False
G5.34_prospective_selected_replay|random-32-32-20|50|213|2000|final,random-32-32-20|50|213|2000|final,G5.34_prospective_selected_replay,8,repair5g59_flow_decay|repair5g59_static_flow_shield|repair5g59_wait_conservative,3,False,False,False,False,False
G5.34_prospective_selected_replay|random-32-32-20|50|214|1000|0,random-32-32-20|50|214|1000|0,G5.34_prospective_selected_replay,2,,0,False,False,False,False,False
G5.34_prospective_selected_replay|random-32-32-20|50|214|1000|1,random-32-32-20|50|214|1000|1,G5.34_prospective_selected_replay,5,,0,False,False,False,False,False
G5.34_prospective_selected_replay|random-32-32-20|50|214|1000|final,random-32-32-20|50|214|1000|final,G5.34_prospective_selected_replay,8,,0,False,False,False,False,False
G5.34_prospective_selected_replay|random-32-32-20|50|214|2000|0,random-32-32-20|50|214|2000|0,G5.34_prospective_selected_replay,3,,0,False,False,False,False,False
G5.34_prospective_selected_replay|random-32-32-20|50|214|2000|1,random-32-32-20|50|214|2000|1,G5.34_prospective_selected_replay,3,,0,False,False,False,False,False
G5.34_prospective_selected_replay|random-32-32-20|50|214|2000|final,random-32-32-20|50|214|2000|final,G5.34_prospective_selected_replay,8,,0,False,False,False,False,False
G5.34_prospective_selected_replay|random-32-32-20|50|215|1000|0,random-32-32-20|50|215|1000|0,G5.34_prospective_selected_replay,1,,0,False,False,False,False,False
G5.34_prospective_selected_replay|random-32-32-20|50|215|1000|1,random-32-32-20|50|215|1000|1,G5.34_prospective_selected_replay,2,,0,False,False,False,False,False
G5.34_prospective_selected_replay|random-32-32-20|50|215|1000|final,random-32-32-20|50|215|1000|final,G5.34_prospective_selected_replay,8,,0,False,False,False,False,False
G5.34_prospective_selected_replay|random-32-32-20|50|215|2000|0,random-32-32-20|50|215|2000|0,G5.34_prospective_selected_replay,4,,0,False,False,False,False,False
G5.34_prospective_selected_replay|random-32-32-20|50|215|2000|1,random-32-32-20|50|215|2000|1,G5.34_prospective_selected_replay,3,,0,False,False,False,False,False
G5.34_prospective_selected_replay|random-32-32-20|50|215|2000|final,random-32-32-20|50|215|2000|final,G5.34_prospective_selected_replay,8,repair5g59_high_beta_cap_safe|repair5g59_low_beta_high_cap|repair5g59_wait_aggressive,3,False,False,False,False,False
G5.34_prospective_selected_replay|random-32-32-20|50|216|1000|0,random-32-32-20|50|216|1000|0,G5.34_prospective_selected_replay,2,,0,False,False,False,False,False
G5.34_prospective_selected_replay|random-32-32-20|50|216|1000|1,random-32-32-20|50|216|1000|1,G5.34_prospective_selected_replay,2,,0,False,False,False,False,False
G5.34_prospective_selected_replay|random-32-32-20|50|216|1000|final,random-32-32-20|50|216|1000|final,G5.34_prospective_selected_replay,8,,0,False,False,False,False,False
G5.34_prospective_selected_replay|random-32-32-20|50|216|2000|0,random-32-32-20|50|216|2000|0,G5.34_prospective_selected_replay,2,,0,False,False,False,False,False
G5.34_prospective_selected_replay|random-32-32-20|50|216|2000|1,random-32-32-20|50|216|2000|1,G5.34_prospective_selected_replay,3,,0,False,False,False,False,False
G5.34_prospective_selected_replay|random-32-32-20|50|216|2000|final,random-32-32-20|50|216|2000|final,G5.34_prospective_selected_replay,8,repair5g59_high_beta_cap_safe|repair5g59_low_beta_high_cap|repair5g59_wait_aggressive|repair5g59_wait_conservative,4,False,False,False,False,False
G5.34_prospective_selected_replay|random-32-32-20|50|217|1000|0,random-32-32-20|50|217|1000|0,G5.34_prospective_selected_replay,4,,0,False,False,False,False,False
G5.34_prospective_selected_replay|random-32-32-20|50|217|1000|1,random-32-32-20|50|217|1000|1,G5.34_prospective_selected_replay,2,,0,False,False,False,False,False
G5.34_prospective_selected_replay|random-32-32-20|50|217|1000|final,random-32-32-20|50|217|1000|final,G5.34_prospective_selected_replay,8,,0,False,False,False,False,False
G5.34_prospective_selected_replay|random-32-32-20|50|217|2000|0,random-32-32-20|50|217|2000|0,G5.34_prospective_selected_replay,3,,0,False,False,False,False,False
G5.34_prospective_selected_replay|random-32-32-20|50|217|2000|1,random-32-32-20|50|217|2000|1,G5.34_prospective_selected_replay,2,,0,False,False,False,False,False
G5.34_prospective_selected_replay|random-32-32-20|50|217|2000|final,random-32-32-20|50|217|2000|final,G5.34_prospective_selected_replay,8,,0,False,False,False,False,False
G5.34_prospective_selected_replay|random-32-32-20|50|246|1000|0,random-32-32-20|50|246|1000|0,G5.34_prospective_selected_replay,2,,0,False,False,False,False,False
G5.34_prospective_selected_replay|random-32-32-20|50|246|1000|1,random-32-32-20|50|246|1000|1,G5.34_prospective_selected_replay,2,,0,False,False,False,False,False
G5.34_prospective_selected_replay|random-32-32-20|50|246|1000|final,random-32-32-20|50|246|1000|final,G5.34_prospective_selected_replay,8,,0,False,False,False,False,False
G5.34_prospective_selected_replay|random-32-32-20|50|246|2000|0,random-32-32-20|50|246|2000|0,G5.34_prospective_selected_replay,2,,0,False,False,False,False,False
G5.34_prospective_selected_replay|random-32-32-20|50|246|2000|1,random-32-32-20|50|246|2000|1,G5.34_prospective_selected_replay,2,,0,False,False,False,False,False
G5.34_prospective_selected_replay|random-32-32-20|50|246|2000|final,random-32-32-20|50|246|2000|final,G5.34_prospective_selected_replay,8,,0,False,False,False,False,False
G5.34_prospective_selected_replay|random-32-32-20|50|247|1000|1,random-32-32-20|50|247|1000|1,G5.34_prospective_selected_replay,2,,0,False,False,False,False,False
G5.34_prospective_selected_replay|random-32-32-20|50|247|1000|final,random-32-32-20|50|247|1000|final,G5.34_prospective_selected_replay,8,,0,False,False,False,False,False
G5.34_prospective_selected_replay|random-32-32-20|50|247|2000|0,random-32-32-20|50|247|2000|0,G5.34_prospective_selected_replay,4,,0,False,False,False,False,False
G5.34_prospective_selected_replay|random-32-32-20|50|247|2000|1,random-32-32-20|50|247|2000|1,G5.34_prospective_selected_replay,3,,0,False,False,False,False,False
G5.34_prospective_selected_replay|random-32-32-20|50|247|2000|final,random-32-32-20|50|247|2000|final,G5.34_prospective_selected_replay,8,,0,False,False,False,False,False
G5.34_prospective_selected_replay|random-32-32-20|50|248|1000|0,random-32-32-20|50|248|1000|0,G5.34_prospective_selected_replay,1,,0,False,False,False,False,False
G5.34_prospective_selected_replay|random-32-32-20|50|248|1000|1,random-32-32-20|50|248|1000|1,G5.34_prospective_selected_replay,2,,0,False,False,False,False,False
G5.34_prospective_selected_replay|random-32-32-20|50|248|1000|final,random-32-32-20|50|248|1000|final,G5.34_prospective_selected_replay,8,,0,False,False,False,False,False
G5.34_prospective_selected_replay|random-32-32-20|50|248|2000|0,random-32-32-20|50|248|2000|0,G5.34_prospective_selected_replay,3,,0,False,False,False,False,False
G5.34_prospective_selected_replay|random-32-32-20|50|248|2000|1,random-32-32-20|50|248|2000|1,G5.34_prospective_selected_replay,4,,0,False,False,False,False,False
G5.34_prospective_selected_replay|random-32-32-20|50|248|2000|final,random-32-32-20|50|248|2000|final,G5.34_prospective_selected_replay,8,repair5g59_high_beta_cap_safe|repair5g59_wait_aggressive|repair5g59_wait_conservative,3,False,False,False,False,False
G5.34_prospective_selected_replay|random-32-32-20|50|249|1000|0,random-32-32-20|50|249|1000|0,G5.34_prospective_selected_replay,2,,0,False,False,False,False,False
G5.34_prospective_selected_replay|random-32-32-20|50|249|1000|1,random-32-32-20|50|249|1000|1,G5.34_prospective_selected_replay,2,,0,False,False,False,False,False
G5.34_prospective_selected_replay|random-32-32-20|50|249|1000|final,random-32-32-20|50|249|1000|final,G5.34_prospective_selected_replay,8,,0,False,False,False,False,False
G5.34_prospective_selected_replay|random-32-32-20|50|249|2000|0,random-32-32-20|50|249|2000|0,G5.34_prospective_selected_replay,3,,0,False,False,False,False,False
G5.34_prospective_selected_replay|random-32-32-20|50|249|2000|1,random-32-32-20|50|249|2000|1,G5.34_prospective_selected_replay,3,,0,False,False,False,False,False
G5.34_prospective_selected_replay|random-32-32-20|50|249|2000|final,random-32-32-20|50|249|2000|final,G5.34_prospective_selected_replay,8,,0,False,False,False,False,False
G5.34_prospective_selected_replay|random-32-32-20|50|250|1000|0,random-32-32-20|50|250|1000|0,G5.34_prospective_selected_replay,2,,0,False,False,False,False,False
G5.34_prospective_selected_replay|random-32-32-20|50|250|1000|1,random-32-32-20|50|250|1000|1,G5.34_prospective_selected_replay,1,,0,False,False,False,False,False
G5.34_prospective_selected_replay|random-32-32-20|50|250|1000|final,random-32-32-20|50|250|1000|final,G5.34_prospective_selected_replay,8,,0,False,False,False,False,False
G5.34_prospective_selected_replay|random-32-32-20|50|250|2000|0,random-32-32-20|50|250|2000|0,G5.34_prospective_selected_replay,2,,0,False,False,False,False,False
G5.34_prospective_selected_replay|random-32-32-20|50|250|2000|1,random-32-32-20|50|250|2000|1,G5.34_prospective_selected_replay,3,,0,False,False,False,False,False
G5.34_prospective_selected_replay|random-32-32-20|50|250|2000|final,random-32-32-20|50|250|2000|final,G5.34_prospective_selected_replay,8,,0,False,False,False,False,False
G5.34_prospective_selected_replay|random-32-32-20|50|251|1000|0,random-32-32-20|50|251|1000|0,G5.34_prospective_selected_replay,1,,0,False,False,False,False,False
G5.34_prospective_selected_replay|random-32-32-20|50|251|1000|1,random-32-32-20|50|251|1000|1,G5.34_prospective_selected_replay,2,,0,False,False,False,False,False
G5.34_prospective_selected_replay|random-32-32-20|50|251|1000|final,random-32-32-20|50|251|1000|final,G5.34_prospective_selected_replay,8,,0,False,False,False,False,False
G5.34_prospective_selected_replay|random-32-32-20|50|251|2000|0,random-32-32-20|50|251|2000|0,G5.34_prospective_selected_replay,4,,0,False,False,False,False,False
G5.34_prospective_selected_replay|random-32-32-20|50|251|2000|1,random-32-32-20|50|251|2000|1,G5.34_prospective_selected_replay,3,,0,False,False,False,False,False
G5.34_prospective_selected_replay|random-32-32-20|50|251|2000|final,random-32-32-20|50|251|2000|final,G5.34_prospective_selected_replay,8,repair5g59_high_beta_cap_safe|repair5g59_wait_aggressive|repair5g59_wait_conservative,3,False,False,False,False,False
G5.34_prospective_selected_replay|random-32-32-20|50|252|1000|0,random-32-32-20|50|252|1000|0,G5.34_prospective_selected_replay,3,,0,False,False,False,False,False
G5.34_prospective_selected_replay|random-32-32-20|50|252|1000|1,random-32-32-20|50|252|1000|1,G5.34_prospective_selected_replay,2,,0,False,False,False,False,False
G5.34_prospective_selected_replay|random-32-32-20|50|252|1000|final,random-32-32-20|50|252|1000|final,G5.34_prospective_selected_replay,8,,0,False,False,False,False,False
G5.34_prospective_selected_replay|random-32-32-20|50|252|2000|0,random-32-32-20|50|252|2000|0,G5.34_prospective_selected_replay,2,,0,False,False,False,False,False
G5.34_prospective_selected_replay|random-32-32-20|50|252|2000|1,random-32-32-20|50|252|2000|1,G5.34_prospective_selected_replay,3,,0,False,False,False,False,False
G5.34_prospective_selected_replay|random-32-32-20|50|252|2000|final,random-32-32-20|50|252|2000|final,G5.34_prospective_selected_replay,8,,0,False,False,False,False,False
G5.34_prospective_selected_replay|random-32-32-20|50|253|1000|0,random-32-32-20|50|253|1000|0,G5.34_prospective_selected_replay,1,,0,False,False,False,False,False
G5.34_prospective_selected_replay|random-32-32-20|50|253|1000|1,random-32-32-20|50|253|1000|1,G5.34_prospective_selected_replay,1,,0,False,False,False,False,False
G5.34_prospective_selected_replay|random-32-32-20|50|253|1000|final,random-32-32-20|50|253|1000|final,G5.34_prospective_selected_replay,8,,0,False,False,False,False,False
G5.34_prospective_selected_replay|random-32-32-20|50|253|2000|0,random-32-32-20|50|253|2000|0,G5.34_prospective_selected_replay,4,,0,False,False,False,False,False
G5.34_prospective_selected_replay|random-32-32-20|50|253|2000|1,random-32-32-20|50|253|2000|1,G5.34_prospective_selected_replay,3,,0,False,False,False,False,False
G5.34_prospective_selected_replay|random-32-32-20|50|253|2000|final,random-32-32-20|50|253|2000|final,G5.34_prospective_selected_replay,8,repair5g59_high_beta_cap_safe|repair5g59_low_beta_high_cap,2,False,False,False,False,False
G5.34_prospective_selected_replay|warehouse-10-20-10-2-1|100|212|1000|0,warehouse-10-20-10-2-1|100|212|1000|0,G5.34_prospective_selected_replay,8,,0,False,False,False,False,False
G5.34_prospective_selected_replay|warehouse-10-20-10-2-1|100|212|1000|final,warehouse-10-20-10-2-1|100|212|1000|final,G5.34_prospective_selected_replay,8,,0,False,False,False,False,False
G5.34_prospective_selected_replay|warehouse-10-20-10-2-1|100|212|2000|0,warehouse-10-20-10-2-1|100|212|2000|0,G5.34_prospective_selected_replay,8,,0,False,False,False,False,False
G5.34_prospective_selected_replay|warehouse-10-20-10-2-1|100|212|2000|final,warehouse-10-20-10-2-1|100|212|2000|final,G5.34_prospective_selected_replay,8,,0,False,False,False,False,False
G5.34_prospective_selected_replay|warehouse-10-20-10-2-1|100|213|1000|0,warehouse-10-20-10-2-1|100|213|1000|0,G5.34_prospective_selected_replay,8,,0,False,False,False,False,False
G5.34_prospective_selected_replay|warehouse-10-20-10-2-1|100|213|1000|final,warehouse-10-20-10-2-1|100|213|1000|final,G5.34_prospective_selected_replay,8,,0,False,False,False,False,False
G5.34_prospective_selected_replay|warehouse-10-20-10-2-1|100|213|2000|0,warehouse-10-20-10-2-1|100|213|2000|0,G5.34_prospective_selected_replay,8,,0,False,False,False,False,False
G5.34_prospective_selected_replay|warehouse-10-20-10-2-1|100|213|2000|final,warehouse-10-20-10-2-1|100|213|2000|final,G5.34_prospective_selected_replay,8,,0,False,False,False,False,False
G5.34_prospective_selected_replay|warehouse-10-20-10-2-1|100|214|1000|0,warehouse-10-20-10-2-1|100|214|1000|0,G5.34_prospective_selected_replay,8,,0,False,False,False,False,False
G5.34_prospective_selected_replay|warehouse-10-20-10-2-1|100|214|1000|final,warehouse-10-20-10-2-1|100|214|1000|final,G5.34_prospective_selected_replay,8,,0,False,False,False,False,False
G5.34_prospective_selected_replay|warehouse-10-20-10-2-1|100|214|2000|0,warehouse-10-20-10-2-1|100|214|2000|0,G5.34_prospective_selected_replay,8,,0,False,False,False,False,False
G5.34_prospective_selected_replay|warehouse-10-20-10-2-1|100|214|2000|final,warehouse-10-20-10-2-1|100|214|2000|final,G5.34_prospective_selected_replay,8,,0,False,False,False,False,False
G5.34_prospective_selected_replay|warehouse-10-20-10-2-1|100|215|1000|0,warehouse-10-20-10-2-1|100|215|1000|0,G5.34_prospective_selected_replay,8,,0,False,False,False,False,False
G5.34_prospective_selected_replay|warehouse-10-20-10-2-1|100|215|1000|final,warehouse-10-20-10-2-1|100|215|1000|final,G5.34_prospective_selected_replay,8,,0,False,False,False,False,False
G5.34_prospective_selected_replay|warehouse-10-20-10-2-1|100|215|2000|0,warehouse-10-20-10-2-1|100|215|2000|0,G5.34_prospective_selected_replay,8,,0,False,False,False,False,False
G5.34_prospective_selected_replay|warehouse-10-20-10-2-1|100|215|2000|final,warehouse-10-20-10-2-1|100|215|2000|final,G5.34_prospective_selected_replay,8,,0,False,False,False,False,False
G5.34_prospective_selected_replay|warehouse-10-20-10-2-1|100|216|1000|0,warehouse-10-20-10-2-1|100|216|1000|0,G5.34_prospective_selected_replay,8,,0,False,False,False,False,False
G5.34_prospective_selected_replay|warehouse-10-20-10-2-1|100|216|1000|final,warehouse-10-20-10-2-1|100|216|1000|final,G5.34_prospective_selected_replay,8,,0,False,False,False,False,False
G5.34_prospective_selected_replay|warehouse-10-20-10-2-1|100|216|2000|0,warehouse-10-20-10-2-1|100|216|2000|0,G5.34_prospective_selected_replay,8,,0,False,False,False,False,False
G5.34_prospective_selected_replay|warehouse-10-20-10-2-1|100|216|2000|final,warehouse-10-20-10-2-1|100|216|2000|final,G5.34_prospective_selected_replay,8,,0,False,False,False,False,False
G5.34_prospective_selected_replay|warehouse-10-20-10-2-1|100|217|1000|0,warehouse-10-20-10-2-1|100|217|1000|0,G5.34_prospective_selected_replay,8,,0,False,False,False,False,False
G5.34_prospective_selected_replay|warehouse-10-20-10-2-1|100|217|1000|final,warehouse-10-20-10-2-1|100|217|1000|final,G5.34_prospective_selected_replay,8,,0,False,False,False,False,False
G5.34_prospective_selected_replay|warehouse-10-20-10-2-1|100|217|2000|0,warehouse-10-20-10-2-1|100|217|2000|0,G5.34_prospective_selected_replay,8,,0,False,False,False,False,False
G5.34_prospective_selected_replay|warehouse-10-20-10-2-1|100|217|2000|final,warehouse-10-20-10-2-1|100|217|2000|final,G5.34_prospective_selected_replay,8,,0,False,False,False,False,False
G5.34_prospective_selected_replay|warehouse-10-20-10-2-1|100|246|1000|0,warehouse-10-20-10-2-1|100|246|1000|0,G5.34_prospective_selected_replay,8,,0,False,False,False,False,False
G5.34_prospective_selected_replay|warehouse-10-20-10-2-1|100|246|1000|final,warehouse-10-20-10-2-1|100|246|1000|final,G5.34_prospective_selected_replay,8,,0,False,False,False,False,False
G5.34_prospective_selected_replay|warehouse-10-20-10-2-1|100|246|2000|0,warehouse-10-20-10-2-1|100|246|2000|0,G5.34_prospective_selected_replay,8,,0,False,False,False,False,False
G5.34_prospective_selected_replay|warehouse-10-20-10-2-1|100|246|2000|final,warehouse-10-20-10-2-1|100|246|2000|final,G5.34_prospective_selected_replay,8,,0,False,False,False,False,False
G5.34_prospective_selected_replay|warehouse-10-20-10-2-1|100|247|1000|0,warehouse-10-20-10-2-1|100|247|1000|0,G5.34_prospective_selected_replay,8,,0,False,False,False,False,False
G5.34_prospective_selected_replay|warehouse-10-20-10-2-1|100|247|1000|final,warehouse-10-20-10-2-1|100|247|1000|final,G5.34_prospective_selected_replay,8,,0,False,False,False,False,False
G5.34_prospective_selected_replay|warehouse-10-20-10-2-1|100|247|2000|0,warehouse-10-20-10-2-1|100|247|2000|0,G5.34_prospective_selected_replay,8,,0,False,False,False,False,False
G5.34_prospective_selected_replay|warehouse-10-20-10-2-1|100|247|2000|final,warehouse-10-20-10-2-1|100|247|2000|final,G5.34_prospective_selected_replay,8,,0,False,False,False,False,False
G5.34_prospective_selected_replay|warehouse-10-20-10-2-1|100|248|1000|0,warehouse-10-20-10-2-1|100|248|1000|0,G5.34_prospective_selected_replay,8,,0,False,False,False,False,False
G5.34_prospective_selected_replay|warehouse-10-20-10-2-1|100|248|1000|final,warehouse-10-20-10-2-1|100|248|1000|final,G5.34_prospective_selected_replay,8,,0,False,False,False,False,False
G5.34_prospective_selected_replay|warehouse-10-20-10-2-1|100|248|2000|0,warehouse-10-20-10-2-1|100|248|2000|0,G5.34_prospective_selected_replay,8,,0,False,False,False,False,False
G5.34_prospective_selected_replay|warehouse-10-20-10-2-1|100|248|2000|final,warehouse-10-20-10-2-1|100|248|2000|final,G5.34_prospective_selected_replay,8,,0,False,False,False,False,False
G5.34_prospective_selected_replay|warehouse-10-20-10-2-1|100|249|1000|0,warehouse-10-20-10-2-1|100|249|1000|0,G5.34_prospective_selected_replay,8,,0,False,False,False,False,False
G5.34_prospective_selected_replay|warehouse-10-20-10-2-1|100|249|1000|final,warehouse-10-20-10-2-1|100|249|1000|final,G5.34_prospective_selected_replay,8,,0,False,False,False,False,False
G5.34_prospective_selected_replay|warehouse-10-20-10-2-1|100|249|2000|0,warehouse-10-20-10-2-1|100|249|2000|0,G5.34_prospective_selected_replay,8,,0,False,False,False,False,False
G5.34_prospective_selected_replay|warehouse-10-20-10-2-1|100|249|2000|final,warehouse-10-20-10-2-1|100|249|2000|final,G5.34_prospective_selected_replay,8,,0,False,False,False,False,False
G5.34_prospective_selected_replay|warehouse-10-20-10-2-1|100|250|1000|0,warehouse-10-20-10-2-1|100|250|1000|0,G5.34_prospective_selected_replay,8,,0,False,False,False,False,False
G5.34_prospective_selected_replay|warehouse-10-20-10-2-1|100|250|1000|final,warehouse-10-20-10-2-1|100|250|1000|final,G5.34_prospective_selected_replay,8,,0,False,False,False,False,False
G5.34_prospective_selected_replay|warehouse-10-20-10-2-1|100|250|2000|0,warehouse-10-20-10-2-1|100|250|2000|0,G5.34_prospective_selected_replay,8,,0,False,False,False,False,False
G5.34_prospective_selected_replay|warehouse-10-20-10-2-1|100|250|2000|final,warehouse-10-20-10-2-1|100|250|2000|final,G5.34_prospective_selected_replay,8,,0,False,False,False,False,False
G5.34_prospective_selected_replay|warehouse-10-20-10-2-1|100|251|1000|0,warehouse-10-20-10-2-1|100|251|1000|0,G5.34_prospective_selected_replay,8,,0,False,False,False,False,False
G5.34_prospective_selected_replay|warehouse-10-20-10-2-1|100|251|1000|final,warehouse-10-20-10-2-1|100|251|1000|final,G5.34_prospective_selected_replay,8,,0,False,False,False,False,False
G5.34_prospective_selected_replay|warehouse-10-20-10-2-1|100|251|2000|0,warehouse-10-20-10-2-1|100|251|2000|0,G5.34_prospective_selected_replay,8,,0,False,False,False,False,False
G5.34_prospective_selected_replay|warehouse-10-20-10-2-1|100|251|2000|final,warehouse-10-20-10-2-1|100|251|2000|final,G5.34_prospective_selected_replay,8,,0,False,False,False,False,False
G5.34_prospective_selected_replay|warehouse-10-20-10-2-1|100|252|1000|0,warehouse-10-20-10-2-1|100|252|1000|0,G5.34_prospective_selected_replay,8,,0,False,False,False,False,False
G5.34_prospective_selected_replay|warehouse-10-20-10-2-1|100|252|1000|final,warehouse-10-20-10-2-1|100|252|1000|final,G5.34_prospective_selected_replay,8,,0,False,False,False,False,False
G5.34_prospective_selected_replay|warehouse-10-20-10-2-1|100|252|2000|0,warehouse-10-20-10-2-1|100|252|2000|0,G5.34_prospective_selected_replay,8,,0,False,False,False,False,False
G5.34_prospective_selected_replay|warehouse-10-20-10-2-1|100|252|2000|final,warehouse-10-20-10-2-1|100|252|2000|final,G5.34_prospective_selected_replay,8,,0,False,False,False,False,False
G5.34_prospective_selected_replay|warehouse-10-20-10-2-1|100|253|1000|0,warehouse-10-20-10-2-1|100|253|1000|0,G5.34_prospective_selected_replay,6,,0,False,False,False,False,False
G5.34_prospective_selected_replay|warehouse-10-20-10-2-1|100|253|1000|final,warehouse-10-20-10-2-1|100|253|1000|final,G5.34_prospective_selected_replay,8,,0,False,False,False,False,False
G5.34_prospective_selected_replay|warehouse-10-20-10-2-1|100|253|2000|0,warehouse-10-20-10-2-1|100|253|2000|0,G5.34_prospective_selected_replay,8,,0,False,False,False,False,False
G5.34_prospective_selected_replay|warehouse-10-20-10-2-1|100|253|2000|final,warehouse-10-20-10-2-1|100|253|2000|final,G5.34_prospective_selected_replay,8,,0,False,False,False,False,False
G5.34_prospective_selected_replay|warehouse-10-20-10-2-1|50|212|1000|0,warehouse-10-20-10-2-1|50|212|1000|0,G5.34_prospective_selected_replay,8,,0,False,False,False,False,False
G5.34_prospective_selected_replay|warehouse-10-20-10-2-1|50|212|1000|final,warehouse-10-20-10-2-1|50|212|1000|final,G5.34_prospective_selected_replay,8,,0,False,False,False,False,False
G5.34_prospective_selected_replay|warehouse-10-20-10-2-1|50|212|2000|0,warehouse-10-20-10-2-1|50|212|2000|0,G5.34_prospective_selected_replay,5,,0,False,False,False,False,False
G5.34_prospective_selected_replay|warehouse-10-20-10-2-1|50|212|2000|final,warehouse-10-20-10-2-1|50|212|2000|final,G5.34_prospective_selected_replay,8,,0,False,False,False,False,False
G5.34_prospective_selected_replay|warehouse-10-20-10-2-1|50|213|1000|0,warehouse-10-20-10-2-1|50|213|1000|0,G5.34_prospective_selected_replay,8,,0,False,False,False,False,False
G5.34_prospective_selected_replay|warehouse-10-20-10-2-1|50|213|1000|final,warehouse-10-20-10-2-1|50|213|1000|final,G5.34_prospective_selected_replay,8,,0,False,False,False,False,False
G5.34_prospective_selected_replay|warehouse-10-20-10-2-1|50|213|2000|0,warehouse-10-20-10-2-1|50|213|2000|0,G5.34_prospective_selected_replay,5,,0,False,False,False,False,False
G5.34_prospective_selected_replay|warehouse-10-20-10-2-1|50|213|2000|final,warehouse-10-20-10-2-1|50|213|2000|final,G5.34_prospective_selected_replay,8,,0,False,False,False,False,False
G5.34_prospective_selected_replay|warehouse-10-20-10-2-1|50|214|1000|0,warehouse-10-20-10-2-1|50|214|1000|0,G5.34_prospective_selected_replay,7,,0,False,False,False,False,False
G5.34_prospective_selected_replay|warehouse-10-20-10-2-1|50|214|1000|final,warehouse-10-20-10-2-1|50|214|1000|final,G5.34_prospective_selected_replay,8,,0,False,False,False,False,False
G5.34_prospective_selected_replay|warehouse-10-20-10-2-1|50|214|2000|0,warehouse-10-20-10-2-1|50|214|2000|0,G5.34_prospective_selected_replay,5,,0,False,False,False,False,False
G5.34_prospective_selected_replay|warehouse-10-20-10-2-1|50|214|2000|final,warehouse-10-20-10-2-1|50|214|2000|final,G5.34_prospective_selected_replay,8,,0,False,False,False,False,False
G5.34_prospective_selected_replay|warehouse-10-20-10-2-1|50|215|1000|0,warehouse-10-20-10-2-1|50|215|1000|0,G5.34_prospective_selected_replay,8,,0,False,False,False,False,False
G5.34_prospective_selected_replay|warehouse-10-20-10-2-1|50|215|1000|final,warehouse-10-20-10-2-1|50|215|1000|final,G5.34_prospective_selected_replay,8,,0,False,False,False,False,False
G5.34_prospective_selected_replay|warehouse-10-20-10-2-1|50|215|2000|0,warehouse-10-20-10-2-1|50|215|2000|0,G5.34_prospective_selected_replay,5,,0,False,False,False,False,False
G5.34_prospective_selected_replay|warehouse-10-20-10-2-1|50|215|2000|final,warehouse-10-20-10-2-1|50|215|2000|final,G5.34_prospective_selected_replay,8,,0,False,False,False,False,False
G5.34_prospective_selected_replay|warehouse-10-20-10-2-1|50|216|1000|0,warehouse-10-20-10-2-1|50|216|1000|0,G5.34_prospective_selected_replay,8,,0,False,False,False,False,False
G5.34_prospective_selected_replay|warehouse-10-20-10-2-1|50|216|1000|final,warehouse-10-20-10-2-1|50|216|1000|final,G5.34_prospective_selected_replay,8,,0,False,False,False,False,False
G5.34_prospective_selected_replay|warehouse-10-20-10-2-1|50|216|2000|0,warehouse-10-20-10-2-1|50|216|2000|0,G5.34_prospective_selected_replay,7,,0,False,False,False,False,False
G5.34_prospective_selected_replay|warehouse-10-20-10-2-1|50|216|2000|final,warehouse-10-20-10-2-1|50|216|2000|final,G5.34_prospective_selected_replay,8,,0,False,False,False,False,False
G5.34_prospective_selected_replay|warehouse-10-20-10-2-1|50|217|1000|0,warehouse-10-20-10-2-1|50|217|1000|0,G5.34_prospective_selected_replay,8,,0,False,False,False,False,False
G5.34_prospective_selected_replay|warehouse-10-20-10-2-1|50|217|1000|final,warehouse-10-20-10-2-1|50|217|1000|final,G5.34_prospective_selected_replay,8,,0,False,False,False,False,False
G5.34_prospective_selected_replay|warehouse-10-20-10-2-1|50|217|2000|0,warehouse-10-20-10-2-1|50|217|2000|0,G5.34_prospective_selected_replay,7,,0,False,False,False,False,False
G5.34_prospective_selected_replay|warehouse-10-20-10-2-1|50|217|2000|final,warehouse-10-20-10-2-1|50|217|2000|final,G5.34_prospective_selected_replay,8,,0,False,False,False,False,False
G5.34_prospective_selected_replay|warehouse-10-20-10-2-1|50|246|1000|0,warehouse-10-20-10-2-1|50|246|1000|0,G5.34_prospective_selected_replay,8,,0,False,False,False,False,False
G5.34_prospective_selected_replay|warehouse-10-20-10-2-1|50|246|1000|final,warehouse-10-20-10-2-1|50|246|1000|final,G5.34_prospective_selected_replay,8,,0,False,False,False,False,False
G5.34_prospective_selected_replay|warehouse-10-20-10-2-1|50|246|2000|0,warehouse-10-20-10-2-1|50|246|2000|0,G5.34_prospective_selected_replay,6,,0,False,False,False,False,False
G5.34_prospective_selected_replay|warehouse-10-20-10-2-1|50|246|2000|final,warehouse-10-20-10-2-1|50|246|2000|final,G5.34_prospective_selected_replay,8,,0,False,False,False,False,False
G5.34_prospective_selected_replay|warehouse-10-20-10-2-1|50|247|1000|0,warehouse-10-20-10-2-1|50|247|1000|0,G5.34_prospective_selected_replay,8,,0,False,False,False,False,False
G5.34_prospective_selected_replay|warehouse-10-20-10-2-1|50|247|1000|final,warehouse-10-20-10-2-1|50|247|1000|final,G5.34_prospective_selected_replay,8,,0,False,False,False,False,False
G5.34_prospective_selected_replay|warehouse-10-20-10-2-1|50|247|2000|0,warehouse-10-20-10-2-1|50|247|2000|0,G5.34_prospective_selected_replay,3,,0,False,False,False,False,False
G5.34_prospective_selected_replay|warehouse-10-20-10-2-1|50|247|2000|final,warehouse-10-20-10-2-1|50|247|2000|final,G5.34_prospective_selected_replay,8,,0,False,False,False,False,False
G5.34_prospective_selected_replay|warehouse-10-20-10-2-1|50|248|1000|0,warehouse-10-20-10-2-1|50|248|1000|0,G5.34_prospective_selected_replay,8,,0,False,False,False,False,False
G5.34_prospective_selected_replay|warehouse-10-20-10-2-1|50|248|1000|final,warehouse-10-20-10-2-1|50|248|1000|final,G5.34_prospective_selected_replay,8,,0,False,False,False,False,False
G5.34_prospective_selected_replay|warehouse-10-20-10-2-1|50|248|2000|0,warehouse-10-20-10-2-1|50|248|2000|0,G5.34_prospective_selected_replay,1,,0,False,False,False,False,False
G5.34_prospective_selected_replay|warehouse-10-20-10-2-1|50|248|2000|final,warehouse-10-20-10-2-1|50|248|2000|final,G5.34_prospective_selected_replay,8,,0,False,False,False,False,False
G5.34_prospective_selected_replay|warehouse-10-20-10-2-1|50|249|1000|0,warehouse-10-20-10-2-1|50|249|1000|0,G5.34_prospective_selected_replay,8,,0,False,False,False,False,False
G5.34_prospective_selected_replay|warehouse-10-20-10-2-1|50|249|1000|final,warehouse-10-20-10-2-1|50|249|1000|final,G5.34_prospective_selected_replay,8,,0,False,False,False,False,False
G5.34_prospective_selected_replay|warehouse-10-20-10-2-1|50|249|2000|0,warehouse-10-20-10-2-1|50|249|2000|0,G5.34_prospective_selected_replay,3,,0,False,False,False,False,False
G5.34_prospective_selected_replay|warehouse-10-20-10-2-1|50|249|2000|final,warehouse-10-20-10-2-1|50|249|2000|final,G5.34_prospective_selected_replay,8,,0,False,False,False,False,False
G5.34_prospective_selected_replay|warehouse-10-20-10-2-1|50|250|1000|0,warehouse-10-20-10-2-1|50|250|1000|0,G5.34_prospective_selected_replay,8,,0,False,False,False,False,False
G5.34_prospective_selected_replay|warehouse-10-20-10-2-1|50|250|1000|final,warehouse-10-20-10-2-1|50|250|1000|final,G5.34_prospective_selected_replay,8,,0,False,False,False,False,False
G5.34_prospective_selected_replay|warehouse-10-20-10-2-1|50|250|2000|0,warehouse-10-20-10-2-1|50|250|2000|0,G5.34_prospective_selected_replay,4,,0,False,False,False,False,False
G5.34_prospective_selected_replay|warehouse-10-20-10-2-1|50|250|2000|final,warehouse-10-20-10-2-1|50|250|2000|final,G5.34_prospective_selected_replay,8,,0,False,False,False,False,False
G5.34_prospective_selected_replay|warehouse-10-20-10-2-1|50|251|1000|0,warehouse-10-20-10-2-1|50|251|1000|0,G5.34_prospective_selected_replay,8,,0,False,False,False,False,False
G5.34_prospective_selected_replay|warehouse-10-20-10-2-1|50|251|1000|final,warehouse-10-20-10-2-1|50|251|1000|final,G5.34_prospective_selected_replay,8,,0,False,False,False,False,False
G5.34_prospective_selected_replay|warehouse-10-20-10-2-1|50|251|2000|0,warehouse-10-20-10-2-1|50|251|2000|0,G5.34_prospective_selected_replay,4,,0,False,False,False,False,False
G5.34_prospective_selected_replay|warehouse-10-20-10-2-1|50|251|2000|final,warehouse-10-20-10-2-1|50|251|2000|final,G5.34_prospective_selected_replay,8,,0,False,False,False,False,False
G5.34_prospective_selected_replay|warehouse-10-20-10-2-1|50|252|1000|0,warehouse-10-20-10-2-1|50|252|1000|0,G5.34_prospective_selected_replay,8,,0,False,False,False,False,False
G5.34_prospective_selected_replay|warehouse-10-20-10-2-1|50|252|1000|final,warehouse-10-20-10-2-1|50|252|1000|final,G5.34_prospective_selected_replay,8,,0,False,False,False,False,False
G5.34_prospective_selected_replay|warehouse-10-20-10-2-1|50|252|2000|0,warehouse-10-20-10-2-1|50|252|2000|0,G5.34_prospective_selected_replay,5,,0,False,False,False,False,False
G5.34_prospective_selected_replay|warehouse-10-20-10-2-1|50|252|2000|final,warehouse-10-20-10-2-1|50|252|2000|final,G5.34_prospective_selected_replay,8,,0,False,False,False,False,False
G5.34_prospective_selected_replay|warehouse-10-20-10-2-1|50|253|1000|0,warehouse-10-20-10-2-1|50|253|1000|0,G5.34_prospective_selected_replay,8,,0,False,False,False,False,False
G5.34_prospective_selected_replay|warehouse-10-20-10-2-1|50|253|1000|final,warehouse-10-20-10-2-1|50|253|1000|final,G5.34_prospective_selected_replay,8,,0,False,False,False,False,False
G5.34_prospective_selected_replay|warehouse-10-20-10-2-1|50|253|2000|0,warehouse-10-20-10-2-1|50|253|2000|0,G5.34_prospective_selected_replay,8,,0,False,False,False,False,False
G5.34_prospective_selected_replay|warehouse-10-20-10-2-1|50|253|2000|final,warehouse-10-20-10-2-1|50|253|2000|final,G5.34_prospective_selected_replay,8,,0,False,False,False,False,False
G5.36_real_no_regression_replay|maze-32-32-4|100|254|1000|0,maze-32-32-4|100|254|1000|0,G5.36_real_no_regression_replay,4,,0,False,False,False,False,False
G5.36_real_no_regression_replay|maze-32-32-4|100|254|1000|final,maze-32-32-4|100|254|1000|final,G5.36_real_no_regression_replay,4,,0,False,False,False,False,False
G5.36_real_no_regression_replay|maze-32-32-4|100|255|2000|0,maze-32-32-4|100|255|2000|0,G5.36_real_no_regression_replay,5,,0,False,False,False,False,False
G5.36_real_no_regression_replay|maze-32-32-4|100|255|2000|final,maze-32-32-4|100|255|2000|final,G5.36_real_no_regression_replay,5,,0,False,False,False,False,False
G5.36_real_no_regression_replay|maze-32-32-4|100|256|1000|0,maze-32-32-4|100|256|1000|0,G5.36_real_no_regression_replay,4,,0,False,False,False,False,False
G5.36_real_no_regression_replay|maze-32-32-4|100|256|1000|final,maze-32-32-4|100|256|1000|final,G5.36_real_no_regression_replay,4,,0,False,False,False,False,False
G5.36_real_no_regression_replay|maze-32-32-4|100|257|2000|0,maze-32-32-4|100|257|2000|0,G5.36_real_no_regression_replay,5,,0,False,False,False,False,False
G5.36_real_no_regression_replay|maze-32-32-4|100|257|2000|1,maze-32-32-4|100|257|2000|1,G5.36_real_no_regression_replay,1,,0,False,False,False,False,False
G5.36_real_no_regression_replay|maze-32-32-4|100|257|2000|final,maze-32-32-4|100|257|2000|final,G5.36_real_no_regression_replay,5,,0,False,False,False,False,False
G5.36_real_no_regression_replay|maze-32-32-4|100|258|1000|0,maze-32-32-4|100|258|1000|0,G5.36_real_no_regression_replay,4,,0,False,False,False,False,False
G5.36_real_no_regression_replay|maze-32-32-4|100|258|1000|final,maze-32-32-4|100|258|1000|final,G5.36_real_no_regression_replay,4,,0,False,False,False,False,False
G5.36_real_no_regression_replay|maze-32-32-4|100|259|2000|0,maze-32-32-4|100|259|2000|0,G5.36_real_no_regression_replay,5,,0,False,False,False,False,False
G5.36_real_no_regression_replay|maze-32-32-4|100|259|2000|final,maze-32-32-4|100|259|2000|final,G5.36_real_no_regression_replay,5,,0,False,False,False,False,False
G5.36_real_no_regression_replay|maze-32-32-4|100|260|1000|0,maze-32-32-4|100|260|1000|0,G5.36_real_no_regression_replay,4,,0,False,False,False,False,False
G5.36_real_no_regression_replay|maze-32-32-4|100|260|1000|final,maze-32-32-4|100|260|1000|final,G5.36_real_no_regression_replay,4,,0,False,False,False,False,False
G5.36_real_no_regression_replay|maze-32-32-4|100|261|2000|0,maze-32-32-4|100|261|2000|0,G5.36_real_no_regression_replay,5,,0,False,False,False,False,False
G5.36_real_no_regression_replay|maze-32-32-4|100|261|2000|final,maze-32-32-4|100|261|2000|final,G5.36_real_no_regression_replay,5,,0,False,False,False,False,False
G5.36_real_no_regression_replay|maze-32-32-4|100|262|1000|0,maze-32-32-4|100|262|1000|0,G5.36_real_no_regression_replay,4,,0,False,False,False,False,False
G5.36_real_no_regression_replay|maze-32-32-4|100|262|1000|final,maze-32-32-4|100|262|1000|final,G5.36_real_no_regression_replay,4,,0,False,False,False,False,False
G5.36_real_no_regression_replay|maze-32-32-4|100|263|2000|0,maze-32-32-4|100|263|2000|0,G5.36_real_no_regression_replay,5,,0,False,False,False,False,False
G5.36_real_no_regression_replay|maze-32-32-4|100|263|2000|final,maze-32-32-4|100|263|2000|final,G5.36_real_no_regression_replay,5,,0,False,False,False,False,False
G5.36_real_no_regression_replay|maze-32-32-4|100|264|1000|0,maze-32-32-4|100|264|1000|0,G5.36_real_no_regression_replay,4,,0,False,False,False,False,False
G5.36_real_no_regression_replay|maze-32-32-4|100|264|1000|final,maze-32-32-4|100|264|1000|final,G5.36_real_no_regression_replay,4,,0,False,False,False,False,False
G5.36_real_no_regression_replay|maze-32-32-4|100|265|2000|0,maze-32-32-4|100|265|2000|0,G5.36_real_no_regression_replay,5,,0,False,False,False,False,False
G5.36_real_no_regression_replay|maze-32-32-4|100|265|2000|1,maze-32-32-4|100|265|2000|1,G5.36_real_no_regression_replay,1,,0,False,False,False,False,False
G5.36_real_no_regression_replay|maze-32-32-4|100|265|2000|final,maze-32-32-4|100|265|2000|final,G5.36_real_no_regression_replay,5,,0,False,False,False,False,False
G5.36_real_no_regression_replay|maze-32-32-4|100|266|1000|0,maze-32-32-4|100|266|1000|0,G5.36_real_no_regression_replay,4,,0,False,False,False,False,False
G5.36_real_no_regression_replay|maze-32-32-4|100|266|1000|final,maze-32-32-4|100|266|1000|final,G5.36_real_no_regression_replay,4,,0,False,False,False,False,False
G5.36_real_no_regression_replay|maze-32-32-4|100|267|2000|0,maze-32-32-4|100|267|2000|0,G5.36_real_no_regression_replay,5,,0,False,False,False,False,False
G5.36_real_no_regression_replay|maze-32-32-4|100|267|2000|final,maze-32-32-4|100|267|2000|final,G5.36_real_no_regression_replay,5,,0,False,False,False,False,False
G5.36_real_no_regression_replay|maze-32-32-4|100|268|1000|0,maze-32-32-4|100|268|1000|0,G5.36_real_no_regression_replay,4,,0,False,False,False,False,False
G5.36_real_no_regression_replay|maze-32-32-4|100|268|1000|final,maze-32-32-4|100|268|1000|final,G5.36_real_no_regression_replay,4,,0,False,False,False,False,False
G5.36_real_no_regression_replay|maze-32-32-4|100|269|2000|0,maze-32-32-4|100|269|2000|0,G5.36_real_no_regression_replay,5,,0,False,False,False,False,False
G5.36_real_no_regression_replay|maze-32-32-4|100|269|2000|1,maze-32-32-4|100|269|2000|1,G5.36_real_no_regression_replay,1,,0,False,False,False,False,False
G5.36_real_no_regression_replay|maze-32-32-4|100|269|2000|final,maze-32-32-4|100|269|2000|final,G5.36_real_no_regression_replay,5,,0,False,False,False,False,False
G5.36_real_no_regression_replay|maze-32-32-4|100|270|1000|0,maze-32-32-4|100|270|1000|0,G5.36_real_no_regression_replay,4,,0,False,False,False,False,False
G5.36_real_no_regression_replay|maze-32-32-4|100|270|1000|final,maze-32-32-4|100|270|1000|final,G5.36_real_no_regression_replay,4,,0,False,False,False,False,False
G5.36_real_no_regression_replay|maze-32-32-4|100|271|2000|0,maze-32-32-4|100|271|2000|0,G5.36_real_no_regression_replay,5,,0,False,False,False,False,False
G5.36_real_no_regression_replay|maze-32-32-4|100|271|2000|final,maze-32-32-4|100|271|2000|final,G5.36_real_no_regression_replay,5,,0,False,False,False,False,False
G5.36_real_no_regression_replay|maze-32-32-4|100|272|1000|0,maze-32-32-4|100|272|1000|0,G5.36_real_no_regression_replay,4,,0,False,False,False,False,False
G5.36_real_no_regression_replay|maze-32-32-4|100|272|1000|final,maze-32-32-4|100|272|1000|final,G5.36_real_no_regression_replay,4,,0,False,False,False,False,False
G5.36_real_no_regression_replay|maze-32-32-4|100|273|2000|0,maze-32-32-4|100|273|2000|0,G5.36_real_no_regression_replay,5,,0,False,False,False,False,False
G5.36_real_no_regression_replay|maze-32-32-4|100|273|2000|final,maze-32-32-4|100|273|2000|final,G5.36_real_no_regression_replay,5,,0,False,False,False,False,False
G5.36_real_no_regression_replay|maze-32-32-4|100|274|1000|0,maze-32-32-4|100|274|1000|0,G5.36_real_no_regression_replay,4,,0,False,False,False,False,False
G5.36_real_no_regression_replay|maze-32-32-4|100|274|1000|final,maze-32-32-4|100|274|1000|final,G5.36_real_no_regression_replay,4,,0,False,False,False,False,False
G5.36_real_no_regression_replay|maze-32-32-4|100|275|2000|0,maze-32-32-4|100|275|2000|0,G5.36_real_no_regression_replay,5,,0,False,False,False,False,False
G5.36_real_no_regression_replay|maze-32-32-4|100|275|2000|final,maze-32-32-4|100|275|2000|final,G5.36_real_no_regression_replay,5,,0,False,False,False,False,False
G5.36_real_no_regression_replay|maze-32-32-4|100|276|1000|0,maze-32-32-4|100|276|1000|0,G5.36_real_no_regression_replay,4,,0,False,False,False,False,False
G5.36_real_no_regression_replay|maze-32-32-4|100|276|1000|final,maze-32-32-4|100|276|1000|final,G5.36_real_no_regression_replay,4,,0,False,False,False,False,False
G5.36_real_no_regression_replay|maze-32-32-4|100|277|2000|0,maze-32-32-4|100|277|2000|0,G5.36_real_no_regression_replay,5,,0,False,False,False,False,False
G5.36_real_no_regression_replay|maze-32-32-4|100|277|2000|final,maze-32-32-4|100|277|2000|final,G5.36_real_no_regression_replay,5,,0,False,False,False,False,False
G5.36_real_no_regression_replay|maze-32-32-4|100|278|1000|0,maze-32-32-4|100|278|1000|0,G5.36_real_no_regression_replay,4,,0,False,False,False,False,False
G5.36_real_no_regression_replay|maze-32-32-4|100|278|1000|final,maze-32-32-4|100|278|1000|final,G5.36_real_no_regression_replay,4,,0,False,False,False,False,False
G5.36_real_no_regression_replay|maze-32-32-4|100|279|2000|0,maze-32-32-4|100|279|2000|0,G5.36_real_no_regression_replay,5,,0,False,False,False,False,False
G5.36_real_no_regression_replay|maze-32-32-4|100|279|2000|1,maze-32-32-4|100|279|2000|1,G5.36_real_no_regression_replay,1,,0,False,False,False,False,False
G5.36_real_no_regression_replay|maze-32-32-4|100|279|2000|final,maze-32-32-4|100|279|2000|final,G5.36_real_no_regression_replay,5,,0,False,False,False,False,False
G5.36_real_no_regression_replay|maze-32-32-4|100|280|1000|0,maze-32-32-4|100|280|1000|0,G5.36_real_no_regression_replay,4,,0,False,False,False,False,False
G5.36_real_no_regression_replay|maze-32-32-4|100|280|1000|final,maze-32-32-4|100|280|1000|final,G5.36_real_no_regression_replay,4,,0,False,False,False,False,False
G5.36_real_no_regression_replay|maze-32-32-4|100|281|2000|0,maze-32-32-4|100|281|2000|0,G5.36_real_no_regression_replay,5,,0,False,False,False,False,False
G5.36_real_no_regression_replay|maze-32-32-4|100|281|2000|final,maze-32-32-4|100|281|2000|final,G5.36_real_no_regression_replay,5,,0,False,False,False,False,False
G5.36_real_no_regression_replay|maze-32-32-4|100|282|1000|0,maze-32-32-4|100|282|1000|0,G5.36_real_no_regression_replay,4,,0,False,False,False,False,False
G5.36_real_no_regression_replay|maze-32-32-4|100|282|1000|final,maze-32-32-4|100|282|1000|final,G5.36_real_no_regression_replay,4,,0,False,False,False,False,False
G5.36_real_no_regression_replay|maze-32-32-4|100|283|2000|0,maze-32-32-4|100|283|2000|0,G5.36_real_no_regression_replay,5,,0,False,False,False,False,False
G5.36_real_no_regression_replay|maze-32-32-4|100|283|2000|final,maze-32-32-4|100|283|2000|final,G5.36_real_no_regression_replay,5,,0,False,False,False,False,False
G5.36_real_no_regression_replay|maze-32-32-4|100|284|1000|0,maze-32-32-4|100|284|1000|0,G5.36_real_no_regression_replay,4,,0,False,False,False,False,False
G5.36_real_no_regression_replay|maze-32-32-4|100|284|1000|final,maze-32-32-4|100|284|1000|final,G5.36_real_no_regression_replay,4,,0,False,False,False,False,False
G5.36_real_no_regression_replay|maze-32-32-4|100|285|2000|0,maze-32-32-4|100|285|2000|0,G5.36_real_no_regression_replay,5,,0,False,False,False,False,False
G5.36_real_no_regression_replay|maze-32-32-4|100|285|2000|1,maze-32-32-4|100|285|2000|1,G5.36_real_no_regression_replay,1,,0,False,False,False,False,False
G5.36_real_no_regression_replay|maze-32-32-4|100|285|2000|final,maze-32-32-4|100|285|2000|final,G5.36_real_no_regression_replay,5,,0,False,False,False,False,False
G5.36_real_no_regression_replay|maze-32-32-4|50|146|2000|0,maze-32-32-4|50|146|2000|0,G5.36_real_no_regression_replay,6,,0,False,False,False,False,False
G5.36_real_no_regression_replay|maze-32-32-4|50|146|2000|1,maze-32-32-4|50|146|2000|1,G5.36_real_no_regression_replay,6,repair5g59_flow_decay|repair5g59_high_beta_cap_safe|repair5g59_static_flow_shield|repair5g59_wait_conservative,4,False,False,False,False,False
G5.36_real_no_regression_replay|maze-32-32-4|50|146|2000|final,maze-32-32-4|50|146|2000|final,G5.36_real_no_regression_replay,6,repair5g59_flow_decay|repair5g59_static_flow_shield|repair5g59_wait_conservative,3,False,False,False,False,False
G5.36_real_no_regression_replay|maze-32-32-4|50|146|500|0,maze-32-32-4|50|146|500|0,G5.36_real_no_regression_replay,4,,0,False,False,False,False,False
G5.36_real_no_regression_replay|maze-32-32-4|50|146|500|final,maze-32-32-4|50|146|500|final,G5.36_real_no_regression_replay,4,,0,False,False,False,False,False
G5.36_real_no_regression_replay|maze-32-32-4|50|147|2000|0,maze-32-32-4|50|147|2000|0,G5.36_real_no_regression_replay,5,,0,False,False,False,False,False
G5.36_real_no_regression_replay|maze-32-32-4|50|147|2000|1,maze-32-32-4|50|147|2000|1,G5.36_real_no_regression_replay,5,repair5g59_high_beta_cap_safe|repair5g59_low_beta_high_cap|repair5g59_wait_conservative,3,False,False,False,False,False
G5.36_real_no_regression_replay|maze-32-32-4|50|147|2000|final,maze-32-32-4|50|147|2000|final,G5.36_real_no_regression_replay,5,repair5g59_low_beta_high_cap,1,False,False,False,False,False
G5.36_real_no_regression_replay|maze-32-32-4|50|147|500|0,maze-32-32-4|50|147|500|0,G5.36_real_no_regression_replay,4,,0,False,False,False,False,False
G5.36_real_no_regression_replay|maze-32-32-4|50|147|500|final,maze-32-32-4|50|147|500|final,G5.36_real_no_regression_replay,4,,0,False,False,False,False,False
G5.36_real_no_regression_replay|maze-32-32-4|50|148|2000|0,maze-32-32-4|50|148|2000|0,G5.36_real_no_regression_replay,6,,0,False,False,False,False,False
G5.36_real_no_regression_replay|maze-32-32-4|50|148|2000|1,maze-32-32-4|50|148|2000|1,G5.36_real_no_regression_replay,6,repair5g59_high_beta_cap_safe|repair5g59_low_beta_high_cap,2,False,False,False,False,False
G5.36_real_no_regression_replay|maze-32-32-4|50|148|2000|final,maze-32-32-4|50|148|2000|final,G5.36_real_no_regression_replay,6,repair5g59_high_beta_cap_safe|repair5g59_low_beta_high_cap,2,False,False,False,False,False
G5.36_real_no_regression_replay|maze-32-32-4|50|148|500|0,maze-32-32-4|50|148|500|0,G5.36_real_no_regression_replay,4,,0,False,False,False,False,False
G5.36_real_no_regression_replay|maze-32-32-4|50|148|500|final,maze-32-32-4|50|148|500|final,G5.36_real_no_regression_replay,4,,0,False,False,False,False,False
G5.36_real_no_regression_replay|maze-32-32-4|50|149|2000|0,maze-32-32-4|50|149|2000|0,G5.36_real_no_regression_replay,6,,0,False,False,False,False,False
G5.36_real_no_regression_replay|maze-32-32-4|50|149|2000|1,maze-32-32-4|50|149|2000|1,G5.36_real_no_regression_replay,6,repair5g59_low_beta_high_cap,1,False,False,False,False,False
G5.36_real_no_regression_replay|maze-32-32-4|50|149|2000|final,maze-32-32-4|50|149|2000|final,G5.36_real_no_regression_replay,6,,0,False,False,False,False,False
G5.36_real_no_regression_replay|maze-32-32-4|50|149|500|0,maze-32-32-4|50|149|500|0,G5.36_real_no_regression_replay,4,,0,False,False,False,False,False
G5.36_real_no_regression_replay|maze-32-32-4|50|149|500|final,maze-32-32-4|50|149|500|final,G5.36_real_no_regression_replay,4,,0,False,False,False,False,False
G5.36_real_no_regression_replay|maze-32-32-4|50|150|2000|0,maze-32-32-4|50|150|2000|0,G5.36_real_no_regression_replay,6,,0,False,False,False,False,False
G5.36_real_no_regression_replay|maze-32-32-4|50|150|2000|1,maze-32-32-4|50|150|2000|1,G5.36_real_no_regression_replay,6,repair5g59_high_beta_cap_safe|repair5g59_low_beta_high_cap,2,False,False,False,False,False
G5.36_real_no_regression_replay|maze-32-32-4|50|150|2000|final,maze-32-32-4|50|150|2000|final,G5.36_real_no_regression_replay,6,repair5g59_high_beta_cap_safe|repair5g59_low_beta_high_cap,2,False,False,False,False,False
G5.36_real_no_regression_replay|maze-32-32-4|50|150|500|0,maze-32-32-4|50|150|500|0,G5.36_real_no_regression_replay,4,,0,False,False,False,False,False
G5.36_real_no_regression_replay|maze-32-32-4|50|150|500|final,maze-32-32-4|50|150|500|final,G5.36_real_no_regression_replay,4,,0,False,False,False,False,False
G5.36_real_no_regression_replay|maze-32-32-4|50|151|2000|0,maze-32-32-4|50|151|2000|0,G5.36_real_no_regression_replay,6,,0,False,False,False,False,False
G5.36_real_no_regression_replay|maze-32-32-4|50|151|2000|1,maze-32-32-4|50|151|2000|1,G5.36_real_no_regression_replay,6,repair5g59_flow_decay|repair5g59_static_flow_shield|repair5g59_wait_conservative,3,False,False,False,False,False
G5.36_real_no_regression_replay|maze-32-32-4|50|151|2000|final,maze-32-32-4|50|151|2000|final,G5.36_real_no_regression_replay,6,repair5g59_flow_decay|repair5g59_static_flow_shield|repair5g59_wait_conservative,3,False,False,False,False,False
G5.36_real_no_regression_replay|maze-32-32-4|50|151|500|0,maze-32-32-4|50|151|500|0,G5.36_real_no_regression_replay,4,,0,False,False,False,False,False
G5.36_real_no_regression_replay|maze-32-32-4|50|151|500|final,maze-32-32-4|50|151|500|final,G5.36_real_no_regression_replay,4,,0,False,False,False,False,False
G5.36_real_no_regression_replay|maze-32-32-4|50|152|2000|0,maze-32-32-4|50|152|2000|0,G5.36_real_no_regression_replay,6,,0,False,False,False,False,False
G5.36_real_no_regression_replay|maze-32-32-4|50|152|2000|1,maze-32-32-4|50|152|2000|1,G5.36_real_no_regression_replay,6,repair5g59_additive_fallback|repair5g59_high_beta_cap_safe|repair5g59_static_flow_shield|repair5g59_wait_conservative,4,False,False,False,False,False
G5.36_real_no_regression_replay|maze-32-32-4|50|152|2000|final,maze-32-32-4|50|152|2000|final,G5.36_real_no_regression_replay,6,repair5g59_high_beta_cap_safe|repair5g59_static_flow_shield,2,False,False,False,False,False
G5.36_real_no_regression_replay|maze-32-32-4|50|254|1000|0,maze-32-32-4|50|254|1000|0,G5.36_real_no_regression_replay,4,,0,False,False,False,False,False
G5.36_real_no_regression_replay|maze-32-32-4|50|254|1000|1,maze-32-32-4|50|254|1000|1,G5.36_real_no_regression_replay,1,,0,False,False,False,False,False
G5.36_real_no_regression_replay|maze-32-32-4|50|254|1000|final,maze-32-32-4|50|254|1000|final,G5.36_real_no_regression_replay,4,,0,False,False,False,False,False
G5.36_real_no_regression_replay|maze-32-32-4|50|255|2000|0,maze-32-32-4|50|255|2000|0,G5.36_real_no_regression_replay,6,,0,False,False,False,False,False
G5.36_real_no_regression_replay|maze-32-32-4|50|255|2000|1,maze-32-32-4|50|255|2000|1,G5.36_real_no_regression_replay,6,repair5g59_additive_fallback|repair5g59_flow_decay|repair5g59_high_beta_cap_safe|repair5g59_static_flow_shield|repair5g59_wait_conservative,5,False,False,False,False,False
G5.36_real_no_regression_replay|maze-32-32-4|50|255|2000|final,maze-32-32-4|50|255|2000|final,G5.36_real_no_regression_replay,6,repair5g59_flow_decay|repair5g59_high_beta_cap_safe|repair5g59_static_flow_shield,3,False,False,False,False,False
G5.36_real_no_regression_replay|maze-32-32-4|50|256|1000|0,maze-32-32-4|50|256|1000|0,G5.36_real_no_regression_replay,4,,0,False,False,False,False,False
G5.36_real_no_regression_replay|maze-32-32-4|50|256|1000|1,maze-32-32-4|50|256|1000|1,G5.36_real_no_regression_replay,1,,0,False,False,False,False,False
G5.36_real_no_regression_replay|maze-32-32-4|50|256|1000|final,maze-32-32-4|50|256|1000|final,G5.36_real_no_regression_replay,4,,0,False,False,False,False,False
G5.36_real_no_regression_replay|maze-32-32-4|50|257|2000|0,maze-32-32-4|50|257|2000|0,G5.36_real_no_regression_replay,6,,0,False,False,False,False,False
G5.36_real_no_regression_replay|maze-32-32-4|50|257|2000|1,maze-32-32-4|50|257|2000|1,G5.36_real_no_regression_replay,6,repair5g59_flow_decay|repair5g59_high_beta_cap_safe|repair5g59_static_flow_shield|repair5g59_wait_conservative,4,False,False,False,False,False
G5.36_real_no_regression_replay|maze-32-32-4|50|257|2000|final,maze-32-32-4|50|257|2000|final,G5.36_real_no_regression_replay,6,repair5g59_flow_decay|repair5g59_high_beta_cap_safe|repair5g59_static_flow_shield|repair5g59_wait_conservative,4,False,False,False,False,False
G5.36_real_no_regression_replay|maze-32-32-4|50|258|1000|0,maze-32-32-4|50|258|1000|0,G5.36_real_no_regression_replay,4,,0,False,False,False,False,False
G5.36_real_no_regression_replay|maze-32-32-4|50|258|1000|final,maze-32-32-4|50|258|1000|final,G5.36_real_no_regression_replay,4,,0,False,False,False,False,False
G5.36_real_no_regression_replay|maze-32-32-4|50|259|2000|0,maze-32-32-4|50|259|2000|0,G5.36_real_no_regression_replay,6,,0,False,False,False,False,False
G5.36_real_no_regression_replay|maze-32-32-4|50|259|2000|1,maze-32-32-4|50|259|2000|1,G5.36_real_no_regression_replay,6,repair5g59_low_beta_high_cap,1,False,False,False,False,False
G5.36_real_no_regression_replay|maze-32-32-4|50|259|2000|final,maze-32-32-4|50|259|2000|final,G5.36_real_no_regression_replay,6,repair5g59_low_beta_high_cap,1,False,False,False,False,False
G5.36_real_no_regression_replay|maze-32-32-4|50|260|1000|0,maze-32-32-4|50|260|1000|0,G5.36_real_no_regression_replay,4,,0,False,False,False,False,False
G5.36_real_no_regression_replay|maze-32-32-4|50|260|1000|final,maze-32-32-4|50|260|1000|final,G5.36_real_no_regression_replay,4,,0,False,False,False,False,False
G5.36_real_no_regression_replay|maze-32-32-4|50|261|2000|0,maze-32-32-4|50|261|2000|0,G5.36_real_no_regression_replay,6,,0,False,False,False,False,False
G5.36_real_no_regression_replay|maze-32-32-4|50|261|2000|1,maze-32-32-4|50|261|2000|1,G5.36_real_no_regression_replay,6,repair5g59_flow_decay|repair5g59_high_beta_cap_safe|repair5g59_static_flow_shield|repair5g59_wait_conservative,4,False,False,False,False,False
G5.36_real_no_regression_replay|maze-32-32-4|50|261|2000|final,maze-32-32-4|50|261|2000|final,G5.36_real_no_regression_replay,6,repair5g59_flow_decay|repair5g59_high_beta_cap_safe|repair5g59_static_flow_shield|repair5g59_wait_conservative,4,False,False,False,False,False
G5.36_real_no_regression_replay|maze-32-32-4|50|262|1000|0,maze-32-32-4|50|262|1000|0,G5.36_real_no_regression_replay,4,,0,False,False,False,False,False
G5.36_real_no_regression_replay|maze-32-32-4|50|262|1000|final,maze-32-32-4|50|262|1000|final,G5.36_real_no_regression_replay,4,,0,False,False,False,False,False
G5.36_real_no_regression_replay|maze-32-32-4|50|263|2000|0,maze-32-32-4|50|263|2000|0,G5.36_real_no_regression_replay,6,,0,False,False,False,False,False
G5.36_real_no_regression_replay|maze-32-32-4|50|263|2000|1,maze-32-32-4|50|263|2000|1,G5.36_real_no_regression_replay,6,repair5g59_additive_fallback|repair5g59_flow_decay|repair5g59_high_beta_cap_safe|repair5g59_static_flow_shield|repair5g59_wait_conservative,5,False,False,False,False,False
G5.36_real_no_regression_replay|maze-32-32-4|50|263|2000|final,maze-32-32-4|50|263|2000|final,G5.36_real_no_regression_replay,6,,0,False,False,False,False,False
G5.36_real_no_regression_replay|maze-32-32-4|50|264|1000|0,maze-32-32-4|50|264|1000|0,G5.36_real_no_regression_replay,4,,0,False,False,False,False,False
G5.36_real_no_regression_replay|maze-32-32-4|50|264|1000|1,maze-32-32-4|50|264|1000|1,G5.36_real_no_regression_replay,1,,0,False,False,False,False,False
G5.36_real_no_regression_replay|maze-32-32-4|50|264|1000|final,maze-32-32-4|50|264|1000|final,G5.36_real_no_regression_replay,4,,0,False,False,False,False,False
G5.36_real_no_regression_replay|maze-32-32-4|50|265|2000|0,maze-32-32-4|50|265|2000|0,G5.36_real_no_regression_replay,6,,0,False,False,False,False,False
G5.36_real_no_regression_replay|maze-32-32-4|50|265|2000|1,maze-32-32-4|50|265|2000|1,G5.36_real_no_regression_replay,6,repair5g59_high_beta_cap_safe|repair5g59_low_beta_high_cap|repair5g59_wait_conservative,3,False,False,False,False,False
G5.36_real_no_regression_replay|maze-32-32-4|50|265|2000|final,maze-32-32-4|50|265|2000|final,G5.36_real_no_regression_replay,6,repair5g59_high_beta_cap_safe|repair5g59_low_beta_high_cap|repair5g59_wait_conservative,3,False,False,False,False,False
G5.36_real_no_regression_replay|maze-32-32-4|50|266|1000|0,maze-32-32-4|50|266|1000|0,G5.36_real_no_regression_replay,4,,0,False,False,False,False,False
G5.36_real_no_regression_replay|maze-32-32-4|50|266|1000|final,maze-32-32-4|50|266|1000|final,G5.36_real_no_regression_replay,4,,0,False,False,False,False,False
G5.36_real_no_regression_replay|maze-32-32-4|50|267|2000|0,maze-32-32-4|50|267|2000|0,G5.36_real_no_regression_replay,6,,0,False,False,False,False,False
G5.36_real_no_regression_replay|maze-32-32-4|50|267|2000|1,maze-32-32-4|50|267|2000|1,G5.36_real_no_regression_replay,6,repair5g59_additive_fallback|repair5g59_high_beta_cap_safe|repair5g59_low_beta_high_cap,3,False,False,False,False,False
G5.36_real_no_regression_replay|maze-32-32-4|50|267|2000|final,maze-32-32-4|50|267|2000|final,G5.36_real_no_regression_replay,6,repair5g59_additive_fallback,1,False,False,False,False,False
G5.36_real_no_regression_replay|maze-32-32-4|50|268|1000|0,maze-32-32-4|50|268|1000|0,G5.36_real_no_regression_replay,4,,0,False,False,False,False,False
G5.36_real_no_regression_replay|maze-32-32-4|50|268|1000|1,maze-32-32-4|50|268|1000|1,G5.36_real_no_regression_replay,1,,0,False,False,False,False,False
G5.36_real_no_regression_replay|maze-32-32-4|50|268|1000|final,maze-32-32-4|50|268|1000|final,G5.36_real_no_regression_replay,4,,0,False,False,False,False,False
G5.36_real_no_regression_replay|maze-32-32-4|50|269|2000|0,maze-32-32-4|50|269|2000|0,G5.36_real_no_regression_replay,6,,0,False,False,False,False,False
G5.36_real_no_regression_replay|maze-32-32-4|50|269|2000|1,maze-32-32-4|50|269|2000|1,G5.36_real_no_regression_replay,6,repair5g59_flow_decay|repair5g59_static_flow_shield,2,False,False,False,False,False
G5.36_real_no_regression_replay|maze-32-32-4|50|269|2000|final,maze-32-32-4|50|269|2000|final,G5.36_real_no_regression_replay,6,repair5g59_flow_decay|repair5g59_static_flow_shield,2,False,False,False,False,False
G5.36_real_no_regression_replay|maze-32-32-4|50|270|1000|0,maze-32-32-4|50|270|1000|0,G5.36_real_no_regression_replay,4,,0,False,False,False,False,False
G5.36_real_no_regression_replay|maze-32-32-4|50|270|1000|1,maze-32-32-4|50|270|1000|1,G5.36_real_no_regression_replay,1,,0,False,False,False,False,False
G5.36_real_no_regression_replay|maze-32-32-4|50|270|1000|final,maze-32-32-4|50|270|1000|final,G5.36_real_no_regression_replay,4,,0,False,False,False,False,False
G5.36_real_no_regression_replay|maze-32-32-4|50|271|2000|0,maze-32-32-4|50|271|2000|0,G5.36_real_no_regression_replay,6,,0,False,False,False,False,False
G5.36_real_no_regression_replay|maze-32-32-4|50|271|2000|1,maze-32-32-4|50|271|2000|1,G5.36_real_no_regression_replay,6,repair5g59_additive_fallback|repair5g59_flow_decay|repair5g59_static_flow_shield|repair5g59_wait_conservative,4,False,False,False,False,False
G5.36_real_no_regression_replay|maze-32-32-4|50|271|2000|final,maze-32-32-4|50|271|2000|final,G5.36_real_no_regression_replay,6,repair5g59_additive_fallback|repair5g59_flow_decay|repair5g59_static_flow_shield|repair5g59_wait_conservative,4,False,False,False,False,False
G5.36_real_no_regression_replay|maze-32-32-4|50|272|1000|0,maze-32-32-4|50|272|1000|0,G5.36_real_no_regression_replay,4,,0,False,False,False,False,False
G5.36_real_no_regression_replay|maze-32-32-4|50|272|1000|final,maze-32-32-4|50|272|1000|final,G5.36_real_no_regression_replay,4,,0,False,False,False,False,False
G5.36_real_no_regression_replay|maze-32-32-4|50|273|2000|0,maze-32-32-4|50|273|2000|0,G5.36_real_no_regression_replay,6,,0,False,False,False,False,False
G5.36_real_no_regression_replay|maze-32-32-4|50|273|2000|1,maze-32-32-4|50|273|2000|1,G5.36_real_no_regression_replay,6,repair5g59_flow_decay|repair5g59_high_beta_cap_safe|repair5g59_static_flow_shield|repair5g59_wait_conservative,4,False,False,False,False,False
G5.36_real_no_regression_replay|maze-32-32-4|50|273|2000|final,maze-32-32-4|50|273|2000|final,G5.36_real_no_regression_replay,6,repair5g59_flow_decay|repair5g59_high_beta_cap_safe|repair5g59_static_flow_shield|repair5g59_wait_conservative,4,False,False,False,False,False
G5.36_real_no_regression_replay|maze-32-32-4|50|274|1000|0,maze-32-32-4|50|274|1000|0,G5.36_real_no_regression_replay,4,,0,False,False,False,False,False
G5.36_real_no_regression_replay|maze-32-32-4|50|274|1000|final,maze-32-32-4|50|274|1000|final,G5.36_real_no_regression_replay,4,,0,False,False,False,False,False
G5.36_real_no_regression_replay|maze-32-32-4|50|275|2000|0,maze-32-32-4|50|275|2000|0,G5.36_real_no_regression_replay,6,,0,False,False,False,False,False
G5.36_real_no_regression_replay|maze-32-32-4|50|275|2000|1,maze-32-32-4|50|275|2000|1,G5.36_real_no_regression_replay,6,repair5g59_flow_decay|repair5g59_high_beta_cap_safe|repair5g59_static_flow_shield|repair5g59_wait_conservative,4,False,False,False,False,False
G5.36_real_no_regression_replay|maze-32-32-4|50|275|2000|final,maze-32-32-4|50|275|2000|final,G5.36_real_no_regression_replay,6,repair5g59_flow_decay|repair5g59_static_flow_shield|repair5g59_wait_conservative,3,False,False,False,False,False
G5.36_real_no_regression_replay|maze-32-32-4|50|276|1000|0,maze-32-32-4|50|276|1000|0,G5.36_real_no_regression_replay,4,,0,False,False,False,False,False
G5.36_real_no_regression_replay|maze-32-32-4|50|276|1000|1,maze-32-32-4|50|276|1000|1,G5.36_real_no_regression_replay,1,,0,False,False,False,False,False
G5.36_real_no_regression_replay|maze-32-32-4|50|276|1000|final,maze-32-32-4|50|276|1000|final,G5.36_real_no_regression_replay,4,,0,False,False,False,False,False
G5.36_real_no_regression_replay|maze-32-32-4|50|277|2000|0,maze-32-32-4|50|277|2000|0,G5.36_real_no_regression_replay,6,,0,False,False,False,False,False
G5.36_real_no_regression_replay|maze-32-32-4|50|277|2000|1,maze-32-32-4|50|277|2000|1,G5.36_real_no_regression_replay,6,repair5g59_flow_decay|repair5g59_high_beta_cap_safe|repair5g59_static_flow_shield|repair5g59_wait_conservative,4,False,False,False,False,False
G5.36_real_no_regression_replay|maze-32-32-4|50|277|2000|final,maze-32-32-4|50|277|2000|final,G5.36_real_no_regression_replay,6,,0,False,False,False,False,False
G5.36_real_no_regression_replay|maze-32-32-4|50|278|1000|0,maze-32-32-4|50|278|1000|0,G5.36_real_no_regression_replay,4,,0,False,False,False,False,False
G5.36_real_no_regression_replay|maze-32-32-4|50|278|1000|final,maze-32-32-4|50|278|1000|final,G5.36_real_no_regression_replay,4,,0,False,False,False,False,False
G5.36_real_no_regression_replay|maze-32-32-4|50|279|2000|0,maze-32-32-4|50|279|2000|0,G5.36_real_no_regression_replay,6,,0,False,False,False,False,False
G5.36_real_no_regression_replay|maze-32-32-4|50|279|2000|1,maze-32-32-4|50|279|2000|1,G5.36_real_no_regression_replay,6,repair5g59_flow_decay|repair5g59_high_beta_cap_safe|repair5g59_static_flow_shield|repair5g59_wait_conservative,4,False,False,False,False,False
G5.36_real_no_regression_replay|maze-32-32-4|50|279|2000|final,maze-32-32-4|50|279|2000|final,G5.36_real_no_regression_replay,6,,0,False,False,False,False,False
G5.36_real_no_regression_replay|maze-32-32-4|50|280|1000|0,maze-32-32-4|50|280|1000|0,G5.36_real_no_regression_replay,4,,0,False,False,False,False,False
G5.36_real_no_regression_replay|maze-32-32-4|50|280|1000|final,maze-32-32-4|50|280|1000|final,G5.36_real_no_regression_replay,4,,0,False,False,False,False,False
G5.36_real_no_regression_replay|maze-32-32-4|50|281|2000|0,maze-32-32-4|50|281|2000|0,G5.36_real_no_regression_replay,6,,0,False,False,False,False,False
G5.36_real_no_regression_replay|maze-32-32-4|50|281|2000|1,maze-32-32-4|50|281|2000|1,G5.36_real_no_regression_replay,6,repair5g59_flow_decay|repair5g59_high_beta_cap_safe|repair5g59_static_flow_shield|repair5g59_wait_conservative,4,False,False,False,False,False
G5.36_real_no_regression_replay|maze-32-32-4|50|281|2000|final,maze-32-32-4|50|281|2000|final,G5.36_real_no_regression_replay,6,,0,False,False,False,False,False
G5.36_real_no_regression_replay|maze-32-32-4|50|282|1000|0,maze-32-32-4|50|282|1000|0,G5.36_real_no_regression_replay,4,,0,False,False,False,False,False
G5.36_real_no_regression_replay|maze-32-32-4|50|282|1000|final,maze-32-32-4|50|282|1000|final,G5.36_real_no_regression_replay,4,,0,False,False,False,False,False
G5.36_real_no_regression_replay|maze-32-32-4|50|283|2000|0,maze-32-32-4|50|283|2000|0,G5.36_real_no_regression_replay,6,,0,False,False,False,False,False
G5.36_real_no_regression_replay|maze-32-32-4|50|283|2000|1,maze-32-32-4|50|283|2000|1,G5.36_real_no_regression_replay,6,repair5g59_high_beta_cap_safe|repair5g59_low_beta_high_cap|repair5g59_wait_conservative,3,False,False,False,False,False
G5.36_real_no_regression_replay|maze-32-32-4|50|283|2000|final,maze-32-32-4|50|283|2000|final,G5.36_real_no_regression_replay,6,repair5g59_low_beta_high_cap,1,False,False,False,False,False
G5.36_real_no_regression_replay|maze-32-32-4|50|284|1000|0,maze-32-32-4|50|284|1000|0,G5.36_real_no_regression_replay,4,,0,False,False,False,False,False
G5.36_real_no_regression_replay|maze-32-32-4|50|284|1000|1,maze-32-32-4|50|284|1000|1,G5.36_real_no_regression_replay,1,,0,False,False,False,False,False
G5.36_real_no_regression_replay|maze-32-32-4|50|284|1000|final,maze-32-32-4|50|284|1000|final,G5.36_real_no_regression_replay,4,,0,False,False,False,False,False
G5.36_real_no_regression_replay|maze-32-32-4|50|285|2000|0,maze-32-32-4|50|285|2000|0,G5.36_real_no_regression_replay,6,,0,False,False,False,False,False
G5.36_real_no_regression_replay|maze-32-32-4|50|285|2000|1,maze-32-32-4|50|285|2000|1,G5.36_real_no_regression_replay,6,repair5g59_low_beta_high_cap,1,False,False,False,False,False
G5.36_real_no_regression_replay|maze-32-32-4|50|285|2000|final,maze-32-32-4|50|285|2000|final,G5.36_real_no_regression_replay,6,repair5g59_low_beta_high_cap,1,False,False,False,False,False
G5.36_real_no_regression_replay|random-32-32-20|100|254|2000|0,random-32-32-20|100|254|2000|0,G5.36_real_no_regression_replay,4,,0,False,False,False,False,False
G5.36_real_no_regression_replay|random-32-32-20|100|254|2000|1,random-32-32-20|100|254|2000|1,G5.36_real_no_regression_replay,4,,0,False,False,False,False,False
G5.36_real_no_regression_replay|random-32-32-20|100|254|2000|final,random-32-32-20|100|254|2000|final,G5.36_real_no_regression_replay,4,,0,False,False,False,False,False
G5.36_real_no_regression_replay|random-32-32-20|100|255|1000|0,random-32-32-20|100|255|1000|0,G5.36_real_no_regression_replay,4,,0,False,False,False,False,False
G5.36_real_no_regression_replay|random-32-32-20|100|255|1000|final,random-32-32-20|100|255|1000|final,G5.36_real_no_regression_replay,4,,0,False,False,False,False,False
G5.36_real_no_regression_replay|random-32-32-20|100|256|2000|0,random-32-32-20|100|256|2000|0,G5.36_real_no_regression_replay,4,,0,False,False,False,False,False
G5.36_real_no_regression_replay|random-32-32-20|100|256|2000|1,random-32-32-20|100|256|2000|1,G5.36_real_no_regression_replay,4,,0,False,False,False,False,False
G5.36_real_no_regression_replay|random-32-32-20|100|256|2000|final,random-32-32-20|100|256|2000|final,G5.36_real_no_regression_replay,4,,0,False,False,False,False,False
G5.36_real_no_regression_replay|random-32-32-20|100|257|1000|0,random-32-32-20|100|257|1000|0,G5.36_real_no_regression_replay,4,,0,False,False,False,False,False
G5.36_real_no_regression_replay|random-32-32-20|100|257|1000|final,random-32-32-20|100|257|1000|final,G5.36_real_no_regression_replay,4,,0,False,False,False,False,False
G5.36_real_no_regression_replay|random-32-32-20|100|258|2000|0,random-32-32-20|100|258|2000|0,G5.36_real_no_regression_replay,4,,0,False,False,False,False,False
G5.36_real_no_regression_replay|random-32-32-20|100|258|2000|1,random-32-32-20|100|258|2000|1,G5.36_real_no_regression_replay,4,,0,False,False,False,False,False
G5.36_real_no_regression_replay|random-32-32-20|100|258|2000|final,random-32-32-20|100|258|2000|final,G5.36_real_no_regression_replay,4,,0,False,False,False,False,False
G5.36_real_no_regression_replay|random-32-32-20|100|259|1000|0,random-32-32-20|100|259|1000|0,G5.36_real_no_regression_replay,4,,0,False,False,False,False,False
G5.36_real_no_regression_replay|random-32-32-20|100|259|1000|final,random-32-32-20|100|259|1000|final,G5.36_real_no_regression_replay,4,,0,False,False,False,False,False
G5.36_real_no_regression_replay|random-32-32-20|100|260|2000|0,random-32-32-20|100|260|2000|0,G5.36_real_no_regression_replay,4,,0,False,False,False,False,False
G5.36_real_no_regression_replay|random-32-32-20|100|260|2000|1,random-32-32-20|100|260|2000|1,G5.36_real_no_regression_replay,4,,0,False,False,False,False,False
G5.36_real_no_regression_replay|random-32-32-20|100|260|2000|final,random-32-32-20|100|260|2000|final,G5.36_real_no_regression_replay,4,,0,False,False,False,False,False
G5.36_real_no_regression_replay|random-32-32-20|100|261|1000|0,random-32-32-20|100|261|1000|0,G5.36_real_no_regression_replay,4,,0,False,False,False,False,False
G5.36_real_no_regression_replay|random-32-32-20|100|261|1000|final,random-32-32-20|100|261|1000|final,G5.36_real_no_regression_replay,4,,0,False,False,False,False,False
G5.36_real_no_regression_replay|random-32-32-20|100|262|2000|0,random-32-32-20|100|262|2000|0,G5.36_real_no_regression_replay,4,,0,False,False,False,False,False
G5.36_real_no_regression_replay|random-32-32-20|100|262|2000|1,random-32-32-20|100|262|2000|1,G5.36_real_no_regression_replay,3,,0,False,False,False,False,False
G5.36_real_no_regression_replay|random-32-32-20|100|262|2000|final,random-32-32-20|100|262|2000|final,G5.36_real_no_regression_replay,4,,0,False,False,False,False,False
G5.36_real_no_regression_replay|random-32-32-20|100|263|1000|0,random-32-32-20|100|263|1000|0,G5.36_real_no_regression_replay,4,,0,False,False,False,False,False
G5.36_real_no_regression_replay|random-32-32-20|100|263|1000|final,random-32-32-20|100|263|1000|final,G5.36_real_no_regression_replay,4,,0,False,False,False,False,False
G5.36_real_no_regression_replay|random-32-32-20|100|264|2000|0,random-32-32-20|100|264|2000|0,G5.36_real_no_regression_replay,4,,0,False,False,False,False,False
G5.36_real_no_regression_replay|random-32-32-20|100|264|2000|1,random-32-32-20|100|264|2000|1,G5.36_real_no_regression_replay,4,,0,False,False,False,False,False
G5.36_real_no_regression_replay|random-32-32-20|100|264|2000|final,random-32-32-20|100|264|2000|final,G5.36_real_no_regression_replay,4,,0,False,False,False,False,False
G5.36_real_no_regression_replay|random-32-32-20|100|265|1000|0,random-32-32-20|100|265|1000|0,G5.36_real_no_regression_replay,4,,0,False,False,False,False,False
G5.36_real_no_regression_replay|random-32-32-20|100|265|1000|final,random-32-32-20|100|265|1000|final,G5.36_real_no_regression_replay,4,,0,False,False,False,False,False
G5.36_real_no_regression_replay|random-32-32-20|100|266|2000|0,random-32-32-20|100|266|2000|0,G5.36_real_no_regression_replay,4,,0,False,False,False,False,False
G5.36_real_no_regression_replay|random-32-32-20|100|266|2000|1,random-32-32-20|100|266|2000|1,G5.36_real_no_regression_replay,4,,0,False,False,False,False,False
G5.36_real_no_regression_replay|random-32-32-20|100|266|2000|final,random-32-32-20|100|266|2000|final,G5.36_real_no_regression_replay,4,,0,False,False,False,False,False
G5.36_real_no_regression_replay|random-32-32-20|100|267|1000|0,random-32-32-20|100|267|1000|0,G5.36_real_no_regression_replay,4,,0,False,False,False,False,False
G5.36_real_no_regression_replay|random-32-32-20|100|267|1000|final,random-32-32-20|100|267|1000|final,G5.36_real_no_regression_replay,4,,0,False,False,False,False,False
G5.36_real_no_regression_replay|random-32-32-20|100|268|2000|0,random-32-32-20|100|268|2000|0,G5.36_real_no_regression_replay,4,,0,False,False,False,False,False
G5.36_real_no_regression_replay|random-32-32-20|100|268|2000|1,random-32-32-20|100|268|2000|1,G5.36_real_no_regression_replay,4,,0,False,False,False,False,False
G5.36_real_no_regression_replay|random-32-32-20|100|268|2000|final,random-32-32-20|100|268|2000|final,G5.36_real_no_regression_replay,4,,0,False,False,False,False,False
G5.36_real_no_regression_replay|random-32-32-20|100|269|1000|0,random-32-32-20|100|269|1000|0,G5.36_real_no_regression_replay,4,,0,False,False,False,False,False
G5.36_real_no_regression_replay|random-32-32-20|100|269|1000|final,random-32-32-20|100|269|1000|final,G5.36_real_no_regression_replay,4,,0,False,False,False,False,False
G5.36_real_no_regression_replay|random-32-32-20|100|270|2000|0,random-32-32-20|100|270|2000|0,G5.36_real_no_regression_replay,4,,0,False,False,False,False,False
G5.36_real_no_regression_replay|random-32-32-20|100|270|2000|1,random-32-32-20|100|270|2000|1,G5.36_real_no_regression_replay,4,,0,False,False,False,False,False
G5.36_real_no_regression_replay|random-32-32-20|100|270|2000|final,random-32-32-20|100|270|2000|final,G5.36_real_no_regression_replay,4,,0,False,False,False,False,False
G5.36_real_no_regression_replay|random-32-32-20|100|271|1000|0,random-32-32-20|100|271|1000|0,G5.36_real_no_regression_replay,4,,0,False,False,False,False,False
G5.36_real_no_regression_replay|random-32-32-20|100|271|1000|final,random-32-32-20|100|271|1000|final,G5.36_real_no_regression_replay,4,,0,False,False,False,False,False
G5.36_real_no_regression_replay|random-32-32-20|100|272|2000|0,random-32-32-20|100|272|2000|0,G5.36_real_no_regression_replay,4,,0,False,False,False,False,False
G5.36_real_no_regression_replay|random-32-32-20|100|272|2000|1,random-32-32-20|100|272|2000|1,G5.36_real_no_regression_replay,3,,0,False,False,False,False,False
G5.36_real_no_regression_replay|random-32-32-20|100|272|2000|final,random-32-32-20|100|272|2000|final,G5.36_real_no_regression_replay,4,,0,False,False,False,False,False
G5.36_real_no_regression_replay|random-32-32-20|100|273|1000|0,random-32-32-20|100|273|1000|0,G5.36_real_no_regression_replay,4,,0,False,False,False,False,False
G5.36_real_no_regression_replay|random-32-32-20|100|273|1000|final,random-32-32-20|100|273|1000|final,G5.36_real_no_regression_replay,4,,0,False,False,False,False,False
G5.36_real_no_regression_replay|random-32-32-20|100|274|2000|0,random-32-32-20|100|274|2000|0,G5.36_real_no_regression_replay,4,,0,False,False,False,False,False
G5.36_real_no_regression_replay|random-32-32-20|100|274|2000|1,random-32-32-20|100|274|2000|1,G5.36_real_no_regression_replay,4,,0,False,False,False,False,False
G5.36_real_no_regression_replay|random-32-32-20|100|274|2000|final,random-32-32-20|100|274|2000|final,G5.36_real_no_regression_replay,4,,0,False,False,False,False,False
G5.36_real_no_regression_replay|random-32-32-20|100|275|1000|0,random-32-32-20|100|275|1000|0,G5.36_real_no_regression_replay,4,,0,False,False,False,False,False
G5.36_real_no_regression_replay|random-32-32-20|100|275|1000|final,random-32-32-20|100|275|1000|final,G5.36_real_no_regression_replay,4,,0,False,False,False,False,False
G5.36_real_no_regression_replay|random-32-32-20|100|276|2000|0,random-32-32-20|100|276|2000|0,G5.36_real_no_regression_replay,4,,0,False,False,False,False,False
G5.36_real_no_regression_replay|random-32-32-20|100|276|2000|1,random-32-32-20|100|276|2000|1,G5.36_real_no_regression_replay,4,,0,False,False,False,False,False
G5.36_real_no_regression_replay|random-32-32-20|100|276|2000|final,random-32-32-20|100|276|2000|final,G5.36_real_no_regression_replay,4,,0,False,False,False,False,False
G5.36_real_no_regression_replay|random-32-32-20|100|277|1000|0,random-32-32-20|100|277|1000|0,G5.36_real_no_regression_replay,4,,0,False,False,False,False,False
G5.36_real_no_regression_replay|random-32-32-20|100|277|1000|final,random-32-32-20|100|277|1000|final,G5.36_real_no_regression_replay,4,,0,False,False,False,False,False
G5.36_real_no_regression_replay|random-32-32-20|100|278|2000|0,random-32-32-20|100|278|2000|0,G5.36_real_no_regression_replay,4,,0,False,False,False,False,False
G5.36_real_no_regression_replay|random-32-32-20|100|278|2000|1,random-32-32-20|100|278|2000|1,G5.36_real_no_regression_replay,4,,0,False,False,False,False,False
G5.36_real_no_regression_replay|random-32-32-20|100|278|2000|final,random-32-32-20|100|278|2000|final,G5.36_real_no_regression_replay,4,,0,False,False,False,False,False
G5.36_real_no_regression_replay|random-32-32-20|100|279|1000|0,random-32-32-20|100|279|1000|0,G5.36_real_no_regression_replay,4,,0,False,False,False,False,False
G5.36_real_no_regression_replay|random-32-32-20|100|279|1000|final,random-32-32-20|100|279|1000|final,G5.36_real_no_regression_replay,4,,0,False,False,False,False,False
G5.36_real_no_regression_replay|random-32-32-20|100|280|2000|0,random-32-32-20|100|280|2000|0,G5.36_real_no_regression_replay,4,,0,False,False,False,False,False
G5.36_real_no_regression_replay|random-32-32-20|100|280|2000|1,random-32-32-20|100|280|2000|1,G5.36_real_no_regression_replay,4,,0,False,False,False,False,False
G5.36_real_no_regression_replay|random-32-32-20|100|280|2000|final,random-32-32-20|100|280|2000|final,G5.36_real_no_regression_replay,4,,0,False,False,False,False,False
G5.36_real_no_regression_replay|random-32-32-20|100|281|1000|0,random-32-32-20|100|281|1000|0,G5.36_real_no_regression_replay,4,,0,False,False,False,False,False
G5.36_real_no_regression_replay|random-32-32-20|100|281|1000|final,random-32-32-20|100|281|1000|final,G5.36_real_no_regression_replay,4,,0,False,False,False,False,False
G5.36_real_no_regression_replay|random-32-32-20|100|282|2000|0,random-32-32-20|100|282|2000|0,G5.36_real_no_regression_replay,4,,0,False,False,False,False,False
G5.36_real_no_regression_replay|random-32-32-20|100|282|2000|1,random-32-32-20|100|282|2000|1,G5.36_real_no_regression_replay,4,,0,False,False,False,False,False
G5.36_real_no_regression_replay|random-32-32-20|100|282|2000|final,random-32-32-20|100|282|2000|final,G5.36_real_no_regression_replay,4,,0,False,False,False,False,False
G5.36_real_no_regression_replay|random-32-32-20|100|283|1000|0,random-32-32-20|100|283|1000|0,G5.36_real_no_regression_replay,4,,0,False,False,False,False,False
G5.36_real_no_regression_replay|random-32-32-20|100|283|1000|final,random-32-32-20|100|283|1000|final,G5.36_real_no_regression_replay,4,,0,False,False,False,False,False
G5.36_real_no_regression_replay|random-32-32-20|100|284|2000|0,random-32-32-20|100|284|2000|0,G5.36_real_no_regression_replay,4,,0,False,False,False,False,False
G5.36_real_no_regression_replay|random-32-32-20|100|284|2000|1,random-32-32-20|100|284|2000|1,G5.36_real_no_regression_replay,3,,0,False,False,False,False,False
G5.36_real_no_regression_replay|random-32-32-20|100|284|2000|final,random-32-32-20|100|284|2000|final,G5.36_real_no_regression_replay,4,,0,False,False,False,False,False
G5.36_real_no_regression_replay|random-32-32-20|100|285|1000|0,random-32-32-20|100|285|1000|0,G5.36_real_no_regression_replay,4,,0,False,False,False,False,False
G5.36_real_no_regression_replay|random-32-32-20|100|285|1000|final,random-32-32-20|100|285|1000|final,G5.36_real_no_regression_replay,4,,0,False,False,False,False,False
G5.36_real_no_regression_replay|random-32-32-20|50|148|1000|0,random-32-32-20|50|148|1000|0,G5.36_real_no_regression_replay,4,,0,False,False,False,False,False
G5.36_real_no_regression_replay|random-32-32-20|50|148|1000|1,random-32-32-20|50|148|1000|1,G5.36_real_no_regression_replay,4,,0,False,False,False,False,False
G5.36_real_no_regression_replay|random-32-32-20|50|148|1000|final,random-32-32-20|50|148|1000|final,G5.36_real_no_regression_replay,4,,0,False,False,False,False,False
G5.36_real_no_regression_replay|random-32-32-20|50|151|1000|0,random-32-32-20|50|151|1000|0,G5.36_real_no_regression_replay,4,,0,False,False,False,False,False
G5.36_real_no_regression_replay|random-32-32-20|50|151|1000|1,random-32-32-20|50|151|1000|1,G5.36_real_no_regression_replay,4,,0,False,False,False,False,False
G5.36_real_no_regression_replay|random-32-32-20|50|151|1000|final,random-32-32-20|50|151|1000|final,G5.36_real_no_regression_replay,4,,0,False,False,False,False,False
G5.36_real_no_regression_replay|random-32-32-20|50|152|1000|0,random-32-32-20|50|152|1000|0,G5.36_real_no_regression_replay,4,,0,False,False,False,False,False
G5.36_real_no_regression_replay|random-32-32-20|50|152|1000|1,random-32-32-20|50|152|1000|1,G5.36_real_no_regression_replay,2,,0,False,False,False,False,False
G5.36_real_no_regression_replay|random-32-32-20|50|152|1000|final,random-32-32-20|50|152|1000|final,G5.36_real_no_regression_replay,4,,0,False,False,False,False,False
G5.36_real_no_regression_replay|random-32-32-20|50|254|2000|0,random-32-32-20|50|254|2000|0,G5.36_real_no_regression_replay,5,,0,False,False,False,False,False
G5.36_real_no_regression_replay|random-32-32-20|50|254|2000|1,random-32-32-20|50|254|2000|1,G5.36_real_no_regression_replay,5,repair5g59_high_beta_cap_safe|repair5g59_wait_aggressive|repair5g59_wait_conservative,3,False,False,False,False,False
G5.36_real_no_regression_replay|random-32-32-20|50|254|2000|final,random-32-32-20|50|254|2000|final,G5.36_real_no_regression_replay,5,,0,False,False,False,False,False
G5.36_real_no_regression_replay|random-32-32-20|50|255|1000|0,random-32-32-20|50|255|1000|0,G5.36_real_no_regression_replay,4,,0,False,False,False,False,False
G5.36_real_no_regression_replay|random-32-32-20|50|255|1000|1,random-32-32-20|50|255|1000|1,G5.36_real_no_regression_replay,4,,0,False,False,False,False,False
G5.36_real_no_regression_replay|random-32-32-20|50|255|1000|final,random-32-32-20|50|255|1000|final,G5.36_real_no_regression_replay,4,,0,False,False,False,False,False
G5.36_real_no_regression_replay|random-32-32-20|50|256|2000|0,random-32-32-20|50|256|2000|0,G5.36_real_no_regression_replay,5,,0,False,False,False,False,False
G5.36_real_no_regression_replay|random-32-32-20|50|256|2000|1,random-32-32-20|50|256|2000|1,G5.36_real_no_regression_replay,5,repair5g59_high_beta_cap_safe|repair5g59_static_flow_shield|repair5g59_wait_conservative,3,False,False,False,False,False
G5.36_real_no_regression_replay|random-32-32-20|50|256|2000|final,random-32-32-20|50|256|2000|final,G5.36_real_no_regression_replay,5,repair5g59_high_beta_cap_safe|repair5g59_static_flow_shield|repair5g59_wait_conservative,3,False,False,False,False,False
G5.36_real_no_regression_replay|random-32-32-20|50|257|1000|0,random-32-32-20|50|257|1000|0,G5.36_real_no_regression_replay,4,,0,False,False,False,False,False
G5.36_real_no_regression_replay|random-32-32-20|50|257|1000|1,random-32-32-20|50|257|1000|1,G5.36_real_no_regression_replay,4,,0,False,False,False,False,False
G5.36_real_no_regression_replay|random-32-32-20|50|257|1000|final,random-32-32-20|50|257|1000|final,G5.36_real_no_regression_replay,4,,0,False,False,False,False,False
G5.36_real_no_regression_replay|random-32-32-20|50|258|2000|0,random-32-32-20|50|258|2000|0,G5.36_real_no_regression_replay,5,,0,False,False,False,False,False
G5.36_real_no_regression_replay|random-32-32-20|50|258|2000|1,random-32-32-20|50|258|2000|1,G5.36_real_no_regression_replay,5,repair5g59_high_beta_cap_safe|repair5g59_static_flow_shield|repair5g59_wait_conservative,3,False,False,False,False,False
G5.36_real_no_regression_replay|random-32-32-20|50|258|2000|final,random-32-32-20|50|258|2000|final,G5.36_real_no_regression_replay,5,repair5g59_high_beta_cap_safe|repair5g59_static_flow_shield|repair5g59_wait_conservative,3,False,False,False,False,False
G5.36_real_no_regression_replay|random-32-32-20|50|259|1000|0,random-32-32-20|50|259|1000|0,G5.36_real_no_regression_replay,4,,0,False,False,False,False,False
G5.36_real_no_regression_replay|random-32-32-20|50|259|1000|1,random-32-32-20|50|259|1000|1,G5.36_real_no_regression_replay,4,,0,False,False,False,False,False
G5.36_real_no_regression_replay|random-32-32-20|50|259|1000|final,random-32-32-20|50|259|1000|final,G5.36_real_no_regression_replay,4,,0,False,False,False,False,False
G5.36_real_no_regression_replay|random-32-32-20|50|260|2000|0,random-32-32-20|50|260|2000|0,G5.36_real_no_regression_replay,5,,0,False,False,False,False,False
G5.36_real_no_regression_replay|random-32-32-20|50|260|2000|1,random-32-32-20|50|260|2000|1,G5.36_real_no_regression_replay,5,repair5g59_high_beta_cap_safe|repair5g59_static_flow_shield,2,False,False,False,False,False
G5.36_real_no_regression_replay|random-32-32-20|50|260|2000|final,random-32-32-20|50|260|2000|final,G5.36_real_no_regression_replay,5,,0,False,False,False,False,False
G5.36_real_no_regression_replay|random-32-32-20|50|261|1000|0,random-32-32-20|50|261|1000|0,G5.36_real_no_regression_replay,4,,0,False,False,False,False,False
G5.36_real_no_regression_replay|random-32-32-20|50|261|1000|1,random-32-32-20|50|261|1000|1,G5.36_real_no_regression_replay,4,,0,False,False,False,False,False
G5.36_real_no_regression_replay|random-32-32-20|50|261|1000|final,random-32-32-20|50|261|1000|final,G5.36_real_no_regression_replay,4,,0,False,False,False,False,False
G5.36_real_no_regression_replay|random-32-32-20|50|262|2000|0,random-32-32-20|50|262|2000|0,G5.36_real_no_regression_replay,5,,0,False,False,False,False,False
G5.36_real_no_regression_replay|random-32-32-20|50|262|2000|1,random-32-32-20|50|262|2000|1,G5.36_real_no_regression_replay,5,repair5g59_static_flow_shield|repair5g59_wait_conservative,2,False,False,False,False,False
G5.36_real_no_regression_replay|random-32-32-20|50|262|2000|final,random-32-32-20|50|262|2000|final,G5.36_real_no_regression_replay,5,repair5g59_static_flow_shield|repair5g59_wait_conservative,2,False,False,False,False,False
G5.36_real_no_regression_replay|random-32-32-20|50|263|1000|0,random-32-32-20|50|263|1000|0,G5.36_real_no_regression_replay,4,,0,False,False,False,False,False
G5.36_real_no_regression_replay|random-32-32-20|50|263|1000|1,random-32-32-20|50|263|1000|1,G5.36_real_no_regression_replay,4,,0,False,False,False,False,False
G5.36_real_no_regression_replay|random-32-32-20|50|263|1000|final,random-32-32-20|50|263|1000|final,G5.36_real_no_regression_replay,4,,0,False,False,False,False,False
G5.36_real_no_regression_replay|random-32-32-20|50|264|2000|0,random-32-32-20|50|264|2000|0,G5.36_real_no_regression_replay,5,,0,False,False,False,False,False
G5.36_real_no_regression_replay|random-32-32-20|50|264|2000|1,random-32-32-20|50|264|2000|1,G5.36_real_no_regression_replay,5,repair5g59_high_beta_cap_safe|repair5g59_static_flow_shield|repair5g59_wait_conservative,3,False,False,False,False,False
G5.36_real_no_regression_replay|random-32-32-20|50|264|2000|final,random-32-32-20|50|264|2000|final,G5.36_real_no_regression_replay,5,repair5g59_high_beta_cap_safe|repair5g59_wait_conservative,2,False,False,False,False,False
G5.36_real_no_regression_replay|random-32-32-20|50|265|1000|0,random-32-32-20|50|265|1000|0,G5.36_real_no_regression_replay,4,,0,False,False,False,False,False
G5.36_real_no_regression_replay|random-32-32-20|50|265|1000|1,random-32-32-20|50|265|1000|1,G5.36_real_no_regression_replay,3,,0,False,False,False,False,False
G5.36_real_no_regression_replay|random-32-32-20|50|265|1000|final,random-32-32-20|50|265|1000|final,G5.36_real_no_regression_replay,4,,0,False,False,False,False,False
G5.36_real_no_regression_replay|random-32-32-20|50|266|2000|0,random-32-32-20|50|266|2000|0,G5.36_real_no_regression_replay,5,,0,False,False,False,False,False
G5.36_real_no_regression_replay|random-32-32-20|50|266|2000|1,random-32-32-20|50|266|2000|1,G5.36_real_no_regression_replay,5,repair5g59_high_beta_cap_safe|repair5g59_wait_aggressive|repair5g59_wait_conservative,3,False,False,False,False,False
G5.36_real_no_regression_replay|random-32-32-20|50|266|2000|final,random-32-32-20|50|266|2000|final,G5.36_real_no_regression_replay,5,,0,False,False,False,False,False
G5.36_real_no_regression_replay|random-32-32-20|50|267|1000|0,random-32-32-20|50|267|1000|0,G5.36_real_no_regression_replay,4,,0,False,False,False,False,False
G5.36_real_no_regression_replay|random-32-32-20|50|267|1000|1,random-32-32-20|50|267|1000|1,G5.36_real_no_regression_replay,4,,0,False,False,False,False,False
G5.36_real_no_regression_replay|random-32-32-20|50|267|1000|final,random-32-32-20|50|267|1000|final,G5.36_real_no_regression_replay,4,,0,False,False,False,False,False
G5.36_real_no_regression_replay|random-32-32-20|50|268|2000|0,random-32-32-20|50|268|2000|0,G5.36_real_no_regression_replay,5,,0,False,False,False,False,False
G5.36_real_no_regression_replay|random-32-32-20|50|268|2000|1,random-32-32-20|50|268|2000|1,G5.36_real_no_regression_replay,5,repair5g59_high_beta_cap_safe|repair5g59_wait_aggressive|repair5g59_wait_conservative,3,False,False,False,False,False
G5.36_real_no_regression_replay|random-32-32-20|50|268|2000|final,random-32-32-20|50|268|2000|final,G5.36_real_no_regression_replay,5,,0,False,False,False,False,False
G5.36_real_no_regression_replay|random-32-32-20|50|269|1000|0,random-32-32-20|50|269|1000|0,G5.36_real_no_regression_replay,4,,0,False,False,False,False,False
G5.36_real_no_regression_replay|random-32-32-20|50|269|1000|1,random-32-32-20|50|269|1000|1,G5.36_real_no_regression_replay,3,,0,False,False,False,False,False
G5.36_real_no_regression_replay|random-32-32-20|50|269|1000|final,random-32-32-20|50|269|1000|final,G5.36_real_no_regression_replay,4,,0,False,False,False,False,False
G5.36_real_no_regression_replay|random-32-32-20|50|270|2000|0,random-32-32-20|50|270|2000|0,G5.36_real_no_regression_replay,5,,0,False,False,False,False,False
G5.36_real_no_regression_replay|random-32-32-20|50|270|2000|1,random-32-32-20|50|270|2000|1,G5.36_real_no_regression_replay,5,repair5g59_high_beta_cap_safe|repair5g59_static_flow_shield|repair5g59_wait_conservative,3,False,False,False,False,False
G5.36_real_no_regression_replay|random-32-32-20|50|270|2000|final,random-32-32-20|50|270|2000|final,G5.36_real_no_regression_replay,5,repair5g59_static_flow_shield,1,False,False,False,False,False
G5.36_real_no_regression_replay|random-32-32-20|50|271|1000|0,random-32-32-20|50|271|1000|0,G5.36_real_no_regression_replay,4,,0,False,False,False,False,False
G5.36_real_no_regression_replay|random-32-32-20|50|271|1000|1,random-32-32-20|50|271|1000|1,G5.36_real_no_regression_replay,4,,0,False,False,False,False,False
G5.36_real_no_regression_replay|random-32-32-20|50|271|1000|final,random-32-32-20|50|271|1000|final,G5.36_real_no_regression_replay,4,,0,False,False,False,False,False
G5.36_real_no_regression_replay|random-32-32-20|50|272|2000|0,random-32-32-20|50|272|2000|0,G5.36_real_no_regression_replay,5,,0,False,False,False,False,False
G5.36_real_no_regression_replay|random-32-32-20|50|272|2000|1,random-32-32-20|50|272|2000|1,G5.36_real_no_regression_replay,5,repair5g59_high_beta_cap_safe|repair5g59_static_flow_shield,2,False,False,False,False,False
G5.36_real_no_regression_replay|random-32-32-20|50|272|2000|final,random-32-32-20|50|272|2000|final,G5.36_real_no_regression_replay,5,repair5g59_high_beta_cap_safe|repair5g59_static_flow_shield,2,False,False,False,False,False
G5.36_real_no_regression_replay|random-32-32-20|50|273|1000|0,random-32-32-20|50|273|1000|0,G5.36_real_no_regression_replay,4,,0,False,False,False,False,False
G5.36_real_no_regression_replay|random-32-32-20|50|273|1000|1,random-32-32-20|50|273|1000|1,G5.36_real_no_regression_replay,4,,0,False,False,False,False,False
G5.36_real_no_regression_replay|random-32-32-20|50|273|1000|final,random-32-32-20|50|273|1000|final,G5.36_real_no_regression_replay,4,,0,False,False,False,False,False
G5.36_real_no_regression_replay|random-32-32-20|50|274|2000|0,random-32-32-20|50|274|2000|0,G5.36_real_no_regression_replay,5,,0,False,False,False,False,False
G5.36_real_no_regression_replay|random-32-32-20|50|274|2000|1,random-32-32-20|50|274|2000|1,G5.36_real_no_regression_replay,5,repair5g59_high_beta_cap_safe|repair5g59_static_flow_shield|repair5g59_wait_conservative,3,False,False,False,False,False
G5.36_real_no_regression_replay|random-32-32-20|50|274|2000|final,random-32-32-20|50|274|2000|final,G5.36_real_no_regression_replay,5,repair5g59_static_flow_shield|repair5g59_wait_conservative,2,False,False,False,False,False
G5.36_real_no_regression_replay|random-32-32-20|50|275|1000|0,random-32-32-20|50|275|1000|0,G5.36_real_no_regression_replay,4,,0,False,False,False,False,False
G5.36_real_no_regression_replay|random-32-32-20|50|275|1000|1,random-32-32-20|50|275|1000|1,G5.36_real_no_regression_replay,4,,0,False,False,False,False,False
G5.36_real_no_regression_replay|random-32-32-20|50|275|1000|final,random-32-32-20|50|275|1000|final,G5.36_real_no_regression_replay,4,,0,False,False,False,False,False
G5.36_real_no_regression_replay|random-32-32-20|50|276|2000|0,random-32-32-20|50|276|2000|0,G5.36_real_no_regression_replay,5,,0,False,False,False,False,False
G5.36_real_no_regression_replay|random-32-32-20|50|276|2000|1,random-32-32-20|50|276|2000|1,G5.36_real_no_regression_replay,5,repair5g59_wait_aggressive|repair5g59_wait_conservative,2,False,False,False,False,False
G5.36_real_no_regression_replay|random-32-32-20|50|276|2000|final,random-32-32-20|50|276|2000|final,G5.36_real_no_regression_replay,5,repair5g59_wait_aggressive,1,False,False,False,False,False
G5.36_real_no_regression_replay|random-32-32-20|50|277|1000|0,random-32-32-20|50|277|1000|0,G5.36_real_no_regression_replay,4,,0,False,False,False,False,False
G5.36_real_no_regression_replay|random-32-32-20|50|277|1000|1,random-32-32-20|50|277|1000|1,G5.36_real_no_regression_replay,4,,0,False,False,False,False,False
G5.36_real_no_regression_replay|random-32-32-20|50|277|1000|final,random-32-32-20|50|277|1000|final,G5.36_real_no_regression_replay,4,,0,False,False,False,False,False
G5.36_real_no_regression_replay|random-32-32-20|50|278|2000|0,random-32-32-20|50|278|2000|0,G5.36_real_no_regression_replay,5,,0,False,False,False,False,False
G5.36_real_no_regression_replay|random-32-32-20|50|278|2000|1,random-32-32-20|50|278|2000|1,G5.36_real_no_regression_replay,5,repair5g59_high_beta_cap_safe|repair5g59_wait_aggressive,2,False,False,False,False,False
G5.36_real_no_regression_replay|random-32-32-20|50|278|2000|final,random-32-32-20|50|278|2000|final,G5.36_real_no_regression_replay,5,,0,False,False,False,False,False
G5.36_real_no_regression_replay|random-32-32-20|50|279|1000|0,random-32-32-20|50|279|1000|0,G5.36_real_no_regression_replay,4,,0,False,False,False,False,False
G5.36_real_no_regression_replay|random-32-32-20|50|279|1000|1,random-32-32-20|50|279|1000|1,G5.36_real_no_regression_replay,4,,0,False,False,False,False,False
G5.36_real_no_regression_replay|random-32-32-20|50|279|1000|final,random-32-32-20|50|279|1000|final,G5.36_real_no_regression_replay,4,,0,False,False,False,False,False
G5.36_real_no_regression_replay|random-32-32-20|50|280|2000|0,random-32-32-20|50|280|2000|0,G5.36_real_no_regression_replay,5,,0,False,False,False,False,False
G5.36_real_no_regression_replay|random-32-32-20|50|280|2000|1,random-32-32-20|50|280|2000|1,G5.36_real_no_regression_replay,5,repair5g59_high_beta_cap_safe|repair5g59_wait_aggressive,2,False,False,False,False,False
G5.36_real_no_regression_replay|random-32-32-20|50|280|2000|final,random-32-32-20|50|280|2000|final,G5.36_real_no_regression_replay,5,repair5g59_high_beta_cap_safe|repair5g59_wait_aggressive,2,False,False,False,False,False
G5.36_real_no_regression_replay|random-32-32-20|50|281|1000|0,random-32-32-20|50|281|1000|0,G5.36_real_no_regression_replay,4,,0,False,False,False,False,False
G5.36_real_no_regression_replay|random-32-32-20|50|281|1000|1,random-32-32-20|50|281|1000|1,G5.36_real_no_regression_replay,3,,0,False,False,False,False,False
G5.36_real_no_regression_replay|random-32-32-20|50|281|1000|final,random-32-32-20|50|281|1000|final,G5.36_real_no_regression_replay,4,,0,False,False,False,False,False
G5.36_real_no_regression_replay|random-32-32-20|50|282|2000|0,random-32-32-20|50|282|2000|0,G5.36_real_no_regression_replay,5,,0,False,False,False,False,False
G5.36_real_no_regression_replay|random-32-32-20|50|282|2000|1,random-32-32-20|50|282|2000|1,G5.36_real_no_regression_replay,5,repair5g59_high_beta_cap_safe|repair5g59_wait_aggressive|repair5g59_wait_conservative,3,False,False,False,False,False
G5.36_real_no_regression_replay|random-32-32-20|50|282|2000|final,random-32-32-20|50|282|2000|final,G5.36_real_no_regression_replay,5,repair5g59_high_beta_cap_safe,1,False,False,False,False,False
G5.36_real_no_regression_replay|random-32-32-20|50|283|1000|0,random-32-32-20|50|283|1000|0,G5.36_real_no_regression_replay,4,,0,False,False,False,False,False
G5.36_real_no_regression_replay|random-32-32-20|50|283|1000|1,random-32-32-20|50|283|1000|1,G5.36_real_no_regression_replay,4,,0,False,False,False,False,False
G5.36_real_no_regression_replay|random-32-32-20|50|283|1000|final,random-32-32-20|50|283|1000|final,G5.36_real_no_regression_replay,4,,0,False,False,False,False,False
G5.36_real_no_regression_replay|random-32-32-20|50|284|2000|0,random-32-32-20|50|284|2000|0,G5.36_real_no_regression_replay,5,,0,False,False,False,False,False
G5.36_real_no_regression_replay|random-32-32-20|50|284|2000|1,random-32-32-20|50|284|2000|1,G5.36_real_no_regression_replay,5,repair5g59_high_beta_cap_safe|repair5g59_static_flow_shield,2,False,False,False,False,False
G5.36_real_no_regression_replay|random-32-32-20|50|284|2000|final,random-32-32-20|50|284|2000|final,G5.36_real_no_regression_replay,5,,0,False,False,False,False,False
G5.36_real_no_regression_replay|random-32-32-20|50|285|1000|0,random-32-32-20|50|285|1000|0,G5.36_real_no_regression_replay,4,,0,False,False,False,False,False
G5.36_real_no_regression_replay|random-32-32-20|50|285|1000|1,random-32-32-20|50|285|1000|1,G5.36_real_no_regression_replay,4,,0,False,False,False,False,False
G5.36_real_no_regression_replay|random-32-32-20|50|285|1000|final,random-32-32-20|50|285|1000|final,G5.36_real_no_regression_replay,4,,0,False,False,False,False,False
G5.36_real_no_regression_replay|warehouse-10-20-10-2-1|100|254|1000|0,warehouse-10-20-10-2-1|100|254|1000|0,G5.36_real_no_regression_replay,4,,0,False,False,False,False,False
G5.36_real_no_regression_replay|warehouse-10-20-10-2-1|100|254|1000|final,warehouse-10-20-10-2-1|100|254|1000|final,G5.36_real_no_regression_replay,4,,0,False,False,False,False,False
G5.36_real_no_regression_replay|warehouse-10-20-10-2-1|100|255|2000|0,warehouse-10-20-10-2-1|100|255|2000|0,G5.36_real_no_regression_replay,5,,0,False,False,False,False,False
G5.36_real_no_regression_replay|warehouse-10-20-10-2-1|100|255|2000|final,warehouse-10-20-10-2-1|100|255|2000|final,G5.36_real_no_regression_replay,5,,0,False,False,False,False,False
G5.36_real_no_regression_replay|warehouse-10-20-10-2-1|100|256|1000|0,warehouse-10-20-10-2-1|100|256|1000|0,G5.36_real_no_regression_replay,4,,0,False,False,False,False,False
G5.36_real_no_regression_replay|warehouse-10-20-10-2-1|100|256|1000|final,warehouse-10-20-10-2-1|100|256|1000|final,G5.36_real_no_regression_replay,4,,0,False,False,False,False,False
G5.36_real_no_regression_replay|warehouse-10-20-10-2-1|100|257|2000|0,warehouse-10-20-10-2-1|100|257|2000|0,G5.36_real_no_regression_replay,5,,0,False,False,False,False,False
G5.36_real_no_regression_replay|warehouse-10-20-10-2-1|100|257|2000|final,warehouse-10-20-10-2-1|100|257|2000|final,G5.36_real_no_regression_replay,5,,0,False,False,False,False,False
G5.36_real_no_regression_replay|warehouse-10-20-10-2-1|100|258|1000|0,warehouse-10-20-10-2-1|100|258|1000|0,G5.36_real_no_regression_replay,4,,0,False,False,False,False,False
G5.36_real_no_regression_replay|warehouse-10-20-10-2-1|100|258|1000|final,warehouse-10-20-10-2-1|100|258|1000|final,G5.36_real_no_regression_replay,4,,0,False,False,False,False,False
G5.36_real_no_regression_replay|warehouse-10-20-10-2-1|100|259|2000|0,warehouse-10-20-10-2-1|100|259|2000|0,G5.36_real_no_regression_replay,5,,0,False,False,False,False,False
G5.36_real_no_regression_replay|warehouse-10-20-10-2-1|100|259|2000|final,warehouse-10-20-10-2-1|100|259|2000|final,G5.36_real_no_regression_replay,5,,0,False,False,False,False,False
G5.36_real_no_regression_replay|warehouse-10-20-10-2-1|100|260|1000|0,warehouse-10-20-10-2-1|100|260|1000|0,G5.36_real_no_regression_replay,4,,0,False,False,False,False,False
G5.36_real_no_regression_replay|warehouse-10-20-10-2-1|100|260|1000|final,warehouse-10-20-10-2-1|100|260|1000|final,G5.36_real_no_regression_replay,4,,0,False,False,False,False,False
G5.36_real_no_regression_replay|warehouse-10-20-10-2-1|100|261|2000|0,warehouse-10-20-10-2-1|100|261|2000|0,G5.36_real_no_regression_replay,5,,0,False,False,False,False,False
G5.36_real_no_regression_replay|warehouse-10-20-10-2-1|100|261|2000|final,warehouse-10-20-10-2-1|100|261|2000|final,G5.36_real_no_regression_replay,5,,0,False,False,False,False,False
G5.36_real_no_regression_replay|warehouse-10-20-10-2-1|100|262|1000|0,warehouse-10-20-10-2-1|100|262|1000|0,G5.36_real_no_regression_replay,4,,0,False,False,False,False,False
G5.36_real_no_regression_replay|warehouse-10-20-10-2-1|100|262|1000|final,warehouse-10-20-10-2-1|100|262|1000|final,G5.36_real_no_regression_replay,4,,0,False,False,False,False,False
G5.36_real_no_regression_replay|warehouse-10-20-10-2-1|100|263|2000|0,warehouse-10-20-10-2-1|100|263|2000|0,G5.36_real_no_regression_replay,5,,0,False,False,False,False,False
G5.36_real_no_regression_replay|warehouse-10-20-10-2-1|100|263|2000|final,warehouse-10-20-10-2-1|100|263|2000|final,G5.36_real_no_regression_replay,5,,0,False,False,False,False,False
G5.36_real_no_regression_replay|warehouse-10-20-10-2-1|100|264|1000|0,warehouse-10-20-10-2-1|100|264|1000|0,G5.36_real_no_regression_replay,4,,0,False,False,False,False,False
G5.36_real_no_regression_replay|warehouse-10-20-10-2-1|100|264|1000|final,warehouse-10-20-10-2-1|100|264|1000|final,G5.36_real_no_regression_replay,4,,0,False,False,False,False,False
G5.36_real_no_regression_replay|warehouse-10-20-10-2-1|100|265|2000|0,warehouse-10-20-10-2-1|100|265|2000|0,G5.36_real_no_regression_replay,5,,0,False,False,False,False,False
G5.36_real_no_regression_replay|warehouse-10-20-10-2-1|100|265|2000|final,warehouse-10-20-10-2-1|100|265|2000|final,G5.36_real_no_regression_replay,5,,0,False,False,False,False,False
G5.36_real_no_regression_replay|warehouse-10-20-10-2-1|100|266|1000|0,warehouse-10-20-10-2-1|100|266|1000|0,G5.36_real_no_regression_replay,4,,0,False,False,False,False,False
G5.36_real_no_regression_replay|warehouse-10-20-10-2-1|100|266|1000|final,warehouse-10-20-10-2-1|100|266|1000|final,G5.36_real_no_regression_replay,4,,0,False,False,False,False,False
G5.36_real_no_regression_replay|warehouse-10-20-10-2-1|100|267|2000|0,warehouse-10-20-10-2-1|100|267|2000|0,G5.36_real_no_regression_replay,5,,0,False,False,False,False,False
G5.36_real_no_regression_replay|warehouse-10-20-10-2-1|100|267|2000|final,warehouse-10-20-10-2-1|100|267|2000|final,G5.36_real_no_regression_replay,5,,0,False,False,False,False,False
G5.36_real_no_regression_replay|warehouse-10-20-10-2-1|100|268|1000|0,warehouse-10-20-10-2-1|100|268|1000|0,G5.36_real_no_regression_replay,4,,0,False,False,False,False,False
G5.36_real_no_regression_replay|warehouse-10-20-10-2-1|100|268|1000|final,warehouse-10-20-10-2-1|100|268|1000|final,G5.36_real_no_regression_replay,4,,0,False,False,False,False,False
G5.36_real_no_regression_replay|warehouse-10-20-10-2-1|100|269|2000|0,warehouse-10-20-10-2-1|100|269|2000|0,G5.36_real_no_regression_replay,5,,0,False,False,False,False,False
G5.36_real_no_regression_replay|warehouse-10-20-10-2-1|100|269|2000|final,warehouse-10-20-10-2-1|100|269|2000|final,G5.36_real_no_regression_replay,5,,0,False,False,False,False,False
G5.36_real_no_regression_replay|warehouse-10-20-10-2-1|100|270|1000|0,warehouse-10-20-10-2-1|100|270|1000|0,G5.36_real_no_regression_replay,4,,0,False,False,False,False,False
G5.36_real_no_regression_replay|warehouse-10-20-10-2-1|100|270|1000|final,warehouse-10-20-10-2-1|100|270|1000|final,G5.36_real_no_regression_replay,4,,0,False,False,False,False,False
G5.36_real_no_regression_replay|warehouse-10-20-10-2-1|100|271|2000|0,warehouse-10-20-10-2-1|100|271|2000|0,G5.36_real_no_regression_replay,5,,0,False,False,False,False,False
G5.36_real_no_regression_replay|warehouse-10-20-10-2-1|100|271|2000|final,warehouse-10-20-10-2-1|100|271|2000|final,G5.36_real_no_regression_replay,5,,0,False,False,False,False,False
G5.36_real_no_regression_replay|warehouse-10-20-10-2-1|100|272|1000|0,warehouse-10-20-10-2-1|100|272|1000|0,G5.36_real_no_regression_replay,4,,0,False,False,False,False,False
G5.36_real_no_regression_replay|warehouse-10-20-10-2-1|100|272|1000|final,warehouse-10-20-10-2-1|100|272|1000|final,G5.36_real_no_regression_replay,4,,0,False,False,False,False,False
G5.36_real_no_regression_replay|warehouse-10-20-10-2-1|100|273|2000|0,warehouse-10-20-10-2-1|100|273|2000|0,G5.36_real_no_regression_replay,5,,0,False,False,False,False,False
G5.36_real_no_regression_replay|warehouse-10-20-10-2-1|100|273|2000|final,warehouse-10-20-10-2-1|100|273|2000|final,G5.36_real_no_regression_replay,5,,0,False,False,False,False,False
G5.36_real_no_regression_replay|warehouse-10-20-10-2-1|100|274|1000|0,warehouse-10-20-10-2-1|100|274|1000|0,G5.36_real_no_regression_replay,4,,0,False,False,False,False,False
G5.36_real_no_regression_replay|warehouse-10-20-10-2-1|100|274|1000|final,warehouse-10-20-10-2-1|100|274|1000|final,G5.36_real_no_regression_replay,4,,0,False,False,False,False,False
G5.36_real_no_regression_replay|warehouse-10-20-10-2-1|100|275|2000|0,warehouse-10-20-10-2-1|100|275|2000|0,G5.36_real_no_regression_replay,5,,0,False,False,False,False,False
G5.36_real_no_regression_replay|warehouse-10-20-10-2-1|100|275|2000|final,warehouse-10-20-10-2-1|100|275|2000|final,G5.36_real_no_regression_replay,5,,0,False,False,False,False,False
G5.36_real_no_regression_replay|warehouse-10-20-10-2-1|100|276|1000|0,warehouse-10-20-10-2-1|100|276|1000|0,G5.36_real_no_regression_replay,4,,0,False,False,False,False,False
G5.36_real_no_regression_replay|warehouse-10-20-10-2-1|100|276|1000|final,warehouse-10-20-10-2-1|100|276|1000|final,G5.36_real_no_regression_replay,4,,0,False,False,False,False,False
G5.36_real_no_regression_replay|warehouse-10-20-10-2-1|100|277|2000|0,warehouse-10-20-10-2-1|100|277|2000|0,G5.36_real_no_regression_replay,5,,0,False,False,False,False,False
G5.36_real_no_regression_replay|warehouse-10-20-10-2-1|100|277|2000|final,warehouse-10-20-10-2-1|100|277|2000|final,G5.36_real_no_regression_replay,5,,0,False,False,False,False,False
G5.36_real_no_regression_replay|warehouse-10-20-10-2-1|100|278|1000|0,warehouse-10-20-10-2-1|100|278|1000|0,G5.36_real_no_regression_replay,4,,0,False,False,False,False,False
G5.36_real_no_regression_replay|warehouse-10-20-10-2-1|100|278|1000|final,warehouse-10-20-10-2-1|100|278|1000|final,G5.36_real_no_regression_replay,4,,0,False,False,False,False,False
G5.36_real_no_regression_replay|warehouse-10-20-10-2-1|100|279|2000|0,warehouse-10-20-10-2-1|100|279|2000|0,G5.36_real_no_regression_replay,5,,0,False,False,False,False,False
G5.36_real_no_regression_replay|warehouse-10-20-10-2-1|100|279|2000|final,warehouse-10-20-10-2-1|100|279|2000|final,G5.36_real_no_regression_replay,5,,0,False,False,False,False,False
G5.36_real_no_regression_replay|warehouse-10-20-10-2-1|100|280|1000|0,warehouse-10-20-10-2-1|100|280|1000|0,G5.36_real_no_regression_replay,4,,0,False,False,False,False,False
G5.36_real_no_regression_replay|warehouse-10-20-10-2-1|100|280|1000|final,warehouse-10-20-10-2-1|100|280|1000|final,G5.36_real_no_regression_replay,4,,0,False,False,False,False,False
G5.36_real_no_regression_replay|warehouse-10-20-10-2-1|100|281|2000|0,warehouse-10-20-10-2-1|100|281|2000|0,G5.36_real_no_regression_replay,5,,0,False,False,False,False,False
G5.36_real_no_regression_replay|warehouse-10-20-10-2-1|100|281|2000|final,warehouse-10-20-10-2-1|100|281|2000|final,G5.36_real_no_regression_replay,5,,0,False,False,False,False,False
G5.36_real_no_regression_replay|warehouse-10-20-10-2-1|100|282|1000|0,warehouse-10-20-10-2-1|100|282|1000|0,G5.36_real_no_regression_replay,4,,0,False,False,False,False,False
G5.36_real_no_regression_replay|warehouse-10-20-10-2-1|100|282|1000|final,warehouse-10-20-10-2-1|100|282|1000|final,G5.36_real_no_regression_replay,4,,0,False,False,False,False,False
G5.36_real_no_regression_replay|warehouse-10-20-10-2-1|100|283|2000|0,warehouse-10-20-10-2-1|100|283|2000|0,G5.36_real_no_regression_replay,5,,0,False,False,False,False,False
G5.36_real_no_regression_replay|warehouse-10-20-10-2-1|100|283|2000|final,warehouse-10-20-10-2-1|100|283|2000|final,G5.36_real_no_regression_replay,5,,0,False,False,False,False,False
G5.36_real_no_regression_replay|warehouse-10-20-10-2-1|100|284|1000|0,warehouse-10-20-10-2-1|100|284|1000|0,G5.36_real_no_regression_replay,4,,0,False,False,False,False,False
G5.36_real_no_regression_replay|warehouse-10-20-10-2-1|100|284|1000|final,warehouse-10-20-10-2-1|100|284|1000|final,G5.36_real_no_regression_replay,4,,0,False,False,False,False,False
G5.36_real_no_regression_replay|warehouse-10-20-10-2-1|100|285|2000|0,warehouse-10-20-10-2-1|100|285|2000|0,G5.36_real_no_regression_replay,5,,0,False,False,False,False,False
G5.36_real_no_regression_replay|warehouse-10-20-10-2-1|100|285|2000|final,warehouse-10-20-10-2-1|100|285|2000|final,G5.36_real_no_regression_replay,5,,0,False,False,False,False,False
G5.36_real_no_regression_replay|warehouse-10-20-10-2-1|50|214|2000|0,warehouse-10-20-10-2-1|50|214|2000|0,G5.36_real_no_regression_replay,4,,0,False,False,False,False,False
G5.36_real_no_regression_replay|warehouse-10-20-10-2-1|50|214|2000|final,warehouse-10-20-10-2-1|50|214|2000|final,G5.36_real_no_regression_replay,4,,0,False,False,False,False,False
G5.36_real_no_regression_replay|warehouse-10-20-10-2-1|50|217|2000|0,warehouse-10-20-10-2-1|50|217|2000|0,G5.36_real_no_regression_replay,4,,0,False,False,False,False,False
G5.36_real_no_regression_replay|warehouse-10-20-10-2-1|50|217|2000|final,warehouse-10-20-10-2-1|50|217|2000|final,G5.36_real_no_regression_replay,4,,0,False,False,False,False,False
G5.36_real_no_regression_replay|warehouse-10-20-10-2-1|50|252|2000|0,warehouse-10-20-10-2-1|50|252|2000|0,G5.36_real_no_regression_replay,4,,0,False,False,False,False,False
G5.36_real_no_regression_replay|warehouse-10-20-10-2-1|50|252|2000|final,warehouse-10-20-10-2-1|50|252|2000|final,G5.36_real_no_regression_replay,4,,0,False,False,False,False,False
G5.36_real_no_regression_replay|warehouse-10-20-10-2-1|50|254|1000|0,warehouse-10-20-10-2-1|50|254|1000|0,G5.36_real_no_regression_replay,4,,0,False,False,False,False,False
G5.36_real_no_regression_replay|warehouse-10-20-10-2-1|50|254|1000|final,warehouse-10-20-10-2-1|50|254|1000|final,G5.36_real_no_regression_replay,4,,0,False,False,False,False,False
G5.36_real_no_regression_replay|warehouse-10-20-10-2-1|50|255|2000|0,warehouse-10-20-10-2-1|50|255|2000|0,G5.36_real_no_regression_replay,5,,0,False,False,False,False,False
G5.36_real_no_regression_replay|warehouse-10-20-10-2-1|50|255|2000|final,warehouse-10-20-10-2-1|50|255|2000|final,G5.36_real_no_regression_replay,5,,0,False,False,False,False,False
G5.36_real_no_regression_replay|warehouse-10-20-10-2-1|50|256|1000|0,warehouse-10-20-10-2-1|50|256|1000|0,G5.36_real_no_regression_replay,4,,0,False,False,False,False,False
G5.36_real_no_regression_replay|warehouse-10-20-10-2-1|50|256|1000|final,warehouse-10-20-10-2-1|50|256|1000|final,G5.36_real_no_regression_replay,4,,0,False,False,False,False,False
G5.36_real_no_regression_replay|warehouse-10-20-10-2-1|50|257|2000|0,warehouse-10-20-10-2-1|50|257|2000|0,G5.36_real_no_regression_replay,5,,0,False,False,False,False,False
G5.36_real_no_regression_replay|warehouse-10-20-10-2-1|50|257|2000|final,warehouse-10-20-10-2-1|50|257|2000|final,G5.36_real_no_regression_replay,5,,0,False,False,False,False,False
G5.36_real_no_regression_replay|warehouse-10-20-10-2-1|50|258|1000|0,warehouse-10-20-10-2-1|50|258|1000|0,G5.36_real_no_regression_replay,4,,0,False,False,False,False,False
G5.36_real_no_regression_replay|warehouse-10-20-10-2-1|50|258|1000|final,warehouse-10-20-10-2-1|50|258|1000|final,G5.36_real_no_regression_replay,4,,0,False,False,False,False,False
G5.36_real_no_regression_replay|warehouse-10-20-10-2-1|50|259|2000|0,warehouse-10-20-10-2-1|50|259|2000|0,G5.36_real_no_regression_replay,5,,0,False,False,False,False,False
G5.36_real_no_regression_replay|warehouse-10-20-10-2-1|50|259|2000|final,warehouse-10-20-10-2-1|50|259|2000|final,G5.36_real_no_regression_replay,5,,0,False,False,False,False,False
G5.36_real_no_regression_replay|warehouse-10-20-10-2-1|50|260|1000|0,warehouse-10-20-10-2-1|50|260|1000|0,G5.36_real_no_regression_replay,4,,0,False,False,False,False,False
G5.36_real_no_regression_replay|warehouse-10-20-10-2-1|50|260|1000|final,warehouse-10-20-10-2-1|50|260|1000|final,G5.36_real_no_regression_replay,4,,0,False,False,False,False,False
G5.36_real_no_regression_replay|warehouse-10-20-10-2-1|50|261|2000|0,warehouse-10-20-10-2-1|50|261|2000|0,G5.36_real_no_regression_replay,5,,0,False,False,False,False,False
G5.36_real_no_regression_replay|warehouse-10-20-10-2-1|50|261|2000|final,warehouse-10-20-10-2-1|50|261|2000|final,G5.36_real_no_regression_replay,5,,0,False,False,False,False,False
G5.36_real_no_regression_replay|warehouse-10-20-10-2-1|50|262|1000|0,warehouse-10-20-10-2-1|50|262|1000|0,G5.36_real_no_regression_replay,4,,0,False,False,False,False,False
G5.36_real_no_regression_replay|warehouse-10-20-10-2-1|50|262|1000|final,warehouse-10-20-10-2-1|50|262|1000|final,G5.36_real_no_regression_replay,4,,0,False,False,False,False,False
G5.36_real_no_regression_replay|warehouse-10-20-10-2-1|50|263|2000|0,warehouse-10-20-10-2-1|50|263|2000|0,G5.36_real_no_regression_replay,5,,0,False,False,False,False,False
G5.36_real_no_regression_replay|warehouse-10-20-10-2-1|50|263|2000|final,warehouse-10-20-10-2-1|50|263|2000|final,G5.36_real_no_regression_replay,5,,0,False,False,False,False,False
G5.36_real_no_regression_replay|warehouse-10-20-10-2-1|50|264|1000|0,warehouse-10-20-10-2-1|50|264|1000|0,G5.36_real_no_regression_replay,4,,0,False,False,False,False,False
G5.36_real_no_regression_replay|warehouse-10-20-10-2-1|50|264|1000|final,warehouse-10-20-10-2-1|50|264|1000|final,G5.36_real_no_regression_replay,4,,0,False,False,False,False,False
G5.36_real_no_regression_replay|warehouse-10-20-10-2-1|50|265|2000|0,warehouse-10-20-10-2-1|50|265|2000|0,G5.36_real_no_regression_replay,5,,0,False,False,False,False,False
G5.36_real_no_regression_replay|warehouse-10-20-10-2-1|50|265|2000|final,warehouse-10-20-10-2-1|50|265|2000|final,G5.36_real_no_regression_replay,5,,0,False,False,False,False,False
G5.36_real_no_regression_replay|warehouse-10-20-10-2-1|50|266|1000|0,warehouse-10-20-10-2-1|50|266|1000|0,G5.36_real_no_regression_replay,4,,0,False,False,False,False,False
G5.36_real_no_regression_replay|warehouse-10-20-10-2-1|50|266|1000|final,warehouse-10-20-10-2-1|50|266|1000|final,G5.36_real_no_regression_replay,4,,0,False,False,False,False,False
G5.36_real_no_regression_replay|warehouse-10-20-10-2-1|50|267|2000|0,warehouse-10-20-10-2-1|50|267|2000|0,G5.36_real_no_regression_replay,5,,0,False,False,False,False,False
G5.36_real_no_regression_replay|warehouse-10-20-10-2-1|50|267|2000|final,warehouse-10-20-10-2-1|50|267|2000|final,G5.36_real_no_regression_replay,5,,0,False,False,False,False,False
G5.36_real_no_regression_replay|warehouse-10-20-10-2-1|50|268|1000|0,warehouse-10-20-10-2-1|50|268|1000|0,G5.36_real_no_regression_replay,4,,0,False,False,False,False,False
G5.36_real_no_regression_replay|warehouse-10-20-10-2-1|50|268|1000|final,warehouse-10-20-10-2-1|50|268|1000|final,G5.36_real_no_regression_replay,4,,0,False,False,False,False,False
G5.36_real_no_regression_replay|warehouse-10-20-10-2-1|50|269|2000|0,warehouse-10-20-10-2-1|50|269|2000|0,G5.36_real_no_regression_replay,5,,0,False,False,False,False,False
G5.36_real_no_regression_replay|warehouse-10-20-10-2-1|50|269|2000|final,warehouse-10-20-10-2-1|50|269|2000|final,G5.36_real_no_regression_replay,5,,0,False,False,False,False,False
G5.36_real_no_regression_replay|warehouse-10-20-10-2-1|50|270|1000|0,warehouse-10-20-10-2-1|50|270|1000|0,G5.36_real_no_regression_replay,4,,0,False,False,False,False,False
G5.36_real_no_regression_replay|warehouse-10-20-10-2-1|50|270|1000|final,warehouse-10-20-10-2-1|50|270|1000|final,G5.36_real_no_regression_replay,4,,0,False,False,False,False,False
G5.36_real_no_regression_replay|warehouse-10-20-10-2-1|50|271|2000|0,warehouse-10-20-10-2-1|50|271|2000|0,G5.36_real_no_regression_replay,5,,0,False,False,False,False,False
G5.36_real_no_regression_replay|warehouse-10-20-10-2-1|50|271|2000|final,warehouse-10-20-10-2-1|50|271|2000|final,G5.36_real_no_regression_replay,5,,0,False,False,False,False,False
G5.36_real_no_regression_replay|warehouse-10-20-10-2-1|50|272|1000|0,warehouse-10-20-10-2-1|50|272|1000|0,G5.36_real_no_regression_replay,4,,0,False,False,False,False,False
G5.36_real_no_regression_replay|warehouse-10-20-10-2-1|50|272|1000|final,warehouse-10-20-10-2-1|50|272|1000|final,G5.36_real_no_regression_replay,4,,0,False,False,False,False,False
G5.36_real_no_regression_replay|warehouse-10-20-10-2-1|50|273|2000|0,warehouse-10-20-10-2-1|50|273|2000|0,G5.36_real_no_regression_replay,5,,0,False,False,False,False,False
G5.36_real_no_regression_replay|warehouse-10-20-10-2-1|50|273|2000|final,warehouse-10-20-10-2-1|50|273|2000|final,G5.36_real_no_regression_replay,5,,0,False,False,False,False,False
G5.36_real_no_regression_replay|warehouse-10-20-10-2-1|50|274|1000|0,warehouse-10-20-10-2-1|50|274|1000|0,G5.36_real_no_regression_replay,4,,0,False,False,False,False,False
G5.36_real_no_regression_replay|warehouse-10-20-10-2-1|50|274|1000|final,warehouse-10-20-10-2-1|50|274|1000|final,G5.36_real_no_regression_replay,4,,0,False,False,False,False,False
G5.36_real_no_regression_replay|warehouse-10-20-10-2-1|50|275|2000|0,warehouse-10-20-10-2-1|50|275|2000|0,G5.36_real_no_regression_replay,5,,0,False,False,False,False,False
G5.36_real_no_regression_replay|warehouse-10-20-10-2-1|50|275|2000|final,warehouse-10-20-10-2-1|50|275|2000|final,G5.36_real_no_regression_replay,5,,0,False,False,False,False,False
G5.36_real_no_regression_replay|warehouse-10-20-10-2-1|50|276|1000|0,warehouse-10-20-10-2-1|50|276|1000|0,G5.36_real_no_regression_replay,4,,0,False,False,False,False,False
G5.36_real_no_regression_replay|warehouse-10-20-10-2-1|50|276|1000|final,warehouse-10-20-10-2-1|50|276|1000|final,G5.36_real_no_regression_replay,4,,0,False,False,False,False,False
G5.36_real_no_regression_replay|warehouse-10-20-10-2-1|50|277|2000|0,warehouse-10-20-10-2-1|50|277|2000|0,G5.36_real_no_regression_replay,5,,0,False,False,False,False,False
G5.36_real_no_regression_replay|warehouse-10-20-10-2-1|50|277|2000|final,warehouse-10-20-10-2-1|50|277|2000|final,G5.36_real_no_regression_replay,5,,0,False,False,False,False,False
G5.36_real_no_regression_replay|warehouse-10-20-10-2-1|50|278|1000|0,warehouse-10-20-10-2-1|50|278|1000|0,G5.36_real_no_regression_replay,4,,0,False,False,False,False,False
G5.36_real_no_regression_replay|warehouse-10-20-10-2-1|50|278|1000|final,warehouse-10-20-10-2-1|50|278|1000|final,G5.36_real_no_regression_replay,4,,0,False,False,False,False,False
G5.36_real_no_regression_replay|warehouse-10-20-10-2-1|50|279|2000|0,warehouse-10-20-10-2-1|50|279|2000|0,G5.36_real_no_regression_replay,5,,0,False,False,False,False,False
G5.36_real_no_regression_replay|warehouse-10-20-10-2-1|50|279|2000|final,warehouse-10-20-10-2-1|50|279|2000|final,G5.36_real_no_regression_replay,5,,0,False,False,False,False,False
G5.36_real_no_regression_replay|warehouse-10-20-10-2-1|50|280|1000|0,warehouse-10-20-10-2-1|50|280|1000|0,G5.36_real_no_regression_replay,4,,0,False,False,False,False,False
G5.36_real_no_regression_replay|warehouse-10-20-10-2-1|50|280|1000|final,warehouse-10-20-10-2-1|50|280|1000|final,G5.36_real_no_regression_replay,4,,0,False,False,False,False,False
G5.36_real_no_regression_replay|warehouse-10-20-10-2-1|50|281|2000|0,warehouse-10-20-10-2-1|50|281|2000|0,G5.36_real_no_regression_replay,5,,0,False,False,False,False,False
G5.36_real_no_regression_replay|warehouse-10-20-10-2-1|50|281|2000|final,warehouse-10-20-10-2-1|50|281|2000|final,G5.36_real_no_regression_replay,5,,0,False,False,False,False,False
G5.36_real_no_regression_replay|warehouse-10-20-10-2-1|50|282|1000|0,warehouse-10-20-10-2-1|50|282|1000|0,G5.36_real_no_regression_replay,4,,0,False,False,False,False,False
G5.36_real_no_regression_replay|warehouse-10-20-10-2-1|50|282|1000|final,warehouse-10-20-10-2-1|50|282|1000|final,G5.36_real_no_regression_replay,4,,0,False,False,False,False,False
G5.36_real_no_regression_replay|warehouse-10-20-10-2-1|50|283|2000|0,warehouse-10-20-10-2-1|50|283|2000|0,G5.36_real_no_regression_replay,5,,0,False,False,False,False,False
G5.36_real_no_regression_replay|warehouse-10-20-10-2-1|50|283|2000|final,warehouse-10-20-10-2-1|50|283|2000|final,G5.36_real_no_regression_replay,5,,0,False,False,False,False,False
G5.36_real_no_regression_replay|warehouse-10-20-10-2-1|50|284|1000|0,warehouse-10-20-10-2-1|50|284|1000|0,G5.36_real_no_regression_replay,4,,0,False,False,False,False,False
G5.36_real_no_regression_replay|warehouse-10-20-10-2-1|50|284|1000|final,warehouse-10-20-10-2-1|50|284|1000|final,G5.36_real_no_regression_replay,4,,0,False,False,False,False,False
G5.36_real_no_regression_replay|warehouse-10-20-10-2-1|50|285|2000|0,warehouse-10-20-10-2-1|50|285|2000|0,G5.36_real_no_regression_replay,5,,0,False,False,False,False,False
G5.36_real_no_regression_replay|warehouse-10-20-10-2-1|50|285|2000|final,warehouse-10-20-10-2-1|50|285|2000|final,G5.36_real_no_regression_replay,5,,0,False,False,False,False,False
G5.37_static_relative_blind_replay|maze-32-32-4|100|287|1000|0,maze-32-32-4|100|287|1000|0,G5.37_static_relative_blind_replay,4,,0,False,False,False,False,False
G5.37_static_relative_blind_replay|maze-32-32-4|100|287|1000|final,maze-32-32-4|100|287|1000|final,G5.37_static_relative_blind_replay,4,,0,False,False,False,False,False
G5.37_static_relative_blind_replay|maze-32-32-4|100|287|2000|0,maze-32-32-4|100|287|2000|0,G5.37_static_relative_blind_replay,5,,0,False,False,False,False,False
G5.37_static_relative_blind_replay|maze-32-32-4|100|287|2000|final,maze-32-32-4|100|287|2000|final,G5.37_static_relative_blind_replay,5,,0,False,False,False,False,False
G5.37_static_relative_blind_replay|maze-32-32-4|100|288|2000|0,maze-32-32-4|100|288|2000|0,G5.37_static_relative_blind_replay,5,,0,False,False,False,False,False
G5.37_static_relative_blind_replay|maze-32-32-4|100|288|2000|final,maze-32-32-4|100|288|2000|final,G5.37_static_relative_blind_replay,5,,0,False,False,False,False,False
G5.37_static_relative_blind_replay|maze-32-32-4|100|291|1000|0,maze-32-32-4|100|291|1000|0,G5.37_static_relative_blind_replay,4,,0,False,False,False,False,False
G5.37_static_relative_blind_replay|maze-32-32-4|100|291|1000|final,maze-32-32-4|100|291|1000|final,G5.37_static_relative_blind_replay,4,,0,False,False,False,False,False
G5.37_static_relative_blind_replay|maze-32-32-4|100|291|500|0,maze-32-32-4|100|291|500|0,G5.37_static_relative_blind_replay,4,,0,False,False,False,False,False
G5.37_static_relative_blind_replay|maze-32-32-4|100|291|500|final,maze-32-32-4|100|291|500|final,G5.37_static_relative_blind_replay,4,,0,False,False,False,False,False
G5.37_static_relative_blind_replay|maze-32-32-4|100|292|500|0,maze-32-32-4|100|292|500|0,G5.37_static_relative_blind_replay,4,,0,False,False,False,False,False
G5.37_static_relative_blind_replay|maze-32-32-4|100|292|500|final,maze-32-32-4|100|292|500|final,G5.37_static_relative_blind_replay,4,,0,False,False,False,False,False
G5.37_static_relative_blind_replay|maze-32-32-4|100|295|500|0,maze-32-32-4|100|295|500|0,G5.37_static_relative_blind_replay,4,,0,False,False,False,False,False
G5.37_static_relative_blind_replay|maze-32-32-4|100|295|500|final,maze-32-32-4|100|295|500|final,G5.37_static_relative_blind_replay,4,,0,False,False,False,False,False
G5.37_static_relative_blind_replay|maze-32-32-4|100|296|2000|0,maze-32-32-4|100|296|2000|0,G5.37_static_relative_blind_replay,5,,0,False,False,False,False,False
G5.37_static_relative_blind_replay|maze-32-32-4|100|296|2000|final,maze-32-32-4|100|296|2000|final,G5.37_static_relative_blind_replay,5,,0,False,False,False,False,False
G5.37_static_relative_blind_replay|maze-32-32-4|100|299|1000|0,maze-32-32-4|100|299|1000|0,G5.37_static_relative_blind_replay,4,,0,False,False,False,False,False
G5.37_static_relative_blind_replay|maze-32-32-4|100|299|1000|final,maze-32-32-4|100|299|1000|final,G5.37_static_relative_blind_replay,4,,0,False,False,False,False,False
G5.37_static_relative_blind_replay|maze-32-32-4|100|299|500|0,maze-32-32-4|100|299|500|0,G5.37_static_relative_blind_replay,4,,0,False,False,False,False,False
G5.37_static_relative_blind_replay|maze-32-32-4|100|299|500|final,maze-32-32-4|100|299|500|final,G5.37_static_relative_blind_replay,4,,0,False,False,False,False,False
G5.37_static_relative_blind_replay|maze-32-32-4|100|300|1000|0,maze-32-32-4|100|300|1000|0,G5.37_static_relative_blind_replay,4,,0,False,False,False,False,False
G5.37_static_relative_blind_replay|maze-32-32-4|100|300|1000|final,maze-32-32-4|100|300|1000|final,G5.37_static_relative_blind_replay,4,,0,False,False,False,False,False
G5.37_static_relative_blind_replay|maze-32-32-4|100|301|1000|0,maze-32-32-4|100|301|1000|0,G5.37_static_relative_blind_replay,4,,0,False,False,False,False,False
G5.37_static_relative_blind_replay|maze-32-32-4|100|301|1000|final,maze-32-32-4|100|301|1000|final,G5.37_static_relative_blind_replay,4,,0,False,False,False,False,False
G5.37_static_relative_blind_replay|maze-32-32-4|100|302|500|0,maze-32-32-4|100|302|500|0,G5.37_static_relative_blind_replay,4,,0,False,False,False,False,False
G5.37_static_relative_blind_replay|maze-32-32-4|100|302|500|final,maze-32-32-4|100|302|500|final,G5.37_static_relative_blind_replay,4,,0,False,False,False,False,False
G5.37_static_relative_blind_replay|maze-32-32-4|100|303|1000|0,maze-32-32-4|100|303|1000|0,G5.37_static_relative_blind_replay,4,,0,False,False,False,False,False
G5.37_static_relative_blind_replay|maze-32-32-4|100|303|1000|final,maze-32-32-4|100|303|1000|final,G5.37_static_relative_blind_replay,4,,0,False,False,False,False,False
G5.37_static_relative_blind_replay|maze-32-32-4|100|303|500|0,maze-32-32-4|100|303|500|0,G5.37_static_relative_blind_replay,4,,0,False,False,False,False,False
G5.37_static_relative_blind_replay|maze-32-32-4|100|303|500|final,maze-32-32-4|100|303|500|final,G5.37_static_relative_blind_replay,4,,0,False,False,False,False,False
G5.37_static_relative_blind_replay|maze-32-32-4|100|304|1000|0,maze-32-32-4|100|304|1000|0,G5.37_static_relative_blind_replay,4,,0,False,False,False,False,False
G5.37_static_relative_blind_replay|maze-32-32-4|100|304|1000|final,maze-32-32-4|100|304|1000|final,G5.37_static_relative_blind_replay,4,,0,False,False,False,False,False
G5.37_static_relative_blind_replay|maze-32-32-4|100|307|1000|0,maze-32-32-4|100|307|1000|0,G5.37_static_relative_blind_replay,4,,0,False,False,False,False,False
G5.37_static_relative_blind_replay|maze-32-32-4|100|307|1000|final,maze-32-32-4|100|307|1000|final,G5.37_static_relative_blind_replay,4,,0,False,False,False,False,False
G5.37_static_relative_blind_replay|maze-32-32-4|100|307|500|0,maze-32-32-4|100|307|500|0,G5.37_static_relative_blind_replay,4,,0,False,False,False,False,False
G5.37_static_relative_blind_replay|maze-32-32-4|100|307|500|final,maze-32-32-4|100|307|500|final,G5.37_static_relative_blind_replay,4,,0,False,False,False,False,False
G5.37_static_relative_blind_replay|maze-32-32-4|100|308|1000|0,maze-32-32-4|100|308|1000|0,G5.37_static_relative_blind_replay,4,,0,False,False,False,False,False
G5.37_static_relative_blind_replay|maze-32-32-4|100|308|1000|final,maze-32-32-4|100|308|1000|final,G5.37_static_relative_blind_replay,4,,0,False,False,False,False,False
G5.37_static_relative_blind_replay|maze-32-32-4|100|310|2000|0,maze-32-32-4|100|310|2000|0,G5.37_static_relative_blind_replay,5,,0,False,False,False,False,False
G5.37_static_relative_blind_replay|maze-32-32-4|100|310|2000|final,maze-32-32-4|100|310|2000|final,G5.37_static_relative_blind_replay,5,,0,False,False,False,False,False
G5.37_static_relative_blind_replay|maze-32-32-4|100|311|500|0,maze-32-32-4|100|311|500|0,G5.37_static_relative_blind_replay,4,,0,False,False,False,False,False
G5.37_static_relative_blind_replay|maze-32-32-4|100|311|500|final,maze-32-32-4|100|311|500|final,G5.37_static_relative_blind_replay,4,,0,False,False,False,False,False
G5.37_static_relative_blind_replay|maze-32-32-4|100|312|1000|0,maze-32-32-4|100|312|1000|0,G5.37_static_relative_blind_replay,4,,0,False,False,False,False,False
G5.37_static_relative_blind_replay|maze-32-32-4|100|312|1000|final,maze-32-32-4|100|312|1000|final,G5.37_static_relative_blind_replay,4,,0,False,False,False,False,False
G5.37_static_relative_blind_replay|maze-32-32-4|100|312|2000|0,maze-32-32-4|100|312|2000|0,G5.37_static_relative_blind_replay,5,,0,False,False,False,False,False
G5.37_static_relative_blind_replay|maze-32-32-4|100|312|2000|1,maze-32-32-4|100|312|2000|1,G5.37_static_relative_blind_replay,1,,0,False,False,False,False,False
G5.37_static_relative_blind_replay|maze-32-32-4|100|312|2000|final,maze-32-32-4|100|312|2000|final,G5.37_static_relative_blind_replay,5,,0,False,False,False,False,False
G5.37_static_relative_blind_replay|maze-32-32-4|100|313|2000|0,maze-32-32-4|100|313|2000|0,G5.37_static_relative_blind_replay,5,,0,False,False,False,False,False
G5.37_static_relative_blind_replay|maze-32-32-4|100|313|2000|final,maze-32-32-4|100|313|2000|final,G5.37_static_relative_blind_replay,5,,0,False,False,False,False,False
G5.37_static_relative_blind_replay|maze-32-32-4|100|314|500|0,maze-32-32-4|100|314|500|0,G5.37_static_relative_blind_replay,4,,0,False,False,False,False,False
G5.37_static_relative_blind_replay|maze-32-32-4|100|314|500|final,maze-32-32-4|100|314|500|final,G5.37_static_relative_blind_replay,4,,0,False,False,False,False,False
G5.37_static_relative_blind_replay|maze-32-32-4|100|315|2000|0,maze-32-32-4|100|315|2000|0,G5.37_static_relative_blind_replay,5,,0,False,False,False,False,False
G5.37_static_relative_blind_replay|maze-32-32-4|100|315|2000|final,maze-32-32-4|100|315|2000|final,G5.37_static_relative_blind_replay,5,,0,False,False,False,False,False
G5.37_static_relative_blind_replay|maze-32-32-4|100|315|500|0,maze-32-32-4|100|315|500|0,G5.37_static_relative_blind_replay,4,,0,False,False,False,False,False
G5.37_static_relative_blind_replay|maze-32-32-4|100|315|500|final,maze-32-32-4|100|315|500|final,G5.37_static_relative_blind_replay,4,,0,False,False,False,False,False
G5.37_static_relative_blind_replay|maze-32-32-4|100|316|2000|0,maze-32-32-4|100|316|2000|0,G5.37_static_relative_blind_replay,5,,0,False,False,False,False,False
G5.37_static_relative_blind_replay|maze-32-32-4|100|316|2000|final,maze-32-32-4|100|316|2000|final,G5.37_static_relative_blind_replay,5,,0,False,False,False,False,False
G5.37_static_relative_blind_replay|maze-32-32-4|100|316|500|0,maze-32-32-4|100|316|500|0,G5.37_static_relative_blind_replay,4,,0,False,False,False,False,False
G5.37_static_relative_blind_replay|maze-32-32-4|100|316|500|final,maze-32-32-4|100|316|500|final,G5.37_static_relative_blind_replay,4,,0,False,False,False,False,False
G5.37_static_relative_blind_replay|maze-32-32-4|100|318|1000|0,maze-32-32-4|100|318|1000|0,G5.37_static_relative_blind_replay,4,,0,False,False,False,False,False
G5.37_static_relative_blind_replay|maze-32-32-4|100|318|1000|final,maze-32-32-4|100|318|1000|final,G5.37_static_relative_blind_replay,4,,0,False,False,False,False,False
G5.37_static_relative_blind_replay|maze-32-32-4|100|320|1000|0,maze-32-32-4|100|320|1000|0,G5.37_static_relative_blind_replay,4,,0,False,False,False,False,False
G5.37_static_relative_blind_replay|maze-32-32-4|100|320|1000|final,maze-32-32-4|100|320|1000|final,G5.37_static_relative_blind_replay,4,,0,False,False,False,False,False
G5.37_static_relative_blind_replay|maze-32-32-4|100|321|500|0,maze-32-32-4|100|321|500|0,G5.37_static_relative_blind_replay,4,,0,False,False,False,False,False
G5.37_static_relative_blind_replay|maze-32-32-4|100|321|500|final,maze-32-32-4|100|321|500|final,G5.37_static_relative_blind_replay,4,,0,False,False,False,False,False
G5.37_static_relative_blind_replay|maze-32-32-4|100|323|1000|0,maze-32-32-4|100|323|1000|0,G5.37_static_relative_blind_replay,4,,0,False,False,False,False,False
G5.37_static_relative_blind_replay|maze-32-32-4|100|323|1000|final,maze-32-32-4|100|323|1000|final,G5.37_static_relative_blind_replay,4,,0,False,False,False,False,False
G5.37_static_relative_blind_replay|maze-32-32-4|100|324|1000|0,maze-32-32-4|100|324|1000|0,G5.37_static_relative_blind_replay,4,,0,False,False,False,False,False
G5.37_static_relative_blind_replay|maze-32-32-4|100|324|1000|final,maze-32-32-4|100|324|1000|final,G5.37_static_relative_blind_replay,4,,0,False,False,False,False,False
G5.37_static_relative_blind_replay|maze-32-32-4|100|324|2000|0,maze-32-32-4|100|324|2000|0,G5.37_static_relative_blind_replay,5,,0,False,False,False,False,False
G5.37_static_relative_blind_replay|maze-32-32-4|100|324|2000|final,maze-32-32-4|100|324|2000|final,G5.37_static_relative_blind_replay,5,,0,False,False,False,False,False
G5.37_static_relative_blind_replay|maze-32-32-4|100|325|1000|0,maze-32-32-4|100|325|1000|0,G5.37_static_relative_blind_replay,4,,0,False,False,False,False,False
G5.37_static_relative_blind_replay|maze-32-32-4|100|325|1000|final,maze-32-32-4|100|325|1000|final,G5.37_static_relative_blind_replay,4,,0,False,False,False,False,False
G5.37_static_relative_blind_replay|maze-32-32-4|100|325|500|0,maze-32-32-4|100|325|500|0,G5.37_static_relative_blind_replay,4,,0,False,False,False,False,False
G5.37_static_relative_blind_replay|maze-32-32-4|100|325|500|final,maze-32-32-4|100|325|500|final,G5.37_static_relative_blind_replay,4,,0,False,False,False,False,False
G5.37_static_relative_blind_replay|maze-32-32-4|100|326|1000|0,maze-32-32-4|100|326|1000|0,G5.37_static_relative_blind_replay,4,,0,False,False,False,False,False
G5.37_static_relative_blind_replay|maze-32-32-4|100|326|1000|final,maze-32-32-4|100|326|1000|final,G5.37_static_relative_blind_replay,4,,0,False,False,False,False,False
G5.37_static_relative_blind_replay|maze-32-32-4|100|326|500|0,maze-32-32-4|100|326|500|0,G5.37_static_relative_blind_replay,4,,0,False,False,False,False,False
G5.37_static_relative_blind_replay|maze-32-32-4|100|326|500|final,maze-32-32-4|100|326|500|final,G5.37_static_relative_blind_replay,4,,0,False,False,False,False,False
G5.37_static_relative_blind_replay|maze-32-32-4|100|328|500|0,maze-32-32-4|100|328|500|0,G5.37_static_relative_blind_replay,4,,0,False,False,False,False,False
G5.37_static_relative_blind_replay|maze-32-32-4|100|328|500|final,maze-32-32-4|100|328|500|final,G5.37_static_relative_blind_replay,4,,0,False,False,False,False,False
G5.37_static_relative_blind_replay|maze-32-32-4|100|329|1000|0,maze-32-32-4|100|329|1000|0,G5.37_static_relative_blind_replay,4,,0,False,False,False,False,False
G5.37_static_relative_blind_replay|maze-32-32-4|100|329|1000|final,maze-32-32-4|100|329|1000|final,G5.37_static_relative_blind_replay,4,,0,False,False,False,False,False
G5.37_static_relative_blind_replay|maze-32-32-4|100|330|1000|0,maze-32-32-4|100|330|1000|0,G5.37_static_relative_blind_replay,4,,0,False,False,False,False,False
G5.37_static_relative_blind_replay|maze-32-32-4|100|330|1000|final,maze-32-32-4|100|330|1000|final,G5.37_static_relative_blind_replay,4,,0,False,False,False,False,False
G5.37_static_relative_blind_replay|maze-32-32-4|100|330|500|0,maze-32-32-4|100|330|500|0,G5.37_static_relative_blind_replay,4,,0,False,False,False,False,False
G5.37_static_relative_blind_replay|maze-32-32-4|100|330|500|final,maze-32-32-4|100|330|500|final,G5.37_static_relative_blind_replay,4,,0,False,False,False,False,False
G5.37_static_relative_blind_replay|maze-32-32-4|100|331|2000|0,maze-32-32-4|100|331|2000|0,G5.37_static_relative_blind_replay,5,,0,False,False,False,False,False
G5.37_static_relative_blind_replay|maze-32-32-4|100|331|2000|final,maze-32-32-4|100|331|2000|final,G5.37_static_relative_blind_replay,5,,0,False,False,False,False,False
G5.37_static_relative_blind_replay|maze-32-32-4|100|333|500|0,maze-32-32-4|100|333|500|0,G5.37_static_relative_blind_replay,4,,0,False,False,False,False,False
G5.37_static_relative_blind_replay|maze-32-32-4|100|333|500|final,maze-32-32-4|100|333|500|final,G5.37_static_relative_blind_replay,4,,0,False,False,False,False,False
G5.37_static_relative_blind_replay|maze-32-32-4|100|335|1000|0,maze-32-32-4|100|335|1000|0,G5.37_static_relative_blind_replay,4,,0,False,False,False,False,False
G5.37_static_relative_blind_replay|maze-32-32-4|100|335|1000|final,maze-32-32-4|100|335|1000|final,G5.37_static_relative_blind_replay,4,,0,False,False,False,False,False
G5.37_static_relative_blind_replay|maze-32-32-4|100|335|2000|0,maze-32-32-4|100|335|2000|0,G5.37_static_relative_blind_replay,5,,0,False,False,False,False,False
G5.37_static_relative_blind_replay|maze-32-32-4|100|335|2000|final,maze-32-32-4|100|335|2000|final,G5.37_static_relative_blind_replay,5,,0,False,False,False,False,False
G5.37_static_relative_blind_replay|maze-32-32-4|100|336|1000|0,maze-32-32-4|100|336|1000|0,G5.37_static_relative_blind_replay,4,,0,False,False,False,False,False
G5.37_static_relative_blind_replay|maze-32-32-4|100|336|1000|final,maze-32-32-4|100|336|1000|final,G5.37_static_relative_blind_replay,4,,0,False,False,False,False,False
G5.37_static_relative_blind_replay|maze-32-32-4|100|337|2000|0,maze-32-32-4|100|337|2000|0,G5.37_static_relative_blind_replay,5,,0,False,False,False,False,False
G5.37_static_relative_blind_replay|maze-32-32-4|100|337|2000|final,maze-32-32-4|100|337|2000|final,G5.37_static_relative_blind_replay,5,,0,False,False,False,False,False
G5.37_static_relative_blind_replay|maze-32-32-4|100|338|1000|0,maze-32-32-4|100|338|1000|0,G5.37_static_relative_blind_replay,4,,0,False,False,False,False,False
G5.37_static_relative_blind_replay|maze-32-32-4|100|338|1000|final,maze-32-32-4|100|338|1000|final,G5.37_static_relative_blind_replay,4,,0,False,False,False,False,False
G5.37_static_relative_blind_replay|maze-32-32-4|100|338|2000|0,maze-32-32-4|100|338|2000|0,G5.37_static_relative_blind_replay,5,,0,False,False,False,False,False
G5.37_static_relative_blind_replay|maze-32-32-4|100|338|2000|final,maze-32-32-4|100|338|2000|final,G5.37_static_relative_blind_replay,5,,0,False,False,False,False,False
G5.37_static_relative_blind_replay|maze-32-32-4|100|339|500|0,maze-32-32-4|100|339|500|0,G5.37_static_relative_blind_replay,4,,0,False,False,False,False,False
G5.37_static_relative_blind_replay|maze-32-32-4|100|339|500|final,maze-32-32-4|100|339|500|final,G5.37_static_relative_blind_replay,4,,0,False,False,False,False,False
G5.37_static_relative_blind_replay|maze-32-32-4|100|340|2000|0,maze-32-32-4|100|340|2000|0,G5.37_static_relative_blind_replay,5,,0,False,False,False,False,False
G5.37_static_relative_blind_replay|maze-32-32-4|100|340|2000|final,maze-32-32-4|100|340|2000|final,G5.37_static_relative_blind_replay,5,,0,False,False,False,False,False
G5.37_static_relative_blind_replay|maze-32-32-4|100|341|1000|0,maze-32-32-4|100|341|1000|0,G5.37_static_relative_blind_replay,4,,0,False,False,False,False,False
G5.37_static_relative_blind_replay|maze-32-32-4|100|341|1000|final,maze-32-32-4|100|341|1000|final,G5.37_static_relative_blind_replay,4,,0,False,False,False,False,False
G5.37_static_relative_blind_replay|maze-32-32-4|100|341|500|0,maze-32-32-4|100|341|500|0,G5.37_static_relative_blind_replay,4,,0,False,False,False,False,False
G5.37_static_relative_blind_replay|maze-32-32-4|100|341|500|final,maze-32-32-4|100|341|500|final,G5.37_static_relative_blind_replay,4,,0,False,False,False,False,False
G5.37_static_relative_blind_replay|maze-32-32-4|100|342|2000|0,maze-32-32-4|100|342|2000|0,G5.37_static_relative_blind_replay,5,,0,False,False,False,False,False
G5.37_static_relative_blind_replay|maze-32-32-4|100|342|2000|final,maze-32-32-4|100|342|2000|final,G5.37_static_relative_blind_replay,5,,0,False,False,False,False,False
G5.37_static_relative_blind_replay|maze-32-32-4|100|342|500|0,maze-32-32-4|100|342|500|0,G5.37_static_relative_blind_replay,4,,0,False,False,False,False,False
G5.37_static_relative_blind_replay|maze-32-32-4|100|342|500|final,maze-32-32-4|100|342|500|final,G5.37_static_relative_blind_replay,4,,0,False,False,False,False,False
G5.37_static_relative_blind_replay|maze-32-32-4|100|344|2000|0,maze-32-32-4|100|344|2000|0,G5.37_static_relative_blind_replay,5,,0,False,False,False,False,False
G5.37_static_relative_blind_replay|maze-32-32-4|100|344|2000|final,maze-32-32-4|100|344|2000|final,G5.37_static_relative_blind_replay,5,,0,False,False,False,False,False
G5.37_static_relative_blind_replay|maze-32-32-4|100|345|2000|0,maze-32-32-4|100|345|2000|0,G5.37_static_relative_blind_replay,5,,0,False,False,False,False,False
G5.37_static_relative_blind_replay|maze-32-32-4|100|345|2000|final,maze-32-32-4|100|345|2000|final,G5.37_static_relative_blind_replay,5,,0,False,False,False,False,False
G5.37_static_relative_blind_replay|maze-32-32-4|100|348|500|0,maze-32-32-4|100|348|500|0,G5.37_static_relative_blind_replay,4,,0,False,False,False,False,False
G5.37_static_relative_blind_replay|maze-32-32-4|100|348|500|final,maze-32-32-4|100|348|500|final,G5.37_static_relative_blind_replay,4,,0,False,False,False,False,False
G5.37_static_relative_blind_replay|maze-32-32-4|100|349|2000|0,maze-32-32-4|100|349|2000|0,G5.37_static_relative_blind_replay,5,,0,False,False,False,False,False
G5.37_static_relative_blind_replay|maze-32-32-4|100|349|2000|final,maze-32-32-4|100|349|2000|final,G5.37_static_relative_blind_replay,5,,0,False,False,False,False,False
G5.37_static_relative_blind_replay|maze-32-32-4|100|349|500|0,maze-32-32-4|100|349|500|0,G5.37_static_relative_blind_replay,4,,0,False,False,False,False,False
G5.37_static_relative_blind_replay|maze-32-32-4|100|349|500|final,maze-32-32-4|100|349|500|final,G5.37_static_relative_blind_replay,4,,0,False,False,False,False,False
G5.37_static_relative_blind_replay|maze-32-32-4|100|350|1000|0,maze-32-32-4|100|350|1000|0,G5.37_static_relative_blind_replay,4,,0,False,False,False,False,False
G5.37_static_relative_blind_replay|maze-32-32-4|100|350|1000|final,maze-32-32-4|100|350|1000|final,G5.37_static_relative_blind_replay,4,,0,False,False,False,False,False
G5.37_static_relative_blind_replay|maze-32-32-4|100|350|2000|0,maze-32-32-4|100|350|2000|0,G5.37_static_relative_blind_replay,5,,0,False,False,False,False,False
G5.37_static_relative_blind_replay|maze-32-32-4|100|350|2000|final,maze-32-32-4|100|350|2000|final,G5.37_static_relative_blind_replay,5,,0,False,False,False,False,False
G5.37_static_relative_blind_replay|maze-32-32-4|100|350|500|0,maze-32-32-4|100|350|500|0,G5.37_static_relative_blind_replay,4,,0,False,False,False,False,False
G5.37_static_relative_blind_replay|maze-32-32-4|100|350|500|final,maze-32-32-4|100|350|500|final,G5.37_static_relative_blind_replay,4,,0,False,False,False,False,False
G5.37_static_relative_blind_replay|maze-32-32-4|100|351|1000|0,maze-32-32-4|100|351|1000|0,G5.37_static_relative_blind_replay,4,,0,False,False,False,False,False
G5.37_static_relative_blind_replay|maze-32-32-4|100|351|1000|final,maze-32-32-4|100|351|1000|final,G5.37_static_relative_blind_replay,4,,0,False,False,False,False,False
G5.37_static_relative_blind_replay|maze-32-32-4|100|351|500|0,maze-32-32-4|100|351|500|0,G5.37_static_relative_blind_replay,4,,0,False,False,False,False,False
G5.37_static_relative_blind_replay|maze-32-32-4|100|351|500|final,maze-32-32-4|100|351|500|final,G5.37_static_relative_blind_replay,4,,0,False,False,False,False,False
G5.37_static_relative_blind_replay|maze-32-32-4|100|352|2000|0,maze-32-32-4|100|352|2000|0,G5.37_static_relative_blind_replay,5,,0,False,False,False,False,False
G5.37_static_relative_blind_replay|maze-32-32-4|100|352|2000|final,maze-32-32-4|100|352|2000|final,G5.37_static_relative_blind_replay,5,,0,False,False,False,False,False
G5.37_static_relative_blind_replay|maze-32-32-4|100|352|500|0,maze-32-32-4|100|352|500|0,G5.37_static_relative_blind_replay,4,,0,False,False,False,False,False
G5.37_static_relative_blind_replay|maze-32-32-4|100|352|500|final,maze-32-32-4|100|352|500|final,G5.37_static_relative_blind_replay,4,,0,False,False,False,False,False
G5.37_static_relative_blind_replay|maze-32-32-4|100|353|2000|0,maze-32-32-4|100|353|2000|0,G5.37_static_relative_blind_replay,5,,0,False,False,False,False,False
G5.37_static_relative_blind_replay|maze-32-32-4|100|353|2000|final,maze-32-32-4|100|353|2000|final,G5.37_static_relative_blind_replay,5,,0,False,False,False,False,False
G5.37_static_relative_blind_replay|maze-32-32-4|100|354|500|0,maze-32-32-4|100|354|500|0,G5.37_static_relative_blind_replay,4,,0,False,False,False,False,False
G5.37_static_relative_blind_replay|maze-32-32-4|100|354|500|final,maze-32-32-4|100|354|500|final,G5.37_static_relative_blind_replay,4,,0,False,False,False,False,False
G5.37_static_relative_blind_replay|maze-32-32-4|100|355|1000|0,maze-32-32-4|100|355|1000|0,G5.37_static_relative_blind_replay,4,,0,False,False,False,False,False
G5.37_static_relative_blind_replay|maze-32-32-4|100|355|1000|final,maze-32-32-4|100|355|1000|final,G5.37_static_relative_blind_replay,4,,0,False,False,False,False,False
G5.37_static_relative_blind_replay|maze-32-32-4|100|355|2000|0,maze-32-32-4|100|355|2000|0,G5.37_static_relative_blind_replay,5,,0,False,False,False,False,False
G5.37_static_relative_blind_replay|maze-32-32-4|100|355|2000|1,maze-32-32-4|100|355|2000|1,G5.37_static_relative_blind_replay,2,,0,False,False,False,False,False
G5.37_static_relative_blind_replay|maze-32-32-4|100|355|2000|final,maze-32-32-4|100|355|2000|final,G5.37_static_relative_blind_replay,5,,0,False,False,False,False,False
G5.37_static_relative_blind_replay|maze-32-32-4|100|355|500|0,maze-32-32-4|100|355|500|0,G5.37_static_relative_blind_replay,4,,0,False,False,False,False,False
G5.37_static_relative_blind_replay|maze-32-32-4|100|355|500|final,maze-32-32-4|100|355|500|final,G5.37_static_relative_blind_replay,4,,0,False,False,False,False,False
G5.37_static_relative_blind_replay|maze-32-32-4|100|356|2000|0,maze-32-32-4|100|356|2000|0,G5.37_static_relative_blind_replay,5,,0,False,False,False,False,False
G5.37_static_relative_blind_replay|maze-32-32-4|100|356|2000|final,maze-32-32-4|100|356|2000|final,G5.37_static_relative_blind_replay,5,,0,False,False,False,False,False
G5.37_static_relative_blind_replay|maze-32-32-4|100|358|1000|0,maze-32-32-4|100|358|1000|0,G5.37_static_relative_blind_replay,4,,0,False,False,False,False,False
G5.37_static_relative_blind_replay|maze-32-32-4|100|358|1000|final,maze-32-32-4|100|358|1000|final,G5.37_static_relative_blind_replay,4,,0,False,False,False,False,False
G5.37_static_relative_blind_replay|maze-32-32-4|100|358|2000|0,maze-32-32-4|100|358|2000|0,G5.37_static_relative_blind_replay,5,,0,False,False,False,False,False
G5.37_static_relative_blind_replay|maze-32-32-4|100|358|2000|final,maze-32-32-4|100|358|2000|final,G5.37_static_relative_blind_replay,5,,0,False,False,False,False,False
G5.37_static_relative_blind_replay|maze-32-32-4|100|358|500|0,maze-32-32-4|100|358|500|0,G5.37_static_relative_blind_replay,4,,0,False,False,False,False,False
G5.37_static_relative_blind_replay|maze-32-32-4|100|358|500|final,maze-32-32-4|100|358|500|final,G5.37_static_relative_blind_replay,4,,0,False,False,False,False,False
G5.37_static_relative_blind_replay|maze-32-32-4|100|360|500|0,maze-32-32-4|100|360|500|0,G5.37_static_relative_blind_replay,4,,0,False,False,False,False,False
G5.37_static_relative_blind_replay|maze-32-32-4|100|360|500|final,maze-32-32-4|100|360|500|final,G5.37_static_relative_blind_replay,4,,0,False,False,False,False,False
G5.37_static_relative_blind_replay|maze-32-32-4|100|362|2000|0,maze-32-32-4|100|362|2000|0,G5.37_static_relative_blind_replay,5,,0,False,False,False,False,False
G5.37_static_relative_blind_replay|maze-32-32-4|100|362|2000|final,maze-32-32-4|100|362|2000|final,G5.37_static_relative_blind_replay,5,,0,False,False,False,False,False
G5.37_static_relative_blind_replay|maze-32-32-4|100|363|2000|0,maze-32-32-4|100|363|2000|0,G5.37_static_relative_blind_replay,5,,0,False,False,False,False,False
G5.37_static_relative_blind_replay|maze-32-32-4|100|363|2000|final,maze-32-32-4|100|363|2000|final,G5.37_static_relative_blind_replay,5,,0,False,False,False,False,False
G5.37_static_relative_blind_replay|maze-32-32-4|100|365|1000|0,maze-32-32-4|100|365|1000|0,G5.37_static_relative_blind_replay,4,,0,False,False,False,False,False
G5.37_static_relative_blind_replay|maze-32-32-4|100|365|1000|final,maze-32-32-4|100|365|1000|final,G5.37_static_relative_blind_replay,4,,0,False,False,False,False,False
G5.37_static_relative_blind_replay|maze-32-32-4|100|365|500|0,maze-32-32-4|100|365|500|0,G5.37_static_relative_blind_replay,4,,0,False,False,False,False,False
G5.37_static_relative_blind_replay|maze-32-32-4|100|365|500|final,maze-32-32-4|100|365|500|final,G5.37_static_relative_blind_replay,4,,0,False,False,False,False,False
G5.37_static_relative_blind_replay|maze-32-32-4|50|286|1000|0,maze-32-32-4|50|286|1000|0,G5.37_static_relative_blind_replay,4,,0,False,False,False,False,False
G5.37_static_relative_blind_replay|maze-32-32-4|50|286|1000|final,maze-32-32-4|50|286|1000|final,G5.37_static_relative_blind_replay,4,,0,False,False,False,False,False
G5.37_static_relative_blind_replay|maze-32-32-4|50|287|2000|0,maze-32-32-4|50|287|2000|0,G5.37_static_relative_blind_replay,5,,0,False,False,False,False,False
G5.37_static_relative_blind_replay|maze-32-32-4|50|287|2000|1,maze-32-32-4|50|287|2000|1,G5.37_static_relative_blind_replay,5,repair5g59_flow_decay|repair5g59_high_beta_cap_safe|repair5g59_static_flow_shield,3,False,False,False,False,False
G5.37_static_relative_blind_replay|maze-32-32-4|50|287|2000|final,maze-32-32-4|50|287|2000|final,G5.37_static_relative_blind_replay,5,,0,False,False,False,False,False
G5.37_static_relative_blind_replay|maze-32-32-4|50|287|500|0,maze-32-32-4|50|287|500|0,G5.37_static_relative_blind_replay,4,,0,False,False,False,False,False
G5.37_static_relative_blind_replay|maze-32-32-4|50|287|500|final,maze-32-32-4|50|287|500|final,G5.37_static_relative_blind_replay,4,,0,False,False,False,False,False
G5.37_static_relative_blind_replay|maze-32-32-4|50|288|1000|0,maze-32-32-4|50|288|1000|0,G5.37_static_relative_blind_replay,4,,0,False,False,False,False,False
G5.37_static_relative_blind_replay|maze-32-32-4|50|288|1000|final,maze-32-32-4|50|288|1000|final,G5.37_static_relative_blind_replay,4,,0,False,False,False,False,False
G5.37_static_relative_blind_replay|maze-32-32-4|50|288|2000|0,maze-32-32-4|50|288|2000|0,G5.37_static_relative_blind_replay,5,,0,False,False,False,False,False
G5.37_static_relative_blind_replay|maze-32-32-4|50|288|2000|1,maze-32-32-4|50|288|2000|1,G5.37_static_relative_blind_replay,5,repair5g59_high_beta_cap_safe|repair5g59_low_beta_high_cap,2,False,False,False,False,False
G5.37_static_relative_blind_replay|maze-32-32-4|50|288|2000|final,maze-32-32-4|50|288|2000|final,G5.37_static_relative_blind_replay,5,repair5g59_low_beta_high_cap,1,False,False,False,False,False
G5.37_static_relative_blind_replay|maze-32-32-4|50|289|500|0,maze-32-32-4|50|289|500|0,G5.37_static_relative_blind_replay,4,,0,False,False,False,False,False
G5.37_static_relative_blind_replay|maze-32-32-4|50|289|500|final,maze-32-32-4|50|289|500|final,G5.37_static_relative_blind_replay,4,,0,False,False,False,False,False
G5.37_static_relative_blind_replay|maze-32-32-4|50|290|1000|0,maze-32-32-4|50|290|1000|0,G5.37_static_relative_blind_replay,4,,0,False,False,False,False,False
G5.37_static_relative_blind_replay|maze-32-32-4|50|290|1000|1,maze-32-32-4|50|290|1000|1,G5.37_static_relative_blind_replay,1,,0,False,False,False,False,False
G5.37_static_relative_blind_replay|maze-32-32-4|50|290|1000|final,maze-32-32-4|50|290|1000|final,G5.37_static_relative_blind_replay,4,,0,False,False,False,False,False
G5.37_static_relative_blind_replay|maze-32-32-4|50|290|500|0,maze-32-32-4|50|290|500|0,G5.37_static_relative_blind_replay,4,,0,False,False,False,False,False
G5.37_static_relative_blind_replay|maze-32-32-4|50|290|500|final,maze-32-32-4|50|290|500|final,G5.37_static_relative_blind_replay,4,,0,False,False,False,False,False
G5.37_static_relative_blind_replay|maze-32-32-4|50|291|1000|0,maze-32-32-4|50|291|1000|0,G5.37_static_relative_blind_replay,4,,0,False,False,False,False,False
G5.37_static_relative_blind_replay|maze-32-32-4|50|291|1000|final,maze-32-32-4|50|291|1000|final,G5.37_static_relative_blind_replay,4,,0,False,False,False,False,False
G5.37_static_relative_blind_replay|maze-32-32-4|50|291|500|0,maze-32-32-4|50|291|500|0,G5.37_static_relative_blind_replay,4,,0,False,False,False,False,False
G5.37_static_relative_blind_replay|maze-32-32-4|50|291|500|final,maze-32-32-4|50|291|500|final,G5.37_static_relative_blind_replay,4,,0,False,False,False,False,False
G5.37_static_relative_blind_replay|maze-32-32-4|50|293|1000|0,maze-32-32-4|50|293|1000|0,G5.37_static_relative_blind_replay,4,,0,False,False,False,False,False
G5.37_static_relative_blind_replay|maze-32-32-4|50|293|1000|final,maze-32-32-4|50|293|1000|final,G5.37_static_relative_blind_replay,4,,0,False,False,False,False,False
G5.37_static_relative_blind_replay|maze-32-32-4|50|294|2000|0,maze-32-32-4|50|294|2000|0,G5.37_static_relative_blind_replay,5,,0,False,False,False,False,False
G5.37_static_relative_blind_replay|maze-32-32-4|50|294|2000|1,maze-32-32-4|50|294|2000|1,G5.37_static_relative_blind_replay,5,repair5g59_flow_decay|repair5g59_static_flow_shield,2,False,False,False,False,False
G5.37_static_relative_blind_replay|maze-32-32-4|50|294|2000|final,maze-32-32-4|50|294|2000|final,G5.37_static_relative_blind_replay,5,,0,False,False,False,False,False
G5.37_static_relative_blind_replay|maze-32-32-4|50|294|500|0,maze-32-32-4|50|294|500|0,G5.37_static_relative_blind_replay,4,,0,False,False,False,False,False
G5.37_static_relative_blind_replay|maze-32-32-4|50|294|500|final,maze-32-32-4|50|294|500|final,G5.37_static_relative_blind_replay,4,,0,False,False,False,False,False
G5.37_static_relative_blind_replay|maze-32-32-4|50|295|2000|0,maze-32-32-4|50|295|2000|0,G5.37_static_relative_blind_replay,5,,0,False,False,False,False,False
G5.37_static_relative_blind_replay|maze-32-32-4|50|295|2000|1,maze-32-32-4|50|295|2000|1,G5.37_static_relative_blind_replay,5,repair5g59_high_beta_cap_safe|repair5g59_low_beta_high_cap,2,False,False,False,False,False
G5.37_static_relative_blind_replay|maze-32-32-4|50|295|2000|final,maze-32-32-4|50|295|2000|final,G5.37_static_relative_blind_replay,5,repair5g59_low_beta_high_cap,1,False,False,False,False,False
G5.37_static_relative_blind_replay|maze-32-32-4|50|297|500|0,maze-32-32-4|50|297|500|0,G5.37_static_relative_blind_replay,4,,0,False,False,False,False,False
G5.37_static_relative_blind_replay|maze-32-32-4|50|297|500|final,maze-32-32-4|50|297|500|final,G5.37_static_relative_blind_replay,4,,0,False,False,False,False,False
G5.37_static_relative_blind_replay|maze-32-32-4|50|298|2000|0,maze-32-32-4|50|298|2000|0,G5.37_static_relative_blind_replay,5,,0,False,False,False,False,False
G5.37_static_relative_blind_replay|maze-32-32-4|50|298|2000|1,maze-32-32-4|50|298|2000|1,G5.37_static_relative_blind_replay,5,repair5g59_flow_decay|repair5g59_static_flow_shield,2,False,False,False,False,False
G5.37_static_relative_blind_replay|maze-32-32-4|50|298|2000|final,maze-32-32-4|50|298|2000|final,G5.37_static_relative_blind_replay,5,repair5g59_flow_decay|repair5g59_static_flow_shield,2,False,False,False,False,False
G5.37_static_relative_blind_replay|maze-32-32-4|50|298|500|0,maze-32-32-4|50|298|500|0,G5.37_static_relative_blind_replay,4,,0,False,False,False,False,False
G5.37_static_relative_blind_replay|maze-32-32-4|50|298|500|final,maze-32-32-4|50|298|500|final,G5.37_static_relative_blind_replay,4,,0,False,False,False,False,False
G5.37_static_relative_blind_replay|maze-32-32-4|50|299|2000|0,maze-32-32-4|50|299|2000|0,G5.37_static_relative_blind_replay,5,,0,False,False,False,False,False
G5.37_static_relative_blind_replay|maze-32-32-4|50|299|2000|1,maze-32-32-4|50|299|2000|1,G5.37_static_relative_blind_replay,5,repair5g59_low_beta_high_cap,1,False,False,False,False,False
G5.37_static_relative_blind_replay|maze-32-32-4|50|299|2000|final,maze-32-32-4|50|299|2000|final,G5.37_static_relative_blind_replay,5,repair5g59_low_beta_high_cap,1,False,False,False,False,False
G5.37_static_relative_blind_replay|maze-32-32-4|50|299|500|0,maze-32-32-4|50|299|500|0,G5.37_static_relative_blind_replay,4,,0,False,False,False,False,False
G5.37_static_relative_blind_replay|maze-32-32-4|50|299|500|final,maze-32-32-4|50|299|500|final,G5.37_static_relative_blind_replay,4,,0,False,False,False,False,False
G5.37_static_relative_blind_replay|maze-32-32-4|50|300|2000|0,maze-32-32-4|50|300|2000|0,G5.37_static_relative_blind_replay,5,,0,False,False,False,False,False
G5.37_static_relative_blind_replay|maze-32-32-4|50|300|2000|1,maze-32-32-4|50|300|2000|1,G5.37_static_relative_blind_replay,5,repair5g59_low_beta_high_cap,1,False,False,False,False,False
G5.37_static_relative_blind_replay|maze-32-32-4|50|300|2000|final,maze-32-32-4|50|300|2000|final,G5.37_static_relative_blind_replay,5,repair5g59_low_beta_high_cap,1,False,False,False,False,False
G5.37_static_relative_blind_replay|maze-32-32-4|50|300|500|0,maze-32-32-4|50|300|500|0,G5.37_static_relative_blind_replay,4,,0,False,False,False,False,False
G5.37_static_relative_blind_replay|maze-32-32-4|50|300|500|final,maze-32-32-4|50|300|500|final,G5.37_static_relative_blind_replay,4,,0,False,False,False,False,False
G5.37_static_relative_blind_replay|maze-32-32-4|50|301|1000|0,maze-32-32-4|50|301|1000|0,G5.37_static_relative_blind_replay,4,,0,False,False,False,False,False
G5.37_static_relative_blind_replay|maze-32-32-4|50|301|1000|1,maze-32-32-4|50|301|1000|1,G5.37_static_relative_blind_replay,1,,0,False,False,False,False,False
G5.37_static_relative_blind_replay|maze-32-32-4|50|301|1000|final,maze-32-32-4|50|301|1000|final,G5.37_static_relative_blind_replay,4,,0,False,False,False,False,False
G5.37_static_relative_blind_replay|maze-32-32-4|50|301|500|0,maze-32-32-4|50|301|500|0,G5.37_static_relative_blind_replay,4,,0,False,False,False,False,False
G5.37_static_relative_blind_replay|maze-32-32-4|50|301|500|final,maze-32-32-4|50|301|500|final,G5.37_static_relative_blind_replay,4,,0,False,False,False,False,False
G5.37_static_relative_blind_replay|maze-32-32-4|50|302|2000|0,maze-32-32-4|50|302|2000|0,G5.37_static_relative_blind_replay,5,,0,False,False,False,False,False
G5.37_static_relative_blind_replay|maze-32-32-4|50|302|2000|1,maze-32-32-4|50|302|2000|1,G5.37_static_relative_blind_replay,5,repair5g59_additive_fallback|repair5g59_flow_decay|repair5g59_high_beta_cap_safe|repair5g59_static_flow_shield,4,False,False,False,False,False
G5.37_static_relative_blind_replay|maze-32-32-4|50|302|2000|final,maze-32-32-4|50|302|2000|final,G5.37_static_relative_blind_replay,5,repair5g59_flow_decay|repair5g59_high_beta_cap_safe|repair5g59_static_flow_shield,3,False,False,False,False,False
G5.37_static_relative_blind_replay|maze-32-32-4|50|303|500|0,maze-32-32-4|50|303|500|0,G5.37_static_relative_blind_replay,4,,0,False,False,False,False,False
G5.37_static_relative_blind_replay|maze-32-32-4|50|303|500|final,maze-32-32-4|50|303|500|final,G5.37_static_relative_blind_replay,4,,0,False,False,False,False,False
G5.37_static_relative_blind_replay|maze-32-32-4|50|305|1000|0,maze-32-32-4|50|305|1000|0,G5.37_static_relative_blind_replay,4,,0,False,False,False,False,False
G5.37_static_relative_blind_replay|maze-32-32-4|50|305|1000|final,maze-32-32-4|50|305|1000|final,G5.37_static_relative_blind_replay,4,,0,False,False,False,False,False
G5.37_static_relative_blind_replay|maze-32-32-4|50|305|500|0,maze-32-32-4|50|305|500|0,G5.37_static_relative_blind_replay,4,,0,False,False,False,False,False
G5.37_static_relative_blind_replay|maze-32-32-4|50|305|500|final,maze-32-32-4|50|305|500|final,G5.37_static_relative_blind_replay,4,,0,False,False,False,False,False
G5.37_static_relative_blind_replay|maze-32-32-4|50|306|1000|0,maze-32-32-4|50|306|1000|0,G5.37_static_relative_blind_replay,4,,0,False,False,False,False,False
G5.37_static_relative_blind_replay|maze-32-32-4|50|306|1000|final,maze-32-32-4|50|306|1000|final,G5.37_static_relative_blind_replay,4,,0,False,False,False,False,False
G5.37_static_relative_blind_replay|maze-32-32-4|50|306|2000|0,maze-32-32-4|50|306|2000|0,G5.37_static_relative_blind_replay,5,,0,False,False,False,False,False
G5.37_static_relative_blind_replay|maze-32-32-4|50|306|2000|1,maze-32-32-4|50|306|2000|1,G5.37_static_relative_blind_replay,5,repair5g59_additive_fallback|repair5g59_high_beta_cap_safe|repair5g59_low_beta_high_cap,3,False,False,False,False,False
G5.37_static_relative_blind_replay|maze-32-32-4|50|306|2000|final,maze-32-32-4|50|306|2000|final,G5.37_static_relative_blind_replay,5,repair5g59_low_beta_high_cap,1,False,False,False,False,False
G5.37_static_relative_blind_replay|maze-32-32-4|50|308|500|0,maze-32-32-4|50|308|500|0,G5.37_static_relative_blind_replay,4,,0,False,False,False,False,False
G5.37_static_relative_blind_replay|maze-32-32-4|50|308|500|final,maze-32-32-4|50|308|500|final,G5.37_static_relative_blind_replay,4,,0,False,False,False,False,False
G5.37_static_relative_blind_replay|maze-32-32-4|50|309|1000|0,maze-32-32-4|50|309|1000|0,G5.37_static_relative_blind_replay,4,,0,False,False,False,False,False
G5.37_static_relative_blind_replay|maze-32-32-4|50|309|1000|1,maze-32-32-4|50|309|1000|1,G5.37_static_relative_blind_replay,1,,0,False,False,False,False,False
G5.37_static_relative_blind_replay|maze-32-32-4|50|309|1000|final,maze-32-32-4|50|309|1000|final,G5.37_static_relative_blind_replay,4,,0,False,False,False,False,False
G5.37_static_relative_blind_replay|maze-32-32-4|50|310|1000|0,maze-32-32-4|50|310|1000|0,G5.37_static_relative_blind_replay,4,,0,False,False,False,False,False
G5.37_static_relative_blind_replay|maze-32-32-4|50|310|1000|1,maze-32-32-4|50|310|1000|1,G5.37_static_relative_blind_replay,1,,0,False,False,False,False,False
G5.37_static_relative_blind_replay|maze-32-32-4|50|310|1000|final,maze-32-32-4|50|310|1000|final,G5.37_static_relative_blind_replay,4,,0,False,False,False,False,False
G5.37_static_relative_blind_replay|maze-32-32-4|50|312|1000|0,maze-32-32-4|50|312|1000|0,G5.37_static_relative_blind_replay,4,,0,False,False,False,False,False
G5.37_static_relative_blind_replay|maze-32-32-4|50|312|1000|final,maze-32-32-4|50|312|1000|final,G5.37_static_relative_blind_replay,4,,0,False,False,False,False,False
G5.37_static_relative_blind_replay|maze-32-32-4|50|313|500|0,maze-32-32-4|50|313|500|0,G5.37_static_relative_blind_replay,4,,0,False,False,False,False,False
G5.37_static_relative_blind_replay|maze-32-32-4|50|313|500|final,maze-32-32-4|50|313|500|final,G5.37_static_relative_blind_replay,4,,0,False,False,False,False,False
G5.37_static_relative_blind_replay|maze-32-32-4|50|315|1000|0,maze-32-32-4|50|315|1000|0,G5.37_static_relative_blind_replay,4,,0,False,False,False,False,False
G5.37_static_relative_blind_replay|maze-32-32-4|50|315|1000|final,maze-32-32-4|50|315|1000|final,G5.37_static_relative_blind_replay,4,,0,False,False,False,False,False
G5.37_static_relative_blind_replay|maze-32-32-4|50|315|2000|0,maze-32-32-4|50|315|2000|0,G5.37_static_relative_blind_replay,5,,0,False,False,False,False,False
G5.37_static_relative_blind_replay|maze-32-32-4|50|315|2000|1,maze-32-32-4|50|315|2000|1,G5.37_static_relative_blind_replay,5,repair5g59_high_beta_cap_safe|repair5g59_low_beta_high_cap,2,False,False,False,False,False
G5.37_static_relative_blind_replay|maze-32-32-4|50|315|2000|final,maze-32-32-4|50|315|2000|final,G5.37_static_relative_blind_replay,5,,0,False,False,False,False,False
G5.37_static_relative_blind_replay|maze-32-32-4|50|316|1000|0,maze-32-32-4|50|316|1000|0,G5.37_static_relative_blind_replay,4,,0,False,False,False,False,False
G5.37_static_relative_blind_replay|maze-32-32-4|50|316|1000|final,maze-32-32-4|50|316|1000|final,G5.37_static_relative_blind_replay,4,,0,False,False,False,False,False
G5.37_static_relative_blind_replay|maze-32-32-4|50|317|1000|0,maze-32-32-4|50|317|1000|0,G5.37_static_relative_blind_replay,4,,0,False,False,False,False,False
G5.37_static_relative_blind_replay|maze-32-32-4|50|317|1000|final,maze-32-32-4|50|317|1000|final,G5.37_static_relative_blind_replay,4,,0,False,False,False,False,False
G5.37_static_relative_blind_replay|maze-32-32-4|50|318|1000|0,maze-32-32-4|50|318|1000|0,G5.37_static_relative_blind_replay,4,,0,False,False,False,False,False
G5.37_static_relative_blind_replay|maze-32-32-4|50|318|1000|final,maze-32-32-4|50|318|1000|final,G5.37_static_relative_blind_replay,4,,0,False,False,False,False,False
G5.37_static_relative_blind_replay|maze-32-32-4|50|319|1000|0,maze-32-32-4|50|319|1000|0,G5.37_static_relative_blind_replay,4,,0,False,False,False,False,False
G5.37_static_relative_blind_replay|maze-32-32-4|50|319|1000|final,maze-32-32-4|50|319|1000|final,G5.37_static_relative_blind_replay,4,,0,False,False,False,False,False
G5.37_static_relative_blind_replay|maze-32-32-4|50|321|2000|0,maze-32-32-4|50|321|2000|0,G5.37_static_relative_blind_replay,5,,0,False,False,False,False,False
G5.37_static_relative_blind_replay|maze-32-32-4|50|321|2000|1,maze-32-32-4|50|321|2000|1,G5.37_static_relative_blind_replay,5,repair5g59_flow_decay|repair5g59_high_beta_cap_safe|repair5g59_static_flow_shield,3,False,False,False,False,False
G5.37_static_relative_blind_replay|maze-32-32-4|50|321|2000|final,maze-32-32-4|50|321|2000|final,G5.37_static_relative_blind_replay,5,repair5g59_flow_decay|repair5g59_high_beta_cap_safe|repair5g59_static_flow_shield,3,False,False,False,False,False
G5.37_static_relative_blind_replay|maze-32-32-4|50|322|2000|0,maze-32-32-4|50|322|2000|0,G5.37_static_relative_blind_replay,5,,0,False,False,False,False,False
G5.37_static_relative_blind_replay|maze-32-32-4|50|322|2000|1,maze-32-32-4|50|322|2000|1,G5.37_static_relative_blind_replay,5,repair5g59_low_beta_high_cap,1,False,False,False,False,False
G5.37_static_relative_blind_replay|maze-32-32-4|50|322|2000|final,maze-32-32-4|50|322|2000|final,G5.37_static_relative_blind_replay,5,repair5g59_low_beta_high_cap,1,False,False,False,False,False
G5.37_static_relative_blind_replay|maze-32-32-4|50|322|500|0,maze-32-32-4|50|322|500|0,G5.37_static_relative_blind_replay,4,,0,False,False,False,False,False
G5.37_static_relative_blind_replay|maze-32-32-4|50|322|500|final,maze-32-32-4|50|322|500|final,G5.37_static_relative_blind_replay,4,,0,False,False,False,False,False
G5.37_static_relative_blind_replay|maze-32-32-4|50|323|500|0,maze-32-32-4|50|323|500|0,G5.37_static_relative_blind_replay,4,,0,False,False,False,False,False
G5.37_static_relative_blind_replay|maze-32-32-4|50|323|500|final,maze-32-32-4|50|323|500|final,G5.37_static_relative_blind_replay,4,,0,False,False,False,False,False
G5.37_static_relative_blind_replay|maze-32-32-4|50|324|1000|0,maze-32-32-4|50|324|1000|0,G5.37_static_relative_blind_replay,4,,0,False,False,False,False,False
G5.37_static_relative_blind_replay|maze-32-32-4|50|324|1000|final,maze-32-32-4|50|324|1000|final,G5.37_static_relative_blind_replay,4,,0,False,False,False,False,False
G5.37_static_relative_blind_replay|maze-32-32-4|50|325|1000|0,maze-32-32-4|50|325|1000|0,G5.37_static_relative_blind_replay,4,,0,False,False,False,False,False
G5.37_static_relative_blind_replay|maze-32-32-4|50|325|1000|final,maze-32-32-4|50|325|1000|final,G5.37_static_relative_blind_replay,4,,0,False,False,False,False,False
G5.37_static_relative_blind_replay|maze-32-32-4|50|326|2000|0,maze-32-32-4|50|326|2000|0,G5.37_static_relative_blind_replay,5,,0,False,False,False,False,False
G5.37_static_relative_blind_replay|maze-32-32-4|50|326|2000|1,maze-32-32-4|50|326|2000|1,G5.37_static_relative_blind_replay,5,repair5g59_flow_decay|repair5g59_static_flow_shield,2,False,False,False,False,False
G5.37_static_relative_blind_replay|maze-32-32-4|50|326|2000|final,maze-32-32-4|50|326|2000|final,G5.37_static_relative_blind_replay,5,,0,False,False,False,False,False
G5.37_static_relative_blind_replay|maze-32-32-4|50|327|2000|0,maze-32-32-4|50|327|2000|0,G5.37_static_relative_blind_replay,5,,0,False,False,False,False,False
G5.37_static_relative_blind_replay|maze-32-32-4|50|327|2000|1,maze-32-32-4|50|327|2000|1,G5.37_static_relative_blind_replay,5,repair5g59_low_beta_high_cap,1,False,False,False,False,False
G5.37_static_relative_blind_replay|maze-32-32-4|50|327|2000|final,maze-32-32-4|50|327|2000|final,G5.37_static_relative_blind_replay,5,repair5g59_low_beta_high_cap,1,False,False,False,False,False
G5.37_static_relative_blind_replay|maze-32-32-4|50|328|2000|0,maze-32-32-4|50|328|2000|0,G5.37_static_relative_blind_replay,5,,0,False,False,False,False,False
G5.37_static_relative_blind_replay|maze-32-32-4|50|328|2000|1,maze-32-32-4|50|328|2000|1,G5.37_static_relative_blind_replay,5,repair5g59_high_beta_cap_safe|repair5g59_low_beta_high_cap,2,False,False,False,False,False
G5.37_static_relative_blind_replay|maze-32-32-4|50|328|2000|final,maze-32-32-4|50|328|2000|final,G5.37_static_relative_blind_replay,5,repair5g59_high_beta_cap_safe|repair5g59_low_beta_high_cap,2,False,False,False,False,False
G5.37_static_relative_blind_replay|maze-32-32-4|50|329|2000|0,maze-32-32-4|50|329|2000|0,G5.37_static_relative_blind_replay,5,,0,False,False,False,False,False
G5.37_static_relative_blind_replay|maze-32-32-4|50|329|2000|1,maze-32-32-4|50|329|2000|1,G5.37_static_relative_blind_replay,5,repair5g59_flow_decay|repair5g59_static_flow_shield,2,False,False,False,False,False
G5.37_static_relative_blind_replay|maze-32-32-4|50|329|2000|final,maze-32-32-4|50|329|2000|final,G5.37_static_relative_blind_replay,5,repair5g59_flow_decay|repair5g59_static_flow_shield,2,False,False,False,False,False
G5.37_static_relative_blind_replay|maze-32-32-4|50|331|1000|0,maze-32-32-4|50|331|1000|0,G5.37_static_relative_blind_replay,4,,0,False,False,False,False,False
G5.37_static_relative_blind_replay|maze-32-32-4|50|331|1000|final,maze-32-32-4|50|331|1000|final,G5.37_static_relative_blind_replay,4,,0,False,False,False,False,False
G5.37_static_relative_blind_replay|maze-32-32-4|50|331|500|0,maze-32-32-4|50|331|500|0,G5.37_static_relative_blind_replay,4,,0,False,False,False,False,False
G5.37_static_relative_blind_replay|maze-32-32-4|50|331|500|final,maze-32-32-4|50|331|500|final,G5.37_static_relative_blind_replay,4,,0,False,False,False,False,False
G5.37_static_relative_blind_replay|maze-32-32-4|50|332|1000|0,maze-32-32-4|50|332|1000|0,G5.37_static_relative_blind_replay,4,,0,False,False,False,False,False
G5.37_static_relative_blind_replay|maze-32-32-4|50|332|1000|final,maze-32-32-4|50|332|1000|final,G5.37_static_relative_blind_replay,4,,0,False,False,False,False,False
G5.37_static_relative_blind_replay|maze-32-32-4|50|334|1000|0,maze-32-32-4|50|334|1000|0,G5.37_static_relative_blind_replay,4,,0,False,False,False,False,False
G5.37_static_relative_blind_replay|maze-32-32-4|50|334|1000|final,maze-32-32-4|50|334|1000|final,G5.37_static_relative_blind_replay,4,,0,False,False,False,False,False
G5.37_static_relative_blind_replay|maze-32-32-4|50|335|500|0,maze-32-32-4|50|335|500|0,G5.37_static_relative_blind_replay,4,,0,False,False,False,False,False
G5.37_static_relative_blind_replay|maze-32-32-4|50|335|500|final,maze-32-32-4|50|335|500|final,G5.37_static_relative_blind_replay,4,,0,False,False,False,False,False
G5.37_static_relative_blind_replay|maze-32-32-4|50|336|2000|0,maze-32-32-4|50|336|2000|0,G5.37_static_relative_blind_replay,5,,0,False,False,False,False,False
G5.37_static_relative_blind_replay|maze-32-32-4|50|336|2000|1,maze-32-32-4|50|336|2000|1,G5.37_static_relative_blind_replay,5,repair5g59_flow_decay|repair5g59_static_flow_shield,2,False,False,False,False,False
G5.37_static_relative_blind_replay|maze-32-32-4|50|336|2000|final,maze-32-32-4|50|336|2000|final,G5.37_static_relative_blind_replay,5,repair5g59_flow_decay|repair5g59_static_flow_shield,2,False,False,False,False,False
G5.37_static_relative_blind_replay|maze-32-32-4|50|337|1000|0,maze-32-32-4|50|337|1000|0,G5.37_static_relative_blind_replay,4,,0,False,False,False,False,False
G5.37_static_relative_blind_replay|maze-32-32-4|50|337|1000|final,maze-32-32-4|50|337|1000|final,G5.37_static_relative_blind_replay,4,,0,False,False,False,False,False
G5.37_static_relative_blind_replay|maze-32-32-4|50|338|2000|0,maze-32-32-4|50|338|2000|0,G5.37_static_relative_blind_replay,5,,0,False,False,False,False,False
G5.37_static_relative_blind_replay|maze-32-32-4|50|338|2000|1,maze-32-32-4|50|338|2000|1,G5.37_static_relative_blind_replay,5,repair5g59_high_beta_cap_safe|repair5g59_low_beta_high_cap,2,False,False,False,False,False
G5.37_static_relative_blind_replay|maze-32-32-4|50|338|2000|final,maze-32-32-4|50|338|2000|final,G5.37_static_relative_blind_replay,5,,0,False,False,False,False,False
G5.37_static_relative_blind_replay|maze-32-32-4|50|338|500|0,maze-32-32-4|50|338|500|0,G5.37_static_relative_blind_replay,4,,0,False,False,False,False,False
G5.37_static_relative_blind_replay|maze-32-32-4|50|338|500|final,maze-32-32-4|50|338|500|final,G5.37_static_relative_blind_replay,4,,0,False,False,False,False,False
G5.37_static_relative_blind_replay|maze-32-32-4|50|340|500|0,maze-32-32-4|50|340|500|0,G5.37_static_relative_blind_replay,4,,0,False,False,False,False,False
G5.37_static_relative_blind_replay|maze-32-32-4|50|340|500|final,maze-32-32-4|50|340|500|final,G5.37_static_relative_blind_replay,4,,0,False,False,False,False,False
G5.37_static_relative_blind_replay|maze-32-32-4|50|342|2000|0,maze-32-32-4|50|342|2000|0,G5.37_static_relative_blind_replay,5,,0,False,False,False,False,False
G5.37_static_relative_blind_replay|maze-32-32-4|50|342|2000|1,maze-32-32-4|50|342|2000|1,G5.37_static_relative_blind_replay,5,repair5g59_high_beta_cap_safe|repair5g59_low_beta_high_cap,2,False,False,False,False,False
G5.37_static_relative_blind_replay|maze-32-32-4|50|342|2000|final,maze-32-32-4|50|342|2000|final,G5.37_static_relative_blind_replay,5,repair5g59_high_beta_cap_safe|repair5g59_low_beta_high_cap,2,False,False,False,False,False
G5.37_static_relative_blind_replay|maze-32-32-4|50|344|500|0,maze-32-32-4|50|344|500|0,G5.37_static_relative_blind_replay,4,,0,False,False,False,False,False
G5.37_static_relative_blind_replay|maze-32-32-4|50|344|500|final,maze-32-32-4|50|344|500|final,G5.37_static_relative_blind_replay,4,,0,False,False,False,False,False
G5.37_static_relative_blind_replay|maze-32-32-4|50|345|1000|0,maze-32-32-4|50|345|1000|0,G5.37_static_relative_blind_replay,4,,0,False,False,False,False,False
G5.37_static_relative_blind_replay|maze-32-32-4|50|345|1000|1,maze-32-32-4|50|345|1000|1,G5.37_static_relative_blind_replay,1,,0,False,False,False,False,False
G5.37_static_relative_blind_replay|maze-32-32-4|50|345|1000|final,maze-32-32-4|50|345|1000|final,G5.37_static_relative_blind_replay,4,,0,False,False,False,False,False
G5.37_static_relative_blind_replay|maze-32-32-4|50|345|2000|0,maze-32-32-4|50|345|2000|0,G5.37_static_relative_blind_replay,5,,0,False,False,False,False,False
G5.37_static_relative_blind_replay|maze-32-32-4|50|345|2000|1,maze-32-32-4|50|345|2000|1,G5.37_static_relative_blind_replay,5,repair5g59_high_beta_cap_safe|repair5g59_low_beta_high_cap,2,False,False,False,False,False
G5.37_static_relative_blind_replay|maze-32-32-4|50|345|2000|final,maze-32-32-4|50|345|2000|final,G5.37_static_relative_blind_replay,5,,0,False,False,False,False,False
G5.37_static_relative_blind_replay|maze-32-32-4|50|346|1000|0,maze-32-32-4|50|346|1000|0,G5.37_static_relative_blind_replay,4,,0,False,False,False,False,False
G5.37_static_relative_blind_replay|maze-32-32-4|50|346|1000|1,maze-32-32-4|50|346|1000|1,G5.37_static_relative_blind_replay,1,,0,False,False,False,False,False
G5.37_static_relative_blind_replay|maze-32-32-4|50|346|1000|final,maze-32-32-4|50|346|1000|final,G5.37_static_relative_blind_replay,4,,0,False,False,False,False,False
G5.37_static_relative_blind_replay|maze-32-32-4|50|346|500|0,maze-32-32-4|50|346|500|0,G5.37_static_relative_blind_replay,4,,0,False,False,False,False,False
G5.37_static_relative_blind_replay|maze-32-32-4|50|346|500|final,maze-32-32-4|50|346|500|final,G5.37_static_relative_blind_replay,4,,0,False,False,False,False,False
G5.37_static_relative_blind_replay|maze-32-32-4|50|347|500|0,maze-32-32-4|50|347|500|0,G5.37_static_relative_blind_replay,4,,0,False,False,False,False,False
G5.37_static_relative_blind_replay|maze-32-32-4|50|347|500|final,maze-32-32-4|50|347|500|final,G5.37_static_relative_blind_replay,4,,0,False,False,False,False,False
G5.37_static_relative_blind_replay|maze-32-32-4|50|348|2000|0,maze-32-32-4|50|348|2000|0,G5.37_static_relative_blind_replay,5,,0,False,False,False,False,False
G5.37_static_relative_blind_replay|maze-32-32-4|50|348|2000|1,maze-32-32-4|50|348|2000|1,G5.37_static_relative_blind_replay,5,repair5g59_low_beta_high_cap,1,False,False,False,False,False
G5.37_static_relative_blind_replay|maze-32-32-4|50|348|2000|final,maze-32-32-4|50|348|2000|final,G5.37_static_relative_blind_replay,5,repair5g59_low_beta_high_cap,1,False,False,False,False,False
G5.37_static_relative_blind_replay|maze-32-32-4|50|348|500|0,maze-32-32-4|50|348|500|0,G5.37_static_relative_blind_replay,4,,0,False,False,False,False,False
G5.37_static_relative_blind_replay|maze-32-32-4|50|348|500|final,maze-32-32-4|50|348|500|final,G5.37_static_relative_blind_replay,4,,0,False,False,False,False,False
G5.37_static_relative_blind_replay|maze-32-32-4|50|350|2000|0,maze-32-32-4|50|350|2000|0,G5.37_static_relative_blind_replay,5,,0,False,False,False,False,False
G5.37_static_relative_blind_replay|maze-32-32-4|50|350|2000|1,maze-32-32-4|50|350|2000|1,G5.37_static_relative_blind_replay,5,repair5g59_flow_decay|repair5g59_high_beta_cap_safe|repair5g59_static_flow_shield,3,False,False,False,False,False
G5.37_static_relative_blind_replay|maze-32-32-4|50|350|2000|final,maze-32-32-4|50|350|2000|final,G5.37_static_relative_blind_replay,5,repair5g59_flow_decay|repair5g59_high_beta_cap_safe|repair5g59_static_flow_shield,3,False,False,False,False,False
G5.37_static_relative_blind_replay|maze-32-32-4|50|351|1000|0,maze-32-32-4|50|351|1000|0,G5.37_static_relative_blind_replay,4,,0,False,False,False,False,False
G5.37_static_relative_blind_replay|maze-32-32-4|50|351|1000|final,maze-32-32-4|50|351|1000|final,G5.37_static_relative_blind_replay,4,,0,False,False,False,False,False
G5.37_static_relative_blind_replay|maze-32-32-4|50|353|1000|0,maze-32-32-4|50|353|1000|0,G5.37_static_relative_blind_replay,4,,0,False,False,False,False,False
G5.37_static_relative_blind_replay|maze-32-32-4|50|353|1000|final,maze-32-32-4|50|353|1000|final,G5.37_static_relative_blind_replay,4,,0,False,False,False,False,False
G5.37_static_relative_blind_replay|maze-32-32-4|50|354|1000|0,maze-32-32-4|50|354|1000|0,G5.37_static_relative_blind_replay,4,,0,False,False,False,False,False
G5.37_static_relative_blind_replay|maze-32-32-4|50|354|1000|final,maze-32-32-4|50|354|1000|final,G5.37_static_relative_blind_replay,4,,0,False,False,False,False,False
G5.37_static_relative_blind_replay|maze-32-32-4|50|354|2000|0,maze-32-32-4|50|354|2000|0,G5.37_static_relative_blind_replay,5,,0,False,False,False,False,False
G5.37_static_relative_blind_replay|maze-32-32-4|50|354|2000|1,maze-32-32-4|50|354|2000|1,G5.37_static_relative_blind_replay,5,repair5g59_high_beta_cap_safe|repair5g59_low_beta_high_cap,2,False,False,False,False,False
G5.37_static_relative_blind_replay|maze-32-32-4|50|354|2000|final,maze-32-32-4|50|354|2000|final,G5.37_static_relative_blind_replay,5,,0,False,False,False,False,False
G5.37_static_relative_blind_replay|maze-32-32-4|50|354|500|0,maze-32-32-4|50|354|500|0,G5.37_static_relative_blind_replay,4,,0,False,False,False,False,False
G5.37_static_relative_blind_replay|maze-32-32-4|50|354|500|final,maze-32-32-4|50|354|500|final,G5.37_static_relative_blind_replay,4,,0,False,False,False,False,False
G5.37_static_relative_blind_replay|maze-32-32-4|50|355|1000|0,maze-32-32-4|50|355|1000|0,G5.37_static_relative_blind_replay,4,,0,False,False,False,False,False
G5.37_static_relative_blind_replay|maze-32-32-4|50|355|1000|1,maze-32-32-4|50|355|1000|1,G5.37_static_relative_blind_replay,1,,0,False,False,False,False,False
G5.37_static_relative_blind_replay|maze-32-32-4|50|355|1000|final,maze-32-32-4|50|355|1000|final,G5.37_static_relative_blind_replay,4,,0,False,False,False,False,False
G5.37_static_relative_blind_replay|maze-32-32-4|50|357|2000|0,maze-32-32-4|50|357|2000|0,G5.37_static_relative_blind_replay,5,,0,False,False,False,False,False
G5.37_static_relative_blind_replay|maze-32-32-4|50|357|2000|1,maze-32-32-4|50|357|2000|1,G5.37_static_relative_blind_replay,5,repair5g59_high_beta_cap_safe|repair5g59_low_beta_high_cap,2,False,False,False,False,False
G5.37_static_relative_blind_replay|maze-32-32-4|50|357|2000|final,maze-32-32-4|50|357|2000|final,G5.37_static_relative_blind_replay,5,repair5g59_low_beta_high_cap,1,False,False,False,False,False
G5.37_static_relative_blind_replay|maze-32-32-4|50|360|500|0,maze-32-32-4|50|360|500|0,G5.37_static_relative_blind_replay,4,,0,False,False,False,False,False
G5.37_static_relative_blind_replay|maze-32-32-4|50|360|500|final,maze-32-32-4|50|360|500|final,G5.37_static_relative_blind_replay,4,,0,False,False,False,False,False
G5.37_static_relative_blind_replay|maze-32-32-4|50|362|2000|0,maze-32-32-4|50|362|2000|0,G5.37_static_relative_blind_replay,5,,0,False,False,False,False,False
G5.37_static_relative_blind_replay|maze-32-32-4|50|362|2000|1,maze-32-32-4|50|362|2000|1,G5.37_static_relative_blind_replay,5,repair5g59_high_beta_cap_safe|repair5g59_low_beta_high_cap,2,False,False,False,False,False
G5.37_static_relative_blind_replay|maze-32-32-4|50|362|2000|final,maze-32-32-4|50|362|2000|final,G5.37_static_relative_blind_replay,5,,0,False,False,False,False,False
G5.37_static_relative_blind_replay|maze-32-32-4|50|363|500|0,maze-32-32-4|50|363|500|0,G5.37_static_relative_blind_replay,4,,0,False,False,False,False,False
G5.37_static_relative_blind_replay|maze-32-32-4|50|363|500|final,maze-32-32-4|50|363|500|final,G5.37_static_relative_blind_replay,4,,0,False,False,False,False,False
G5.37_static_relative_blind_replay|maze-32-32-4|50|364|500|0,maze-32-32-4|50|364|500|0,G5.37_static_relative_blind_replay,4,,0,False,False,False,False,False
G5.37_static_relative_blind_replay|maze-32-32-4|50|364|500|final,maze-32-32-4|50|364|500|final,G5.37_static_relative_blind_replay,4,,0,False,False,False,False,False
G5.37_static_relative_blind_replay|random-32-32-20|100|287|1000|0,random-32-32-20|100|287|1000|0,G5.37_static_relative_blind_replay,4,,0,False,False,False,False,False
G5.37_static_relative_blind_replay|random-32-32-20|100|287|1000|final,random-32-32-20|100|287|1000|final,G5.37_static_relative_blind_replay,4,,0,False,False,False,False,False
G5.37_static_relative_blind_replay|random-32-32-20|100|288|1000|0,random-32-32-20|100|288|1000|0,G5.37_static_relative_blind_replay,4,,0,False,False,False,False,False
G5.37_static_relative_blind_replay|random-32-32-20|100|288|1000|final,random-32-32-20|100|288|1000|final,G5.37_static_relative_blind_replay,4,,0,False,False,False,False,False
G5.37_static_relative_blind_replay|random-32-32-20|100|290|1000|0,random-32-32-20|100|290|1000|0,G5.37_static_relative_blind_replay,4,,0,False,False,False,False,False
G5.37_static_relative_blind_replay|random-32-32-20|100|290|1000|final,random-32-32-20|100|290|1000|final,G5.37_static_relative_blind_replay,4,,0,False,False,False,False,False
G5.37_static_relative_blind_replay|random-32-32-20|100|290|500|0,random-32-32-20|100|290|500|0,G5.37_static_relative_blind_replay,4,,0,False,False,False,False,False
G5.37_static_relative_blind_replay|random-32-32-20|100|290|500|final,random-32-32-20|100|290|500|final,G5.37_static_relative_blind_replay,4,,0,False,False,False,False,False
G5.37_static_relative_blind_replay|random-32-32-20|100|291|500|0,random-32-32-20|100|291|500|0,G5.37_static_relative_blind_replay,4,,0,False,False,False,False,False
G5.37_static_relative_blind_replay|random-32-32-20|100|291|500|final,random-32-32-20|100|291|500|final,G5.37_static_relative_blind_replay,4,,0,False,False,False,False,False
G5.37_static_relative_blind_replay|random-32-32-20|100|292|2000|0,random-32-32-20|100|292|2000|0,G5.37_static_relative_blind_replay,4,,0,False,False,False,False,False
G5.37_static_relative_blind_replay|random-32-32-20|100|292|2000|1,random-32-32-20|100|292|2000|1,G5.37_static_relative_blind_replay,4,,0,False,False,False,False,False
G5.37_static_relative_blind_replay|random-32-32-20|100|292|2000|final,random-32-32-20|100|292|2000|final,G5.37_static_relative_blind_replay,4,,0,False,False,False,False,False
G5.37_static_relative_blind_replay|random-32-32-20|100|293|2000|0,random-32-32-20|100|293|2000|0,G5.37_static_relative_blind_replay,4,,0,False,False,False,False,False
G5.37_static_relative_blind_replay|random-32-32-20|100|293|2000|1,random-32-32-20|100|293|2000|1,G5.37_static_relative_blind_replay,4,,0,False,False,False,False,False
G5.37_static_relative_blind_replay|random-32-32-20|100|293|2000|final,random-32-32-20|100|293|2000|final,G5.37_static_relative_blind_replay,4,,0,False,False,False,False,False
G5.37_static_relative_blind_replay|random-32-32-20|100|294|500|0,random-32-32-20|100|294|500|0,G5.37_static_relative_blind_replay,4,,0,False,False,False,False,False
G5.37_static_relative_blind_replay|random-32-32-20|100|294|500|final,random-32-32-20|100|294|500|final,G5.37_static_relative_blind_replay,4,,0,False,False,False,False,False
G5.37_static_relative_blind_replay|random-32-32-20|100|295|1000|0,random-32-32-20|100|295|1000|0,G5.37_static_relative_blind_replay,4,,0,False,False,False,False,False
G5.37_static_relative_blind_replay|random-32-32-20|100|295|1000|final,random-32-32-20|100|295|1000|final,G5.37_static_relative_blind_replay,4,,0,False,False,False,False,False
G5.37_static_relative_blind_replay|random-32-32-20|100|295|2000|0,random-32-32-20|100|295|2000|0,G5.37_static_relative_blind_replay,4,,0,False,False,False,False,False
G5.37_static_relative_blind_replay|random-32-32-20|100|295|2000|1,random-32-32-20|100|295|2000|1,G5.37_static_relative_blind_replay,4,,0,False,False,False,False,False
G5.37_static_relative_blind_replay|random-32-32-20|100|295|2000|final,random-32-32-20|100|295|2000|final,G5.37_static_relative_blind_replay,4,,0,False,False,False,False,False
G5.37_static_relative_blind_replay|random-32-32-20|100|296|1000|0,random-32-32-20|100|296|1000|0,G5.37_static_relative_blind_replay,4,,0,False,False,False,False,False
G5.37_static_relative_blind_replay|random-32-32-20|100|296|1000|final,random-32-32-20|100|296|1000|final,G5.37_static_relative_blind_replay,4,,0,False,False,False,False,False
G5.37_static_relative_blind_replay|random-32-32-20|100|296|2000|0,random-32-32-20|100|296|2000|0,G5.37_static_relative_blind_replay,4,,0,False,False,False,False,False
G5.37_static_relative_blind_replay|random-32-32-20|100|296|2000|1,random-32-32-20|100|296|2000|1,G5.37_static_relative_blind_replay,2,,0,False,False,False,False,False
G5.37_static_relative_blind_replay|random-32-32-20|100|296|2000|final,random-32-32-20|100|296|2000|final,G5.37_static_relative_blind_replay,4,,0,False,False,False,False,False
G5.37_static_relative_blind_replay|random-32-32-20|100|299|500|0,random-32-32-20|100|299|500|0,G5.37_static_relative_blind_replay,4,,0,False,False,False,False,False
G5.37_static_relative_blind_replay|random-32-32-20|100|299|500|final,random-32-32-20|100|299|500|final,G5.37_static_relative_blind_replay,4,,0,False,False,False,False,False
G5.37_static_relative_blind_replay|random-32-32-20|100|300|2000|0,random-32-32-20|100|300|2000|0,G5.37_static_relative_blind_replay,4,,0,False,False,False,False,False
G5.37_static_relative_blind_replay|random-32-32-20|100|300|2000|1,random-32-32-20|100|300|2000|1,G5.37_static_relative_blind_replay,4,,0,False,False,False,False,False
G5.37_static_relative_blind_replay|random-32-32-20|100|300|2000|final,random-32-32-20|100|300|2000|final,G5.37_static_relative_blind_replay,4,,0,False,False,False,False,False
G5.37_static_relative_blind_replay|random-32-32-20|100|301|2000|0,random-32-32-20|100|301|2000|0,G5.37_static_relative_blind_replay,4,,0,False,False,False,False,False
G5.37_static_relative_blind_replay|random-32-32-20|100|301|2000|1,random-32-32-20|100|301|2000|1,G5.37_static_relative_blind_replay,4,,0,False,False,False,False,False
G5.37_static_relative_blind_replay|random-32-32-20|100|301|2000|final,random-32-32-20|100|301|2000|final,G5.37_static_relative_blind_replay,4,,0,False,False,False,False,False
G5.37_static_relative_blind_replay|random-32-32-20|100|304|2000|0,random-32-32-20|100|304|2000|0,G5.37_static_relative_blind_replay,4,,0,False,False,False,False,False
G5.37_static_relative_blind_replay|random-32-32-20|100|304|2000|1,random-32-32-20|100|304|2000|1,G5.37_static_relative_blind_replay,4,,0,False,False,False,False,False
G5.37_static_relative_blind_replay|random-32-32-20|100|304|2000|final,random-32-32-20|100|304|2000|final,G5.37_static_relative_blind_replay,4,,0,False,False,False,False,False
G5.37_static_relative_blind_replay|random-32-32-20|100|305|1000|0,random-32-32-20|100|305|1000|0,G5.37_static_relative_blind_replay,4,,0,False,False,False,False,False
G5.37_static_relative_blind_replay|random-32-32-20|100|305|1000|final,random-32-32-20|100|305|1000|final,G5.37_static_relative_blind_replay,4,,0,False,False,False,False,False
G5.37_static_relative_blind_replay|random-32-32-20|100|308|500|0,random-32-32-20|100|308|500|0,G5.37_static_relative_blind_replay,4,,0,False,False,False,False,False
G5.37_static_relative_blind_replay|random-32-32-20|100|308|500|final,random-32-32-20|100|308|500|final,G5.37_static_relative_blind_replay,4,,0,False,False,False,False,False
G5.37_static_relative_blind_replay|random-32-32-20|100|309|2000|0,random-32-32-20|100|309|2000|0,G5.37_static_relative_blind_replay,4,,0,False,False,False,False,False
G5.37_static_relative_blind_replay|random-32-32-20|100|309|2000|1,random-32-32-20|100|309|2000|1,G5.37_static_relative_blind_replay,4,,0,False,False,False,False,False
G5.37_static_relative_blind_replay|random-32-32-20|100|309|2000|final,random-32-32-20|100|309|2000|final,G5.37_static_relative_blind_replay,4,,0,False,False,False,False,False
G5.37_static_relative_blind_replay|random-32-32-20|100|309|500|0,random-32-32-20|100|309|500|0,G5.37_static_relative_blind_replay,4,,0,False,False,False,False,False
G5.37_static_relative_blind_replay|random-32-32-20|100|309|500|final,random-32-32-20|100|309|500|final,G5.37_static_relative_blind_replay,4,,0,False,False,False,False,False
G5.37_static_relative_blind_replay|random-32-32-20|100|310|500|0,random-32-32-20|100|310|500|0,G5.37_static_relative_blind_replay,4,,0,False,False,False,False,False
G5.37_static_relative_blind_replay|random-32-32-20|100|310|500|final,random-32-32-20|100|310|500|final,G5.37_static_relative_blind_replay,4,,0,False,False,False,False,False
G5.37_static_relative_blind_replay|random-32-32-20|100|312|2000|0,random-32-32-20|100|312|2000|0,G5.37_static_relative_blind_replay,4,,0,False,False,False,False,False
G5.37_static_relative_blind_replay|random-32-32-20|100|312|2000|1,random-32-32-20|100|312|2000|1,G5.37_static_relative_blind_replay,4,,0,False,False,False,False,False
G5.37_static_relative_blind_replay|random-32-32-20|100|312|2000|final,random-32-32-20|100|312|2000|final,G5.37_static_relative_blind_replay,4,,0,False,False,False,False,False
G5.37_static_relative_blind_replay|random-32-32-20|100|313|1000|0,random-32-32-20|100|313|1000|0,G5.37_static_relative_blind_replay,4,,0,False,False,False,False,False
G5.37_static_relative_blind_replay|random-32-32-20|100|313|1000|final,random-32-32-20|100|313|1000|final,G5.37_static_relative_blind_replay,4,,0,False,False,False,False,False
G5.37_static_relative_blind_replay|random-32-32-20|100|314|1000|0,random-32-32-20|100|314|1000|0,G5.37_static_relative_blind_replay,4,,0,False,False,False,False,False
G5.37_static_relative_blind_replay|random-32-32-20|100|314|1000|final,random-32-32-20|100|314|1000|final,G5.37_static_relative_blind_replay,4,,0,False,False,False,False,False
G5.37_static_relative_blind_replay|random-32-32-20|100|314|2000|0,random-32-32-20|100|314|2000|0,G5.37_static_relative_blind_replay,4,,0,False,False,False,False,False
G5.37_static_relative_blind_replay|random-32-32-20|100|314|2000|1,random-32-32-20|100|314|2000|1,G5.37_static_relative_blind_replay,4,,0,False,False,False,False,False
G5.37_static_relative_blind_replay|random-32-32-20|100|314|2000|final,random-32-32-20|100|314|2000|final,G5.37_static_relative_blind_replay,4,,0,False,False,False,False,False
G5.37_static_relative_blind_replay|random-32-32-20|100|314|500|0,random-32-32-20|100|314|500|0,G5.37_static_relative_blind_replay,4,,0,False,False,False,False,False
G5.37_static_relative_blind_replay|random-32-32-20|100|314|500|final,random-32-32-20|100|314|500|final,G5.37_static_relative_blind_replay,4,,0,False,False,False,False,False
G5.37_static_relative_blind_replay|random-32-32-20|100|315|1000|0,random-32-32-20|100|315|1000|0,G5.37_static_relative_blind_replay,4,,0,False,False,False,False,False
G5.37_static_relative_blind_replay|random-32-32-20|100|315|1000|final,random-32-32-20|100|315|1000|final,G5.37_static_relative_blind_replay,4,,0,False,False,False,False,False
G5.37_static_relative_blind_replay|random-32-32-20|100|316|1000|0,random-32-32-20|100|316|1000|0,G5.37_static_relative_blind_replay,4,,0,False,False,False,False,False
G5.37_static_relative_blind_replay|random-32-32-20|100|316|1000|final,random-32-32-20|100|316|1000|final,G5.37_static_relative_blind_replay,4,,0,False,False,False,False,False
G5.37_static_relative_blind_replay|random-32-32-20|100|316|500|0,random-32-32-20|100|316|500|0,G5.37_static_relative_blind_replay,4,,0,False,False,False,False,False
G5.37_static_relative_blind_replay|random-32-32-20|100|316|500|final,random-32-32-20|100|316|500|final,G5.37_static_relative_blind_replay,4,,0,False,False,False,False,False
G5.37_static_relative_blind_replay|random-32-32-20|100|319|2000|0,random-32-32-20|100|319|2000|0,G5.37_static_relative_blind_replay,4,,0,False,False,False,False,False
G5.37_static_relative_blind_replay|random-32-32-20|100|319|2000|1,random-32-32-20|100|319|2000|1,G5.37_static_relative_blind_replay,4,,0,False,False,False,False,False
G5.37_static_relative_blind_replay|random-32-32-20|100|319|2000|final,random-32-32-20|100|319|2000|final,G5.37_static_relative_blind_replay,4,,0,False,False,False,False,False
G5.37_static_relative_blind_replay|random-32-32-20|100|319|500|0,random-32-32-20|100|319|500|0,G5.37_static_relative_blind_replay,4,,0,False,False,False,False,False
G5.37_static_relative_blind_replay|random-32-32-20|100|319|500|final,random-32-32-20|100|319|500|final,G5.37_static_relative_blind_replay,4,,0,False,False,False,False,False
G5.37_static_relative_blind_replay|random-32-32-20|100|321|2000|0,random-32-32-20|100|321|2000|0,G5.37_static_relative_blind_replay,4,,0,False,False,False,False,False
G5.37_static_relative_blind_replay|random-32-32-20|100|321|2000|1,random-32-32-20|100|321|2000|1,G5.37_static_relative_blind_replay,4,,0,False,False,False,False,False
G5.37_static_relative_blind_replay|random-32-32-20|100|321|2000|final,random-32-32-20|100|321|2000|final,G5.37_static_relative_blind_replay,4,,0,False,False,False,False,False
G5.37_static_relative_blind_replay|random-32-32-20|100|322|500|0,random-32-32-20|100|322|500|0,G5.37_static_relative_blind_replay,4,,0,False,False,False,False,False
G5.37_static_relative_blind_replay|random-32-32-20|100|322|500|final,random-32-32-20|100|322|500|final,G5.37_static_relative_blind_replay,4,,0,False,False,False,False,False
G5.37_static_relative_blind_replay|random-32-32-20|100|323|1000|0,random-32-32-20|100|323|1000|0,G5.37_static_relative_blind_replay,4,,0,False,False,False,False,False
G5.37_static_relative_blind_replay|random-32-32-20|100|323|1000|final,random-32-32-20|100|323|1000|final,G5.37_static_relative_blind_replay,4,,0,False,False,False,False,False
G5.37_static_relative_blind_replay|random-32-32-20|100|323|500|0,random-32-32-20|100|323|500|0,G5.37_static_relative_blind_replay,4,,0,False,False,False,False,False
G5.37_static_relative_blind_replay|random-32-32-20|100|323|500|final,random-32-32-20|100|323|500|final,G5.37_static_relative_blind_replay,4,,0,False,False,False,False,False
G5.37_static_relative_blind_replay|random-32-32-20|100|324|1000|0,random-32-32-20|100|324|1000|0,G5.37_static_relative_blind_replay,4,,0,False,False,False,False,False
G5.37_static_relative_blind_replay|random-32-32-20|100|324|1000|final,random-32-32-20|100|324|1000|final,G5.37_static_relative_blind_replay,4,,0,False,False,False,False,False
G5.37_static_relative_blind_replay|random-32-32-20|100|324|2000|0,random-32-32-20|100|324|2000|0,G5.37_static_relative_blind_replay,4,,0,False,False,False,False,False
G5.37_static_relative_blind_replay|random-32-32-20|100|324|2000|1,random-32-32-20|100|324|2000|1,G5.37_static_relative_blind_replay,4,,0,False,False,False,False,False
G5.37_static_relative_blind_replay|random-32-32-20|100|324|2000|final,random-32-32-20|100|324|2000|final,G5.37_static_relative_blind_replay,4,,0,False,False,False,False,False
G5.37_static_relative_blind_replay|random-32-32-20|100|328|1000|0,random-32-32-20|100|328|1000|0,G5.37_static_relative_blind_replay,4,,0,False,False,False,False,False
G5.37_static_relative_blind_replay|random-32-32-20|100|328|1000|final,random-32-32-20|100|328|1000|final,G5.37_static_relative_blind_replay,4,,0,False,False,False,False,False
G5.37_static_relative_blind_replay|random-32-32-20|100|328|2000|0,random-32-32-20|100|328|2000|0,G5.37_static_relative_blind_replay,4,,0,False,False,False,False,False
G5.37_static_relative_blind_replay|random-32-32-20|100|328|2000|1,random-32-32-20|100|328|2000|1,G5.37_static_relative_blind_replay,4,,0,False,False,False,False,False
G5.37_static_relative_blind_replay|random-32-32-20|100|328|2000|final,random-32-32-20|100|328|2000|final,G5.37_static_relative_blind_replay,4,,0,False,False,False,False,False
G5.37_static_relative_blind_replay|random-32-32-20|100|329|1000|0,random-32-32-20|100|329|1000|0,G5.37_static_relative_blind_replay,4,,0,False,False,False,False,False
G5.37_static_relative_blind_replay|random-32-32-20|100|329|1000|final,random-32-32-20|100|329|1000|final,G5.37_static_relative_blind_replay,4,,0,False,False,False,False,False
G5.37_static_relative_blind_replay|random-32-32-20|100|329|2000|0,random-32-32-20|100|329|2000|0,G5.37_static_relative_blind_replay,4,,0,False,False,False,False,False
G5.37_static_relative_blind_replay|random-32-32-20|100|329|2000|1,random-32-32-20|100|329|2000|1,G5.37_static_relative_blind_replay,4,,0,False,False,False,False,False
G5.37_static_relative_blind_replay|random-32-32-20|100|329|2000|final,random-32-32-20|100|329|2000|final,G5.37_static_relative_blind_replay,4,,0,False,False,False,False,False
G5.37_static_relative_blind_replay|random-32-32-20|100|330|2000|0,random-32-32-20|100|330|2000|0,G5.37_static_relative_blind_replay,4,,0,False,False,False,False,False
G5.37_static_relative_blind_replay|random-32-32-20|100|330|2000|1,random-32-32-20|100|330|2000|1,G5.37_static_relative_blind_replay,4,,0,False,False,False,False,False
G5.37_static_relative_blind_replay|random-32-32-20|100|330|2000|final,random-32-32-20|100|330|2000|final,G5.37_static_relative_blind_replay,4,,0,False,False,False,False,False
G5.37_static_relative_blind_replay|random-32-32-20|100|330|500|0,random-32-32-20|100|330|500|0,G5.37_static_relative_blind_replay,4,,0,False,False,False,False,False
G5.37_static_relative_blind_replay|random-32-32-20|100|330|500|final,random-32-32-20|100|330|500|final,G5.37_static_relative_blind_replay,4,,0,False,False,False,False,False
G5.37_static_relative_blind_replay|random-32-32-20|100|331|500|0,random-32-32-20|100|331|500|0,G5.37_static_relative_blind_replay,4,,0,False,False,False,False,False
G5.37_static_relative_blind_replay|random-32-32-20|100|331|500|final,random-32-32-20|100|331|500|final,G5.37_static_relative_blind_replay,4,,0,False,False,False,False,False
G5.37_static_relative_blind_replay|random-32-32-20|100|333|1000|0,random-32-32-20|100|333|1000|0,G5.37_static_relative_blind_replay,4,,0,False,False,False,False,False
G5.37_static_relative_blind_replay|random-32-32-20|100|333|1000|final,random-32-32-20|100|333|1000|final,G5.37_static_relative_blind_replay,4,,0,False,False,False,False,False
G5.37_static_relative_blind_replay|random-32-32-20|100|334|1000|0,random-32-32-20|100|334|1000|0,G5.37_static_relative_blind_replay,4,,0,False,False,False,False,False
G5.37_static_relative_blind_replay|random-32-32-20|100|334|1000|final,random-32-32-20|100|334|1000|final,G5.37_static_relative_blind_replay,4,,0,False,False,False,False,False
G5.37_static_relative_blind_replay|random-32-32-20|100|335|1000|0,random-32-32-20|100|335|1000|0,G5.37_static_relative_blind_replay,4,,0,False,False,False,False,False
G5.37_static_relative_blind_replay|random-32-32-20|100|335|1000|final,random-32-32-20|100|335|1000|final,G5.37_static_relative_blind_replay,4,,0,False,False,False,False,False
G5.37_static_relative_blind_replay|random-32-32-20|100|335|500|0,random-32-32-20|100|335|500|0,G5.37_static_relative_blind_replay,4,,0,False,False,False,False,False
G5.37_static_relative_blind_replay|random-32-32-20|100|335|500|final,random-32-32-20|100|335|500|final,G5.37_static_relative_blind_replay,4,,0,False,False,False,False,False
G5.37_static_relative_blind_replay|random-32-32-20|100|336|500|0,random-32-32-20|100|336|500|0,G5.37_static_relative_blind_replay,4,,0,False,False,False,False,False
G5.37_static_relative_blind_replay|random-32-32-20|100|336|500|final,random-32-32-20|100|336|500|final,G5.37_static_relative_blind_replay,4,,0,False,False,False,False,False
G5.37_static_relative_blind_replay|random-32-32-20|100|338|1000|0,random-32-32-20|100|338|1000|0,G5.37_static_relative_blind_replay,4,,0,False,False,False,False,False
G5.37_static_relative_blind_replay|random-32-32-20|100|338|1000|final,random-32-32-20|100|338|1000|final,G5.37_static_relative_blind_replay,4,,0,False,False,False,False,False
G5.37_static_relative_blind_replay|random-32-32-20|100|338|500|0,random-32-32-20|100|338|500|0,G5.37_static_relative_blind_replay,4,,0,False,False,False,False,False
G5.37_static_relative_blind_replay|random-32-32-20|100|338|500|final,random-32-32-20|100|338|500|final,G5.37_static_relative_blind_replay,4,,0,False,False,False,False,False
G5.37_static_relative_blind_replay|random-32-32-20|100|339|1000|0,random-32-32-20|100|339|1000|0,G5.37_static_relative_blind_replay,4,,0,False,False,False,False,False
G5.37_static_relative_blind_replay|random-32-32-20|100|339|1000|final,random-32-32-20|100|339|1000|final,G5.37_static_relative_blind_replay,4,,0,False,False,False,False,False
G5.37_static_relative_blind_replay|random-32-32-20|100|339|500|0,random-32-32-20|100|339|500|0,G5.37_static_relative_blind_replay,4,,0,False,False,False,False,False
G5.37_static_relative_blind_replay|random-32-32-20|100|339|500|final,random-32-32-20|100|339|500|final,G5.37_static_relative_blind_replay,4,,0,False,False,False,False,False
G5.37_static_relative_blind_replay|random-32-32-20|100|340|1000|0,random-32-32-20|100|340|1000|0,G5.37_static_relative_blind_replay,4,,0,False,False,False,False,False
G5.37_static_relative_blind_replay|random-32-32-20|100|340|1000|final,random-32-32-20|100|340|1000|final,G5.37_static_relative_blind_replay,4,,0,False,False,False,False,False
G5.37_static_relative_blind_replay|random-32-32-20|100|340|2000|0,random-32-32-20|100|340|2000|0,G5.37_static_relative_blind_replay,4,,0,False,False,False,False,False
G5.37_static_relative_blind_replay|random-32-32-20|100|340|2000|1,random-32-32-20|100|340|2000|1,G5.37_static_relative_blind_replay,4,,0,False,False,False,False,False
G5.37_static_relative_blind_replay|random-32-32-20|100|340|2000|final,random-32-32-20|100|340|2000|final,G5.37_static_relative_blind_replay,4,,0,False,False,False,False,False
G5.37_static_relative_blind_replay|random-32-32-20|100|341|1000|0,random-32-32-20|100|341|1000|0,G5.37_static_relative_blind_replay,4,,0,False,False,False,False,False
G5.37_static_relative_blind_replay|random-32-32-20|100|341|1000|final,random-32-32-20|100|341|1000|final,G5.37_static_relative_blind_replay,4,,0,False,False,False,False,False
G5.37_static_relative_blind_replay|random-32-32-20|100|341|500|0,random-32-32-20|100|341|500|0,G5.37_static_relative_blind_replay,4,,0,False,False,False,False,False
G5.37_static_relative_blind_replay|random-32-32-20|100|341|500|final,random-32-32-20|100|341|500|final,G5.37_static_relative_blind_replay,4,,0,False,False,False,False,False
G5.37_static_relative_blind_replay|random-32-32-20|100|342|1000|0,random-32-32-20|100|342|1000|0,G5.37_static_relative_blind_replay,4,,0,False,False,False,False,False
G5.37_static_relative_blind_replay|random-32-32-20|100|342|1000|final,random-32-32-20|100|342|1000|final,G5.37_static_relative_blind_replay,4,,0,False,False,False,False,False
G5.37_static_relative_blind_replay|random-32-32-20|100|342|2000|0,random-32-32-20|100|342|2000|0,G5.37_static_relative_blind_replay,4,,0,False,False,False,False,False
G5.37_static_relative_blind_replay|random-32-32-20|100|342|2000|1,random-32-32-20|100|342|2000|1,G5.37_static_relative_blind_replay,4,,0,False,False,False,False,False
G5.37_static_relative_blind_replay|random-32-32-20|100|342|2000|final,random-32-32-20|100|342|2000|final,G5.37_static_relative_blind_replay,4,,0,False,False,False,False,False
G5.37_static_relative_blind_replay|random-32-32-20|100|343|2000|0,random-32-32-20|100|343|2000|0,G5.37_static_relative_blind_replay,4,,0,False,False,False,False,False
G5.37_static_relative_blind_replay|random-32-32-20|100|343|2000|1,random-32-32-20|100|343|2000|1,G5.37_static_relative_blind_replay,4,,0,False,False,False,False,False
G5.37_static_relative_blind_replay|random-32-32-20|100|343|2000|final,random-32-32-20|100|343|2000|final,G5.37_static_relative_blind_replay,4,,0,False,False,False,False,False
G5.37_static_relative_blind_replay|random-32-32-20|100|347|2000|0,random-32-32-20|100|347|2000|0,G5.37_static_relative_blind_replay,4,,0,False,False,False,False,False
G5.37_static_relative_blind_replay|random-32-32-20|100|347|2000|1,random-32-32-20|100|347|2000|1,G5.37_static_relative_blind_replay,4,,0,False,False,False,False,False
G5.37_static_relative_blind_replay|random-32-32-20|100|347|2000|final,random-32-32-20|100|347|2000|final,G5.37_static_relative_blind_replay,4,,0,False,False,False,False,False
G5.37_static_relative_blind_replay|random-32-32-20|100|348|2000|0,random-32-32-20|100|348|2000|0,G5.37_static_relative_blind_replay,4,,0,False,False,False,False,False
G5.37_static_relative_blind_replay|random-32-32-20|100|348|2000|1,random-32-32-20|100|348|2000|1,G5.37_static_relative_blind_replay,4,,0,False,False,False,False,False
G5.37_static_relative_blind_replay|random-32-32-20|100|348|2000|final,random-32-32-20|100|348|2000|final,G5.37_static_relative_blind_replay,4,,0,False,False,False,False,False
G5.37_static_relative_blind_replay|random-32-32-20|100|349|2000|0,random-32-32-20|100|349|2000|0,G5.37_static_relative_blind_replay,4,,0,False,False,False,False,False
G5.37_static_relative_blind_replay|random-32-32-20|100|349|2000|1,random-32-32-20|100|349|2000|1,G5.37_static_relative_blind_replay,4,,0,False,False,False,False,False
G5.37_static_relative_blind_replay|random-32-32-20|100|349|2000|final,random-32-32-20|100|349|2000|final,G5.37_static_relative_blind_replay,4,,0,False,False,False,False,False
G5.37_static_relative_blind_replay|random-32-32-20|100|350|500|0,random-32-32-20|100|350|500|0,G5.37_static_relative_blind_replay,4,,0,False,False,False,False,False
G5.37_static_relative_blind_replay|random-32-32-20|100|350|500|final,random-32-32-20|100|350|500|final,G5.37_static_relative_blind_replay,4,,0,False,False,False,False,False
G5.37_static_relative_blind_replay|random-32-32-20|100|352|1000|0,random-32-32-20|100|352|1000|0,G5.37_static_relative_blind_replay,4,,0,False,False,False,False,False
G5.37_static_relative_blind_replay|random-32-32-20|100|352|1000|final,random-32-32-20|100|352|1000|final,G5.37_static_relative_blind_replay,4,,0,False,False,False,False,False
G5.37_static_relative_blind_replay|random-32-32-20|100|353|1000|0,random-32-32-20|100|353|1000|0,G5.37_static_relative_blind_replay,4,,0,False,False,False,False,False
G5.37_static_relative_blind_replay|random-32-32-20|100|353|1000|final,random-32-32-20|100|353|1000|final,G5.37_static_relative_blind_replay,4,,0,False,False,False,False,False
G5.37_static_relative_blind_replay|random-32-32-20|100|353|500|0,random-32-32-20|100|353|500|0,G5.37_static_relative_blind_replay,4,,0,False,False,False,False,False
G5.37_static_relative_blind_replay|random-32-32-20|100|353|500|final,random-32-32-20|100|353|500|final,G5.37_static_relative_blind_replay,4,,0,False,False,False,False,False
G5.37_static_relative_blind_replay|random-32-32-20|100|355|500|0,random-32-32-20|100|355|500|0,G5.37_static_relative_blind_replay,4,,0,False,False,False,False,False
G5.37_static_relative_blind_replay|random-32-32-20|100|355|500|final,random-32-32-20|100|355|500|final,G5.37_static_relative_blind_replay,4,,0,False,False,False,False,False
G5.37_static_relative_blind_replay|random-32-32-20|100|356|1000|0,random-32-32-20|100|356|1000|0,G5.37_static_relative_blind_replay,4,,0,False,False,False,False,False
G5.37_static_relative_blind_replay|random-32-32-20|100|356|1000|final,random-32-32-20|100|356|1000|final,G5.37_static_relative_blind_replay,4,,0,False,False,False,False,False
G5.37_static_relative_blind_replay|random-32-32-20|100|356|2000|0,random-32-32-20|100|356|2000|0,G5.37_static_relative_blind_replay,4,,0,False,False,False,False,False
G5.37_static_relative_blind_replay|random-32-32-20|100|356|2000|1,random-32-32-20|100|356|2000|1,G5.37_static_relative_blind_replay,4,,0,False,False,False,False,False
G5.37_static_relative_blind_replay|random-32-32-20|100|356|2000|final,random-32-32-20|100|356|2000|final,G5.37_static_relative_blind_replay,4,,0,False,False,False,False,False
G5.37_static_relative_blind_replay|random-32-32-20|100|357|500|0,random-32-32-20|100|357|500|0,G5.37_static_relative_blind_replay,4,,0,False,False,False,False,False
G5.37_static_relative_blind_replay|random-32-32-20|100|357|500|final,random-32-32-20|100|357|500|final,G5.37_static_relative_blind_replay,4,,0,False,False,False,False,False
G5.37_static_relative_blind_replay|random-32-32-20|100|358|2000|0,random-32-32-20|100|358|2000|0,G5.37_static_relative_blind_replay,4,,0,False,False,False,False,False
G5.37_static_relative_blind_replay|random-32-32-20|100|358|2000|1,random-32-32-20|100|358|2000|1,G5.37_static_relative_blind_replay,3,,0,False,False,False,False,False
G5.37_static_relative_blind_replay|random-32-32-20|100|358|2000|final,random-32-32-20|100|358|2000|final,G5.37_static_relative_blind_replay,4,,0,False,False,False,False,False
G5.37_static_relative_blind_replay|random-32-32-20|100|359|1000|0,random-32-32-20|100|359|1000|0,G5.37_static_relative_blind_replay,4,,0,False,False,False,False,False
G5.37_static_relative_blind_replay|random-32-32-20|100|359|1000|final,random-32-32-20|100|359|1000|final,G5.37_static_relative_blind_replay,4,,0,False,False,False,False,False
G5.37_static_relative_blind_replay|random-32-32-20|100|360|2000|0,random-32-32-20|100|360|2000|0,G5.37_static_relative_blind_replay,4,,0,False,False,False,False,False
G5.37_static_relative_blind_replay|random-32-32-20|100|360|2000|1,random-32-32-20|100|360|2000|1,G5.37_static_relative_blind_replay,4,,0,False,False,False,False,False
G5.37_static_relative_blind_replay|random-32-32-20|100|360|2000|final,random-32-32-20|100|360|2000|final,G5.37_static_relative_blind_replay,4,,0,False,False,False,False,False
G5.37_static_relative_blind_replay|random-32-32-20|100|360|500|0,random-32-32-20|100|360|500|0,G5.37_static_relative_blind_replay,4,,0,False,False,False,False,False
G5.37_static_relative_blind_replay|random-32-32-20|100|360|500|final,random-32-32-20|100|360|500|final,G5.37_static_relative_blind_replay,4,,0,False,False,False,False,False
G5.37_static_relative_blind_replay|random-32-32-20|100|361|1000|0,random-32-32-20|100|361|1000|0,G5.37_static_relative_blind_replay,4,,0,False,False,False,False,False
G5.37_static_relative_blind_replay|random-32-32-20|100|361|1000|final,random-32-32-20|100|361|1000|final,G5.37_static_relative_blind_replay,4,,0,False,False,False,False,False
G5.37_static_relative_blind_replay|random-32-32-20|100|361|2000|0,random-32-32-20|100|361|2000|0,G5.37_static_relative_blind_replay,4,,0,False,False,False,False,False
G5.37_static_relative_blind_replay|random-32-32-20|100|361|2000|1,random-32-32-20|100|361|2000|1,G5.37_static_relative_blind_replay,4,,0,False,False,False,False,False
G5.37_static_relative_blind_replay|random-32-32-20|100|361|2000|final,random-32-32-20|100|361|2000|final,G5.37_static_relative_blind_replay,4,,0,False,False,False,False,False
G5.37_static_relative_blind_replay|random-32-32-20|100|361|500|0,random-32-32-20|100|361|500|0,G5.37_static_relative_blind_replay,4,,0,False,False,False,False,False
G5.37_static_relative_blind_replay|random-32-32-20|100|361|500|final,random-32-32-20|100|361|500|final,G5.37_static_relative_blind_replay,4,,0,False,False,False,False,False
G5.37_static_relative_blind_replay|random-32-32-20|100|363|500|0,random-32-32-20|100|363|500|0,G5.37_static_relative_blind_replay,4,,0,False,False,False,False,False
G5.37_static_relative_blind_replay|random-32-32-20|100|363|500|final,random-32-32-20|100|363|500|final,G5.37_static_relative_blind_replay,4,,0,False,False,False,False,False
G5.37_static_relative_blind_replay|random-32-32-20|100|364|2000|0,random-32-32-20|100|364|2000|0,G5.37_static_relative_blind_replay,4,,0,False,False,False,False,False
G5.37_static_relative_blind_replay|random-32-32-20|100|364|2000|1,random-32-32-20|100|364|2000|1,G5.37_static_relative_blind_replay,4,,0,False,False,False,False,False
G5.37_static_relative_blind_replay|random-32-32-20|100|364|2000|final,random-32-32-20|100|364|2000|final,G5.37_static_relative_blind_replay,4,,0,False,False,False,False,False
G5.37_static_relative_blind_replay|random-32-32-20|100|365|1000|0,random-32-32-20|100|365|1000|0,G5.37_static_relative_blind_replay,4,,0,False,False,False,False,False
G5.37_static_relative_blind_replay|random-32-32-20|100|365|1000|final,random-32-32-20|100|365|1000|final,G5.37_static_relative_blind_replay,4,,0,False,False,False,False,False
G5.37_static_relative_blind_replay|random-32-32-20|100|365|2000|0,random-32-32-20|100|365|2000|0,G5.37_static_relative_blind_replay,4,,0,False,False,False,False,False
G5.37_static_relative_blind_replay|random-32-32-20|100|365|2000|1,random-32-32-20|100|365|2000|1,G5.37_static_relative_blind_replay,4,,0,False,False,False,False,False
G5.37_static_relative_blind_replay|random-32-32-20|100|365|2000|final,random-32-32-20|100|365|2000|final,G5.37_static_relative_blind_replay,4,,0,False,False,False,False,False
G5.37_static_relative_blind_replay|random-32-32-20|50|286|2000|0,random-32-32-20|50|286|2000|0,G5.37_static_relative_blind_replay,4,,0,False,False,False,False,False
G5.37_static_relative_blind_replay|random-32-32-20|50|286|2000|1,random-32-32-20|50|286|2000|1,G5.37_static_relative_blind_replay,4,repair5g59_high_beta_cap_safe|repair5g59_static_flow_shield,2,False,False,False,False,False
G5.37_static_relative_blind_replay|random-32-32-20|50|286|2000|final,random-32-32-20|50|286|2000|final,G5.37_static_relative_blind_replay,4,,0,False,False,False,False,False
G5.37_static_relative_blind_replay|random-32-32-20|50|287|2000|0,random-32-32-20|50|287|2000|0,G5.37_static_relative_blind_replay,4,,0,False,False,False,False,False
G5.37_static_relative_blind_replay|random-32-32-20|50|287|2000|1,random-32-32-20|50|287|2000|1,G5.37_static_relative_blind_replay,4,repair5g59_wait_aggressive,1,False,False,False,False,False
G5.37_static_relative_blind_replay|random-32-32-20|50|287|2000|final,random-32-32-20|50|287|2000|final,G5.37_static_relative_blind_replay,4,,0,False,False,False,False,False
G5.37_static_relative_blind_replay|random-32-32-20|50|288|500|0,random-32-32-20|50|288|500|0,G5.37_static_relative_blind_replay,4,,0,False,False,False,False,False
G5.37_static_relative_blind_replay|random-32-32-20|50|288|500|final,random-32-32-20|50|288|500|final,G5.37_static_relative_blind_replay,4,,0,False,False,False,False,False
G5.37_static_relative_blind_replay|random-32-32-20|50|289|2000|0,random-32-32-20|50|289|2000|0,G5.37_static_relative_blind_replay,4,,0,False,False,False,False,False
G5.37_static_relative_blind_replay|random-32-32-20|50|289|2000|1,random-32-32-20|50|289|2000|1,G5.37_static_relative_blind_replay,4,repair5g59_high_beta_cap_safe|repair5g59_wait_aggressive,2,False,False,False,False,False
G5.37_static_relative_blind_replay|random-32-32-20|50|289|2000|final,random-32-32-20|50|289|2000|final,G5.37_static_relative_blind_replay,4,repair5g59_high_beta_cap_safe|repair5g59_wait_aggressive,2,False,False,False,False,False
G5.37_static_relative_blind_replay|random-32-32-20|50|289|500|0,random-32-32-20|50|289|500|0,G5.37_static_relative_blind_replay,4,,0,False,False,False,False,False
G5.37_static_relative_blind_replay|random-32-32-20|50|289|500|final,random-32-32-20|50|289|500|final,G5.37_static_relative_blind_replay,4,,0,False,False,False,False,False
G5.37_static_relative_blind_replay|random-32-32-20|50|290|500|0,random-32-32-20|50|290|500|0,G5.37_static_relative_blind_replay,4,,0,False,False,False,False,False
G5.37_static_relative_blind_replay|random-32-32-20|50|290|500|final,random-32-32-20|50|290|500|final,G5.37_static_relative_blind_replay,4,,0,False,False,False,False,False
G5.37_static_relative_blind_replay|random-32-32-20|50|291|1000|0,random-32-32-20|50|291|1000|0,G5.37_static_relative_blind_replay,4,,0,False,False,False,False,False
G5.37_static_relative_blind_replay|random-32-32-20|50|291|1000|1,random-32-32-20|50|291|1000|1,G5.37_static_relative_blind_replay,3,,0,False,False,False,False,False
G5.37_static_relative_blind_replay|random-32-32-20|50|291|1000|final,random-32-32-20|50|291|1000|final,G5.37_static_relative_blind_replay,4,,0,False,False,False,False,False
G5.37_static_relative_blind_replay|random-32-32-20|50|293|1000|0,random-32-32-20|50|293|1000|0,G5.37_static_relative_blind_replay,4,,0,False,False,False,False,False
G5.37_static_relative_blind_replay|random-32-32-20|50|293|1000|1,random-32-32-20|50|293|1000|1,G5.37_static_relative_blind_replay,4,,0,False,False,False,False,False
G5.37_static_relative_blind_replay|random-32-32-20|50|293|1000|final,random-32-32-20|50|293|1000|final,G5.37_static_relative_blind_replay,4,,0,False,False,False,False,False
G5.37_static_relative_blind_replay|random-32-32-20|50|293|2000|0,random-32-32-20|50|293|2000|0,G5.37_static_relative_blind_replay,4,,0,False,False,False,False,False
G5.37_static_relative_blind_replay|random-32-32-20|50|293|2000|1,random-32-32-20|50|293|2000|1,G5.37_static_relative_blind_replay,4,repair5g59_wait_aggressive,1,False,False,False,False,False
G5.37_static_relative_blind_replay|random-32-32-20|50|293|2000|final,random-32-32-20|50|293|2000|final,G5.37_static_relative_blind_replay,4,,0,False,False,False,False,False
G5.37_static_relative_blind_replay|random-32-32-20|50|295|1000|0,random-32-32-20|50|295|1000|0,G5.37_static_relative_blind_replay,4,,0,False,False,False,False,False
G5.37_static_relative_blind_replay|random-32-32-20|50|295|1000|1,random-32-32-20|50|295|1000|1,G5.37_static_relative_blind_replay,3,,0,False,False,False,False,False
G5.37_static_relative_blind_replay|random-32-32-20|50|295|1000|final,random-32-32-20|50|295|1000|final,G5.37_static_relative_blind_replay,4,,0,False,False,False,False,False
G5.37_static_relative_blind_replay|random-32-32-20|50|295|500|0,random-32-32-20|50|295|500|0,G5.37_static_relative_blind_replay,4,,0,False,False,False,False,False
G5.37_static_relative_blind_replay|random-32-32-20|50|295|500|final,random-32-32-20|50|295|500|final,G5.37_static_relative_blind_replay,4,,0,False,False,False,False,False
G5.37_static_relative_blind_replay|random-32-32-20|50|296|500|0,random-32-32-20|50|296|500|0,G5.37_static_relative_blind_replay,4,,0,False,False,False,False,False
G5.37_static_relative_blind_replay|random-32-32-20|50|296|500|final,random-32-32-20|50|296|500|final,G5.37_static_relative_blind_replay,4,,0,False,False,False,False,False
G5.37_static_relative_blind_replay|random-32-32-20|50|297|1000|0,random-32-32-20|50|297|1000|0,G5.37_static_relative_blind_replay,4,,0,False,False,False,False,False
G5.37_static_relative_blind_replay|random-32-32-20|50|297|1000|1,random-32-32-20|50|297|1000|1,G5.37_static_relative_blind_replay,2,,0,False,False,False,False,False
G5.37_static_relative_blind_replay|random-32-32-20|50|297|1000|final,random-32-32-20|50|297|1000|final,G5.37_static_relative_blind_replay,4,,0,False,False,False,False,False
G5.37_static_relative_blind_replay|random-32-32-20|50|297|2000|0,random-32-32-20|50|297|2000|0,G5.37_static_relative_blind_replay,4,,0,False,False,False,False,False
G5.37_static_relative_blind_replay|random-32-32-20|50|297|2000|1,random-32-32-20|50|297|2000|1,G5.37_static_relative_blind_replay,4,repair5g59_static_flow_shield,1,False,False,False,False,False
G5.37_static_relative_blind_replay|random-32-32-20|50|297|2000|final,random-32-32-20|50|297|2000|final,G5.37_static_relative_blind_replay,4,repair5g59_static_flow_shield,1,False,False,False,False,False
G5.37_static_relative_blind_replay|random-32-32-20|50|298|1000|0,random-32-32-20|50|298|1000|0,G5.37_static_relative_blind_replay,4,,0,False,False,False,False,False
G5.37_static_relative_blind_replay|random-32-32-20|50|298|1000|1,random-32-32-20|50|298|1000|1,G5.37_static_relative_blind_replay,4,,0,False,False,False,False,False
G5.37_static_relative_blind_replay|random-32-32-20|50|298|1000|final,random-32-32-20|50|298|1000|final,G5.37_static_relative_blind_replay,4,,0,False,False,False,False,False
G5.37_static_relative_blind_replay|random-32-32-20|50|298|2000|0,random-32-32-20|50|298|2000|0,G5.37_static_relative_blind_replay,4,,0,False,False,False,False,False
G5.37_static_relative_blind_replay|random-32-32-20|50|298|2000|1,random-32-32-20|50|298|2000|1,G5.37_static_relative_blind_replay,4,repair5g59_high_beta_cap_safe|repair5g59_wait_aggressive,2,False,False,False,False,False
G5.37_static_relative_blind_replay|random-32-32-20|50|298|2000|final,random-32-32-20|50|298|2000|final,G5.37_static_relative_blind_replay,4,repair5g59_high_beta_cap_safe|repair5g59_wait_aggressive,2,False,False,False,False,False
G5.37_static_relative_blind_replay|random-32-32-20|50|298|500|0,random-32-32-20|50|298|500|0,G5.37_static_relative_blind_replay,4,,0,False,False,False,False,False
G5.37_static_relative_blind_replay|random-32-32-20|50|298|500|final,random-32-32-20|50|298|500|final,G5.37_static_relative_blind_replay,4,,0,False,False,False,False,False
G5.37_static_relative_blind_replay|random-32-32-20|50|299|500|0,random-32-32-20|50|299|500|0,G5.37_static_relative_blind_replay,4,,0,False,False,False,False,False
G5.37_static_relative_blind_replay|random-32-32-20|50|299|500|final,random-32-32-20|50|299|500|final,G5.37_static_relative_blind_replay,4,,0,False,False,False,False,False
G5.37_static_relative_blind_replay|random-32-32-20|50|300|1000|0,random-32-32-20|50|300|1000|0,G5.37_static_relative_blind_replay,4,,0,False,False,False,False,False
G5.37_static_relative_blind_replay|random-32-32-20|50|300|1000|1,random-32-32-20|50|300|1000|1,G5.37_static_relative_blind_replay,4,,0,False,False,False,False,False
G5.37_static_relative_blind_replay|random-32-32-20|50|300|1000|final,random-32-32-20|50|300|1000|final,G5.37_static_relative_blind_replay,4,,0,False,False,False,False,False
G5.37_static_relative_blind_replay|random-32-32-20|50|300|2000|0,random-32-32-20|50|300|2000|0,G5.37_static_relative_blind_replay,4,,0,False,False,False,False,False
G5.37_static_relative_blind_replay|random-32-32-20|50|300|2000|1,random-32-32-20|50|300|2000|1,G5.37_static_relative_blind_replay,4,repair5g59_high_beta_cap_safe|repair5g59_static_flow_shield,2,False,False,False,False,False
G5.37_static_relative_blind_replay|random-32-32-20|50|300|2000|final,random-32-32-20|50|300|2000|final,G5.37_static_relative_blind_replay,4,,0,False,False,False,False,False
G5.37_static_relative_blind_replay|random-32-32-20|50|301|1000|0,random-32-32-20|50|301|1000|0,G5.37_static_relative_blind_replay,4,,0,False,False,False,False,False
G5.37_static_relative_blind_replay|random-32-32-20|50|301|1000|1,random-32-32-20|50|301|1000|1,G5.37_static_relative_blind_replay,4,,0,False,False,False,False,False
G5.37_static_relative_blind_replay|random-32-32-20|50|301|1000|final,random-32-32-20|50|301|1000|final,G5.37_static_relative_blind_replay,4,,0,False,False,False,False,False
G5.37_static_relative_blind_replay|random-32-32-20|50|301|2000|0,random-32-32-20|50|301|2000|0,G5.37_static_relative_blind_replay,4,,0,False,False,False,False,False
G5.37_static_relative_blind_replay|random-32-32-20|50|301|2000|1,random-32-32-20|50|301|2000|1,G5.37_static_relative_blind_replay,4,repair5g59_high_beta_cap_safe|repair5g59_static_flow_shield,2,False,False,False,False,False
G5.37_static_relative_blind_replay|random-32-32-20|50|301|2000|final,random-32-32-20|50|301|2000|final,G5.37_static_relative_blind_replay,4,repair5g59_high_beta_cap_safe|repair5g59_static_flow_shield,2,False,False,False,False,False
G5.37_static_relative_blind_replay|random-32-32-20|50|303|1000|0,random-32-32-20|50|303|1000|0,G5.37_static_relative_blind_replay,4,,0,False,False,False,False,False
G5.37_static_relative_blind_replay|random-32-32-20|50|303|1000|1,random-32-32-20|50|303|1000|1,G5.37_static_relative_blind_replay,4,,0,False,False,False,False,False
G5.37_static_relative_blind_replay|random-32-32-20|50|303|1000|final,random-32-32-20|50|303|1000|final,G5.37_static_relative_blind_replay,4,,0,False,False,False,False,False
G5.37_static_relative_blind_replay|random-32-32-20|50|304|2000|0,random-32-32-20|50|304|2000|0,G5.37_static_relative_blind_replay,4,,0,False,False,False,False,False
G5.37_static_relative_blind_replay|random-32-32-20|50|304|2000|1,random-32-32-20|50|304|2000|1,G5.37_static_relative_blind_replay,4,repair5g59_high_beta_cap_safe|repair5g59_wait_aggressive,2,False,False,False,False,False
G5.37_static_relative_blind_replay|random-32-32-20|50|304|2000|final,random-32-32-20|50|304|2000|final,G5.37_static_relative_blind_replay,4,,0,False,False,False,False,False
G5.37_static_relative_blind_replay|random-32-32-20|50|304|500|0,random-32-32-20|50|304|500|0,G5.37_static_relative_blind_replay,4,,0,False,False,False,False,False
G5.37_static_relative_blind_replay|random-32-32-20|50|304|500|final,random-32-32-20|50|304|500|final,G5.37_static_relative_blind_replay,4,,0,False,False,False,False,False
G5.37_static_relative_blind_replay|random-32-32-20|50|305|1000|0,random-32-32-20|50|305|1000|0,G5.37_static_relative_blind_replay,4,,0,False,False,False,False,False
G5.37_static_relative_blind_replay|random-32-32-20|50|305|1000|1,random-32-32-20|50|305|1000|1,G5.37_static_relative_blind_replay,4,,0,False,False,False,False,False
G5.37_static_relative_blind_replay|random-32-32-20|50|305|1000|final,random-32-32-20|50|305|1000|final,G5.37_static_relative_blind_replay,4,,0,False,False,False,False,False
G5.37_static_relative_blind_replay|random-32-32-20|50|306|1000|0,random-32-32-20|50|306|1000|0,G5.37_static_relative_blind_replay,4,,0,False,False,False,False,False
G5.37_static_relative_blind_replay|random-32-32-20|50|306|1000|1,random-32-32-20|50|306|1000|1,G5.37_static_relative_blind_replay,4,,0,False,False,False,False,False
G5.37_static_relative_blind_replay|random-32-32-20|50|306|1000|final,random-32-32-20|50|306|1000|final,G5.37_static_relative_blind_replay,4,,0,False,False,False,False,False
G5.37_static_relative_blind_replay|random-32-32-20|50|308|2000|0,random-32-32-20|50|308|2000|0,G5.37_static_relative_blind_replay,4,,0,False,False,False,False,False
G5.37_static_relative_blind_replay|random-32-32-20|50|308|2000|1,random-32-32-20|50|308|2000|1,G5.37_static_relative_blind_replay,4,repair5g59_high_beta_cap_safe|repair5g59_wait_aggressive,2,False,False,False,False,False
G5.37_static_relative_blind_replay|random-32-32-20|50|308|2000|final,random-32-32-20|50|308|2000|final,G5.37_static_relative_blind_replay,4,repair5g59_wait_aggressive,1,False,False,False,False,False
G5.37_static_relative_blind_replay|random-32-32-20|50|308|500|0,random-32-32-20|50|308|500|0,G5.37_static_relative_blind_replay,4,,0,False,False,False,False,False
G5.37_static_relative_blind_replay|random-32-32-20|50|308|500|final,random-32-32-20|50|308|500|final,G5.37_static_relative_blind_replay,4,,0,False,False,False,False,False
G5.37_static_relative_blind_replay|random-32-32-20|50|311|2000|0,random-32-32-20|50|311|2000|0,G5.37_static_relative_blind_replay,4,,0,False,False,False,False,False
G5.37_static_relative_blind_replay|random-32-32-20|50|311|2000|1,random-32-32-20|50|311|2000|1,G5.37_static_relative_blind_replay,4,repair5g59_high_beta_cap_safe|repair5g59_static_flow_shield,2,False,False,False,False,False
G5.37_static_relative_blind_replay|random-32-32-20|50|311|2000|final,random-32-32-20|50|311|2000|final,G5.37_static_relative_blind_replay,4,,0,False,False,False,False,False
G5.37_static_relative_blind_replay|random-32-32-20|50|312|500|0,random-32-32-20|50|312|500|0,G5.37_static_relative_blind_replay,4,,0,False,False,False,False,False
G5.37_static_relative_blind_replay|random-32-32-20|50|312|500|final,random-32-32-20|50|312|500|final,G5.37_static_relative_blind_replay,4,,0,False,False,False,False,False
G5.37_static_relative_blind_replay|random-32-32-20|50|313|1000|0,random-32-32-20|50|313|1000|0,G5.37_static_relative_blind_replay,4,,0,False,False,False,False,False
G5.37_static_relative_blind_replay|random-32-32-20|50|313|1000|1,random-32-32-20|50|313|1000|1,G5.37_static_relative_blind_replay,4,,0,False,False,False,False,False
G5.37_static_relative_blind_replay|random-32-32-20|50|313|1000|final,random-32-32-20|50|313|1000|final,G5.37_static_relative_blind_replay,4,,0,False,False,False,False,False
G5.37_static_relative_blind_replay|random-32-32-20|50|313|2000|0,random-32-32-20|50|313|2000|0,G5.37_static_relative_blind_replay,4,,0,False,False,False,False,False
G5.37_static_relative_blind_replay|random-32-32-20|50|313|2000|1,random-32-32-20|50|313|2000|1,G5.37_static_relative_blind_replay,4,,0,False,False,False,False,False
G5.37_static_relative_blind_replay|random-32-32-20|50|313|2000|final,random-32-32-20|50|313|2000|final,G5.37_static_relative_blind_replay,4,,0,False,False,False,False,False
G5.37_static_relative_blind_replay|random-32-32-20|50|313|500|0,random-32-32-20|50|313|500|0,G5.37_static_relative_blind_replay,4,,0,False,False,False,False,False
G5.37_static_relative_blind_replay|random-32-32-20|50|313|500|final,random-32-32-20|50|313|500|final,G5.37_static_relative_blind_replay,4,,0,False,False,False,False,False
G5.37_static_relative_blind_replay|random-32-32-20|50|314|2000|0,random-32-32-20|50|314|2000|0,G5.37_static_relative_blind_replay,4,,0,False,False,False,False,False
G5.37_static_relative_blind_replay|random-32-32-20|50|314|2000|1,random-32-32-20|50|314|2000|1,G5.37_static_relative_blind_replay,4,repair5g59_high_beta_cap_safe|repair5g59_static_flow_shield,2,False,False,False,False,False
G5.37_static_relative_blind_replay|random-32-32-20|50|314|2000|final,random-32-32-20|50|314|2000|final,G5.37_static_relative_blind_replay,4,repair5g59_static_flow_shield,1,False,False,False,False,False
G5.37_static_relative_blind_replay|random-32-32-20|50|314|500|0,random-32-32-20|50|314|500|0,G5.37_static_relative_blind_replay,4,,0,False,False,False,False,False
G5.37_static_relative_blind_replay|random-32-32-20|50|314|500|final,random-32-32-20|50|314|500|final,G5.37_static_relative_blind_replay,4,,0,False,False,False,False,False
G5.37_static_relative_blind_replay|random-32-32-20|50|315|1000|0,random-32-32-20|50|315|1000|0,G5.37_static_relative_blind_replay,4,,0,False,False,False,False,False
G5.37_static_relative_blind_replay|random-32-32-20|50|315|1000|1,random-32-32-20|50|315|1000|1,G5.37_static_relative_blind_replay,4,,0,False,False,False,False,False
G5.37_static_relative_blind_replay|random-32-32-20|50|315|1000|final,random-32-32-20|50|315|1000|final,G5.37_static_relative_blind_replay,4,,0,False,False,False,False,False
G5.37_static_relative_blind_replay|random-32-32-20|50|316|1000|0,random-32-32-20|50|316|1000|0,G5.37_static_relative_blind_replay,4,,0,False,False,False,False,False
G5.37_static_relative_blind_replay|random-32-32-20|50|316|1000|1,random-32-32-20|50|316|1000|1,G5.37_static_relative_blind_replay,4,,0,False,False,False,False,False
G5.37_static_relative_blind_replay|random-32-32-20|50|316|1000|final,random-32-32-20|50|316|1000|final,G5.37_static_relative_blind_replay,4,,0,False,False,False,False,False
G5.37_static_relative_blind_replay|random-32-32-20|50|316|500|0,random-32-32-20|50|316|500|0,G5.37_static_relative_blind_replay,4,,0,False,False,False,False,False
G5.37_static_relative_blind_replay|random-32-32-20|50|316|500|final,random-32-32-20|50|316|500|final,G5.37_static_relative_blind_replay,4,,0,False,False,False,False,False
G5.37_static_relative_blind_replay|random-32-32-20|50|319|1000|0,random-32-32-20|50|319|1000|0,G5.37_static_relative_blind_replay,4,,0,False,False,False,False,False
G5.37_static_relative_blind_replay|random-32-32-20|50|319|1000|1,random-32-32-20|50|319|1000|1,G5.37_static_relative_blind_replay,4,,0,False,False,False,False,False
G5.37_static_relative_blind_replay|random-32-32-20|50|319|1000|final,random-32-32-20|50|319|1000|final,G5.37_static_relative_blind_replay,4,,0,False,False,False,False,False
G5.37_static_relative_blind_replay|random-32-32-20|50|319|2000|0,random-32-32-20|50|319|2000|0,G5.37_static_relative_blind_replay,4,,0,False,False,False,False,False
G5.37_static_relative_blind_replay|random-32-32-20|50|319|2000|1,random-32-32-20|50|319|2000|1,G5.37_static_relative_blind_replay,4,repair5g59_high_beta_cap_safe|repair5g59_static_flow_shield,2,False,False,False,False,False
G5.37_static_relative_blind_replay|random-32-32-20|50|319|2000|final,random-32-32-20|50|319|2000|final,G5.37_static_relative_blind_replay,4,,0,False,False,False,False,False
G5.37_static_relative_blind_replay|random-32-32-20|50|320|1000|0,random-32-32-20|50|320|1000|0,G5.37_static_relative_blind_replay,4,,0,False,False,False,False,False
G5.37_static_relative_blind_replay|random-32-32-20|50|320|1000|1,random-32-32-20|50|320|1000|1,G5.37_static_relative_blind_replay,4,,0,False,False,False,False,False
G5.37_static_relative_blind_replay|random-32-32-20|50|320|1000|final,random-32-32-20|50|320|1000|final,G5.37_static_relative_blind_replay,4,,0,False,False,False,False,False
G5.37_static_relative_blind_replay|random-32-32-20|50|320|2000|0,random-32-32-20|50|320|2000|0,G5.37_static_relative_blind_replay,4,,0,False,False,False,False,False
G5.37_static_relative_blind_replay|random-32-32-20|50|320|2000|1,random-32-32-20|50|320|2000|1,G5.37_static_relative_blind_replay,4,repair5g59_high_beta_cap_safe|repair5g59_wait_aggressive,2,False,False,False,False,False
G5.37_static_relative_blind_replay|random-32-32-20|50|320|2000|final,random-32-32-20|50|320|2000|final,G5.37_static_relative_blind_replay,4,repair5g59_high_beta_cap_safe|repair5g59_wait_aggressive,2,False,False,False,False,False
G5.37_static_relative_blind_replay|random-32-32-20|50|320|500|0,random-32-32-20|50|320|500|0,G5.37_static_relative_blind_replay,4,,0,False,False,False,False,False
G5.37_static_relative_blind_replay|random-32-32-20|50|320|500|final,random-32-32-20|50|320|500|final,G5.37_static_relative_blind_replay,4,,0,False,False,False,False,False
G5.37_static_relative_blind_replay|random-32-32-20|50|322|1000|0,random-32-32-20|50|322|1000|0,G5.37_static_relative_blind_replay,4,,0,False,False,False,False,False
G5.37_static_relative_blind_replay|random-32-32-20|50|322|1000|1,random-32-32-20|50|322|1000|1,G5.37_static_relative_blind_replay,4,,0,False,False,False,False,False
G5.37_static_relative_blind_replay|random-32-32-20|50|322|1000|final,random-32-32-20|50|322|1000|final,G5.37_static_relative_blind_replay,4,,0,False,False,False,False,False
G5.37_static_relative_blind_replay|random-32-32-20|50|322|2000|0,random-32-32-20|50|322|2000|0,G5.37_static_relative_blind_replay,4,,0,False,False,False,False,False
G5.37_static_relative_blind_replay|random-32-32-20|50|322|2000|1,random-32-32-20|50|322|2000|1,G5.37_static_relative_blind_replay,4,repair5g59_high_beta_cap_safe|repair5g59_static_flow_shield,2,False,False,False,False,False
G5.37_static_relative_blind_replay|random-32-32-20|50|322|2000|final,random-32-32-20|50|322|2000|final,G5.37_static_relative_blind_replay,4,,0,False,False,False,False,False
G5.37_static_relative_blind_replay|random-32-32-20|50|322|500|0,random-32-32-20|50|322|500|0,G5.37_static_relative_blind_replay,4,,0,False,False,False,False,False
G5.37_static_relative_blind_replay|random-32-32-20|50|322|500|final,random-32-32-20|50|322|500|final,G5.37_static_relative_blind_replay,4,,0,False,False,False,False,False
G5.37_static_relative_blind_replay|random-32-32-20|50|324|1000|0,random-32-32-20|50|324|1000|0,G5.37_static_relative_blind_replay,4,,0,False,False,False,False,False
G5.37_static_relative_blind_replay|random-32-32-20|50|324|1000|1,random-32-32-20|50|324|1000|1,G5.37_static_relative_blind_replay,4,,0,False,False,False,False,False
G5.37_static_relative_blind_replay|random-32-32-20|50|324|1000|final,random-32-32-20|50|324|1000|final,G5.37_static_relative_blind_replay,4,,0,False,False,False,False,False
G5.37_static_relative_blind_replay|random-32-32-20|50|325|2000|0,random-32-32-20|50|325|2000|0,G5.37_static_relative_blind_replay,4,,0,False,False,False,False,False
G5.37_static_relative_blind_replay|random-32-32-20|50|325|2000|1,random-32-32-20|50|325|2000|1,G5.37_static_relative_blind_replay,4,repair5g59_high_beta_cap_safe|repair5g59_static_flow_shield,2,False,False,False,False,False
G5.37_static_relative_blind_replay|random-32-32-20|50|325|2000|final,random-32-32-20|50|325|2000|final,G5.37_static_relative_blind_replay,4,,0,False,False,False,False,False
G5.37_static_relative_blind_replay|random-32-32-20|50|325|500|0,random-32-32-20|50|325|500|0,G5.37_static_relative_blind_replay,4,,0,False,False,False,False,False
G5.37_static_relative_blind_replay|random-32-32-20|50|325|500|final,random-32-32-20|50|325|500|final,G5.37_static_relative_blind_replay,4,,0,False,False,False,False,False
G5.37_static_relative_blind_replay|random-32-32-20|50|326|2000|0,random-32-32-20|50|326|2000|0,G5.37_static_relative_blind_replay,4,,0,False,False,False,False,False
G5.37_static_relative_blind_replay|random-32-32-20|50|326|2000|1,random-32-32-20|50|326|2000|1,G5.37_static_relative_blind_replay,4,repair5g59_wait_aggressive,1,False,False,False,False,False
G5.37_static_relative_blind_replay|random-32-32-20|50|326|2000|final,random-32-32-20|50|326|2000|final,G5.37_static_relative_blind_replay,4,,0,False,False,False,False,False
G5.37_static_relative_blind_replay|random-32-32-20|50|328|2000|0,random-32-32-20|50|328|2000|0,G5.37_static_relative_blind_replay,4,,0,False,False,False,False,False
G5.37_static_relative_blind_replay|random-32-32-20|50|328|2000|1,random-32-32-20|50|328|2000|1,G5.37_static_relative_blind_replay,4,repair5g59_static_flow_shield,1,False,False,False,False,False
G5.37_static_relative_blind_replay|random-32-32-20|50|328|2000|final,random-32-32-20|50|328|2000|final,G5.37_static_relative_blind_replay,4,repair5g59_static_flow_shield,1,False,False,False,False,False
G5.37_static_relative_blind_replay|random-32-32-20|50|329|1000|0,random-32-32-20|50|329|1000|0,G5.37_static_relative_blind_replay,4,,0,False,False,False,False,False
G5.37_static_relative_blind_replay|random-32-32-20|50|329|1000|1,random-32-32-20|50|329|1000|1,G5.37_static_relative_blind_replay,4,,0,False,False,False,False,False
G5.37_static_relative_blind_replay|random-32-32-20|50|329|1000|final,random-32-32-20|50|329|1000|final,G5.37_static_relative_blind_replay,4,,0,False,False,False,False,False
G5.37_static_relative_blind_replay|random-32-32-20|50|329|2000|0,random-32-32-20|50|329|2000|0,G5.37_static_relative_blind_replay,4,,0,False,False,False,False,False
G5.37_static_relative_blind_replay|random-32-32-20|50|329|2000|1,random-32-32-20|50|329|2000|1,G5.37_static_relative_blind_replay,4,repair5g59_wait_aggressive,1,False,False,False,False,False
G5.37_static_relative_blind_replay|random-32-32-20|50|329|2000|final,random-32-32-20|50|329|2000|final,G5.37_static_relative_blind_replay,4,,0,False,False,False,False,False
G5.37_static_relative_blind_replay|random-32-32-20|50|331|2000|0,random-32-32-20|50|331|2000|0,G5.37_static_relative_blind_replay,4,,0,False,False,False,False,False
G5.37_static_relative_blind_replay|random-32-32-20|50|331|2000|1,random-32-32-20|50|331|2000|1,G5.37_static_relative_blind_replay,4,repair5g59_high_beta_cap_safe|repair5g59_static_flow_shield,2,False,False,False,False,False
G5.37_static_relative_blind_replay|random-32-32-20|50|331|2000|final,random-32-32-20|50|331|2000|final,G5.37_static_relative_blind_replay,4,repair5g59_static_flow_shield,1,False,False,False,False,False
G5.37_static_relative_blind_replay|random-32-32-20|50|331|500|0,random-32-32-20|50|331|500|0,G5.37_static_relative_blind_replay,4,,0,False,False,False,False,False
G5.37_static_relative_blind_replay|random-32-32-20|50|331|500|final,random-32-32-20|50|331|500|final,G5.37_static_relative_blind_replay,4,,0,False,False,False,False,False
G5.37_static_relative_blind_replay|random-32-32-20|50|332|1000|0,random-32-32-20|50|332|1000|0,G5.37_static_relative_blind_replay,4,,0,False,False,False,False,False
G5.37_static_relative_blind_replay|random-32-32-20|50|332|1000|1,random-32-32-20|50|332|1000|1,G5.37_static_relative_blind_replay,4,,0,False,False,False,False,False
G5.37_static_relative_blind_replay|random-32-32-20|50|332|1000|final,random-32-32-20|50|332|1000|final,G5.37_static_relative_blind_replay,4,,0,False,False,False,False,False
G5.37_static_relative_blind_replay|random-32-32-20|50|332|500|0,random-32-32-20|50|332|500|0,G5.37_static_relative_blind_replay,4,,0,False,False,False,False,False
G5.37_static_relative_blind_replay|random-32-32-20|50|332|500|final,random-32-32-20|50|332|500|final,G5.37_static_relative_blind_replay,4,,0,False,False,False,False,False
G5.37_static_relative_blind_replay|random-32-32-20|50|333|1000|0,random-32-32-20|50|333|1000|0,G5.37_static_relative_blind_replay,4,,0,False,False,False,False,False
G5.37_static_relative_blind_replay|random-32-32-20|50|333|1000|1,random-32-32-20|50|333|1000|1,G5.37_static_relative_blind_replay,4,,0,False,False,False,False,False
G5.37_static_relative_blind_replay|random-32-32-20|50|333|1000|final,random-32-32-20|50|333|1000|final,G5.37_static_relative_blind_replay,4,,0,False,False,False,False,False
G5.37_static_relative_blind_replay|random-32-32-20|50|333|2000|0,random-32-32-20|50|333|2000|0,G5.37_static_relative_blind_replay,4,,0,False,False,False,False,False
G5.37_static_relative_blind_replay|random-32-32-20|50|333|2000|1,random-32-32-20|50|333|2000|1,G5.37_static_relative_blind_replay,4,repair5g59_high_beta_cap_safe|repair5g59_wait_aggressive,2,False,False,False,False,False
G5.37_static_relative_blind_replay|random-32-32-20|50|333|2000|final,random-32-32-20|50|333|2000|final,G5.37_static_relative_blind_replay,4,,0,False,False,False,False,False
G5.37_static_relative_blind_replay|random-32-32-20|50|333|500|0,random-32-32-20|50|333|500|0,G5.37_static_relative_blind_replay,4,,0,False,False,False,False,False
G5.37_static_relative_blind_replay|random-32-32-20|50|333|500|final,random-32-32-20|50|333|500|final,G5.37_static_relative_blind_replay,4,,0,False,False,False,False,False
G5.37_static_relative_blind_replay|random-32-32-20|50|334|1000|0,random-32-32-20|50|334|1000|0,G5.37_static_relative_blind_replay,4,,0,False,False,False,False,False
G5.37_static_relative_blind_replay|random-32-32-20|50|334|1000|1,random-32-32-20|50|334|1000|1,G5.37_static_relative_blind_replay,4,,0,False,False,False,False,False
G5.37_static_relative_blind_replay|random-32-32-20|50|334|1000|final,random-32-32-20|50|334|1000|final,G5.37_static_relative_blind_replay,4,,0,False,False,False,False,False
G5.37_static_relative_blind_replay|random-32-32-20|50|334|2000|0,random-32-32-20|50|334|2000|0,G5.37_static_relative_blind_replay,4,,0,False,False,False,False,False
G5.37_static_relative_blind_replay|random-32-32-20|50|334|2000|1,random-32-32-20|50|334|2000|1,G5.37_static_relative_blind_replay,4,repair5g59_static_flow_shield,1,False,False,False,False,False
G5.37_static_relative_blind_replay|random-32-32-20|50|334|2000|final,random-32-32-20|50|334|2000|final,G5.37_static_relative_blind_replay,4,,0,False,False,False,False,False
G5.37_static_relative_blind_replay|random-32-32-20|50|336|2000|0,random-32-32-20|50|336|2000|0,G5.37_static_relative_blind_replay,4,,0,False,False,False,False,False
G5.37_static_relative_blind_replay|random-32-32-20|50|336|2000|1,random-32-32-20|50|336|2000|1,G5.37_static_relative_blind_replay,4,repair5g59_wait_aggressive,1,False,False,False,False,False
G5.37_static_relative_blind_replay|random-32-32-20|50|336|2000|final,random-32-32-20|50|336|2000|final,G5.37_static_relative_blind_replay,4,repair5g59_wait_aggressive,1,False,False,False,False,False
G5.37_static_relative_blind_replay|random-32-32-20|50|337|1000|0,random-32-32-20|50|337|1000|0,G5.37_static_relative_blind_replay,4,,0,False,False,False,False,False
G5.37_static_relative_blind_replay|random-32-32-20|50|337|1000|1,random-32-32-20|50|337|1000|1,G5.37_static_relative_blind_replay,4,,0,False,False,False,False,False
G5.37_static_relative_blind_replay|random-32-32-20|50|337|1000|final,random-32-32-20|50|337|1000|final,G5.37_static_relative_blind_replay,4,,0,False,False,False,False,False
G5.37_static_relative_blind_replay|random-32-32-20|50|338|1000|0,random-32-32-20|50|338|1000|0,G5.37_static_relative_blind_replay,4,,0,False,False,False,False,False
G5.37_static_relative_blind_replay|random-32-32-20|50|338|1000|1,random-32-32-20|50|338|1000|1,G5.37_static_relative_blind_replay,4,,0,False,False,False,False,False
G5.37_static_relative_blind_replay|random-32-32-20|50|338|1000|final,random-32-32-20|50|338|1000|final,G5.37_static_relative_blind_replay,4,,0,False,False,False,False,False
G5.37_static_relative_blind_replay|random-32-32-20|50|340|500|0,random-32-32-20|50|340|500|0,G5.37_static_relative_blind_replay,4,,0,False,False,False,False,False
G5.37_static_relative_blind_replay|random-32-32-20|50|340|500|final,random-32-32-20|50|340|500|final,G5.37_static_relative_blind_replay,4,,0,False,False,False,False,False
G5.37_static_relative_blind_replay|random-32-32-20|50|341|2000|0,random-32-32-20|50|341|2000|0,G5.37_static_relative_blind_replay,4,,0,False,False,False,False,False
G5.37_static_relative_blind_replay|random-32-32-20|50|341|2000|1,random-32-32-20|50|341|2000|1,G5.37_static_relative_blind_replay,4,repair5g59_high_beta_cap_safe|repair5g59_static_flow_shield,2,False,False,False,False,False
G5.37_static_relative_blind_replay|random-32-32-20|50|341|2000|final,random-32-32-20|50|341|2000|final,G5.37_static_relative_blind_replay,4,,0,False,False,False,False,False
G5.37_static_relative_blind_replay|random-32-32-20|50|342|2000|0,random-32-32-20|50|342|2000|0,G5.37_static_relative_blind_replay,4,,0,False,False,False,False,False
G5.37_static_relative_blind_replay|random-32-32-20|50|342|2000|1,random-32-32-20|50|342|2000|1,G5.37_static_relative_blind_replay,4,repair5g59_high_beta_cap_safe|repair5g59_static_flow_shield,2,False,False,False,False,False
G5.37_static_relative_blind_replay|random-32-32-20|50|342|2000|final,random-32-32-20|50|342|2000|final,G5.37_static_relative_blind_replay,4,,0,False,False,False,False,False
G5.37_static_relative_blind_replay|random-32-32-20|50|343|500|0,random-32-32-20|50|343|500|0,G5.37_static_relative_blind_replay,4,,0,False,False,False,False,False
G5.37_static_relative_blind_replay|random-32-32-20|50|343|500|final,random-32-32-20|50|343|500|final,G5.37_static_relative_blind_replay,4,,0,False,False,False,False,False
G5.37_static_relative_blind_replay|random-32-32-20|50|344|500|0,random-32-32-20|50|344|500|0,G5.37_static_relative_blind_replay,4,,0,False,False,False,False,False
G5.37_static_relative_blind_replay|random-32-32-20|50|344|500|final,random-32-32-20|50|344|500|final,G5.37_static_relative_blind_replay,4,,0,False,False,False,False,False
G5.37_static_relative_blind_replay|random-32-32-20|50|345|1000|0,random-32-32-20|50|345|1000|0,G5.37_static_relative_blind_replay,4,,0,False,False,False,False,False
G5.37_static_relative_blind_replay|random-32-32-20|50|345|1000|1,random-32-32-20|50|345|1000|1,G5.37_static_relative_blind_replay,4,,0,False,False,False,False,False
G5.37_static_relative_blind_replay|random-32-32-20|50|345|1000|final,random-32-32-20|50|345|1000|final,G5.37_static_relative_blind_replay,4,,0,False,False,False,False,False
G5.37_static_relative_blind_replay|random-32-32-20|50|345|500|0,random-32-32-20|50|345|500|0,G5.37_static_relative_blind_replay,4,,0,False,False,False,False,False
G5.37_static_relative_blind_replay|random-32-32-20|50|345|500|final,random-32-32-20|50|345|500|final,G5.37_static_relative_blind_replay,4,,0,False,False,False,False,False
G5.37_static_relative_blind_replay|random-32-32-20|50|346|500|0,random-32-32-20|50|346|500|0,G5.37_static_relative_blind_replay,4,,0,False,False,False,False,False
G5.37_static_relative_blind_replay|random-32-32-20|50|346|500|final,random-32-32-20|50|346|500|final,G5.37_static_relative_blind_replay,4,,0,False,False,False,False,False
G5.37_static_relative_blind_replay|random-32-32-20|50|347|1000|0,random-32-32-20|50|347|1000|0,G5.37_static_relative_blind_replay,4,,0,False,False,False,False,False
G5.37_static_relative_blind_replay|random-32-32-20|50|347|1000|1,random-32-32-20|50|347|1000|1,G5.37_static_relative_blind_replay,4,,0,False,False,False,False,False
G5.37_static_relative_blind_replay|random-32-32-20|50|347|1000|final,random-32-32-20|50|347|1000|final,G5.37_static_relative_blind_replay,4,,0,False,False,False,False,False
G5.37_static_relative_blind_replay|random-32-32-20|50|347|500|0,random-32-32-20|50|347|500|0,G5.37_static_relative_blind_replay,4,,0,False,False,False,False,False
G5.37_static_relative_blind_replay|random-32-32-20|50|347|500|final,random-32-32-20|50|347|500|final,G5.37_static_relative_blind_replay,4,,0,False,False,False,False,False
G5.37_static_relative_blind_replay|random-32-32-20|50|348|2000|0,random-32-32-20|50|348|2000|0,G5.37_static_relative_blind_replay,4,,0,False,False,False,False,False
G5.37_static_relative_blind_replay|random-32-32-20|50|348|2000|1,random-32-32-20|50|348|2000|1,G5.37_static_relative_blind_replay,4,repair5g59_high_beta_cap_safe|repair5g59_static_flow_shield,2,False,False,False,False,False
G5.37_static_relative_blind_replay|random-32-32-20|50|348|2000|final,random-32-32-20|50|348|2000|final,G5.37_static_relative_blind_replay,4,repair5g59_high_beta_cap_safe|repair5g59_static_flow_shield,2,False,False,False,False,False
G5.37_static_relative_blind_replay|random-32-32-20|50|348|500|0,random-32-32-20|50|348|500|0,G5.37_static_relative_blind_replay,4,,0,False,False,False,False,False
G5.37_static_relative_blind_replay|random-32-32-20|50|348|500|final,random-32-32-20|50|348|500|final,G5.37_static_relative_blind_replay,4,,0,False,False,False,False,False
G5.37_static_relative_blind_replay|random-32-32-20|50|349|1000|0,random-32-32-20|50|349|1000|0,G5.37_static_relative_blind_replay,4,,0,False,False,False,False,False
G5.37_static_relative_blind_replay|random-32-32-20|50|349|1000|1,random-32-32-20|50|349|1000|1,G5.37_static_relative_blind_replay,4,,0,False,False,False,False,False
G5.37_static_relative_blind_replay|random-32-32-20|50|349|1000|final,random-32-32-20|50|349|1000|final,G5.37_static_relative_blind_replay,4,,0,False,False,False,False,False
G5.37_static_relative_blind_replay|random-32-32-20|50|349|500|0,random-32-32-20|50|349|500|0,G5.37_static_relative_blind_replay,4,,0,False,False,False,False,False
G5.37_static_relative_blind_replay|random-32-32-20|50|349|500|final,random-32-32-20|50|349|500|final,G5.37_static_relative_blind_replay,4,,0,False,False,False,False,False
G5.37_static_relative_blind_replay|random-32-32-20|50|352|2000|0,random-32-32-20|50|352|2000|0,G5.37_static_relative_blind_replay,4,,0,False,False,False,False,False
G5.37_static_relative_blind_replay|random-32-32-20|50|352|2000|1,random-32-32-20|50|352|2000|1,G5.37_static_relative_blind_replay,4,repair5g59_high_beta_cap_safe|repair5g59_static_flow_shield,2,False,False,False,False,False
G5.37_static_relative_blind_replay|random-32-32-20|50|352|2000|final,random-32-32-20|50|352|2000|final,G5.37_static_relative_blind_replay,4,,0,False,False,False,False,False
G5.37_static_relative_blind_replay|random-32-32-20|50|353|2000|0,random-32-32-20|50|353|2000|0,G5.37_static_relative_blind_replay,4,,0,False,False,False,False,False
G5.37_static_relative_blind_replay|random-32-32-20|50|353|2000|1,random-32-32-20|50|353|2000|1,G5.37_static_relative_blind_replay,4,repair5g59_additive_fallback|repair5g59_high_beta_cap_safe|repair5g59_wait_aggressive,3,False,False,False,False,False
G5.37_static_relative_blind_replay|random-32-32-20|50|353|2000|final,random-32-32-20|50|353|2000|final,G5.37_static_relative_blind_replay,4,repair5g59_additive_fallback|repair5g59_high_beta_cap_safe|repair5g59_wait_aggressive,3,False,False,False,False,False
G5.37_static_relative_blind_replay|random-32-32-20|50|353|500|0,random-32-32-20|50|353|500|0,G5.37_static_relative_blind_replay,4,,0,False,False,False,False,False
G5.37_static_relative_blind_replay|random-32-32-20|50|353|500|final,random-32-32-20|50|353|500|final,G5.37_static_relative_blind_replay,4,,0,False,False,False,False,False
G5.37_static_relative_blind_replay|random-32-32-20|50|355|500|0,random-32-32-20|50|355|500|0,G5.37_static_relative_blind_replay,4,,0,False,False,False,False,False
G5.37_static_relative_blind_replay|random-32-32-20|50|355|500|final,random-32-32-20|50|355|500|final,G5.37_static_relative_blind_replay,4,,0,False,False,False,False,False
G5.37_static_relative_blind_replay|random-32-32-20|50|356|1000|0,random-32-32-20|50|356|1000|0,G5.37_static_relative_blind_replay,4,,0,False,False,False,False,False
G5.37_static_relative_blind_replay|random-32-32-20|50|356|1000|1,random-32-32-20|50|356|1000|1,G5.37_static_relative_blind_replay,1,,0,False,False,False,False,False
G5.37_static_relative_blind_replay|random-32-32-20|50|356|1000|final,random-32-32-20|50|356|1000|final,G5.37_static_relative_blind_replay,4,,0,False,False,False,False,False
G5.37_static_relative_blind_replay|random-32-32-20|50|357|2000|0,random-32-32-20|50|357|2000|0,G5.37_static_relative_blind_replay,4,,0,False,False,False,False,False
G5.37_static_relative_blind_replay|random-32-32-20|50|357|2000|1,random-32-32-20|50|357|2000|1,G5.37_static_relative_blind_replay,4,repair5g59_high_beta_cap_safe|repair5g59_wait_aggressive,2,False,False,False,False,False
G5.37_static_relative_blind_replay|random-32-32-20|50|357|2000|final,random-32-32-20|50|357|2000|final,G5.37_static_relative_blind_replay,4,repair5g59_high_beta_cap_safe|repair5g59_wait_aggressive,2,False,False,False,False,False
G5.37_static_relative_blind_replay|random-32-32-20|50|358|1000|0,random-32-32-20|50|358|1000|0,G5.37_static_relative_blind_replay,4,,0,False,False,False,False,False
G5.37_static_relative_blind_replay|random-32-32-20|50|358|1000|1,random-32-32-20|50|358|1000|1,G5.37_static_relative_blind_replay,3,,0,False,False,False,False,False
G5.37_static_relative_blind_replay|random-32-32-20|50|358|1000|final,random-32-32-20|50|358|1000|final,G5.37_static_relative_blind_replay,4,,0,False,False,False,False,False
G5.37_static_relative_blind_replay|random-32-32-20|50|358|2000|0,random-32-32-20|50|358|2000|0,G5.37_static_relative_blind_replay,4,,0,False,False,False,False,False
G5.37_static_relative_blind_replay|random-32-32-20|50|358|2000|1,random-32-32-20|50|358|2000|1,G5.37_static_relative_blind_replay,4,repair5g59_high_beta_cap_safe|repair5g59_static_flow_shield,2,False,False,False,False,False
G5.37_static_relative_blind_replay|random-32-32-20|50|358|2000|final,random-32-32-20|50|358|2000|final,G5.37_static_relative_blind_replay,4,,0,False,False,False,False,False
G5.37_static_relative_blind_replay|random-32-32-20|50|358|500|0,random-32-32-20|50|358|500|0,G5.37_static_relative_blind_replay,4,,0,False,False,False,False,False
G5.37_static_relative_blind_replay|random-32-32-20|50|358|500|final,random-32-32-20|50|358|500|final,G5.37_static_relative_blind_replay,4,,0,False,False,False,False,False
G5.37_static_relative_blind_replay|random-32-32-20|50|359|1000|0,random-32-32-20|50|359|1000|0,G5.37_static_relative_blind_replay,4,,0,False,False,False,False,False
G5.37_static_relative_blind_replay|random-32-32-20|50|359|1000|1,random-32-32-20|50|359|1000|1,G5.37_static_relative_blind_replay,4,,0,False,False,False,False,False
G5.37_static_relative_blind_replay|random-32-32-20|50|359|1000|final,random-32-32-20|50|359|1000|final,G5.37_static_relative_blind_replay,4,,0,False,False,False,False,False
G5.37_static_relative_blind_replay|random-32-32-20|50|360|2000|0,random-32-32-20|50|360|2000|0,G5.37_static_relative_blind_replay,4,,0,False,False,False,False,False
G5.37_static_relative_blind_replay|random-32-32-20|50|360|2000|1,random-32-32-20|50|360|2000|1,G5.37_static_relative_blind_replay,4,repair5g59_high_beta_cap_safe|repair5g59_static_flow_shield,2,False,False,False,False,False
G5.37_static_relative_blind_replay|random-32-32-20|50|360|2000|final,random-32-32-20|50|360|2000|final,G5.37_static_relative_blind_replay,4,repair5g59_high_beta_cap_safe|repair5g59_static_flow_shield,2,False,False,False,False,False
G5.37_static_relative_blind_replay|random-32-32-20|50|361|2000|0,random-32-32-20|50|361|2000|0,G5.37_static_relative_blind_replay,4,,0,False,False,False,False,False
G5.37_static_relative_blind_replay|random-32-32-20|50|361|2000|1,random-32-32-20|50|361|2000|1,G5.37_static_relative_blind_replay,4,repair5g59_wait_aggressive,1,False,False,False,False,False
G5.37_static_relative_blind_replay|random-32-32-20|50|361|2000|final,random-32-32-20|50|361|2000|final,G5.37_static_relative_blind_replay,4,repair5g59_wait_aggressive,1,False,False,False,False,False
G5.37_static_relative_blind_replay|random-32-32-20|50|361|500|0,random-32-32-20|50|361|500|0,G5.37_static_relative_blind_replay,4,,0,False,False,False,False,False
G5.37_static_relative_blind_replay|random-32-32-20|50|361|500|final,random-32-32-20|50|361|500|final,G5.37_static_relative_blind_replay,4,,0,False,False,False,False,False
G5.37_static_relative_blind_replay|random-32-32-20|50|362|1000|0,random-32-32-20|50|362|1000|0,G5.37_static_relative_blind_replay,4,,0,False,False,False,False,False
G5.37_static_relative_blind_replay|random-32-32-20|50|362|1000|1,random-32-32-20|50|362|1000|1,G5.37_static_relative_blind_replay,4,,0,False,False,False,False,False
G5.37_static_relative_blind_replay|random-32-32-20|50|362|1000|final,random-32-32-20|50|362|1000|final,G5.37_static_relative_blind_replay,4,,0,False,False,False,False,False
G5.37_static_relative_blind_replay|random-32-32-20|50|363|2000|0,random-32-32-20|50|363|2000|0,G5.37_static_relative_blind_replay,4,,0,False,False,False,False,False
G5.37_static_relative_blind_replay|random-32-32-20|50|363|2000|1,random-32-32-20|50|363|2000|1,G5.37_static_relative_blind_replay,4,repair5g59_high_beta_cap_safe|repair5g59_static_flow_shield,2,False,False,False,False,False
G5.37_static_relative_blind_replay|random-32-32-20|50|363|2000|final,random-32-32-20|50|363|2000|final,G5.37_static_relative_blind_replay,4,,0,False,False,False,False,False
G5.37_static_relative_blind_replay|random-32-32-20|50|363|500|0,random-32-32-20|50|363|500|0,G5.37_static_relative_blind_replay,4,,0,False,False,False,False,False
G5.37_static_relative_blind_replay|random-32-32-20|50|363|500|final,random-32-32-20|50|363|500|final,G5.37_static_relative_blind_replay,4,,0,False,False,False,False,False
G5.37_static_relative_blind_replay|warehouse-10-20-10-2-1|100|286|500|0,warehouse-10-20-10-2-1|100|286|500|0,G5.37_static_relative_blind_replay,3,,0,False,False,False,False,False
G5.37_static_relative_blind_replay|warehouse-10-20-10-2-1|100|286|500|final,warehouse-10-20-10-2-1|100|286|500|final,G5.37_static_relative_blind_replay,3,,0,False,False,False,False,False
G5.37_static_relative_blind_replay|warehouse-10-20-10-2-1|100|288|2000|0,warehouse-10-20-10-2-1|100|288|2000|0,G5.37_static_relative_blind_replay,4,,0,False,False,False,False,False
G5.37_static_relative_blind_replay|warehouse-10-20-10-2-1|100|288|2000|final,warehouse-10-20-10-2-1|100|288|2000|final,G5.37_static_relative_blind_replay,4,,0,False,False,False,False,False
G5.37_static_relative_blind_replay|warehouse-10-20-10-2-1|100|289|2000|0,warehouse-10-20-10-2-1|100|289|2000|0,G5.37_static_relative_blind_replay,4,,0,False,False,False,False,False
G5.37_static_relative_blind_replay|warehouse-10-20-10-2-1|100|289|2000|final,warehouse-10-20-10-2-1|100|289|2000|final,G5.37_static_relative_blind_replay,4,,0,False,False,False,False,False
G5.37_static_relative_blind_replay|warehouse-10-20-10-2-1|100|290|1000|0,warehouse-10-20-10-2-1|100|290|1000|0,G5.37_static_relative_blind_replay,3,,0,False,False,False,False,False
G5.37_static_relative_blind_replay|warehouse-10-20-10-2-1|100|290|1000|final,warehouse-10-20-10-2-1|100|290|1000|final,G5.37_static_relative_blind_replay,3,,0,False,False,False,False,False
G5.37_static_relative_blind_replay|warehouse-10-20-10-2-1|100|290|500|0,warehouse-10-20-10-2-1|100|290|500|0,G5.37_static_relative_blind_replay,3,,0,False,False,False,False,False
G5.37_static_relative_blind_replay|warehouse-10-20-10-2-1|100|290|500|final,warehouse-10-20-10-2-1|100|290|500|final,G5.37_static_relative_blind_replay,3,,0,False,False,False,False,False
G5.37_static_relative_blind_replay|warehouse-10-20-10-2-1|100|291|1000|0,warehouse-10-20-10-2-1|100|291|1000|0,G5.37_static_relative_blind_replay,3,,0,False,False,False,False,False
G5.37_static_relative_blind_replay|warehouse-10-20-10-2-1|100|291|1000|final,warehouse-10-20-10-2-1|100|291|1000|final,G5.37_static_relative_blind_replay,3,,0,False,False,False,False,False
G5.37_static_relative_blind_replay|warehouse-10-20-10-2-1|100|293|1000|0,warehouse-10-20-10-2-1|100|293|1000|0,G5.37_static_relative_blind_replay,3,,0,False,False,False,False,False
G5.37_static_relative_blind_replay|warehouse-10-20-10-2-1|100|293|1000|final,warehouse-10-20-10-2-1|100|293|1000|final,G5.37_static_relative_blind_replay,3,,0,False,False,False,False,False
G5.37_static_relative_blind_replay|warehouse-10-20-10-2-1|100|294|1000|0,warehouse-10-20-10-2-1|100|294|1000|0,G5.37_static_relative_blind_replay,3,,0,False,False,False,False,False
G5.37_static_relative_blind_replay|warehouse-10-20-10-2-1|100|294|1000|final,warehouse-10-20-10-2-1|100|294|1000|final,G5.37_static_relative_blind_replay,3,,0,False,False,False,False,False
G5.37_static_relative_blind_replay|warehouse-10-20-10-2-1|100|294|500|0,warehouse-10-20-10-2-1|100|294|500|0,G5.37_static_relative_blind_replay,3,,0,False,False,False,False,False
G5.37_static_relative_blind_replay|warehouse-10-20-10-2-1|100|294|500|final,warehouse-10-20-10-2-1|100|294|500|final,G5.37_static_relative_blind_replay,3,,0,False,False,False,False,False
G5.37_static_relative_blind_replay|warehouse-10-20-10-2-1|100|296|2000|0,warehouse-10-20-10-2-1|100|296|2000|0,G5.37_static_relative_blind_replay,4,,0,False,False,False,False,False
G5.37_static_relative_blind_replay|warehouse-10-20-10-2-1|100|296|2000|final,warehouse-10-20-10-2-1|100|296|2000|final,G5.37_static_relative_blind_replay,4,,0,False,False,False,False,False
G5.37_static_relative_blind_replay|warehouse-10-20-10-2-1|100|297|500|0,warehouse-10-20-10-2-1|100|297|500|0,G5.37_static_relative_blind_replay,3,,0,False,False,False,False,False
G5.37_static_relative_blind_replay|warehouse-10-20-10-2-1|100|297|500|final,warehouse-10-20-10-2-1|100|297|500|final,G5.37_static_relative_blind_replay,3,,0,False,False,False,False,False
G5.37_static_relative_blind_replay|warehouse-10-20-10-2-1|100|298|500|0,warehouse-10-20-10-2-1|100|298|500|0,G5.37_static_relative_blind_replay,3,,0,False,False,False,False,False
G5.37_static_relative_blind_replay|warehouse-10-20-10-2-1|100|298|500|final,warehouse-10-20-10-2-1|100|298|500|final,G5.37_static_relative_blind_replay,3,,0,False,False,False,False,False
G5.37_static_relative_blind_replay|warehouse-10-20-10-2-1|100|299|500|0,warehouse-10-20-10-2-1|100|299|500|0,G5.37_static_relative_blind_replay,3,,0,False,False,False,False,False
G5.37_static_relative_blind_replay|warehouse-10-20-10-2-1|100|299|500|final,warehouse-10-20-10-2-1|100|299|500|final,G5.37_static_relative_blind_replay,3,,0,False,False,False,False,False
G5.37_static_relative_blind_replay|warehouse-10-20-10-2-1|100|300|1000|0,warehouse-10-20-10-2-1|100|300|1000|0,G5.37_static_relative_blind_replay,3,,0,False,False,False,False,False
G5.37_static_relative_blind_replay|warehouse-10-20-10-2-1|100|300|1000|final,warehouse-10-20-10-2-1|100|300|1000|final,G5.37_static_relative_blind_replay,3,,0,False,False,False,False,False
G5.37_static_relative_blind_replay|warehouse-10-20-10-2-1|100|301|2000|0,warehouse-10-20-10-2-1|100|301|2000|0,G5.37_static_relative_blind_replay,4,,0,False,False,False,False,False
G5.37_static_relative_blind_replay|warehouse-10-20-10-2-1|100|301|2000|final,warehouse-10-20-10-2-1|100|301|2000|final,G5.37_static_relative_blind_replay,4,,0,False,False,False,False,False
G5.37_static_relative_blind_replay|warehouse-10-20-10-2-1|100|301|500|0,warehouse-10-20-10-2-1|100|301|500|0,G5.37_static_relative_blind_replay,3,,0,False,False,False,False,False
G5.37_static_relative_blind_replay|warehouse-10-20-10-2-1|100|301|500|final,warehouse-10-20-10-2-1|100|301|500|final,G5.37_static_relative_blind_replay,3,,0,False,False,False,False,False
G5.37_static_relative_blind_replay|warehouse-10-20-10-2-1|100|302|1000|0,warehouse-10-20-10-2-1|100|302|1000|0,G5.37_static_relative_blind_replay,3,,0,False,False,False,False,False
G5.37_static_relative_blind_replay|warehouse-10-20-10-2-1|100|302|1000|final,warehouse-10-20-10-2-1|100|302|1000|final,G5.37_static_relative_blind_replay,3,,0,False,False,False,False,False
G5.37_static_relative_blind_replay|warehouse-10-20-10-2-1|100|306|2000|0,warehouse-10-20-10-2-1|100|306|2000|0,G5.37_static_relative_blind_replay,4,,0,False,False,False,False,False
G5.37_static_relative_blind_replay|warehouse-10-20-10-2-1|100|306|2000|final,warehouse-10-20-10-2-1|100|306|2000|final,G5.37_static_relative_blind_replay,4,,0,False,False,False,False,False
G5.37_static_relative_blind_replay|warehouse-10-20-10-2-1|100|307|1000|0,warehouse-10-20-10-2-1|100|307|1000|0,G5.37_static_relative_blind_replay,3,,0,False,False,False,False,False
G5.37_static_relative_blind_replay|warehouse-10-20-10-2-1|100|307|1000|final,warehouse-10-20-10-2-1|100|307|1000|final,G5.37_static_relative_blind_replay,3,,0,False,False,False,False,False
G5.37_static_relative_blind_replay|warehouse-10-20-10-2-1|100|308|1000|0,warehouse-10-20-10-2-1|100|308|1000|0,G5.37_static_relative_blind_replay,3,,0,False,False,False,False,False
G5.37_static_relative_blind_replay|warehouse-10-20-10-2-1|100|308|1000|final,warehouse-10-20-10-2-1|100|308|1000|final,G5.37_static_relative_blind_replay,3,,0,False,False,False,False,False
G5.37_static_relative_blind_replay|warehouse-10-20-10-2-1|100|309|500|0,warehouse-10-20-10-2-1|100|309|500|0,G5.37_static_relative_blind_replay,3,,0,False,False,False,False,False
G5.37_static_relative_blind_replay|warehouse-10-20-10-2-1|100|309|500|final,warehouse-10-20-10-2-1|100|309|500|final,G5.37_static_relative_blind_replay,3,,0,False,False,False,False,False
G5.37_static_relative_blind_replay|warehouse-10-20-10-2-1|100|310|1000|0,warehouse-10-20-10-2-1|100|310|1000|0,G5.37_static_relative_blind_replay,3,,0,False,False,False,False,False
G5.37_static_relative_blind_replay|warehouse-10-20-10-2-1|100|310|1000|final,warehouse-10-20-10-2-1|100|310|1000|final,G5.37_static_relative_blind_replay,3,,0,False,False,False,False,False
G5.37_static_relative_blind_replay|warehouse-10-20-10-2-1|100|310|2000|0,warehouse-10-20-10-2-1|100|310|2000|0,G5.37_static_relative_blind_replay,4,,0,False,False,False,False,False
G5.37_static_relative_blind_replay|warehouse-10-20-10-2-1|100|310|2000|final,warehouse-10-20-10-2-1|100|310|2000|final,G5.37_static_relative_blind_replay,4,,0,False,False,False,False,False
G5.37_static_relative_blind_replay|warehouse-10-20-10-2-1|100|311|500|0,warehouse-10-20-10-2-1|100|311|500|0,G5.37_static_relative_blind_replay,3,,0,False,False,False,False,False
G5.37_static_relative_blind_replay|warehouse-10-20-10-2-1|100|311|500|final,warehouse-10-20-10-2-1|100|311|500|final,G5.37_static_relative_blind_replay,3,,0,False,False,False,False,False
G5.37_static_relative_blind_replay|warehouse-10-20-10-2-1|100|312|2000|0,warehouse-10-20-10-2-1|100|312|2000|0,G5.37_static_relative_blind_replay,4,,0,False,False,False,False,False
G5.37_static_relative_blind_replay|warehouse-10-20-10-2-1|100|312|2000|final,warehouse-10-20-10-2-1|100|312|2000|final,G5.37_static_relative_blind_replay,4,,0,False,False,False,False,False
G5.37_static_relative_blind_replay|warehouse-10-20-10-2-1|100|314|1000|0,warehouse-10-20-10-2-1|100|314|1000|0,G5.37_static_relative_blind_replay,3,,0,False,False,False,False,False
G5.37_static_relative_blind_replay|warehouse-10-20-10-2-1|100|314|1000|final,warehouse-10-20-10-2-1|100|314|1000|final,G5.37_static_relative_blind_replay,3,,0,False,False,False,False,False
G5.37_static_relative_blind_replay|warehouse-10-20-10-2-1|100|314|2000|0,warehouse-10-20-10-2-1|100|314|2000|0,G5.37_static_relative_blind_replay,4,,0,False,False,False,False,False
G5.37_static_relative_blind_replay|warehouse-10-20-10-2-1|100|314|2000|final,warehouse-10-20-10-2-1|100|314|2000|final,G5.37_static_relative_blind_replay,4,,0,False,False,False,False,False
G5.37_static_relative_blind_replay|warehouse-10-20-10-2-1|100|316|500|0,warehouse-10-20-10-2-1|100|316|500|0,G5.37_static_relative_blind_replay,3,,0,False,False,False,False,False
G5.37_static_relative_blind_replay|warehouse-10-20-10-2-1|100|316|500|final,warehouse-10-20-10-2-1|100|316|500|final,G5.37_static_relative_blind_replay,3,,0,False,False,False,False,False
G5.37_static_relative_blind_replay|warehouse-10-20-10-2-1|100|318|2000|0,warehouse-10-20-10-2-1|100|318|2000|0,G5.37_static_relative_blind_replay,4,,0,False,False,False,False,False
G5.37_static_relative_blind_replay|warehouse-10-20-10-2-1|100|318|2000|final,warehouse-10-20-10-2-1|100|318|2000|final,G5.37_static_relative_blind_replay,4,,0,False,False,False,False,False
G5.37_static_relative_blind_replay|warehouse-10-20-10-2-1|100|319|500|0,warehouse-10-20-10-2-1|100|319|500|0,G5.37_static_relative_blind_replay,3,,0,False,False,False,False,False
G5.37_static_relative_blind_replay|warehouse-10-20-10-2-1|100|319|500|final,warehouse-10-20-10-2-1|100|319|500|final,G5.37_static_relative_blind_replay,3,,0,False,False,False,False,False
G5.37_static_relative_blind_replay|warehouse-10-20-10-2-1|100|320|2000|0,warehouse-10-20-10-2-1|100|320|2000|0,G5.37_static_relative_blind_replay,4,,0,False,False,False,False,False
G5.37_static_relative_blind_replay|warehouse-10-20-10-2-1|100|320|2000|final,warehouse-10-20-10-2-1|100|320|2000|final,G5.37_static_relative_blind_replay,4,,0,False,False,False,False,False
G5.37_static_relative_blind_replay|warehouse-10-20-10-2-1|100|321|1000|0,warehouse-10-20-10-2-1|100|321|1000|0,G5.37_static_relative_blind_replay,3,,0,False,False,False,False,False
G5.37_static_relative_blind_replay|warehouse-10-20-10-2-1|100|321|1000|final,warehouse-10-20-10-2-1|100|321|1000|final,G5.37_static_relative_blind_replay,3,,0,False,False,False,False,False
G5.37_static_relative_blind_replay|warehouse-10-20-10-2-1|100|321|2000|0,warehouse-10-20-10-2-1|100|321|2000|0,G5.37_static_relative_blind_replay,4,,0,False,False,False,False,False
G5.37_static_relative_blind_replay|warehouse-10-20-10-2-1|100|321|2000|final,warehouse-10-20-10-2-1|100|321|2000|final,G5.37_static_relative_blind_replay,4,,0,False,False,False,False,False
G5.37_static_relative_blind_replay|warehouse-10-20-10-2-1|100|322|500|0,warehouse-10-20-10-2-1|100|322|500|0,G5.37_static_relative_blind_replay,3,,0,False,False,False,False,False
G5.37_static_relative_blind_replay|warehouse-10-20-10-2-1|100|322|500|final,warehouse-10-20-10-2-1|100|322|500|final,G5.37_static_relative_blind_replay,3,,0,False,False,False,False,False
G5.37_static_relative_blind_replay|warehouse-10-20-10-2-1|100|323|2000|0,warehouse-10-20-10-2-1|100|323|2000|0,G5.37_static_relative_blind_replay,4,,0,False,False,False,False,False
G5.37_static_relative_blind_replay|warehouse-10-20-10-2-1|100|323|2000|final,warehouse-10-20-10-2-1|100|323|2000|final,G5.37_static_relative_blind_replay,4,,0,False,False,False,False,False
G5.37_static_relative_blind_replay|warehouse-10-20-10-2-1|100|325|1000|0,warehouse-10-20-10-2-1|100|325|1000|0,G5.37_static_relative_blind_replay,3,,0,False,False,False,False,False
G5.37_static_relative_blind_replay|warehouse-10-20-10-2-1|100|325|1000|final,warehouse-10-20-10-2-1|100|325|1000|final,G5.37_static_relative_blind_replay,3,,0,False,False,False,False,False
G5.37_static_relative_blind_replay|warehouse-10-20-10-2-1|100|325|2000|0,warehouse-10-20-10-2-1|100|325|2000|0,G5.37_static_relative_blind_replay,4,,0,False,False,False,False,False
G5.37_static_relative_blind_replay|warehouse-10-20-10-2-1|100|325|2000|final,warehouse-10-20-10-2-1|100|325|2000|final,G5.37_static_relative_blind_replay,4,,0,False,False,False,False,False
G5.37_static_relative_blind_replay|warehouse-10-20-10-2-1|100|325|500|0,warehouse-10-20-10-2-1|100|325|500|0,G5.37_static_relative_blind_replay,3,,0,False,False,False,False,False
G5.37_static_relative_blind_replay|warehouse-10-20-10-2-1|100|325|500|final,warehouse-10-20-10-2-1|100|325|500|final,G5.37_static_relative_blind_replay,3,,0,False,False,False,False,False
G5.37_static_relative_blind_replay|warehouse-10-20-10-2-1|100|326|1000|0,warehouse-10-20-10-2-1|100|326|1000|0,G5.37_static_relative_blind_replay,3,,0,False,False,False,False,False
G5.37_static_relative_blind_replay|warehouse-10-20-10-2-1|100|326|1000|final,warehouse-10-20-10-2-1|100|326|1000|final,G5.37_static_relative_blind_replay,3,,0,False,False,False,False,False
G5.37_static_relative_blind_replay|warehouse-10-20-10-2-1|100|326|500|0,warehouse-10-20-10-2-1|100|326|500|0,G5.37_static_relative_blind_replay,3,,0,False,False,False,False,False
G5.37_static_relative_blind_replay|warehouse-10-20-10-2-1|100|326|500|final,warehouse-10-20-10-2-1|100|326|500|final,G5.37_static_relative_blind_replay,3,,0,False,False,False,False,False
G5.37_static_relative_blind_replay|warehouse-10-20-10-2-1|100|328|2000|0,warehouse-10-20-10-2-1|100|328|2000|0,G5.37_static_relative_blind_replay,4,,0,False,False,False,False,False
G5.37_static_relative_blind_replay|warehouse-10-20-10-2-1|100|328|2000|final,warehouse-10-20-10-2-1|100|328|2000|final,G5.37_static_relative_blind_replay,4,,0,False,False,False,False,False
G5.37_static_relative_blind_replay|warehouse-10-20-10-2-1|100|328|500|0,warehouse-10-20-10-2-1|100|328|500|0,G5.37_static_relative_blind_replay,3,,0,False,False,False,False,False
G5.37_static_relative_blind_replay|warehouse-10-20-10-2-1|100|328|500|final,warehouse-10-20-10-2-1|100|328|500|final,G5.37_static_relative_blind_replay,3,,0,False,False,False,False,False
G5.37_static_relative_blind_replay|warehouse-10-20-10-2-1|100|329|500|0,warehouse-10-20-10-2-1|100|329|500|0,G5.37_static_relative_blind_replay,3,,0,False,False,False,False,False
G5.37_static_relative_blind_replay|warehouse-10-20-10-2-1|100|329|500|final,warehouse-10-20-10-2-1|100|329|500|final,G5.37_static_relative_blind_replay,3,,0,False,False,False,False,False
G5.37_static_relative_blind_replay|warehouse-10-20-10-2-1|100|331|1000|0,warehouse-10-20-10-2-1|100|331|1000|0,G5.37_static_relative_blind_replay,3,,0,False,False,False,False,False
G5.37_static_relative_blind_replay|warehouse-10-20-10-2-1|100|331|1000|final,warehouse-10-20-10-2-1|100|331|1000|final,G5.37_static_relative_blind_replay,3,,0,False,False,False,False,False
G5.37_static_relative_blind_replay|warehouse-10-20-10-2-1|100|331|500|0,warehouse-10-20-10-2-1|100|331|500|0,G5.37_static_relative_blind_replay,3,,0,False,False,False,False,False
G5.37_static_relative_blind_replay|warehouse-10-20-10-2-1|100|331|500|final,warehouse-10-20-10-2-1|100|331|500|final,G5.37_static_relative_blind_replay,3,,0,False,False,False,False,False
G5.37_static_relative_blind_replay|warehouse-10-20-10-2-1|100|332|1000|0,warehouse-10-20-10-2-1|100|332|1000|0,G5.37_static_relative_blind_replay,3,,0,False,False,False,False,False
G5.37_static_relative_blind_replay|warehouse-10-20-10-2-1|100|332|1000|final,warehouse-10-20-10-2-1|100|332|1000|final,G5.37_static_relative_blind_replay,3,,0,False,False,False,False,False
G5.37_static_relative_blind_replay|warehouse-10-20-10-2-1|100|332|2000|0,warehouse-10-20-10-2-1|100|332|2000|0,G5.37_static_relative_blind_replay,4,,0,False,False,False,False,False
G5.37_static_relative_blind_replay|warehouse-10-20-10-2-1|100|332|2000|final,warehouse-10-20-10-2-1|100|332|2000|final,G5.37_static_relative_blind_replay,4,,0,False,False,False,False,False
G5.37_static_relative_blind_replay|warehouse-10-20-10-2-1|100|332|500|0,warehouse-10-20-10-2-1|100|332|500|0,G5.37_static_relative_blind_replay,3,,0,False,False,False,False,False
G5.37_static_relative_blind_replay|warehouse-10-20-10-2-1|100|332|500|final,warehouse-10-20-10-2-1|100|332|500|final,G5.37_static_relative_blind_replay,3,,0,False,False,False,False,False
G5.37_static_relative_blind_replay|warehouse-10-20-10-2-1|100|333|500|0,warehouse-10-20-10-2-1|100|333|500|0,G5.37_static_relative_blind_replay,3,,0,False,False,False,False,False
G5.37_static_relative_blind_replay|warehouse-10-20-10-2-1|100|333|500|final,warehouse-10-20-10-2-1|100|333|500|final,G5.37_static_relative_blind_replay,3,,0,False,False,False,False,False
G5.37_static_relative_blind_replay|warehouse-10-20-10-2-1|100|335|500|0,warehouse-10-20-10-2-1|100|335|500|0,G5.37_static_relative_blind_replay,3,,0,False,False,False,False,False
G5.37_static_relative_blind_replay|warehouse-10-20-10-2-1|100|335|500|final,warehouse-10-20-10-2-1|100|335|500|final,G5.37_static_relative_blind_replay,3,,0,False,False,False,False,False
G5.37_static_relative_blind_replay|warehouse-10-20-10-2-1|100|336|1000|0,warehouse-10-20-10-2-1|100|336|1000|0,G5.37_static_relative_blind_replay,3,,0,False,False,False,False,False
G5.37_static_relative_blind_replay|warehouse-10-20-10-2-1|100|336|1000|final,warehouse-10-20-10-2-1|100|336|1000|final,G5.37_static_relative_blind_replay,3,,0,False,False,False,False,False
G5.37_static_relative_blind_replay|warehouse-10-20-10-2-1|100|337|500|0,warehouse-10-20-10-2-1|100|337|500|0,G5.37_static_relative_blind_replay,3,,0,False,False,False,False,False
G5.37_static_relative_blind_replay|warehouse-10-20-10-2-1|100|337|500|final,warehouse-10-20-10-2-1|100|337|500|final,G5.37_static_relative_blind_replay,3,,0,False,False,False,False,False
G5.37_static_relative_blind_replay|warehouse-10-20-10-2-1|100|338|2000|0,warehouse-10-20-10-2-1|100|338|2000|0,G5.37_static_relative_blind_replay,4,,0,False,False,False,False,False
G5.37_static_relative_blind_replay|warehouse-10-20-10-2-1|100|338|2000|final,warehouse-10-20-10-2-1|100|338|2000|final,G5.37_static_relative_blind_replay,4,,0,False,False,False,False,False
G5.37_static_relative_blind_replay|warehouse-10-20-10-2-1|100|338|500|0,warehouse-10-20-10-2-1|100|338|500|0,G5.37_static_relative_blind_replay,3,,0,False,False,False,False,False
G5.37_static_relative_blind_replay|warehouse-10-20-10-2-1|100|338|500|final,warehouse-10-20-10-2-1|100|338|500|final,G5.37_static_relative_blind_replay,3,,0,False,False,False,False,False
G5.37_static_relative_blind_replay|warehouse-10-20-10-2-1|100|339|2000|0,warehouse-10-20-10-2-1|100|339|2000|0,G5.37_static_relative_blind_replay,4,,0,False,False,False,False,False
G5.37_static_relative_blind_replay|warehouse-10-20-10-2-1|100|339|2000|final,warehouse-10-20-10-2-1|100|339|2000|final,G5.37_static_relative_blind_replay,4,,0,False,False,False,False,False
G5.37_static_relative_blind_replay|warehouse-10-20-10-2-1|100|339|500|0,warehouse-10-20-10-2-1|100|339|500|0,G5.37_static_relative_blind_replay,3,,0,False,False,False,False,False
G5.37_static_relative_blind_replay|warehouse-10-20-10-2-1|100|339|500|final,warehouse-10-20-10-2-1|100|339|500|final,G5.37_static_relative_blind_replay,3,,0,False,False,False,False,False
G5.37_static_relative_blind_replay|warehouse-10-20-10-2-1|100|340|2000|0,warehouse-10-20-10-2-1|100|340|2000|0,G5.37_static_relative_blind_replay,4,,0,False,False,False,False,False
G5.37_static_relative_blind_replay|warehouse-10-20-10-2-1|100|340|2000|final,warehouse-10-20-10-2-1|100|340|2000|final,G5.37_static_relative_blind_replay,4,,0,False,False,False,False,False
G5.37_static_relative_blind_replay|warehouse-10-20-10-2-1|100|342|1000|0,warehouse-10-20-10-2-1|100|342|1000|0,G5.37_static_relative_blind_replay,3,,0,False,False,False,False,False
G5.37_static_relative_blind_replay|warehouse-10-20-10-2-1|100|342|1000|final,warehouse-10-20-10-2-1|100|342|1000|final,G5.37_static_relative_blind_replay,3,,0,False,False,False,False,False
G5.37_static_relative_blind_replay|warehouse-10-20-10-2-1|100|344|500|0,warehouse-10-20-10-2-1|100|344|500|0,G5.37_static_relative_blind_replay,3,,0,False,False,False,False,False
G5.37_static_relative_blind_replay|warehouse-10-20-10-2-1|100|344|500|final,warehouse-10-20-10-2-1|100|344|500|final,G5.37_static_relative_blind_replay,3,,0,False,False,False,False,False
G5.37_static_relative_blind_replay|warehouse-10-20-10-2-1|100|346|500|0,warehouse-10-20-10-2-1|100|346|500|0,G5.37_static_relative_blind_replay,3,,0,False,False,False,False,False
G5.37_static_relative_blind_replay|warehouse-10-20-10-2-1|100|346|500|final,warehouse-10-20-10-2-1|100|346|500|final,G5.37_static_relative_blind_replay,3,,0,False,False,False,False,False
G5.37_static_relative_blind_replay|warehouse-10-20-10-2-1|100|347|1000|0,warehouse-10-20-10-2-1|100|347|1000|0,G5.37_static_relative_blind_replay,3,,0,False,False,False,False,False
G5.37_static_relative_blind_replay|warehouse-10-20-10-2-1|100|347|1000|final,warehouse-10-20-10-2-1|100|347|1000|final,G5.37_static_relative_blind_replay,3,,0,False,False,False,False,False
G5.37_static_relative_blind_replay|warehouse-10-20-10-2-1|100|347|500|0,warehouse-10-20-10-2-1|100|347|500|0,G5.37_static_relative_blind_replay,3,,0,False,False,False,False,False
G5.37_static_relative_blind_replay|warehouse-10-20-10-2-1|100|347|500|final,warehouse-10-20-10-2-1|100|347|500|final,G5.37_static_relative_blind_replay,3,,0,False,False,False,False,False
G5.37_static_relative_blind_replay|warehouse-10-20-10-2-1|100|348|500|0,warehouse-10-20-10-2-1|100|348|500|0,G5.37_static_relative_blind_replay,3,,0,False,False,False,False,False
G5.37_static_relative_blind_replay|warehouse-10-20-10-2-1|100|348|500|final,warehouse-10-20-10-2-1|100|348|500|final,G5.37_static_relative_blind_replay,3,,0,False,False,False,False,False
G5.37_static_relative_blind_replay|warehouse-10-20-10-2-1|100|349|1000|0,warehouse-10-20-10-2-1|100|349|1000|0,G5.37_static_relative_blind_replay,3,,0,False,False,False,False,False
G5.37_static_relative_blind_replay|warehouse-10-20-10-2-1|100|349|1000|final,warehouse-10-20-10-2-1|100|349|1000|final,G5.37_static_relative_blind_replay,3,,0,False,False,False,False,False
G5.37_static_relative_blind_replay|warehouse-10-20-10-2-1|100|349|500|0,warehouse-10-20-10-2-1|100|349|500|0,G5.37_static_relative_blind_replay,3,,0,False,False,False,False,False
G5.37_static_relative_blind_replay|warehouse-10-20-10-2-1|100|349|500|final,warehouse-10-20-10-2-1|100|349|500|final,G5.37_static_relative_blind_replay,3,,0,False,False,False,False,False
G5.37_static_relative_blind_replay|warehouse-10-20-10-2-1|100|353|500|0,warehouse-10-20-10-2-1|100|353|500|0,G5.37_static_relative_blind_replay,3,,0,False,False,False,False,False
G5.37_static_relative_blind_replay|warehouse-10-20-10-2-1|100|353|500|final,warehouse-10-20-10-2-1|100|353|500|final,G5.37_static_relative_blind_replay,3,,0,False,False,False,False,False
G5.37_static_relative_blind_replay|warehouse-10-20-10-2-1|100|354|2000|0,warehouse-10-20-10-2-1|100|354|2000|0,G5.37_static_relative_blind_replay,4,,0,False,False,False,False,False
G5.37_static_relative_blind_replay|warehouse-10-20-10-2-1|100|354|2000|final,warehouse-10-20-10-2-1|100|354|2000|final,G5.37_static_relative_blind_replay,4,,0,False,False,False,False,False
G5.37_static_relative_blind_replay|warehouse-10-20-10-2-1|100|355|1000|0,warehouse-10-20-10-2-1|100|355|1000|0,G5.37_static_relative_blind_replay,3,,0,False,False,False,False,False
G5.37_static_relative_blind_replay|warehouse-10-20-10-2-1|100|355|1000|final,warehouse-10-20-10-2-1|100|355|1000|final,G5.37_static_relative_blind_replay,3,,0,False,False,False,False,False
G5.37_static_relative_blind_replay|warehouse-10-20-10-2-1|100|355|2000|0,warehouse-10-20-10-2-1|100|355|2000|0,G5.37_static_relative_blind_replay,4,,0,False,False,False,False,False
G5.37_static_relative_blind_replay|warehouse-10-20-10-2-1|100|355|2000|final,warehouse-10-20-10-2-1|100|355|2000|final,G5.37_static_relative_blind_replay,4,,0,False,False,False,False,False
G5.37_static_relative_blind_replay|warehouse-10-20-10-2-1|100|355|500|0,warehouse-10-20-10-2-1|100|355|500|0,G5.37_static_relative_blind_replay,3,,0,False,False,False,False,False
G5.37_static_relative_blind_replay|warehouse-10-20-10-2-1|100|355|500|final,warehouse-10-20-10-2-1|100|355|500|final,G5.37_static_relative_blind_replay,3,,0,False,False,False,False,False
G5.37_static_relative_blind_replay|warehouse-10-20-10-2-1|100|356|2000|0,warehouse-10-20-10-2-1|100|356|2000|0,G5.37_static_relative_blind_replay,4,,0,False,False,False,False,False
G5.37_static_relative_blind_replay|warehouse-10-20-10-2-1|100|356|2000|final,warehouse-10-20-10-2-1|100|356|2000|final,G5.37_static_relative_blind_replay,4,,0,False,False,False,False,False
G5.37_static_relative_blind_replay|warehouse-10-20-10-2-1|100|357|1000|0,warehouse-10-20-10-2-1|100|357|1000|0,G5.37_static_relative_blind_replay,3,,0,False,False,False,False,False
G5.37_static_relative_blind_replay|warehouse-10-20-10-2-1|100|357|1000|final,warehouse-10-20-10-2-1|100|357|1000|final,G5.37_static_relative_blind_replay,3,,0,False,False,False,False,False
G5.37_static_relative_blind_replay|warehouse-10-20-10-2-1|100|357|2000|0,warehouse-10-20-10-2-1|100|357|2000|0,G5.37_static_relative_blind_replay,4,,0,False,False,False,False,False
G5.37_static_relative_blind_replay|warehouse-10-20-10-2-1|100|357|2000|final,warehouse-10-20-10-2-1|100|357|2000|final,G5.37_static_relative_blind_replay,4,,0,False,False,False,False,False
G5.37_static_relative_blind_replay|warehouse-10-20-10-2-1|100|359|500|0,warehouse-10-20-10-2-1|100|359|500|0,G5.37_static_relative_blind_replay,3,,0,False,False,False,False,False
G5.37_static_relative_blind_replay|warehouse-10-20-10-2-1|100|359|500|final,warehouse-10-20-10-2-1|100|359|500|final,G5.37_static_relative_blind_replay,3,,0,False,False,False,False,False
G5.37_static_relative_blind_replay|warehouse-10-20-10-2-1|100|361|500|0,warehouse-10-20-10-2-1|100|361|500|0,G5.37_static_relative_blind_replay,3,,0,False,False,False,False,False
G5.37_static_relative_blind_replay|warehouse-10-20-10-2-1|100|361|500|final,warehouse-10-20-10-2-1|100|361|500|final,G5.37_static_relative_blind_replay,3,,0,False,False,False,False,False
G5.37_static_relative_blind_replay|warehouse-10-20-10-2-1|100|362|500|0,warehouse-10-20-10-2-1|100|362|500|0,G5.37_static_relative_blind_replay,3,,0,False,False,False,False,False
G5.37_static_relative_blind_replay|warehouse-10-20-10-2-1|100|362|500|final,warehouse-10-20-10-2-1|100|362|500|final,G5.37_static_relative_blind_replay,3,,0,False,False,False,False,False
G5.37_static_relative_blind_replay|warehouse-10-20-10-2-1|100|364|2000|0,warehouse-10-20-10-2-1|100|364|2000|0,G5.37_static_relative_blind_replay,4,,0,False,False,False,False,False
G5.37_static_relative_blind_replay|warehouse-10-20-10-2-1|100|364|2000|final,warehouse-10-20-10-2-1|100|364|2000|final,G5.37_static_relative_blind_replay,4,,0,False,False,False,False,False
G5.37_static_relative_blind_replay|warehouse-10-20-10-2-1|100|365|1000|0,warehouse-10-20-10-2-1|100|365|1000|0,G5.37_static_relative_blind_replay,3,,0,False,False,False,False,False
G5.37_static_relative_blind_replay|warehouse-10-20-10-2-1|100|365|1000|final,warehouse-10-20-10-2-1|100|365|1000|final,G5.37_static_relative_blind_replay,3,,0,False,False,False,False,False
G5.37_static_relative_blind_replay|warehouse-10-20-10-2-1|100|365|500|0,warehouse-10-20-10-2-1|100|365|500|0,G5.37_static_relative_blind_replay,3,,0,False,False,False,False,False
G5.37_static_relative_blind_replay|warehouse-10-20-10-2-1|100|365|500|final,warehouse-10-20-10-2-1|100|365|500|final,G5.37_static_relative_blind_replay,3,,0,False,False,False,False,False
G5.37_static_relative_blind_replay|warehouse-10-20-10-2-1|50|288|2000|0,warehouse-10-20-10-2-1|50|288|2000|0,G5.37_static_relative_blind_replay,4,,0,False,False,False,False,False
G5.37_static_relative_blind_replay|warehouse-10-20-10-2-1|50|288|2000|final,warehouse-10-20-10-2-1|50|288|2000|final,G5.37_static_relative_blind_replay,4,,0,False,False,False,False,False
G5.37_static_relative_blind_replay|warehouse-10-20-10-2-1|50|290|1000|0,warehouse-10-20-10-2-1|50|290|1000|0,G5.37_static_relative_blind_replay,3,,0,False,False,False,False,False
G5.37_static_relative_blind_replay|warehouse-10-20-10-2-1|50|290|1000|final,warehouse-10-20-10-2-1|50|290|1000|final,G5.37_static_relative_blind_replay,3,,0,False,False,False,False,False
G5.37_static_relative_blind_replay|warehouse-10-20-10-2-1|50|291|1000|0,warehouse-10-20-10-2-1|50|291|1000|0,G5.37_static_relative_blind_replay,3,,0,False,False,False,False,False
G5.37_static_relative_blind_replay|warehouse-10-20-10-2-1|50|291|1000|final,warehouse-10-20-10-2-1|50|291|1000|final,G5.37_static_relative_blind_replay,3,,0,False,False,False,False,False
G5.37_static_relative_blind_replay|warehouse-10-20-10-2-1|50|291|500|0,warehouse-10-20-10-2-1|50|291|500|0,G5.37_static_relative_blind_replay,3,,0,False,False,False,False,False
G5.37_static_relative_blind_replay|warehouse-10-20-10-2-1|50|291|500|final,warehouse-10-20-10-2-1|50|291|500|final,G5.37_static_relative_blind_replay,3,,0,False,False,False,False,False
G5.37_static_relative_blind_replay|warehouse-10-20-10-2-1|50|292|1000|0,warehouse-10-20-10-2-1|50|292|1000|0,G5.37_static_relative_blind_replay,3,,0,False,False,False,False,False
G5.37_static_relative_blind_replay|warehouse-10-20-10-2-1|50|292|1000|final,warehouse-10-20-10-2-1|50|292|1000|final,G5.37_static_relative_blind_replay,3,,0,False,False,False,False,False
G5.37_static_relative_blind_replay|warehouse-10-20-10-2-1|50|294|1000|0,warehouse-10-20-10-2-1|50|294|1000|0,G5.37_static_relative_blind_replay,3,,0,False,False,False,False,False
G5.37_static_relative_blind_replay|warehouse-10-20-10-2-1|50|294|1000|final,warehouse-10-20-10-2-1|50|294|1000|final,G5.37_static_relative_blind_replay,3,,0,False,False,False,False,False
G5.37_static_relative_blind_replay|warehouse-10-20-10-2-1|50|295|1000|0,warehouse-10-20-10-2-1|50|295|1000|0,G5.37_static_relative_blind_replay,3,,0,False,False,False,False,False
G5.37_static_relative_blind_replay|warehouse-10-20-10-2-1|50|295|1000|final,warehouse-10-20-10-2-1|50|295|1000|final,G5.37_static_relative_blind_replay,3,,0,False,False,False,False,False
G5.37_static_relative_blind_replay|warehouse-10-20-10-2-1|50|295|2000|0,warehouse-10-20-10-2-1|50|295|2000|0,G5.37_static_relative_blind_replay,4,,0,False,False,False,False,False
G5.37_static_relative_blind_replay|warehouse-10-20-10-2-1|50|295|2000|final,warehouse-10-20-10-2-1|50|295|2000|final,G5.37_static_relative_blind_replay,4,,0,False,False,False,False,False
G5.37_static_relative_blind_replay|warehouse-10-20-10-2-1|50|296|2000|0,warehouse-10-20-10-2-1|50|296|2000|0,G5.37_static_relative_blind_replay,4,,0,False,False,False,False,False
G5.37_static_relative_blind_replay|warehouse-10-20-10-2-1|50|296|2000|final,warehouse-10-20-10-2-1|50|296|2000|final,G5.37_static_relative_blind_replay,4,,0,False,False,False,False,False
G5.37_static_relative_blind_replay|warehouse-10-20-10-2-1|50|297|2000|0,warehouse-10-20-10-2-1|50|297|2000|0,G5.37_static_relative_blind_replay,4,,0,False,False,False,False,False
G5.37_static_relative_blind_replay|warehouse-10-20-10-2-1|50|297|2000|final,warehouse-10-20-10-2-1|50|297|2000|final,G5.37_static_relative_blind_replay,4,,0,False,False,False,False,False
G5.37_static_relative_blind_replay|warehouse-10-20-10-2-1|50|298|2000|0,warehouse-10-20-10-2-1|50|298|2000|0,G5.37_static_relative_blind_replay,4,,0,False,False,False,False,False
G5.37_static_relative_blind_replay|warehouse-10-20-10-2-1|50|298|2000|final,warehouse-10-20-10-2-1|50|298|2000|final,G5.37_static_relative_blind_replay,4,,0,False,False,False,False,False
G5.37_static_relative_blind_replay|warehouse-10-20-10-2-1|50|298|500|0,warehouse-10-20-10-2-1|50|298|500|0,G5.37_static_relative_blind_replay,3,,0,False,False,False,False,False
G5.37_static_relative_blind_replay|warehouse-10-20-10-2-1|50|298|500|final,warehouse-10-20-10-2-1|50|298|500|final,G5.37_static_relative_blind_replay,3,,0,False,False,False,False,False
G5.37_static_relative_blind_replay|warehouse-10-20-10-2-1|50|300|1000|0,warehouse-10-20-10-2-1|50|300|1000|0,G5.37_static_relative_blind_replay,3,,0,False,False,False,False,False
G5.37_static_relative_blind_replay|warehouse-10-20-10-2-1|50|300|1000|final,warehouse-10-20-10-2-1|50|300|1000|final,G5.37_static_relative_blind_replay,3,,0,False,False,False,False,False
G5.37_static_relative_blind_replay|warehouse-10-20-10-2-1|50|301|1000|0,warehouse-10-20-10-2-1|50|301|1000|0,G5.37_static_relative_blind_replay,3,,0,False,False,False,False,False
G5.37_static_relative_blind_replay|warehouse-10-20-10-2-1|50|301|1000|final,warehouse-10-20-10-2-1|50|301|1000|final,G5.37_static_relative_blind_replay,3,,0,False,False,False,False,False
G5.37_static_relative_blind_replay|warehouse-10-20-10-2-1|50|301|2000|0,warehouse-10-20-10-2-1|50|301|2000|0,G5.37_static_relative_blind_replay,4,,0,False,False,False,False,False
G5.37_static_relative_blind_replay|warehouse-10-20-10-2-1|50|301|2000|final,warehouse-10-20-10-2-1|50|301|2000|final,G5.37_static_relative_blind_replay,4,,0,False,False,False,False,False
G5.37_static_relative_blind_replay|warehouse-10-20-10-2-1|50|303|1000|0,warehouse-10-20-10-2-1|50|303|1000|0,G5.37_static_relative_blind_replay,3,,0,False,False,False,False,False
G5.37_static_relative_blind_replay|warehouse-10-20-10-2-1|50|303|1000|final,warehouse-10-20-10-2-1|50|303|1000|final,G5.37_static_relative_blind_replay,3,,0,False,False,False,False,False
G5.37_static_relative_blind_replay|warehouse-10-20-10-2-1|50|303|2000|0,warehouse-10-20-10-2-1|50|303|2000|0,G5.37_static_relative_blind_replay,4,,0,False,False,False,False,False
G5.37_static_relative_blind_replay|warehouse-10-20-10-2-1|50|303|2000|final,warehouse-10-20-10-2-1|50|303|2000|final,G5.37_static_relative_blind_replay,4,,0,False,False,False,False,False
G5.37_static_relative_blind_replay|warehouse-10-20-10-2-1|50|305|1000|0,warehouse-10-20-10-2-1|50|305|1000|0,G5.37_static_relative_blind_replay,3,,0,False,False,False,False,False
G5.37_static_relative_blind_replay|warehouse-10-20-10-2-1|50|305|1000|final,warehouse-10-20-10-2-1|50|305|1000|final,G5.37_static_relative_blind_replay,3,,0,False,False,False,False,False
G5.37_static_relative_blind_replay|warehouse-10-20-10-2-1|50|305|500|0,warehouse-10-20-10-2-1|50|305|500|0,G5.37_static_relative_blind_replay,3,,0,False,False,False,False,False
G5.37_static_relative_blind_replay|warehouse-10-20-10-2-1|50|305|500|final,warehouse-10-20-10-2-1|50|305|500|final,G5.37_static_relative_blind_replay,3,,0,False,False,False,False,False
G5.37_static_relative_blind_replay|warehouse-10-20-10-2-1|50|308|1000|0,warehouse-10-20-10-2-1|50|308|1000|0,G5.37_static_relative_blind_replay,3,,0,False,False,False,False,False
G5.37_static_relative_blind_replay|warehouse-10-20-10-2-1|50|308|1000|final,warehouse-10-20-10-2-1|50|308|1000|final,G5.37_static_relative_blind_replay,3,,0,False,False,False,False,False
G5.37_static_relative_blind_replay|warehouse-10-20-10-2-1|50|308|2000|0,warehouse-10-20-10-2-1|50|308|2000|0,G5.37_static_relative_blind_replay,4,,0,False,False,False,False,False
G5.37_static_relative_blind_replay|warehouse-10-20-10-2-1|50|308|2000|final,warehouse-10-20-10-2-1|50|308|2000|final,G5.37_static_relative_blind_replay,4,,0,False,False,False,False,False
G5.37_static_relative_blind_replay|warehouse-10-20-10-2-1|50|310|1000|0,warehouse-10-20-10-2-1|50|310|1000|0,G5.37_static_relative_blind_replay,3,,0,False,False,False,False,False
G5.37_static_relative_blind_replay|warehouse-10-20-10-2-1|50|310|1000|final,warehouse-10-20-10-2-1|50|310|1000|final,G5.37_static_relative_blind_replay,3,,0,False,False,False,False,False
G5.37_static_relative_blind_replay|warehouse-10-20-10-2-1|50|310|500|0,warehouse-10-20-10-2-1|50|310|500|0,G5.37_static_relative_blind_replay,3,,0,False,False,False,False,False
G5.37_static_relative_blind_replay|warehouse-10-20-10-2-1|50|310|500|final,warehouse-10-20-10-2-1|50|310|500|final,G5.37_static_relative_blind_replay,3,,0,False,False,False,False,False
G5.37_static_relative_blind_replay|warehouse-10-20-10-2-1|50|313|500|0,warehouse-10-20-10-2-1|50|313|500|0,G5.37_static_relative_blind_replay,3,,0,False,False,False,False,False
G5.37_static_relative_blind_replay|warehouse-10-20-10-2-1|50|313|500|final,warehouse-10-20-10-2-1|50|313|500|final,G5.37_static_relative_blind_replay,3,,0,False,False,False,False,False
G5.37_static_relative_blind_replay|warehouse-10-20-10-2-1|50|315|500|0,warehouse-10-20-10-2-1|50|315|500|0,G5.37_static_relative_blind_replay,3,,0,False,False,False,False,False
G5.37_static_relative_blind_replay|warehouse-10-20-10-2-1|50|315|500|final,warehouse-10-20-10-2-1|50|315|500|final,G5.37_static_relative_blind_replay,3,,0,False,False,False,False,False
G5.37_static_relative_blind_replay|warehouse-10-20-10-2-1|50|316|2000|0,warehouse-10-20-10-2-1|50|316|2000|0,G5.37_static_relative_blind_replay,4,,0,False,False,False,False,False
G5.37_static_relative_blind_replay|warehouse-10-20-10-2-1|50|316|2000|final,warehouse-10-20-10-2-1|50|316|2000|final,G5.37_static_relative_blind_replay,4,,0,False,False,False,False,False
G5.37_static_relative_blind_replay|warehouse-10-20-10-2-1|50|318|2000|0,warehouse-10-20-10-2-1|50|318|2000|0,G5.37_static_relative_blind_replay,4,,0,False,False,False,False,False
G5.37_static_relative_blind_replay|warehouse-10-20-10-2-1|50|318|2000|final,warehouse-10-20-10-2-1|50|318|2000|final,G5.37_static_relative_blind_replay,4,,0,False,False,False,False,False
G5.37_static_relative_blind_replay|warehouse-10-20-10-2-1|50|322|500|0,warehouse-10-20-10-2-1|50|322|500|0,G5.37_static_relative_blind_replay,3,,0,False,False,False,False,False
G5.37_static_relative_blind_replay|warehouse-10-20-10-2-1|50|322|500|final,warehouse-10-20-10-2-1|50|322|500|final,G5.37_static_relative_blind_replay,3,,0,False,False,False,False,False
G5.37_static_relative_blind_replay|warehouse-10-20-10-2-1|50|323|1000|0,warehouse-10-20-10-2-1|50|323|1000|0,G5.37_static_relative_blind_replay,3,,0,False,False,False,False,False
G5.37_static_relative_blind_replay|warehouse-10-20-10-2-1|50|323|1000|final,warehouse-10-20-10-2-1|50|323|1000|final,G5.37_static_relative_blind_replay,3,,0,False,False,False,False,False
G5.37_static_relative_blind_replay|warehouse-10-20-10-2-1|50|323|2000|0,warehouse-10-20-10-2-1|50|323|2000|0,G5.37_static_relative_blind_replay,4,,0,False,False,False,False,False
G5.37_static_relative_blind_replay|warehouse-10-20-10-2-1|50|323|2000|final,warehouse-10-20-10-2-1|50|323|2000|final,G5.37_static_relative_blind_replay,4,,0,False,False,False,False,False
G5.37_static_relative_blind_replay|warehouse-10-20-10-2-1|50|323|500|0,warehouse-10-20-10-2-1|50|323|500|0,G5.37_static_relative_blind_replay,3,,0,False,False,False,False,False
G5.37_static_relative_blind_replay|warehouse-10-20-10-2-1|50|323|500|final,warehouse-10-20-10-2-1|50|323|500|final,G5.37_static_relative_blind_replay,3,,0,False,False,False,False,False
G5.37_static_relative_blind_replay|warehouse-10-20-10-2-1|50|324|2000|0,warehouse-10-20-10-2-1|50|324|2000|0,G5.37_static_relative_blind_replay,4,,0,False,False,False,False,False
G5.37_static_relative_blind_replay|warehouse-10-20-10-2-1|50|324|2000|final,warehouse-10-20-10-2-1|50|324|2000|final,G5.37_static_relative_blind_replay,4,,0,False,False,False,False,False
G5.37_static_relative_blind_replay|warehouse-10-20-10-2-1|50|326|500|0,warehouse-10-20-10-2-1|50|326|500|0,G5.37_static_relative_blind_replay,3,,0,False,False,False,False,False
G5.37_static_relative_blind_replay|warehouse-10-20-10-2-1|50|326|500|final,warehouse-10-20-10-2-1|50|326|500|final,G5.37_static_relative_blind_replay,3,,0,False,False,False,False,False
G5.37_static_relative_blind_replay|warehouse-10-20-10-2-1|50|327|1000|0,warehouse-10-20-10-2-1|50|327|1000|0,G5.37_static_relative_blind_replay,3,,0,False,False,False,False,False
G5.37_static_relative_blind_replay|warehouse-10-20-10-2-1|50|327|1000|final,warehouse-10-20-10-2-1|50|327|1000|final,G5.37_static_relative_blind_replay,3,,0,False,False,False,False,False
G5.37_static_relative_blind_replay|warehouse-10-20-10-2-1|50|327|500|0,warehouse-10-20-10-2-1|50|327|500|0,G5.37_static_relative_blind_replay,3,,0,False,False,False,False,False
G5.37_static_relative_blind_replay|warehouse-10-20-10-2-1|50|327|500|final,warehouse-10-20-10-2-1|50|327|500|final,G5.37_static_relative_blind_replay,3,,0,False,False,False,False,False
G5.37_static_relative_blind_replay|warehouse-10-20-10-2-1|50|328|1000|0,warehouse-10-20-10-2-1|50|328|1000|0,G5.37_static_relative_blind_replay,3,,0,False,False,False,False,False
G5.37_static_relative_blind_replay|warehouse-10-20-10-2-1|50|328|1000|final,warehouse-10-20-10-2-1|50|328|1000|final,G5.37_static_relative_blind_replay,3,,0,False,False,False,False,False
G5.37_static_relative_blind_replay|warehouse-10-20-10-2-1|50|328|500|0,warehouse-10-20-10-2-1|50|328|500|0,G5.37_static_relative_blind_replay,3,,0,False,False,False,False,False
G5.37_static_relative_blind_replay|warehouse-10-20-10-2-1|50|328|500|final,warehouse-10-20-10-2-1|50|328|500|final,G5.37_static_relative_blind_replay,3,,0,False,False,False,False,False
G5.37_static_relative_blind_replay|warehouse-10-20-10-2-1|50|330|1000|0,warehouse-10-20-10-2-1|50|330|1000|0,G5.37_static_relative_blind_replay,3,,0,False,False,False,False,False
G5.37_static_relative_blind_replay|warehouse-10-20-10-2-1|50|330|1000|final,warehouse-10-20-10-2-1|50|330|1000|final,G5.37_static_relative_blind_replay,3,,0,False,False,False,False,False
G5.37_static_relative_blind_replay|warehouse-10-20-10-2-1|50|330|2000|0,warehouse-10-20-10-2-1|50|330|2000|0,G5.37_static_relative_blind_replay,4,,0,False,False,False,False,False
G5.37_static_relative_blind_replay|warehouse-10-20-10-2-1|50|330|2000|final,warehouse-10-20-10-2-1|50|330|2000|final,G5.37_static_relative_blind_replay,4,,0,False,False,False,False,False
G5.37_static_relative_blind_replay|warehouse-10-20-10-2-1|50|330|500|0,warehouse-10-20-10-2-1|50|330|500|0,G5.37_static_relative_blind_replay,3,,0,False,False,False,False,False
G5.37_static_relative_blind_replay|warehouse-10-20-10-2-1|50|330|500|final,warehouse-10-20-10-2-1|50|330|500|final,G5.37_static_relative_blind_replay,3,,0,False,False,False,False,False
G5.37_static_relative_blind_replay|warehouse-10-20-10-2-1|50|331|1000|0,warehouse-10-20-10-2-1|50|331|1000|0,G5.37_static_relative_blind_replay,3,,0,False,False,False,False,False
G5.37_static_relative_blind_replay|warehouse-10-20-10-2-1|50|331|1000|final,warehouse-10-20-10-2-1|50|331|1000|final,G5.37_static_relative_blind_replay,3,,0,False,False,False,False,False
G5.37_static_relative_blind_replay|warehouse-10-20-10-2-1|50|331|2000|0,warehouse-10-20-10-2-1|50|331|2000|0,G5.37_static_relative_blind_replay,4,,0,False,False,False,False,False
G5.37_static_relative_blind_replay|warehouse-10-20-10-2-1|50|331|2000|final,warehouse-10-20-10-2-1|50|331|2000|final,G5.37_static_relative_blind_replay,4,,0,False,False,False,False,False
G5.37_static_relative_blind_replay|warehouse-10-20-10-2-1|50|331|500|0,warehouse-10-20-10-2-1|50|331|500|0,G5.37_static_relative_blind_replay,3,,0,False,False,False,False,False
G5.37_static_relative_blind_replay|warehouse-10-20-10-2-1|50|331|500|final,warehouse-10-20-10-2-1|50|331|500|final,G5.37_static_relative_blind_replay,3,,0,False,False,False,False,False
G5.37_static_relative_blind_replay|warehouse-10-20-10-2-1|50|332|1000|0,warehouse-10-20-10-2-1|50|332|1000|0,G5.37_static_relative_blind_replay,3,,0,False,False,False,False,False
G5.37_static_relative_blind_replay|warehouse-10-20-10-2-1|50|332|1000|final,warehouse-10-20-10-2-1|50|332|1000|final,G5.37_static_relative_blind_replay,3,,0,False,False,False,False,False
G5.37_static_relative_blind_replay|warehouse-10-20-10-2-1|50|332|500|0,warehouse-10-20-10-2-1|50|332|500|0,G5.37_static_relative_blind_replay,3,,0,False,False,False,False,False
G5.37_static_relative_blind_replay|warehouse-10-20-10-2-1|50|332|500|final,warehouse-10-20-10-2-1|50|332|500|final,G5.37_static_relative_blind_replay,3,,0,False,False,False,False,False
G5.37_static_relative_blind_replay|warehouse-10-20-10-2-1|50|334|2000|0,warehouse-10-20-10-2-1|50|334|2000|0,G5.37_static_relative_blind_replay,4,,0,False,False,False,False,False
G5.37_static_relative_blind_replay|warehouse-10-20-10-2-1|50|334|2000|final,warehouse-10-20-10-2-1|50|334|2000|final,G5.37_static_relative_blind_replay,4,,0,False,False,False,False,False
G5.37_static_relative_blind_replay|warehouse-10-20-10-2-1|50|335|2000|0,warehouse-10-20-10-2-1|50|335|2000|0,G5.37_static_relative_blind_replay,4,,0,False,False,False,False,False
G5.37_static_relative_blind_replay|warehouse-10-20-10-2-1|50|335|2000|final,warehouse-10-20-10-2-1|50|335|2000|final,G5.37_static_relative_blind_replay,4,,0,False,False,False,False,False
G5.37_static_relative_blind_replay|warehouse-10-20-10-2-1|50|337|1000|0,warehouse-10-20-10-2-1|50|337|1000|0,G5.37_static_relative_blind_replay,3,,0,False,False,False,False,False
G5.37_static_relative_blind_replay|warehouse-10-20-10-2-1|50|337|1000|final,warehouse-10-20-10-2-1|50|337|1000|final,G5.37_static_relative_blind_replay,3,,0,False,False,False,False,False
G5.37_static_relative_blind_replay|warehouse-10-20-10-2-1|50|337|2000|0,warehouse-10-20-10-2-1|50|337|2000|0,G5.37_static_relative_blind_replay,4,,0,False,False,False,False,False
G5.37_static_relative_blind_replay|warehouse-10-20-10-2-1|50|337|2000|final,warehouse-10-20-10-2-1|50|337|2000|final,G5.37_static_relative_blind_replay,4,,0,False,False,False,False,False
G5.37_static_relative_blind_replay|warehouse-10-20-10-2-1|50|337|500|0,warehouse-10-20-10-2-1|50|337|500|0,G5.37_static_relative_blind_replay,3,,0,False,False,False,False,False
G5.37_static_relative_blind_replay|warehouse-10-20-10-2-1|50|337|500|final,warehouse-10-20-10-2-1|50|337|500|final,G5.37_static_relative_blind_replay,3,,0,False,False,False,False,False
G5.37_static_relative_blind_replay|warehouse-10-20-10-2-1|50|338|1000|0,warehouse-10-20-10-2-1|50|338|1000|0,G5.37_static_relative_blind_replay,3,,0,False,False,False,False,False
G5.37_static_relative_blind_replay|warehouse-10-20-10-2-1|50|338|1000|final,warehouse-10-20-10-2-1|50|338|1000|final,G5.37_static_relative_blind_replay,3,,0,False,False,False,False,False
G5.37_static_relative_blind_replay|warehouse-10-20-10-2-1|50|339|1000|0,warehouse-10-20-10-2-1|50|339|1000|0,G5.37_static_relative_blind_replay,3,,0,False,False,False,False,False
G5.37_static_relative_blind_replay|warehouse-10-20-10-2-1|50|339|1000|final,warehouse-10-20-10-2-1|50|339|1000|final,G5.37_static_relative_blind_replay,3,,0,False,False,False,False,False
G5.37_static_relative_blind_replay|warehouse-10-20-10-2-1|50|340|500|0,warehouse-10-20-10-2-1|50|340|500|0,G5.37_static_relative_blind_replay,3,,0,False,False,False,False,False
G5.37_static_relative_blind_replay|warehouse-10-20-10-2-1|50|340|500|final,warehouse-10-20-10-2-1|50|340|500|final,G5.37_static_relative_blind_replay,3,,0,False,False,False,False,False
G5.37_static_relative_blind_replay|warehouse-10-20-10-2-1|50|341|1000|0,warehouse-10-20-10-2-1|50|341|1000|0,G5.37_static_relative_blind_replay,3,,0,False,False,False,False,False
G5.37_static_relative_blind_replay|warehouse-10-20-10-2-1|50|341|1000|final,warehouse-10-20-10-2-1|50|341|1000|final,G5.37_static_relative_blind_replay,3,,0,False,False,False,False,False
G5.37_static_relative_blind_replay|warehouse-10-20-10-2-1|50|341|500|0,warehouse-10-20-10-2-1|50|341|500|0,G5.37_static_relative_blind_replay,3,,0,False,False,False,False,False
G5.37_static_relative_blind_replay|warehouse-10-20-10-2-1|50|341|500|final,warehouse-10-20-10-2-1|50|341|500|final,G5.37_static_relative_blind_replay,3,,0,False,False,False,False,False
G5.37_static_relative_blind_replay|warehouse-10-20-10-2-1|50|343|500|0,warehouse-10-20-10-2-1|50|343|500|0,G5.37_static_relative_blind_replay,3,,0,False,False,False,False,False
G5.37_static_relative_blind_replay|warehouse-10-20-10-2-1|50|343|500|final,warehouse-10-20-10-2-1|50|343|500|final,G5.37_static_relative_blind_replay,3,,0,False,False,False,False,False
G5.37_static_relative_blind_replay|warehouse-10-20-10-2-1|50|344|1000|0,warehouse-10-20-10-2-1|50|344|1000|0,G5.37_static_relative_blind_replay,3,,0,False,False,False,False,False
G5.37_static_relative_blind_replay|warehouse-10-20-10-2-1|50|344|1000|final,warehouse-10-20-10-2-1|50|344|1000|final,G5.37_static_relative_blind_replay,3,,0,False,False,False,False,False
G5.37_static_relative_blind_replay|warehouse-10-20-10-2-1|50|345|2000|0,warehouse-10-20-10-2-1|50|345|2000|0,G5.37_static_relative_blind_replay,4,,0,False,False,False,False,False
G5.37_static_relative_blind_replay|warehouse-10-20-10-2-1|50|345|2000|final,warehouse-10-20-10-2-1|50|345|2000|final,G5.37_static_relative_blind_replay,4,,0,False,False,False,False,False
G5.37_static_relative_blind_replay|warehouse-10-20-10-2-1|50|346|2000|0,warehouse-10-20-10-2-1|50|346|2000|0,G5.37_static_relative_blind_replay,4,,0,False,False,False,False,False
G5.37_static_relative_blind_replay|warehouse-10-20-10-2-1|50|346|2000|final,warehouse-10-20-10-2-1|50|346|2000|final,G5.37_static_relative_blind_replay,4,,0,False,False,False,False,False
G5.37_static_relative_blind_replay|warehouse-10-20-10-2-1|50|346|500|0,warehouse-10-20-10-2-1|50|346|500|0,G5.37_static_relative_blind_replay,3,,0,False,False,False,False,False
G5.37_static_relative_blind_replay|warehouse-10-20-10-2-1|50|346|500|final,warehouse-10-20-10-2-1|50|346|500|final,G5.37_static_relative_blind_replay,3,,0,False,False,False,False,False
G5.37_static_relative_blind_replay|warehouse-10-20-10-2-1|50|347|1000|0,warehouse-10-20-10-2-1|50|347|1000|0,G5.37_static_relative_blind_replay,3,,0,False,False,False,False,False
G5.37_static_relative_blind_replay|warehouse-10-20-10-2-1|50|347|1000|final,warehouse-10-20-10-2-1|50|347|1000|final,G5.37_static_relative_blind_replay,3,,0,False,False,False,False,False
G5.37_static_relative_blind_replay|warehouse-10-20-10-2-1|50|348|1000|0,warehouse-10-20-10-2-1|50|348|1000|0,G5.37_static_relative_blind_replay,3,,0,False,False,False,False,False
G5.37_static_relative_blind_replay|warehouse-10-20-10-2-1|50|348|1000|final,warehouse-10-20-10-2-1|50|348|1000|final,G5.37_static_relative_blind_replay,3,,0,False,False,False,False,False
G5.37_static_relative_blind_replay|warehouse-10-20-10-2-1|50|348|500|0,warehouse-10-20-10-2-1|50|348|500|0,G5.37_static_relative_blind_replay,3,,0,False,False,False,False,False
G5.37_static_relative_blind_replay|warehouse-10-20-10-2-1|50|348|500|final,warehouse-10-20-10-2-1|50|348|500|final,G5.37_static_relative_blind_replay,3,,0,False,False,False,False,False
G5.37_static_relative_blind_replay|warehouse-10-20-10-2-1|50|349|2000|0,warehouse-10-20-10-2-1|50|349|2000|0,G5.37_static_relative_blind_replay,4,,0,False,False,False,False,False
G5.37_static_relative_blind_replay|warehouse-10-20-10-2-1|50|349|2000|final,warehouse-10-20-10-2-1|50|349|2000|final,G5.37_static_relative_blind_replay,4,,0,False,False,False,False,False
G5.37_static_relative_blind_replay|warehouse-10-20-10-2-1|50|350|2000|0,warehouse-10-20-10-2-1|50|350|2000|0,G5.37_static_relative_blind_replay,4,,0,False,False,False,False,False
G5.37_static_relative_blind_replay|warehouse-10-20-10-2-1|50|350|2000|final,warehouse-10-20-10-2-1|50|350|2000|final,G5.37_static_relative_blind_replay,4,,0,False,False,False,False,False
G5.37_static_relative_blind_replay|warehouse-10-20-10-2-1|50|350|500|0,warehouse-10-20-10-2-1|50|350|500|0,G5.37_static_relative_blind_replay,3,,0,False,False,False,False,False
G5.37_static_relative_blind_replay|warehouse-10-20-10-2-1|50|350|500|final,warehouse-10-20-10-2-1|50|350|500|final,G5.37_static_relative_blind_replay,3,,0,False,False,False,False,False
G5.37_static_relative_blind_replay|warehouse-10-20-10-2-1|50|351|1000|0,warehouse-10-20-10-2-1|50|351|1000|0,G5.37_static_relative_blind_replay,3,,0,False,False,False,False,False
G5.37_static_relative_blind_replay|warehouse-10-20-10-2-1|50|351|1000|final,warehouse-10-20-10-2-1|50|351|1000|final,G5.37_static_relative_blind_replay,3,,0,False,False,False,False,False
G5.37_static_relative_blind_replay|warehouse-10-20-10-2-1|50|351|500|0,warehouse-10-20-10-2-1|50|351|500|0,G5.37_static_relative_blind_replay,3,,0,False,False,False,False,False
G5.37_static_relative_blind_replay|warehouse-10-20-10-2-1|50|351|500|final,warehouse-10-20-10-2-1|50|351|500|final,G5.37_static_relative_blind_replay,3,,0,False,False,False,False,False
G5.37_static_relative_blind_replay|warehouse-10-20-10-2-1|50|352|2000|0,warehouse-10-20-10-2-1|50|352|2000|0,G5.37_static_relative_blind_replay,4,,0,False,False,False,False,False
G5.37_static_relative_blind_replay|warehouse-10-20-10-2-1|50|352|2000|final,warehouse-10-20-10-2-1|50|352|2000|final,G5.37_static_relative_blind_replay,4,,0,False,False,False,False,False
G5.37_static_relative_blind_replay|warehouse-10-20-10-2-1|50|353|1000|0,warehouse-10-20-10-2-1|50|353|1000|0,G5.37_static_relative_blind_replay,3,,0,False,False,False,False,False
G5.37_static_relative_blind_replay|warehouse-10-20-10-2-1|50|353|1000|final,warehouse-10-20-10-2-1|50|353|1000|final,G5.37_static_relative_blind_replay,3,,0,False,False,False,False,False
G5.37_static_relative_blind_replay|warehouse-10-20-10-2-1|50|355|2000|0,warehouse-10-20-10-2-1|50|355|2000|0,G5.37_static_relative_blind_replay,4,,0,False,False,False,False,False
G5.37_static_relative_blind_replay|warehouse-10-20-10-2-1|50|355|2000|final,warehouse-10-20-10-2-1|50|355|2000|final,G5.37_static_relative_blind_replay,4,,0,False,False,False,False,False
G5.37_static_relative_blind_replay|warehouse-10-20-10-2-1|50|357|2000|0,warehouse-10-20-10-2-1|50|357|2000|0,G5.37_static_relative_blind_replay,4,,0,False,False,False,False,False
G5.37_static_relative_blind_replay|warehouse-10-20-10-2-1|50|357|2000|final,warehouse-10-20-10-2-1|50|357|2000|final,G5.37_static_relative_blind_replay,4,,0,False,False,False,False,False
G5.37_static_relative_blind_replay|warehouse-10-20-10-2-1|50|358|2000|0,warehouse-10-20-10-2-1|50|358|2000|0,G5.37_static_relative_blind_replay,4,,0,False,False,False,False,False
G5.37_static_relative_blind_replay|warehouse-10-20-10-2-1|50|358|2000|final,warehouse-10-20-10-2-1|50|358|2000|final,G5.37_static_relative_blind_replay,4,,0,False,False,False,False,False
G5.37_static_relative_blind_replay|warehouse-10-20-10-2-1|50|358|500|0,warehouse-10-20-10-2-1|50|358|500|0,G5.37_static_relative_blind_replay,3,,0,False,False,False,False,False
G5.37_static_relative_blind_replay|warehouse-10-20-10-2-1|50|358|500|final,warehouse-10-20-10-2-1|50|358|500|final,G5.37_static_relative_blind_replay,3,,0,False,False,False,False,False
G5.37_static_relative_blind_replay|warehouse-10-20-10-2-1|50|360|500|0,warehouse-10-20-10-2-1|50|360|500|0,G5.37_static_relative_blind_replay,3,,0,False,False,False,False,False
G5.37_static_relative_blind_replay|warehouse-10-20-10-2-1|50|360|500|final,warehouse-10-20-10-2-1|50|360|500|final,G5.37_static_relative_blind_replay,3,,0,False,False,False,False,False
G5.37_static_relative_blind_replay|warehouse-10-20-10-2-1|50|361|500|0,warehouse-10-20-10-2-1|50|361|500|0,G5.37_static_relative_blind_replay,3,,0,False,False,False,False,False
G5.37_static_relative_blind_replay|warehouse-10-20-10-2-1|50|361|500|final,warehouse-10-20-10-2-1|50|361|500|final,G5.37_static_relative_blind_replay,3,,0,False,False,False,False,False
G5.37_static_relative_blind_replay|warehouse-10-20-10-2-1|50|363|2000|0,warehouse-10-20-10-2-1|50|363|2000|0,G5.37_static_relative_blind_replay,4,,0,False,False,False,False,False
G5.37_static_relative_blind_replay|warehouse-10-20-10-2-1|50|363|2000|final,warehouse-10-20-10-2-1|50|363|2000|final,G5.37_static_relative_blind_replay,4,,0,False,False,False,False,False
G5.37_static_relative_blind_replay|warehouse-10-20-10-2-1|50|364|2000|0,warehouse-10-20-10-2-1|50|364|2000|0,G5.37_static_relative_blind_replay,4,,0,False,False,False,False,False
G5.37_static_relative_blind_replay|warehouse-10-20-10-2-1|50|364|2000|final,warehouse-10-20-10-2-1|50|364|2000|final,G5.37_static_relative_blind_replay,4,,0,False,False,False,False,False
G5.37_static_relative_blind_replay|warehouse-10-20-10-2-1|50|365|2000|0,warehouse-10-20-10-2-1|50|365|2000|0,G5.37_static_relative_blind_replay,4,,0,False,False,False,False,False
G5.37_static_relative_blind_replay|warehouse-10-20-10-2-1|50|365|2000|final,warehouse-10-20-10-2-1|50|365|2000|final,G5.37_static_relative_blind_replay,4,,0,False,False,False,False,False
