agents,candidate_id,candidate_recognized,context_id,delta_vs_additive_in_same_context,delta_vs_static_in_same_context,feature_leakage_safe,is_best_candidate_in_context,iteration,map,oracle_gap_vs_static,probe_expanded_nodes,probe_feasible,probe_low_level_pibt_calls,probe_lower_bound,probe_runtime_ms,probe_solution_found,probe_sum_of_loss,probe_sum_of_loss_ratio,resolved_candidate_id,seed,short_budget_ms,trace_event_count,traffic_before_hash_full
50,additive_ltm,True,random-32-32-20|a50|s156|it0|repair5g56_counterfactual_static_context,0,0.122823984526,True,False,0,random-32-32-20,0,61,True,3000,1034,180.0214,True,1299,1.25628626692,additive_ltm,156,1000,2632,14650fb0739d0383
50,repair5g2_best_frozen_static_candidate,True,random-32-32-20|a50|s156|it0|repair5g56_counterfactual_static_context,-0.122823984526,0,True,True,0,random-32-32-20,0,57,True,2799,1034,246.9188,True,1172,1.1334622824,repair5g1_shield_c125_b125_w075_d095_beta0p35_max0p75,156,1000,2632,14650fb0739d0383
50,repair5g2_frozen_static_or_selector,True,random-32-32-20|a50|s156|it0|repair5g56_counterfactual_static_context,-0.122823984526,0,True,False,0,random-32-32-20,0,57,True,2799,1034,235.3539,True,1172,1.1334622824,repair5g1_shield_c125_b125_w075_d095_beta0p35_max0p75,156,1000,2632,14650fb0739d0383
50,repair5g2_c_equiv_best_frozen_baseline,True,random-32-32-20|a50|s156|it0|repair5g56_counterfactual_static_context,0,0.122823984526,True,False,0,random-32-32-20,0,61,True,3000,1034,165.473,True,1299,1.25628626692,repair5g_dual_c_equiv_c100_b100_w075_d100,156,1000,2632,14650fb0739d0383
50,repair5g1_shield_c100_b125_w075_d100_beta0p35_max0p75,True,random-32-32-20|a50|s156|it0|repair5g56_counterfactual_static_context,-0.121856866538,0.000967117988395,True,False,0,random-32-32-20,0,58,True,2849,1034,309.2222,True,1173,1.13442940039,repair5g1_shield_c100_b125_w075_d100_beta0p35_max0p75,156,1000,2632,14650fb0739d0383
50,repair5g1_shield_c125_b125_w075_d095_beta0p2_max0p5,True,random-32-32-20|a50|s156|it0|repair5g56_counterfactual_static_context,-0.0464216634429,0.0764023210832,True,False,0,random-32-32-20,0,57,True,2799,1034,337.6581,True,1251,1.20986460348,repair5g1_shield_c125_b125_w075_d095_beta0p2_max0p5,156,1000,2632,14650fb0739d0383
50,repair5g1_shield_c125_b125_w075_d095_beta0p35_max0p75,True,random-32-32-20|a50|s156|it0|repair5g56_counterfactual_static_context,-0.122823984526,0,True,False,0,random-32-32-20,0,57,True,2799,1034,305.3298,True,1172,1.1334622824,repair5g1_shield_c125_b125_w075_d095_beta0p35_max0p75,156,1000,2632,14650fb0739d0383
50,additive_ltm,True,random-32-32-20|a50|s156|it1|repair5g56_counterfactual_static_context,0,0.181818181818,True,False,1,random-32-32-20,-0.0222437137331,65,True,3200,1034,240.2035,True,1371,1.32591876209,additive_ltm,156,1000,2970,287ee77aecec4b93
50,repair5g2_best_frozen_static_candidate,True,random-32-32-20|a50|s156|it1|repair5g56_counterfactual_static_context,-0.181818181818,0,True,False,1,random-32-32-20,-0.0222437137331,51,True,2499,1034,339.196,True,1183,1.14410058027,repair5g1_shield_c125_b125_w075_d095_beta0p35_max0p75,156,1000,2970,287ee77aecec4b93
50,repair5g2_frozen_static_or_selector,True,random-32-32-20|a50|s156|it1|repair5g56_counterfactual_static_context,-0.181818181818,0,True,False,1,random-32-32-20,-0.0222437137331,51,True,2499,1034,343.1351,True,1183,1.14410058027,repair5g1_shield_c125_b125_w075_d095_beta0p35_max0p75,156,1000,2970,287ee77aecec4b93
50,repair5g2_c_equiv_best_frozen_baseline,True,random-32-32-20|a50|s156|it1|repair5g56_counterfactual_static_context,-0.0116054158607,0.170212765957,True,False,1,random-32-32-20,-0.0222437137331,65,True,3200,1034,313.8658,True,1359,1.31431334623,repair5g_dual_c_equiv_c100_b100_w075_d100,156,1000,2970,287ee77aecec4b93
50,repair5g1_shield_c100_b125_w075_d100_beta0p35_max0p75,True,random-32-32-20|a50|s156|it1|repair5g56_counterfactual_static_context,-0.204061895551,-0.0222437137331,True,True,1,random-32-32-20,-0.0222437137331,51,True,2499,1034,347.196,True,1160,1.12185686654,repair5g1_shield_c100_b125_w075_d100_beta0p35_max0p75,156,1000,2970,287ee77aecec4b93
50,repair5g1_shield_c125_b125_w075_d095_beta0p2_max0p5,True,random-32-32-20|a50|s156|it1|repair5g56_counterfactual_static_context,-0.130560928433,0.0512572533849,True,False,1,random-32-32-20,-0.0222437137331,61,True,3000,1034,345.2873,True,1236,1.19535783366,repair5g1_shield_c125_b125_w075_d095_beta0p2_max0p5,156,1000,2970,287ee77aecec4b93
50,repair5g1_shield_c125_b125_w075_d095_beta0p35_max0p75,True,random-32-32-20|a50|s156|it1|repair5g56_counterfactual_static_context,-0.181818181818,0,True,False,1,random-32-32-20,-0.0222437137331,51,True,2499,1034,345.4754,True,1183,1.14410058027,repair5g1_shield_c125_b125_w075_d095_beta0p35_max0p75,156,1000,2970,287ee77aecec4b93
50,additive_ltm,True,random-32-32-20|a50|s157|it0|repair5g56_counterfactual_static_context,0,0.10752688172,True,False,0,random-32-32-20,-0.0181968569065,50,True,2450,1209,154.4114,True,1512,1.25062034739,additive_ltm,157,1000,2714,14650fb0739d0383
50,repair5g2_best_frozen_static_candidate,True,random-32-32-20|a50|s157|it0|repair5g56_counterfactual_static_context,-0.10752688172,0,True,False,0,random-32-32-20,-0.0181968569065,50,True,2450,1209,231.093,True,1382,1.14309346567,repair5g1_shield_c125_b125_w075_d095_beta0p35_max0p75,157,1000,2714,14650fb0739d0383
50,repair5g2_frozen_static_or_selector,True,random-32-32-20|a50|s157|it0|repair5g56_counterfactual_static_context,-0.10752688172,0,True,False,0,random-32-32-20,-0.0181968569065,50,True,2450,1209,251.9997,True,1382,1.14309346567,repair5g1_shield_c125_b125_w075_d095_beta0p35_max0p75,157,1000,2714,14650fb0739d0383
50,repair5g2_c_equiv_best_frozen_baseline,True,random-32-32-20|a50|s157|it0|repair5g56_counterfactual_static_context,0,0.10752688172,True,False,0,random-32-32-20,-0.0181968569065,50,True,2450,1209,156.2383,True,1512,1.25062034739,repair5g_dual_c_equiv_c100_b100_w075_d100,157,1000,2714,14650fb0739d0383
50,repair5g1_shield_c100_b125_w075_d100_beta0p35_max0p75,True,random-32-32-20|a50|s157|it0|repair5g56_counterfactual_static_context,-0.125723738627,-0.0181968569065,True,True,0,random-32-32-20,-0.0181968569065,50,True,2450,1209,235.5406,True,1360,1.12489660877,repair5g1_shield_c100_b125_w075_d100_beta0p35_max0p75,157,1000,2714,14650fb0739d0383
50,repair5g1_shield_c125_b125_w075_d095_beta0p2_max0p5,True,random-32-32-20|a50|s157|it0|repair5g56_counterfactual_static_context,-0.0620347394541,0.0454921422663,True,False,0,random-32-32-20,-0.0181968569065,50,True,2450,1209,238.0185,True,1437,1.18858560794,repair5g1_shield_c125_b125_w075_d095_beta0p2_max0p5,157,1000,2714,14650fb0739d0383
50,repair5g1_shield_c125_b125_w075_d095_beta0p35_max0p75,True,random-32-32-20|a50|s157|it0|repair5g56_counterfactual_static_context,-0.10752688172,0,True,False,0,random-32-32-20,-0.0181968569065,50,True,2450,1209,240.0765,True,1382,1.14309346567,repair5g1_shield_c125_b125_w075_d095_beta0p35_max0p75,157,1000,2714,14650fb0739d0383
50,additive_ltm,True,random-32-32-20|a50|s157|it1|repair5g56_counterfactual_static_context,0,0.207609594706,True,False,1,random-32-32-20,-0.00992555831266,56,True,2750,1209,222.9029,True,1619,1.33912324235,additive_ltm,157,1000,2585,fdc0bd909400f7f
50,repair5g2_best_frozen_static_candidate,True,random-32-32-20|a50|s157|it1|repair5g56_counterfactual_static_context,-0.207609594706,0,True,False,1,random-32-32-20,-0.00992555831266,50,True,2450,1209,296.3264,True,1368,1.13151364764,repair5g1_shield_c125_b125_w075_d095_beta0p35_max0p75,157,1000,2585,fdc0bd909400f7f
50,repair5g2_frozen_static_or_selector,True,random-32-32-20|a50|s157|it1|repair5g56_counterfactual_static_context,-0.207609594706,0,True,False,1,random-32-32-20,-0.00992555831266,50,True,2450,1209,340.7996,True,1368,1.13151364764,repair5g1_shield_c125_b125_w075_d095_beta0p35_max0p75,157,1000,2585,fdc0bd909400f7f
50,repair5g2_c_equiv_best_frozen_baseline,True,random-32-32-20|a50|s157|it1|repair5g56_counterfactual_static_context,0.0066170388751,0.214226633581,True,False,1,random-32-32-20,-0.00992555831266,57,True,2800,1209,311.5406,True,1627,1.34574028122,repair5g_dual_c_equiv_c100_b100_w075_d100,157,1000,2585,fdc0bd909400f7f
50,repair5g1_shield_c100_b125_w075_d100_beta0p35_max0p75,True,random-32-32-20|a50|s157|it1|repair5g56_counterfactual_static_context,-0.217535153019,-0.00992555831266,True,True,1,random-32-32-20,-0.00992555831266,50,True,2450,1209,344.7484,True,1356,1.12158808933,repair5g1_shield_c100_b125_w075_d100_beta0p35_max0p75,157,1000,2585,fdc0bd909400f7f
50,repair5g1_shield_c125_b125_w075_d095_beta0p2_max0p5,True,random-32-32-20|a50|s157|it1|repair5g56_counterfactual_static_context,-0.106699751861,0.100909842845,True,False,1,random-32-32-20,-0.00992555831266,54,True,2650,1209,360.0793,True,1490,1.23242349049,repair5g1_shield_c125_b125_w075_d095_beta0p2_max0p5,157,1000,2585,fdc0bd909400f7f
50,repair5g1_shield_c125_b125_w075_d095_beta0p35_max0p75,True,random-32-32-20|a50|s157|it1|repair5g56_counterfactual_static_context,-0.207609594706,0,True,False,1,random-32-32-20,-0.00992555831266,50,True,2450,1209,352.9642,True,1368,1.13151364764,repair5g1_shield_c125_b125_w075_d095_beta0p35_max0p75,157,1000,2585,fdc0bd909400f7f
50,additive_ltm,True,random-32-32-20|a50|s158|it0|repair5g56_counterfactual_static_context,0,0.142740619902,True,False,0,random-32-32-20,-0.010603588907,68,True,4272,1226,171.1407,True,1576,1.2854812398,additive_ltm,158,1000,2613,14650fb0739d0383
50,repair5g2_best_frozen_static_candidate,True,random-32-32-20|a50|s158|it0|repair5g56_counterfactual_static_context,-0.142740619902,0,True,False,0,random-32-32-20,-0.010603588907,53,True,2599,1226,249.0034,True,1401,1.1427406199,repair5g1_shield_c125_b125_w075_d095_beta0p35_max0p75,158,1000,2613,14650fb0739d0383
50,repair5g2_frozen_static_or_selector,True,random-32-32-20|a50|s158|it0|repair5g56_counterfactual_static_context,-0.142740619902,0,True,False,0,random-32-32-20,-0.010603588907,53,True,2599,1226,254.0438,True,1401,1.1427406199,repair5g1_shield_c125_b125_w075_d095_beta0p35_max0p75,158,1000,2613,14650fb0739d0383
50,repair5g2_c_equiv_best_frozen_baseline,True,random-32-32-20|a50|s158|it0|repair5g56_counterfactual_static_context,0,0.142740619902,True,False,0,random-32-32-20,-0.010603588907,68,True,4272,1226,176.7542,True,1576,1.2854812398,repair5g_dual_c_equiv_c100_b100_w075_d100,158,1000,2613,14650fb0739d0383
50,repair5g1_shield_c100_b125_w075_d100_beta0p35_max0p75,True,random-32-32-20|a50|s158|it0|repair5g56_counterfactual_static_context,-0.153344208809,-0.010603588907,True,True,0,random-32-32-20,-0.010603588907,53,True,2600,1226,246.4122,True,1388,1.132137031,repair5g1_shield_c100_b125_w075_d100_beta0p35_max0p75,158,1000,2613,14650fb0739d0383
50,repair5g1_shield_c125_b125_w075_d095_beta0p2_max0p5,True,random-32-32-20|a50|s158|it0|repair5g56_counterfactual_static_context,-0.0595432300163,0.0831973898858,True,False,0,random-32-32-20,-0.010603588907,53,True,2600,1226,231.7416,True,1503,1.22593800979,repair5g1_shield_c125_b125_w075_d095_beta0p2_max0p5,158,1000,2613,14650fb0739d0383
50,repair5g1_shield_c125_b125_w075_d095_beta0p35_max0p75,True,random-32-32-20|a50|s158|it0|repair5g56_counterfactual_static_context,-0.142740619902,0,True,False,0,random-32-32-20,-0.010603588907,53,True,2599,1226,234.3818,True,1401,1.1427406199,repair5g1_shield_c125_b125_w075_d095_beta0p35_max0p75,158,1000,2613,14650fb0739d0383
50,additive_ltm,True,random-32-32-20|a50|s158|it1|repair5g56_counterfactual_static_context,0,0.176998368679,True,False,1,random-32-32-20,0,68,True,3350,1226,250.1097,True,1590,1.2969004894,additive_ltm,158,1000,2715,3e5306d60292dfb
50,repair5g2_best_frozen_static_candidate,True,random-32-32-20|a50|s158|it1|repair5g56_counterfactual_static_context,-0.176998368679,0,True,True,1,random-32-32-20,0,50,True,2446,1226,346.6348,True,1373,1.11990212072,repair5g1_shield_c125_b125_w075_d095_beta0p35_max0p75,158,1000,2715,3e5306d60292dfb
50,repair5g2_frozen_static_or_selector,True,random-32-32-20|a50|s158|it1|repair5g56_counterfactual_static_context,-0.176998368679,0,True,False,1,random-32-32-20,0,50,True,2446,1226,347.6254,True,1373,1.11990212072,repair5g1_shield_c125_b125_w075_d095_beta0p35_max0p75,158,1000,2715,3e5306d60292dfb
50,repair5g2_c_equiv_best_frozen_baseline,True,random-32-32-20|a50|s158|it1|repair5g56_counterfactual_static_context,0.010603588907,0.187601957586,True,False,1,random-32-32-20,0,68,True,3350,1226,306.4097,True,1603,1.3075040783,repair5g_dual_c_equiv_c100_b100_w075_d100,158,1000,2715,3e5306d60292dfb
50,repair5g1_shield_c100_b125_w075_d100_beta0p35_max0p75,True,random-32-32-20|a50|s158|it1|repair5g56_counterfactual_static_context,-0.119086460033,0.057911908646,True,False,1,random-32-32-20,0,55,True,2697,1226,334.4162,True,1444,1.17781402936,repair5g1_shield_c100_b125_w075_d100_beta0p35_max0p75,158,1000,2715,3e5306d60292dfb
50,repair5g1_shield_c125_b125_w075_d095_beta0p2_max0p5,True,random-32-32-20|a50|s158|it1|repair5g56_counterfactual_static_context,-0.0921696574225,0.0848287112561,True,False,1,random-32-32-20,0,57,True,2800,1226,272.5276,True,1477,1.20473083197,repair5g1_shield_c125_b125_w075_d095_beta0p2_max0p5,158,1000,2715,3e5306d60292dfb
50,repair5g1_shield_c125_b125_w075_d095_beta0p35_max0p75,True,random-32-32-20|a50|s158|it1|repair5g56_counterfactual_static_context,-0.176998368679,0,True,False,1,random-32-32-20,0,50,True,2446,1226,362.872,True,1373,1.11990212072,repair5g1_shield_c125_b125_w075_d095_beta0p35_max0p75,158,1000,2715,3e5306d60292dfb
50,additive_ltm,True,random-32-32-20|a50|s159|it0|repair5g56_counterfactual_static_context,0,0.0440917107584,True,False,0,random-32-32-20,-0.0229276895944,54,True,2650,1134,152.29,True,1402,1.23633156966,additive_ltm,159,1000,2801,14650fb0739d0383
50,repair5g2_best_frozen_static_candidate,True,random-32-32-20|a50|s159|it0|repair5g56_counterfactual_static_context,-0.0440917107584,0,True,False,0,random-32-32-20,-0.0229276895944,54,True,2650,1134,233.9102,True,1352,1.19223985891,repair5g1_shield_c125_b125_w075_d095_beta0p35_max0p75,159,1000,2801,14650fb0739d0383
50,repair5g2_frozen_static_or_selector,True,random-32-32-20|a50|s159|it0|repair5g56_counterfactual_static_context,-0.0440917107584,0,True,False,0,random-32-32-20,-0.0229276895944,54,True,2650,1134,244.4292,True,1352,1.19223985891,repair5g1_shield_c125_b125_w075_d095_beta0p35_max0p75,159,1000,2801,14650fb0739d0383
50,repair5g2_c_equiv_best_frozen_baseline,True,random-32-32-20|a50|s159|it0|repair5g56_counterfactual_static_context,0,0.0440917107584,True,False,0,random-32-32-20,-0.0229276895944,54,True,2650,1134,160.0135,True,1402,1.23633156966,repair5g_dual_c_equiv_c100_b100_w075_d100,159,1000,2801,14650fb0739d0383
50,repair5g1_shield_c100_b125_w075_d100_beta0p35_max0p75,True,random-32-32-20|a50|s159|it0|repair5g56_counterfactual_static_context,-0.0670194003527,-0.0229276895944,True,True,0,random-32-32-20,-0.0229276895944,54,True,2649,1134,242.6626,True,1326,1.16931216931,repair5g1_shield_c100_b125_w075_d100_beta0p35_max0p75,159,1000,2801,14650fb0739d0383
50,repair5g1_shield_c125_b125_w075_d095_beta0p2_max0p5,True,random-32-32-20|a50|s159|it0|repair5g56_counterfactual_static_context,-0.0246913580247,0.0194003527337,True,False,0,random-32-32-20,-0.0229276895944,54,True,2650,1134,242.4877,True,1374,1.21164021164,repair5g1_shield_c125_b125_w075_d095_beta0p2_max0p5,159,1000,2801,14650fb0739d0383
50,repair5g1_shield_c125_b125_w075_d095_beta0p35_max0p75,True,random-32-32-20|a50|s159|it0|repair5g56_counterfactual_static_context,-0.0440917107584,0,True,False,0,random-32-32-20,-0.0229276895944,54,True,2650,1134,234.9482,True,1352,1.19223985891,repair5g1_shield_c125_b125_w075_d095_beta0p35_max0p75,159,1000,2801,14650fb0739d0383
50,additive_ltm,True,random-32-32-20|a50|s159|it1|repair5g56_counterfactual_static_context,0,0.194885361552,True,False,1,random-32-32-20,-0.0026455026455,65,True,3199,1134,183.5566,True,1502,1.32451499118,additive_ltm,159,1000,2800,defa1b5795c57366
50,repair5g2_best_frozen_static_candidate,True,random-32-32-20|a50|s159|it1|repair5g56_counterfactual_static_context,-0.194885361552,0,True,False,1,random-32-32-20,-0.0026455026455,57,True,2800,1134,258.0331,True,1281,1.12962962963,repair5g1_shield_c125_b125_w075_d095_beta0p35_max0p75,159,1000,2800,defa1b5795c57366
50,repair5g2_frozen_static_or_selector,True,random-32-32-20|a50|s159|it1|repair5g56_counterfactual_static_context,-0.194885361552,0,True,False,1,random-32-32-20,-0.0026455026455,57,True,2800,1134,268.7372,True,1281,1.12962962963,repair5g1_shield_c125_b125_w075_d095_beta0p35_max0p75,159,1000,2800,defa1b5795c57366
50,repair5g2_c_equiv_best_frozen_baseline,True,random-32-32-20|a50|s159|it1|repair5g56_counterfactual_static_context,-0.00529100529101,0.189594356261,True,False,1,random-32-32-20,-0.0026455026455,65,True,3200,1134,223.046,True,1496,1.31922398589,repair5g_dual_c_equiv_c100_b100_w075_d100,159,1000,2800,defa1b5795c57366
50,repair5g1_shield_c100_b125_w075_d100_beta0p35_max0p75,True,random-32-32-20|a50|s159|it1|repair5g56_counterfactual_static_context,-0.197530864198,-0.0026455026455,True,True,1,random-32-32-20,-0.0026455026455,54,True,2650,1134,301.6341,True,1278,1.12698412698,repair5g1_shield_c100_b125_w075_d100_beta0p35_max0p75,159,1000,2800,defa1b5795c57366
50,repair5g1_shield_c125_b125_w075_d095_beta0p2_max0p5,True,random-32-32-20|a50|s159|it1|repair5g56_counterfactual_static_context,-0.13315696649,0.0617283950617,True,False,1,random-32-32-20,-0.0026455026455,57,True,2898,1134,353.1759,True,1351,1.19135802469,repair5g1_shield_c125_b125_w075_d095_beta0p2_max0p5,159,1000,2800,defa1b5795c57366
50,repair5g1_shield_c125_b125_w075_d095_beta0p35_max0p75,True,random-32-32-20|a50|s159|it1|repair5g56_counterfactual_static_context,-0.194885361552,0,True,False,1,random-32-32-20,-0.0026455026455,57,True,2800,1134,318.4841,True,1281,1.12962962963,repair5g1_shield_c125_b125_w075_d095_beta0p35_max0p75,159,1000,2800,defa1b5795c57366
50,additive_ltm,True,random-32-32-20|a50|s160|it0|repair5g56_counterfactual_static_context,0,0.163034705408,True,False,0,random-32-32-20,-0.0306698950767,67,True,3300,1239,161.8926,True,1640,1.32364810331,additive_ltm,160,1000,3096,14650fb0739d0383
50,repair5g2_best_frozen_static_candidate,True,random-32-32-20|a50|s160|it0|repair5g56_counterfactual_static_context,-0.163034705408,0,True,False,0,random-32-32-20,-0.0306698950767,61,True,3000,1239,234.0032,True,1438,1.1606133979,repair5g1_shield_c125_b125_w075_d095_beta0p35_max0p75,160,1000,3096,14650fb0739d0383
50,repair5g2_frozen_static_or_selector,True,random-32-32-20|a50|s160|it0|repair5g56_counterfactual_static_context,-0.163034705408,0,True,False,0,random-32-32-20,-0.0306698950767,61,True,3000,1239,235.9663,True,1438,1.1606133979,repair5g1_shield_c125_b125_w075_d095_beta0p35_max0p75,160,1000,3096,14650fb0739d0383
50,repair5g2_c_equiv_best_frozen_baseline,True,random-32-32-20|a50|s160|it0|repair5g56_counterfactual_static_context,0,0.163034705408,True,False,0,random-32-32-20,-0.0306698950767,67,True,3300,1239,177.998,True,1640,1.32364810331,repair5g_dual_c_equiv_c100_b100_w075_d100,160,1000,3096,14650fb0739d0383
50,repair5g1_shield_c100_b125_w075_d100_beta0p35_max0p75,True,random-32-32-20|a50|s160|it0|repair5g56_counterfactual_static_context,-0.193704600484,-0.0306698950767,True,True,0,random-32-32-20,-0.0306698950767,61,True,3000,1239,242.1185,True,1400,1.12994350282,repair5g1_shield_c100_b125_w075_d100_beta0p35_max0p75,160,1000,3096,14650fb0739d0383
50,repair5g1_shield_c125_b125_w075_d095_beta0p2_max0p5,True,random-32-32-20|a50|s160|it0|repair5g56_counterfactual_static_context,-0.124293785311,0.0387409200969,True,False,0,random-32-32-20,-0.0306698950767,61,True,3000,1239,246.2658,True,1486,1.199354318,repair5g1_shield_c125_b125_w075_d095_beta0p2_max0p5,160,1000,3096,14650fb0739d0383
50,repair5g1_shield_c125_b125_w075_d095_beta0p35_max0p75,True,random-32-32-20|a50|s160|it0|repair5g56_counterfactual_static_context,-0.163034705408,0,True,False,0,random-32-32-20,-0.0306698950767,61,True,3000,1239,231.1839,True,1438,1.1606133979,repair5g1_shield_c125_b125_w075_d095_beta0p35_max0p75,160,1000,3096,14650fb0739d0383
50,additive_ltm,True,random-32-32-20|a50|s160|it1|repair5g56_counterfactual_static_context,0,0.312348668281,True,False,1,random-32-32-20,0,68,True,3350,1239,227.2129,True,1786,1.4414850686,additive_ltm,160,1000,3159,37f1d788ac53287b
50,repair5g2_best_frozen_static_candidate,True,random-32-32-20|a50|s160|it1|repair5g56_counterfactual_static_context,-0.312348668281,0,True,True,1,random-32-32-20,0,61,True,3000,1239,350.1821,True,1399,1.12913640032,repair5g1_shield_c125_b125_w075_d095_beta0p35_max0p75,160,1000,3159,37f1d788ac53287b
50,repair5g2_frozen_static_or_selector,True,random-32-32-20|a50|s160|it1|repair5g56_counterfactual_static_context,-0.312348668281,0,True,False,1,random-32-32-20,0,61,True,3000,1239,353.6471,True,1399,1.12913640032,repair5g1_shield_c125_b125_w075_d095_beta0p35_max0p75,160,1000,3159,37f1d788ac53287b
50,repair5g2_c_equiv_best_frozen_baseline,True,random-32-32-20|a50|s160|it1|repair5g56_counterfactual_static_context,-0.00968523002421,0.302663438257,True,False,1,random-32-32-20,0,68,True,3350,1239,257.7035,True,1774,1.43179983858,repair5g_dual_c_equiv_c100_b100_w075_d100,160,1000,3159,37f1d788ac53287b
50,repair5g1_shield_c100_b125_w075_d100_beta0p35_max0p75,True,random-32-32-20|a50|s160|it1|repair5g56_counterfactual_static_context,-0.299435028249,0.0129136400323,True,False,1,random-32-32-20,0,63,True,3100,1239,349.6384,True,1415,1.14205004036,repair5g1_shield_c100_b125_w075_d100_beta0p35_max0p75,160,1000,3159,37f1d788ac53287b
50,repair5g1_shield_c125_b125_w075_d095_beta0p2_max0p5,True,random-32-32-20|a50|s160|it1|repair5g56_counterfactual_static_context,-0.186440677966,0.125907990315,True,False,1,random-32-32-20,0,63,True,3100,1239,291.929,True,1555,1.25504439064,repair5g1_shield_c125_b125_w075_d095_beta0p2_max0p5,160,1000,3159,37f1d788ac53287b
50,repair5g1_shield_c125_b125_w075_d095_beta0p35_max0p75,True,random-32-32-20|a50|s160|it1|repair5g56_counterfactual_static_context,-0.312348668281,0,True,False,1,random-32-32-20,0,61,True,3000,1239,281.9899,True,1399,1.12913640032,repair5g1_shield_c125_b125_w075_d095_beta0p35_max0p75,160,1000,3159,37f1d788ac53287b
50,additive_ltm,True,random-32-32-20|a50|s161|it0|repair5g56_counterfactual_static_context,0,0.0664023785927,True,False,0,random-32-32-20,0,52,True,2550,1009,163.9311,True,1213,1.20218037661,additive_ltm,161,1000,2385,14650fb0739d0383
50,repair5g2_best_frozen_static_candidate,True,random-32-32-20|a50|s161|it0|repair5g56_counterfactual_static_context,-0.0664023785927,0,True,True,0,random-32-32-20,0,42,True,2050,1009,229.9891,True,1146,1.13577799802,repair5g1_shield_c125_b125_w075_d095_beta0p35_max0p75,161,1000,2385,14650fb0739d0383
50,repair5g2_frozen_static_or_selector,True,random-32-32-20|a50|s161|it0|repair5g56_counterfactual_static_context,-0.0664023785927,0,True,False,0,random-32-32-20,0,42,True,2050,1009,224.3485,True,1146,1.13577799802,repair5g1_shield_c125_b125_w075_d095_beta0p35_max0p75,161,1000,2385,14650fb0739d0383
50,repair5g2_c_equiv_best_frozen_baseline,True,random-32-32-20|a50|s161|it0|repair5g56_counterfactual_static_context,0,0.0664023785927,True,False,0,random-32-32-20,0,52,True,2550,1009,162.3288,True,1213,1.20218037661,repair5g_dual_c_equiv_c100_b100_w075_d100,161,1000,2385,14650fb0739d0383
50,repair5g1_shield_c100_b125_w075_d100_beta0p35_max0p75,True,random-32-32-20|a50|s161|it0|repair5g56_counterfactual_static_context,-0.0396432111001,0.0267591674926,True,False,0,random-32-32-20,0,42,True,2050,1009,237.362,True,1173,1.16253716551,repair5g1_shield_c100_b125_w075_d100_beta0p35_max0p75,161,1000,2385,14650fb0739d0383
50,repair5g1_shield_c125_b125_w075_d095_beta0p2_max0p5,True,random-32-32-20|a50|s161|it0|repair5g56_counterfactual_static_context,0.0168483647175,0.0832507433102,True,False,0,random-32-32-20,0,46,True,2250,1009,249.6354,True,1230,1.21902874133,repair5g1_shield_c125_b125_w075_d095_beta0p2_max0p5,161,1000,2385,14650fb0739d0383
50,repair5g1_shield_c125_b125_w075_d095_beta0p35_max0p75,True,random-32-32-20|a50|s161|it0|repair5g56_counterfactual_static_context,-0.0664023785927,0,True,False,0,random-32-32-20,0,42,True,2050,1009,224.2672,True,1146,1.13577799802,repair5g1_shield_c125_b125_w075_d095_beta0p35_max0p75,161,1000,2385,14650fb0739d0383
50,additive_ltm,True,random-32-32-20|a50|s161|it1|repair5g56_counterfactual_static_context,0,0.258671952428,True,False,1,random-32-32-20,0,67,True,3438,1009,252.5178,True,1375,1.36273538157,additive_ltm,161,1000,2361,ea0b8aaef5db8f41
50,repair5g2_best_frozen_static_candidate,True,random-32-32-20|a50|s161|it1|repair5g56_counterfactual_static_context,-0.258671952428,0,True,True,1,random-32-32-20,0,44,True,2149,1009,340.8919,True,1114,1.10406342914,repair5g1_shield_c125_b125_w075_d095_beta0p35_max0p75,161,1000,2361,ea0b8aaef5db8f41
50,repair5g2_frozen_static_or_selector,True,random-32-32-20|a50|s161|it1|repair5g56_counterfactual_static_context,-0.258671952428,0,True,False,1,random-32-32-20,0,44,True,2149,1009,274.0789,True,1114,1.10406342914,repair5g1_shield_c125_b125_w075_d095_beta0p35_max0p75,161,1000,2361,ea0b8aaef5db8f41
50,repair5g2_c_equiv_best_frozen_baseline,True,random-32-32-20|a50|s161|it1|repair5g56_counterfactual_static_context,-0.001982160555,0.256689791873,True,False,1,random-32-32-20,0,64,True,3240,1009,275.5982,True,1373,1.36075322101,repair5g_dual_c_equiv_c100_b100_w075_d100,161,1000,2361,ea0b8aaef5db8f41
50,repair5g1_shield_c100_b125_w075_d100_beta0p35_max0p75,True,random-32-32-20|a50|s161|it1|repair5g56_counterfactual_static_context,-0.223984142716,0.0346878097126,True,False,1,random-32-32-20,0,47,True,2300,1009,338.2789,True,1149,1.13875123885,repair5g1_shield_c100_b125_w075_d100_beta0p35_max0p75,161,1000,2361,ea0b8aaef5db8f41
50,repair5g1_shield_c125_b125_w075_d095_beta0p2_max0p5,True,random-32-32-20|a50|s161|it1|repair5g56_counterfactual_static_context,-0.159563924678,0.0991080277502,True,False,1,random-32-32-20,0,48,True,2350,1009,349.0793,True,1214,1.20317145689,repair5g1_shield_c125_b125_w075_d095_beta0p2_max0p5,161,1000,2361,ea0b8aaef5db8f41
50,repair5g1_shield_c125_b125_w075_d095_beta0p35_max0p75,True,random-32-32-20|a50|s161|it1|repair5g56_counterfactual_static_context,-0.258671952428,0,True,False,1,random-32-32-20,0,44,True,2149,1009,251.5252,True,1114,1.10406342914,repair5g1_shield_c125_b125_w075_d095_beta0p35_max0p75,161,1000,2361,ea0b8aaef5db8f41
50,additive_ltm,True,random-32-32-20|a50|s162|it0|repair5g56_counterfactual_static_context,0,0.103196347032,True,False,0,random-32-32-20,-0.0219178082192,54,True,2649,1095,159.2558,True,1426,1.30228310502,additive_ltm,162,1000,2649,14650fb0739d0383
50,repair5g2_best_frozen_static_candidate,True,random-32-32-20|a50|s162|it0|repair5g56_counterfactual_static_context,-0.103196347032,0,True,False,0,random-32-32-20,-0.0219178082192,52,True,2549,1095,232.4303,True,1313,1.19908675799,repair5g1_shield_c125_b125_w075_d095_beta0p35_max0p75,162,1000,2649,14650fb0739d0383
50,repair5g2_frozen_static_or_selector,True,random-32-32-20|a50|s162|it0|repair5g56_counterfactual_static_context,-0.103196347032,0,True,False,0,random-32-32-20,-0.0219178082192,52,True,2549,1095,239.7888,True,1313,1.19908675799,repair5g1_shield_c125_b125_w075_d095_beta0p35_max0p75,162,1000,2649,14650fb0739d0383
50,repair5g2_c_equiv_best_frozen_baseline,True,random-32-32-20|a50|s162|it0|repair5g56_counterfactual_static_context,0,0.103196347032,True,False,0,random-32-32-20,-0.0219178082192,54,True,2649,1095,158.6173,True,1426,1.30228310502,repair5g_dual_c_equiv_c100_b100_w075_d100,162,1000,2649,14650fb0739d0383
50,repair5g1_shield_c100_b125_w075_d100_beta0p35_max0p75,True,random-32-32-20|a50|s162|it0|repair5g56_counterfactual_static_context,-0.125114155251,-0.0219178082192,True,True,0,random-32-32-20,-0.0219178082192,52,True,2549,1095,225.5657,True,1289,1.17716894977,repair5g1_shield_c100_b125_w075_d100_beta0p35_max0p75,162,1000,2649,14650fb0739d0383
50,repair5g1_shield_c125_b125_w075_d095_beta0p2_max0p5,True,random-32-32-20|a50|s162|it0|repair5g56_counterfactual_static_context,-0.0547945205479,0.048401826484,True,False,0,random-32-32-20,-0.0219178082192,60,True,2946,1095,241.9307,True,1366,1.24748858447,repair5g1_shield_c125_b125_w075_d095_beta0p2_max0p5,162,1000,2649,14650fb0739d0383
50,repair5g1_shield_c125_b125_w075_d095_beta0p35_max0p75,True,random-32-32-20|a50|s162|it0|repair5g56_counterfactual_static_context,-0.103196347032,0,True,False,0,random-32-32-20,-0.0219178082192,52,True,2549,1095,236.8332,True,1313,1.19908675799,repair5g1_shield_c125_b125_w075_d095_beta0p35_max0p75,162,1000,2649,14650fb0739d0383
50,additive_ltm,True,random-32-32-20|a50|s162|it1|repair5g56_counterfactual_static_context,0,0.22100456621,True,False,1,random-32-32-20,-0.00821917808219,141,True,12929,1095,258.5446,True,1525,1.39269406393,additive_ltm,162,1000,2648,a31e4fb9348a498d
50,repair5g2_best_frozen_static_candidate,True,random-32-32-20|a50|s162|it1|repair5g56_counterfactual_static_context,-0.22100456621,0,True,False,1,random-32-32-20,-0.00821917808219,54,True,2649,1095,288.6313,True,1283,1.17168949772,repair5g1_shield_c125_b125_w075_d095_beta0p35_max0p75,162,1000,2648,a31e4fb9348a498d
50,repair5g2_frozen_static_or_selector,True,random-32-32-20|a50|s162|it1|repair5g56_counterfactual_static_context,-0.22100456621,0,True,False,1,random-32-32-20,-0.00821917808219,54,True,2649,1095,271.0833,True,1283,1.17168949772,repair5g1_shield_c125_b125_w075_d095_beta0p35_max0p75,162,1000,2648,a31e4fb9348a498d
50,repair5g2_c_equiv_best_frozen_baseline,True,random-32-32-20|a50|s162|it1|repair5g56_counterfactual_static_context,-0.00456621004566,0.216438356164,True,False,1,random-32-32-20,-0.00821917808219,291,True,35302,1095,573.2456,True,1520,1.38812785388,repair5g_dual_c_equiv_c100_b100_w075_d100,162,1000,2648,a31e4fb9348a498d
50,repair5g1_shield_c100_b125_w075_d100_beta0p35_max0p75,True,random-32-32-20|a50|s162|it1|repair5g56_counterfactual_static_context,-0.229223744292,-0.00821917808219,True,True,1,random-32-32-20,-0.00821917808219,54,True,2649,1095,259.3784,True,1274,1.16347031963,repair5g1_shield_c100_b125_w075_d100_beta0p35_max0p75,162,1000,2648,a31e4fb9348a498d
50,repair5g1_shield_c125_b125_w075_d095_beta0p2_max0p5,True,random-32-32-20|a50|s162|it1|repair5g56_counterfactual_static_context,-0.199086757991,0.0219178082192,True,False,1,random-32-32-20,-0.00821917808219,54,True,2649,1095,307.7723,True,1307,1.19360730594,repair5g1_shield_c125_b125_w075_d095_beta0p2_max0p5,162,1000,2648,a31e4fb9348a498d
50,repair5g1_shield_c125_b125_w075_d095_beta0p35_max0p75,True,random-32-32-20|a50|s162|it1|repair5g56_counterfactual_static_context,-0.22100456621,0,True,False,1,random-32-32-20,-0.00821917808219,54,True,2649,1095,307.2611,True,1283,1.17168949772,repair5g1_shield_c125_b125_w075_d095_beta0p35_max0p75,162,1000,2648,a31e4fb9348a498d
50,additive_ltm,True,random-32-32-20|a50|s163|it0|repair5g56_counterfactual_static_context,0,0.184518451845,True,False,0,random-32-32-20,0,55,True,2700,1111,156.9067,True,1462,1.31593159316,additive_ltm,163,1000,2274,14650fb0739d0383
50,repair5g2_best_frozen_static_candidate,True,random-32-32-20|a50|s163|it0|repair5g56_counterfactual_static_context,-0.184518451845,0,True,True,0,random-32-32-20,0,53,True,2845,1111,237.9838,True,1257,1.13141314131,repair5g1_shield_c125_b125_w075_d095_beta0p35_max0p75,163,1000,2274,14650fb0739d0383
50,repair5g2_frozen_static_or_selector,True,random-32-32-20|a50|s163|it0|repair5g56_counterfactual_static_context,-0.184518451845,0,True,False,0,random-32-32-20,0,53,True,2845,1111,242.1472,True,1257,1.13141314131,repair5g1_shield_c125_b125_w075_d095_beta0p35_max0p75,163,1000,2274,14650fb0739d0383
50,repair5g2_c_equiv_best_frozen_baseline,True,random-32-32-20|a50|s163|it0|repair5g56_counterfactual_static_context,0,0.184518451845,True,False,0,random-32-32-20,0,55,True,2700,1111,159.3808,True,1462,1.31593159316,repair5g_dual_c_equiv_c100_b100_w075_d100,163,1000,2274,14650fb0739d0383
50,repair5g1_shield_c100_b125_w075_d100_beta0p35_max0p75,True,random-32-32-20|a50|s163|it0|repair5g56_counterfactual_static_context,-0.162916291629,0.021602160216,True,False,0,random-32-32-20,0,50,True,2450,1111,233.9296,True,1281,1.15301530153,repair5g1_shield_c100_b125_w075_d100_beta0p35_max0p75,163,1000,2274,14650fb0739d0383
50,repair5g1_shield_c125_b125_w075_d095_beta0p2_max0p5,True,random-32-32-20|a50|s163|it0|repair5g56_counterfactual_static_context,-0.0765076507651,0.10801080108,True,False,0,random-32-32-20,0,56,True,2750,1111,243.367,True,1377,1.23942394239,repair5g1_shield_c125_b125_w075_d095_beta0p2_max0p5,163,1000,2274,14650fb0739d0383
50,repair5g1_shield_c125_b125_w075_d095_beta0p35_max0p75,True,random-32-32-20|a50|s163|it0|repair5g56_counterfactual_static_context,-0.184518451845,0,True,False,0,random-32-32-20,0,53,True,2845,1111,257.8695,True,1257,1.13141314131,repair5g1_shield_c125_b125_w075_d095_beta0p35_max0p75,163,1000,2274,14650fb0739d0383
50,additive_ltm,True,random-32-32-20|a50|s163|it1|repair5g56_counterfactual_static_context,0,0.227722772277,True,False,1,random-32-32-20,0,60,True,2950,1111,212.0225,True,1511,1.3600360036,additive_ltm,163,1000,2682,bb62fa4058dc36cf
50,repair5g2_best_frozen_static_candidate,True,random-32-32-20|a50|s163|it1|repair5g56_counterfactual_static_context,-0.227722772277,0,True,True,1,random-32-32-20,0,49,True,2400,1111,296.3707,True,1258,1.13231323132,repair5g1_shield_c125_b125_w075_d095_beta0p35_max0p75,163,1000,2682,bb62fa4058dc36cf
50,repair5g2_frozen_static_or_selector,True,random-32-32-20|a50|s163|it1|repair5g56_counterfactual_static_context,-0.227722772277,0,True,False,1,random-32-32-20,0,49,True,2400,1111,312.3899,True,1258,1.13231323132,repair5g1_shield_c125_b125_w075_d095_beta0p35_max0p75,163,1000,2682,bb62fa4058dc36cf
50,repair5g2_c_equiv_best_frozen_baseline,True,random-32-32-20|a50|s163|it1|repair5g56_counterfactual_static_context,-0.021602160216,0.206120612061,True,False,1,random-32-32-20,0,62,True,3050,1111,269.1893,True,1487,1.33843384338,repair5g_dual_c_equiv_c100_b100_w075_d100,163,1000,2682,bb62fa4058dc36cf
50,repair5g1_shield_c100_b125_w075_d100_beta0p35_max0p75,True,random-32-32-20|a50|s163|it1|repair5g56_counterfactual_static_context,-0.224122412241,0.003600360036,True,False,1,random-32-32-20,0,49,True,2400,1111,266.9368,True,1262,1.13591359136,repair5g1_shield_c100_b125_w075_d100_beta0p35_max0p75,163,1000,2682,bb62fa4058dc36cf
50,repair5g1_shield_c125_b125_w075_d095_beta0p2_max0p5,True,random-32-32-20|a50|s163|it1|repair5g56_counterfactual_static_context,-0.1800180018,0.047704770477,True,False,1,random-32-32-20,0,49,True,2400,1111,304.7111,True,1311,1.1800180018,repair5g1_shield_c125_b125_w075_d095_beta0p2_max0p5,163,1000,2682,bb62fa4058dc36cf
50,repair5g1_shield_c125_b125_w075_d095_beta0p35_max0p75,True,random-32-32-20|a50|s163|it1|repair5g56_counterfactual_static_context,-0.227722772277,0,True,False,1,random-32-32-20,0,49,True,2400,1111,309.8421,True,1258,1.13231323132,repair5g1_shield_c125_b125_w075_d095_beta0p35_max0p75,163,1000,2682,bb62fa4058dc36cf
50,additive_ltm,True,random-32-32-20|a50|s164|it0|repair5g56_counterfactual_static_context,0,0.156488549618,True,False,0,random-32-32-20,-0.0143129770992,55,True,2699,1048,160.3623,True,1375,1.31202290076,additive_ltm,164,1000,2309,14650fb0739d0383
50,repair5g2_best_frozen_static_candidate,True,random-32-32-20|a50|s164|it0|repair5g56_counterfactual_static_context,-0.156488549618,0,True,False,0,random-32-32-20,-0.0143129770992,49,True,2399,1048,235.6869,True,1211,1.15553435115,repair5g1_shield_c125_b125_w075_d095_beta0p35_max0p75,164,1000,2309,14650fb0739d0383
50,repair5g2_frozen_static_or_selector,True,random-32-32-20|a50|s164|it0|repair5g56_counterfactual_static_context,-0.156488549618,0,True,False,0,random-32-32-20,-0.0143129770992,49,True,2399,1048,237.8225,True,1211,1.15553435115,repair5g1_shield_c125_b125_w075_d095_beta0p35_max0p75,164,1000,2309,14650fb0739d0383
50,repair5g2_c_equiv_best_frozen_baseline,True,random-32-32-20|a50|s164|it0|repair5g56_counterfactual_static_context,0,0.156488549618,True,False,0,random-32-32-20,-0.0143129770992,55,True,2699,1048,161.5056,True,1375,1.31202290076,repair5g_dual_c_equiv_c100_b100_w075_d100,164,1000,2309,14650fb0739d0383
50,repair5g1_shield_c100_b125_w075_d100_beta0p35_max0p75,True,random-32-32-20|a50|s164|it0|repair5g56_counterfactual_static_context,-0.170801526718,-0.0143129770992,True,True,0,random-32-32-20,-0.0143129770992,46,True,2249,1048,233.8961,True,1196,1.14122137405,repair5g1_shield_c100_b125_w075_d100_beta0p35_max0p75,164,1000,2309,14650fb0739d0383
50,repair5g1_shield_c125_b125_w075_d095_beta0p2_max0p5,True,random-32-32-20|a50|s164|it0|repair5g56_counterfactual_static_context,-0.141221374046,0.0152671755725,True,False,0,random-32-32-20,-0.0143129770992,51,True,2499,1048,235.2789,True,1227,1.17080152672,repair5g1_shield_c125_b125_w075_d095_beta0p2_max0p5,164,1000,2309,14650fb0739d0383
50,repair5g1_shield_c125_b125_w075_d095_beta0p35_max0p75,True,random-32-32-20|a50|s164|it0|repair5g56_counterfactual_static_context,-0.156488549618,0,True,False,0,random-32-32-20,-0.0143129770992,49,True,2399,1048,234.8807,True,1211,1.15553435115,repair5g1_shield_c125_b125_w075_d095_beta0p35_max0p75,164,1000,2309,14650fb0739d0383
50,additive_ltm,True,random-32-32-20|a50|s164|it1|repair5g56_counterfactual_static_context,0,0.151717557252,True,False,1,random-32-32-20,-0.00763358778626,51,True,2499,1048,173.6471,True,1320,1.25954198473,additive_ltm,164,1000,2277,b90d1f9f9d9e8f6c
50,repair5g2_best_frozen_static_candidate,True,random-32-32-20|a50|s164|it1|repair5g56_counterfactual_static_context,-0.151717557252,0,True,False,1,random-32-32-20,-0.00763358778626,49,True,2400,1048,296.8761,True,1161,1.10782442748,repair5g1_shield_c125_b125_w075_d095_beta0p35_max0p75,164,1000,2277,b90d1f9f9d9e8f6c
50,repair5g2_frozen_static_or_selector,True,random-32-32-20|a50|s164|it1|repair5g56_counterfactual_static_context,-0.151717557252,0,True,False,1,random-32-32-20,-0.00763358778626,49,True,2400,1048,290.8974,True,1161,1.10782442748,repair5g1_shield_c125_b125_w075_d095_beta0p35_max0p75,164,1000,2277,b90d1f9f9d9e8f6c
50,repair5g2_c_equiv_best_frozen_baseline,True,random-32-32-20|a50|s164|it1|repair5g56_counterfactual_static_context,0.0381679389313,0.189885496183,True,False,1,random-32-32-20,-0.00763358778626,55,True,2699,1048,310.0625,True,1360,1.29770992366,repair5g_dual_c_equiv_c100_b100_w075_d100,164,1000,2277,b90d1f9f9d9e8f6c
50,repair5g1_shield_c100_b125_w075_d100_beta0p35_max0p75,True,random-32-32-20|a50|s164|it1|repair5g56_counterfactual_static_context,-0.159351145038,-0.00763358778626,True,True,1,random-32-32-20,-0.00763358778626,49,True,2399,1048,278.2307,True,1153,1.10019083969,repair5g1_shield_c100_b125_w075_d100_beta0p35_max0p75,164,1000,2277,b90d1f9f9d9e8f6c
50,repair5g1_shield_c125_b125_w075_d095_beta0p2_max0p5,True,random-32-32-20|a50|s164|it1|repair5g56_counterfactual_static_context,-0.135496183206,0.0162213740458,True,False,1,random-32-32-20,-0.00763358778626,49,True,2400,1048,324.9943,True,1178,1.12404580153,repair5g1_shield_c125_b125_w075_d095_beta0p2_max0p5,164,1000,2277,b90d1f9f9d9e8f6c
50,repair5g1_shield_c125_b125_w075_d095_beta0p35_max0p75,True,random-32-32-20|a50|s164|it1|repair5g56_counterfactual_static_context,-0.151717557252,0,True,False,1,random-32-32-20,-0.00763358778626,49,True,2400,1048,249.6783,True,1161,1.10782442748,repair5g1_shield_c125_b125_w075_d095_beta0p35_max0p75,164,1000,2277,b90d1f9f9d9e8f6c
50,additive_ltm,True,random-32-32-20|a50|s165|it0|repair5g56_counterfactual_static_context,0,0.126999059266,True,False,0,random-32-32-20,0,63,True,3100,1063,157.6727,True,1348,1.26810912512,additive_ltm,165,1000,3083,14650fb0739d0383
50,repair5g2_best_frozen_static_candidate,True,random-32-32-20|a50|s165|it0|repair5g56_counterfactual_static_context,-0.126999059266,0,True,True,0,random-32-32-20,0,61,True,3000,1063,284.3627,True,1213,1.14111006585,repair5g1_shield_c125_b125_w075_d095_beta0p35_max0p75,165,1000,3083,14650fb0739d0383
50,repair5g2_frozen_static_or_selector,True,random-32-32-20|a50|s165|it0|repair5g56_counterfactual_static_context,-0.126999059266,0,True,False,0,random-32-32-20,0,61,True,3000,1063,246.4694,True,1213,1.14111006585,repair5g1_shield_c125_b125_w075_d095_beta0p35_max0p75,165,1000,3083,14650fb0739d0383
50,repair5g2_c_equiv_best_frozen_baseline,True,random-32-32-20|a50|s165|it0|repair5g56_counterfactual_static_context,0,0.126999059266,True,False,0,random-32-32-20,0,63,True,3100,1063,163.2702,True,1348,1.26810912512,repair5g_dual_c_equiv_c100_b100_w075_d100,165,1000,3083,14650fb0739d0383
50,repair5g1_shield_c100_b125_w075_d100_beta0p35_max0p75,True,random-32-32-20|a50|s165|it0|repair5g56_counterfactual_static_context,-0.113828786453,0.0131702728128,True,False,0,random-32-32-20,0,63,True,3100,1063,247.417,True,1227,1.15428033866,repair5g1_shield_c100_b125_w075_d100_beta0p35_max0p75,165,1000,3083,14650fb0739d0383
50,repair5g1_shield_c125_b125_w075_d095_beta0p2_max0p5,True,random-32-32-20|a50|s165|it0|repair5g56_counterfactual_static_context,-0.0818438381938,0.0451552210724,True,False,0,random-32-32-20,0,63,True,3100,1063,232.8468,True,1261,1.18626528692,repair5g1_shield_c125_b125_w075_d095_beta0p2_max0p5,165,1000,3083,14650fb0739d0383
50,repair5g1_shield_c125_b125_w075_d095_beta0p35_max0p75,True,random-32-32-20|a50|s165|it0|repair5g56_counterfactual_static_context,-0.126999059266,0,True,False,0,random-32-32-20,0,61,True,3000,1063,240.0786,True,1213,1.14111006585,repair5g1_shield_c125_b125_w075_d095_beta0p35_max0p75,165,1000,3083,14650fb0739d0383
50,additive_ltm,True,random-32-32-20|a50|s165|it1|repair5g56_counterfactual_static_context,0,0.217309501411,True,False,1,random-32-32-20,-0.035747883349,85,True,4200,1063,267.9927,True,1442,1.35653809972,additive_ltm,165,1000,3109,e04d41ce824f9454
50,repair5g2_best_frozen_static_candidate,True,random-32-32-20|a50|s165|it1|repair5g56_counterfactual_static_context,-0.217309501411,0,True,False,1,random-32-32-20,-0.035747883349,63,True,3100,1063,334.1799,True,1211,1.13922859831,repair5g1_shield_c125_b125_w075_d095_beta0p35_max0p75,165,1000,3109,e04d41ce824f9454
50,repair5g2_frozen_static_or_selector,True,random-32-32-20|a50|s165|it1|repair5g56_counterfactual_static_context,-0.217309501411,0,True,False,1,random-32-32-20,-0.035747883349,63,True,3100,1063,351.0445,True,1211,1.13922859831,repair5g1_shield_c125_b125_w075_d095_beta0p35_max0p75,165,1000,3109,e04d41ce824f9454
50,repair5g2_c_equiv_best_frozen_baseline,True,random-32-32-20|a50|s165|it1|repair5g56_counterfactual_static_context,0.0338664158043,0.251175917215,True,False,1,random-32-32-20,-0.035747883349,87,True,4300,1063,346.1864,True,1478,1.39040451552,repair5g_dual_c_equiv_c100_b100_w075_d100,165,1000,3109,e04d41ce824f9454
50,repair5g1_shield_c100_b125_w075_d100_beta0p35_max0p75,True,random-32-32-20|a50|s165|it1|repair5g56_counterfactual_static_context,-0.25305738476,-0.035747883349,True,True,1,random-32-32-20,-0.035747883349,63,True,3100,1063,361.9538,True,1173,1.10348071496,repair5g1_shield_c100_b125_w075_d100_beta0p35_max0p75,165,1000,3109,e04d41ce824f9454
50,repair5g1_shield_c125_b125_w075_d095_beta0p2_max0p5,True,random-32-32-20|a50|s165|it1|repair5g56_counterfactual_static_context,-0.111006585136,0.106302916275,True,False,1,random-32-32-20,-0.035747883349,63,True,3100,1063,344.0096,True,1324,1.24553151458,repair5g1_shield_c125_b125_w075_d095_beta0p2_max0p5,165,1000,3109,e04d41ce824f9454
50,repair5g1_shield_c125_b125_w075_d095_beta0p35_max0p75,True,random-32-32-20|a50|s165|it1|repair5g56_counterfactual_static_context,-0.217309501411,0,True,False,1,random-32-32-20,-0.035747883349,63,True,3100,1063,374.9588,True,1211,1.13922859831,repair5g1_shield_c125_b125_w075_d095_beta0p35_max0p75,165,1000,3109,e04d41ce824f9454
100,additive_ltm,True,random-32-32-20|a100|s156|it0|repair5g56_counterfactual_static_context,0,0.134237605239,True,False,0,random-32-32-20,0,56,True,5498,2138,309.5507,True,2838,1.32740879326,additive_ltm,156,1000,5737,14650fb0739d0383
100,repair5g2_best_frozen_static_candidate,True,random-32-32-20|a100|s156|it0|repair5g56_counterfactual_static_context,-0.134237605239,0,True,True,0,random-32-32-20,0,51,True,4999,2138,466.9436,True,2551,1.19317118803,repair5g1_shield_c125_b125_w075_d095_beta0p35_max0p75,156,1000,5737,14650fb0739d0383
100,repair5g2_frozen_static_or_selector,True,random-32-32-20|a100|s156|it0|repair5g56_counterfactual_static_context,-0.101028999065,0.033208606174,True,False,0,random-32-32-20,0,52,True,5099,2138,478.4116,True,2622,1.2263797942,repair5g1_shield_c100_b125_w075_d100_beta0p35_max0p75,156,1000,5737,14650fb0739d0383
100,repair5g2_c_equiv_best_frozen_baseline,True,random-32-32-20|a100|s156|it0|repair5g56_counterfactual_static_context,0,0.134237605239,True,False,0,random-32-32-20,0,56,True,5498,2138,325.5002,True,2838,1.32740879326,repair5g_dual_c_equiv_c100_b100_w075_d100,156,1000,5737,14650fb0739d0383
100,repair5g1_shield_c100_b125_w075_d100_beta0p35_max0p75,True,random-32-32-20|a100|s156|it0|repair5g56_counterfactual_static_context,-0.101028999065,0.033208606174,True,False,0,random-32-32-20,0,52,True,5099,2138,626.1683,True,2622,1.2263797942,repair5g1_shield_c100_b125_w075_d100_beta0p35_max0p75,156,1000,5737,14650fb0739d0383
100,repair5g1_shield_c125_b125_w075_d095_beta0p2_max0p5,True,random-32-32-20|a100|s156|it0|repair5g56_counterfactual_static_context,-0.0598690364827,0.0743685687558,True,False,0,random-32-32-20,0,57,True,5599,2138,600.2647,True,2710,1.26753975678,repair5g1_shield_c125_b125_w075_d095_beta0p2_max0p5,156,1000,5737,14650fb0739d0383
100,repair5g1_shield_c125_b125_w075_d095_beta0p35_max0p75,True,random-32-32-20|a100|s156|it0|repair5g56_counterfactual_static_context,-0.134237605239,0,True,False,0,random-32-32-20,0,51,True,4999,2138,618.0936,True,2551,1.19317118803,repair5g1_shield_c125_b125_w075_d095_beta0p35_max0p75,156,1000,5737,14650fb0739d0383
100,additive_ltm,True,random-32-32-20|a100|s157|it0|repair5g56_counterfactual_static_context,0,0.181340341656,True,False,0,random-32-32-20,0,80,True,9471,2283,351.5851,True,3369,1.47568988173,additive_ltm,157,1000,5707,14650fb0739d0383
100,repair5g2_best_frozen_static_candidate,True,random-32-32-20|a100|s157|it0|repair5g56_counterfactual_static_context,-0.181340341656,0,True,True,0,random-32-32-20,0,58,True,5698,2283,479.1299,True,2955,1.29434954008,repair5g1_shield_c125_b125_w075_d095_beta0p35_max0p75,157,1000,5707,14650fb0739d0383
100,repair5g2_frozen_static_or_selector,True,random-32-32-20|a100|s157|it0|repair5g56_counterfactual_static_context,-0.173455978975,0.00788436268068,True,False,0,random-32-32-20,0,52,True,5095,2283,481.227,True,2973,1.30223390276,repair5g1_shield_c100_b125_w075_d100_beta0p35_max0p75,157,1000,5707,14650fb0739d0383
100,repair5g2_c_equiv_best_frozen_baseline,True,random-32-32-20|a100|s157|it0|repair5g56_counterfactual_static_context,0,0.181340341656,True,False,0,random-32-32-20,0,80,True,9471,2283,393.0345,True,3369,1.47568988173,repair5g_dual_c_equiv_c100_b100_w075_d100,157,1000,5707,14650fb0739d0383
100,repair5g1_shield_c100_b125_w075_d100_beta0p35_max0p75,True,random-32-32-20|a100|s157|it0|repair5g56_counterfactual_static_context,-0.173455978975,0.00788436268068,True,False,0,random-32-32-20,0,52,True,5095,2283,702.3501,True,2973,1.30223390276,repair5g1_shield_c100_b125_w075_d100_beta0p35_max0p75,157,1000,5707,14650fb0739d0383
100,repair5g1_shield_c125_b125_w075_d095_beta0p2_max0p5,True,random-32-32-20|a100|s157|it0|repair5g56_counterfactual_static_context,-0.101182654402,0.0801576872536,True,False,0,random-32-32-20,0,67,True,6597,2283,674.1318,True,3138,1.37450722733,repair5g1_shield_c125_b125_w075_d095_beta0p2_max0p5,157,1000,5707,14650fb0739d0383
100,repair5g1_shield_c125_b125_w075_d095_beta0p35_max0p75,True,random-32-32-20|a100|s157|it0|repair5g56_counterfactual_static_context,-0.181340341656,0,True,False,0,random-32-32-20,0,58,True,5698,2283,502.6394,True,2955,1.29434954008,repair5g1_shield_c125_b125_w075_d095_beta0p35_max0p75,157,1000,5707,14650fb0739d0383
100,additive_ltm,True,random-32-32-20|a100|s158|it0|repair5g56_counterfactual_static_context,0,0.167558666118,True,False,0,random-32-32-20,0,62,True,6779,2429,327.4781,True,3469,1.42815973652,additive_ltm,158,1000,5522,14650fb0739d0383
100,repair5g2_best_frozen_static_candidate,True,random-32-32-20|a100|s158|it0|repair5g56_counterfactual_static_context,-0.167558666118,0,True,True,0,random-32-32-20,0,53,True,5199,2429,498.1084,True,3062,1.2606010704,repair5g1_shield_c125_b125_w075_d095_beta0p35_max0p75,158,1000,5522,14650fb0739d0383
100,repair5g2_frozen_static_or_selector,True,random-32-32-20|a100|s158|it0|repair5g56_counterfactual_static_context,-0.142445450803,0.0251132153149,True,False,0,random-32-32-20,0,59,True,5798,2429,508.6522,True,3123,1.28571428571,repair5g1_shield_c100_b125_w075_d100_beta0p35_max0p75,158,1000,5522,14650fb0739d0383
100,repair5g2_c_equiv_best_frozen_baseline,True,random-32-32-20|a100|s158|it0|repair5g56_counterfactual_static_context,0,0.167558666118,True,False,0,random-32-32-20,0,62,True,6779,2429,434.6694,True,3469,1.42815973652,repair5g_dual_c_equiv_c100_b100_w075_d100,158,1000,5522,14650fb0739d0383
100,repair5g1_shield_c100_b125_w075_d100_beta0p35_max0p75,True,random-32-32-20|a100|s158|it0|repair5g56_counterfactual_static_context,-0.142445450803,0.0251132153149,True,False,0,random-32-32-20,0,59,True,5798,2429,682.4888,True,3123,1.28571428571,repair5g1_shield_c100_b125_w075_d100_beta0p35_max0p75,158,1000,5522,14650fb0739d0383
100,repair5g1_shield_c125_b125_w075_d095_beta0p2_max0p5,True,random-32-32-20|a100|s158|it0|repair5g56_counterfactual_static_context,-0.114038699053,0.0535199670646,True,False,0,random-32-32-20,0,53,True,5199,2429,643.0626,True,3192,1.31412103746,repair5g1_shield_c125_b125_w075_d095_beta0p2_max0p5,158,1000,5522,14650fb0739d0383
100,repair5g1_shield_c125_b125_w075_d095_beta0p35_max0p75,True,random-32-32-20|a100|s158|it0|repair5g56_counterfactual_static_context,-0.167558666118,0,True,False,0,random-32-32-20,0,53,True,5199,2429,586.7411,True,3062,1.2606010704,repair5g1_shield_c125_b125_w075_d095_beta0p35_max0p75,158,1000,5522,14650fb0739d0383
100,additive_ltm,True,random-32-32-20|a100|s159|it0|repair5g56_counterfactual_static_context,0,0.275449101796,True,False,0,random-32-32-20,-0.0225702441271,77,True,8091,2171,342.8781,True,3443,1.58590511285,additive_ltm,159,1000,5748,14650fb0739d0383
100,repair5g2_best_frozen_static_candidate,True,random-32-32-20|a100|s159|it0|repair5g56_counterfactual_static_context,-0.275449101796,0,True,False,0,random-32-32-20,-0.0225702441271,59,True,5899,2171,478.1167,True,2845,1.31045601105,repair5g1_shield_c125_b125_w075_d095_beta0p35_max0p75,159,1000,5748,14650fb0739d0383
100,repair5g2_frozen_static_or_selector,True,random-32-32-20|a100|s159|it0|repair5g56_counterfactual_static_context,-0.298019345924,-0.0225702441271,True,True,0,random-32-32-20,-0.0225702441271,55,True,5399,2171,479.6699,True,2796,1.28788576693,repair5g1_shield_c100_b125_w075_d100_beta0p35_max0p75,159,1000,5748,14650fb0739d0383
100,repair5g2_c_equiv_best_frozen_baseline,True,random-32-32-20|a100|s159|it0|repair5g56_counterfactual_static_context,0,0.275449101796,True,False,0,random-32-32-20,-0.0225702441271,77,True,8091,2171,441.1378,True,3443,1.58590511285,repair5g_dual_c_equiv_c100_b100_w075_d100,159,1000,5748,14650fb0739d0383
100,repair5g1_shield_c100_b125_w075_d100_beta0p35_max0p75,True,random-32-32-20|a100|s159|it0|repair5g56_counterfactual_static_context,-0.298019345924,-0.0225702441271,True,False,0,random-32-32-20,-0.0225702441271,55,True,5399,2171,636.1141,True,2796,1.28788576693,repair5g1_shield_c100_b125_w075_d100_beta0p35_max0p75,159,1000,5748,14650fb0739d0383
100,repair5g1_shield_c125_b125_w075_d095_beta0p2_max0p5,True,random-32-32-20|a100|s159|it0|repair5g56_counterfactual_static_context,-0.157070474436,0.118378627361,True,False,0,random-32-32-20,-0.0225702441271,81,True,8889,2171,641.283,True,3102,1.42883463842,repair5g1_shield_c125_b125_w075_d095_beta0p2_max0p5,159,1000,5748,14650fb0739d0383
100,repair5g1_shield_c125_b125_w075_d095_beta0p35_max0p75,True,random-32-32-20|a100|s159|it0|repair5g56_counterfactual_static_context,-0.275449101796,0,True,False,0,random-32-32-20,-0.0225702441271,59,True,5899,2171,517.3582,True,2845,1.31045601105,repair5g1_shield_c125_b125_w075_d095_beta0p35_max0p75,159,1000,5748,14650fb0739d0383
100,additive_ltm,True,random-32-32-20|a100|s160|it0|repair5g56_counterfactual_static_context,0,0.235140997831,True,False,0,random-32-32-20,0,69,True,6882,2305,329.867,True,3265,1.41648590022,additive_ltm,160,1000,6375,14650fb0739d0383
100,repair5g2_best_frozen_static_candidate,True,random-32-32-20|a100|s160|it0|repair5g56_counterfactual_static_context,-0.235140997831,0,True,True,0,random-32-32-20,0,59,True,5800,2305,471.9598,True,2723,1.18134490239,repair5g1_shield_c125_b125_w075_d095_beta0p35_max0p75,160,1000,6375,14650fb0739d0383
100,repair5g2_frozen_static_or_selector,True,random-32-32-20|a100|s160|it0|repair5g56_counterfactual_static_context,-0.169197396963,0.0659436008677,True,False,0,random-32-32-20,0,60,True,5899,2305,490.8334,True,2875,1.24728850325,repair5g1_shield_c100_b125_w075_d100_beta0p35_max0p75,160,1000,6375,14650fb0739d0383
100,repair5g2_c_equiv_best_frozen_baseline,True,random-32-32-20|a100|s160|it0|repair5g56_counterfactual_static_context,0,0.235140997831,True,False,0,random-32-32-20,0,69,True,6882,2305,371.6523,True,3265,1.41648590022,repair5g_dual_c_equiv_c100_b100_w075_d100,160,1000,6375,14650fb0739d0383
100,repair5g1_shield_c100_b125_w075_d100_beta0p35_max0p75,True,random-32-32-20|a100|s160|it0|repair5g56_counterfactual_static_context,-0.169197396963,0.0659436008677,True,False,0,random-32-32-20,0,60,True,5899,2305,608.3648,True,2875,1.24728850325,repair5g1_shield_c100_b125_w075_d100_beta0p35_max0p75,160,1000,6375,14650fb0739d0383
100,repair5g1_shield_c125_b125_w075_d095_beta0p2_max0p5,True,random-32-32-20|a100|s160|it0|repair5g56_counterfactual_static_context,-0.111930585683,0.123210412148,True,False,0,random-32-32-20,0,63,True,6195,2305,670.9832,True,3007,1.30455531453,repair5g1_shield_c125_b125_w075_d095_beta0p2_max0p5,160,1000,6375,14650fb0739d0383
100,repair5g1_shield_c125_b125_w075_d095_beta0p35_max0p75,True,random-32-32-20|a100|s160|it0|repair5g56_counterfactual_static_context,-0.235140997831,0,True,False,0,random-32-32-20,0,59,True,5800,2305,556.7862,True,2723,1.18134490239,repair5g1_shield_c125_b125_w075_d095_beta0p35_max0p75,160,1000,6375,14650fb0739d0383
100,additive_ltm,True,random-32-32-20|a100|s161|it0|repair5g56_counterfactual_static_context,0,0.0765209125475,True,False,0,random-32-32-20,-0.0166349809886,58,True,5699,2104,322.1506,True,2999,1.42538022814,additive_ltm,161,1000,5985,14650fb0739d0383
100,repair5g2_best_frozen_static_candidate,True,random-32-32-20|a100|s161|it0|repair5g56_counterfactual_static_context,-0.0765209125475,0,True,False,0,random-32-32-20,-0.0166349809886,54,True,5295,2104,490.194,True,2838,1.34885931559,repair5g1_shield_c125_b125_w075_d095_beta0p35_max0p75,161,1000,5985,14650fb0739d0383
100,repair5g2_frozen_static_or_selector,True,random-32-32-20|a100|s161|it0|repair5g56_counterfactual_static_context,-0.0931558935361,-0.0166349809886,True,True,0,random-32-32-20,-0.0166349809886,55,True,5399,2104,483.5846,True,2803,1.3322243346,repair5g1_shield_c100_b125_w075_d100_beta0p35_max0p75,161,1000,5985,14650fb0739d0383
100,repair5g2_c_equiv_best_frozen_baseline,True,random-32-32-20|a100|s161|it0|repair5g56_counterfactual_static_context,0,0.0765209125475,True,False,0,random-32-32-20,-0.0166349809886,58,True,5699,2104,402.1603,True,2999,1.42538022814,repair5g_dual_c_equiv_c100_b100_w075_d100,161,1000,5985,14650fb0739d0383
100,repair5g1_shield_c100_b125_w075_d100_beta0p35_max0p75,True,random-32-32-20|a100|s161|it0|repair5g56_counterfactual_static_context,-0.0931558935361,-0.0166349809886,True,False,0,random-32-32-20,-0.0166349809886,55,True,5399,2104,513.0886,True,2803,1.3322243346,repair5g1_shield_c100_b125_w075_d100_beta0p35_max0p75,161,1000,5985,14650fb0739d0383
100,repair5g1_shield_c125_b125_w075_d095_beta0p2_max0p5,True,random-32-32-20|a100|s161|it0|repair5g56_counterfactual_static_context,-0.0736692015209,0.00285171102662,True,False,0,random-32-32-20,-0.0166349809886,58,True,5697,2104,715.4721,True,2844,1.35171102662,repair5g1_shield_c125_b125_w075_d095_beta0p2_max0p5,161,1000,5985,14650fb0739d0383
100,repair5g1_shield_c125_b125_w075_d095_beta0p35_max0p75,True,random-32-32-20|a100|s161|it0|repair5g56_counterfactual_static_context,-0.0765209125475,0,True,False,0,random-32-32-20,-0.0166349809886,54,True,5295,2104,744.49,True,2838,1.34885931559,repair5g1_shield_c125_b125_w075_d095_beta0p35_max0p75,161,1000,5985,14650fb0739d0383
100,additive_ltm,True,random-32-32-20|a100|s162|it0|repair5g56_counterfactual_static_context,0,0.0968439256377,True,False,0,random-32-32-20,-0.0121054907047,61,True,5998,2313,327.4589,True,3203,1.38478166883,additive_ltm,162,1000,6301,14650fb0739d0383
100,repair5g2_best_frozen_static_candidate,True,random-32-32-20|a100|s162|it0|repair5g56_counterfactual_static_context,-0.0968439256377,0,True,False,0,random-32-32-20,-0.0121054907047,59,True,5798,2313,483.0942,True,2979,1.28793774319,repair5g1_shield_c125_b125_w075_d095_beta0p35_max0p75,162,1000,6301,14650fb0739d0383
100,repair5g2_frozen_static_or_selector,True,random-32-32-20|a100|s162|it0|repair5g56_counterfactual_static_context,-0.108949416342,-0.0121054907047,True,True,0,random-32-32-20,-0.0121054907047,59,True,5798,2313,481.5364,True,2951,1.27583225249,repair5g1_shield_c100_b125_w075_d100_beta0p35_max0p75,162,1000,6301,14650fb0739d0383
100,repair5g2_c_equiv_best_frozen_baseline,True,random-32-32-20|a100|s162|it0|repair5g56_counterfactual_static_context,0,0.0968439256377,True,False,0,random-32-32-20,-0.0121054907047,61,True,5998,2313,379.8013,True,3203,1.38478166883,repair5g_dual_c_equiv_c100_b100_w075_d100,162,1000,6301,14650fb0739d0383
100,repair5g1_shield_c100_b125_w075_d100_beta0p35_max0p75,True,random-32-32-20|a100|s162|it0|repair5g56_counterfactual_static_context,-0.108949416342,-0.0121054907047,True,False,0,random-32-32-20,-0.0121054907047,59,True,5798,2313,629.9807,True,2951,1.27583225249,repair5g1_shield_c100_b125_w075_d100_beta0p35_max0p75,162,1000,6301,14650fb0739d0383
100,repair5g1_shield_c125_b125_w075_d095_beta0p2_max0p5,True,random-32-32-20|a100|s162|it0|repair5g56_counterfactual_static_context,-0.0661478599222,0.0306960657155,True,False,0,random-32-32-20,-0.0121054907047,59,True,5798,2313,617.8962,True,3050,1.31863380891,repair5g1_shield_c125_b125_w075_d095_beta0p2_max0p5,162,1000,6301,14650fb0739d0383
100,repair5g1_shield_c125_b125_w075_d095_beta0p35_max0p75,True,random-32-32-20|a100|s162|it0|repair5g56_counterfactual_static_context,-0.0968439256377,0,True,False,0,random-32-32-20,-0.0121054907047,59,True,5798,2313,661.9056,True,2979,1.28793774319,repair5g1_shield_c125_b125_w075_d095_beta0p35_max0p75,162,1000,6301,14650fb0739d0383
100,additive_ltm,True,random-32-32-20|a100|s163|it0|repair5g56_counterfactual_static_context,0,0.165494608533,True,False,0,random-32-32-20,-0.0632911392405,68,True,6699,2133,334.0178,True,3233,1.515705579,additive_ltm,163,1000,6240,14650fb0739d0383
100,repair5g2_best_frozen_static_candidate,True,random-32-32-20|a100|s163|it0|repair5g56_counterfactual_static_context,-0.165494608533,0,True,False,0,random-32-32-20,-0.0632911392405,64,True,6296,2133,510.0908,True,2880,1.35021097046,repair5g1_shield_c125_b125_w075_d095_beta0p35_max0p75,163,1000,6240,14650fb0739d0383
100,repair5g2_frozen_static_or_selector,True,random-32-32-20|a100|s163|it0|repair5g56_counterfactual_static_context,-0.228785747773,-0.0632911392405,True,True,0,random-32-32-20,-0.0632911392405,62,True,6094,2133,520.1053,True,2745,1.28691983122,repair5g1_shield_c100_b125_w075_d100_beta0p35_max0p75,163,1000,6240,14650fb0739d0383
100,repair5g2_c_equiv_best_frozen_baseline,True,random-32-32-20|a100|s163|it0|repair5g56_counterfactual_static_context,0,0.165494608533,True,False,0,random-32-32-20,-0.0632911392405,68,True,6699,2133,430.9299,True,3233,1.515705579,repair5g_dual_c_equiv_c100_b100_w075_d100,163,1000,6240,14650fb0739d0383
100,repair5g1_shield_c100_b125_w075_d100_beta0p35_max0p75,True,random-32-32-20|a100|s163|it0|repair5g56_counterfactual_static_context,-0.228785747773,-0.0632911392405,True,False,0,random-32-32-20,-0.0632911392405,62,True,6094,2133,657.8968,True,2745,1.28691983122,repair5g1_shield_c100_b125_w075_d100_beta0p35_max0p75,163,1000,6240,14650fb0739d0383
100,repair5g1_shield_c125_b125_w075_d095_beta0p2_max0p5,True,random-32-32-20|a100|s163|it0|repair5g56_counterfactual_static_context,-0.0773558368495,0.0881387716831,True,False,0,random-32-32-20,-0.0632911392405,68,True,6699,2133,699.1474,True,3068,1.43834974215,repair5g1_shield_c125_b125_w075_d095_beta0p2_max0p5,163,1000,6240,14650fb0739d0383
100,repair5g1_shield_c125_b125_w075_d095_beta0p35_max0p75,True,random-32-32-20|a100|s163|it0|repair5g56_counterfactual_static_context,-0.165494608533,0,True,False,0,random-32-32-20,-0.0632911392405,64,True,6296,2133,630.1002,True,2880,1.35021097046,repair5g1_shield_c125_b125_w075_d095_beta0p35_max0p75,163,1000,6240,14650fb0739d0383
100,additive_ltm,True,random-32-32-20|a100|s164|it0|repair5g56_counterfactual_static_context,0,0.114870881567,True,False,0,random-32-32-20,0,59,True,5800,2246,324.2536,True,3060,1.3624220837,additive_ltm,164,1000,6236,14650fb0739d0383
100,repair5g2_best_frozen_static_candidate,True,random-32-32-20|a100|s164|it0|repair5g56_counterfactual_static_context,-0.114870881567,0,True,True,0,random-32-32-20,0,53,True,5200,2246,464.6284,True,2802,1.24755120214,repair5g1_shield_c125_b125_w075_d095_beta0p35_max0p75,164,1000,6236,14650fb0739d0383
100,repair5g2_frozen_static_or_selector,True,random-32-32-20|a100|s164|it0|repair5g56_counterfactual_static_context,-0.104185218166,0.0106856634016,True,False,0,random-32-32-20,0,51,True,5000,2246,468.4818,True,2826,1.25823686554,repair5g1_shield_c100_b125_w075_d100_beta0p35_max0p75,164,1000,6236,14650fb0739d0383
100,repair5g2_c_equiv_best_frozen_baseline,True,random-32-32-20|a100|s164|it0|repair5g56_counterfactual_static_context,0,0.114870881567,True,False,0,random-32-32-20,0,59,True,5800,2246,368.9396,True,3060,1.3624220837,repair5g_dual_c_equiv_c100_b100_w075_d100,164,1000,6236,14650fb0739d0383
100,repair5g1_shield_c100_b125_w075_d100_beta0p35_max0p75,True,random-32-32-20|a100|s164|it0|repair5g56_counterfactual_static_context,-0.104185218166,0.0106856634016,True,False,0,random-32-32-20,0,51,True,5000,2246,514.3692,True,2826,1.25823686554,repair5g1_shield_c100_b125_w075_d100_beta0p35_max0p75,164,1000,6236,14650fb0739d0383
100,repair5g1_shield_c125_b125_w075_d095_beta0p2_max0p5,True,random-32-32-20|a100|s164|it0|repair5g56_counterfactual_static_context,-0.0347284060552,0.080142475512,True,False,0,random-32-32-20,0,63,True,6200,2246,649.9377,True,2982,1.32769367765,repair5g1_shield_c125_b125_w075_d095_beta0p2_max0p5,164,1000,6236,14650fb0739d0383
100,repair5g1_shield_c125_b125_w075_d095_beta0p35_max0p75,True,random-32-32-20|a100|s164|it0|repair5g56_counterfactual_static_context,-0.114870881567,0,True,False,0,random-32-32-20,0,53,True,5200,2246,625.1856,True,2802,1.24755120214,repair5g1_shield_c125_b125_w075_d095_beta0p35_max0p75,164,1000,6236,14650fb0739d0383
100,additive_ltm,True,random-32-32-20|a100|s165|it0|repair5g56_counterfactual_static_context,0,0.0777351247601,True,False,0,random-32-32-20,0,63,True,6196,2084,324.9549,True,2727,1.30854126679,additive_ltm,165,1000,6597,14650fb0739d0383
100,repair5g2_best_frozen_static_candidate,True,random-32-32-20|a100|s165|it0|repair5g56_counterfactual_static_context,-0.0777351247601,0,True,True,0,random-32-32-20,0,63,True,6199,2084,475.8673,True,2565,1.23080614203,repair5g1_shield_c125_b125_w075_d095_beta0p35_max0p75,165,1000,6597,14650fb0739d0383
100,repair5g2_frozen_static_or_selector,True,random-32-32-20|a100|s165|it0|repair5g56_counterfactual_static_context,-0.0734165067179,0.00431861804223,True,False,0,random-32-32-20,0,67,True,6796,2084,472.1429,True,2574,1.23512476008,repair5g1_shield_c100_b125_w075_d100_beta0p35_max0p75,165,1000,6597,14650fb0739d0383
100,repair5g2_c_equiv_best_frozen_baseline,True,random-32-32-20|a100|s165|it0|repair5g56_counterfactual_static_context,0,0.0777351247601,True,False,0,random-32-32-20,0,63,True,6196,2084,392.8438,True,2727,1.30854126679,repair5g_dual_c_equiv_c100_b100_w075_d100,165,1000,6597,14650fb0739d0383
100,repair5g1_shield_c100_b125_w075_d100_beta0p35_max0p75,True,random-32-32-20|a100|s165|it0|repair5g56_counterfactual_static_context,-0.0734165067179,0.00431861804223,True,False,0,random-32-32-20,0,67,True,6796,2084,703.03,True,2574,1.23512476008,repair5g1_shield_c100_b125_w075_d100_beta0p35_max0p75,165,1000,6597,14650fb0739d0383
100,repair5g1_shield_c125_b125_w075_d095_beta0p2_max0p5,True,random-32-32-20|a100|s165|it0|repair5g56_counterfactual_static_context,-0.010556621881,0.0671785028791,True,False,0,random-32-32-20,0,65,True,6398,2084,670.6253,True,2705,1.29798464491,repair5g1_shield_c125_b125_w075_d095_beta0p2_max0p5,165,1000,6597,14650fb0739d0383
100,repair5g1_shield_c125_b125_w075_d095_beta0p35_max0p75,True,random-32-32-20|a100|s165|it0|repair5g56_counterfactual_static_context,-0.0777351247601,0,True,False,0,random-32-32-20,0,63,True,6199,2084,705.1259,True,2565,1.23080614203,repair5g1_shield_c125_b125_w075_d095_beta0p35_max0p75,165,1000,6597,14650fb0739d0383
50,additive_ltm,True,maze-32-32-4|a50|s156|it0|repair5g56_counterfactual_static_context,0,0.0580474934037,True,False,0,maze-32-32-4,0,104,True,5148,1895,189.8123,True,2454,1.29498680739,additive_ltm,156,1000,5598,14650fb0739d0383
50,repair5g2_best_frozen_static_candidate,True,maze-32-32-4|a50|s156|it0|repair5g56_counterfactual_static_context,-0.0580474934037,0,True,True,0,maze-32-32-4,0,100,True,4950,1895,267.2299,True,2344,1.23693931398,repair5g1_shield_c125_b125_w075_d095_beta0p35_max0p75,156,1000,5598,14650fb0739d0383
50,repair5g2_frozen_static_or_selector,True,maze-32-32-4|a50|s156|it0|repair5g56_counterfactual_static_context,-0.0580474934037,0,True,False,0,maze-32-32-4,0,100,True,4950,1895,284.0618,True,2344,1.23693931398,repair5g1_shield_c125_b125_w075_d095_beta0p35_max0p75,156,1000,5598,14650fb0739d0383
50,repair5g2_c_equiv_best_frozen_baseline,True,maze-32-32-4|a50|s156|it0|repair5g56_counterfactual_static_context,0,0.0580474934037,True,False,0,maze-32-32-4,0,104,True,5148,1895,199.3657,True,2454,1.29498680739,repair5g_dual_c_equiv_c100_b100_w075_d100,156,1000,5598,14650fb0739d0383
50,repair5g1_shield_c100_b125_w075_d100_beta0p35_max0p75,True,maze-32-32-4|a50|s156|it0|repair5g56_counterfactual_static_context,-0.0300791556728,0.0279683377309,True,False,0,maze-32-32-4,0,100,True,4948,1895,254.4765,True,2397,1.26490765172,repair5g1_shield_c100_b125_w075_d100_beta0p35_max0p75,156,1000,5598,14650fb0739d0383
50,repair5g1_shield_c125_b125_w075_d095_beta0p2_max0p5,True,maze-32-32-4|a50|s156|it0|repair5g56_counterfactual_static_context,0.00105540897098,0.0591029023747,True,False,0,maze-32-32-4,0,104,True,5148,1895,263.6953,True,2456,1.29604221636,repair5g1_shield_c125_b125_w075_d095_beta0p2_max0p5,156,1000,5598,14650fb0739d0383
50,repair5g1_shield_c125_b125_w075_d095_beta0p35_max0p75,True,maze-32-32-4|a50|s156|it0|repair5g56_counterfactual_static_context,-0.0580474934037,0,True,False,0,maze-32-32-4,0,100,True,4950,1895,258.5324,True,2344,1.23693931398,repair5g1_shield_c125_b125_w075_d095_beta0p35_max0p75,156,1000,5598,14650fb0739d0383
50,additive_ltm,True,maze-32-32-4|a50|s156|it1|repair5g56_counterfactual_static_context,0,0.0269129287599,True,False,1,maze-32-32-4,0,104,True,5149,1895,237.8059,True,2312,1.22005277045,additive_ltm,156,1000,5389,69d60411fce6128a
50,repair5g2_best_frozen_static_candidate,True,maze-32-32-4|a50|s156|it1|repair5g56_counterfactual_static_context,-0.0269129287599,0,True,True,1,maze-32-32-4,0,96,True,4749,1895,393.2467,True,2261,1.19313984169,repair5g1_shield_c125_b125_w075_d095_beta0p35_max0p75,156,1000,5389,69d60411fce6128a
50,repair5g2_frozen_static_or_selector,True,maze-32-32-4|a50|s156|it1|repair5g56_counterfactual_static_context,-0.0269129287599,0,True,False,1,maze-32-32-4,0,96,True,4749,1895,316.5987,True,2261,1.19313984169,repair5g1_shield_c125_b125_w075_d095_beta0p35_max0p75,156,1000,5389,69d60411fce6128a
50,repair5g2_c_equiv_best_frozen_baseline,True,maze-32-32-4|a50|s156|it1|repair5g56_counterfactual_static_context,-0.00263852242744,0.0242744063325,True,False,1,maze-32-32-4,0,102,True,5049,1895,304.8175,True,2307,1.21741424802,repair5g_dual_c_equiv_c100_b100_w075_d100,156,1000,5389,69d60411fce6128a
50,repair5g1_shield_c100_b125_w075_d100_beta0p35_max0p75,True,maze-32-32-4|a50|s156|it1|repair5g56_counterfactual_static_context,-0.023746701847,0.00316622691293,True,False,1,maze-32-32-4,0,111,True,5495,1895,302.0013,True,2267,1.1963060686,repair5g1_shield_c100_b125_w075_d100_beta0p35_max0p75,156,1000,5389,69d60411fce6128a
50,repair5g1_shield_c125_b125_w075_d095_beta0p2_max0p5,True,maze-32-32-4|a50|s156|it1|repair5g56_counterfactual_static_context,0.00316622691293,0.0300791556728,True,False,1,maze-32-32-4,0,111,True,5494,1895,332.7719,True,2318,1.22321899736,repair5g1_shield_c125_b125_w075_d095_beta0p2_max0p5,156,1000,5389,69d60411fce6128a
50,repair5g1_shield_c125_b125_w075_d095_beta0p35_max0p75,True,maze-32-32-4|a50|s156|it1|repair5g56_counterfactual_static_context,-0.0269129287599,0,True,False,1,maze-32-32-4,0,96,True,4749,1895,329.7935,True,2261,1.19313984169,repair5g1_shield_c125_b125_w075_d095_beta0p35_max0p75,156,1000,5389,69d60411fce6128a
50,additive_ltm,True,maze-32-32-4|a50|s157|it0|repair5g56_counterfactual_static_context,0,0.0907985407377,True,False,0,maze-32-32-4,-0.0113498175922,110,True,5450,2467,192.9243,True,2989,1.21159302797,additive_ltm,157,1000,5490,14650fb0739d0383
50,repair5g2_best_frozen_static_candidate,True,maze-32-32-4|a50|s157|it0|repair5g56_counterfactual_static_context,-0.0907985407377,0,True,False,0,maze-32-32-4,-0.0113498175922,106,True,5248,2467,262.1199,True,2765,1.12079448723,repair5g1_shield_c125_b125_w075_d095_beta0p35_max0p75,157,1000,5490,14650fb0739d0383
50,repair5g2_frozen_static_or_selector,True,maze-32-32-4|a50|s157|it0|repair5g56_counterfactual_static_context,-0.0907985407377,0,True,False,0,maze-32-32-4,-0.0113498175922,106,True,5248,2467,288.4515,True,2765,1.12079448723,repair5g1_shield_c125_b125_w075_d095_beta0p35_max0p75,157,1000,5490,14650fb0739d0383
50,repair5g2_c_equiv_best_frozen_baseline,True,maze-32-32-4|a50|s157|it0|repair5g56_counterfactual_static_context,0,0.0907985407377,True,False,0,maze-32-32-4,-0.0113498175922,110,True,5450,2467,200.8962,True,2989,1.21159302797,repair5g_dual_c_equiv_c100_b100_w075_d100,157,1000,5490,14650fb0739d0383
50,repair5g1_shield_c100_b125_w075_d100_beta0p35_max0p75,True,maze-32-32-4|a50|s157|it0|repair5g56_counterfactual_static_context,-0.10214835833,-0.0113498175922,True,True,0,maze-32-32-4,-0.0113498175922,106,True,5250,2467,268.3171,True,2737,1.10944466964,repair5g1_shield_c100_b125_w075_d100_beta0p35_max0p75,157,1000,5490,14650fb0739d0383
50,repair5g1_shield_c125_b125_w075_d095_beta0p2_max0p5,True,maze-32-32-4|a50|s157|it0|repair5g56_counterfactual_static_context,-0.053911633563,0.0368869071747,True,False,0,maze-32-32-4,-0.0113498175922,106,True,5250,2467,265.0951,True,2856,1.15768139441,repair5g1_shield_c125_b125_w075_d095_beta0p2_max0p5,157,1000,5490,14650fb0739d0383
50,repair5g1_shield_c125_b125_w075_d095_beta0p35_max0p75,True,maze-32-32-4|a50|s157|it0|repair5g56_counterfactual_static_context,-0.0907985407377,0,True,False,0,maze-32-32-4,-0.0113498175922,106,True,5248,2467,269.1706,True,2765,1.12079448723,repair5g1_shield_c125_b125_w075_d095_beta0p35_max0p75,157,1000,5490,14650fb0739d0383
50,additive_ltm,True,maze-32-32-4|a50|s157|it1|repair5g56_counterfactual_static_context,0,0.165788406972,True,False,1,maze-32-32-4,0,116,True,5750,2467,209.4645,True,3158,1.28009728415,additive_ltm,157,1000,5431,36809dd927862834
50,repair5g2_best_frozen_static_candidate,True,maze-32-32-4|a50|s157|it1|repair5g56_counterfactual_static_context,-0.165788406972,0,True,True,1,maze-32-32-4,0,109,True,5399,2467,333.624,True,2749,1.11430887718,repair5g1_shield_c125_b125_w075_d095_beta0p35_max0p75,157,1000,5431,36809dd927862834
50,repair5g2_frozen_static_or_selector,True,maze-32-32-4|a50|s157|it1|repair5g56_counterfactual_static_context,-0.165788406972,0,True,False,1,maze-32-32-4,0,109,True,5399,2467,362.5307,True,2749,1.11430887718,repair5g1_shield_c125_b125_w075_d095_beta0p35_max0p75,157,1000,5431,36809dd927862834
50,repair5g2_c_equiv_best_frozen_baseline,True,maze-32-32-4|a50|s157|it1|repair5g56_counterfactual_static_context,-0.0291852452371,0.136603161735,True,False,1,maze-32-32-4,0,118,True,5850,2467,277.6822,True,3086,1.25091203891,repair5g_dual_c_equiv_c100_b100_w075_d100,157,1000,5431,36809dd927862834
50,repair5g1_shield_c100_b125_w075_d100_beta0p35_max0p75,True,maze-32-32-4|a50|s157|it1|repair5g56_counterfactual_static_context,-0.164167004459,0.00162140251317,True,False,1,maze-32-32-4,0,108,True,5350,2467,383.1427,True,2753,1.11593027969,repair5g1_shield_c100_b125_w075_d100_beta0p35_max0p75,157,1000,5431,36809dd927862834
50,repair5g1_shield_c125_b125_w075_d095_beta0p2_max0p5,True,maze-32-32-4|a50|s157|it1|repair5g56_counterfactual_static_context,-0.115119578435,0.0506688285367,True,False,1,maze-32-32-4,0,114,True,5650,2467,403.8951,True,2874,1.16497770572,repair5g1_shield_c125_b125_w075_d095_beta0p2_max0p5,157,1000,5431,36809dd927862834
50,repair5g1_shield_c125_b125_w075_d095_beta0p35_max0p75,True,maze-32-32-4|a50|s157|it1|repair5g56_counterfactual_static_context,-0.165788406972,0,True,False,1,maze-32-32-4,0,109,True,5399,2467,344.2436,True,2749,1.11430887718,repair5g1_shield_c125_b125_w075_d095_beta0p35_max0p75,157,1000,5431,36809dd927862834
50,additive_ltm,True,maze-32-32-4|a50|s158|it0|repair5g56_counterfactual_static_context,0,0.0557491289199,True,False,0,maze-32-32-4,0,100,True,4950,2009,184.06,True,2479,1.23394723743,additive_ltm,158,1000,4969,14650fb0739d0383
50,repair5g2_best_frozen_static_candidate,True,maze-32-32-4|a50|s158|it0|repair5g56_counterfactual_static_context,-0.0557491289199,0,True,True,0,maze-32-32-4,0,96,True,4750,2009,257.4082,True,2367,1.17819810851,repair5g1_shield_c125_b125_w075_d095_beta0p35_max0p75,158,1000,4969,14650fb0739d0383
50,repair5g2_frozen_static_or_selector,True,maze-32-32-4|a50|s158|it0|repair5g56_counterfactual_static_context,-0.0557491289199,0,True,False,0,maze-32-32-4,0,96,True,4750,2009,269.5783,True,2367,1.17819810851,repair5g1_shield_c125_b125_w075_d095_beta0p35_max0p75,158,1000,4969,14650fb0739d0383
50,repair5g2_c_equiv_best_frozen_baseline,True,maze-32-32-4|a50|s158|it0|repair5g56_counterfactual_static_context,0,0.0557491289199,True,False,0,maze-32-32-4,0,100,True,4950,2009,179.6466,True,2479,1.23394723743,repair5g_dual_c_equiv_c100_b100_w075_d100,158,1000,4969,14650fb0739d0383
50,repair5g1_shield_c100_b125_w075_d100_beta0p35_max0p75,True,maze-32-32-4|a50|s158|it0|repair5g56_counterfactual_static_context,-0.0373320059731,0.0184171229467,True,False,0,maze-32-32-4,0,97,True,4800,2009,261.8224,True,2404,1.19661523146,repair5g1_shield_c100_b125_w075_d100_beta0p35_max0p75,158,1000,4969,14650fb0739d0383
50,repair5g1_shield_c125_b125_w075_d095_beta0p2_max0p5,True,maze-32-32-4|a50|s158|it0|repair5g56_counterfactual_static_context,-0.0408163265306,0.0149328023892,True,False,0,maze-32-32-4,0,96,True,4750,2009,270.2046,True,2397,1.1931309109,repair5g1_shield_c125_b125_w075_d095_beta0p2_max0p5,158,1000,4969,14650fb0739d0383
50,repair5g1_shield_c125_b125_w075_d095_beta0p35_max0p75,True,maze-32-32-4|a50|s158|it0|repair5g56_counterfactual_static_context,-0.0557491289199,0,True,False,0,maze-32-32-4,0,96,True,4750,2009,263.6395,True,2367,1.17819810851,repair5g1_shield_c125_b125_w075_d095_beta0p35_max0p75,158,1000,4969,14650fb0739d0383
50,additive_ltm,True,maze-32-32-4|a50|s158|it1|repair5g56_counterfactual_static_context,0,0.165256346441,True,False,1,maze-32-32-4,-0.0109507217521,107,True,5300,2009,276.6706,True,2646,1.31707317073,additive_ltm,158,1000,5124,9ca453497a6a4836
50,repair5g2_best_frozen_static_candidate,True,maze-32-32-4|a50|s158|it1|repair5g56_counterfactual_static_context,-0.165256346441,0,True,False,1,maze-32-32-4,-0.0109507217521,94,True,4650,2009,340.8474,True,2314,1.15181682429,repair5g1_shield_c125_b125_w075_d095_beta0p35_max0p75,158,1000,5124,9ca453497a6a4836
50,repair5g2_frozen_static_or_selector,True,maze-32-32-4|a50|s158|it1|repair5g56_counterfactual_static_context,-0.165256346441,0,True,False,1,maze-32-32-4,-0.0109507217521,94,True,4650,2009,369.5139,True,2314,1.15181682429,repair5g1_shield_c125_b125_w075_d095_beta0p35_max0p75,158,1000,5124,9ca453497a6a4836
50,repair5g2_c_equiv_best_frozen_baseline,True,maze-32-32-4|a50|s158|it1|repair5g56_counterfactual_static_context,-0.00447984071677,0.160776505724,True,False,1,maze-32-32-4,-0.0109507217521,108,True,5350,2009,332.6414,True,2637,1.31259333001,repair5g_dual_c_equiv_c100_b100_w075_d100,158,1000,5124,9ca453497a6a4836
50,repair5g1_shield_c100_b125_w075_d100_beta0p35_max0p75,True,maze-32-32-4|a50|s158|it1|repair5g56_counterfactual_static_context,-0.176207068193,-0.0109507217521,True,True,1,maze-32-32-4,-0.0109507217521,94,True,4650,2009,270.8132,True,2292,1.14086610254,repair5g1_shield_c100_b125_w075_d100_beta0p35_max0p75,158,1000,5124,9ca453497a6a4836
50,repair5g1_shield_c125_b125_w075_d095_beta0p2_max0p5,True,maze-32-32-4|a50|s158|it1|repair5g56_counterfactual_static_context,-0.125933300149,0.0393230462917,True,False,1,maze-32-32-4,-0.0109507217521,102,True,5050,2009,288.2426,True,2393,1.19113987058,repair5g1_shield_c125_b125_w075_d095_beta0p2_max0p5,158,1000,5124,9ca453497a6a4836
50,repair5g1_shield_c125_b125_w075_d095_beta0p35_max0p75,True,maze-32-32-4|a50|s158|it1|repair5g56_counterfactual_static_context,-0.165256346441,0,True,False,1,maze-32-32-4,-0.0109507217521,94,True,4650,2009,380.3752,True,2314,1.15181682429,repair5g1_shield_c125_b125_w075_d095_beta0p35_max0p75,158,1000,5124,9ca453497a6a4836
50,additive_ltm,True,maze-32-32-4|a50|s159|it0|repair5g56_counterfactual_static_context,0,0.0410480349345,True,False,0,maze-32-32-4,-0.0056768558952,112,True,5549,2290,188.8861,True,2847,1.24323144105,additive_ltm,159,1000,5536,14650fb0739d0383
50,repair5g2_best_frozen_static_candidate,True,maze-32-32-4|a50|s159|it0|repair5g56_counterfactual_static_context,-0.0410480349345,0,True,False,0,maze-32-32-4,-0.0056768558952,145,True,7200,2290,284.5147,True,2753,1.20218340611,repair5g1_shield_c125_b125_w075_d095_beta0p35_max0p75,159,1000,5536,14650fb0739d0383
50,repair5g2_frozen_static_or_selector,True,maze-32-32-4|a50|s159|it0|repair5g56_counterfactual_static_context,-0.0410480349345,0,True,False,0,maze-32-32-4,-0.0056768558952,145,True,7200,2290,285.2161,True,2753,1.20218340611,repair5g1_shield_c125_b125_w075_d095_beta0p35_max0p75,159,1000,5536,14650fb0739d0383
50,repair5g2_c_equiv_best_frozen_baseline,True,maze-32-32-4|a50|s159|it0|repair5g56_counterfactual_static_context,0,0.0410480349345,True,False,0,maze-32-32-4,-0.0056768558952,112,True,5549,2290,195.4766,True,2847,1.24323144105,repair5g_dual_c_equiv_c100_b100_w075_d100,159,1000,5536,14650fb0739d0383
50,repair5g1_shield_c100_b125_w075_d100_beta0p35_max0p75,True,maze-32-32-4|a50|s159|it0|repair5g56_counterfactual_static_context,-0.0467248908297,-0.0056768558952,True,True,0,maze-32-32-4,-0.0056768558952,146,True,7250,2290,290.099,True,2740,1.19650655022,repair5g1_shield_c100_b125_w075_d100_beta0p35_max0p75,159,1000,5536,14650fb0739d0383
50,repair5g1_shield_c125_b125_w075_d095_beta0p2_max0p5,True,maze-32-32-4|a50|s159|it0|repair5g56_counterfactual_static_context,-0.0414847161572,-0.000436681222707,True,False,0,maze-32-32-4,-0.0056768558952,110,True,5450,2290,287.9563,True,2752,1.20174672489,repair5g1_shield_c125_b125_w075_d095_beta0p2_max0p5,159,1000,5536,14650fb0739d0383
50,repair5g1_shield_c125_b125_w075_d095_beta0p35_max0p75,True,maze-32-32-4|a50|s159|it0|repair5g56_counterfactual_static_context,-0.0410480349345,0,True,False,0,maze-32-32-4,-0.0056768558952,145,True,7200,2290,281.9911,True,2753,1.20218340611,repair5g1_shield_c125_b125_w075_d095_beta0p35_max0p75,159,1000,5536,14650fb0739d0383
50,additive_ltm,True,maze-32-32-4|a50|s159|it1|repair5g56_counterfactual_static_context,0,0.0663755458515,True,False,1,maze-32-32-4,0,112,True,5550,2290,264.2288,True,2828,1.23493449782,additive_ltm,159,1000,7500,67233425023d0eb5
50,repair5g2_best_frozen_static_candidate,True,maze-32-32-4|a50|s159|it1|repair5g56_counterfactual_static_context,-0.0663755458515,0,True,True,1,maze-32-32-4,0,141,True,7000,2290,336.4578,True,2676,1.16855895197,repair5g1_shield_c125_b125_w075_d095_beta0p35_max0p75,159,1000,7500,67233425023d0eb5
50,repair5g2_frozen_static_or_selector,True,maze-32-32-4|a50|s159|it1|repair5g56_counterfactual_static_context,-0.0663755458515,0,True,False,1,maze-32-32-4,0,141,True,7000,2290,419.6254,True,2676,1.16855895197,repair5g1_shield_c125_b125_w075_d095_beta0p35_max0p75,159,1000,7500,67233425023d0eb5
50,repair5g2_c_equiv_best_frozen_baseline,True,maze-32-32-4|a50|s159|it1|repair5g56_counterfactual_static_context,-0.0170305676856,0.0493449781659,True,False,1,maze-32-32-4,0,112,True,5550,2290,277.4966,True,2789,1.21790393013,repair5g_dual_c_equiv_c100_b100_w075_d100,159,1000,7500,67233425023d0eb5
50,repair5g1_shield_c100_b125_w075_d100_beta0p35_max0p75,True,maze-32-32-4|a50|s159|it1|repair5g56_counterfactual_static_context,-0.0659388646288,0.000436681222707,True,False,1,maze-32-32-4,0,141,True,7000,2290,337.7108,True,2677,1.16899563319,repair5g1_shield_c100_b125_w075_d100_beta0p35_max0p75,159,1000,7500,67233425023d0eb5
50,repair5g1_shield_c125_b125_w075_d095_beta0p2_max0p5,True,maze-32-32-4|a50|s159|it1|repair5g56_counterfactual_static_context,-0.0493449781659,0.0170305676856,True,False,1,maze-32-32-4,0,106,True,5250,2290,374.6895,True,2715,1.18558951965,repair5g1_shield_c125_b125_w075_d095_beta0p2_max0p5,159,1000,7500,67233425023d0eb5
50,repair5g1_shield_c125_b125_w075_d095_beta0p35_max0p75,True,maze-32-32-4|a50|s159|it1|repair5g56_counterfactual_static_context,-0.0663755458515,0,True,False,1,maze-32-32-4,0,141,True,7000,2290,354.4258,True,2676,1.16855895197,repair5g1_shield_c125_b125_w075_d095_beta0p35_max0p75,159,1000,7500,67233425023d0eb5
50,additive_ltm,True,maze-32-32-4|a50|s160|it0|repair5g56_counterfactual_static_context,0,0.103808033385,True,False,0,maze-32-32-4,0,104,True,5150,1917,195.5858,True,2491,1.29942618675,additive_ltm,160,1000,5136,14650fb0739d0383
50,repair5g2_best_frozen_static_candidate,True,maze-32-32-4|a50|s160|it0|repair5g56_counterfactual_static_context,-0.103808033385,0,True,True,0,maze-32-32-4,0,102,True,5050,1917,257.2562,True,2292,1.19561815336,repair5g1_shield_c125_b125_w075_d095_beta0p35_max0p75,160,1000,5136,14650fb0739d0383
50,repair5g2_frozen_static_or_selector,True,maze-32-32-4|a50|s160|it0|repair5g56_counterfactual_static_context,-0.103808033385,0,True,False,0,maze-32-32-4,0,102,True,5050,1917,261.5685,True,2292,1.19561815336,repair5g1_shield_c125_b125_w075_d095_beta0p35_max0p75,160,1000,5136,14650fb0739d0383
50,repair5g2_c_equiv_best_frozen_baseline,True,maze-32-32-4|a50|s160|it0|repair5g56_counterfactual_static_context,0,0.103808033385,True,False,0,maze-32-32-4,0,104,True,5150,1917,193.0196,True,2491,1.29942618675,repair5g_dual_c_equiv_c100_b100_w075_d100,160,1000,5136,14650fb0739d0383
50,repair5g1_shield_c100_b125_w075_d100_beta0p35_max0p75,True,maze-32-32-4|a50|s160|it0|repair5g56_counterfactual_static_context,-0.0975482524778,0.00625978090767,True,False,0,maze-32-32-4,0,102,True,5045,1917,271.8924,True,2304,1.20187793427,repair5g1_shield_c100_b125_w075_d100_beta0p35_max0p75,160,1000,5136,14650fb0739d0383
50,repair5g1_shield_c125_b125_w075_d095_beta0p2_max0p5,True,maze-32-32-4|a50|s160|it0|repair5g56_counterfactual_static_context,-0.057381324987,0.0464267083985,True,False,0,maze-32-32-4,0,102,True,5050,1917,268.3245,True,2381,1.24204486176,repair5g1_shield_c125_b125_w075_d095_beta0p2_max0p5,160,1000,5136,14650fb0739d0383
50,repair5g1_shield_c125_b125_w075_d095_beta0p35_max0p75,True,maze-32-32-4|a50|s160|it0|repair5g56_counterfactual_static_context,-0.103808033385,0,True,False,0,maze-32-32-4,0,102,True,5050,1917,270.3186,True,2292,1.19561815336,repair5g1_shield_c125_b125_w075_d095_beta0p35_max0p75,160,1000,5136,14650fb0739d0383
50,additive_ltm,True,maze-32-32-4|a50|s160|it1|repair5g56_counterfactual_static_context,0,0.100678142932,True,False,1,maze-32-32-4,-0.018779342723,109,True,5400,1917,239.0019,True,2379,1.24100156495,additive_ltm,160,1000,5349,c8350ad3b2b2f34a
50,repair5g2_best_frozen_static_candidate,True,maze-32-32-4|a50|s160|it1|repair5g56_counterfactual_static_context,-0.100678142932,0,True,False,1,maze-32-32-4,-0.018779342723,102,True,5050,1917,326.6072,True,2186,1.14032342201,repair5g1_shield_c125_b125_w075_d095_beta0p35_max0p75,160,1000,5349,c8350ad3b2b2f34a
50,repair5g2_frozen_static_or_selector,True,maze-32-32-4|a50|s160|it1|repair5g56_counterfactual_static_context,-0.100678142932,0,True,False,1,maze-32-32-4,-0.018779342723,102,True,5050,1917,370.688,True,2186,1.14032342201,repair5g1_shield_c125_b125_w075_d095_beta0p35_max0p75,160,1000,5349,c8350ad3b2b2f34a
50,repair5g2_c_equiv_best_frozen_baseline,True,maze-32-32-4|a50|s160|it1|repair5g56_counterfactual_static_context,-0.0239958268127,0.0766823161189,True,False,1,maze-32-32-4,-0.018779342723,122,True,6050,1917,285.8234,True,2333,1.21700573813,repair5g_dual_c_equiv_c100_b100_w075_d100,160,1000,5349,c8350ad3b2b2f34a
50,repair5g1_shield_c100_b125_w075_d100_beta0p35_max0p75,True,maze-32-32-4|a50|s160|it1|repair5g56_counterfactual_static_context,-0.119457485655,-0.018779342723,True,True,1,maze-32-32-4,-0.018779342723,102,True,5050,1917,353.3214,True,2150,1.12154407929,repair5g1_shield_c100_b125_w075_d100_beta0p35_max0p75,160,1000,5349,c8350ad3b2b2f34a
50,repair5g1_shield_c125_b125_w075_d095_beta0p2_max0p5,True,maze-32-32-4|a50|s160|it1|repair5g56_counterfactual_static_context,-0.0704225352113,0.0302556077204,True,False,1,maze-32-32-4,-0.018779342723,105,True,5199,1917,305.8109,True,2244,1.17057902973,repair5g1_shield_c125_b125_w075_d095_beta0p2_max0p5,160,1000,5349,c8350ad3b2b2f34a
50,repair5g1_shield_c125_b125_w075_d095_beta0p35_max0p75,True,maze-32-32-4|a50|s160|it1|repair5g56_counterfactual_static_context,-0.100678142932,0,True,False,1,maze-32-32-4,-0.018779342723,102,True,5050,1917,315.9903,True,2186,1.14032342201,repair5g1_shield_c125_b125_w075_d095_beta0p35_max0p75,160,1000,5349,c8350ad3b2b2f34a
50,additive_ltm,True,maze-32-32-4|a50|s161|it0|repair5g56_counterfactual_static_context,0,0.0434153400868,True,False,0,maze-32-32-4,-0.0077182826821,116,True,5750,2073,186.3143,True,2701,1.30294259527,additive_ltm,161,1000,4858,14650fb0739d0383
50,repair5g2_best_frozen_static_candidate,True,maze-32-32-4|a50|s161|it0|repair5g56_counterfactual_static_context,-0.0434153400868,0,True,False,0,maze-32-32-4,-0.0077182826821,114,True,5650,2073,286.6618,True,2611,1.25952725519,repair5g1_shield_c125_b125_w075_d095_beta0p35_max0p75,161,1000,4858,14650fb0739d0383
50,repair5g2_frozen_static_or_selector,True,maze-32-32-4|a50|s161|it0|repair5g56_counterfactual_static_context,-0.0434153400868,0,True,False,0,maze-32-32-4,-0.0077182826821,114,True,5650,2073,270.2676,True,2611,1.25952725519,repair5g1_shield_c125_b125_w075_d095_beta0p35_max0p75,161,1000,4858,14650fb0739d0383
50,repair5g2_c_equiv_best_frozen_baseline,True,maze-32-32-4|a50|s161|it0|repair5g56_counterfactual_static_context,0,0.0434153400868,True,False,0,maze-32-32-4,-0.0077182826821,116,True,5750,2073,196.0559,True,2701,1.30294259527,repair5g_dual_c_equiv_c100_b100_w075_d100,161,1000,4858,14650fb0739d0383
50,repair5g1_shield_c100_b125_w075_d100_beta0p35_max0p75,True,maze-32-32-4|a50|s161|it0|repair5g56_counterfactual_static_context,-0.0511336227689,-0.0077182826821,True,True,0,maze-32-32-4,-0.0077182826821,114,True,5650,2073,281.069,True,2595,1.2518089725,repair5g1_shield_c100_b125_w075_d100_beta0p35_max0p75,161,1000,4858,14650fb0739d0383
50,repair5g1_shield_c125_b125_w075_d095_beta0p2_max0p5,True,maze-32-32-4|a50|s161|it0|repair5g56_counterfactual_static_context,-0.022190062711,0.0212252773758,True,False,0,maze-32-32-4,-0.0077182826821,115,True,5700,2073,287.538,True,2655,1.28075253256,repair5g1_shield_c125_b125_w075_d095_beta0p2_max0p5,161,1000,4858,14650fb0739d0383
50,repair5g1_shield_c125_b125_w075_d095_beta0p35_max0p75,True,maze-32-32-4|a50|s161|it0|repair5g56_counterfactual_static_context,-0.0434153400868,0,True,False,0,maze-32-32-4,-0.0077182826821,114,True,5650,2073,279.1235,True,2611,1.25952725519,repair5g1_shield_c125_b125_w075_d095_beta0p35_max0p75,161,1000,4858,14650fb0739d0383
50,additive_ltm,True,maze-32-32-4|a50|s161|it1|repair5g56_counterfactual_static_context,0,0.0482392667631,True,False,1,maze-32-32-4,-0.01833092137,112,True,5550,2073,277.1353,True,2533,1.22190062711,additive_ltm,161,1000,6241,40824b5d167e5f6d
50,repair5g2_best_frozen_static_candidate,True,maze-32-32-4|a50|s161|it1|repair5g56_counterfactual_static_context,-0.0482392667631,0,True,False,1,maze-32-32-4,-0.01833092137,109,True,5400,2073,355.3597,True,2433,1.17366136035,repair5g1_shield_c125_b125_w075_d095_beta0p35_max0p75,161,1000,6241,40824b5d167e5f6d
50,repair5g2_frozen_static_or_selector,True,maze-32-32-4|a50|s161|it1|repair5g56_counterfactual_static_context,-0.0482392667631,0,True,False,1,maze-32-32-4,-0.01833092137,109,True,5400,2073,360.6312,True,2433,1.17366136035,repair5g1_shield_c125_b125_w075_d095_beta0p35_max0p75,161,1000,6241,40824b5d167e5f6d
50,repair5g2_c_equiv_best_frozen_baseline,True,maze-32-32-4|a50|s161|it1|repair5g56_counterfactual_static_context,-0.0164013506995,0.0318379160637,True,False,1,maze-32-32-4,-0.01833092137,100,True,4950,2073,358.3561,True,2499,1.20549927641,repair5g_dual_c_equiv_c100_b100_w075_d100,161,1000,6241,40824b5d167e5f6d
50,repair5g1_shield_c100_b125_w075_d100_beta0p35_max0p75,True,maze-32-32-4|a50|s161|it1|repair5g56_counterfactual_static_context,-0.0231548480463,0.0250844187168,True,False,1,maze-32-32-4,-0.01833092137,115,True,5700,2073,367.8442,True,2485,1.19874577906,repair5g1_shield_c100_b125_w075_d100_beta0p35_max0p75,161,1000,6241,40824b5d167e5f6d
50,repair5g1_shield_c125_b125_w075_d095_beta0p2_max0p5,True,maze-32-32-4|a50|s161|it1|repair5g56_counterfactual_static_context,-0.0665701881331,-0.01833092137,True,True,1,maze-32-32-4,-0.01833092137,96,True,4749,2073,363.1213,True,2395,1.15533043898,repair5g1_shield_c125_b125_w075_d095_beta0p2_max0p5,161,1000,6241,40824b5d167e5f6d
50,repair5g1_shield_c125_b125_w075_d095_beta0p35_max0p75,True,maze-32-32-4|a50|s161|it1|repair5g56_counterfactual_static_context,-0.0482392667631,0,True,False,1,maze-32-32-4,-0.01833092137,109,True,5400,2073,328.9551,True,2433,1.17366136035,repair5g1_shield_c125_b125_w075_d095_beta0p35_max0p75,161,1000,6241,40824b5d167e5f6d
50,additive_ltm,True,maze-32-32-4|a50|s162|it0|repair5g56_counterfactual_static_context,0,0.0892857142857,True,False,0,maze-32-32-4,-0.0102040816327,111,True,5498,1960,190.7358,True,2652,1.35306122449,additive_ltm,162,1000,5939,14650fb0739d0383
50,repair5g2_best_frozen_static_candidate,True,maze-32-32-4|a50|s162|it0|repair5g56_counterfactual_static_context,-0.0892857142857,0,True,False,0,maze-32-32-4,-0.0102040816327,115,True,5690,1960,269.5153,True,2477,1.2637755102,repair5g1_shield_c125_b125_w075_d095_beta0p35_max0p75,162,1000,5939,14650fb0739d0383
50,repair5g2_frozen_static_or_selector,True,maze-32-32-4|a50|s162|it0|repair5g56_counterfactual_static_context,-0.0892857142857,0,True,False,0,maze-32-32-4,-0.0102040816327,115,True,5690,1960,280.9894,True,2477,1.2637755102,repair5g1_shield_c125_b125_w075_d095_beta0p35_max0p75,162,1000,5939,14650fb0739d0383
50,repair5g2_c_equiv_best_frozen_baseline,True,maze-32-32-4|a50|s162|it0|repair5g56_counterfactual_static_context,0,0.0892857142857,True,False,0,maze-32-32-4,-0.0102040816327,111,True,5498,1960,189.7068,True,2652,1.35306122449,repair5g_dual_c_equiv_c100_b100_w075_d100,162,1000,5939,14650fb0739d0383
50,repair5g1_shield_c100_b125_w075_d100_beta0p35_max0p75,True,maze-32-32-4|a50|s162|it0|repair5g56_counterfactual_static_context,-0.0994897959184,-0.0102040816327,True,True,0,maze-32-32-4,-0.0102040816327,103,True,5098,1960,271.7896,True,2457,1.25357142857,repair5g1_shield_c100_b125_w075_d100_beta0p35_max0p75,162,1000,5939,14650fb0739d0383
50,repair5g1_shield_c125_b125_w075_d095_beta0p2_max0p5,True,maze-32-32-4|a50|s162|it0|repair5g56_counterfactual_static_context,-0.0428571428571,0.0464285714286,True,False,0,maze-32-32-4,-0.0102040816327,109,True,5398,1960,281.2158,True,2568,1.31020408163,repair5g1_shield_c125_b125_w075_d095_beta0p2_max0p5,162,1000,5939,14650fb0739d0383
50,repair5g1_shield_c125_b125_w075_d095_beta0p35_max0p75,True,maze-32-32-4|a50|s162|it0|repair5g56_counterfactual_static_context,-0.0892857142857,0,True,False,0,maze-32-32-4,-0.0102040816327,115,True,5690,1960,268.8857,True,2477,1.2637755102,repair5g1_shield_c125_b125_w075_d095_beta0p35_max0p75,162,1000,5939,14650fb0739d0383
50,additive_ltm,True,maze-32-32-4|a50|s162|it1|repair5g56_counterfactual_static_context,0,0.153571428571,True,False,1,maze-32-32-4,-0.0331632653061,118,True,5840,1960,242.9161,True,2713,1.38418367347,additive_ltm,162,1000,6118,d2e85d41eb586b7d
50,repair5g2_best_frozen_static_candidate,True,maze-32-32-4|a50|s162|it1|repair5g56_counterfactual_static_context,-0.153571428571,0,True,False,1,maze-32-32-4,-0.0331632653061,101,True,4998,1960,302.234,True,2412,1.2306122449,repair5g1_shield_c125_b125_w075_d095_beta0p35_max0p75,162,1000,6118,d2e85d41eb586b7d
50,repair5g2_frozen_static_or_selector,True,maze-32-32-4|a50|s162|it1|repair5g56_counterfactual_static_context,-0.153571428571,0,True,False,1,maze-32-32-4,-0.0331632653061,101,True,4998,1960,371.7935,True,2412,1.2306122449,repair5g1_shield_c125_b125_w075_d095_beta0p35_max0p75,162,1000,6118,d2e85d41eb586b7d
50,repair5g2_c_equiv_best_frozen_baseline,True,maze-32-32-4|a50|s162|it1|repair5g56_counterfactual_static_context,-0.0102040816327,0.143367346939,True,False,1,maze-32-32-4,-0.0331632653061,118,True,5840,1960,312.805,True,2693,1.37397959184,repair5g_dual_c_equiv_c100_b100_w075_d100,162,1000,6118,d2e85d41eb586b7d
50,repair5g1_shield_c100_b125_w075_d100_beta0p35_max0p75,True,maze-32-32-4|a50|s162|it1|repair5g56_counterfactual_static_context,-0.186734693878,-0.0331632653061,True,True,1,maze-32-32-4,-0.0331632653061,101,True,4998,1960,351.8559,True,2347,1.19744897959,repair5g1_shield_c100_b125_w075_d100_beta0p35_max0p75,162,1000,6118,d2e85d41eb586b7d
50,repair5g1_shield_c125_b125_w075_d095_beta0p2_max0p5,True,maze-32-32-4|a50|s162|it1|repair5g56_counterfactual_static_context,-0.147959183673,0.00561224489796,True,False,1,maze-32-32-4,-0.0331632653061,105,True,5198,1960,296.8859,True,2423,1.2362244898,repair5g1_shield_c125_b125_w075_d095_beta0p2_max0p5,162,1000,6118,d2e85d41eb586b7d
50,repair5g1_shield_c125_b125_w075_d095_beta0p35_max0p75,True,maze-32-32-4|a50|s162|it1|repair5g56_counterfactual_static_context,-0.153571428571,0,True,False,1,maze-32-32-4,-0.0331632653061,101,True,4998,1960,350.8758,True,2412,1.2306122449,repair5g1_shield_c125_b125_w075_d095_beta0p35_max0p75,162,1000,6118,d2e85d41eb586b7d
50,additive_ltm,True,maze-32-32-4|a50|s163|it0|repair5g56_counterfactual_static_context,0,0.0416040100251,True,False,0,maze-32-32-4,0,89,True,4400,1995,180.806,True,2434,1.22005012531,additive_ltm,163,1000,4502,14650fb0739d0383
50,repair5g2_best_frozen_static_candidate,True,maze-32-32-4|a50|s163|it0|repair5g56_counterfactual_static_context,-0.0416040100251,0,True,True,0,maze-32-32-4,0,85,True,4200,1995,258.795,True,2351,1.17844611529,repair5g1_shield_c125_b125_w075_d095_beta0p35_max0p75,163,1000,4502,14650fb0739d0383
50,repair5g2_frozen_static_or_selector,True,maze-32-32-4|a50|s163|it0|repair5g56_counterfactual_static_context,-0.0416040100251,0,True,False,0,maze-32-32-4,0,85,True,4200,1995,258.3472,True,2351,1.17844611529,repair5g1_shield_c125_b125_w075_d095_beta0p35_max0p75,163,1000,4502,14650fb0739d0383
50,repair5g2_c_equiv_best_frozen_baseline,True,maze-32-32-4|a50|s163|it0|repair5g56_counterfactual_static_context,0,0.0416040100251,True,False,0,maze-32-32-4,0,89,True,4400,1995,181.0462,True,2434,1.22005012531,repair5g_dual_c_equiv_c100_b100_w075_d100,163,1000,4502,14650fb0739d0383
50,repair5g1_shield_c100_b125_w075_d100_beta0p35_max0p75,True,maze-32-32-4|a50|s163|it0|repair5g56_counterfactual_static_context,-0.0416040100251,0,True,False,0,maze-32-32-4,0,85,True,4199,1995,256.812,True,2351,1.17844611529,repair5g1_shield_c100_b125_w075_d100_beta0p35_max0p75,163,1000,4502,14650fb0739d0383
50,repair5g1_shield_c125_b125_w075_d095_beta0p2_max0p5,True,maze-32-32-4|a50|s163|it0|repair5g56_counterfactual_static_context,-0.00751879699248,0.0340852130326,True,False,0,maze-32-32-4,0,87,True,4300,1995,257.5792,True,2419,1.21253132832,repair5g1_shield_c125_b125_w075_d095_beta0p2_max0p5,163,1000,4502,14650fb0739d0383
50,repair5g1_shield_c125_b125_w075_d095_beta0p35_max0p75,True,maze-32-32-4|a50|s163|it0|repair5g56_counterfactual_static_context,-0.0416040100251,0,True,False,0,maze-32-32-4,0,85,True,4200,1995,259.3703,True,2351,1.17844611529,repair5g1_shield_c125_b125_w075_d095_beta0p35_max0p75,163,1000,4502,14650fb0739d0383
50,additive_ltm,True,maze-32-32-4|a50|s163|it1|repair5g56_counterfactual_static_context,0,0.12380952381,True,False,1,maze-32-32-4,0,95,True,4700,1995,212.5705,True,2479,1.24260651629,additive_ltm,163,1000,4540,d89c25ceebed7462
50,repair5g2_best_frozen_static_candidate,True,maze-32-32-4|a50|s163|it1|repair5g56_counterfactual_static_context,-0.12380952381,0,True,True,1,maze-32-32-4,0,84,True,4150,1995,384.8685,True,2232,1.11879699248,repair5g1_shield_c125_b125_w075_d095_beta0p35_max0p75,163,1000,4540,d89c25ceebed7462
50,repair5g2_frozen_static_or_selector,True,maze-32-32-4|a50|s163|it1|repair5g56_counterfactual_static_context,-0.12380952381,0,True,False,1,maze-32-32-4,0,84,True,4150,1995,376.3652,True,2232,1.11879699248,repair5g1_shield_c125_b125_w075_d095_beta0p35_max0p75,163,1000,4540,d89c25ceebed7462
50,repair5g2_c_equiv_best_frozen_baseline,True,maze-32-32-4|a50|s163|it1|repair5g56_counterfactual_static_context,0.0105263157895,0.134335839599,True,False,1,maze-32-32-4,0,95,True,4700,1995,275.9695,True,2500,1.25313283208,repair5g_dual_c_equiv_c100_b100_w075_d100,163,1000,4540,d89c25ceebed7462
50,repair5g1_shield_c100_b125_w075_d100_beta0p35_max0p75,True,maze-32-32-4|a50|s163|it1|repair5g56_counterfactual_static_context,-0.0902255639098,0.0335839598997,True,False,1,maze-32-32-4,0,81,True,4000,1995,280.0511,True,2299,1.15238095238,repair5g1_shield_c100_b125_w075_d100_beta0p35_max0p75,163,1000,4540,d89c25ceebed7462
50,repair5g1_shield_c125_b125_w075_d095_beta0p2_max0p5,True,maze-32-32-4|a50|s163|it1|repair5g56_counterfactual_static_context,-0.100751879699,0.0230576441103,True,False,1,maze-32-32-4,0,87,True,4300,1995,369.6976,True,2278,1.14185463659,repair5g1_shield_c125_b125_w075_d095_beta0p2_max0p5,163,1000,4540,d89c25ceebed7462
50,repair5g1_shield_c125_b125_w075_d095_beta0p35_max0p75,True,maze-32-32-4|a50|s163|it1|repair5g56_counterfactual_static_context,-0.12380952381,0,True,False,1,maze-32-32-4,0,84,True,4150,1995,271.8789,True,2232,1.11879699248,repair5g1_shield_c125_b125_w075_d095_beta0p35_max0p75,163,1000,4540,d89c25ceebed7462
50,additive_ltm,True,maze-32-32-4|a50|s164|it0|repair5g56_counterfactual_static_context,0,0.0850916637842,True,False,0,maze-32-32-4,-0.00242130750605,105,True,5200,2891,189.0501,True,2698,0.933241093047,additive_ltm,164,1000,5279,14650fb0739d0383
50,repair5g2_best_frozen_static_candidate,True,maze-32-32-4|a50|s164|it0|repair5g56_counterfactual_static_context,-0.0850916637842,0,True,False,0,maze-32-32-4,-0.00242130750605,101,True,5000,2891,257.4673,True,2452,0.848149429263,repair5g1_shield_c125_b125_w075_d095_beta0p35_max0p75,164,1000,5279,14650fb0739d0383
50,repair5g2_frozen_static_or_selector,True,maze-32-32-4|a50|s164|it0|repair5g56_counterfactual_static_context,-0.0850916637842,0,True,False,0,maze-32-32-4,-0.00242130750605,101,True,5000,2891,262.1751,True,2452,0.848149429263,repair5g1_shield_c125_b125_w075_d095_beta0p35_max0p75,164,1000,5279,14650fb0739d0383
50,repair5g2_c_equiv_best_frozen_baseline,True,maze-32-32-4|a50|s164|it0|repair5g56_counterfactual_static_context,0,0.0850916637842,True,False,0,maze-32-32-4,-0.00242130750605,105,True,5200,2891,188.9648,True,2698,0.933241093047,repair5g_dual_c_equiv_c100_b100_w075_d100,164,1000,5279,14650fb0739d0383
50,repair5g1_shield_c100_b125_w075_d100_beta0p35_max0p75,True,maze-32-32-4|a50|s164|it0|repair5g56_counterfactual_static_context,-0.0875129712902,-0.00242130750605,True,True,0,maze-32-32-4,-0.00242130750605,101,True,5000,2891,259.9568,True,2445,0.845728121757,repair5g1_shield_c100_b125_w075_d100_beta0p35_max0p75,164,1000,5279,14650fb0739d0383
50,repair5g1_shield_c125_b125_w075_d095_beta0p2_max0p5,True,maze-32-32-4|a50|s164|it0|repair5g56_counterfactual_static_context,-0.0210999654099,0.0639916983743,True,False,0,maze-32-32-4,-0.00242130750605,101,True,5000,2891,274.9452,True,2637,0.912141127637,repair5g1_shield_c125_b125_w075_d095_beta0p2_max0p5,164,1000,5279,14650fb0739d0383
50,repair5g1_shield_c125_b125_w075_d095_beta0p35_max0p75,True,maze-32-32-4|a50|s164|it0|repair5g56_counterfactual_static_context,-0.0850916637842,0,True,False,0,maze-32-32-4,-0.00242130750605,101,True,5000,2891,260.2274,True,2452,0.848149429263,repair5g1_shield_c125_b125_w075_d095_beta0p35_max0p75,164,1000,5279,14650fb0739d0383
50,additive_ltm,True,maze-32-32-4|a50|s164|it1|repair5g56_counterfactual_static_context,0,0.102040816327,True,False,1,maze-32-32-4,0,105,True,5200,2891,202.9695,True,2674,0.924939467312,additive_ltm,164,1000,5183,ee141e13049ce5fa
50,repair5g2_best_frozen_static_candidate,True,maze-32-32-4|a50|s164|it1|repair5g56_counterfactual_static_context,-0.102040816327,0,True,True,1,maze-32-32-4,0,101,True,5000,2891,272.754,True,2379,0.822898650986,repair5g1_shield_c125_b125_w075_d095_beta0p35_max0p75,164,1000,5183,ee141e13049ce5fa
50,repair5g2_frozen_static_or_selector,True,maze-32-32-4|a50|s164|it1|repair5g56_counterfactual_static_context,-0.102040816327,0,True,False,1,maze-32-32-4,0,101,True,5000,2891,287.325,True,2379,0.822898650986,repair5g1_shield_c125_b125_w075_d095_beta0p35_max0p75,164,1000,5183,ee141e13049ce5fa
50,repair5g2_c_equiv_best_frozen_baseline,True,maze-32-32-4|a50|s164|it1|repair5g56_counterfactual_static_context,0.00103770321688,0.103078519543,True,False,1,maze-32-32-4,0,107,True,5300,2891,321.1222,True,2677,0.925977170529,repair5g_dual_c_equiv_c100_b100_w075_d100,164,1000,5183,ee141e13049ce5fa
50,repair5g1_shield_c100_b125_w075_d100_beta0p35_max0p75,True,maze-32-32-4|a50|s164|it1|repair5g56_counterfactual_static_context,-0.0843998616396,0.017640954687,True,False,1,maze-32-32-4,0,103,True,5100,2891,325.7494,True,2430,0.840539605673,repair5g1_shield_c100_b125_w075_d100_beta0p35_max0p75,164,1000,5183,ee141e13049ce5fa
50,repair5g1_shield_c125_b125_w075_d095_beta0p2_max0p5,True,maze-32-32-4|a50|s164|it1|repair5g56_counterfactual_static_context,-0.0134901418194,0.0885506745071,True,False,1,maze-32-32-4,0,105,True,5200,2891,349.0959,True,2635,0.911449325493,repair5g1_shield_c125_b125_w075_d095_beta0p2_max0p5,164,1000,5183,ee141e13049ce5fa
50,repair5g1_shield_c125_b125_w075_d095_beta0p35_max0p75,True,maze-32-32-4|a50|s164|it1|repair5g56_counterfactual_static_context,-0.102040816327,0,True,False,1,maze-32-32-4,0,101,True,5000,2891,345.4651,True,2379,0.822898650986,repair5g1_shield_c125_b125_w075_d095_beta0p35_max0p75,164,1000,5183,ee141e13049ce5fa
50,additive_ltm,True,maze-32-32-4|a50|s165|it0|repair5g56_counterfactual_static_context,0,0.0529824561404,True,False,0,maze-32-32-4,0,121,True,6000,2850,200.532,True,2545,0.89298245614,additive_ltm,165,1000,5410,14650fb0739d0383
50,repair5g2_best_frozen_static_candidate,True,maze-32-32-4|a50|s165|it0|repair5g56_counterfactual_static_context,-0.0529824561404,0,True,True,0,maze-32-32-4,0,101,True,4999,2850,269.7528,True,2394,0.84,repair5g1_shield_c125_b125_w075_d095_beta0p35_max0p75,165,1000,5410,14650fb0739d0383
50,repair5g2_frozen_static_or_selector,True,maze-32-32-4|a50|s165|it0|repair5g56_counterfactual_static_context,-0.0529824561404,0,True,False,0,maze-32-32-4,0,101,True,4999,2850,262.7131,True,2394,0.84,repair5g1_shield_c125_b125_w075_d095_beta0p35_max0p75,165,1000,5410,14650fb0739d0383
50,repair5g2_c_equiv_best_frozen_baseline,True,maze-32-32-4|a50|s165|it0|repair5g56_counterfactual_static_context,0,0.0529824561404,True,False,0,maze-32-32-4,0,121,True,6000,2850,189.557,True,2545,0.89298245614,repair5g_dual_c_equiv_c100_b100_w075_d100,165,1000,5410,14650fb0739d0383
50,repair5g1_shield_c100_b125_w075_d100_beta0p35_max0p75,True,maze-32-32-4|a50|s165|it0|repair5g56_counterfactual_static_context,-0.0526315789474,0.000350877192982,True,False,0,maze-32-32-4,0,108,True,5350,2850,265.8211,True,2395,0.840350877193,repair5g1_shield_c100_b125_w075_d100_beta0p35_max0p75,165,1000,5410,14650fb0739d0383
50,repair5g1_shield_c125_b125_w075_d095_beta0p2_max0p5,True,maze-32-32-4|a50|s165|it0|repair5g56_counterfactual_static_context,-0.0284210526316,0.0245614035088,True,False,0,maze-32-32-4,0,106,True,5250,2850,268.8829,True,2464,0.864561403509,repair5g1_shield_c125_b125_w075_d095_beta0p2_max0p5,165,1000,5410,14650fb0739d0383
50,repair5g1_shield_c125_b125_w075_d095_beta0p35_max0p75,True,maze-32-32-4|a50|s165|it0|repair5g56_counterfactual_static_context,-0.0529824561404,0,True,False,0,maze-32-32-4,0,101,True,4999,2850,256.8773,True,2394,0.84,repair5g1_shield_c125_b125_w075_d095_beta0p35_max0p75,165,1000,5410,14650fb0739d0383
50,additive_ltm,True,maze-32-32-4|a50|s165|it1|repair5g56_counterfactual_static_context,0,0.0635087719298,True,False,1,maze-32-32-4,0,107,True,5300,2850,258.4015,True,2447,0.858596491228,additive_ltm,165,1000,5259,d06c356d5f01b20a
50,repair5g2_best_frozen_static_candidate,True,maze-32-32-4|a50|s165|it1|repair5g56_counterfactual_static_context,-0.0635087719298,0,True,True,1,maze-32-32-4,0,105,True,5200,2850,262.0763,True,2266,0.795087719298,repair5g1_shield_c125_b125_w075_d095_beta0p35_max0p75,165,1000,5259,d06c356d5f01b20a
50,repair5g2_frozen_static_or_selector,True,maze-32-32-4|a50|s165|it1|repair5g56_counterfactual_static_context,-0.0635087719298,0,True,False,1,maze-32-32-4,0,105,True,5200,2850,300.1475,True,2266,0.795087719298,repair5g1_shield_c125_b125_w075_d095_beta0p35_max0p75,165,1000,5259,d06c356d5f01b20a
50,repair5g2_c_equiv_best_frozen_baseline,True,maze-32-32-4|a50|s165|it1|repair5g56_counterfactual_static_context,0.00280701754386,0.0663157894737,True,False,1,maze-32-32-4,0,107,True,5300,2850,287.1929,True,2455,0.861403508772,repair5g_dual_c_equiv_c100_b100_w075_d100,165,1000,5259,d06c356d5f01b20a
50,repair5g1_shield_c100_b125_w075_d100_beta0p35_max0p75,True,maze-32-32-4|a50|s165|it1|repair5g56_counterfactual_static_context,-0.060701754386,0.00280701754386,True,False,1,maze-32-32-4,0,101,True,5000,2850,352.5343,True,2274,0.797894736842,repair5g1_shield_c100_b125_w075_d100_beta0p35_max0p75,165,1000,5259,d06c356d5f01b20a
50,repair5g1_shield_c125_b125_w075_d095_beta0p2_max0p5,True,maze-32-32-4|a50|s165|it1|repair5g56_counterfactual_static_context,-0.0378947368421,0.0256140350877,True,False,1,maze-32-32-4,0,107,True,5300,2850,331.8073,True,2339,0.820701754386,repair5g1_shield_c125_b125_w075_d095_beta0p2_max0p5,165,1000,5259,d06c356d5f01b20a
50,repair5g1_shield_c125_b125_w075_d095_beta0p35_max0p75,True,maze-32-32-4|a50|s165|it1|repair5g56_counterfactual_static_context,-0.0635087719298,0,True,False,1,maze-32-32-4,0,105,True,5200,2850,329.787,True,2266,0.795087719298,repair5g1_shield_c125_b125_w075_d095_beta0p35_max0p75,165,1000,5259,d06c356d5f01b20a
100,additive_ltm,True,maze-32-32-4|a100|s156|it0|repair5g56_counterfactual_static_context,0,0.145370144149,True,False,0,maze-32-32-4,-0.0280967505497,129,True,12891,4093,404.8334,True,5887,1.43830930858,additive_ltm,156,1000,12147,14650fb0739d0383
100,repair5g2_best_frozen_static_candidate,True,maze-32-32-4|a100|s156|it0|repair5g56_counterfactual_static_context,-0.145370144149,0,True,False,0,maze-32-32-4,-0.0280967505497,115,True,11388,4093,577.2335,True,5292,1.29293916443,repair5g1_shield_c125_b125_w075_d095_beta0p35_max0p75,156,1000,12147,14650fb0739d0383
100,repair5g2_frozen_static_or_selector,True,maze-32-32-4|a100|s156|it0|repair5g56_counterfactual_static_context,-0.110188126069,0.0351820180796,True,False,0,maze-32-32-4,-0.0280967505497,125,True,12383,4093,590.9639,True,5436,1.32812118251,repair5g1_shield_c125_b125_w075_d095_beta0p2_max0p5,156,1000,12147,14650fb0739d0383
100,repair5g2_c_equiv_best_frozen_baseline,True,maze-32-32-4|a100|s156|it0|repair5g56_counterfactual_static_context,0,0.145370144149,True,False,0,maze-32-32-4,-0.0280967505497,129,True,12891,4093,578.2384,True,5887,1.43830930858,repair5g_dual_c_equiv_c100_b100_w075_d100,156,1000,12147,14650fb0739d0383
100,repair5g1_shield_c100_b125_w075_d100_beta0p35_max0p75,True,maze-32-32-4|a100|s156|it0|repair5g56_counterfactual_static_context,-0.173466894698,-0.0280967505497,True,True,0,maze-32-32-4,-0.0280967505497,105,True,10392,4093,651.4304,True,5177,1.26484241388,repair5g1_shield_c100_b125_w075_d100_beta0p35_max0p75,156,1000,12147,14650fb0739d0383
100,repair5g1_shield_c125_b125_w075_d095_beta0p2_max0p5,True,maze-32-32-4|a100|s156|it0|repair5g56_counterfactual_static_context,-0.110188126069,0.0351820180796,True,False,0,maze-32-32-4,-0.0280967505497,125,True,12383,4093,740.946,True,5436,1.32812118251,repair5g1_shield_c125_b125_w075_d095_beta0p2_max0p5,156,1000,12147,14650fb0739d0383
100,repair5g1_shield_c125_b125_w075_d095_beta0p35_max0p75,True,maze-32-32-4|a100|s156|it0|repair5g56_counterfactual_static_context,-0.145370144149,0,True,False,0,maze-32-32-4,-0.0280967505497,115,True,11388,4093,680.6586,True,5292,1.29293916443,repair5g1_shield_c125_b125_w075_d095_beta0p35_max0p75,156,1000,12147,14650fb0739d0383
100,additive_ltm,True,maze-32-32-4|a100|s157|it0|repair5g56_counterfactual_static_context,0,0.129421732684,True,False,0,maze-32-32-4,0,148,True,14700,4721,421.5373,True,6919,1.46557932641,additive_ltm,157,1000,12983,14650fb0739d0383
100,repair5g2_best_frozen_static_candidate,True,maze-32-32-4|a100|s157|it0|repair5g56_counterfactual_static_context,-0.129421732684,0,True,True,0,maze-32-32-4,0,153,True,15194,4721,583.5085,True,6308,1.33615759373,repair5g1_shield_c125_b125_w075_d095_beta0p35_max0p75,157,1000,12983,14650fb0739d0383
100,repair5g2_frozen_static_or_selector,True,maze-32-32-4|a100|s157|it0|repair5g56_counterfactual_static_context,,,True,False,0,maze-32-32-4,0,292,False,57494,4721,1004.2102,False,,,repair5g1_shield_c125_b125_w075_d095_beta0p2_max0p5,157,1000,12983,14650fb0739d0383
100,repair5g2_c_equiv_best_frozen_baseline,True,maze-32-32-4|a100|s157|it0|repair5g56_counterfactual_static_context,0,0.129421732684,True,False,0,maze-32-32-4,0,148,True,14700,4721,556.557,True,6919,1.46557932641,repair5g_dual_c_equiv_c100_b100_w075_d100,157,1000,12983,14650fb0739d0383
100,repair5g1_shield_c100_b125_w075_d100_beta0p35_max0p75,True,maze-32-32-4|a100|s157|it0|repair5g56_counterfactual_static_context,-0.10633340394,0.0230883287439,True,False,0,maze-32-32-4,0,151,True,14996,4721,679.1998,True,6417,1.35924592247,repair5g1_shield_c100_b125_w075_d100_beta0p35_max0p75,157,1000,12983,14650fb0739d0383
100,repair5g1_shield_c125_b125_w075_d095_beta0p2_max0p5,True,maze-32-32-4|a100|s157|it0|repair5g56_counterfactual_static_context,,,True,False,0,maze-32-32-4,0,229,False,39556,4721,1001.4909,False,,,repair5g1_shield_c125_b125_w075_d095_beta0p2_max0p5,157,1000,12983,14650fb0739d0383
100,repair5g1_shield_c125_b125_w075_d095_beta0p35_max0p75,True,maze-32-32-4|a100|s157|it0|repair5g56_counterfactual_static_context,-0.129421732684,0,True,False,0,maze-32-32-4,0,153,True,15194,4721,665.3858,True,6308,1.33615759373,repair5g1_shield_c125_b125_w075_d095_beta0p35_max0p75,157,1000,12983,14650fb0739d0383
100,additive_ltm,True,maze-32-32-4|a100|s158|it0|repair5g56_counterfactual_static_context,0,0.130530365485,True,False,0,maze-32-32-4,0,109,True,10800,3639,370.4145,True,5293,1.45452047266,additive_ltm,158,1000,12596,14650fb0739d0383
100,repair5g2_best_frozen_static_candidate,True,maze-32-32-4|a100|s158|it0|repair5g56_counterfactual_static_context,-0.130530365485,0,True,True,0,maze-32-32-4,0,97,True,9600,3639,520.5587,True,4818,1.32399010717,repair5g1_shield_c125_b125_w075_d095_beta0p35_max0p75,158,1000,12596,14650fb0739d0383
100,repair5g2_frozen_static_or_selector,True,maze-32-32-4|a100|s158|it0|repair5g56_counterfactual_static_context,-0.111019510855,0.0195108546304,True,False,0,maze-32-32-4,0,98,True,9700,3639,582.119,True,4889,1.3435009618,repair5g1_shield_c125_b125_w075_d095_beta0p2_max0p5,158,1000,12596,14650fb0739d0383
100,repair5g2_c_equiv_best_frozen_baseline,True,maze-32-32-4|a100|s158|it0|repair5g56_counterfactual_static_context,0,0.130530365485,True,False,0,maze-32-32-4,0,109,True,10800,3639,442.581,True,5293,1.45452047266,repair5g_dual_c_equiv_c100_b100_w075_d100,158,1000,12596,14650fb0739d0383
100,repair5g1_shield_c100_b125_w075_d100_beta0p35_max0p75,True,maze-32-32-4|a100|s158|it0|repair5g56_counterfactual_static_context,-0.111569112394,0.0189612530915,True,False,0,maze-32-32-4,0,131,True,12999,3639,637.8549,True,4887,1.34295136026,repair5g1_shield_c100_b125_w075_d100_beta0p35_max0p75,158,1000,12596,14650fb0739d0383
100,repair5g1_shield_c125_b125_w075_d095_beta0p2_max0p5,True,maze-32-32-4|a100|s158|it0|repair5g56_counterfactual_static_context,-0.111019510855,0.0195108546304,True,False,0,maze-32-32-4,0,98,True,9700,3639,548.9422,True,4889,1.3435009618,repair5g1_shield_c125_b125_w075_d095_beta0p2_max0p5,158,1000,12596,14650fb0739d0383
100,repair5g1_shield_c125_b125_w075_d095_beta0p35_max0p75,True,maze-32-32-4|a100|s158|it0|repair5g56_counterfactual_static_context,-0.130530365485,0,True,False,0,maze-32-32-4,0,97,True,9600,3639,645.1834,True,4818,1.32399010717,repair5g1_shield_c125_b125_w075_d095_beta0p35_max0p75,158,1000,12596,14650fb0739d0383
100,additive_ltm,True,maze-32-32-4|a100|s159|it0|repair5g56_counterfactual_static_context,0,0.137540805223,True,False,0,maze-32-32-4,0,123,True,12198,4595,384.3429,True,6575,1.4309031556,additive_ltm,159,1000,12352,14650fb0739d0383
100,repair5g2_best_frozen_static_candidate,True,maze-32-32-4|a100|s159|it0|repair5g56_counterfactual_static_context,-0.137540805223,0,True,True,0,maze-32-32-4,0,112,True,11099,4595,545.3713,True,5943,1.29336235038,repair5g1_shield_c125_b125_w075_d095_beta0p35_max0p75,159,1000,12352,14650fb0739d0383
100,repair5g2_frozen_static_or_selector,True,maze-32-32-4|a100|s159|it0|repair5g56_counterfactual_static_context,-0.0515778019587,0.0859630032644,True,False,0,maze-32-32-4,0,116,True,11498,4595,572.2152,True,6338,1.37932535365,repair5g1_shield_c125_b125_w075_d095_beta0p2_max0p5,159,1000,12352,14650fb0739d0383
100,repair5g2_c_equiv_best_frozen_baseline,True,maze-32-32-4|a100|s159|it0|repair5g56_counterfactual_static_context,0,0.137540805223,True,False,0,maze-32-32-4,0,123,True,12198,4595,520.3108,True,6575,1.4309031556,repair5g_dual_c_equiv_c100_b100_w075_d100,159,1000,12352,14650fb0739d0383
100,repair5g1_shield_c100_b125_w075_d100_beta0p35_max0p75,True,maze-32-32-4|a100|s159|it0|repair5g56_counterfactual_static_context,-0.133405875952,0.00413492927095,True,False,0,maze-32-32-4,0,112,True,11097,4595,650.0475,True,5962,1.29749727965,repair5g1_shield_c100_b125_w075_d100_beta0p35_max0p75,159,1000,12352,14650fb0739d0383
100,repair5g1_shield_c125_b125_w075_d095_beta0p2_max0p5,True,maze-32-32-4|a100|s159|it0|repair5g56_counterfactual_static_context,-0.0515778019587,0.0859630032644,True,False,0,maze-32-32-4,0,116,True,11498,4595,634.2679,True,6338,1.37932535365,repair5g1_shield_c125_b125_w075_d095_beta0p2_max0p5,159,1000,12352,14650fb0739d0383
100,repair5g1_shield_c125_b125_w075_d095_beta0p35_max0p75,True,maze-32-32-4|a100|s159|it0|repair5g56_counterfactual_static_context,-0.137540805223,0,True,False,0,maze-32-32-4,0,112,True,11099,4595,609.9693,True,5943,1.29336235038,repair5g1_shield_c125_b125_w075_d095_beta0p35_max0p75,159,1000,12352,14650fb0739d0383
100,additive_ltm,True,maze-32-32-4|a100|s160|it0|repair5g56_counterfactual_static_context,0,0.12348728081,True,False,0,maze-32-32-4,0,117,True,11598,4049,385.2148,True,5821,1.43763892319,additive_ltm,160,1000,13897,14650fb0739d0383
100,repair5g2_best_frozen_static_candidate,True,maze-32-32-4|a100|s160|it0|repair5g56_counterfactual_static_context,-0.12348728081,0,True,True,0,maze-32-32-4,0,117,True,11596,4049,540.8222,True,5321,1.31415164238,repair5g1_shield_c125_b125_w075_d095_beta0p35_max0p75,160,1000,13897,14650fb0739d0383
100,repair5g2_frozen_static_or_selector,True,maze-32-32-4|a100|s160|it0|repair5g56_counterfactual_static_context,-0.0397629044208,0.0837243763892,True,False,0,maze-32-32-4,0,158,True,23374,4049,679.5677,True,5660,1.39787601877,repair5g1_shield_c125_b125_w075_d095_beta0p2_max0p5,160,1000,13897,14650fb0739d0383
100,repair5g2_c_equiv_best_frozen_baseline,True,maze-32-32-4|a100|s160|it0|repair5g56_counterfactual_static_context,0,0.12348728081,True,False,0,maze-32-32-4,0,117,True,11598,4049,432.6688,True,5821,1.43763892319,repair5g_dual_c_equiv_c100_b100_w075_d100,160,1000,13897,14650fb0739d0383
100,repair5g1_shield_c100_b125_w075_d100_beta0p35_max0p75,True,maze-32-32-4|a100|s160|it0|repair5g56_counterfactual_static_context,-0.102494443072,0.0209928377377,True,False,0,maze-32-32-4,0,140,True,13886,4049,753.2951,True,5406,1.33514448012,repair5g1_shield_c100_b125_w075_d100_beta0p35_max0p75,160,1000,13897,14650fb0739d0383
100,repair5g1_shield_c125_b125_w075_d095_beta0p2_max0p5,True,maze-32-32-4|a100|s160|it0|repair5g56_counterfactual_static_context,-0.0397629044208,0.0837243763892,True,False,0,maze-32-32-4,0,158,True,23374,4049,686.067,True,5660,1.39787601877,repair5g1_shield_c125_b125_w075_d095_beta0p2_max0p5,160,1000,13897,14650fb0739d0383
100,repair5g1_shield_c125_b125_w075_d095_beta0p35_max0p75,True,maze-32-32-4|a100|s160|it0|repair5g56_counterfactual_static_context,-0.12348728081,0,True,False,0,maze-32-32-4,0,117,True,11596,4049,655.1669,True,5321,1.31415164238,repair5g1_shield_c125_b125_w075_d095_beta0p35_max0p75,160,1000,13897,14650fb0739d0383
100,additive_ltm,True,maze-32-32-4|a100|s161|it0|repair5g56_counterfactual_static_context,0,0.0968642611684,True,False,0,maze-32-32-4,-0.0296391752577,137,True,13600,4656,430.8182,True,6462,1.38788659794,additive_ltm,161,1000,17266,14650fb0739d0383
100,repair5g2_best_frozen_static_candidate,True,maze-32-32-4|a100|s161|it0|repair5g56_counterfactual_static_context,-0.0968642611684,0,True,False,0,maze-32-32-4,-0.0296391752577,138,True,13694,4656,556.3431,True,6011,1.29102233677,repair5g1_shield_c125_b125_w075_d095_beta0p35_max0p75,161,1000,17266,14650fb0739d0383
100,repair5g2_frozen_static_or_selector,True,maze-32-32-4|a100|s161|it0|repair5g56_counterfactual_static_context,-0.0919243986254,0.00493986254296,True,False,0,maze-32-32-4,-0.0296391752577,112,True,11100,4656,579.3895,True,6034,1.29596219931,repair5g1_shield_c125_b125_w075_d095_beta0p2_max0p5,161,1000,17266,14650fb0739d0383
100,repair5g2_c_equiv_best_frozen_baseline,True,maze-32-32-4|a100|s161|it0|repair5g56_counterfactual_static_context,0,0.0968642611684,True,False,0,maze-32-32-4,-0.0296391752577,137,True,13600,4656,498.6715,True,6462,1.38788659794,repair5g_dual_c_equiv_c100_b100_w075_d100,161,1000,17266,14650fb0739d0383
100,repair5g1_shield_c100_b125_w075_d100_beta0p35_max0p75,True,maze-32-32-4|a100|s161|it0|repair5g56_counterfactual_static_context,-0.126503436426,-0.0296391752577,True,True,0,maze-32-32-4,-0.0296391752577,111,True,11099,4656,561.5379,True,5873,1.26138316151,repair5g1_shield_c100_b125_w075_d100_beta0p35_max0p75,161,1000,17266,14650fb0739d0383
100,repair5g1_shield_c125_b125_w075_d095_beta0p2_max0p5,True,maze-32-32-4|a100|s161|it0|repair5g56_counterfactual_static_context,-0.0919243986254,0.00493986254296,True,False,0,maze-32-32-4,-0.0296391752577,112,True,11100,4656,724.7353,True,6034,1.29596219931,repair5g1_shield_c125_b125_w075_d095_beta0p2_max0p5,161,1000,17266,14650fb0739d0383
100,repair5g1_shield_c125_b125_w075_d095_beta0p35_max0p75,True,maze-32-32-4|a100|s161|it0|repair5g56_counterfactual_static_context,-0.0968642611684,0,True,False,0,maze-32-32-4,-0.0296391752577,138,True,13694,4656,641.2858,True,6011,1.29102233677,repair5g1_shield_c125_b125_w075_d095_beta0p35_max0p75,161,1000,17266,14650fb0739d0383
100,additive_ltm,True,maze-32-32-4|a100|s162|it0|repair5g56_counterfactual_static_context,0,0.094772967265,True,False,0,maze-32-32-4,-0.0163674762408,112,True,11099,3788,388.1915,True,5491,1.44957761352,additive_ltm,162,1000,11821,14650fb0739d0383
100,repair5g2_best_frozen_static_candidate,True,maze-32-32-4|a100|s162|it0|repair5g56_counterfactual_static_context,-0.094772967265,0,True,False,0,maze-32-32-4,-0.0163674762408,109,True,10796,3788,553.4446,True,5132,1.35480464625,repair5g1_shield_c125_b125_w075_d095_beta0p35_max0p75,162,1000,11821,14650fb0739d0383
100,repair5g2_frozen_static_or_selector,True,maze-32-32-4|a100|s162|it0|repair5g56_counterfactual_static_context,-0.0549102428722,0.0398627243928,True,False,0,maze-32-32-4,-0.0163674762408,121,True,11990,3788,670.7479,True,5283,1.39466737064,repair5g1_shield_c125_b125_w075_d095_beta0p2_max0p5,162,1000,11821,14650fb0739d0383
100,repair5g2_c_equiv_best_frozen_baseline,True,maze-32-32-4|a100|s162|it0|repair5g56_counterfactual_static_context,0,0.094772967265,True,False,0,maze-32-32-4,-0.0163674762408,112,True,11099,3788,482.6361,True,5491,1.44957761352,repair5g_dual_c_equiv_c100_b100_w075_d100,162,1000,11821,14650fb0739d0383
100,repair5g1_shield_c100_b125_w075_d100_beta0p35_max0p75,True,maze-32-32-4|a100|s162|it0|repair5g56_counterfactual_static_context,-0.111140443506,-0.0163674762408,True,True,0,maze-32-32-4,-0.0163674762408,109,True,10796,3788,608.0993,True,5070,1.33843717001,repair5g1_shield_c100_b125_w075_d100_beta0p35_max0p75,162,1000,11821,14650fb0739d0383
100,repair5g1_shield_c125_b125_w075_d095_beta0p2_max0p5,True,maze-32-32-4|a100|s162|it0|repair5g56_counterfactual_static_context,-0.0549102428722,0.0398627243928,True,False,0,maze-32-32-4,-0.0163674762408,121,True,11990,3788,656.9214,True,5283,1.39466737064,repair5g1_shield_c125_b125_w075_d095_beta0p2_max0p5,162,1000,11821,14650fb0739d0383
100,repair5g1_shield_c125_b125_w075_d095_beta0p35_max0p75,True,maze-32-32-4|a100|s162|it0|repair5g56_counterfactual_static_context,-0.094772967265,0,True,False,0,maze-32-32-4,-0.0163674762408,109,True,10796,3788,594.7561,True,5132,1.35480464625,repair5g1_shield_c125_b125_w075_d095_beta0p35_max0p75,162,1000,11821,14650fb0739d0383
100,additive_ltm,True,maze-32-32-4|a100|s163|it0|repair5g56_counterfactual_static_context,0,0.0366518078257,True,False,0,maze-32-32-4,0,106,True,10500,4038,373.5883,True,5330,1.31996037642,additive_ltm,163,1000,11245,14650fb0739d0383
100,repair5g2_best_frozen_static_candidate,True,maze-32-32-4|a100|s163|it0|repair5g56_counterfactual_static_context,-0.0366518078257,0,True,True,0,maze-32-32-4,0,103,True,10198,4038,527.2407,True,5182,1.2833085686,repair5g1_shield_c125_b125_w075_d095_beta0p35_max0p75,163,1000,11245,14650fb0739d0383
100,repair5g2_frozen_static_or_selector,True,maze-32-32-4|a100|s163|it0|repair5g56_counterfactual_static_context,-0.00693412580485,0.0297176820208,True,False,0,maze-32-32-4,0,107,True,10600,4038,563.3042,True,5302,1.31302625062,repair5g1_shield_c125_b125_w075_d095_beta0p2_max0p5,163,1000,11245,14650fb0739d0383
100,repair5g2_c_equiv_best_frozen_baseline,True,maze-32-32-4|a100|s163|it0|repair5g56_counterfactual_static_context,0,0.0366518078257,True,False,0,maze-32-32-4,0,106,True,10500,4038,501.0776,True,5330,1.31996037642,repair5g_dual_c_equiv_c100_b100_w075_d100,163,1000,11245,14650fb0739d0383
100,repair5g1_shield_c100_b125_w075_d100_beta0p35_max0p75,True,maze-32-32-4|a100|s163|it0|repair5g56_counterfactual_static_context,-0.0108964834076,0.025755324418,True,False,0,maze-32-32-4,0,128,True,12695,4038,685.3665,True,5286,1.30906389302,repair5g1_shield_c100_b125_w075_d100_beta0p35_max0p75,163,1000,11245,14650fb0739d0383
100,repair5g1_shield_c125_b125_w075_d095_beta0p2_max0p5,True,maze-32-32-4|a100|s163|it0|repair5g56_counterfactual_static_context,-0.00693412580485,0.0297176820208,True,False,0,maze-32-32-4,0,107,True,10600,4038,776.9984,True,5302,1.31302625062,repair5g1_shield_c125_b125_w075_d095_beta0p2_max0p5,163,1000,11245,14650fb0739d0383
100,repair5g1_shield_c125_b125_w075_d095_beta0p35_max0p75,True,maze-32-32-4|a100|s163|it0|repair5g56_counterfactual_static_context,-0.0366518078257,0,True,False,0,maze-32-32-4,0,103,True,10198,4038,656.3303,True,5182,1.2833085686,repair5g1_shield_c125_b125_w075_d095_beta0p35_max0p75,163,1000,11245,14650fb0739d0383
100,additive_ltm,True,maze-32-32-4|a100|s164|it0|repair5g56_counterfactual_static_context,0,0.152856841661,True,False,0,maze-32-32-4,0,124,True,12300,4743,388.6814,True,5887,1.24119755429,additive_ltm,164,1000,14009,14650fb0739d0383
100,repair5g2_best_frozen_static_candidate,True,maze-32-32-4|a100|s164|it0|repair5g56_counterfactual_static_context,-0.152856841661,0,True,True,0,maze-32-32-4,0,105,True,10400,4743,535.1701,True,5162,1.08834071263,repair5g1_shield_c125_b125_w075_d095_beta0p35_max0p75,164,1000,14009,14650fb0739d0383
100,repair5g2_frozen_static_or_selector,True,maze-32-32-4|a100|s164|it0|repair5g56_counterfactual_static_context,-0.106683533629,0.0461733080329,True,False,0,maze-32-32-4,0,106,True,10500,4743,584.8384,True,5381,1.13451402066,repair5g1_shield_c125_b125_w075_d095_beta0p2_max0p5,164,1000,14009,14650fb0739d0383
100,repair5g2_c_equiv_best_frozen_baseline,True,maze-32-32-4|a100|s164|it0|repair5g56_counterfactual_static_context,0,0.152856841661,True,False,0,maze-32-32-4,0,124,True,12300,4743,531.5062,True,5887,1.24119755429,repair5g_dual_c_equiv_c100_b100_w075_d100,164,1000,14009,14650fb0739d0383
100,repair5g1_shield_c100_b125_w075_d100_beta0p35_max0p75,True,maze-32-32-4|a100|s164|it0|repair5g56_counterfactual_static_context,-0.149061775248,0.00379506641366,True,False,0,maze-32-32-4,0,105,True,10400,4743,662.5159,True,5180,1.09213577904,repair5g1_shield_c100_b125_w075_d100_beta0p35_max0p75,164,1000,14009,14650fb0739d0383
100,repair5g1_shield_c125_b125_w075_d095_beta0p2_max0p5,True,maze-32-32-4|a100|s164|it0|repair5g56_counterfactual_static_context,-0.106683533629,0.0461733080329,True,False,0,maze-32-32-4,0,106,True,10500,4743,698.311,True,5381,1.13451402066,repair5g1_shield_c125_b125_w075_d095_beta0p2_max0p5,164,1000,14009,14650fb0739d0383
100,repair5g1_shield_c125_b125_w075_d095_beta0p35_max0p75,True,maze-32-32-4|a100|s164|it0|repair5g56_counterfactual_static_context,-0.152856841661,0,True,False,0,maze-32-32-4,0,105,True,10400,4743,780.1362,True,5162,1.08834071263,repair5g1_shield_c125_b125_w075_d095_beta0p35_max0p75,164,1000,14009,14650fb0739d0383
100,additive_ltm,True,maze-32-32-4|a100|s165|it0|repair5g56_counterfactual_static_context,0,0.128098312851,True,False,0,maze-32-32-4,-0.0141637158925,130,True,14434,4801,394.863,True,5910,1.23099354301,additive_ltm,165,1000,15031,14650fb0739d0383
100,repair5g2_best_frozen_static_candidate,True,maze-32-32-4|a100|s165|it0|repair5g56_counterfactual_static_context,-0.128098312851,0,True,False,0,maze-32-32-4,-0.0141637158925,136,True,13489,4801,546.1916,True,5295,1.10289523016,repair5g1_shield_c125_b125_w075_d095_beta0p35_max0p75,165,1000,15031,14650fb0739d0383
100,repair5g2_frozen_static_or_selector,True,maze-32-32-4|a100|s165|it0|repair5g56_counterfactual_static_context,-0.0910227036034,0.0370756092481,True,False,0,maze-32-32-4,-0.0141637158925,150,True,14895,4801,671.9125,True,5473,1.13997083941,repair5g1_shield_c125_b125_w075_d095_beta0p2_max0p5,165,1000,15031,14650fb0739d0383
100,repair5g2_c_equiv_best_frozen_baseline,True,maze-32-32-4|a100|s165|it0|repair5g56_counterfactual_static_context,0,0.128098312851,True,False,0,maze-32-32-4,-0.0141637158925,130,True,14434,4801,533.1804,True,5910,1.23099354301,repair5g_dual_c_equiv_c100_b100_w075_d100,165,1000,15031,14650fb0739d0383
100,repair5g1_shield_c100_b125_w075_d100_beta0p35_max0p75,True,maze-32-32-4|a100|s165|it0|repair5g56_counterfactual_static_context,-0.142262028744,-0.0141637158925,True,True,0,maze-32-32-4,-0.0141637158925,139,True,13790,4801,802.4104,True,5227,1.08873151427,repair5g1_shield_c100_b125_w075_d100_beta0p35_max0p75,165,1000,15031,14650fb0739d0383
100,repair5g1_shield_c125_b125_w075_d095_beta0p2_max0p5,True,maze-32-32-4|a100|s165|it0|repair5g56_counterfactual_static_context,-0.0910227036034,0.0370756092481,True,False,0,maze-32-32-4,-0.0141637158925,150,True,14895,4801,619.7431,True,5473,1.13997083941,repair5g1_shield_c125_b125_w075_d095_beta0p2_max0p5,165,1000,15031,14650fb0739d0383
100,repair5g1_shield_c125_b125_w075_d095_beta0p35_max0p75,True,maze-32-32-4|a100|s165|it0|repair5g56_counterfactual_static_context,-0.128098312851,0,True,False,0,maze-32-32-4,-0.0141637158925,136,True,13489,4801,724.5866,True,5295,1.10289523016,repair5g1_shield_c125_b125_w075_d095_beta0p35_max0p75,165,1000,15031,14650fb0739d0383
50,additive_ltm,True,warehouse-10-20-10-2-1|a50|s156|it0|repair5g56_counterfactual_static_context,,,True,False,0,warehouse-10-20-10-2-1,,1,False,0,4516,1236.8603,False,,,additive_ltm,156,1000,9729,14650fb0739d0383
50,repair5g2_best_frozen_static_candidate,True,warehouse-10-20-10-2-1|a50|s156|it0|repair5g56_counterfactual_static_context,,,True,False,0,warehouse-10-20-10-2-1,,1,False,0,4516,2307.1127,False,,,repair5g1_shield_c125_b125_w075_d095_beta0p35_max0p75,156,1000,9729,14650fb0739d0383
50,repair5g2_frozen_static_or_selector,True,warehouse-10-20-10-2-1|a50|s156|it0|repair5g56_counterfactual_static_context,,,True,False,0,warehouse-10-20-10-2-1,,1,False,0,4516,1335.177,False,,,repair5g_dual_c_equiv_c100_b100_w075_d095,156,1000,9729,14650fb0739d0383
50,repair5g2_c_equiv_best_frozen_baseline,True,warehouse-10-20-10-2-1|a50|s156|it0|repair5g56_counterfactual_static_context,,,True,False,0,warehouse-10-20-10-2-1,,1,False,0,4516,1652.7131,False,,,repair5g_dual_c_equiv_c100_b100_w075_d100,156,1000,9729,14650fb0739d0383
50,repair5g1_shield_c100_b125_w075_d100_beta0p35_max0p75,True,warehouse-10-20-10-2-1|a50|s156|it0|repair5g56_counterfactual_static_context,,,True,False,0,warehouse-10-20-10-2-1,,1,False,0,4516,2343.9925,False,,,repair5g1_shield_c100_b125_w075_d100_beta0p35_max0p75,156,1000,9729,14650fb0739d0383
50,repair5g1_shield_c125_b125_w075_d095_beta0p2_max0p5,True,warehouse-10-20-10-2-1|a50|s156|it0|repair5g56_counterfactual_static_context,,,True,False,0,warehouse-10-20-10-2-1,,1,False,0,4516,2577.1545,False,,,repair5g1_shield_c125_b125_w075_d095_beta0p2_max0p5,156,1000,9729,14650fb0739d0383
50,repair5g1_shield_c125_b125_w075_d095_beta0p35_max0p75,True,warehouse-10-20-10-2-1|a50|s156|it0|repair5g56_counterfactual_static_context,,,True,False,0,warehouse-10-20-10-2-1,,1,False,0,4516,2602.1381,False,,,repair5g1_shield_c125_b125_w075_d095_beta0p35_max0p75,156,1000,9729,14650fb0739d0383
50,additive_ltm,True,warehouse-10-20-10-2-1|a50|s157|it0|repair5g56_counterfactual_static_context,,,True,False,0,warehouse-10-20-10-2-1,,1,False,0,4077,1275.8789,False,,,additive_ltm,157,1000,9309,14650fb0739d0383
50,repair5g2_best_frozen_static_candidate,True,warehouse-10-20-10-2-1|a50|s157|it0|repair5g56_counterfactual_static_context,,,True,False,0,warehouse-10-20-10-2-1,,1,False,0,4077,2250.5988,False,,,repair5g1_shield_c125_b125_w075_d095_beta0p35_max0p75,157,1000,9309,14650fb0739d0383
50,repair5g2_frozen_static_or_selector,True,warehouse-10-20-10-2-1|a50|s157|it0|repair5g56_counterfactual_static_context,,,True,False,0,warehouse-10-20-10-2-1,,1,False,0,4077,1514.5957,False,,,repair5g_dual_c_equiv_c100_b100_w075_d095,157,1000,9309,14650fb0739d0383
50,repair5g2_c_equiv_best_frozen_baseline,True,warehouse-10-20-10-2-1|a50|s157|it0|repair5g56_counterfactual_static_context,,,True,False,0,warehouse-10-20-10-2-1,,1,False,0,4077,1575.1382,False,,,repair5g_dual_c_equiv_c100_b100_w075_d100,157,1000,9309,14650fb0739d0383
50,repair5g1_shield_c100_b125_w075_d100_beta0p35_max0p75,True,warehouse-10-20-10-2-1|a50|s157|it0|repair5g56_counterfactual_static_context,,,True,False,0,warehouse-10-20-10-2-1,,1,False,0,4077,2326.6458,False,,,repair5g1_shield_c100_b125_w075_d100_beta0p35_max0p75,157,1000,9309,14650fb0739d0383
50,repair5g1_shield_c125_b125_w075_d095_beta0p2_max0p5,True,warehouse-10-20-10-2-1|a50|s157|it0|repair5g56_counterfactual_static_context,,,True,False,0,warehouse-10-20-10-2-1,,1,False,0,4077,2144.7066,False,,,repair5g1_shield_c125_b125_w075_d095_beta0p2_max0p5,157,1000,9309,14650fb0739d0383
50,repair5g1_shield_c125_b125_w075_d095_beta0p35_max0p75,True,warehouse-10-20-10-2-1|a50|s157|it0|repair5g56_counterfactual_static_context,,,True,False,0,warehouse-10-20-10-2-1,,1,False,0,4077,2624.5949,False,,,repair5g1_shield_c125_b125_w075_d095_beta0p35_max0p75,157,1000,9309,14650fb0739d0383
50,additive_ltm,True,warehouse-10-20-10-2-1|a50|s158|it0|repair5g56_counterfactual_static_context,,,True,False,0,warehouse-10-20-10-2-1,,1,False,0,3856,1370.6363,False,,,additive_ltm,158,1000,10230,14650fb0739d0383
50,repair5g2_best_frozen_static_candidate,True,warehouse-10-20-10-2-1|a50|s158|it0|repair5g56_counterfactual_static_context,,,True,False,0,warehouse-10-20-10-2-1,,1,False,0,3856,2299.1545,False,,,repair5g1_shield_c125_b125_w075_d095_beta0p35_max0p75,158,1000,10230,14650fb0739d0383
50,repair5g2_frozen_static_or_selector,True,warehouse-10-20-10-2-1|a50|s158|it0|repair5g56_counterfactual_static_context,,,True,False,0,warehouse-10-20-10-2-1,,1,False,0,3856,1639.5578,False,,,repair5g_dual_c_equiv_c100_b100_w075_d095,158,1000,10230,14650fb0739d0383
50,repair5g2_c_equiv_best_frozen_baseline,True,warehouse-10-20-10-2-1|a50|s158|it0|repair5g56_counterfactual_static_context,,,True,False,0,warehouse-10-20-10-2-1,,1,False,0,3856,1533.1704,False,,,repair5g_dual_c_equiv_c100_b100_w075_d100,158,1000,10230,14650fb0739d0383
50,repair5g1_shield_c100_b125_w075_d100_beta0p35_max0p75,True,warehouse-10-20-10-2-1|a50|s158|it0|repair5g56_counterfactual_static_context,,,True,False,0,warehouse-10-20-10-2-1,,1,False,0,3856,2241.87,False,,,repair5g1_shield_c100_b125_w075_d100_beta0p35_max0p75,158,1000,10230,14650fb0739d0383
50,repair5g1_shield_c125_b125_w075_d095_beta0p2_max0p5,True,warehouse-10-20-10-2-1|a50|s158|it0|repair5g56_counterfactual_static_context,,,True,False,0,warehouse-10-20-10-2-1,,1,False,0,3856,2289.8689,False,,,repair5g1_shield_c125_b125_w075_d095_beta0p2_max0p5,158,1000,10230,14650fb0739d0383
50,repair5g1_shield_c125_b125_w075_d095_beta0p35_max0p75,True,warehouse-10-20-10-2-1|a50|s158|it0|repair5g56_counterfactual_static_context,,,True,False,0,warehouse-10-20-10-2-1,,1,False,0,3856,2583.4274,False,,,repair5g1_shield_c125_b125_w075_d095_beta0p35_max0p75,158,1000,10230,14650fb0739d0383
50,additive_ltm,True,warehouse-10-20-10-2-1|a50|s159|it0|repair5g56_counterfactual_static_context,,,True,False,0,warehouse-10-20-10-2-1,,1,False,0,4234,1498.9637,False,,,additive_ltm,159,1000,8643,14650fb0739d0383
50,repair5g2_best_frozen_static_candidate,True,warehouse-10-20-10-2-1|a50|s159|it0|repair5g56_counterfactual_static_context,,,True,False,0,warehouse-10-20-10-2-1,,1,False,0,4234,2513.9326,False,,,repair5g1_shield_c125_b125_w075_d095_beta0p35_max0p75,159,1000,8643,14650fb0739d0383
50,repair5g2_frozen_static_or_selector,True,warehouse-10-20-10-2-1|a50|s159|it0|repair5g56_counterfactual_static_context,,,True,False,0,warehouse-10-20-10-2-1,,1,False,0,4234,1269.662,False,,,repair5g_dual_c_equiv_c100_b100_w075_d095,159,1000,8643,14650fb0739d0383
50,repair5g2_c_equiv_best_frozen_baseline,True,warehouse-10-20-10-2-1|a50|s159|it0|repair5g56_counterfactual_static_context,,,True,False,0,warehouse-10-20-10-2-1,,1,False,0,4234,1247.7701,False,,,repair5g_dual_c_equiv_c100_b100_w075_d100,159,1000,8643,14650fb0739d0383
50,repair5g1_shield_c100_b125_w075_d100_beta0p35_max0p75,True,warehouse-10-20-10-2-1|a50|s159|it0|repair5g56_counterfactual_static_context,,,True,False,0,warehouse-10-20-10-2-1,,1,False,0,4234,2179.7698,False,,,repair5g1_shield_c100_b125_w075_d100_beta0p35_max0p75,159,1000,8643,14650fb0739d0383
50,repair5g1_shield_c125_b125_w075_d095_beta0p2_max0p5,True,warehouse-10-20-10-2-1|a50|s159|it0|repair5g56_counterfactual_static_context,,,True,False,0,warehouse-10-20-10-2-1,,1,False,0,4234,2466.7254,False,,,repair5g1_shield_c125_b125_w075_d095_beta0p2_max0p5,159,1000,8643,14650fb0739d0383
50,repair5g1_shield_c125_b125_w075_d095_beta0p35_max0p75,True,warehouse-10-20-10-2-1|a50|s159|it0|repair5g56_counterfactual_static_context,,,True,False,0,warehouse-10-20-10-2-1,,1,False,0,4234,2018.0293,False,,,repair5g1_shield_c125_b125_w075_d095_beta0p35_max0p75,159,1000,8643,14650fb0739d0383
50,additive_ltm,True,warehouse-10-20-10-2-1|a50|s160|it0|repair5g56_counterfactual_static_context,,,True,False,0,warehouse-10-20-10-2-1,,1,False,0,3794,1223.5092,False,,,additive_ltm,160,1000,9024,14650fb0739d0383
50,repair5g2_best_frozen_static_candidate,True,warehouse-10-20-10-2-1|a50|s160|it0|repair5g56_counterfactual_static_context,,,True,False,0,warehouse-10-20-10-2-1,,1,False,0,3794,2429.3721,False,,,repair5g1_shield_c125_b125_w075_d095_beta0p35_max0p75,160,1000,9024,14650fb0739d0383
50,repair5g2_frozen_static_or_selector,True,warehouse-10-20-10-2-1|a50|s160|it0|repair5g56_counterfactual_static_context,,,True,False,0,warehouse-10-20-10-2-1,,1,False,0,3794,1336.0292,False,,,repair5g_dual_c_equiv_c100_b100_w075_d095,160,1000,9024,14650fb0739d0383
50,repair5g2_c_equiv_best_frozen_baseline,True,warehouse-10-20-10-2-1|a50|s160|it0|repair5g56_counterfactual_static_context,,,True,False,0,warehouse-10-20-10-2-1,,1,False,0,3794,1284.0706,False,,,repair5g_dual_c_equiv_c100_b100_w075_d100,160,1000,9024,14650fb0739d0383
50,repair5g1_shield_c100_b125_w075_d100_beta0p35_max0p75,True,warehouse-10-20-10-2-1|a50|s160|it0|repair5g56_counterfactual_static_context,,,True,False,0,warehouse-10-20-10-2-1,,1,False,0,3794,2215.5354,False,,,repair5g1_shield_c100_b125_w075_d100_beta0p35_max0p75,160,1000,9024,14650fb0739d0383
50,repair5g1_shield_c125_b125_w075_d095_beta0p2_max0p5,True,warehouse-10-20-10-2-1|a50|s160|it0|repair5g56_counterfactual_static_context,,,True,False,0,warehouse-10-20-10-2-1,,1,False,0,3794,2389.368,False,,,repair5g1_shield_c125_b125_w075_d095_beta0p2_max0p5,160,1000,9024,14650fb0739d0383
50,repair5g1_shield_c125_b125_w075_d095_beta0p35_max0p75,True,warehouse-10-20-10-2-1|a50|s160|it0|repair5g56_counterfactual_static_context,,,True,False,0,warehouse-10-20-10-2-1,,1,False,0,3794,2025.8981,False,,,repair5g1_shield_c125_b125_w075_d095_beta0p35_max0p75,160,1000,9024,14650fb0739d0383
50,additive_ltm,True,warehouse-10-20-10-2-1|a50|s161|it0|repair5g56_counterfactual_static_context,,,True,False,0,warehouse-10-20-10-2-1,,1,False,0,4437,1268.9283,False,,,additive_ltm,161,1000,9844,14650fb0739d0383
50,repair5g2_best_frozen_static_candidate,True,warehouse-10-20-10-2-1|a50|s161|it0|repair5g56_counterfactual_static_context,,,True,False,0,warehouse-10-20-10-2-1,,1,False,0,4437,2478.5863,False,,,repair5g1_shield_c125_b125_w075_d095_beta0p35_max0p75,161,1000,9844,14650fb0739d0383
50,repair5g2_frozen_static_or_selector,True,warehouse-10-20-10-2-1|a50|s161|it0|repair5g56_counterfactual_static_context,,,True,False,0,warehouse-10-20-10-2-1,,1,False,0,4437,1296.806,False,,,repair5g_dual_c_equiv_c100_b100_w075_d095,161,1000,9844,14650fb0739d0383
50,repair5g2_c_equiv_best_frozen_baseline,True,warehouse-10-20-10-2-1|a50|s161|it0|repair5g56_counterfactual_static_context,,,True,False,0,warehouse-10-20-10-2-1,,1,False,0,4437,1287.4196,False,,,repair5g_dual_c_equiv_c100_b100_w075_d100,161,1000,9844,14650fb0739d0383
50,repair5g1_shield_c100_b125_w075_d100_beta0p35_max0p75,True,warehouse-10-20-10-2-1|a50|s161|it0|repair5g56_counterfactual_static_context,,,True,False,0,warehouse-10-20-10-2-1,,1,False,0,4437,2273.5492,False,,,repair5g1_shield_c100_b125_w075_d100_beta0p35_max0p75,161,1000,9844,14650fb0739d0383
50,repair5g1_shield_c125_b125_w075_d095_beta0p2_max0p5,True,warehouse-10-20-10-2-1|a50|s161|it0|repair5g56_counterfactual_static_context,,,True,False,0,warehouse-10-20-10-2-1,,1,False,0,4437,2626.7025,False,,,repair5g1_shield_c125_b125_w075_d095_beta0p2_max0p5,161,1000,9844,14650fb0739d0383
50,repair5g1_shield_c125_b125_w075_d095_beta0p35_max0p75,True,warehouse-10-20-10-2-1|a50|s161|it0|repair5g56_counterfactual_static_context,,,True,False,0,warehouse-10-20-10-2-1,,1,False,0,4437,2293.9676,False,,,repair5g1_shield_c125_b125_w075_d095_beta0p35_max0p75,161,1000,9844,14650fb0739d0383
50,additive_ltm,True,warehouse-10-20-10-2-1|a50|s162|it0|repair5g56_counterfactual_static_context,,,True,False,0,warehouse-10-20-10-2-1,,1,False,0,4074,1341.8872,False,,,additive_ltm,162,1000,9932,14650fb0739d0383
50,repair5g2_best_frozen_static_candidate,True,warehouse-10-20-10-2-1|a50|s162|it0|repair5g56_counterfactual_static_context,,,True,False,0,warehouse-10-20-10-2-1,,1,False,0,4074,2547.9021,False,,,repair5g1_shield_c125_b125_w075_d095_beta0p35_max0p75,162,1000,9932,14650fb0739d0383
50,repair5g2_frozen_static_or_selector,True,warehouse-10-20-10-2-1|a50|s162|it0|repair5g56_counterfactual_static_context,,,True,False,0,warehouse-10-20-10-2-1,,1,False,0,4074,1231.8025,False,,,repair5g_dual_c_equiv_c100_b100_w075_d095,162,1000,9932,14650fb0739d0383
50,repair5g2_c_equiv_best_frozen_baseline,True,warehouse-10-20-10-2-1|a50|s162|it0|repair5g56_counterfactual_static_context,,,True,False,0,warehouse-10-20-10-2-1,,1,False,0,4074,1528.1531,False,,,repair5g_dual_c_equiv_c100_b100_w075_d100,162,1000,9932,14650fb0739d0383
50,repair5g1_shield_c100_b125_w075_d100_beta0p35_max0p75,True,warehouse-10-20-10-2-1|a50|s162|it0|repair5g56_counterfactual_static_context,,,True,False,0,warehouse-10-20-10-2-1,,1,False,0,4074,2146.2143,False,,,repair5g1_shield_c100_b125_w075_d100_beta0p35_max0p75,162,1000,9932,14650fb0739d0383
50,repair5g1_shield_c125_b125_w075_d095_beta0p2_max0p5,True,warehouse-10-20-10-2-1|a50|s162|it0|repair5g56_counterfactual_static_context,,,True,False,0,warehouse-10-20-10-2-1,,1,False,0,4074,2138.0463,False,,,repair5g1_shield_c125_b125_w075_d095_beta0p2_max0p5,162,1000,9932,14650fb0739d0383
50,repair5g1_shield_c125_b125_w075_d095_beta0p35_max0p75,True,warehouse-10-20-10-2-1|a50|s162|it0|repair5g56_counterfactual_static_context,,,True,False,0,warehouse-10-20-10-2-1,,1,False,0,4074,2101.295,False,,,repair5g1_shield_c125_b125_w075_d095_beta0p35_max0p75,162,1000,9932,14650fb0739d0383
50,additive_ltm,True,warehouse-10-20-10-2-1|a50|s163|it0|repair5g56_counterfactual_static_context,,,True,False,0,warehouse-10-20-10-2-1,,1,False,0,4481,1290.8496,False,,,additive_ltm,163,1000,9340,14650fb0739d0383
50,repair5g2_best_frozen_static_candidate,True,warehouse-10-20-10-2-1|a50|s163|it0|repair5g56_counterfactual_static_context,,,True,False,0,warehouse-10-20-10-2-1,,1,False,0,4481,2514.5681,False,,,repair5g1_shield_c125_b125_w075_d095_beta0p35_max0p75,163,1000,9340,14650fb0739d0383
50,repair5g2_frozen_static_or_selector,True,warehouse-10-20-10-2-1|a50|s163|it0|repair5g56_counterfactual_static_context,,,True,False,0,warehouse-10-20-10-2-1,,1,False,0,4481,1232.3208,False,,,repair5g_dual_c_equiv_c100_b100_w075_d095,163,1000,9340,14650fb0739d0383
50,repair5g2_c_equiv_best_frozen_baseline,True,warehouse-10-20-10-2-1|a50|s163|it0|repair5g56_counterfactual_static_context,,,True,False,0,warehouse-10-20-10-2-1,,1,False,0,4481,1340.0601,False,,,repair5g_dual_c_equiv_c100_b100_w075_d100,163,1000,9340,14650fb0739d0383
50,repair5g1_shield_c100_b125_w075_d100_beta0p35_max0p75,True,warehouse-10-20-10-2-1|a50|s163|it0|repair5g56_counterfactual_static_context,,,True,False,0,warehouse-10-20-10-2-1,,1,False,0,4481,2260.1178,False,,,repair5g1_shield_c100_b125_w075_d100_beta0p35_max0p75,163,1000,9340,14650fb0739d0383
50,repair5g1_shield_c125_b125_w075_d095_beta0p2_max0p5,True,warehouse-10-20-10-2-1|a50|s163|it0|repair5g56_counterfactual_static_context,,,True,False,0,warehouse-10-20-10-2-1,,1,False,0,4481,2631.7986,False,,,repair5g1_shield_c125_b125_w075_d095_beta0p2_max0p5,163,1000,9340,14650fb0739d0383
50,repair5g1_shield_c125_b125_w075_d095_beta0p35_max0p75,True,warehouse-10-20-10-2-1|a50|s163|it0|repair5g56_counterfactual_static_context,,,True,False,0,warehouse-10-20-10-2-1,,1,False,0,4481,2370.6333,False,,,repair5g1_shield_c125_b125_w075_d095_beta0p35_max0p75,163,1000,9340,14650fb0739d0383
50,additive_ltm,True,warehouse-10-20-10-2-1|a50|s164|it0|repair5g56_counterfactual_static_context,,,True,False,0,warehouse-10-20-10-2-1,,1,False,0,4694,1172.8278,False,,,additive_ltm,164,1000,9795,14650fb0739d0383
50,repair5g2_best_frozen_static_candidate,True,warehouse-10-20-10-2-1|a50|s164|it0|repair5g56_counterfactual_static_context,,,True,False,0,warehouse-10-20-10-2-1,,1,False,0,4694,2516.7707,False,,,repair5g1_shield_c125_b125_w075_d095_beta0p35_max0p75,164,1000,9795,14650fb0739d0383
50,repair5g2_frozen_static_or_selector,True,warehouse-10-20-10-2-1|a50|s164|it0|repair5g56_counterfactual_static_context,,,True,False,0,warehouse-10-20-10-2-1,,1,False,0,4694,1336.9506,False,,,repair5g_dual_c_equiv_c100_b100_w075_d095,164,1000,9795,14650fb0739d0383
50,repair5g2_c_equiv_best_frozen_baseline,True,warehouse-10-20-10-2-1|a50|s164|it0|repair5g56_counterfactual_static_context,,,True,False,0,warehouse-10-20-10-2-1,,1,False,0,4694,1439.1539,False,,,repair5g_dual_c_equiv_c100_b100_w075_d100,164,1000,9795,14650fb0739d0383
50,repair5g1_shield_c100_b125_w075_d100_beta0p35_max0p75,True,warehouse-10-20-10-2-1|a50|s164|it0|repair5g56_counterfactual_static_context,,,True,False,0,warehouse-10-20-10-2-1,,1,False,0,4694,2385.3153,False,,,repair5g1_shield_c100_b125_w075_d100_beta0p35_max0p75,164,1000,9795,14650fb0739d0383
50,repair5g1_shield_c125_b125_w075_d095_beta0p2_max0p5,True,warehouse-10-20-10-2-1|a50|s164|it0|repair5g56_counterfactual_static_context,,,True,False,0,warehouse-10-20-10-2-1,,1,False,0,4694,2258.6611,False,,,repair5g1_shield_c125_b125_w075_d095_beta0p2_max0p5,164,1000,9795,14650fb0739d0383
50,repair5g1_shield_c125_b125_w075_d095_beta0p35_max0p75,True,warehouse-10-20-10-2-1|a50|s164|it0|repair5g56_counterfactual_static_context,,,True,False,0,warehouse-10-20-10-2-1,,1,False,0,4694,2429.9833,False,,,repair5g1_shield_c125_b125_w075_d095_beta0p35_max0p75,164,1000,9795,14650fb0739d0383
50,additive_ltm,True,warehouse-10-20-10-2-1|a50|s165|it0|repair5g56_counterfactual_static_context,,,True,False,0,warehouse-10-20-10-2-1,,1,False,0,3624,1310.4714,False,,,additive_ltm,165,1000,9404,14650fb0739d0383
50,repair5g2_best_frozen_static_candidate,True,warehouse-10-20-10-2-1|a50|s165|it0|repair5g56_counterfactual_static_context,,,True,False,0,warehouse-10-20-10-2-1,,1,False,0,3624,2256.1172,False,,,repair5g1_shield_c125_b125_w075_d095_beta0p35_max0p75,165,1000,9404,14650fb0739d0383
50,repair5g2_frozen_static_or_selector,True,warehouse-10-20-10-2-1|a50|s165|it0|repair5g56_counterfactual_static_context,,,True,False,0,warehouse-10-20-10-2-1,,1,False,0,3624,1225.5486,False,,,repair5g_dual_c_equiv_c100_b100_w075_d095,165,1000,9404,14650fb0739d0383
50,repair5g2_c_equiv_best_frozen_baseline,True,warehouse-10-20-10-2-1|a50|s165|it0|repair5g56_counterfactual_static_context,,,True,False,0,warehouse-10-20-10-2-1,,1,False,0,3624,1436.7657,False,,,repair5g_dual_c_equiv_c100_b100_w075_d100,165,1000,9404,14650fb0739d0383
50,repair5g1_shield_c100_b125_w075_d100_beta0p35_max0p75,True,warehouse-10-20-10-2-1|a50|s165|it0|repair5g56_counterfactual_static_context,,,True,False,0,warehouse-10-20-10-2-1,,1,False,0,3624,2354.7468,False,,,repair5g1_shield_c100_b125_w075_d100_beta0p35_max0p75,165,1000,9404,14650fb0739d0383
50,repair5g1_shield_c125_b125_w075_d095_beta0p2_max0p5,True,warehouse-10-20-10-2-1|a50|s165|it0|repair5g56_counterfactual_static_context,,,True,False,0,warehouse-10-20-10-2-1,,1,False,0,3624,2298.8691,False,,,repair5g1_shield_c125_b125_w075_d095_beta0p2_max0p5,165,1000,9404,14650fb0739d0383
50,repair5g1_shield_c125_b125_w075_d095_beta0p35_max0p75,True,warehouse-10-20-10-2-1|a50|s165|it0|repair5g56_counterfactual_static_context,,,True,False,0,warehouse-10-20-10-2-1,,1,False,0,3624,2370.3809,False,,,repair5g1_shield_c125_b125_w075_d095_beta0p35_max0p75,165,1000,9404,14650fb0739d0383
100,additive_ltm,True,warehouse-10-20-10-2-1|a100|s156|it0|repair5g56_counterfactual_static_context,,,True,False,0,warehouse-10-20-10-2-1,,1,False,0,8954,2879.3567,False,,,additive_ltm,156,1000,22156,14650fb0739d0383
100,repair5g2_best_frozen_static_candidate,True,warehouse-10-20-10-2-1|a100|s156|it0|repair5g56_counterfactual_static_context,,,True,False,0,warehouse-10-20-10-2-1,,1,False,0,8954,5101.7402,False,,,repair5g1_shield_c125_b125_w075_d095_beta0p35_max0p75,156,1000,22156,14650fb0739d0383
100,repair5g2_frozen_static_or_selector,True,warehouse-10-20-10-2-1|a100|s156|it0|repair5g56_counterfactual_static_context,,,True,False,0,warehouse-10-20-10-2-1,,1,False,0,8954,3253.5579,False,,,repair5g_dual_c_equiv_additive,156,1000,22156,14650fb0739d0383
100,repair5g2_c_equiv_best_frozen_baseline,True,warehouse-10-20-10-2-1|a100|s156|it0|repair5g56_counterfactual_static_context,,,True,False,0,warehouse-10-20-10-2-1,,1,False,0,8954,2839.7946,False,,,repair5g_dual_c_equiv_c100_b100_w075_d100,156,1000,22156,14650fb0739d0383
100,repair5g1_shield_c100_b125_w075_d100_beta0p35_max0p75,True,warehouse-10-20-10-2-1|a100|s156|it0|repair5g56_counterfactual_static_context,,,True,False,0,warehouse-10-20-10-2-1,,1,False,0,8954,4808.3854,False,,,repair5g1_shield_c100_b125_w075_d100_beta0p35_max0p75,156,1000,22156,14650fb0739d0383
100,repair5g1_shield_c125_b125_w075_d095_beta0p2_max0p5,True,warehouse-10-20-10-2-1|a100|s156|it0|repair5g56_counterfactual_static_context,,,True,False,0,warehouse-10-20-10-2-1,,1,False,0,8954,4812.0343,False,,,repair5g1_shield_c125_b125_w075_d095_beta0p2_max0p5,156,1000,22156,14650fb0739d0383
100,repair5g1_shield_c125_b125_w075_d095_beta0p35_max0p75,True,warehouse-10-20-10-2-1|a100|s156|it0|repair5g56_counterfactual_static_context,,,True,False,0,warehouse-10-20-10-2-1,,1,False,0,8954,5021.4987,False,,,repair5g1_shield_c125_b125_w075_d095_beta0p35_max0p75,156,1000,22156,14650fb0739d0383
100,additive_ltm,True,warehouse-10-20-10-2-1|a100|s157|it0|repair5g56_counterfactual_static_context,,,True,False,0,warehouse-10-20-10-2-1,,1,False,0,8174,2766.7411,False,,,additive_ltm,157,1000,21025,14650fb0739d0383
100,repair5g2_best_frozen_static_candidate,True,warehouse-10-20-10-2-1|a100|s157|it0|repair5g56_counterfactual_static_context,,,True,False,0,warehouse-10-20-10-2-1,,1,False,0,8174,4854.5822,False,,,repair5g1_shield_c125_b125_w075_d095_beta0p35_max0p75,157,1000,21025,14650fb0739d0383
100,repair5g2_frozen_static_or_selector,True,warehouse-10-20-10-2-1|a100|s157|it0|repair5g56_counterfactual_static_context,,,True,False,0,warehouse-10-20-10-2-1,,1,False,0,8174,2794.2657,False,,,repair5g_dual_c_equiv_additive,157,1000,21025,14650fb0739d0383
100,repair5g2_c_equiv_best_frozen_baseline,True,warehouse-10-20-10-2-1|a100|s157|it0|repair5g56_counterfactual_static_context,,,True,False,0,warehouse-10-20-10-2-1,,1,False,0,8174,3154.4021,False,,,repair5g_dual_c_equiv_c100_b100_w075_d100,157,1000,21025,14650fb0739d0383
100,repair5g1_shield_c100_b125_w075_d100_beta0p35_max0p75,True,warehouse-10-20-10-2-1|a100|s157|it0|repair5g56_counterfactual_static_context,,,True,False,0,warehouse-10-20-10-2-1,,1,False,0,8174,4668.4282,False,,,repair5g1_shield_c100_b125_w075_d100_beta0p35_max0p75,157,1000,21025,14650fb0739d0383
100,repair5g1_shield_c125_b125_w075_d095_beta0p2_max0p5,True,warehouse-10-20-10-2-1|a100|s157|it0|repair5g56_counterfactual_static_context,,,True,False,0,warehouse-10-20-10-2-1,,1,False,0,8174,4481.3693,False,,,repair5g1_shield_c125_b125_w075_d095_beta0p2_max0p5,157,1000,21025,14650fb0739d0383
100,repair5g1_shield_c125_b125_w075_d095_beta0p35_max0p75,True,warehouse-10-20-10-2-1|a100|s157|it0|repair5g56_counterfactual_static_context,,,True,False,0,warehouse-10-20-10-2-1,,1,False,0,8174,4903.5016,False,,,repair5g1_shield_c125_b125_w075_d095_beta0p35_max0p75,157,1000,21025,14650fb0739d0383
100,additive_ltm,True,warehouse-10-20-10-2-1|a100|s158|it0|repair5g56_counterfactual_static_context,,,True,False,0,warehouse-10-20-10-2-1,,1,False,0,8303,3094.6615,False,,,additive_ltm,158,1000,20206,14650fb0739d0383
100,repair5g2_best_frozen_static_candidate,True,warehouse-10-20-10-2-1|a100|s158|it0|repair5g56_counterfactual_static_context,,,True,False,0,warehouse-10-20-10-2-1,,1,False,0,8303,4819.0748,False,,,repair5g1_shield_c125_b125_w075_d095_beta0p35_max0p75,158,1000,20206,14650fb0739d0383
100,repair5g2_frozen_static_or_selector,True,warehouse-10-20-10-2-1|a100|s158|it0|repair5g56_counterfactual_static_context,,,True,False,0,warehouse-10-20-10-2-1,,1,False,0,8303,3030.4157,False,,,repair5g_dual_c_equiv_additive,158,1000,20206,14650fb0739d0383
100,repair5g2_c_equiv_best_frozen_baseline,True,warehouse-10-20-10-2-1|a100|s158|it0|repair5g56_counterfactual_static_context,,,True,False,0,warehouse-10-20-10-2-1,,1,False,0,8303,2561.3498,False,,,repair5g_dual_c_equiv_c100_b100_w075_d100,158,1000,20206,14650fb0739d0383
100,repair5g1_shield_c100_b125_w075_d100_beta0p35_max0p75,True,warehouse-10-20-10-2-1|a100|s158|it0|repair5g56_counterfactual_static_context,,,True,False,0,warehouse-10-20-10-2-1,,1,False,0,8303,4446.517,False,,,repair5g1_shield_c100_b125_w075_d100_beta0p35_max0p75,158,1000,20206,14650fb0739d0383
100,repair5g1_shield_c125_b125_w075_d095_beta0p2_max0p5,True,warehouse-10-20-10-2-1|a100|s158|it0|repair5g56_counterfactual_static_context,,,True,False,0,warehouse-10-20-10-2-1,,1,False,0,8303,4473.2201,False,,,repair5g1_shield_c125_b125_w075_d095_beta0p2_max0p5,158,1000,20206,14650fb0739d0383
100,repair5g1_shield_c125_b125_w075_d095_beta0p35_max0p75,True,warehouse-10-20-10-2-1|a100|s158|it0|repair5g56_counterfactual_static_context,,,True,False,0,warehouse-10-20-10-2-1,,1,False,0,8303,4812.6423,False,,,repair5g1_shield_c125_b125_w075_d095_beta0p35_max0p75,158,1000,20206,14650fb0739d0383
100,additive_ltm,True,warehouse-10-20-10-2-1|a100|s159|it0|repair5g56_counterfactual_static_context,,,True,False,0,warehouse-10-20-10-2-1,,1,False,0,14126,2735.4927,False,,,additive_ltm,159,1000,19475,14650fb0739d0383
100,repair5g2_best_frozen_static_candidate,True,warehouse-10-20-10-2-1|a100|s159|it0|repair5g56_counterfactual_static_context,,,True,False,0,warehouse-10-20-10-2-1,,1,False,0,14126,4942.5334,False,,,repair5g1_shield_c125_b125_w075_d095_beta0p35_max0p75,159,1000,19475,14650fb0739d0383
100,repair5g2_frozen_static_or_selector,True,warehouse-10-20-10-2-1|a100|s159|it0|repair5g56_counterfactual_static_context,,,True,False,0,warehouse-10-20-10-2-1,,1,False,0,14126,2970.0638,False,,,repair5g_dual_c_equiv_additive,159,1000,19475,14650fb0739d0383
100,repair5g2_c_equiv_best_frozen_baseline,True,warehouse-10-20-10-2-1|a100|s159|it0|repair5g56_counterfactual_static_context,,,True,False,0,warehouse-10-20-10-2-1,,1,False,0,14126,2704.9787,False,,,repair5g_dual_c_equiv_c100_b100_w075_d100,159,1000,19475,14650fb0739d0383
100,repair5g1_shield_c100_b125_w075_d100_beta0p35_max0p75,True,warehouse-10-20-10-2-1|a100|s159|it0|repair5g56_counterfactual_static_context,,,True,False,0,warehouse-10-20-10-2-1,,1,False,0,14126,4823.6249,False,,,repair5g1_shield_c100_b125_w075_d100_beta0p35_max0p75,159,1000,19475,14650fb0739d0383
100,repair5g1_shield_c125_b125_w075_d095_beta0p2_max0p5,True,warehouse-10-20-10-2-1|a100|s159|it0|repair5g56_counterfactual_static_context,,,True,False,0,warehouse-10-20-10-2-1,,1,False,0,14126,4647.6313,False,,,repair5g1_shield_c125_b125_w075_d095_beta0p2_max0p5,159,1000,19475,14650fb0739d0383
100,repair5g1_shield_c125_b125_w075_d095_beta0p35_max0p75,True,warehouse-10-20-10-2-1|a100|s159|it0|repair5g56_counterfactual_static_context,,,True,False,0,warehouse-10-20-10-2-1,,1,False,0,14126,4931.7424,False,,,repair5g1_shield_c125_b125_w075_d095_beta0p35_max0p75,159,1000,19475,14650fb0739d0383
100,additive_ltm,True,warehouse-10-20-10-2-1|a100|s160|it0|repair5g56_counterfactual_static_context,,,True,False,0,warehouse-10-20-10-2-1,,1,False,0,7368,2702.7912,False,,,additive_ltm,160,1000,19248,14650fb0739d0383
100,repair5g2_best_frozen_static_candidate,True,warehouse-10-20-10-2-1|a100|s160|it0|repair5g56_counterfactual_static_context,,,True,False,0,warehouse-10-20-10-2-1,,1,False,0,7368,4981.231,False,,,repair5g1_shield_c125_b125_w075_d095_beta0p35_max0p75,160,1000,19248,14650fb0739d0383
100,repair5g2_frozen_static_or_selector,True,warehouse-10-20-10-2-1|a100|s160|it0|repair5g56_counterfactual_static_context,,,True,False,0,warehouse-10-20-10-2-1,,1,False,0,7368,3069.2524,False,,,repair5g_dual_c_equiv_additive,160,1000,19248,14650fb0739d0383
100,repair5g2_c_equiv_best_frozen_baseline,True,warehouse-10-20-10-2-1|a100|s160|it0|repair5g56_counterfactual_static_context,,,True,False,0,warehouse-10-20-10-2-1,,1,False,0,7368,2650.7301,False,,,repair5g_dual_c_equiv_c100_b100_w075_d100,160,1000,19248,14650fb0739d0383
100,repair5g1_shield_c100_b125_w075_d100_beta0p35_max0p75,True,warehouse-10-20-10-2-1|a100|s160|it0|repair5g56_counterfactual_static_context,,,True,False,0,warehouse-10-20-10-2-1,,1,False,0,7368,4921.6981,False,,,repair5g1_shield_c100_b125_w075_d100_beta0p35_max0p75,160,1000,19248,14650fb0739d0383
100,repair5g1_shield_c125_b125_w075_d095_beta0p2_max0p5,True,warehouse-10-20-10-2-1|a100|s160|it0|repair5g56_counterfactual_static_context,,,True,False,0,warehouse-10-20-10-2-1,,1,False,0,7368,4591.6418,False,,,repair5g1_shield_c125_b125_w075_d095_beta0p2_max0p5,160,1000,19248,14650fb0739d0383
100,repair5g1_shield_c125_b125_w075_d095_beta0p35_max0p75,True,warehouse-10-20-10-2-1|a100|s160|it0|repair5g56_counterfactual_static_context,,,True,False,0,warehouse-10-20-10-2-1,,1,False,0,7368,4887.9761,False,,,repair5g1_shield_c125_b125_w075_d095_beta0p35_max0p75,160,1000,19248,14650fb0739d0383
100,additive_ltm,True,warehouse-10-20-10-2-1|a100|s161|it0|repair5g56_counterfactual_static_context,,,True,False,0,warehouse-10-20-10-2-1,,1,False,0,8741,2788.6606,False,,,additive_ltm,161,1000,23273,14650fb0739d0383
100,repair5g2_best_frozen_static_candidate,True,warehouse-10-20-10-2-1|a100|s161|it0|repair5g56_counterfactual_static_context,,,True,False,0,warehouse-10-20-10-2-1,,1,False,0,8741,5086.9734,False,,,repair5g1_shield_c125_b125_w075_d095_beta0p35_max0p75,161,1000,23273,14650fb0739d0383
100,repair5g2_frozen_static_or_selector,True,warehouse-10-20-10-2-1|a100|s161|it0|repair5g56_counterfactual_static_context,,,True,False,0,warehouse-10-20-10-2-1,,1,False,0,8741,3000.2423,False,,,repair5g_dual_c_equiv_additive,161,1000,23273,14650fb0739d0383
100,repair5g2_c_equiv_best_frozen_baseline,True,warehouse-10-20-10-2-1|a100|s161|it0|repair5g56_counterfactual_static_context,,,True,False,0,warehouse-10-20-10-2-1,,1,False,0,8741,2861.0642,False,,,repair5g_dual_c_equiv_c100_b100_w075_d100,161,1000,23273,14650fb0739d0383
100,repair5g1_shield_c100_b125_w075_d100_beta0p35_max0p75,True,warehouse-10-20-10-2-1|a100|s161|it0|repair5g56_counterfactual_static_context,,,True,False,0,warehouse-10-20-10-2-1,,1,False,0,8741,4844.8262,False,,,repair5g1_shield_c100_b125_w075_d100_beta0p35_max0p75,161,1000,23273,14650fb0739d0383
100,repair5g1_shield_c125_b125_w075_d095_beta0p2_max0p5,True,warehouse-10-20-10-2-1|a100|s161|it0|repair5g56_counterfactual_static_context,,,True,False,0,warehouse-10-20-10-2-1,,1,False,0,8741,4864.5128,False,,,repair5g1_shield_c125_b125_w075_d095_beta0p2_max0p5,161,1000,23273,14650fb0739d0383
100,repair5g1_shield_c125_b125_w075_d095_beta0p35_max0p75,True,warehouse-10-20-10-2-1|a100|s161|it0|repair5g56_counterfactual_static_context,,,True,False,0,warehouse-10-20-10-2-1,,1,False,0,8741,5019.1666,False,,,repair5g1_shield_c125_b125_w075_d095_beta0p35_max0p75,161,1000,23273,14650fb0739d0383
100,additive_ltm,True,warehouse-10-20-10-2-1|a100|s162|it0|repair5g56_counterfactual_static_context,,,True,False,0,warehouse-10-20-10-2-1,,1,False,0,8043,2935.7901,False,,,additive_ltm,162,1000,21089,14650fb0739d0383
100,repair5g2_best_frozen_static_candidate,True,warehouse-10-20-10-2-1|a100|s162|it0|repair5g56_counterfactual_static_context,,,True,False,0,warehouse-10-20-10-2-1,,1,False,0,8043,4987.3288,False,,,repair5g1_shield_c125_b125_w075_d095_beta0p35_max0p75,162,1000,21089,14650fb0739d0383
100,repair5g2_frozen_static_or_selector,True,warehouse-10-20-10-2-1|a100|s162|it0|repair5g56_counterfactual_static_context,,,True,False,0,warehouse-10-20-10-2-1,,1,False,0,8043,3057.8136,False,,,repair5g_dual_c_equiv_additive,162,1000,21089,14650fb0739d0383
100,repair5g2_c_equiv_best_frozen_baseline,True,warehouse-10-20-10-2-1|a100|s162|it0|repair5g56_counterfactual_static_context,,,True,False,0,warehouse-10-20-10-2-1,,1,False,0,8043,2954.4572,False,,,repair5g_dual_c_equiv_c100_b100_w075_d100,162,1000,21089,14650fb0739d0383
100,repair5g1_shield_c100_b125_w075_d100_beta0p35_max0p75,True,warehouse-10-20-10-2-1|a100|s162|it0|repair5g56_counterfactual_static_context,,,True,False,0,warehouse-10-20-10-2-1,,1,False,0,8043,4615.7941,False,,,repair5g1_shield_c100_b125_w075_d100_beta0p35_max0p75,162,1000,21089,14650fb0739d0383
100,repair5g1_shield_c125_b125_w075_d095_beta0p2_max0p5,True,warehouse-10-20-10-2-1|a100|s162|it0|repair5g56_counterfactual_static_context,,,True,False,0,warehouse-10-20-10-2-1,,1,False,0,8043,4300.8044,False,,,repair5g1_shield_c125_b125_w075_d095_beta0p2_max0p5,162,1000,21089,14650fb0739d0383
100,repair5g1_shield_c125_b125_w075_d095_beta0p35_max0p75,True,warehouse-10-20-10-2-1|a100|s162|it0|repair5g56_counterfactual_static_context,,,True,False,0,warehouse-10-20-10-2-1,,1,False,0,8043,4588.7889,False,,,repair5g1_shield_c125_b125_w075_d095_beta0p35_max0p75,162,1000,21089,14650fb0739d0383
100,additive_ltm,True,warehouse-10-20-10-2-1|a100|s163|it0|repair5g56_counterfactual_static_context,,,True,False,0,warehouse-10-20-10-2-1,,1,False,0,8721,2865.7672,False,,,additive_ltm,163,1000,23342,14650fb0739d0383
100,repair5g2_best_frozen_static_candidate,True,warehouse-10-20-10-2-1|a100|s163|it0|repair5g56_counterfactual_static_context,,,True,False,0,warehouse-10-20-10-2-1,,1,False,0,8721,4817.8066,False,,,repair5g1_shield_c125_b125_w075_d095_beta0p35_max0p75,163,1000,23342,14650fb0739d0383
100,repair5g2_frozen_static_or_selector,True,warehouse-10-20-10-2-1|a100|s163|it0|repair5g56_counterfactual_static_context,,,True,False,0,warehouse-10-20-10-2-1,,1,False,0,8721,3040.3719,False,,,repair5g_dual_c_equiv_additive,163,1000,23342,14650fb0739d0383
100,repair5g2_c_equiv_best_frozen_baseline,True,warehouse-10-20-10-2-1|a100|s163|it0|repair5g56_counterfactual_static_context,,,True,False,0,warehouse-10-20-10-2-1,,1,False,0,8721,2906.704,False,,,repair5g_dual_c_equiv_c100_b100_w075_d100,163,1000,23342,14650fb0739d0383
100,repair5g1_shield_c100_b125_w075_d100_beta0p35_max0p75,True,warehouse-10-20-10-2-1|a100|s163|it0|repair5g56_counterfactual_static_context,,,True,False,0,warehouse-10-20-10-2-1,,1,False,0,8721,4699.3775,False,,,repair5g1_shield_c100_b125_w075_d100_beta0p35_max0p75,163,1000,23342,14650fb0739d0383
100,repair5g1_shield_c125_b125_w075_d095_beta0p2_max0p5,True,warehouse-10-20-10-2-1|a100|s163|it0|repair5g56_counterfactual_static_context,,,True,False,0,warehouse-10-20-10-2-1,,1,False,0,8721,4416.278,False,,,repair5g1_shield_c125_b125_w075_d095_beta0p2_max0p5,163,1000,23342,14650fb0739d0383
100,repair5g1_shield_c125_b125_w075_d095_beta0p35_max0p75,True,warehouse-10-20-10-2-1|a100|s163|it0|repair5g56_counterfactual_static_context,,,True,False,0,warehouse-10-20-10-2-1,,1,False,0,8721,4709.5799,False,,,repair5g1_shield_c125_b125_w075_d095_beta0p35_max0p75,163,1000,23342,14650fb0739d0383
100,additive_ltm,True,warehouse-10-20-10-2-1|a100|s164|it0|repair5g56_counterfactual_static_context,,,True,False,0,warehouse-10-20-10-2-1,,1,False,0,8853,3219.2273,False,,,additive_ltm,164,1000,21012,14650fb0739d0383
100,repair5g2_best_frozen_static_candidate,True,warehouse-10-20-10-2-1|a100|s164|it0|repair5g56_counterfactual_static_context,,,True,False,0,warehouse-10-20-10-2-1,,1,False,0,8853,5479.8346,False,,,repair5g1_shield_c125_b125_w075_d095_beta0p35_max0p75,164,1000,21012,14650fb0739d0383
100,repair5g2_frozen_static_or_selector,True,warehouse-10-20-10-2-1|a100|s164|it0|repair5g56_counterfactual_static_context,,,True,False,0,warehouse-10-20-10-2-1,,1,False,0,8853,3056.6122,False,,,repair5g_dual_c_equiv_additive,164,1000,21012,14650fb0739d0383
100,repair5g2_c_equiv_best_frozen_baseline,True,warehouse-10-20-10-2-1|a100|s164|it0|repair5g56_counterfactual_static_context,,,True,False,0,warehouse-10-20-10-2-1,,1,False,0,8853,3135.4232,False,,,repair5g_dual_c_equiv_c100_b100_w075_d100,164,1000,21012,14650fb0739d0383
100,repair5g1_shield_c100_b125_w075_d100_beta0p35_max0p75,True,warehouse-10-20-10-2-1|a100|s164|it0|repair5g56_counterfactual_static_context,,,True,False,0,warehouse-10-20-10-2-1,,1,False,0,8853,5624.534,False,,,repair5g1_shield_c100_b125_w075_d100_beta0p35_max0p75,164,1000,21012,14650fb0739d0383
100,repair5g1_shield_c125_b125_w075_d095_beta0p2_max0p5,True,warehouse-10-20-10-2-1|a100|s164|it0|repair5g56_counterfactual_static_context,,,True,False,0,warehouse-10-20-10-2-1,,1,False,0,8853,5483.3171,False,,,repair5g1_shield_c125_b125_w075_d095_beta0p2_max0p5,164,1000,21012,14650fb0739d0383
100,repair5g1_shield_c125_b125_w075_d095_beta0p35_max0p75,True,warehouse-10-20-10-2-1|a100|s164|it0|repair5g56_counterfactual_static_context,,,True,False,0,warehouse-10-20-10-2-1,,1,False,0,8853,5238.7038,False,,,repair5g1_shield_c125_b125_w075_d095_beta0p35_max0p75,164,1000,21012,14650fb0739d0383
100,additive_ltm,True,warehouse-10-20-10-2-1|a100|s165|it0|repair5g56_counterfactual_static_context,,,True,False,0,warehouse-10-20-10-2-1,,1,False,0,7683,3184.3545,False,,,additive_ltm,165,1000,21629,14650fb0739d0383
100,repair5g2_best_frozen_static_candidate,True,warehouse-10-20-10-2-1|a100|s165|it0|repair5g56_counterfactual_static_context,,,True,False,0,warehouse-10-20-10-2-1,,1,False,0,7683,5316.5638,False,,,repair5g1_shield_c125_b125_w075_d095_beta0p35_max0p75,165,1000,21629,14650fb0739d0383
100,repair5g2_frozen_static_or_selector,True,warehouse-10-20-10-2-1|a100|s165|it0|repair5g56_counterfactual_static_context,,,True,False,0,warehouse-10-20-10-2-1,,1,False,0,7683,3138.4503,False,,,repair5g_dual_c_equiv_additive,165,1000,21629,14650fb0739d0383
100,repair5g2_c_equiv_best_frozen_baseline,True,warehouse-10-20-10-2-1|a100|s165|it0|repair5g56_counterfactual_static_context,,,True,False,0,warehouse-10-20-10-2-1,,1,False,0,7683,3277.0069,False,,,repair5g_dual_c_equiv_c100_b100_w075_d100,165,1000,21629,14650fb0739d0383
100,repair5g1_shield_c100_b125_w075_d100_beta0p35_max0p75,True,warehouse-10-20-10-2-1|a100|s165|it0|repair5g56_counterfactual_static_context,,,True,False,0,warehouse-10-20-10-2-1,,1,False,0,7683,5100.0977,False,,,repair5g1_shield_c100_b125_w075_d100_beta0p35_max0p75,165,1000,21629,14650fb0739d0383
100,repair5g1_shield_c125_b125_w075_d095_beta0p2_max0p5,True,warehouse-10-20-10-2-1|a100|s165|it0|repair5g56_counterfactual_static_context,,,True,False,0,warehouse-10-20-10-2-1,,1,False,0,7683,5425.0179,False,,,repair5g1_shield_c125_b125_w075_d095_beta0p2_max0p5,165,1000,21629,14650fb0739d0383
100,repair5g1_shield_c125_b125_w075_d095_beta0p35_max0p75,True,warehouse-10-20-10-2-1|a100|s165|it0|repair5g56_counterfactual_static_context,,,True,False,0,warehouse-10-20-10-2-1,,1,False,0,7683,5097.7264,False,,,repair5g1_shield_c125_b125_w075_d095_beta0p35_max0p75,165,1000,21629,14650fb0739d0383
50,additive_ltm,True,maze-32-32-4|a50|s146|it0|repair5g55_counterfactual_static_context,0,0.0239064089522,True,False,0,maze-32-32-4,-0.0203458799593,88,True,4350,1966,191.5827,True,2367,1.20396744659,additive_ltm,146,1000,4594,14650fb0739d0383
50,repair5g2_best_frozen_static_candidate,True,maze-32-32-4|a50|s146|it0|repair5g55_counterfactual_static_context,-0.0239064089522,0,True,False,0,maze-32-32-4,-0.0203458799593,88,True,4350,1966,281.5082,True,2320,1.18006103764,repair5g1_shield_c125_b125_w075_d095_beta0p35_max0p75,146,1000,4594,14650fb0739d0383
50,repair5g2_frozen_static_or_selector,True,maze-32-32-4|a50|s146|it0|repair5g55_counterfactual_static_context,-0.0239064089522,0,True,False,0,maze-32-32-4,-0.0203458799593,88,True,4350,1966,283.1783,True,2320,1.18006103764,repair5g1_shield_c125_b125_w075_d095_beta0p35_max0p75,146,1000,4594,14650fb0739d0383
50,repair5g2_c_equiv_best_frozen_baseline,True,maze-32-32-4|a50|s146|it0|repair5g55_counterfactual_static_context,0,0.0239064089522,True,False,0,maze-32-32-4,-0.0203458799593,88,True,4350,1966,198.8827,True,2367,1.20396744659,repair5g_dual_c_equiv_c100_b100_w075_d100,146,1000,4594,14650fb0739d0383
50,repair5g1_shield_c100_b125_w075_d100_beta0p35_max0p75,True,maze-32-32-4|a50|s146|it0|repair5g55_counterfactual_static_context,-0.0442522889115,-0.0203458799593,True,True,0,maze-32-32-4,-0.0203458799593,88,True,4350,1966,260.1757,True,2280,1.15971515768,repair5g1_shield_c100_b125_w075_d100_beta0p35_max0p75,146,1000,4594,14650fb0739d0383
50,repair5g1_shield_c125_b125_w075_d095_beta0p2_max0p5,True,maze-32-32-4|a50|s146|it0|repair5g55_counterfactual_static_context,0.00966429298067,0.0335707019329,True,False,0,maze-32-32-4,-0.0203458799593,88,True,4350,1966,256.524,True,2386,1.21363173957,repair5g1_shield_c125_b125_w075_d095_beta0p2_max0p5,146,1000,4594,14650fb0739d0383
50,repair5g1_shield_c125_b125_w075_d095_beta0p35_max0p75,True,maze-32-32-4|a50|s146|it0|repair5g55_counterfactual_static_context,-0.0239064089522,0,True,False,0,maze-32-32-4,-0.0203458799593,88,True,4350,1966,254.2305,True,2320,1.18006103764,repair5g1_shield_c125_b125_w075_d095_beta0p35_max0p75,146,1000,4594,14650fb0739d0383
50,additive_ltm,True,maze-32-32-4|a50|s147|it0|repair5g55_counterfactual_static_context,0,0.0270394133822,True,False,0,maze-32-32-4,-0.000458295142072,104,True,5150,2182,209.4232,True,2669,1.22318973419,additive_ltm,147,1000,4999,14650fb0739d0383
50,repair5g2_best_frozen_static_candidate,True,maze-32-32-4|a50|s147|it0|repair5g55_counterfactual_static_context,-0.0270394133822,0,True,False,0,maze-32-32-4,-0.000458295142072,100,True,4950,2182,269.3263,True,2610,1.19615032081,repair5g1_shield_c125_b125_w075_d095_beta0p35_max0p75,147,1000,4999,14650fb0739d0383
50,repair5g2_frozen_static_or_selector,True,maze-32-32-4|a50|s147|it0|repair5g55_counterfactual_static_context,-0.0270394133822,0,True,False,0,maze-32-32-4,-0.000458295142072,100,True,4950,2182,300.5283,True,2610,1.19615032081,repair5g1_shield_c125_b125_w075_d095_beta0p35_max0p75,147,1000,4999,14650fb0739d0383
50,repair5g2_c_equiv_best_frozen_baseline,True,maze-32-32-4|a50|s147|it0|repair5g55_counterfactual_static_context,0,0.0270394133822,True,False,0,maze-32-32-4,-0.000458295142072,104,True,5150,2182,186.8332,True,2669,1.22318973419,repair5g_dual_c_equiv_c100_b100_w075_d100,147,1000,4999,14650fb0739d0383
50,repair5g1_shield_c100_b125_w075_d100_beta0p35_max0p75,True,maze-32-32-4|a50|s147|it0|repair5g55_counterfactual_static_context,-0.0274977085243,-0.000458295142072,True,True,0,maze-32-32-4,-0.000458295142072,100,True,4950,2182,262.619,True,2609,1.19569202566,repair5g1_shield_c100_b125_w075_d100_beta0p35_max0p75,147,1000,4999,14650fb0739d0383
50,repair5g1_shield_c125_b125_w075_d095_beta0p2_max0p5,True,maze-32-32-4|a50|s147|it0|repair5g55_counterfactual_static_context,-0.0265811182401,0.000458295142071,True,False,0,maze-32-32-4,-0.000458295142072,100,True,4950,2182,266.8049,True,2611,1.19660861595,repair5g1_shield_c125_b125_w075_d095_beta0p2_max0p5,147,1000,4999,14650fb0739d0383
50,repair5g1_shield_c125_b125_w075_d095_beta0p35_max0p75,True,maze-32-32-4|a50|s147|it0|repair5g55_counterfactual_static_context,-0.0270394133822,0,True,False,0,maze-32-32-4,-0.000458295142072,100,True,4950,2182,262.695,True,2610,1.19615032081,repair5g1_shield_c125_b125_w075_d095_beta0p35_max0p75,147,1000,4999,14650fb0739d0383
50,additive_ltm,True,maze-32-32-4|a50|s148|it0|repair5g55_counterfactual_static_context,0,-0.000516262261229,True,False,0,maze-32-32-4,-0.036138358286,151,True,7500,1937,224.4275,True,2404,1.24109447599,additive_ltm,148,1000,5128,14650fb0739d0383
50,repair5g2_best_frozen_static_candidate,True,maze-32-32-4|a50|s148|it0|repair5g55_counterfactual_static_context,0.000516262261229,0,True,False,0,maze-32-32-4,-0.036138358286,147,True,7300,1937,276.9589,True,2405,1.24161073826,repair5g1_shield_c125_b125_w075_d095_beta0p35_max0p75,148,1000,5128,14650fb0739d0383
50,repair5g2_frozen_static_or_selector,True,maze-32-32-4|a50|s148|it0|repair5g55_counterfactual_static_context,0.000516262261229,0,True,False,0,maze-32-32-4,-0.036138358286,147,True,7300,1937,295.7615,True,2405,1.24161073826,repair5g1_shield_c125_b125_w075_d095_beta0p35_max0p75,148,1000,5128,14650fb0739d0383
50,repair5g2_c_equiv_best_frozen_baseline,True,maze-32-32-4|a50|s148|it0|repair5g55_counterfactual_static_context,0,-0.000516262261229,True,False,0,maze-32-32-4,-0.036138358286,151,True,7500,1937,204.6269,True,2404,1.24109447599,repair5g_dual_c_equiv_c100_b100_w075_d100,148,1000,5128,14650fb0739d0383
50,repair5g1_shield_c100_b125_w075_d100_beta0p35_max0p75,True,maze-32-32-4|a50|s148|it0|repair5g55_counterfactual_static_context,-0.0356220960248,-0.036138358286,True,True,0,maze-32-32-4,-0.036138358286,143,True,7100,1937,274.3955,True,2335,1.20547237997,repair5g1_shield_c100_b125_w075_d100_beta0p35_max0p75,148,1000,5128,14650fb0739d0383
50,repair5g1_shield_c125_b125_w075_d095_beta0p2_max0p5,True,maze-32-32-4|a50|s148|it0|repair5g55_counterfactual_static_context,-0.024780588539,-0.0252968508002,True,False,0,maze-32-32-4,-0.036138358286,147,True,7300,1937,283.2627,True,2356,1.21631388745,repair5g1_shield_c125_b125_w075_d095_beta0p2_max0p5,148,1000,5128,14650fb0739d0383
50,repair5g1_shield_c125_b125_w075_d095_beta0p35_max0p75,True,maze-32-32-4|a50|s148|it0|repair5g55_counterfactual_static_context,0.000516262261229,0,True,False,0,maze-32-32-4,-0.036138358286,147,True,7300,1937,283.7455,True,2405,1.24161073826,repair5g1_shield_c125_b125_w075_d095_beta0p35_max0p75,148,1000,5128,14650fb0739d0383
50,additive_ltm,True,maze-32-32-4|a50|s149|it0|repair5g55_counterfactual_static_context,0,0.0616113744076,True,False,0,maze-32-32-4,-0.0173775671406,116,True,5750,1899,189.1979,True,2334,1.22906793049,additive_ltm,149,1000,5592,14650fb0739d0383
50,repair5g2_best_frozen_static_candidate,True,maze-32-32-4|a50|s149|it0|repair5g55_counterfactual_static_context,-0.0616113744076,0,True,False,0,maze-32-32-4,-0.0173775671406,112,True,5550,1899,273.5905,True,2217,1.16745655608,repair5g1_shield_c125_b125_w075_d095_beta0p35_max0p75,149,1000,5592,14650fb0739d0383
50,repair5g2_frozen_static_or_selector,True,maze-32-32-4|a50|s149|it0|repair5g55_counterfactual_static_context,-0.0616113744076,0,True,False,0,maze-32-32-4,-0.0173775671406,112,True,5550,1899,274.4545,True,2217,1.16745655608,repair5g1_shield_c125_b125_w075_d095_beta0p35_max0p75,149,1000,5592,14650fb0739d0383
50,repair5g2_c_equiv_best_frozen_baseline,True,maze-32-32-4|a50|s149|it0|repair5g55_counterfactual_static_context,0,0.0616113744076,True,False,0,maze-32-32-4,-0.0173775671406,116,True,5750,1899,190.179,True,2334,1.22906793049,repair5g_dual_c_equiv_c100_b100_w075_d100,149,1000,5592,14650fb0739d0383
50,repair5g1_shield_c100_b125_w075_d100_beta0p35_max0p75,True,maze-32-32-4|a50|s149|it0|repair5g55_counterfactual_static_context,-0.0789889415482,-0.0173775671406,True,True,0,maze-32-32-4,-0.0173775671406,112,True,5550,1899,272.9434,True,2184,1.15007898894,repair5g1_shield_c100_b125_w075_d100_beta0p35_max0p75,149,1000,5592,14650fb0739d0383
50,repair5g1_shield_c125_b125_w075_d095_beta0p2_max0p5,True,maze-32-32-4|a50|s149|it0|repair5g55_counterfactual_static_context,-0.0215903106898,0.0400210637177,True,False,0,maze-32-32-4,-0.0173775671406,112,True,5550,1899,269.237,True,2293,1.2074776198,repair5g1_shield_c125_b125_w075_d095_beta0p2_max0p5,149,1000,5592,14650fb0739d0383
50,repair5g1_shield_c125_b125_w075_d095_beta0p35_max0p75,True,maze-32-32-4|a50|s149|it0|repair5g55_counterfactual_static_context,-0.0616113744076,0,True,False,0,maze-32-32-4,-0.0173775671406,112,True,5550,1899,264.5294,True,2217,1.16745655608,repair5g1_shield_c125_b125_w075_d095_beta0p35_max0p75,149,1000,5592,14650fb0739d0383
50,additive_ltm,True,maze-32-32-4|a50|s150|it0|repair5g55_counterfactual_static_context,0,0.0725714285714,True,False,0,maze-32-32-4,0,111,True,5499,1750,205.3578,True,2177,1.244,additive_ltm,150,1000,5449,14650fb0739d0383
50,repair5g2_best_frozen_static_candidate,True,maze-32-32-4|a50|s150|it0|repair5g55_counterfactual_static_context,-0.0725714285714,0,True,True,0,maze-32-32-4,0,105,True,5200,1750,266.5654,True,2050,1.17142857143,repair5g1_shield_c125_b125_w075_d095_beta0p35_max0p75,150,1000,5449,14650fb0739d0383
50,repair5g2_frozen_static_or_selector,True,maze-32-32-4|a50|s150|it0|repair5g55_counterfactual_static_context,-0.0725714285714,0,True,False,0,maze-32-32-4,0,105,True,5200,1750,278.2103,True,2050,1.17142857143,repair5g1_shield_c125_b125_w075_d095_beta0p35_max0p75,150,1000,5449,14650fb0739d0383
50,repair5g2_c_equiv_best_frozen_baseline,True,maze-32-32-4|a50|s150|it0|repair5g55_counterfactual_static_context,0,0.0725714285714,True,False,0,maze-32-32-4,0,111,True,5499,1750,190.0033,True,2177,1.244,repair5g_dual_c_equiv_c100_b100_w075_d100,150,1000,5449,14650fb0739d0383
50,repair5g1_shield_c100_b125_w075_d100_beta0p35_max0p75,True,maze-32-32-4|a50|s150|it0|repair5g55_counterfactual_static_context,-0.0628571428571,0.00971428571429,True,False,0,maze-32-32-4,0,105,True,5200,1750,254.3772,True,2067,1.18114285714,repair5g1_shield_c100_b125_w075_d100_beta0p35_max0p75,150,1000,5449,14650fb0739d0383
50,repair5g1_shield_c125_b125_w075_d095_beta0p2_max0p5,True,maze-32-32-4|a50|s150|it0|repair5g55_counterfactual_static_context,-0.0228571428571,0.0497142857143,True,False,0,maze-32-32-4,0,105,True,5199,1750,271.2708,True,2137,1.22114285714,repair5g1_shield_c125_b125_w075_d095_beta0p2_max0p5,150,1000,5449,14650fb0739d0383
50,repair5g1_shield_c125_b125_w075_d095_beta0p35_max0p75,True,maze-32-32-4|a50|s150|it0|repair5g55_counterfactual_static_context,-0.0725714285714,0,True,False,0,maze-32-32-4,0,105,True,5200,1750,334.3684,True,2050,1.17142857143,repair5g1_shield_c125_b125_w075_d095_beta0p35_max0p75,150,1000,5449,14650fb0739d0383
50,additive_ltm,True,maze-32-32-4|a50|s151|it0|repair5g55_counterfactual_static_context,0,0.0943106099436,True,False,0,maze-32-32-4,0,130,True,6450,1951,201.6873,True,2438,1.24961558175,additive_ltm,151,1000,5073,14650fb0739d0383
50,repair5g2_best_frozen_static_candidate,True,maze-32-32-4|a50|s151|it0|repair5g55_counterfactual_static_context,-0.0943106099436,0,True,True,0,maze-32-32-4,0,100,True,4950,1951,284.4014,True,2254,1.15530497181,repair5g1_shield_c125_b125_w075_d095_beta0p35_max0p75,151,1000,5073,14650fb0739d0383
50,repair5g2_frozen_static_or_selector,True,maze-32-32-4|a50|s151|it0|repair5g55_counterfactual_static_context,-0.0943106099436,0,True,False,0,maze-32-32-4,0,100,True,4950,1951,264.1032,True,2254,1.15530497181,repair5g1_shield_c125_b125_w075_d095_beta0p35_max0p75,151,1000,5073,14650fb0739d0383
50,repair5g2_c_equiv_best_frozen_baseline,True,maze-32-32-4|a50|s151|it0|repair5g55_counterfactual_static_context,0,0.0943106099436,True,False,0,maze-32-32-4,0,130,True,6450,1951,195.103,True,2438,1.24961558175,repair5g_dual_c_equiv_c100_b100_w075_d100,151,1000,5073,14650fb0739d0383
50,repair5g1_shield_c100_b125_w075_d100_beta0p35_max0p75,True,maze-32-32-4|a50|s151|it0|repair5g55_counterfactual_static_context,-0.0907227063045,0.00358790363916,True,False,0,maze-32-32-4,0,100,True,4950,1951,319.5736,True,2261,1.15889287545,repair5g1_shield_c100_b125_w075_d100_beta0p35_max0p75,151,1000,5073,14650fb0739d0383
50,repair5g1_shield_c125_b125_w075_d095_beta0p2_max0p5,True,maze-32-32-4|a50|s151|it0|repair5g55_counterfactual_static_context,-0.058431573552,0.0358790363916,True,False,0,maze-32-32-4,0,101,True,5000,1951,309.1116,True,2324,1.1911840082,repair5g1_shield_c125_b125_w075_d095_beta0p2_max0p5,151,1000,5073,14650fb0739d0383
50,repair5g1_shield_c125_b125_w075_d095_beta0p35_max0p75,True,maze-32-32-4|a50|s151|it0|repair5g55_counterfactual_static_context,-0.0943106099436,0,True,False,0,maze-32-32-4,0,100,True,4950,1951,269.2369,True,2254,1.15530497181,repair5g1_shield_c125_b125_w075_d095_beta0p35_max0p75,151,1000,5073,14650fb0739d0383
50,additive_ltm,True,maze-32-32-4|a50|s152|it0|repair5g55_counterfactual_static_context,0,0.119791666667,True,False,0,maze-32-32-4,0,116,True,5737,1920,196.635,True,2595,1.3515625,additive_ltm,152,1000,5148,14650fb0739d0383
50,repair5g2_best_frozen_static_candidate,True,maze-32-32-4|a50|s152|it0|repair5g55_counterfactual_static_context,-0.119791666667,0,True,True,0,maze-32-32-4,0,99,True,4890,1920,262.1821,True,2365,1.23177083333,repair5g1_shield_c125_b125_w075_d095_beta0p35_max0p75,152,1000,5148,14650fb0739d0383
50,repair5g2_frozen_static_or_selector,True,maze-32-32-4|a50|s152|it0|repair5g55_counterfactual_static_context,-0.119791666667,0,True,False,0,maze-32-32-4,0,99,True,4890,1920,326.4562,True,2365,1.23177083333,repair5g1_shield_c125_b125_w075_d095_beta0p35_max0p75,152,1000,5148,14650fb0739d0383
50,repair5g2_c_equiv_best_frozen_baseline,True,maze-32-32-4|a50|s152|it0|repair5g55_counterfactual_static_context,0,0.119791666667,True,False,0,maze-32-32-4,0,116,True,5737,1920,219.2989,True,2595,1.3515625,repair5g_dual_c_equiv_c100_b100_w075_d100,152,1000,5148,14650fb0739d0383
50,repair5g1_shield_c100_b125_w075_d100_beta0p35_max0p75,True,maze-32-32-4|a50|s152|it0|repair5g55_counterfactual_static_context,-0.116666666667,0.003125,True,False,0,maze-32-32-4,0,97,True,4800,1920,264.7241,True,2371,1.23489583333,repair5g1_shield_c100_b125_w075_d100_beta0p35_max0p75,152,1000,5148,14650fb0739d0383
50,repair5g1_shield_c125_b125_w075_d095_beta0p2_max0p5,True,maze-32-32-4|a50|s152|it0|repair5g55_counterfactual_static_context,-0.071875,0.0479166666667,True,False,0,maze-32-32-4,0,99,True,4899,1920,266.9888,True,2457,1.2796875,repair5g1_shield_c125_b125_w075_d095_beta0p2_max0p5,152,1000,5148,14650fb0739d0383
50,repair5g1_shield_c125_b125_w075_d095_beta0p35_max0p75,True,maze-32-32-4|a50|s152|it0|repair5g55_counterfactual_static_context,-0.119791666667,0,True,False,0,maze-32-32-4,0,99,True,4890,1920,301.8364,True,2365,1.23177083333,repair5g1_shield_c125_b125_w075_d095_beta0p35_max0p75,152,1000,5148,14650fb0739d0383
50,additive_ltm,True,maze-32-32-4|a50|s153|it0|repair5g55_counterfactual_static_context,0,0.0498324958124,True,False,0,maze-32-32-4,0,122,True,6050,2388,205.8507,True,3141,1.31532663317,additive_ltm,153,1000,6444,14650fb0739d0383
50,repair5g2_best_frozen_static_candidate,True,maze-32-32-4|a50|s153|it0|repair5g55_counterfactual_static_context,-0.0498324958124,0,True,True,0,maze-32-32-4,0,120,True,5950,2388,338.7082,True,3022,1.26549413735,repair5g1_shield_c125_b125_w075_d095_beta0p35_max0p75,153,1000,6444,14650fb0739d0383
50,repair5g2_frozen_static_or_selector,True,maze-32-32-4|a50|s153|it0|repair5g55_counterfactual_static_context,-0.0498324958124,0,True,False,0,maze-32-32-4,0,120,True,5950,2388,305.2406,True,3022,1.26549413735,repair5g1_shield_c125_b125_w075_d095_beta0p35_max0p75,153,1000,6444,14650fb0739d0383
50,repair5g2_c_equiv_best_frozen_baseline,True,maze-32-32-4|a50|s153|it0|repair5g55_counterfactual_static_context,0,0.0498324958124,True,False,0,maze-32-32-4,0,122,True,6050,2388,193.296,True,3141,1.31532663317,repair5g_dual_c_equiv_c100_b100_w075_d100,153,1000,6444,14650fb0739d0383
50,repair5g1_shield_c100_b125_w075_d100_beta0p35_max0p75,True,maze-32-32-4|a50|s153|it0|repair5g55_counterfactual_static_context,-0.0406197654941,0.00921273031826,True,False,0,maze-32-32-4,0,142,True,7037,2388,287.0926,True,3044,1.27470686767,repair5g1_shield_c100_b125_w075_d100_beta0p35_max0p75,153,1000,6444,14650fb0739d0383
50,repair5g1_shield_c125_b125_w075_d095_beta0p2_max0p5,True,maze-32-32-4|a50|s153|it0|repair5g55_counterfactual_static_context,-0.0452261306533,0.00460636515913,True,False,0,maze-32-32-4,0,120,True,5949,2388,305.1516,True,3033,1.27010050251,repair5g1_shield_c125_b125_w075_d095_beta0p2_max0p5,153,1000,6444,14650fb0739d0383
50,repair5g1_shield_c125_b125_w075_d095_beta0p35_max0p75,True,maze-32-32-4|a50|s153|it0|repair5g55_counterfactual_static_context,-0.0498324958124,0,True,False,0,maze-32-32-4,0,120,True,5950,2388,284.8835,True,3022,1.26549413735,repair5g1_shield_c125_b125_w075_d095_beta0p35_max0p75,153,1000,6444,14650fb0739d0383
50,additive_ltm,True,maze-32-32-4|a50|s154|it0|repair5g55_counterfactual_static_context,0,0.0314318975553,True,False,0,maze-32-32-4,-0.0168800931315,108,True,5350,1718,189.0541,True,2139,1.2450523865,additive_ltm,154,1000,5357,14650fb0739d0383
50,repair5g2_best_frozen_static_candidate,True,maze-32-32-4|a50|s154|it0|repair5g55_counterfactual_static_context,-0.0314318975553,0,True,False,0,maze-32-32-4,-0.0168800931315,104,True,5150,1718,274.4121,True,2085,1.21362048894,repair5g1_shield_c125_b125_w075_d095_beta0p35_max0p75,154,1000,5357,14650fb0739d0383
50,repair5g2_frozen_static_or_selector,True,maze-32-32-4|a50|s154|it0|repair5g55_counterfactual_static_context,-0.0314318975553,0,True,False,0,maze-32-32-4,-0.0168800931315,104,True,5150,1718,314.0759,True,2085,1.21362048894,repair5g1_shield_c125_b125_w075_d095_beta0p35_max0p75,154,1000,5357,14650fb0739d0383
50,repair5g2_c_equiv_best_frozen_baseline,True,maze-32-32-4|a50|s154|it0|repair5g55_counterfactual_static_context,0,0.0314318975553,True,False,0,maze-32-32-4,-0.0168800931315,108,True,5350,1718,231.6697,True,2139,1.2450523865,repair5g_dual_c_equiv_c100_b100_w075_d100,154,1000,5357,14650fb0739d0383
50,repair5g1_shield_c100_b125_w075_d100_beta0p35_max0p75,True,maze-32-32-4|a50|s154|it0|repair5g55_counterfactual_static_context,-0.0483119906868,-0.0168800931315,True,True,0,maze-32-32-4,-0.0168800931315,104,True,5150,1718,263.7417,True,2056,1.19674039581,repair5g1_shield_c100_b125_w075_d100_beta0p35_max0p75,154,1000,5357,14650fb0739d0383
50,repair5g1_shield_c125_b125_w075_d095_beta0p2_max0p5,True,maze-32-32-4|a50|s154|it0|repair5g55_counterfactual_static_context,-0.0389988358556,-0.00756693830035,True,False,0,maze-32-32-4,-0.0168800931315,106,True,5250,1718,271.4078,True,2072,1.20605355064,repair5g1_shield_c125_b125_w075_d095_beta0p2_max0p5,154,1000,5357,14650fb0739d0383
50,repair5g1_shield_c125_b125_w075_d095_beta0p35_max0p75,True,maze-32-32-4|a50|s154|it0|repair5g55_counterfactual_static_context,-0.0314318975553,0,True,False,0,maze-32-32-4,-0.0168800931315,104,True,5150,1718,286.4903,True,2085,1.21362048894,repair5g1_shield_c125_b125_w075_d095_beta0p35_max0p75,154,1000,5357,14650fb0739d0383
50,additive_ltm,True,maze-32-32-4|a50|s155|it0|repair5g55_counterfactual_static_context,0,0.0651208682782,True,False,0,maze-32-32-4,0,105,True,5200,2027,193.3283,True,2510,1.23828317711,additive_ltm,155,1000,5237,14650fb0739d0383
50,repair5g2_best_frozen_static_candidate,True,maze-32-32-4|a50|s155|it0|repair5g55_counterfactual_static_context,-0.0651208682782,0,True,True,0,maze-32-32-4,0,101,True,5000,2027,290.7174,True,2378,1.17316230883,repair5g1_shield_c125_b125_w075_d095_beta0p35_max0p75,155,1000,5237,14650fb0739d0383
50,repair5g2_frozen_static_or_selector,True,maze-32-32-4|a50|s155|it0|repair5g55_counterfactual_static_context,-0.0651208682782,0,True,False,0,maze-32-32-4,0,101,True,5000,2027,296.9125,True,2378,1.17316230883,repair5g1_shield_c125_b125_w075_d095_beta0p35_max0p75,155,1000,5237,14650fb0739d0383
50,repair5g2_c_equiv_best_frozen_baseline,True,maze-32-32-4|a50|s155|it0|repair5g55_counterfactual_static_context,0,0.0651208682782,True,False,0,maze-32-32-4,0,105,True,5200,2027,223.305,True,2510,1.23828317711,repair5g_dual_c_equiv_c100_b100_w075_d100,155,1000,5237,14650fb0739d0383
50,repair5g1_shield_c100_b125_w075_d100_beta0p35_max0p75,True,maze-32-32-4|a50|s155|it0|repair5g55_counterfactual_static_context,-0.0325604341391,0.0325604341391,True,False,0,maze-32-32-4,0,101,True,5000,2027,278.7806,True,2444,1.20572274297,repair5g1_shield_c100_b125_w075_d100_beta0p35_max0p75,155,1000,5237,14650fb0739d0383
50,repair5g1_shield_c125_b125_w075_d095_beta0p2_max0p5,True,maze-32-32-4|a50|s155|it0|repair5g55_counterfactual_static_context,-0.014800197336,0.0503206709423,True,False,0,maze-32-32-4,0,103,True,5098,2027,278.8093,True,2480,1.22348297977,repair5g1_shield_c125_b125_w075_d095_beta0p2_max0p5,155,1000,5237,14650fb0739d0383
50,repair5g1_shield_c125_b125_w075_d095_beta0p35_max0p75,True,maze-32-32-4|a50|s155|it0|repair5g55_counterfactual_static_context,-0.0651208682782,0,True,False,0,maze-32-32-4,0,101,True,5000,2027,276.4,True,2378,1.17316230883,repair5g1_shield_c125_b125_w075_d095_beta0p35_max0p75,155,1000,5237,14650fb0739d0383
100,additive_ltm,True,maze-32-32-4|a100|s146|it0|repair5g55_counterfactual_static_context,0,0.109589041096,True,False,0,maze-32-32-4,-0.00583460172501,103,True,10200,3942,392.439,True,5600,1.42059868087,additive_ltm,146,1000,14860,14650fb0739d0383
100,repair5g2_best_frozen_static_candidate,True,maze-32-32-4|a100|s146|it0|repair5g55_counterfactual_static_context,-0.109589041096,0,True,False,0,maze-32-32-4,-0.00583460172501,91,True,9000,3942,535.4176,True,5168,1.31100963978,repair5g1_shield_c125_b125_w075_d095_beta0p35_max0p75,146,1000,14860,14650fb0739d0383
100,repair5g2_frozen_static_or_selector,True,maze-32-32-4|a100|s146|it0|repair5g55_counterfactual_static_context,-0.0568239472349,0.052765093861,True,False,0,maze-32-32-4,-0.00583460172501,93,True,9200,3942,748.5252,True,5376,1.36377473364,repair5g1_shield_c125_b125_w075_d095_beta0p2_max0p5,146,1000,14860,14650fb0739d0383
100,repair5g2_c_equiv_best_frozen_baseline,True,maze-32-32-4|a100|s146|it0|repair5g55_counterfactual_static_context,0,0.109589041096,True,False,0,maze-32-32-4,-0.00583460172501,103,True,10200,3942,547.9453,True,5600,1.42059868087,repair5g_dual_c_equiv_c100_b100_w075_d100,146,1000,14860,14650fb0739d0383
100,repair5g1_shield_c100_b125_w075_d100_beta0p35_max0p75,True,maze-32-32-4|a100|s146|it0|repair5g55_counterfactual_static_context,-0.115423642821,-0.00583460172501,True,True,0,maze-32-32-4,-0.00583460172501,93,True,9200,3942,780.1461,True,5145,1.30517503805,repair5g1_shield_c100_b125_w075_d100_beta0p35_max0p75,146,1000,14860,14650fb0739d0383
100,repair5g1_shield_c125_b125_w075_d095_beta0p2_max0p5,True,maze-32-32-4|a100|s146|it0|repair5g55_counterfactual_static_context,-0.0568239472349,0.052765093861,True,False,0,maze-32-32-4,-0.00583460172501,93,True,9200,3942,751.7669,True,5376,1.36377473364,repair5g1_shield_c125_b125_w075_d095_beta0p2_max0p5,146,1000,14860,14650fb0739d0383
100,repair5g1_shield_c125_b125_w075_d095_beta0p35_max0p75,True,maze-32-32-4|a100|s146|it0|repair5g55_counterfactual_static_context,-0.109589041096,0,True,False,0,maze-32-32-4,-0.00583460172501,91,True,9000,3942,792.6596,True,5168,1.31100963978,repair5g1_shield_c125_b125_w075_d095_beta0p35_max0p75,146,1000,14860,14650fb0739d0383
100,additive_ltm,True,maze-32-32-4|a100|s147|it0|repair5g55_counterfactual_static_context,,,True,False,0,maze-32-32-4,0,324,False,89478,4018,1005.3476,False,,,additive_ltm,147,1000,11647,14650fb0739d0383
100,repair5g2_best_frozen_static_candidate,True,maze-32-32-4|a100|s147|it0|repair5g55_counterfactual_static_context,,0,True,True,0,maze-32-32-4,0,106,True,10500,4018,621.7905,True,5154,1.28272772524,repair5g1_shield_c125_b125_w075_d095_beta0p35_max0p75,147,1000,11647,14650fb0739d0383
100,repair5g2_frozen_static_or_selector,True,maze-32-32-4|a100|s147|it0|repair5g55_counterfactual_static_context,,0.050024888004,True,False,0,maze-32-32-4,0,108,True,10700,4018,781.5465,True,5355,1.33275261324,repair5g1_shield_c125_b125_w075_d095_beta0p2_max0p5,147,1000,11647,14650fb0739d0383
100,repair5g2_c_equiv_best_frozen_baseline,True,maze-32-32-4|a100|s147|it0|repair5g55_counterfactual_static_context,,,True,False,0,maze-32-32-4,0,253,False,58255,4018,1002.5034,False,,,repair5g_dual_c_equiv_c100_b100_w075_d100,147,1000,11647,14650fb0739d0383
100,repair5g1_shield_c100_b125_w075_d100_beta0p35_max0p75,True,maze-32-32-4|a100|s147|it0|repair5g55_counterfactual_static_context,,0.0251368840219,True,False,0,maze-32-32-4,0,105,True,10400,4018,830.2366,True,5255,1.30786460926,repair5g1_shield_c100_b125_w075_d100_beta0p35_max0p75,147,1000,11647,14650fb0739d0383
100,repair5g1_shield_c125_b125_w075_d095_beta0p2_max0p5,True,maze-32-32-4|a100|s147|it0|repair5g55_counterfactual_static_context,,0.050024888004,True,False,0,maze-32-32-4,0,108,True,10700,4018,761.3108,True,5355,1.33275261324,repair5g1_shield_c125_b125_w075_d095_beta0p2_max0p5,147,1000,11647,14650fb0739d0383
100,repair5g1_shield_c125_b125_w075_d095_beta0p35_max0p75,True,maze-32-32-4|a100|s147|it0|repair5g55_counterfactual_static_context,,0,True,False,0,maze-32-32-4,0,106,True,10500,4018,826.1288,True,5154,1.28272772524,repair5g1_shield_c125_b125_w075_d095_beta0p35_max0p75,147,1000,11647,14650fb0739d0383
100,additive_ltm,True,maze-32-32-4|a100|s148|it0|repair5g55_counterfactual_static_context,0,0.136044880785,True,False,0,maze-32-32-4,-0.00935016362786,170,True,16900,4278,430.2934,True,6241,1.45885928004,additive_ltm,148,1000,16777,14650fb0739d0383
100,repair5g2_best_frozen_static_candidate,True,maze-32-32-4|a100|s148|it0|repair5g55_counterfactual_static_context,-0.136044880785,0,True,False,0,maze-32-32-4,-0.00935016362786,155,True,15400,4278,611.0317,True,5659,1.32281439925,repair5g1_shield_c125_b125_w075_d095_beta0p35_max0p75,148,1000,16777,14650fb0739d0383
100,repair5g2_frozen_static_or_selector,True,maze-32-32-4|a100|s148|it0|repair5g55_counterfactual_static_context,-0.0825151940159,0.0535296867695,True,False,0,maze-32-32-4,-0.00935016362786,160,True,15900,4278,823.4669,True,5888,1.37634408602,repair5g1_shield_c125_b125_w075_d095_beta0p2_max0p5,148,1000,16777,14650fb0739d0383
100,repair5g2_c_equiv_best_frozen_baseline,True,maze-32-32-4|a100|s148|it0|repair5g55_counterfactual_static_context,0,0.136044880785,True,False,0,maze-32-32-4,-0.00935016362786,170,True,16900,4278,655.449,True,6241,1.45885928004,repair5g_dual_c_equiv_c100_b100_w075_d100,148,1000,16777,14650fb0739d0383
100,repair5g1_shield_c100_b125_w075_d100_beta0p35_max0p75,True,maze-32-32-4|a100|s148|it0|repair5g55_counterfactual_static_context,-0.145395044413,-0.00935016362786,True,True,0,maze-32-32-4,-0.00935016362786,153,True,15200,4278,863.0687,True,5619,1.31346423562,repair5g1_shield_c100_b125_w075_d100_beta0p35_max0p75,148,1000,16777,14650fb0739d0383
100,repair5g1_shield_c125_b125_w075_d095_beta0p2_max0p5,True,maze-32-32-4|a100|s148|it0|repair5g55_counterfactual_static_context,-0.0825151940159,0.0535296867695,True,False,0,maze-32-32-4,-0.00935016362786,160,True,15900,4278,811.4582,True,5888,1.37634408602,repair5g1_shield_c125_b125_w075_d095_beta0p2_max0p5,148,1000,16777,14650fb0739d0383
100,repair5g1_shield_c125_b125_w075_d095_beta0p35_max0p75,True,maze-32-32-4|a100|s148|it0|repair5g55_counterfactual_static_context,-0.136044880785,0,True,False,0,maze-32-32-4,-0.00935016362786,155,True,15400,4278,866.5051,True,5659,1.32281439925,repair5g1_shield_c125_b125_w075_d095_beta0p35_max0p75,148,1000,16777,14650fb0739d0383
100,additive_ltm,True,maze-32-32-4|a100|s149|it0|repair5g55_counterfactual_static_context,0,0.105795314427,True,False,0,maze-32-32-4,-0.00912453760789,123,True,12197,4055,399.8797,True,5759,1.42022194821,additive_ltm,149,1000,15706,14650fb0739d0383
100,repair5g2_best_frozen_static_candidate,True,maze-32-32-4|a100|s149|it0|repair5g55_counterfactual_static_context,-0.105795314427,0,True,False,0,maze-32-32-4,-0.00912453760789,153,True,15782,4055,632.7393,True,5330,1.31442663379,repair5g1_shield_c125_b125_w075_d095_beta0p35_max0p75,149,1000,15706,14650fb0739d0383
100,repair5g2_frozen_static_or_selector,True,maze-32-32-4|a100|s149|it0|repair5g55_counterfactual_static_context,-0.0226880394575,0.0831072749692,True,False,0,maze-32-32-4,-0.00912453760789,142,True,14099,4055,757.0007,True,5667,1.39753390875,repair5g1_shield_c125_b125_w075_d095_beta0p2_max0p5,149,1000,15706,14650fb0739d0383
100,repair5g2_c_equiv_best_frozen_baseline,True,maze-32-32-4|a100|s149|it0|repair5g55_counterfactual_static_context,0,0.105795314427,True,False,0,maze-32-32-4,-0.00912453760789,123,True,12197,4055,605.1881,True,5759,1.42022194821,repair5g_dual_c_equiv_c100_b100_w075_d100,149,1000,15706,14650fb0739d0383
100,repair5g1_shield_c100_b125_w075_d100_beta0p35_max0p75,True,maze-32-32-4|a100|s149|it0|repair5g55_counterfactual_static_context,-0.114919852035,-0.00912453760789,True,True,0,maze-32-32-4,-0.00912453760789,155,True,15685,4055,880.2227,True,5293,1.30530209618,repair5g1_shield_c100_b125_w075_d100_beta0p35_max0p75,149,1000,15706,14650fb0739d0383
100,repair5g1_shield_c125_b125_w075_d095_beta0p2_max0p5,True,maze-32-32-4|a100|s149|it0|repair5g55_counterfactual_static_context,-0.0226880394575,0.0831072749692,True,False,0,maze-32-32-4,-0.00912453760789,142,True,14099,4055,827.2122,True,5667,1.39753390875,repair5g1_shield_c125_b125_w075_d095_beta0p2_max0p5,149,1000,15706,14650fb0739d0383
100,repair5g1_shield_c125_b125_w075_d095_beta0p35_max0p75,True,maze-32-32-4|a100|s149|it0|repair5g55_counterfactual_static_context,-0.105795314427,0,True,False,0,maze-32-32-4,-0.00912453760789,153,True,15782,4055,779.7116,True,5330,1.31442663379,repair5g1_shield_c125_b125_w075_d095_beta0p35_max0p75,149,1000,15706,14650fb0739d0383
100,additive_ltm,True,maze-32-32-4|a100|s150|it0|repair5g55_counterfactual_static_context,0,0.147569881642,True,False,0,maze-32-32-4,0,128,True,12689,3971,421.7681,True,5994,1.50944346512,additive_ltm,150,1000,12406,14650fb0739d0383
100,repair5g2_best_frozen_static_candidate,True,maze-32-32-4|a100|s150|it0|repair5g55_counterfactual_static_context,-0.147569881642,0,True,True,0,maze-32-32-4,0,113,True,11199,3971,568.2866,True,5408,1.36187358348,repair5g1_shield_c125_b125_w075_d095_beta0p35_max0p75,150,1000,12406,14650fb0739d0383
100,repair5g2_frozen_static_or_selector,True,maze-32-32-4|a100|s150|it0|repair5g55_counterfactual_static_context,-0.0899017879627,0.0576680936792,True,False,0,maze-32-32-4,0,113,True,11197,3971,708.3955,True,5637,1.41954167716,repair5g1_shield_c125_b125_w075_d095_beta0p2_max0p5,150,1000,12406,14650fb0739d0383
100,repair5g2_c_equiv_best_frozen_baseline,True,maze-32-32-4|a100|s150|it0|repair5g55_counterfactual_static_context,0,0.147569881642,True,False,0,maze-32-32-4,0,128,True,12689,3971,565.1788,True,5994,1.50944346512,repair5g_dual_c_equiv_c100_b100_w075_d100,150,1000,12406,14650fb0739d0383
100,repair5g1_shield_c100_b125_w075_d100_beta0p35_max0p75,True,maze-32-32-4|a100|s150|it0|repair5g55_counterfactual_static_context,-0.139007806598,0.00856207504407,True,False,0,maze-32-32-4,0,112,True,11096,3971,831.4084,True,5442,1.37043565852,repair5g1_shield_c100_b125_w075_d100_beta0p35_max0p75,150,1000,12406,14650fb0739d0383
100,repair5g1_shield_c125_b125_w075_d095_beta0p2_max0p5,True,maze-32-32-4|a100|s150|it0|repair5g55_counterfactual_static_context,-0.0899017879627,0.0576680936792,True,False,0,maze-32-32-4,0,113,True,11197,3971,723.6446,True,5637,1.41954167716,repair5g1_shield_c125_b125_w075_d095_beta0p2_max0p5,150,1000,12406,14650fb0739d0383
100,repair5g1_shield_c125_b125_w075_d095_beta0p35_max0p75,True,maze-32-32-4|a100|s150|it0|repair5g55_counterfactual_static_context,-0.147569881642,0,True,False,0,maze-32-32-4,0,113,True,11199,3971,786.6507,True,5408,1.36187358348,repair5g1_shield_c125_b125_w075_d095_beta0p35_max0p75,150,1000,12406,14650fb0739d0383
100,additive_ltm,True,maze-32-32-4|a100|s151|it0|repair5g55_counterfactual_static_context,0,0.0685524974516,True,False,0,maze-32-32-4,-0.0270132517839,112,True,11199,3924,380.238,True,5411,1.37895005097,additive_ltm,151,1000,11630,14650fb0739d0383
100,repair5g2_best_frozen_static_candidate,True,maze-32-32-4|a100|s151|it0|repair5g55_counterfactual_static_context,-0.0685524974516,0,True,False,0,maze-32-32-4,-0.0270132517839,135,True,13400,3924,577.1761,True,5142,1.31039755352,repair5g1_shield_c125_b125_w075_d095_beta0p35_max0p75,151,1000,11630,14650fb0739d0383
100,repair5g2_frozen_static_or_selector,True,maze-32-32-4|a100|s151|it0|repair5g55_counterfactual_static_context,-0.0507135575943,0.0178389398573,True,False,0,maze-32-32-4,-0.0270132517839,104,True,10300,3924,672.3065,True,5212,1.32823649337,repair5g1_shield_c125_b125_w075_d095_beta0p2_max0p5,151,1000,11630,14650fb0739d0383
100,repair5g2_c_equiv_best_frozen_baseline,True,maze-32-32-4|a100|s151|it0|repair5g55_counterfactual_static_context,0,0.0685524974516,True,False,0,maze-32-32-4,-0.0270132517839,112,True,11199,3924,547.7919,True,5411,1.37895005097,repair5g_dual_c_equiv_c100_b100_w075_d100,151,1000,11630,14650fb0739d0383
100,repair5g1_shield_c100_b125_w075_d100_beta0p35_max0p75,True,maze-32-32-4|a100|s151|it0|repair5g55_counterfactual_static_context,-0.0955657492355,-0.0270132517839,True,True,0,maze-32-32-4,-0.0270132517839,108,True,10700,3924,698.9572,True,5036,1.28338430173,repair5g1_shield_c100_b125_w075_d100_beta0p35_max0p75,151,1000,11630,14650fb0739d0383
100,repair5g1_shield_c125_b125_w075_d095_beta0p2_max0p5,True,maze-32-32-4|a100|s151|it0|repair5g55_counterfactual_static_context,-0.0507135575943,0.0178389398573,True,False,0,maze-32-32-4,-0.0270132517839,104,True,10300,3924,794.7376,True,5212,1.32823649337,repair5g1_shield_c125_b125_w075_d095_beta0p2_max0p5,151,1000,11630,14650fb0739d0383
100,repair5g1_shield_c125_b125_w075_d095_beta0p35_max0p75,True,maze-32-32-4|a100|s151|it0|repair5g55_counterfactual_static_context,-0.0685524974516,0,True,False,0,maze-32-32-4,-0.0270132517839,135,True,13400,3924,865.5186,True,5142,1.31039755352,repair5g1_shield_c125_b125_w075_d095_beta0p35_max0p75,151,1000,11630,14650fb0739d0383
100,additive_ltm,True,maze-32-32-4|a100|s152|it0|repair5g55_counterfactual_static_context,0,0.100981404959,True,False,0,maze-32-32-4,-0.0428719008264,115,True,11397,3872,409.0368,True,5676,1.46590909091,additive_ltm,152,1000,11552,14650fb0739d0383
100,repair5g2_best_frozen_static_candidate,True,maze-32-32-4|a100|s152|it0|repair5g55_counterfactual_static_context,-0.100981404959,0,True,False,0,maze-32-32-4,-0.0428719008264,138,True,13677,3872,624.6481,True,5285,1.36492768595,repair5g1_shield_c125_b125_w075_d095_beta0p35_max0p75,152,1000,11552,14650fb0739d0383
100,repair5g2_frozen_static_or_selector,True,maze-32-32-4|a100|s152|it0|repair5g55_counterfactual_static_context,-0.0477789256198,0.0532024793388,True,False,0,maze-32-32-4,-0.0428719008264,102,True,10098,3872,742.5626,True,5491,1.41813016529,repair5g1_shield_c125_b125_w075_d095_beta0p2_max0p5,152,1000,11552,14650fb0739d0383
100,repair5g2_c_equiv_best_frozen_baseline,True,maze-32-32-4|a100|s152|it0|repair5g55_counterfactual_static_context,0,0.100981404959,True,False,0,maze-32-32-4,-0.0428719008264,115,True,11397,3872,583.9692,True,5676,1.46590909091,repair5g_dual_c_equiv_c100_b100_w075_d100,152,1000,11552,14650fb0739d0383
100,repair5g1_shield_c100_b125_w075_d100_beta0p35_max0p75,True,maze-32-32-4|a100|s152|it0|repair5g55_counterfactual_static_context,-0.143853305785,-0.0428719008264,True,True,0,maze-32-32-4,-0.0428719008264,118,True,11688,3872,819.0871,True,5119,1.32205578512,repair5g1_shield_c100_b125_w075_d100_beta0p35_max0p75,152,1000,11552,14650fb0739d0383
100,repair5g1_shield_c125_b125_w075_d095_beta0p2_max0p5,True,maze-32-32-4|a100|s152|it0|repair5g55_counterfactual_static_context,-0.0477789256198,0.0532024793388,True,False,0,maze-32-32-4,-0.0428719008264,102,True,10098,3872,788.4127,True,5491,1.41813016529,repair5g1_shield_c125_b125_w075_d095_beta0p2_max0p5,152,1000,11552,14650fb0739d0383
100,repair5g1_shield_c125_b125_w075_d095_beta0p35_max0p75,True,maze-32-32-4|a100|s152|it0|repair5g55_counterfactual_static_context,-0.100981404959,0,True,False,0,maze-32-32-4,-0.0428719008264,138,True,13677,3872,803.2901,True,5285,1.36492768595,repair5g1_shield_c125_b125_w075_d095_beta0p35_max0p75,152,1000,11552,14650fb0739d0383
100,additive_ltm,True,maze-32-32-4|a100|s153|it0|repair5g55_counterfactual_static_context,0,0.0276087973795,True,False,0,maze-32-32-4,-0.166354702854,195,True,19373,4274,457.4939,True,6759,1.58142255498,additive_ltm,153,1000,16928,14650fb0739d0383
100,repair5g2_best_frozen_static_candidate,True,maze-32-32-4|a100|s153|it0|repair5g55_counterfactual_static_context,-0.0276087973795,0,True,False,0,maze-32-32-4,-0.166354702854,201,True,19999,4274,625.9395,True,6641,1.5538137576,repair5g1_shield_c125_b125_w075_d095_beta0p35_max0p75,153,1000,16928,14650fb0739d0383
100,repair5g2_frozen_static_or_selector,True,maze-32-32-4|a100|s153|it0|repair5g55_counterfactual_static_context,-0.0872718764623,-0.0596630790828,True,False,0,maze-32-32-4,-0.166354702854,162,True,16100,4274,844.2353,True,6386,1.49415067852,repair5g1_shield_c125_b125_w075_d095_beta0p2_max0p5,153,1000,16928,14650fb0739d0383
100,repair5g2_c_equiv_best_frozen_baseline,True,maze-32-32-4|a100|s153|it0|repair5g55_counterfactual_static_context,0,0.0276087973795,True,False,0,maze-32-32-4,-0.166354702854,195,True,19373,4274,595.9917,True,6759,1.58142255498,repair5g_dual_c_equiv_c100_b100_w075_d100,153,1000,16928,14650fb0739d0383
100,repair5g1_shield_c100_b125_w075_d100_beta0p35_max0p75,True,maze-32-32-4|a100|s153|it0|repair5g55_counterfactual_static_context,-0.193963500234,-0.166354702854,True,True,0,maze-32-32-4,-0.166354702854,128,True,12698,4274,807.2956,True,5930,1.38745905475,repair5g1_shield_c100_b125_w075_d100_beta0p35_max0p75,153,1000,16928,14650fb0739d0383
100,repair5g1_shield_c125_b125_w075_d095_beta0p2_max0p5,True,maze-32-32-4|a100|s153|it0|repair5g55_counterfactual_static_context,-0.0872718764623,-0.0596630790828,True,False,0,maze-32-32-4,-0.166354702854,162,True,16100,4274,871.7935,True,6386,1.49415067852,repair5g1_shield_c125_b125_w075_d095_beta0p2_max0p5,153,1000,16928,14650fb0739d0383
100,repair5g1_shield_c125_b125_w075_d095_beta0p35_max0p75,True,maze-32-32-4|a100|s153|it0|repair5g55_counterfactual_static_context,-0.0276087973795,0,True,False,0,maze-32-32-4,-0.166354702854,201,True,19999,4274,867.6822,True,6641,1.5538137576,repair5g1_shield_c125_b125_w075_d095_beta0p35_max0p75,153,1000,16928,14650fb0739d0383
100,additive_ltm,True,maze-32-32-4|a100|s154|it0|repair5g55_counterfactual_static_context,0,0.0994778067885,True,False,0,maze-32-32-4,-0.00757180156658,173,True,17196,3830,465.1292,True,5491,1.43368146214,additive_ltm,154,1000,12561,14650fb0739d0383
100,repair5g2_best_frozen_static_candidate,True,maze-32-32-4|a100|s154|it0|repair5g55_counterfactual_static_context,-0.0994778067885,0,True,False,0,maze-32-32-4,-0.00757180156658,156,True,15499,3830,591.4613,True,5110,1.33420365535,repair5g1_shield_c125_b125_w075_d095_beta0p35_max0p75,154,1000,12561,14650fb0739d0383
100,repair5g2_frozen_static_or_selector,True,maze-32-32-4|a100|s154|it0|repair5g55_counterfactual_static_context,-0.0590078328982,0.0404699738903,True,False,0,maze-32-32-4,-0.00757180156658,160,True,15899,3830,674.4167,True,5265,1.37467362924,repair5g1_shield_c125_b125_w075_d095_beta0p2_max0p5,154,1000,12561,14650fb0739d0383
100,repair5g2_c_equiv_best_frozen_baseline,True,maze-32-32-4|a100|s154|it0|repair5g55_counterfactual_static_context,0,0.0994778067885,True,False,0,maze-32-32-4,-0.00757180156658,173,True,17196,3830,559.9328,True,5491,1.43368146214,repair5g_dual_c_equiv_c100_b100_w075_d100,154,1000,12561,14650fb0739d0383
100,repair5g1_shield_c100_b125_w075_d100_beta0p35_max0p75,True,maze-32-32-4|a100|s154|it0|repair5g55_counterfactual_static_context,-0.107049608355,-0.00757180156658,True,True,0,maze-32-32-4,-0.00757180156658,152,True,15098,3830,756.9089,True,5081,1.32663185379,repair5g1_shield_c100_b125_w075_d100_beta0p35_max0p75,154,1000,12561,14650fb0739d0383
100,repair5g1_shield_c125_b125_w075_d095_beta0p2_max0p5,True,maze-32-32-4|a100|s154|it0|repair5g55_counterfactual_static_context,-0.0590078328982,0.0404699738903,True,False,0,maze-32-32-4,-0.00757180156658,160,True,15899,3830,847.6235,True,5265,1.37467362924,repair5g1_shield_c125_b125_w075_d095_beta0p2_max0p5,154,1000,12561,14650fb0739d0383
100,repair5g1_shield_c125_b125_w075_d095_beta0p35_max0p75,True,maze-32-32-4|a100|s154|it0|repair5g55_counterfactual_static_context,-0.0994778067885,0,True,False,0,maze-32-32-4,-0.00757180156658,156,True,15499,3830,770.5611,True,5110,1.33420365535,repair5g1_shield_c125_b125_w075_d095_beta0p35_max0p75,154,1000,12561,14650fb0739d0383
100,additive_ltm,True,maze-32-32-4|a100|s155|it0|repair5g55_counterfactual_static_context,0,0.11983681795,True,False,0,maze-32-32-4,0,112,True,11100,3922,390.8858,True,5486,1.39877613463,additive_ltm,155,1000,11928,14650fb0739d0383
100,repair5g2_best_frozen_static_candidate,True,maze-32-32-4|a100|s155|it0|repair5g55_counterfactual_static_context,-0.11983681795,0,True,True,0,maze-32-32-4,0,108,True,10700,3922,544.3945,True,5016,1.27893931668,repair5g1_shield_c125_b125_w075_d095_beta0p35_max0p75,155,1000,11928,14650fb0739d0383
100,repair5g2_frozen_static_or_selector,True,maze-32-32-4|a100|s155|it0|repair5g55_counterfactual_static_context,-0.0446200917899,0.0752167261601,True,False,0,maze-32-32-4,0,110,True,10900,3922,634.9074,True,5311,1.35415604284,repair5g1_shield_c125_b125_w075_d095_beta0p2_max0p5,155,1000,11928,14650fb0739d0383
100,repair5g2_c_equiv_best_frozen_baseline,True,maze-32-32-4|a100|s155|it0|repair5g55_counterfactual_static_context,0,0.11983681795,True,False,0,maze-32-32-4,0,112,True,11100,3922,581.5046,True,5486,1.39877613463,repair5g_dual_c_equiv_c100_b100_w075_d100,155,1000,11928,14650fb0739d0383
100,repair5g1_shield_c100_b125_w075_d100_beta0p35_max0p75,True,maze-32-32-4|a100|s155|it0|repair5g55_counterfactual_static_context,-0.0968893421724,0.0229474757777,True,False,0,maze-32-32-4,0,125,True,15357,3922,845.3603,True,5106,1.30188679245,repair5g1_shield_c100_b125_w075_d100_beta0p35_max0p75,155,1000,11928,14650fb0739d0383
100,repair5g1_shield_c125_b125_w075_d095_beta0p2_max0p5,True,maze-32-32-4|a100|s155|it0|repair5g55_counterfactual_static_context,-0.0446200917899,0.0752167261601,True,False,0,maze-32-32-4,0,110,True,10900,3922,808.8922,True,5311,1.35415604284,repair5g1_shield_c125_b125_w075_d095_beta0p2_max0p5,155,1000,11928,14650fb0739d0383
100,repair5g1_shield_c125_b125_w075_d095_beta0p35_max0p75,True,maze-32-32-4|a100|s155|it0|repair5g55_counterfactual_static_context,-0.11983681795,0,True,False,0,maze-32-32-4,0,108,True,10700,3922,822.4379,True,5016,1.27893931668,repair5g1_shield_c125_b125_w075_d095_beta0p35_max0p75,155,1000,11928,14650fb0739d0383
50,additive_ltm,True,random-32-32-20|a50|s146|it0|repair5g55_counterfactual_static_context,0,0.157740993184,True,False,0,random-32-32-20,-0.0272638753651,58,True,2899,1027,179.4915,True,1356,1.32035053554,additive_ltm,146,1000,2640,14650fb0739d0383
50,repair5g2_best_frozen_static_candidate,True,random-32-32-20|a50|s146|it0|repair5g55_counterfactual_static_context,-0.157740993184,0,True,False,0,random-32-32-20,-0.0272638753651,52,True,2550,1027,263.3211,True,1194,1.16260954236,repair5g1_shield_c125_b125_w075_d095_beta0p35_max0p75,146,1000,2640,14650fb0739d0383
50,repair5g2_frozen_static_or_selector,True,random-32-32-20|a50|s146|it0|repair5g55_counterfactual_static_context,-0.157740993184,0,True,False,0,random-32-32-20,-0.0272638753651,52,True,2550,1027,308.3941,True,1194,1.16260954236,repair5g1_shield_c125_b125_w075_d095_beta0p35_max0p75,146,1000,2640,14650fb0739d0383
50,repair5g2_c_equiv_best_frozen_baseline,True,random-32-32-20|a50|s146|it0|repair5g55_counterfactual_static_context,0,0.157740993184,True,False,0,random-32-32-20,-0.0272638753651,58,True,2899,1027,195.9221,True,1356,1.32035053554,repair5g_dual_c_equiv_c100_b100_w075_d100,146,1000,2640,14650fb0739d0383
50,repair5g1_shield_c100_b125_w075_d100_beta0p35_max0p75,True,random-32-32-20|a50|s146|it0|repair5g55_counterfactual_static_context,-0.185004868549,-0.0272638753651,True,True,0,random-32-32-20,-0.0272638753651,50,True,2450,1027,239.3727,True,1166,1.13534566699,repair5g1_shield_c100_b125_w075_d100_beta0p35_max0p75,146,1000,2640,14650fb0739d0383
50,repair5g1_shield_c125_b125_w075_d095_beta0p2_max0p5,True,random-32-32-20|a50|s146|it0|repair5g55_counterfactual_static_context,-0.115871470302,0.0418695228822,True,False,0,random-32-32-20,-0.0272638753651,56,True,2946,1027,254.5311,True,1237,1.20447906524,repair5g1_shield_c125_b125_w075_d095_beta0p2_max0p5,146,1000,2640,14650fb0739d0383
50,repair5g1_shield_c125_b125_w075_d095_beta0p35_max0p75,True,random-32-32-20|a50|s146|it0|repair5g55_counterfactual_static_context,-0.157740993184,0,True,False,0,random-32-32-20,-0.0272638753651,52,True,2550,1027,241.1044,True,1194,1.16260954236,repair5g1_shield_c125_b125_w075_d095_beta0p35_max0p75,146,1000,2640,14650fb0739d0383
50,additive_ltm,True,random-32-32-20|a50|s147|it0|repair5g55_counterfactual_static_context,0,0.0850884582982,True,False,0,random-32-32-20,-0.00673967986521,57,True,2995,1187,189.5798,True,1517,1.27801179444,additive_ltm,147,1000,2428,14650fb0739d0383
50,repair5g2_best_frozen_static_candidate,True,random-32-32-20|a50|s147|it0|repair5g55_counterfactual_static_context,-0.0850884582982,0,True,False,0,random-32-32-20,-0.00673967986521,55,True,2700,1187,273.0928,True,1416,1.19292333614,repair5g1_shield_c125_b125_w075_d095_beta0p35_max0p75,147,1000,2428,14650fb0739d0383
50,repair5g2_frozen_static_or_selector,True,random-32-32-20|a50|s147|it0|repair5g55_counterfactual_static_context,-0.0850884582982,0,True,False,0,random-32-32-20,-0.00673967986521,55,True,2700,1187,299.9194,True,1416,1.19292333614,repair5g1_shield_c125_b125_w075_d095_beta0p35_max0p75,147,1000,2428,14650fb0739d0383
50,repair5g2_c_equiv_best_frozen_baseline,True,random-32-32-20|a50|s147|it0|repair5g55_counterfactual_static_context,0,0.0850884582982,True,False,0,random-32-32-20,-0.00673967986521,57,True,2995,1187,172.9677,True,1517,1.27801179444,repair5g_dual_c_equiv_c100_b100_w075_d100,147,1000,2428,14650fb0739d0383
50,repair5g1_shield_c100_b125_w075_d100_beta0p35_max0p75,True,random-32-32-20|a50|s147|it0|repair5g55_counterfactual_static_context,-0.0918281381634,-0.00673967986521,True,True,0,random-32-32-20,-0.00673967986521,50,True,2450,1187,252.1255,True,1408,1.18618365628,repair5g1_shield_c100_b125_w075_d100_beta0p35_max0p75,147,1000,2428,14650fb0739d0383
50,repair5g1_shield_c125_b125_w075_d095_beta0p2_max0p5,True,random-32-32-20|a50|s147|it0|repair5g55_counterfactual_static_context,-0.0244313395114,0.0606571187869,True,False,0,random-32-32-20,-0.00673967986521,57,True,2849,1187,236.1904,True,1488,1.25358045493,repair5g1_shield_c125_b125_w075_d095_beta0p2_max0p5,147,1000,2428,14650fb0739d0383
50,repair5g1_shield_c125_b125_w075_d095_beta0p35_max0p75,True,random-32-32-20|a50|s147|it0|repair5g55_counterfactual_static_context,-0.0850884582982,0,True,False,0,random-32-32-20,-0.00673967986521,55,True,2700,1187,258.2827,True,1416,1.19292333614,repair5g1_shield_c125_b125_w075_d095_beta0p35_max0p75,147,1000,2428,14650fb0739d0383
50,additive_ltm,True,random-32-32-20|a50|s148|it0|repair5g55_counterfactual_static_context,0,0.0972097209721,True,False,0,random-32-32-20,-0.019801980198,56,True,2750,1111,192.6281,True,1384,1.24572457246,additive_ltm,148,1000,2678,14650fb0739d0383
50,repair5g2_best_frozen_static_candidate,True,random-32-32-20|a50|s148|it0|repair5g55_counterfactual_static_context,-0.0972097209721,0,True,False,0,random-32-32-20,-0.019801980198,52,True,2550,1111,293.9863,True,1276,1.14851485149,repair5g1_shield_c125_b125_w075_d095_beta0p35_max0p75,148,1000,2678,14650fb0739d0383
50,repair5g2_frozen_static_or_selector,True,random-32-32-20|a50|s148|it0|repair5g55_counterfactual_static_context,-0.0972097209721,0,True,False,0,random-32-32-20,-0.019801980198,52,True,2550,1111,289.8165,True,1276,1.14851485149,repair5g1_shield_c125_b125_w075_d095_beta0p35_max0p75,148,1000,2678,14650fb0739d0383
50,repair5g2_c_equiv_best_frozen_baseline,True,random-32-32-20|a50|s148|it0|repair5g55_counterfactual_static_context,0,0.0972097209721,True,False,0,random-32-32-20,-0.019801980198,56,True,2750,1111,168.4878,True,1384,1.24572457246,repair5g_dual_c_equiv_c100_b100_w075_d100,148,1000,2678,14650fb0739d0383
50,repair5g1_shield_c100_b125_w075_d100_beta0p35_max0p75,True,random-32-32-20|a50|s148|it0|repair5g55_counterfactual_static_context,-0.11701170117,-0.019801980198,True,True,0,random-32-32-20,-0.019801980198,52,True,2550,1111,251.541,True,1254,1.12871287129,repair5g1_shield_c100_b125_w075_d100_beta0p35_max0p75,148,1000,2678,14650fb0739d0383
50,repair5g1_shield_c125_b125_w075_d095_beta0p2_max0p5,True,random-32-32-20|a50|s148|it0|repair5g55_counterfactual_static_context,-0.011701170117,0.0855085508551,True,False,0,random-32-32-20,-0.019801980198,54,True,2650,1111,243.1599,True,1371,1.23402340234,repair5g1_shield_c125_b125_w075_d095_beta0p2_max0p5,148,1000,2678,14650fb0739d0383
50,repair5g1_shield_c125_b125_w075_d095_beta0p35_max0p75,True,random-32-32-20|a50|s148|it0|repair5g55_counterfactual_static_context,-0.0972097209721,0,True,False,0,random-32-32-20,-0.019801980198,52,True,2550,1111,265.4169,True,1276,1.14851485149,repair5g1_shield_c125_b125_w075_d095_beta0p35_max0p75,148,1000,2678,14650fb0739d0383
50,additive_ltm,True,random-32-32-20|a50|s149|it0|repair5g55_counterfactual_static_context,0,0.147619047619,True,False,0,random-32-32-20,-0.0104761904762,57,True,2799,1050,205.2579,True,1383,1.31714285714,additive_ltm,149,1000,2382,14650fb0739d0383
50,repair5g2_best_frozen_static_candidate,True,random-32-32-20|a50|s149|it0|repair5g55_counterfactual_static_context,-0.147619047619,0,True,False,0,random-32-32-20,-0.0104761904762,46,True,2248,1050,280.8592,True,1228,1.16952380952,repair5g1_shield_c125_b125_w075_d095_beta0p35_max0p75,149,1000,2382,14650fb0739d0383
50,repair5g2_frozen_static_or_selector,True,random-32-32-20|a50|s149|it0|repair5g55_counterfactual_static_context,-0.147619047619,0,True,False,0,random-32-32-20,-0.0104761904762,46,True,2248,1050,278.425,True,1228,1.16952380952,repair5g1_shield_c125_b125_w075_d095_beta0p35_max0p75,149,1000,2382,14650fb0739d0383
50,repair5g2_c_equiv_best_frozen_baseline,True,random-32-32-20|a50|s149|it0|repair5g55_counterfactual_static_context,0,0.147619047619,True,False,0,random-32-32-20,-0.0104761904762,57,True,2799,1050,161.3011,True,1383,1.31714285714,repair5g_dual_c_equiv_c100_b100_w075_d100,149,1000,2382,14650fb0739d0383
50,repair5g1_shield_c100_b125_w075_d100_beta0p35_max0p75,True,random-32-32-20|a50|s149|it0|repair5g55_counterfactual_static_context,-0.158095238095,-0.0104761904762,True,True,0,random-32-32-20,-0.0104761904762,47,True,2300,1050,246.2021,True,1217,1.15904761905,repair5g1_shield_c100_b125_w075_d100_beta0p35_max0p75,149,1000,2382,14650fb0739d0383
50,repair5g1_shield_c125_b125_w075_d095_beta0p2_max0p5,True,random-32-32-20|a50|s149|it0|repair5g55_counterfactual_static_context,-0.067619047619,0.08,True,False,0,random-32-32-20,-0.0104761904762,48,True,2346,1050,257.3431,True,1312,1.24952380952,repair5g1_shield_c125_b125_w075_d095_beta0p2_max0p5,149,1000,2382,14650fb0739d0383
50,repair5g1_shield_c125_b125_w075_d095_beta0p35_max0p75,True,random-32-32-20|a50|s149|it0|repair5g55_counterfactual_static_context,-0.147619047619,0,True,False,0,random-32-32-20,-0.0104761904762,46,True,2248,1050,258.2421,True,1228,1.16952380952,repair5g1_shield_c125_b125_w075_d095_beta0p35_max0p75,149,1000,2382,14650fb0739d0383
50,additive_ltm,True,random-32-32-20|a50|s150|it0|repair5g55_counterfactual_static_context,0,-0.00670016750419,True,False,0,random-32-32-20,-0.0259631490787,61,True,3000,1194,166.1797,True,1324,1.10887772194,additive_ltm,150,1000,3856,14650fb0739d0383
50,repair5g2_best_frozen_static_candidate,True,random-32-32-20|a50|s150|it0|repair5g55_counterfactual_static_context,0.00670016750419,0,True,False,0,random-32-32-20,-0.0259631490787,61,True,3000,1194,257.1383,True,1332,1.11557788945,repair5g1_shield_c125_b125_w075_d095_beta0p35_max0p75,150,1000,3856,14650fb0739d0383
50,repair5g2_frozen_static_or_selector,True,random-32-32-20|a50|s150|it0|repair5g55_counterfactual_static_context,0.00670016750419,0,True,False,0,random-32-32-20,-0.0259631490787,61,True,3000,1194,255.1152,True,1332,1.11557788945,repair5g1_shield_c125_b125_w075_d095_beta0p35_max0p75,150,1000,3856,14650fb0739d0383
50,repair5g2_c_equiv_best_frozen_baseline,True,random-32-32-20|a50|s150|it0|repair5g55_counterfactual_static_context,0,-0.00670016750419,True,False,0,random-32-32-20,-0.0259631490787,61,True,3000,1194,160.0109,True,1324,1.10887772194,repair5g_dual_c_equiv_c100_b100_w075_d100,150,1000,3856,14650fb0739d0383
50,repair5g1_shield_c100_b125_w075_d100_beta0p35_max0p75,True,random-32-32-20|a50|s150|it0|repair5g55_counterfactual_static_context,-0.0192629815745,-0.0259631490787,True,True,0,random-32-32-20,-0.0259631490787,61,True,2999,1194,246.0572,True,1301,1.08961474037,repair5g1_shield_c100_b125_w075_d100_beta0p35_max0p75,150,1000,3856,14650fb0739d0383
50,repair5g1_shield_c125_b125_w075_d095_beta0p2_max0p5,True,random-32-32-20|a50|s150|it0|repair5g55_counterfactual_static_context,-0.00921273031826,-0.0159128978224,True,False,0,random-32-32-20,-0.0259631490787,61,True,3000,1194,254.9601,True,1313,1.09966499162,repair5g1_shield_c125_b125_w075_d095_beta0p2_max0p5,150,1000,3856,14650fb0739d0383
50,repair5g1_shield_c125_b125_w075_d095_beta0p35_max0p75,True,random-32-32-20|a50|s150|it0|repair5g55_counterfactual_static_context,0.00670016750419,0,True,False,0,random-32-32-20,-0.0259631490787,61,True,3000,1194,322.249,True,1332,1.11557788945,repair5g1_shield_c125_b125_w075_d095_beta0p35_max0p75,150,1000,3856,14650fb0739d0383
50,additive_ltm,True,random-32-32-20|a50|s151|it0|repair5g55_counterfactual_static_context,0,0.163412127441,True,False,0,random-32-32-20,-0.0154162384378,49,True,2400,973,168.2531,True,1326,1.3627954779,additive_ltm,151,1000,2246,14650fb0739d0383
50,repair5g2_best_frozen_static_candidate,True,random-32-32-20|a50|s151|it0|repair5g55_counterfactual_static_context,-0.163412127441,0,True,False,0,random-32-32-20,-0.0154162384378,49,True,2400,973,232.0316,True,1167,1.19938335046,repair5g1_shield_c125_b125_w075_d095_beta0p35_max0p75,151,1000,2246,14650fb0739d0383
50,repair5g2_frozen_static_or_selector,True,random-32-32-20|a50|s151|it0|repair5g55_counterfactual_static_context,-0.163412127441,0,True,False,0,random-32-32-20,-0.0154162384378,49,True,2400,973,268.5253,True,1167,1.19938335046,repair5g1_shield_c125_b125_w075_d095_beta0p35_max0p75,151,1000,2246,14650fb0739d0383
50,repair5g2_c_equiv_best_frozen_baseline,True,random-32-32-20|a50|s151|it0|repair5g55_counterfactual_static_context,0,0.163412127441,True,False,0,random-32-32-20,-0.0154162384378,49,True,2400,973,158.3165,True,1326,1.3627954779,repair5g_dual_c_equiv_c100_b100_w075_d100,151,1000,2246,14650fb0739d0383
50,repair5g1_shield_c100_b125_w075_d100_beta0p35_max0p75,True,random-32-32-20|a50|s151|it0|repair5g55_counterfactual_static_context,-0.178828365879,-0.0154162384378,True,True,0,random-32-32-20,-0.0154162384378,49,True,2400,973,249.5393,True,1152,1.18396711202,repair5g1_shield_c100_b125_w075_d100_beta0p35_max0p75,151,1000,2246,14650fb0739d0383
50,repair5g1_shield_c125_b125_w075_d095_beta0p2_max0p5,True,random-32-32-20|a50|s151|it0|repair5g55_counterfactual_static_context,-0.119218910586,0.0441932168551,True,False,0,random-32-32-20,-0.0154162384378,49,True,2400,973,252.8615,True,1210,1.24357656732,repair5g1_shield_c125_b125_w075_d095_beta0p2_max0p5,151,1000,2246,14650fb0739d0383
50,repair5g1_shield_c125_b125_w075_d095_beta0p35_max0p75,True,random-32-32-20|a50|s151|it0|repair5g55_counterfactual_static_context,-0.163412127441,0,True,False,0,random-32-32-20,-0.0154162384378,49,True,2400,973,276.4616,True,1167,1.19938335046,repair5g1_shield_c125_b125_w075_d095_beta0p35_max0p75,151,1000,2246,14650fb0739d0383
50,additive_ltm,True,random-32-32-20|a50|s152|it0|repair5g55_counterfactual_static_context,0,0.242603550296,True,False,0,random-32-32-20,-0.00253592561285,71,True,3678,1183,164.6554,True,1649,1.39391377853,additive_ltm,152,1000,2423,14650fb0739d0383
50,repair5g2_best_frozen_static_candidate,True,random-32-32-20|a50|s152|it0|repair5g55_counterfactual_static_context,-0.242603550296,0,True,False,0,random-32-32-20,-0.00253592561285,45,True,2199,1183,239.3266,True,1362,1.15131022823,repair5g1_shield_c125_b125_w075_d095_beta0p35_max0p75,152,1000,2423,14650fb0739d0383
50,repair5g2_frozen_static_or_selector,True,random-32-32-20|a50|s152|it0|repair5g55_counterfactual_static_context,-0.242603550296,0,True,False,0,random-32-32-20,-0.00253592561285,45,True,2199,1183,226.4744,True,1362,1.15131022823,repair5g1_shield_c125_b125_w075_d095_beta0p35_max0p75,152,1000,2423,14650fb0739d0383
50,repair5g2_c_equiv_best_frozen_baseline,True,random-32-32-20|a50|s152|it0|repair5g55_counterfactual_static_context,0,0.242603550296,True,False,0,random-32-32-20,-0.00253592561285,71,True,3678,1183,180.0539,True,1649,1.39391377853,repair5g_dual_c_equiv_c100_b100_w075_d100,152,1000,2423,14650fb0739d0383
50,repair5g1_shield_c100_b125_w075_d100_beta0p35_max0p75,True,random-32-32-20|a50|s152|it0|repair5g55_counterfactual_static_context,-0.245139475909,-0.00253592561285,True,True,0,random-32-32-20,-0.00253592561285,49,True,2400,1183,245.146,True,1359,1.14877430262,repair5g1_shield_c100_b125_w075_d100_beta0p35_max0p75,152,1000,2423,14650fb0739d0383
50,repair5g1_shield_c125_b125_w075_d095_beta0p2_max0p5,True,random-32-32-20|a50|s152|it0|repair5g55_counterfactual_static_context,-0.138630600169,0.103972950127,True,False,0,random-32-32-20,-0.00253592561285,51,True,2491,1183,286.8847,True,1485,1.25528317836,repair5g1_shield_c125_b125_w075_d095_beta0p2_max0p5,152,1000,2423,14650fb0739d0383
50,repair5g1_shield_c125_b125_w075_d095_beta0p35_max0p75,True,random-32-32-20|a50|s152|it0|repair5g55_counterfactual_static_context,-0.242603550296,0,True,False,0,random-32-32-20,-0.00253592561285,45,True,2199,1183,235.8485,True,1362,1.15131022823,repair5g1_shield_c125_b125_w075_d095_beta0p35_max0p75,152,1000,2423,14650fb0739d0383
50,additive_ltm,True,random-32-32-20|a50|s153|it0|repair5g55_counterfactual_static_context,0,0.0143884892086,True,False,0,random-32-32-20,-0.0584532374101,61,True,2998,1112,169.6088,True,1407,1.26528776978,additive_ltm,153,1000,2732,14650fb0739d0383
50,repair5g2_best_frozen_static_candidate,True,random-32-32-20|a50|s153|it0|repair5g55_counterfactual_static_context,-0.0143884892086,0,True,False,0,random-32-32-20,-0.0584532374101,55,True,2688,1112,246.6308,True,1391,1.25089928058,repair5g1_shield_c125_b125_w075_d095_beta0p35_max0p75,153,1000,2732,14650fb0739d0383
50,repair5g2_frozen_static_or_selector,True,random-32-32-20|a50|s153|it0|repair5g55_counterfactual_static_context,-0.0143884892086,0,True,False,0,random-32-32-20,-0.0584532374101,55,True,2688,1112,254.2032,True,1391,1.25089928058,repair5g1_shield_c125_b125_w075_d095_beta0p35_max0p75,153,1000,2732,14650fb0739d0383
50,repair5g2_c_equiv_best_frozen_baseline,True,random-32-32-20|a50|s153|it0|repair5g55_counterfactual_static_context,0,0.0143884892086,True,False,0,random-32-32-20,-0.0584532374101,61,True,2998,1112,163.919,True,1407,1.26528776978,repair5g_dual_c_equiv_c100_b100_w075_d100,153,1000,2732,14650fb0739d0383
50,repair5g1_shield_c100_b125_w075_d100_beta0p35_max0p75,True,random-32-32-20|a50|s153|it0|repair5g55_counterfactual_static_context,-0.0728417266187,-0.0584532374101,True,True,0,random-32-32-20,-0.0584532374101,53,True,2598,1112,254.9316,True,1326,1.19244604317,repair5g1_shield_c100_b125_w075_d100_beta0p35_max0p75,153,1000,2732,14650fb0739d0383
50,repair5g1_shield_c125_b125_w075_d095_beta0p2_max0p5,True,random-32-32-20|a50|s153|it0|repair5g55_counterfactual_static_context,-0.0494604316547,-0.035071942446,True,False,0,random-32-32-20,-0.0584532374101,59,True,2900,1112,290.6947,True,1352,1.21582733813,repair5g1_shield_c125_b125_w075_d095_beta0p2_max0p5,153,1000,2732,14650fb0739d0383
50,repair5g1_shield_c125_b125_w075_d095_beta0p35_max0p75,True,random-32-32-20|a50|s153|it0|repair5g55_counterfactual_static_context,-0.0143884892086,0,True,False,0,random-32-32-20,-0.0584532374101,55,True,2688,1112,251.3207,True,1391,1.25089928058,repair5g1_shield_c125_b125_w075_d095_beta0p35_max0p75,153,1000,2732,14650fb0739d0383
50,additive_ltm,True,random-32-32-20|a50|s154|it0|repair5g55_counterfactual_static_context,0,0.141700404858,True,False,0,random-32-32-20,-0.0172064777328,65,True,4411,988,184.949,True,1315,1.33097165992,additive_ltm,154,1000,2193,14650fb0739d0383
50,repair5g2_best_frozen_static_candidate,True,random-32-32-20|a50|s154|it0|repair5g55_counterfactual_static_context,-0.141700404858,0,True,False,0,random-32-32-20,-0.0172064777328,54,True,3233,988,241.5851,True,1175,1.18927125506,repair5g1_shield_c125_b125_w075_d095_beta0p35_max0p75,154,1000,2193,14650fb0739d0383
50,repair5g2_frozen_static_or_selector,True,random-32-32-20|a50|s154|it0|repair5g55_counterfactual_static_context,-0.141700404858,0,True,False,0,random-32-32-20,-0.0172064777328,54,True,3233,988,262.8108,True,1175,1.18927125506,repair5g1_shield_c125_b125_w075_d095_beta0p35_max0p75,154,1000,2193,14650fb0739d0383
50,repair5g2_c_equiv_best_frozen_baseline,True,random-32-32-20|a50|s154|it0|repair5g55_counterfactual_static_context,0,0.141700404858,True,False,0,random-32-32-20,-0.0172064777328,65,True,4411,988,200.2869,True,1315,1.33097165992,repair5g_dual_c_equiv_c100_b100_w075_d100,154,1000,2193,14650fb0739d0383
50,repair5g1_shield_c100_b125_w075_d100_beta0p35_max0p75,True,random-32-32-20|a50|s154|it0|repair5g55_counterfactual_static_context,-0.158906882591,-0.0172064777328,True,True,0,random-32-32-20,-0.0172064777328,46,True,2249,988,230.7235,True,1158,1.17206477733,repair5g1_shield_c100_b125_w075_d100_beta0p35_max0p75,154,1000,2193,14650fb0739d0383
50,repair5g1_shield_c125_b125_w075_d095_beta0p2_max0p5,True,random-32-32-20|a50|s154|it0|repair5g55_counterfactual_static_context,-0.0678137651822,0.0738866396761,True,False,0,random-32-32-20,-0.0172064777328,64,True,4507,988,253.3768,True,1248,1.26315789474,repair5g1_shield_c125_b125_w075_d095_beta0p2_max0p5,154,1000,2193,14650fb0739d0383
50,repair5g1_shield_c125_b125_w075_d095_beta0p35_max0p75,True,random-32-32-20|a50|s154|it0|repair5g55_counterfactual_static_context,-0.141700404858,0,True,False,0,random-32-32-20,-0.0172064777328,54,True,3233,988,251.7277,True,1175,1.18927125506,repair5g1_shield_c125_b125_w075_d095_beta0p35_max0p75,154,1000,2193,14650fb0739d0383
50,additive_ltm,True,random-32-32-20|a50|s155|it0|repair5g55_counterfactual_static_context,0,0.127970749543,True,False,0,random-32-32-20,0,54,True,2649,1094,156.3374,True,1399,1.27879341865,additive_ltm,155,1000,2800,14650fb0739d0383
50,repair5g2_best_frozen_static_candidate,True,random-32-32-20|a50|s155|it0|repair5g55_counterfactual_static_context,-0.127970749543,0,True,True,0,random-32-32-20,0,54,True,2650,1094,260.7556,True,1259,1.1508226691,repair5g1_shield_c125_b125_w075_d095_beta0p35_max0p75,155,1000,2800,14650fb0739d0383
50,repair5g2_frozen_static_or_selector,True,random-32-32-20|a50|s155|it0|repair5g55_counterfactual_static_context,-0.127970749543,0,True,False,0,random-32-32-20,0,54,True,2650,1094,262.7841,True,1259,1.1508226691,repair5g1_shield_c125_b125_w075_d095_beta0p35_max0p75,155,1000,2800,14650fb0739d0383
50,repair5g2_c_equiv_best_frozen_baseline,True,random-32-32-20|a50|s155|it0|repair5g55_counterfactual_static_context,0,0.127970749543,True,False,0,random-32-32-20,0,54,True,2649,1094,158.4101,True,1399,1.27879341865,repair5g_dual_c_equiv_c100_b100_w075_d100,155,1000,2800,14650fb0739d0383
50,repair5g1_shield_c100_b125_w075_d100_beta0p35_max0p75,True,random-32-32-20|a50|s155|it0|repair5g55_counterfactual_static_context,-0.115173674589,0.0127970749543,True,False,0,random-32-32-20,0,54,True,2649,1094,228.6186,True,1273,1.16361974406,repair5g1_shield_c100_b125_w075_d100_beta0p35_max0p75,155,1000,2800,14650fb0739d0383
50,repair5g1_shield_c125_b125_w075_d095_beta0p2_max0p5,True,random-32-32-20|a50|s155|it0|repair5g55_counterfactual_static_context,-0.113345521024,0.0146252285192,True,False,0,random-32-32-20,0,54,True,2650,1094,231.3763,True,1275,1.16544789762,repair5g1_shield_c125_b125_w075_d095_beta0p2_max0p5,155,1000,2800,14650fb0739d0383
50,repair5g1_shield_c125_b125_w075_d095_beta0p35_max0p75,True,random-32-32-20|a50|s155|it0|repair5g55_counterfactual_static_context,-0.127970749543,0,True,False,0,random-32-32-20,0,54,True,2650,1094,259.7245,True,1259,1.1508226691,repair5g1_shield_c125_b125_w075_d095_beta0p35_max0p75,155,1000,2800,14650fb0739d0383
100,additive_ltm,True,random-32-32-20|a100|s146|it0|repair5g55_counterfactual_static_context,0,0.103658536585,True,False,0,random-32-32-20,0,59,True,5799,2132,322.8778,True,2971,1.3935272045,additive_ltm,146,1000,5508,14650fb0739d0383
100,repair5g2_best_frozen_static_candidate,True,random-32-32-20|a100|s146|it0|repair5g55_counterfactual_static_context,-0.103658536585,0,True,True,0,random-32-32-20,0,59,True,5896,2132,528.502,True,2750,1.28986866792,repair5g1_shield_c125_b125_w075_d095_beta0p35_max0p75,146,1000,5508,14650fb0739d0383
100,repair5g2_frozen_static_or_selector,True,random-32-32-20|a100|s146|it0|repair5g55_counterfactual_static_context,-0.0872420262664,0.0164165103189,True,False,0,random-32-32-20,0,61,True,6792,2132,519.068,True,2785,1.30628517824,repair5g1_shield_c100_b125_w075_d100_beta0p35_max0p75,146,1000,5508,14650fb0739d0383
100,repair5g2_c_equiv_best_frozen_baseline,True,random-32-32-20|a100|s146|it0|repair5g55_counterfactual_static_context,0,0.103658536585,True,False,0,random-32-32-20,0,59,True,5799,2132,484.6881,True,2971,1.3935272045,repair5g_dual_c_equiv_c100_b100_w075_d100,146,1000,5508,14650fb0739d0383
100,repair5g1_shield_c100_b125_w075_d100_beta0p35_max0p75,True,random-32-32-20|a100|s146|it0|repair5g55_counterfactual_static_context,-0.0872420262664,0.0164165103189,True,False,0,random-32-32-20,0,61,True,6792,2132,714.8154,True,2785,1.30628517824,repair5g1_shield_c100_b125_w075_d100_beta0p35_max0p75,146,1000,5508,14650fb0739d0383
100,repair5g1_shield_c125_b125_w075_d095_beta0p2_max0p5,True,random-32-32-20|a100|s146|it0|repair5g55_counterfactual_static_context,-0.0590994371482,0.0445590994371,True,False,0,random-32-32-20,0,59,True,5799,2132,687.408,True,2845,1.33442776735,repair5g1_shield_c125_b125_w075_d095_beta0p2_max0p5,146,1000,5508,14650fb0739d0383
100,repair5g1_shield_c125_b125_w075_d095_beta0p35_max0p75,True,random-32-32-20|a100|s146|it0|repair5g55_counterfactual_static_context,-0.103658536585,0,True,False,0,random-32-32-20,0,59,True,5896,2132,669.1453,True,2750,1.28986866792,repair5g1_shield_c125_b125_w075_d095_beta0p35_max0p75,146,1000,5508,14650fb0739d0383
100,additive_ltm,True,random-32-32-20|a100|s147|it0|repair5g55_counterfactual_static_context,0,0.139659803044,True,False,0,random-32-32-20,0,72,True,7595,2234,341.8316,True,3122,1.39749328559,additive_ltm,147,1000,5752,14650fb0739d0383
100,repair5g2_best_frozen_static_candidate,True,random-32-32-20|a100|s147|it0|repair5g55_counterfactual_static_context,-0.139659803044,0,True,True,0,random-32-32-20,0,58,True,5699,2234,514.1944,True,2810,1.25783348254,repair5g1_shield_c125_b125_w075_d095_beta0p35_max0p75,147,1000,5752,14650fb0739d0383
100,repair5g2_frozen_static_or_selector,True,random-32-32-20|a100|s147|it0|repair5g55_counterfactual_static_context,-0.0635631154879,0.076096687556,True,False,0,random-32-32-20,0,55,True,5395,2234,501.8073,True,2980,1.3339301701,repair5g1_shield_c100_b125_w075_d100_beta0p35_max0p75,147,1000,5752,14650fb0739d0383
100,repair5g2_c_equiv_best_frozen_baseline,True,random-32-32-20|a100|s147|it0|repair5g55_counterfactual_static_context,0,0.139659803044,True,False,0,random-32-32-20,0,72,True,7595,2234,536.076,True,3122,1.39749328559,repair5g_dual_c_equiv_c100_b100_w075_d100,147,1000,5752,14650fb0739d0383
100,repair5g1_shield_c100_b125_w075_d100_beta0p35_max0p75,True,random-32-32-20|a100|s147|it0|repair5g55_counterfactual_static_context,-0.0635631154879,0.076096687556,True,False,0,random-32-32-20,0,55,True,5395,2234,744.61,True,2980,1.3339301701,repair5g1_shield_c100_b125_w075_d100_beta0p35_max0p75,147,1000,5752,14650fb0739d0383
100,repair5g1_shield_c125_b125_w075_d095_beta0p2_max0p5,True,random-32-32-20|a100|s147|it0|repair5g55_counterfactual_static_context,-0.0850492390331,0.0546105640107,True,False,0,random-32-32-20,0,61,True,6000,2234,718.2975,True,2932,1.31244404655,repair5g1_shield_c125_b125_w075_d095_beta0p2_max0p5,147,1000,5752,14650fb0739d0383
100,repair5g1_shield_c125_b125_w075_d095_beta0p35_max0p75,True,random-32-32-20|a100|s147|it0|repair5g55_counterfactual_static_context,-0.139659803044,0,True,False,0,random-32-32-20,0,58,True,5699,2234,662.1167,True,2810,1.25783348254,repair5g1_shield_c125_b125_w075_d095_beta0p35_max0p75,147,1000,5752,14650fb0739d0383
100,additive_ltm,True,random-32-32-20|a100|s148|it0|repair5g55_counterfactual_static_context,0,0.205949656751,True,False,0,random-32-32-20,-0.00228832951945,75,True,7400,2185,335.3226,True,3308,1.51395881007,additive_ltm,148,1000,5793,14650fb0739d0383
100,repair5g2_best_frozen_static_candidate,True,random-32-32-20|a100|s148|it0|repair5g55_counterfactual_static_context,-0.205949656751,0,True,False,0,random-32-32-20,-0.00228832951945,56,True,5496,2185,493.4608,True,2858,1.30800915332,repair5g1_shield_c125_b125_w075_d095_beta0p35_max0p75,148,1000,5793,14650fb0739d0383
100,repair5g2_frozen_static_or_selector,True,random-32-32-20|a100|s148|it0|repair5g55_counterfactual_static_context,-0.20823798627,-0.00228832951945,True,True,0,random-32-32-20,-0.00228832951945,59,True,5800,2185,477.5451,True,2853,1.3057208238,repair5g1_shield_c100_b125_w075_d100_beta0p35_max0p75,148,1000,5793,14650fb0739d0383
100,repair5g2_c_equiv_best_frozen_baseline,True,random-32-32-20|a100|s148|it0|repair5g55_counterfactual_static_context,0,0.205949656751,True,False,0,random-32-32-20,-0.00228832951945,75,True,7400,2185,409.0834,True,3308,1.51395881007,repair5g_dual_c_equiv_c100_b100_w075_d100,148,1000,5793,14650fb0739d0383
100,repair5g1_shield_c100_b125_w075_d100_beta0p35_max0p75,True,random-32-32-20|a100|s148|it0|repair5g55_counterfactual_static_context,-0.20823798627,-0.00228832951945,True,False,0,random-32-32-20,-0.00228832951945,59,True,5800,2185,615.6884,True,2853,1.3057208238,repair5g1_shield_c100_b125_w075_d100_beta0p35_max0p75,148,1000,5793,14650fb0739d0383
100,repair5g1_shield_c125_b125_w075_d095_beta0p2_max0p5,True,random-32-32-20|a100|s148|it0|repair5g55_counterfactual_static_context,-0.162929061785,0.0430205949657,True,False,0,random-32-32-20,-0.00228832951945,70,True,6897,2185,679.4144,True,2952,1.35102974828,repair5g1_shield_c125_b125_w075_d095_beta0p2_max0p5,148,1000,5793,14650fb0739d0383
100,repair5g1_shield_c125_b125_w075_d095_beta0p35_max0p75,True,random-32-32-20|a100|s148|it0|repair5g55_counterfactual_static_context,-0.205949656751,0,True,False,0,random-32-32-20,-0.00228832951945,56,True,5496,2185,682.4283,True,2858,1.30800915332,repair5g1_shield_c125_b125_w075_d095_beta0p35_max0p75,148,1000,5793,14650fb0739d0383
100,additive_ltm,True,random-32-32-20|a100|s149|it0|repair5g55_counterfactual_static_context,0,0.100699300699,True,False,0,random-32-32-20,0,57,True,5599,2145,345.1448,True,2844,1.32587412587,additive_ltm,149,1000,6387,14650fb0739d0383
100,repair5g2_best_frozen_static_candidate,True,random-32-32-20|a100|s149|it0|repair5g55_counterfactual_static_context,-0.100699300699,0,True,True,0,random-32-32-20,0,53,True,5196,2145,498.8029,True,2628,1.22517482517,repair5g1_shield_c125_b125_w075_d095_beta0p35_max0p75,149,1000,6387,14650fb0739d0383
100,repair5g2_frozen_static_or_selector,True,random-32-32-20|a100|s149|it0|repair5g55_counterfactual_static_context,-0.0997668997669,0.000932400932401,True,False,0,random-32-32-20,0,53,True,5198,2145,480.3802,True,2630,1.22610722611,repair5g1_shield_c100_b125_w075_d100_beta0p35_max0p75,149,1000,6387,14650fb0739d0383
100,repair5g2_c_equiv_best_frozen_baseline,True,random-32-32-20|a100|s149|it0|repair5g55_counterfactual_static_context,0,0.100699300699,True,False,0,random-32-32-20,0,57,True,5599,2145,465.9004,True,2844,1.32587412587,repair5g_dual_c_equiv_c100_b100_w075_d100,149,1000,6387,14650fb0739d0383
100,repair5g1_shield_c100_b125_w075_d100_beta0p35_max0p75,True,random-32-32-20|a100|s149|it0|repair5g55_counterfactual_static_context,-0.0997668997669,0.000932400932401,True,False,0,random-32-32-20,0,53,True,5198,2145,707.3574,True,2630,1.22610722611,repair5g1_shield_c100_b125_w075_d100_beta0p35_max0p75,149,1000,6387,14650fb0739d0383
100,repair5g1_shield_c125_b125_w075_d095_beta0p2_max0p5,True,random-32-32-20|a100|s149|it0|repair5g55_counterfactual_static_context,-0.0191142191142,0.0815850815851,True,False,0,random-32-32-20,0,59,True,5796,2145,683.8838,True,2803,1.30675990676,repair5g1_shield_c125_b125_w075_d095_beta0p2_max0p5,149,1000,6387,14650fb0739d0383
100,repair5g1_shield_c125_b125_w075_d095_beta0p35_max0p75,True,random-32-32-20|a100|s149|it0|repair5g55_counterfactual_static_context,-0.100699300699,0,True,False,0,random-32-32-20,0,53,True,5196,2145,697.3764,True,2628,1.22517482517,repair5g1_shield_c125_b125_w075_d095_beta0p35_max0p75,149,1000,6387,14650fb0739d0383
100,additive_ltm,True,random-32-32-20|a100|s150|it0|repair5g55_counterfactual_static_context,0,0.0435303514377,True,False,0,random-32-32-20,0,63,True,6192,2504,345.6406,True,3115,1.24400958466,additive_ltm,150,1000,12359,14650fb0739d0383
100,repair5g2_best_frozen_static_candidate,True,random-32-32-20|a100|s150|it0|repair5g55_counterfactual_static_context,-0.0435303514377,0,True,True,0,random-32-32-20,0,63,True,6200,2504,549.2148,True,3006,1.20047923323,repair5g1_shield_c125_b125_w075_d095_beta0p35_max0p75,150,1000,12359,14650fb0739d0383
100,repair5g2_frozen_static_or_selector,True,random-32-32-20|a100|s150|it0|repair5g55_counterfactual_static_context,-0.0347444089457,0.00878594249201,True,False,0,random-32-32-20,0,61,True,5996,2504,563.2108,True,3028,1.20926517572,repair5g1_shield_c100_b125_w075_d100_beta0p35_max0p75,150,1000,12359,14650fb0739d0383
100,repair5g2_c_equiv_best_frozen_baseline,True,random-32-32-20|a100|s150|it0|repair5g55_counterfactual_static_context,0,0.0435303514377,True,False,0,random-32-32-20,0,63,True,6192,2504,464.4287,True,3115,1.24400958466,repair5g_dual_c_equiv_c100_b100_w075_d100,150,1000,12359,14650fb0739d0383
100,repair5g1_shield_c100_b125_w075_d100_beta0p35_max0p75,True,random-32-32-20|a100|s150|it0|repair5g55_counterfactual_static_context,-0.0347444089457,0.00878594249201,True,False,0,random-32-32-20,0,61,True,5996,2504,714.3069,True,3028,1.20926517572,repair5g1_shield_c100_b125_w075_d100_beta0p35_max0p75,150,1000,12359,14650fb0739d0383
100,repair5g1_shield_c125_b125_w075_d095_beta0p2_max0p5,True,random-32-32-20|a100|s150|it0|repair5g55_counterfactual_static_context,-0.0123801916933,0.0311501597444,True,False,0,random-32-32-20,0,63,True,6193,2504,685.7412,True,3084,1.23162939297,repair5g1_shield_c125_b125_w075_d095_beta0p2_max0p5,150,1000,12359,14650fb0739d0383
100,repair5g1_shield_c125_b125_w075_d095_beta0p35_max0p75,True,random-32-32-20|a100|s150|it0|repair5g55_counterfactual_static_context,-0.0435303514377,0,True,False,0,random-32-32-20,0,63,True,6200,2504,721.8574,True,3006,1.20047923323,repair5g1_shield_c125_b125_w075_d095_beta0p35_max0p75,150,1000,12359,14650fb0739d0383
100,additive_ltm,True,random-32-32-20|a100|s151|it0|repair5g55_counterfactual_static_context,0,0.1645813282,True,False,0,random-32-32-20,0,71,True,6999,2078,347.1669,True,3109,1.49615014437,additive_ltm,151,1000,5781,14650fb0739d0383
100,repair5g2_best_frozen_static_candidate,True,random-32-32-20|a100|s151|it0|repair5g55_counterfactual_static_context,-0.1645813282,0,True,True,0,random-32-32-20,0,53,True,5200,2078,565.7382,True,2767,1.33156881617,repair5g1_shield_c125_b125_w075_d095_beta0p35_max0p75,151,1000,5781,14650fb0739d0383
100,repair5g2_frozen_static_or_selector,True,random-32-32-20|a100|s151|it0|repair5g55_counterfactual_static_context,-0.147256977863,0.0173243503369,True,False,0,random-32-32-20,0,59,True,6093,2078,491.6404,True,2803,1.34889316651,repair5g1_shield_c100_b125_w075_d100_beta0p35_max0p75,151,1000,5781,14650fb0739d0383
100,repair5g2_c_equiv_best_frozen_baseline,True,random-32-32-20|a100|s151|it0|repair5g55_counterfactual_static_context,0,0.1645813282,True,False,0,random-32-32-20,0,71,True,6999,2078,470.7064,True,3109,1.49615014437,repair5g_dual_c_equiv_c100_b100_w075_d100,151,1000,5781,14650fb0739d0383
100,repair5g1_shield_c100_b125_w075_d100_beta0p35_max0p75,True,random-32-32-20|a100|s151|it0|repair5g55_counterfactual_static_context,-0.147256977863,0.0173243503369,True,False,0,random-32-32-20,0,59,True,6093,2078,719.9434,True,2803,1.34889316651,repair5g1_shield_c100_b125_w075_d100_beta0p35_max0p75,151,1000,5781,14650fb0739d0383
100,repair5g1_shield_c125_b125_w075_d095_beta0p2_max0p5,True,random-32-32-20|a100|s151|it0|repair5g55_counterfactual_static_context,-0.0293551491819,0.135226179018,True,False,0,random-32-32-20,0,68,True,7984,2078,682.56,True,3048,1.46679499519,repair5g1_shield_c125_b125_w075_d095_beta0p2_max0p5,151,1000,5781,14650fb0739d0383
100,repair5g1_shield_c125_b125_w075_d095_beta0p35_max0p75,True,random-32-32-20|a100|s151|it0|repair5g55_counterfactual_static_context,-0.1645813282,0,True,False,0,random-32-32-20,0,53,True,5200,2078,663.0931,True,2767,1.33156881617,repair5g1_shield_c125_b125_w075_d095_beta0p35_max0p75,151,1000,5781,14650fb0739d0383
100,additive_ltm,True,random-32-32-20|a100|s152|it0|repair5g55_counterfactual_static_context,0,0.191266375546,True,False,0,random-32-32-20,0,69,True,7491,2290,380.5187,True,3470,1.51528384279,additive_ltm,152,1000,5844,14650fb0739d0383
100,repair5g2_best_frozen_static_candidate,True,random-32-32-20|a100|s152|it0|repair5g55_counterfactual_static_context,-0.191266375546,0,True,True,0,random-32-32-20,0,53,True,5200,2290,546.0133,True,3032,1.32401746725,repair5g1_shield_c125_b125_w075_d095_beta0p35_max0p75,152,1000,5844,14650fb0739d0383
100,repair5g2_frozen_static_or_selector,True,random-32-32-20|a100|s152|it0|repair5g55_counterfactual_static_context,-0.163755458515,0.0275109170306,True,False,0,random-32-32-20,0,55,True,5400,2290,528.3618,True,3095,1.35152838428,repair5g1_shield_c100_b125_w075_d100_beta0p35_max0p75,152,1000,5844,14650fb0739d0383
100,repair5g2_c_equiv_best_frozen_baseline,True,random-32-32-20|a100|s152|it0|repair5g55_counterfactual_static_context,0,0.191266375546,True,False,0,random-32-32-20,0,69,True,7491,2290,522.5291,True,3470,1.51528384279,repair5g_dual_c_equiv_c100_b100_w075_d100,152,1000,5844,14650fb0739d0383
100,repair5g1_shield_c100_b125_w075_d100_beta0p35_max0p75,True,random-32-32-20|a100|s152|it0|repair5g55_counterfactual_static_context,-0.163755458515,0.0275109170306,True,False,0,random-32-32-20,0,55,True,5400,2290,670.1322,True,3095,1.35152838428,repair5g1_shield_c100_b125_w075_d100_beta0p35_max0p75,152,1000,5844,14650fb0739d0383
100,repair5g1_shield_c125_b125_w075_d095_beta0p2_max0p5,True,random-32-32-20|a100|s152|it0|repair5g55_counterfactual_static_context,-0.155021834061,0.0362445414847,True,False,0,random-32-32-20,0,55,True,5399,2290,605.058,True,3115,1.36026200873,repair5g1_shield_c125_b125_w075_d095_beta0p2_max0p5,152,1000,5844,14650fb0739d0383
100,repair5g1_shield_c125_b125_w075_d095_beta0p35_max0p75,True,random-32-32-20|a100|s152|it0|repair5g55_counterfactual_static_context,-0.191266375546,0,True,False,0,random-32-32-20,0,53,True,5200,2290,704.9704,True,3032,1.32401746725,repair5g1_shield_c125_b125_w075_d095_beta0p35_max0p75,152,1000,5844,14650fb0739d0383
100,additive_ltm,True,random-32-32-20|a100|s153|it0|repair5g55_counterfactual_static_context,0,0.170776255708,True,False,0,random-32-32-20,-0.0041095890411,74,True,7791,2190,417.4206,True,3250,1.48401826484,additive_ltm,153,1000,6755,14650fb0739d0383
100,repair5g2_best_frozen_static_candidate,True,random-32-32-20|a100|s153|it0|repair5g55_counterfactual_static_context,-0.170776255708,0,True,False,0,random-32-32-20,-0.0041095890411,69,True,7690,2190,562.572,True,2876,1.31324200913,repair5g1_shield_c125_b125_w075_d095_beta0p35_max0p75,153,1000,6755,14650fb0739d0383
100,repair5g2_frozen_static_or_selector,True,random-32-32-20|a100|s153|it0|repair5g55_counterfactual_static_context,-0.174885844749,-0.0041095890411,True,True,0,random-32-32-20,-0.0041095890411,61,True,6000,2190,576.1666,True,2867,1.30913242009,repair5g1_shield_c100_b125_w075_d100_beta0p35_max0p75,153,1000,6755,14650fb0739d0383
100,repair5g2_c_equiv_best_frozen_baseline,True,random-32-32-20|a100|s153|it0|repair5g55_counterfactual_static_context,0,0.170776255708,True,False,0,random-32-32-20,-0.0041095890411,74,True,7791,2190,519.3623,True,3250,1.48401826484,repair5g_dual_c_equiv_c100_b100_w075_d100,153,1000,6755,14650fb0739d0383
100,repair5g1_shield_c100_b125_w075_d100_beta0p35_max0p75,True,random-32-32-20|a100|s153|it0|repair5g55_counterfactual_static_context,-0.174885844749,-0.0041095890411,True,False,0,random-32-32-20,-0.0041095890411,61,True,6000,2190,687.1801,True,2867,1.30913242009,repair5g1_shield_c100_b125_w075_d100_beta0p35_max0p75,153,1000,6755,14650fb0739d0383
100,repair5g1_shield_c125_b125_w075_d095_beta0p2_max0p5,True,random-32-32-20|a100|s153|it0|repair5g55_counterfactual_static_context,-0.107762557078,0.0630136986301,True,False,0,random-32-32-20,-0.0041095890411,63,True,6200,2190,741.4782,True,3014,1.37625570776,repair5g1_shield_c125_b125_w075_d095_beta0p2_max0p5,153,1000,6755,14650fb0739d0383
100,repair5g1_shield_c125_b125_w075_d095_beta0p35_max0p75,True,random-32-32-20|a100|s153|it0|repair5g55_counterfactual_static_context,-0.170776255708,0,True,False,0,random-32-32-20,-0.0041095890411,69,True,7690,2190,685.934,True,2876,1.31324200913,repair5g1_shield_c125_b125_w075_d095_beta0p35_max0p75,153,1000,6755,14650fb0739d0383
100,additive_ltm,True,random-32-32-20|a100|s154|it0|repair5g55_counterfactual_static_context,0,0.093023255814,True,False,0,random-32-32-20,-0.00511627906977,57,True,5593,2150,357.0544,True,3000,1.39534883721,additive_ltm,154,1000,5492,14650fb0739d0383
100,repair5g2_best_frozen_static_candidate,True,random-32-32-20|a100|s154|it0|repair5g55_counterfactual_static_context,-0.093023255814,0,True,False,0,random-32-32-20,-0.00511627906977,57,True,5695,2150,487.9386,True,2800,1.3023255814,repair5g1_shield_c125_b125_w075_d095_beta0p35_max0p75,154,1000,5492,14650fb0739d0383
100,repair5g2_frozen_static_or_selector,True,random-32-32-20|a100|s154|it0|repair5g55_counterfactual_static_context,-0.0981395348837,-0.00511627906977,True,True,0,random-32-32-20,-0.00511627906977,64,True,7571,2150,585.8845,True,2789,1.29720930233,repair5g1_shield_c100_b125_w075_d100_beta0p35_max0p75,154,1000,5492,14650fb0739d0383
100,repair5g2_c_equiv_best_frozen_baseline,True,random-32-32-20|a100|s154|it0|repair5g55_counterfactual_static_context,0,0.093023255814,True,False,0,random-32-32-20,-0.00511627906977,57,True,5593,2150,469.7359,True,3000,1.39534883721,repair5g_dual_c_equiv_c100_b100_w075_d100,154,1000,5492,14650fb0739d0383
100,repair5g1_shield_c100_b125_w075_d100_beta0p35_max0p75,True,random-32-32-20|a100|s154|it0|repair5g55_counterfactual_static_context,-0.0981395348837,-0.00511627906977,True,False,0,random-32-32-20,-0.00511627906977,64,True,7571,2150,664.1996,True,2789,1.29720930233,repair5g1_shield_c100_b125_w075_d100_beta0p35_max0p75,154,1000,5492,14650fb0739d0383
100,repair5g1_shield_c125_b125_w075_d095_beta0p2_max0p5,True,random-32-32-20|a100|s154|it0|repair5g55_counterfactual_static_context,-0.0567441860465,0.0362790697674,True,False,0,random-32-32-20,-0.00511627906977,73,True,10141,2150,755.192,True,2878,1.33860465116,repair5g1_shield_c125_b125_w075_d095_beta0p2_max0p5,154,1000,5492,14650fb0739d0383
100,repair5g1_shield_c125_b125_w075_d095_beta0p35_max0p75,True,random-32-32-20|a100|s154|it0|repair5g55_counterfactual_static_context,-0.093023255814,0,True,False,0,random-32-32-20,-0.00511627906977,57,True,5695,2150,696.0913,True,2800,1.3023255814,repair5g1_shield_c125_b125_w075_d095_beta0p35_max0p75,154,1000,5492,14650fb0739d0383
100,additive_ltm,True,random-32-32-20|a100|s155|it0|repair5g55_counterfactual_static_context,0,0.0728265817023,True,False,0,random-32-32-20,-0.0323167956304,77,True,7994,2197,349.4308,True,3092,1.4073736914,additive_ltm,155,1000,5881,14650fb0739d0383
100,repair5g2_best_frozen_static_candidate,True,random-32-32-20|a100|s155|it0|repair5g55_counterfactual_static_context,-0.0728265817023,0,True,False,0,random-32-32-20,-0.0323167956304,66,True,6495,2197,502.2684,True,2932,1.3345471097,repair5g1_shield_c125_b125_w075_d095_beta0p35_max0p75,155,1000,5881,14650fb0739d0383
100,repair5g2_frozen_static_or_selector,True,random-32-32-20|a100|s155|it0|repair5g55_counterfactual_static_context,-0.105143377333,-0.0323167956304,True,True,0,random-32-32-20,-0.0323167956304,64,True,6293,2197,505.9636,True,2861,1.30223031406,repair5g1_shield_c100_b125_w075_d100_beta0p35_max0p75,155,1000,5881,14650fb0739d0383
100,repair5g2_c_equiv_best_frozen_baseline,True,random-32-32-20|a100|s155|it0|repair5g55_counterfactual_static_context,0,0.0728265817023,True,False,0,random-32-32-20,-0.0323167956304,77,True,7994,2197,468.3383,True,3092,1.4073736914,repair5g_dual_c_equiv_c100_b100_w075_d100,155,1000,5881,14650fb0739d0383
100,repair5g1_shield_c100_b125_w075_d100_beta0p35_max0p75,True,random-32-32-20|a100|s155|it0|repair5g55_counterfactual_static_context,-0.105143377333,-0.0323167956304,True,False,0,random-32-32-20,-0.0323167956304,64,True,6293,2197,714.5915,True,2861,1.30223031406,repair5g1_shield_c100_b125_w075_d100_beta0p35_max0p75,155,1000,5881,14650fb0739d0383
100,repair5g1_shield_c125_b125_w075_d095_beta0p2_max0p5,True,random-32-32-20|a100|s155|it0|repair5g55_counterfactual_static_context,0.0145653163405,0.0873918980428,True,False,0,random-32-32-20,-0.0323167956304,73,True,7279,2197,725.4932,True,3124,1.42193900774,repair5g1_shield_c125_b125_w075_d095_beta0p2_max0p5,155,1000,5881,14650fb0739d0383
100,repair5g1_shield_c125_b125_w075_d095_beta0p35_max0p75,True,random-32-32-20|a100|s155|it0|repair5g55_counterfactual_static_context,-0.0728265817023,0,True,False,0,random-32-32-20,-0.0323167956304,66,True,6495,2197,730.5002,True,2932,1.3345471097,repair5g1_shield_c125_b125_w075_d095_beta0p35_max0p75,155,1000,5881,14650fb0739d0383
50,additive_ltm,True,warehouse-10-20-10-2-1|a50|s146|it0|repair5g55_counterfactual_static_context,,,True,False,0,warehouse-10-20-10-2-1,,1,False,0,4824,1493.7331,False,,,additive_ltm,146,1000,12713,14650fb0739d0383
50,repair5g2_best_frozen_static_candidate,True,warehouse-10-20-10-2-1|a50|s146|it0|repair5g55_counterfactual_static_context,,,True,False,0,warehouse-10-20-10-2-1,,1,False,0,4824,2689.2057,False,,,repair5g1_shield_c125_b125_w075_d095_beta0p35_max0p75,146,1000,12713,14650fb0739d0383
50,repair5g2_frozen_static_or_selector,True,warehouse-10-20-10-2-1|a50|s146|it0|repair5g55_counterfactual_static_context,,,True,False,0,warehouse-10-20-10-2-1,,1,False,0,4824,1721.0732,False,,,repair5g_dual_c_equiv_c100_b100_w075_d095,146,1000,12713,14650fb0739d0383
50,repair5g2_c_equiv_best_frozen_baseline,True,warehouse-10-20-10-2-1|a50|s146|it0|repair5g55_counterfactual_static_context,,,True,False,0,warehouse-10-20-10-2-1,,1,False,0,4824,1616.8943,False,,,repair5g_dual_c_equiv_c100_b100_w075_d100,146,1000,12713,14650fb0739d0383
50,repair5g1_shield_c100_b125_w075_d100_beta0p35_max0p75,True,warehouse-10-20-10-2-1|a50|s146|it0|repair5g55_counterfactual_static_context,,,True,False,0,warehouse-10-20-10-2-1,,1,False,0,4824,2676.6389,False,,,repair5g1_shield_c100_b125_w075_d100_beta0p35_max0p75,146,1000,12713,14650fb0739d0383
50,repair5g1_shield_c125_b125_w075_d095_beta0p2_max0p5,True,warehouse-10-20-10-2-1|a50|s146|it0|repair5g55_counterfactual_static_context,,,True,False,0,warehouse-10-20-10-2-1,,1,False,0,4824,2853.5537,False,,,repair5g1_shield_c125_b125_w075_d095_beta0p2_max0p5,146,1000,12713,14650fb0739d0383
50,repair5g1_shield_c125_b125_w075_d095_beta0p35_max0p75,True,warehouse-10-20-10-2-1|a50|s146|it0|repair5g55_counterfactual_static_context,,,True,False,0,warehouse-10-20-10-2-1,,1,False,0,4824,2652.4635,False,,,repair5g1_shield_c125_b125_w075_d095_beta0p35_max0p75,146,1000,12713,14650fb0739d0383
50,additive_ltm,True,warehouse-10-20-10-2-1|a50|s147|it0|repair5g55_counterfactual_static_context,,,True,False,0,warehouse-10-20-10-2-1,,1,False,0,4473,1498.4149,False,,,additive_ltm,147,1000,10675,14650fb0739d0383
50,repair5g2_best_frozen_static_candidate,True,warehouse-10-20-10-2-1|a50|s147|it0|repair5g55_counterfactual_static_context,,,True,False,0,warehouse-10-20-10-2-1,,1,False,0,4473,2534.2883,False,,,repair5g1_shield_c125_b125_w075_d095_beta0p35_max0p75,147,1000,10675,14650fb0739d0383
50,repair5g2_frozen_static_or_selector,True,warehouse-10-20-10-2-1|a50|s147|it0|repair5g55_counterfactual_static_context,,,True,False,0,warehouse-10-20-10-2-1,,1,False,0,4473,1578.0563,False,,,repair5g_dual_c_equiv_c100_b100_w075_d095,147,1000,10675,14650fb0739d0383
50,repair5g2_c_equiv_best_frozen_baseline,True,warehouse-10-20-10-2-1|a50|s147|it0|repair5g55_counterfactual_static_context,,,True,False,0,warehouse-10-20-10-2-1,,1,False,0,4473,1514.5758,False,,,repair5g_dual_c_equiv_c100_b100_w075_d100,147,1000,10675,14650fb0739d0383
50,repair5g1_shield_c100_b125_w075_d100_beta0p35_max0p75,True,warehouse-10-20-10-2-1|a50|s147|it0|repair5g55_counterfactual_static_context,,,True,False,0,warehouse-10-20-10-2-1,,1,False,0,4473,2500.8918,False,,,repair5g1_shield_c100_b125_w075_d100_beta0p35_max0p75,147,1000,10675,14650fb0739d0383
50,repair5g1_shield_c125_b125_w075_d095_beta0p2_max0p5,True,warehouse-10-20-10-2-1|a50|s147|it0|repair5g55_counterfactual_static_context,,,True,False,0,warehouse-10-20-10-2-1,,1,False,0,4473,2727.3823,False,,,repair5g1_shield_c125_b125_w075_d095_beta0p2_max0p5,147,1000,10675,14650fb0739d0383
50,repair5g1_shield_c125_b125_w075_d095_beta0p35_max0p75,True,warehouse-10-20-10-2-1|a50|s147|it0|repair5g55_counterfactual_static_context,,,True,False,0,warehouse-10-20-10-2-1,,1,False,0,4473,2449.2089,False,,,repair5g1_shield_c125_b125_w075_d095_beta0p35_max0p75,147,1000,10675,14650fb0739d0383
50,additive_ltm,True,warehouse-10-20-10-2-1|a50|s148|it0|repair5g55_counterfactual_static_context,,,True,False,0,warehouse-10-20-10-2-1,,1,False,0,4819,1250.7302,False,,,additive_ltm,148,1000,11075,14650fb0739d0383
50,repair5g2_best_frozen_static_candidate,True,warehouse-10-20-10-2-1|a50|s148|it0|repair5g55_counterfactual_static_context,,,True,False,0,warehouse-10-20-10-2-1,,1,False,0,4819,2614.3849,False,,,repair5g1_shield_c125_b125_w075_d095_beta0p35_max0p75,148,1000,11075,14650fb0739d0383
50,repair5g2_frozen_static_or_selector,True,warehouse-10-20-10-2-1|a50|s148|it0|repair5g55_counterfactual_static_context,,,True,False,0,warehouse-10-20-10-2-1,,1,False,0,4819,1388.9272,False,,,repair5g_dual_c_equiv_c100_b100_w075_d095,148,1000,11075,14650fb0739d0383
50,repair5g2_c_equiv_best_frozen_baseline,True,warehouse-10-20-10-2-1|a50|s148|it0|repair5g55_counterfactual_static_context,,,True,False,0,warehouse-10-20-10-2-1,,1,False,0,4819,1578.3528,False,,,repair5g_dual_c_equiv_c100_b100_w075_d100,148,1000,11075,14650fb0739d0383
50,repair5g1_shield_c100_b125_w075_d100_beta0p35_max0p75,True,warehouse-10-20-10-2-1|a50|s148|it0|repair5g55_counterfactual_static_context,,,True,False,0,warehouse-10-20-10-2-1,,1,False,0,4819,2447.6959,False,,,repair5g1_shield_c100_b125_w075_d100_beta0p35_max0p75,148,1000,11075,14650fb0739d0383
50,repair5g1_shield_c125_b125_w075_d095_beta0p2_max0p5,True,warehouse-10-20-10-2-1|a50|s148|it0|repair5g55_counterfactual_static_context,,,True,False,0,warehouse-10-20-10-2-1,,1,False,0,4819,2704.7205,False,,,repair5g1_shield_c125_b125_w075_d095_beta0p2_max0p5,148,1000,11075,14650fb0739d0383
50,repair5g1_shield_c125_b125_w075_d095_beta0p35_max0p75,True,warehouse-10-20-10-2-1|a50|s148|it0|repair5g55_counterfactual_static_context,,,True,False,0,warehouse-10-20-10-2-1,,1,False,0,4819,2549.4429,False,,,repair5g1_shield_c125_b125_w075_d095_beta0p35_max0p75,148,1000,11075,14650fb0739d0383
50,additive_ltm,True,warehouse-10-20-10-2-1|a50|s149|it0|repair5g55_counterfactual_static_context,,,True,False,0,warehouse-10-20-10-2-1,,1,False,0,3942,1628.4172,False,,,additive_ltm,149,1000,9029,14650fb0739d0383
50,repair5g2_best_frozen_static_candidate,True,warehouse-10-20-10-2-1|a50|s149|it0|repair5g55_counterfactual_static_context,,,True,False,0,warehouse-10-20-10-2-1,,1,False,0,3942,2739.9176,False,,,repair5g1_shield_c125_b125_w075_d095_beta0p35_max0p75,149,1000,9029,14650fb0739d0383
50,repair5g2_frozen_static_or_selector,True,warehouse-10-20-10-2-1|a50|s149|it0|repair5g55_counterfactual_static_context,,,True,False,0,warehouse-10-20-10-2-1,,1,False,0,3942,1648.5442,False,,,repair5g_dual_c_equiv_c100_b100_w075_d095,149,1000,9029,14650fb0739d0383
50,repair5g2_c_equiv_best_frozen_baseline,True,warehouse-10-20-10-2-1|a50|s149|it0|repair5g55_counterfactual_static_context,,,True,False,0,warehouse-10-20-10-2-1,,1,False,0,3942,1612.6266,False,,,repair5g_dual_c_equiv_c100_b100_w075_d100,149,1000,9029,14650fb0739d0383
50,repair5g1_shield_c100_b125_w075_d100_beta0p35_max0p75,True,warehouse-10-20-10-2-1|a50|s149|it0|repair5g55_counterfactual_static_context,,,True,False,0,warehouse-10-20-10-2-1,,1,False,0,3942,2807.914,False,,,repair5g1_shield_c100_b125_w075_d100_beta0p35_max0p75,149,1000,9029,14650fb0739d0383
50,repair5g1_shield_c125_b125_w075_d095_beta0p2_max0p5,True,warehouse-10-20-10-2-1|a50|s149|it0|repair5g55_counterfactual_static_context,,,True,False,0,warehouse-10-20-10-2-1,,1,False,0,3942,2755.8145,False,,,repair5g1_shield_c125_b125_w075_d095_beta0p2_max0p5,149,1000,9029,14650fb0739d0383
50,repair5g1_shield_c125_b125_w075_d095_beta0p35_max0p75,True,warehouse-10-20-10-2-1|a50|s149|it0|repair5g55_counterfactual_static_context,,,True,False,0,warehouse-10-20-10-2-1,,1,False,0,3942,2558.3962,False,,,repair5g1_shield_c125_b125_w075_d095_beta0p35_max0p75,149,1000,9029,14650fb0739d0383
50,additive_ltm,True,warehouse-10-20-10-2-1|a50|s150|it0|repair5g55_counterfactual_static_context,,,True,False,0,warehouse-10-20-10-2-1,,1,False,0,4302,1481.5879,False,,,additive_ltm,150,1000,9263,14650fb0739d0383
50,repair5g2_best_frozen_static_candidate,True,warehouse-10-20-10-2-1|a50|s150|it0|repair5g55_counterfactual_static_context,,,True,False,0,warehouse-10-20-10-2-1,,1,False,0,4302,2624.6511,False,,,repair5g1_shield_c125_b125_w075_d095_beta0p35_max0p75,150,1000,9263,14650fb0739d0383
50,repair5g2_frozen_static_or_selector,True,warehouse-10-20-10-2-1|a50|s150|it0|repair5g55_counterfactual_static_context,,,True,False,0,warehouse-10-20-10-2-1,,1,False,0,4302,1670.3788,False,,,repair5g_dual_c_equiv_c100_b100_w075_d095,150,1000,9263,14650fb0739d0383
50,repair5g2_c_equiv_best_frozen_baseline,True,warehouse-10-20-10-2-1|a50|s150|it0|repair5g55_counterfactual_static_context,,,True,False,0,warehouse-10-20-10-2-1,,1,False,0,4302,1576.9956,False,,,repair5g_dual_c_equiv_c100_b100_w075_d100,150,1000,9263,14650fb0739d0383
50,repair5g1_shield_c100_b125_w075_d100_beta0p35_max0p75,True,warehouse-10-20-10-2-1|a50|s150|it0|repair5g55_counterfactual_static_context,,,True,False,0,warehouse-10-20-10-2-1,,1,False,0,4302,2672.2837,False,,,repair5g1_shield_c100_b125_w075_d100_beta0p35_max0p75,150,1000,9263,14650fb0739d0383
50,repair5g1_shield_c125_b125_w075_d095_beta0p2_max0p5,True,warehouse-10-20-10-2-1|a50|s150|it0|repair5g55_counterfactual_static_context,,,True,False,0,warehouse-10-20-10-2-1,,1,False,0,4302,2708.0017,False,,,repair5g1_shield_c125_b125_w075_d095_beta0p2_max0p5,150,1000,9263,14650fb0739d0383
50,repair5g1_shield_c125_b125_w075_d095_beta0p35_max0p75,True,warehouse-10-20-10-2-1|a50|s150|it0|repair5g55_counterfactual_static_context,,,True,False,0,warehouse-10-20-10-2-1,,1,False,0,4302,2641.0357,False,,,repair5g1_shield_c125_b125_w075_d095_beta0p35_max0p75,150,1000,9263,14650fb0739d0383
50,additive_ltm,True,warehouse-10-20-10-2-1|a50|s151|it0|repair5g55_counterfactual_static_context,,,True,False,0,warehouse-10-20-10-2-1,,1,False,0,4258,1669.0856,False,,,additive_ltm,151,1000,9039,14650fb0739d0383
50,repair5g2_best_frozen_static_candidate,True,warehouse-10-20-10-2-1|a50|s151|it0|repair5g55_counterfactual_static_context,,,True,False,0,warehouse-10-20-10-2-1,,1,False,0,4258,2284.361,False,,,repair5g1_shield_c125_b125_w075_d095_beta0p35_max0p75,151,1000,9039,14650fb0739d0383
50,repair5g2_frozen_static_or_selector,True,warehouse-10-20-10-2-1|a50|s151|it0|repair5g55_counterfactual_static_context,,,True,False,0,warehouse-10-20-10-2-1,,1,False,0,4258,1658.6642,False,,,repair5g_dual_c_equiv_c100_b100_w075_d095,151,1000,9039,14650fb0739d0383
50,repair5g2_c_equiv_best_frozen_baseline,True,warehouse-10-20-10-2-1|a50|s151|it0|repair5g55_counterfactual_static_context,,,True,False,0,warehouse-10-20-10-2-1,,1,False,0,4258,1476.2656,False,,,repair5g_dual_c_equiv_c100_b100_w075_d100,151,1000,9039,14650fb0739d0383
50,repair5g1_shield_c100_b125_w075_d100_beta0p35_max0p75,True,warehouse-10-20-10-2-1|a50|s151|it0|repair5g55_counterfactual_static_context,,,True,False,0,warehouse-10-20-10-2-1,,1,False,0,4258,2741.372,False,,,repair5g1_shield_c100_b125_w075_d100_beta0p35_max0p75,151,1000,9039,14650fb0739d0383
50,repair5g1_shield_c125_b125_w075_d095_beta0p2_max0p5,True,warehouse-10-20-10-2-1|a50|s151|it0|repair5g55_counterfactual_static_context,,,True,False,0,warehouse-10-20-10-2-1,,1,False,0,4258,2504.691,False,,,repair5g1_shield_c125_b125_w075_d095_beta0p2_max0p5,151,1000,9039,14650fb0739d0383
50,repair5g1_shield_c125_b125_w075_d095_beta0p35_max0p75,True,warehouse-10-20-10-2-1|a50|s151|it0|repair5g55_counterfactual_static_context,,,True,False,0,warehouse-10-20-10-2-1,,1,False,0,4258,2578.7527,False,,,repair5g1_shield_c125_b125_w075_d095_beta0p35_max0p75,151,1000,9039,14650fb0739d0383
50,additive_ltm,True,warehouse-10-20-10-2-1|a50|s152|it0|repair5g55_counterfactual_static_context,,,True,False,0,warehouse-10-20-10-2-1,,1,False,0,3253,1477.8781,False,,,additive_ltm,152,1000,8752,14650fb0739d0383
50,repair5g2_best_frozen_static_candidate,True,warehouse-10-20-10-2-1|a50|s152|it0|repair5g55_counterfactual_static_context,,,True,False,0,warehouse-10-20-10-2-1,,1,False,0,3253,2683.2405,False,,,repair5g1_shield_c125_b125_w075_d095_beta0p35_max0p75,152,1000,8752,14650fb0739d0383
50,repair5g2_frozen_static_or_selector,True,warehouse-10-20-10-2-1|a50|s152|it0|repair5g55_counterfactual_static_context,,,True,False,0,warehouse-10-20-10-2-1,,1,False,0,3253,1644.7247,False,,,repair5g_dual_c_equiv_c100_b100_w075_d095,152,1000,8752,14650fb0739d0383
50,repair5g2_c_equiv_best_frozen_baseline,True,warehouse-10-20-10-2-1|a50|s152|it0|repair5g55_counterfactual_static_context,,,True,False,0,warehouse-10-20-10-2-1,,1,False,0,3253,1558.3,False,,,repair5g_dual_c_equiv_c100_b100_w075_d100,152,1000,8752,14650fb0739d0383
50,repair5g1_shield_c100_b125_w075_d100_beta0p35_max0p75,True,warehouse-10-20-10-2-1|a50|s152|it0|repair5g55_counterfactual_static_context,,,True,False,0,warehouse-10-20-10-2-1,,1,False,0,3253,2684.5981,False,,,repair5g1_shield_c100_b125_w075_d100_beta0p35_max0p75,152,1000,8752,14650fb0739d0383
50,repair5g1_shield_c125_b125_w075_d095_beta0p2_max0p5,True,warehouse-10-20-10-2-1|a50|s152|it0|repair5g55_counterfactual_static_context,,,True,False,0,warehouse-10-20-10-2-1,,1,False,0,3253,2640.6417,False,,,repair5g1_shield_c125_b125_w075_d095_beta0p2_max0p5,152,1000,8752,14650fb0739d0383
50,repair5g1_shield_c125_b125_w075_d095_beta0p35_max0p75,True,warehouse-10-20-10-2-1|a50|s152|it0|repair5g55_counterfactual_static_context,,,True,False,0,warehouse-10-20-10-2-1,,1,False,0,3253,2552.3515,False,,,repair5g1_shield_c125_b125_w075_d095_beta0p35_max0p75,152,1000,8752,14650fb0739d0383
50,additive_ltm,True,warehouse-10-20-10-2-1|a50|s153|it0|repair5g55_counterfactual_static_context,,,True,False,0,warehouse-10-20-10-2-1,,1,False,0,4371,1579.8925,False,,,additive_ltm,153,1000,10054,14650fb0739d0383
50,repair5g2_best_frozen_static_candidate,True,warehouse-10-20-10-2-1|a50|s153|it0|repair5g55_counterfactual_static_context,,,True,False,0,warehouse-10-20-10-2-1,,1,False,0,4371,2394.4395,False,,,repair5g1_shield_c125_b125_w075_d095_beta0p35_max0p75,153,1000,10054,14650fb0739d0383
50,repair5g2_frozen_static_or_selector,True,warehouse-10-20-10-2-1|a50|s153|it0|repair5g55_counterfactual_static_context,,,True,False,0,warehouse-10-20-10-2-1,,1,False,0,4371,1469.4551,False,,,repair5g_dual_c_equiv_c100_b100_w075_d095,153,1000,10054,14650fb0739d0383
50,repair5g2_c_equiv_best_frozen_baseline,True,warehouse-10-20-10-2-1|a50|s153|it0|repair5g55_counterfactual_static_context,,,True,False,0,warehouse-10-20-10-2-1,,1,False,0,4371,1658.6389,False,,,repair5g_dual_c_equiv_c100_b100_w075_d100,153,1000,10054,14650fb0739d0383
50,repair5g1_shield_c100_b125_w075_d100_beta0p35_max0p75,True,warehouse-10-20-10-2-1|a50|s153|it0|repair5g55_counterfactual_static_context,,,True,False,0,warehouse-10-20-10-2-1,,1,False,0,4371,2570.5774,False,,,repair5g1_shield_c100_b125_w075_d100_beta0p35_max0p75,153,1000,10054,14650fb0739d0383
50,repair5g1_shield_c125_b125_w075_d095_beta0p2_max0p5,True,warehouse-10-20-10-2-1|a50|s153|it0|repair5g55_counterfactual_static_context,,,True,False,0,warehouse-10-20-10-2-1,,1,False,0,4371,2449.4238,False,,,repair5g1_shield_c125_b125_w075_d095_beta0p2_max0p5,153,1000,10054,14650fb0739d0383
50,repair5g1_shield_c125_b125_w075_d095_beta0p35_max0p75,True,warehouse-10-20-10-2-1|a50|s153|it0|repair5g55_counterfactual_static_context,,,True,False,0,warehouse-10-20-10-2-1,,1,False,0,4371,2536.3003,False,,,repair5g1_shield_c125_b125_w075_d095_beta0p35_max0p75,153,1000,10054,14650fb0739d0383
50,additive_ltm,True,warehouse-10-20-10-2-1|a50|s154|it0|repair5g55_counterfactual_static_context,,,True,False,0,warehouse-10-20-10-2-1,,1,False,0,3625,1555.1109,False,,,additive_ltm,154,1000,9856,14650fb0739d0383
50,repair5g2_best_frozen_static_candidate,True,warehouse-10-20-10-2-1|a50|s154|it0|repair5g55_counterfactual_static_context,,,True,False,0,warehouse-10-20-10-2-1,,1,False,0,3625,2517.6166,False,,,repair5g1_shield_c125_b125_w075_d095_beta0p35_max0p75,154,1000,9856,14650fb0739d0383
50,repair5g2_frozen_static_or_selector,True,warehouse-10-20-10-2-1|a50|s154|it0|repair5g55_counterfactual_static_context,,,True,False,0,warehouse-10-20-10-2-1,,1,False,0,3625,1492.5978,False,,,repair5g_dual_c_equiv_c100_b100_w075_d095,154,1000,9856,14650fb0739d0383
50,repair5g2_c_equiv_best_frozen_baseline,True,warehouse-10-20-10-2-1|a50|s154|it0|repair5g55_counterfactual_static_context,,,True,False,0,warehouse-10-20-10-2-1,,1,False,0,3625,1523.4992,False,,,repair5g_dual_c_equiv_c100_b100_w075_d100,154,1000,9856,14650fb0739d0383
50,repair5g1_shield_c100_b125_w075_d100_beta0p35_max0p75,True,warehouse-10-20-10-2-1|a50|s154|it0|repair5g55_counterfactual_static_context,,,True,False,0,warehouse-10-20-10-2-1,,1,False,0,3625,2586.1736,False,,,repair5g1_shield_c100_b125_w075_d100_beta0p35_max0p75,154,1000,9856,14650fb0739d0383
50,repair5g1_shield_c125_b125_w075_d095_beta0p2_max0p5,True,warehouse-10-20-10-2-1|a50|s154|it0|repair5g55_counterfactual_static_context,,,True,False,0,warehouse-10-20-10-2-1,,1,False,0,3625,2670.898,False,,,repair5g1_shield_c125_b125_w075_d095_beta0p2_max0p5,154,1000,9856,14650fb0739d0383
50,repair5g1_shield_c125_b125_w075_d095_beta0p35_max0p75,True,warehouse-10-20-10-2-1|a50|s154|it0|repair5g55_counterfactual_static_context,,,True,False,0,warehouse-10-20-10-2-1,,1,False,0,3625,2625.7975,False,,,repair5g1_shield_c125_b125_w075_d095_beta0p35_max0p75,154,1000,9856,14650fb0739d0383
50,additive_ltm,True,warehouse-10-20-10-2-1|a50|s155|it0|repair5g55_counterfactual_static_context,,,True,False,0,warehouse-10-20-10-2-1,,1,False,0,4161,1636.8805,False,,,additive_ltm,155,1000,10028,14650fb0739d0383
50,repair5g2_best_frozen_static_candidate,True,warehouse-10-20-10-2-1|a50|s155|it0|repair5g55_counterfactual_static_context,,,True,False,0,warehouse-10-20-10-2-1,,1,False,0,4161,2566.1602,False,,,repair5g1_shield_c125_b125_w075_d095_beta0p35_max0p75,155,1000,10028,14650fb0739d0383
50,repair5g2_frozen_static_or_selector,True,warehouse-10-20-10-2-1|a50|s155|it0|repair5g55_counterfactual_static_context,,,True,False,0,warehouse-10-20-10-2-1,,1,False,0,4161,1457.1107,False,,,repair5g_dual_c_equiv_c100_b100_w075_d095,155,1000,10028,14650fb0739d0383
50,repair5g2_c_equiv_best_frozen_baseline,True,warehouse-10-20-10-2-1|a50|s155|it0|repair5g55_counterfactual_static_context,,,True,False,0,warehouse-10-20-10-2-1,,1,False,0,4161,1424.9913,False,,,repair5g_dual_c_equiv_c100_b100_w075_d100,155,1000,10028,14650fb0739d0383
50,repair5g1_shield_c100_b125_w075_d100_beta0p35_max0p75,True,warehouse-10-20-10-2-1|a50|s155|it0|repair5g55_counterfactual_static_context,,,True,False,0,warehouse-10-20-10-2-1,,1,False,0,4161,2708.6723,False,,,repair5g1_shield_c100_b125_w075_d100_beta0p35_max0p75,155,1000,10028,14650fb0739d0383
50,repair5g1_shield_c125_b125_w075_d095_beta0p2_max0p5,True,warehouse-10-20-10-2-1|a50|s155|it0|repair5g55_counterfactual_static_context,,,True,False,0,warehouse-10-20-10-2-1,,1,False,0,4161,2696.8597,False,,,repair5g1_shield_c125_b125_w075_d095_beta0p2_max0p5,155,1000,10028,14650fb0739d0383
50,repair5g1_shield_c125_b125_w075_d095_beta0p35_max0p75,True,warehouse-10-20-10-2-1|a50|s155|it0|repair5g55_counterfactual_static_context,,,True,False,0,warehouse-10-20-10-2-1,,1,False,0,4161,2754.4978,False,,,repair5g1_shield_c125_b125_w075_d095_beta0p35_max0p75,155,1000,10028,14650fb0739d0383
100,additive_ltm,True,warehouse-10-20-10-2-1|a100|s146|it0|repair5g55_counterfactual_static_context,,,True,False,0,warehouse-10-20-10-2-1,,1,False,0,8944,3325.1788,False,,,additive_ltm,146,1000,21204,14650fb0739d0383
100,repair5g2_best_frozen_static_candidate,True,warehouse-10-20-10-2-1|a100|s146|it0|repair5g55_counterfactual_static_context,,,True,False,0,warehouse-10-20-10-2-1,,1,False,0,8944,5544.0467,False,,,repair5g1_shield_c125_b125_w075_d095_beta0p35_max0p75,146,1000,21204,14650fb0739d0383
100,repair5g2_frozen_static_or_selector,True,warehouse-10-20-10-2-1|a100|s146|it0|repair5g55_counterfactual_static_context,,,True,False,0,warehouse-10-20-10-2-1,,1,False,0,8944,3410.5989,False,,,repair5g_dual_c_equiv_additive,146,1000,21204,14650fb0739d0383
100,repair5g2_c_equiv_best_frozen_baseline,True,warehouse-10-20-10-2-1|a100|s146|it0|repair5g55_counterfactual_static_context,,,True,False,0,warehouse-10-20-10-2-1,,1,False,0,8944,3211.4233,False,,,repair5g_dual_c_equiv_c100_b100_w075_d100,146,1000,21204,14650fb0739d0383
100,repair5g1_shield_c100_b125_w075_d100_beta0p35_max0p75,True,warehouse-10-20-10-2-1|a100|s146|it0|repair5g55_counterfactual_static_context,,,True,False,0,warehouse-10-20-10-2-1,,1,False,0,8944,5526.8881,False,,,repair5g1_shield_c100_b125_w075_d100_beta0p35_max0p75,146,1000,21204,14650fb0739d0383
100,repair5g1_shield_c125_b125_w075_d095_beta0p2_max0p5,True,warehouse-10-20-10-2-1|a100|s146|it0|repair5g55_counterfactual_static_context,,,True,False,0,warehouse-10-20-10-2-1,,1,False,0,8944,5568.555,False,,,repair5g1_shield_c125_b125_w075_d095_beta0p2_max0p5,146,1000,21204,14650fb0739d0383
100,repair5g1_shield_c125_b125_w075_d095_beta0p35_max0p75,True,warehouse-10-20-10-2-1|a100|s146|it0|repair5g55_counterfactual_static_context,,,True,False,0,warehouse-10-20-10-2-1,,1,False,0,8944,5533.5763,False,,,repair5g1_shield_c125_b125_w075_d095_beta0p35_max0p75,146,1000,21204,14650fb0739d0383
100,additive_ltm,True,warehouse-10-20-10-2-1|a100|s147|it0|repair5g55_counterfactual_static_context,,,True,False,0,warehouse-10-20-10-2-1,,1,False,0,9262,3129.8269,False,,,additive_ltm,147,1000,21381,14650fb0739d0383
100,repair5g2_best_frozen_static_candidate,True,warehouse-10-20-10-2-1|a100|s147|it0|repair5g55_counterfactual_static_context,,,True,False,0,warehouse-10-20-10-2-1,,1,False,0,9262,5379.9044,False,,,repair5g1_shield_c125_b125_w075_d095_beta0p35_max0p75,147,1000,21381,14650fb0739d0383
100,repair5g2_frozen_static_or_selector,True,warehouse-10-20-10-2-1|a100|s147|it0|repair5g55_counterfactual_static_context,,,True,False,0,warehouse-10-20-10-2-1,,1,False,0,9262,3326.9748,False,,,repair5g_dual_c_equiv_additive,147,1000,21381,14650fb0739d0383
100,repair5g2_c_equiv_best_frozen_baseline,True,warehouse-10-20-10-2-1|a100|s147|it0|repair5g55_counterfactual_static_context,,,True,False,0,warehouse-10-20-10-2-1,,1,False,0,9262,3072.8106,False,,,repair5g_dual_c_equiv_c100_b100_w075_d100,147,1000,21381,14650fb0739d0383
100,repair5g1_shield_c100_b125_w075_d100_beta0p35_max0p75,True,warehouse-10-20-10-2-1|a100|s147|it0|repair5g55_counterfactual_static_context,,,True,False,0,warehouse-10-20-10-2-1,,1,False,0,9262,5374.7125,False,,,repair5g1_shield_c100_b125_w075_d100_beta0p35_max0p75,147,1000,21381,14650fb0739d0383
100,repair5g1_shield_c125_b125_w075_d095_beta0p2_max0p5,True,warehouse-10-20-10-2-1|a100|s147|it0|repair5g55_counterfactual_static_context,,,True,False,0,warehouse-10-20-10-2-1,,1,False,0,9262,5473.5849,False,,,repair5g1_shield_c125_b125_w075_d095_beta0p2_max0p5,147,1000,21381,14650fb0739d0383
100,repair5g1_shield_c125_b125_w075_d095_beta0p35_max0p75,True,warehouse-10-20-10-2-1|a100|s147|it0|repair5g55_counterfactual_static_context,,,True,False,0,warehouse-10-20-10-2-1,,1,False,0,9262,5460.7061,False,,,repair5g1_shield_c125_b125_w075_d095_beta0p35_max0p75,147,1000,21381,14650fb0739d0383
100,additive_ltm,True,warehouse-10-20-10-2-1|a100|s148|it0|repair5g55_counterfactual_static_context,,,True,False,0,warehouse-10-20-10-2-1,,1,False,0,9304,3551.7765,False,,,additive_ltm,148,1000,20758,14650fb0739d0383
100,repair5g2_best_frozen_static_candidate,True,warehouse-10-20-10-2-1|a100|s148|it0|repair5g55_counterfactual_static_context,,,True,False,0,warehouse-10-20-10-2-1,,1,False,0,9304,5516.4492,False,,,repair5g1_shield_c125_b125_w075_d095_beta0p35_max0p75,148,1000,20758,14650fb0739d0383
100,repair5g2_frozen_static_or_selector,True,warehouse-10-20-10-2-1|a100|s148|it0|repair5g55_counterfactual_static_context,,,True,False,0,warehouse-10-20-10-2-1,,1,False,0,9304,3316.642,False,,,repair5g_dual_c_equiv_additive,148,1000,20758,14650fb0739d0383
100,repair5g2_c_equiv_best_frozen_baseline,True,warehouse-10-20-10-2-1|a100|s148|it0|repair5g55_counterfactual_static_context,,,True,False,0,warehouse-10-20-10-2-1,,1,False,0,9304,3412.2564,False,,,repair5g_dual_c_equiv_c100_b100_w075_d100,148,1000,20758,14650fb0739d0383
100,repair5g1_shield_c100_b125_w075_d100_beta0p35_max0p75,True,warehouse-10-20-10-2-1|a100|s148|it0|repair5g55_counterfactual_static_context,,,True,False,0,warehouse-10-20-10-2-1,,1,False,0,9304,5604.6537,False,,,repair5g1_shield_c100_b125_w075_d100_beta0p35_max0p75,148,1000,20758,14650fb0739d0383
100,repair5g1_shield_c125_b125_w075_d095_beta0p2_max0p5,True,warehouse-10-20-10-2-1|a100|s148|it0|repair5g55_counterfactual_static_context,,,True,False,0,warehouse-10-20-10-2-1,,1,False,0,9304,5575.5253,False,,,repair5g1_shield_c125_b125_w075_d095_beta0p2_max0p5,148,1000,20758,14650fb0739d0383
100,repair5g1_shield_c125_b125_w075_d095_beta0p35_max0p75,True,warehouse-10-20-10-2-1|a100|s148|it0|repair5g55_counterfactual_static_context,,,True,False,0,warehouse-10-20-10-2-1,,1,False,0,9304,5708.2496,False,,,repair5g1_shield_c125_b125_w075_d095_beta0p35_max0p75,148,1000,20758,14650fb0739d0383
100,additive_ltm,True,warehouse-10-20-10-2-1|a100|s149|it0|repair5g55_counterfactual_static_context,,,True,False,0,warehouse-10-20-10-2-1,,1,False,0,8138,3424.7733,False,,,additive_ltm,149,1000,18885,14650fb0739d0383
100,repair5g2_best_frozen_static_candidate,True,warehouse-10-20-10-2-1|a100|s149|it0|repair5g55_counterfactual_static_context,,,True,False,0,warehouse-10-20-10-2-1,,1,False,0,8138,5435.3908,False,,,repair5g1_shield_c125_b125_w075_d095_beta0p35_max0p75,149,1000,18885,14650fb0739d0383
100,repair5g2_frozen_static_or_selector,True,warehouse-10-20-10-2-1|a100|s149|it0|repair5g55_counterfactual_static_context,,,True,False,0,warehouse-10-20-10-2-1,,1,False,0,8138,3141.0108,False,,,repair5g_dual_c_equiv_additive,149,1000,18885,14650fb0739d0383
100,repair5g2_c_equiv_best_frozen_baseline,True,warehouse-10-20-10-2-1|a100|s149|it0|repair5g55_counterfactual_static_context,,,True,False,0,warehouse-10-20-10-2-1,,1,False,0,8138,3232.7458,False,,,repair5g_dual_c_equiv_c100_b100_w075_d100,149,1000,18885,14650fb0739d0383
100,repair5g1_shield_c100_b125_w075_d100_beta0p35_max0p75,True,warehouse-10-20-10-2-1|a100|s149|it0|repair5g55_counterfactual_static_context,,,True,False,0,warehouse-10-20-10-2-1,,1,False,0,8138,5455.9825,False,,,repair5g1_shield_c100_b125_w075_d100_beta0p35_max0p75,149,1000,18885,14650fb0739d0383
100,repair5g1_shield_c125_b125_w075_d095_beta0p2_max0p5,True,warehouse-10-20-10-2-1|a100|s149|it0|repair5g55_counterfactual_static_context,,,True,False,0,warehouse-10-20-10-2-1,,1,False,0,8138,5478.8201,False,,,repair5g1_shield_c125_b125_w075_d095_beta0p2_max0p5,149,1000,18885,14650fb0739d0383
100,repair5g1_shield_c125_b125_w075_d095_beta0p35_max0p75,True,warehouse-10-20-10-2-1|a100|s149|it0|repair5g55_counterfactual_static_context,,,True,False,0,warehouse-10-20-10-2-1,,1,False,0,8138,5488.7055,False,,,repair5g1_shield_c125_b125_w075_d095_beta0p35_max0p75,149,1000,18885,14650fb0739d0383
100,additive_ltm,True,warehouse-10-20-10-2-1|a100|s150|it0|repair5g55_counterfactual_static_context,,,True,False,0,warehouse-10-20-10-2-1,,1,False,0,8268,3505.9649,False,,,additive_ltm,150,1000,22004,14650fb0739d0383
100,repair5g2_best_frozen_static_candidate,True,warehouse-10-20-10-2-1|a100|s150|it0|repair5g55_counterfactual_static_context,,,True,False,0,warehouse-10-20-10-2-1,,1,False,0,8268,5970.1204,False,,,repair5g1_shield_c125_b125_w075_d095_beta0p35_max0p75,150,1000,22004,14650fb0739d0383
100,repair5g2_frozen_static_or_selector,True,warehouse-10-20-10-2-1|a100|s150|it0|repair5g55_counterfactual_static_context,,,True,False,0,warehouse-10-20-10-2-1,,1,False,0,8268,3660.1589,False,,,repair5g_dual_c_equiv_additive,150,1000,22004,14650fb0739d0383
100,repair5g2_c_equiv_best_frozen_baseline,True,warehouse-10-20-10-2-1|a100|s150|it0|repair5g55_counterfactual_static_context,,,True,False,0,warehouse-10-20-10-2-1,,1,False,0,8268,3784.8636,False,,,repair5g_dual_c_equiv_c100_b100_w075_d100,150,1000,22004,14650fb0739d0383
100,repair5g1_shield_c100_b125_w075_d100_beta0p35_max0p75,True,warehouse-10-20-10-2-1|a100|s150|it0|repair5g55_counterfactual_static_context,,,True,False,0,warehouse-10-20-10-2-1,,1,False,0,8268,5917.7086,False,,,repair5g1_shield_c100_b125_w075_d100_beta0p35_max0p75,150,1000,22004,14650fb0739d0383
100,repair5g1_shield_c125_b125_w075_d095_beta0p2_max0p5,True,warehouse-10-20-10-2-1|a100|s150|it0|repair5g55_counterfactual_static_context,,,True,False,0,warehouse-10-20-10-2-1,,1,False,0,8268,5900.1351,False,,,repair5g1_shield_c125_b125_w075_d095_beta0p2_max0p5,150,1000,22004,14650fb0739d0383
100,repair5g1_shield_c125_b125_w075_d095_beta0p35_max0p75,True,warehouse-10-20-10-2-1|a100|s150|it0|repair5g55_counterfactual_static_context,,,True,False,0,warehouse-10-20-10-2-1,,1,False,0,8268,5866.1382,False,,,repair5g1_shield_c125_b125_w075_d095_beta0p35_max0p75,150,1000,22004,14650fb0739d0383
100,additive_ltm,True,warehouse-10-20-10-2-1|a100|s151|it0|repair5g55_counterfactual_static_context,,,True,False,0,warehouse-10-20-10-2-1,,1,False,0,8204,3268.9304,False,,,additive_ltm,151,1000,20367,14650fb0739d0383
100,repair5g2_best_frozen_static_candidate,True,warehouse-10-20-10-2-1|a100|s151|it0|repair5g55_counterfactual_static_context,,,True,False,0,warehouse-10-20-10-2-1,,1,False,0,8204,5439.49,False,,,repair5g1_shield_c125_b125_w075_d095_beta0p35_max0p75,151,1000,20367,14650fb0739d0383
100,repair5g2_frozen_static_or_selector,True,warehouse-10-20-10-2-1|a100|s151|it0|repair5g55_counterfactual_static_context,,,True,False,0,warehouse-10-20-10-2-1,,1,False,0,8204,3272.2027,False,,,repair5g_dual_c_equiv_additive,151,1000,20367,14650fb0739d0383
100,repair5g2_c_equiv_best_frozen_baseline,True,warehouse-10-20-10-2-1|a100|s151|it0|repair5g55_counterfactual_static_context,,,True,False,0,warehouse-10-20-10-2-1,,1,False,0,8204,3300.3421,False,,,repair5g_dual_c_equiv_c100_b100_w075_d100,151,1000,20367,14650fb0739d0383
100,repair5g1_shield_c100_b125_w075_d100_beta0p35_max0p75,True,warehouse-10-20-10-2-1|a100|s151|it0|repair5g55_counterfactual_static_context,,,True,False,0,warehouse-10-20-10-2-1,,1,False,0,8204,5438.7239,False,,,repair5g1_shield_c100_b125_w075_d100_beta0p35_max0p75,151,1000,20367,14650fb0739d0383
100,repair5g1_shield_c125_b125_w075_d095_beta0p2_max0p5,True,warehouse-10-20-10-2-1|a100|s151|it0|repair5g55_counterfactual_static_context,,,True,False,0,warehouse-10-20-10-2-1,,1,False,0,8204,5463.419,False,,,repair5g1_shield_c125_b125_w075_d095_beta0p2_max0p5,151,1000,20367,14650fb0739d0383
100,repair5g1_shield_c125_b125_w075_d095_beta0p35_max0p75,True,warehouse-10-20-10-2-1|a100|s151|it0|repair5g55_counterfactual_static_context,,,True,False,0,warehouse-10-20-10-2-1,,1,False,0,8204,5431.79,False,,,repair5g1_shield_c125_b125_w075_d095_beta0p35_max0p75,151,1000,20367,14650fb0739d0383
100,additive_ltm,True,warehouse-10-20-10-2-1|a100|s152|it0|repair5g55_counterfactual_static_context,,,True,False,0,warehouse-10-20-10-2-1,,1,False,0,7343,3312.3239,False,,,additive_ltm,152,1000,20811,14650fb0739d0383
100,repair5g2_best_frozen_static_candidate,True,warehouse-10-20-10-2-1|a100|s152|it0|repair5g55_counterfactual_static_context,,,True,False,0,warehouse-10-20-10-2-1,,1,False,0,7343,5413.0286,False,,,repair5g1_shield_c125_b125_w075_d095_beta0p35_max0p75,152,1000,20811,14650fb0739d0383
100,repair5g2_frozen_static_or_selector,True,warehouse-10-20-10-2-1|a100|s152|it0|repair5g55_counterfactual_static_context,,,True,False,0,warehouse-10-20-10-2-1,,1,False,0,7343,3319.7808,False,,,repair5g_dual_c_equiv_additive,152,1000,20811,14650fb0739d0383
100,repair5g2_c_equiv_best_frozen_baseline,True,warehouse-10-20-10-2-1|a100|s152|it0|repair5g55_counterfactual_static_context,,,True,False,0,warehouse-10-20-10-2-1,,1,False,0,7343,3260.6137,False,,,repair5g_dual_c_equiv_c100_b100_w075_d100,152,1000,20811,14650fb0739d0383
100,repair5g1_shield_c100_b125_w075_d100_beta0p35_max0p75,True,warehouse-10-20-10-2-1|a100|s152|it0|repair5g55_counterfactual_static_context,,,True,False,0,warehouse-10-20-10-2-1,,1,False,0,7343,5228.6013,False,,,repair5g1_shield_c100_b125_w075_d100_beta0p35_max0p75,152,1000,20811,14650fb0739d0383
100,repair5g1_shield_c125_b125_w075_d095_beta0p2_max0p5,True,warehouse-10-20-10-2-1|a100|s152|it0|repair5g55_counterfactual_static_context,,,True,False,0,warehouse-10-20-10-2-1,,1,False,0,7343,5344.8815,False,,,repair5g1_shield_c125_b125_w075_d095_beta0p2_max0p5,152,1000,20811,14650fb0739d0383
100,repair5g1_shield_c125_b125_w075_d095_beta0p35_max0p75,True,warehouse-10-20-10-2-1|a100|s152|it0|repair5g55_counterfactual_static_context,,,True,False,0,warehouse-10-20-10-2-1,,1,False,0,7343,5253.3779,False,,,repair5g1_shield_c125_b125_w075_d095_beta0p35_max0p75,152,1000,20811,14650fb0739d0383
100,additive_ltm,True,warehouse-10-20-10-2-1|a100|s153|it0|repair5g55_counterfactual_static_context,,,True,False,0,warehouse-10-20-10-2-1,,1,False,0,7673,3283.9632,False,,,additive_ltm,153,1000,20837,14650fb0739d0383
100,repair5g2_best_frozen_static_candidate,True,warehouse-10-20-10-2-1|a100|s153|it0|repair5g55_counterfactual_static_context,,,True,False,0,warehouse-10-20-10-2-1,,1,False,0,7673,5495.1942,False,,,repair5g1_shield_c125_b125_w075_d095_beta0p35_max0p75,153,1000,20837,14650fb0739d0383
100,repair5g2_frozen_static_or_selector,True,warehouse-10-20-10-2-1|a100|s153|it0|repair5g55_counterfactual_static_context,,,True,False,0,warehouse-10-20-10-2-1,,1,False,0,7673,3282.9694,False,,,repair5g_dual_c_equiv_additive,153,1000,20837,14650fb0739d0383
100,repair5g2_c_equiv_best_frozen_baseline,True,warehouse-10-20-10-2-1|a100|s153|it0|repair5g55_counterfactual_static_context,,,True,False,0,warehouse-10-20-10-2-1,,1,False,0,7673,3169.808,False,,,repair5g_dual_c_equiv_c100_b100_w075_d100,153,1000,20837,14650fb0739d0383
100,repair5g1_shield_c100_b125_w075_d100_beta0p35_max0p75,True,warehouse-10-20-10-2-1|a100|s153|it0|repair5g55_counterfactual_static_context,,,True,False,0,warehouse-10-20-10-2-1,,1,False,0,7673,5237.5681,False,,,repair5g1_shield_c100_b125_w075_d100_beta0p35_max0p75,153,1000,20837,14650fb0739d0383
100,repair5g1_shield_c125_b125_w075_d095_beta0p2_max0p5,True,warehouse-10-20-10-2-1|a100|s153|it0|repair5g55_counterfactual_static_context,,,True,False,0,warehouse-10-20-10-2-1,,1,False,0,7673,5357.628,False,,,repair5g1_shield_c125_b125_w075_d095_beta0p2_max0p5,153,1000,20837,14650fb0739d0383
100,repair5g1_shield_c125_b125_w075_d095_beta0p35_max0p75,True,warehouse-10-20-10-2-1|a100|s153|it0|repair5g55_counterfactual_static_context,,,True,False,0,warehouse-10-20-10-2-1,,1,False,0,7673,5317.749,False,,,repair5g1_shield_c125_b125_w075_d095_beta0p35_max0p75,153,1000,20837,14650fb0739d0383
100,additive_ltm,True,warehouse-10-20-10-2-1|a100|s154|it0|repair5g55_counterfactual_static_context,,,True,False,0,warehouse-10-20-10-2-1,,1,False,0,7938,3520.297,False,,,additive_ltm,154,1000,23721,14650fb0739d0383
100,repair5g2_best_frozen_static_candidate,True,warehouse-10-20-10-2-1|a100|s154|it0|repair5g55_counterfactual_static_context,,,True,False,0,warehouse-10-20-10-2-1,,1,False,0,7938,5032.4644,False,,,repair5g1_shield_c125_b125_w075_d095_beta0p35_max0p75,154,1000,23721,14650fb0739d0383
100,repair5g2_frozen_static_or_selector,True,warehouse-10-20-10-2-1|a100|s154|it0|repair5g55_counterfactual_static_context,,,True,False,0,warehouse-10-20-10-2-1,,1,False,0,7938,3256.653,False,,,repair5g_dual_c_equiv_additive,154,1000,23721,14650fb0739d0383
100,repair5g2_c_equiv_best_frozen_baseline,True,warehouse-10-20-10-2-1|a100|s154|it0|repair5g55_counterfactual_static_context,,,True,False,0,warehouse-10-20-10-2-1,,1,False,0,7938,3246.3173,False,,,repair5g_dual_c_equiv_c100_b100_w075_d100,154,1000,23721,14650fb0739d0383
100,repair5g1_shield_c100_b125_w075_d100_beta0p35_max0p75,True,warehouse-10-20-10-2-1|a100|s154|it0|repair5g55_counterfactual_static_context,,,True,False,0,warehouse-10-20-10-2-1,,1,False,0,7938,4935.7492,False,,,repair5g1_shield_c100_b125_w075_d100_beta0p35_max0p75,154,1000,23721,14650fb0739d0383
100,repair5g1_shield_c125_b125_w075_d095_beta0p2_max0p5,True,warehouse-10-20-10-2-1|a100|s154|it0|repair5g55_counterfactual_static_context,,,True,False,0,warehouse-10-20-10-2-1,,1,False,0,7938,5197.5729,False,,,repair5g1_shield_c125_b125_w075_d095_beta0p2_max0p5,154,1000,23721,14650fb0739d0383
100,repair5g1_shield_c125_b125_w075_d095_beta0p35_max0p75,True,warehouse-10-20-10-2-1|a100|s154|it0|repair5g55_counterfactual_static_context,,,True,False,0,warehouse-10-20-10-2-1,,1,False,0,7938,5135.9767,False,,,repair5g1_shield_c125_b125_w075_d095_beta0p35_max0p75,154,1000,23721,14650fb0739d0383
100,additive_ltm,True,warehouse-10-20-10-2-1|a100|s155|it0|repair5g55_counterfactual_static_context,,,True,False,0,warehouse-10-20-10-2-1,,1,False,0,8154,2937.1072,False,,,additive_ltm,155,1000,21261,14650fb0739d0383
100,repair5g2_best_frozen_static_candidate,True,warehouse-10-20-10-2-1|a100|s155|it0|repair5g55_counterfactual_static_context,,,True,False,0,warehouse-10-20-10-2-1,,1,False,0,8154,5091.84,False,,,repair5g1_shield_c125_b125_w075_d095_beta0p35_max0p75,155,1000,21261,14650fb0739d0383
100,repair5g2_frozen_static_or_selector,True,warehouse-10-20-10-2-1|a100|s155|it0|repair5g55_counterfactual_static_context,,,True,False,0,warehouse-10-20-10-2-1,,1,False,0,8154,3117.1198,False,,,repair5g_dual_c_equiv_additive,155,1000,21261,14650fb0739d0383
100,repair5g2_c_equiv_best_frozen_baseline,True,warehouse-10-20-10-2-1|a100|s155|it0|repair5g55_counterfactual_static_context,,,True,False,0,warehouse-10-20-10-2-1,,1,False,0,8154,2979.3438,False,,,repair5g_dual_c_equiv_c100_b100_w075_d100,155,1000,21261,14650fb0739d0383
100,repair5g1_shield_c100_b125_w075_d100_beta0p35_max0p75,True,warehouse-10-20-10-2-1|a100|s155|it0|repair5g55_counterfactual_static_context,,,True,False,0,warehouse-10-20-10-2-1,,1,False,0,8154,4955.4886,False,,,repair5g1_shield_c100_b125_w075_d100_beta0p35_max0p75,155,1000,21261,14650fb0739d0383
100,repair5g1_shield_c125_b125_w075_d095_beta0p2_max0p5,True,warehouse-10-20-10-2-1|a100|s155|it0|repair5g55_counterfactual_static_context,,,True,False,0,warehouse-10-20-10-2-1,,1,False,0,8154,4900.6576,False,,,repair5g1_shield_c125_b125_w075_d095_beta0p2_max0p5,155,1000,21261,14650fb0739d0383
100,repair5g1_shield_c125_b125_w075_d095_beta0p35_max0p75,True,warehouse-10-20-10-2-1|a100|s155|it0|repair5g55_counterfactual_static_context,,,True,False,0,warehouse-10-20-10-2-1,,1,False,0,8154,5055.8682,False,,,repair5g1_shield_c125_b125_w075_d095_beta0p35_max0p75,155,1000,21261,14650fb0739d0383
