replay_phase,source_replay_phase,map,agents,seed,budget_ms,horizon_id,split,map_family,g562_dataset_row_id,g562_evaluation_uid,g562_identity_digest,theta_id,method,variant_id,actor_training_seed,model_path,actor_success,static_flow_success,success_gain_vs_static_flow,success_regression_vs_static_flow,actor_ratio,static_flow_ratio,delta_vs_static_flow,relative_improvement_vs_static_flow,runtime_speedup_vs_static_flow,actor_runtime_ms,static_flow_runtime_ms,actor_expanded_nodes,static_flow_expanded_nodes,actor_low_level_pibt_calls,static_flow_low_level_pibt_calls,candidate_recognized,fingerprint_match,static_flow_fingerprint_match,scenario_hash_match,static_flow_scenario_hash_match,identity_retained,static_flow_identity_retained,force_additive_false,dual_channel_enabled,theta_alpha_cong_commit_progress,theta_alpha_cong_commit_nonprogress,theta_alpha_cong_block,theta_alpha_cong_wait_progress,theta_alpha_cong_wait_nonprogress,theta_alpha_flow_commit_progress,theta_alpha_flow_wait_progress,theta_rho_cong_decay,theta_rho_flow_decay,theta_lambda_cong,theta_lambda_flow,theta_flow_shield_beta,theta_max_flow_shield,theta_min_edge_cost,theta_max_edge_cost,phase5p5_allowed,phase6_allowed,runtime_claim_allowed,learned_runtime_policy_validated,aaai_ready
g565_expanded_solver_panel_static_flow_supplement,g565_expanded_solver_panel,g559-synth-string-40,64,10536,500,g559_b500_i4,heldout,other,g565_real_graph_000450,45ae194948e466e3c484d6e8467e7468bccf032b90beff7a9d9e66d583c5e83f,4fed69420fb843c920a33f75a13fed664281e227ddac31938285134b87c7e20c,g562_g565_expanded_solver_panel_e0_s565_d590ca367bb0,g565_E0_phase5p5_repair5g565_expanded_e0_seed565,E0,565,artifacts/models/gcst/phase5p5_repair5g565_expanded_e0_seed565.pt,False,True,False,True,,1.95106715252,nan,nan,-0.5049079297108654,607.845556,403.9088,2339,99,1326107,6339,True,True,True,True,True,True,True,True,True,1.2507699728012085,1.1677725315093994,1.259077787399292,0.7353658676147461,0.7645518779754639,1.0284996032714844,0.7051330208778381,0.9812846183776855,1.0,0.683743417263031,0.6473289132118225,0.3403106927871704,0.8939725160598755,1.0,10.82736587524414,False,False,False,False,False
g565_expanded_solver_panel_static_flow_supplement,g565_expanded_solver_panel,g559-synth-string-40,64,10536,500,g559_b500_i4,heldout,other,g565_real_graph_000450,45ae194948e466e3c484d6e8467e7468bccf032b90beff7a9d9e66d583c5e83f,42cb62490e3f8a814f872d73d9f644680e88d97f0c730739bec1e8156a44f2a3,g562_g565_expanded_solver_panel_b1_s565_686a3d8edf1f,g565_B1_phase5p5_repair5g565_scaling_b1_fold0_all_seed565,B1,565,artifacts/models/gcst/phase5p5_repair5g565_scaling_b1_fold0_all_seed565.pt,False,True,False,True,,1.95106715252,nan,nan,-0.5015433632542793,606.486578,403.9088,2339,99,1326107,6339,True,True,True,True,True,True,True,True,True,1.2419184446334839,1.1677271127700806,1.2625313997268677,0.7413292527198792,0.7506269812583923,1.0173929929733276,0.7031049728393555,0.9809489846229553,1.0,0.6816073656082153,0.6515212059020996,0.3412015736103058,0.8979146480560303,1.0,10.828396797180176,False,False,False,False,False
g565_expanded_solver_panel_static_flow_supplement,g565_expanded_solver_panel,g559-synth-string-40,64,10536,500,g559_b500_i4,heldout,other,g565_real_graph_000450,45ae194948e466e3c484d6e8467e7468bccf032b90beff7a9d9e66d583c5e83f,47e09b6729a6a058fd4a578eef6c6b37f89a30d8a0fe5ab3e6bfc78c581aaff7,g562_g565_expanded_solver_panel_b2_s565_a26428d0ea01,g565_B2_phase5p5_repair5g565_scaling_b2_fold1_all_seed565,B2,565,artifacts/models/gcst/phase5p5_repair5g565_scaling_b2_fold1_all_seed565.pt,False,True,False,True,,1.95106715252,nan,nan,-0.5174855784276056,612.925779,403.9088,2330,99,1172331,6339,True,True,True,True,True,True,True,True,True,1.2481741905212402,1.161116123199463,1.2603057622909546,0.7447618246078491,0.7478916645050049,1.0324511528015137,0.7054210901260376,0.981009840965271,0.9998255968093872,0.6851468682289124,0.6494176387786865,0.3398366868495941,0.8868326544761658,1.0,10.821105003356934,False,False,False,False,False
g565_expanded_solver_panel_static_flow_supplement,g565_expanded_solver_panel,g559-synth-string-40,64,10776,500,g559_b500_i4,heldout,other,g565_real_graph_000737,70ef17e06137aee01bf21806f0937ea67077c41abb9855d51ef04552a4d82c78,66e37d9be59f7808e79154e73be92d6171d66de34a58d8d3008f24ea94274c28,g562_g565_expanded_solver_panel_e2_s565_a0754639f4aa,g565_E2_phase5p5_repair5g565_expanded_e2_seed565,E2,565,artifacts/models/gcst/phase5p5_repair5g565_expanded_e2_seed565.pt,False,True,False,True,,1.90980187696,nan,nan,-0.7156071499905681,618.435203,360.476,2496,91,1427870,5706,True,True,True,True,True,True,True,True,True,1.245405912399292,1.1669645309448242,1.2600070238113403,0.7343953847885132,0.7643740177154541,1.0369771718978882,0.6961746215820312,0.9810429811477661,1.0,0.6789252161979675,0.642516016960144,0.3437061607837677,0.9144794344902039,1.0,10.81894302368164,False,False,False,False,False
g565_expanded_solver_panel_static_flow_supplement,g565_expanded_solver_panel,g559-synth-string-40,64,10776,500,g559_b500_i4,heldout,other,g565_real_graph_000737,70ef17e06137aee01bf21806f0937ea67077c41abb9855d51ef04552a4d82c78,fb629cccc769f8bc59f55857bd6df7e7e2a75e1095cc783f8c82ff6086b5cc42,g562_g565_expanded_solver_panel_b1_s565_42b4ae94e89f,g565_B1_phase5p5_repair5g565_scaling_b1_fold0_all_seed565,B1,565,artifacts/models/gcst/phase5p5_repair5g565_scaling_b1_fold0_all_seed565.pt,False,True,False,True,,1.90980187696,nan,nan,-0.8689550954848587,673.713457,360.476,1963,91,1319037,5706,True,True,True,True,True,True,True,True,True,1.2419184446334839,1.1677271127700806,1.2625313997268677,0.7413292527198792,0.7506269812583923,1.0173929929733276,0.7031049728393555,0.9809489846229553,1.0,0.6816073656082153,0.6515212059020996,0.3412015736103058,0.8979146480560303,1.0,10.828396797180176,False,False,False,False,False
g565_expanded_solver_panel_static_flow_supplement,g565_expanded_solver_panel,g559-synth-string-40,64,10776,500,g559_b500_i4,heldout,other,g565_real_graph_000737,70ef17e06137aee01bf21806f0937ea67077c41abb9855d51ef04552a4d82c78,b9f33a75d5bfd709b1f2f9fdeaea1318a940b668cebb61008c4d30afebdd7698,g562_g565_expanded_solver_panel_b2_s565_e374dc11ead4,g565_B2_phase5p5_repair5g565_scaling_b2_fold1_all_seed565,B2,565,artifacts/models/gcst/phase5p5_repair5g565_scaling_b2_fold1_all_seed565.pt,False,True,False,True,,1.90980187696,nan,nan,-0.7821973890078674,642.439386,360.476,1961,91,1271536,5706,True,True,True,True,True,True,True,True,True,1.2481741905212402,1.161116123199463,1.2603057622909546,0.7447618246078491,0.7478916645050049,1.0324511528015137,0.7054210901260376,0.981009840965271,0.9998255968093872,0.6851468682289124,0.6494176387786865,0.3398366868495941,0.8868326544761658,1.0,10.821105003356934,False,False,False,False,False
g565_expanded_solver_panel_static_flow_supplement,g565_expanded_solver_panel,g559-synth-string-40,64,10776,500,g559_b500_i4,heldout,other,g565_real_graph_000737,70ef17e06137aee01bf21806f0937ea67077c41abb9855d51ef04552a4d82c78,53b0c9948e21c086bdca13cf54dfeff30a1ffd76ccc993567cf82c2314c1d06e,g562_g565_expanded_solver_panel_b2_s565_3028dfe76d97,g565_B2_phase5p5_repair5g565_scaling_b2_fold2_all_seed565,B2,565,artifacts/models/gcst/phase5p5_repair5g565_scaling_b2_fold2_all_seed565.pt,False,True,False,True,,1.90980187696,nan,nan,-0.5070893873655943,543.269554,360.476,4512,91,882889,5706,True,True,True,True,True,True,True,True,True,1.2486580610275269,1.1551759243011475,1.2774238586425781,0.7477841377258301,0.7561885118484497,1.0186104774475098,0.7083351016044617,0.9808790683746338,1.0,0.6828423738479614,0.651971697807312,0.33986401557922363,0.9012189507484436,1.0,10.81179428100586,False,False,False,False,False
g565_expanded_solver_panel_static_flow_supplement,g565_expanded_solver_panel,g559-synth-string-40,64,10776,500,g559_b500_i4,heldout,other,g565_real_graph_000737,70ef17e06137aee01bf21806f0937ea67077c41abb9855d51ef04552a4d82c78,a0ef57d7c25b2c57fd785a7bcbead131fb1c0099098cf7d8f48c14e1755d2216,g562_g565_expanded_solver_panel_b2_s565_1862386d45ce,g565_B2_phase5p5_repair5g565_scaling_b2_fold3_all_seed565,B2,565,artifacts/models/gcst/phase5p5_repair5g565_scaling_b2_fold3_all_seed565.pt,False,True,False,True,,1.90980187696,nan,nan,-0.6406093859230573,591.400309,360.476,3251,91,866210,5706,True,True,True,True,True,True,True,True,True,1.240860104560852,1.1590015888214111,1.2585785388946533,0.7500723600387573,0.7488633990287781,1.02496337890625,0.7069796323776245,0.9808521866798401,1.0,0.6800585985183716,0.6523997783660889,0.34510675072669983,0.8991939425468445,1.0,10.807656288146973,False,False,False,False,False
g565_expanded_solver_panel_static_flow_supplement,g565_expanded_solver_panel,g559-synth-string-40,64,11496,500,g559_b500_i4,heldout,other,g565_real_graph_000004,0050640a3c14e37acccaa467e9057a27cf2b3d49f978548a1b3ccf51add83def,64127b51443e0481f8da88a127975988feb5ba5c7952a3f45f960feb9c803fcd,g562_g565_expanded_solver_panel_e2_s565_cd7eec33c246,g565_E2_phase5p5_repair5g565_expanded_e2_seed565,E2,565,artifacts/models/gcst/phase5p5_repair5g565_expanded_e2_seed565.pt,False,True,False,True,,1.94291754757,nan,nan,-0.4962102796398379,541.999331,362.2481,5779,90,896261,5656,True,True,True,True,True,True,True,True,True,1.2454062700271606,1.1669681072235107,1.2600202560424805,0.7343897819519043,0.7643764019012451,1.0369775295257568,0.6961789727210999,0.98104327917099,1.0,0.6789240837097168,0.6425118446350098,0.3437105715274811,0.9145050048828125,1.0,10.818953514099121,False,False,False,False,False
g565_expanded_solver_panel_static_flow_supplement,g565_expanded_solver_panel,g559-synth-string-40,64,11496,500,g559_b500_i4,heldout,other,g565_real_graph_000004,0050640a3c14e37acccaa467e9057a27cf2b3d49f978548a1b3ccf51add83def,69ab5b47e33571abad022cee54d08dac2ee95a151c5ca382524e9effe23b8c80,g562_g565_expanded_solver_panel_b1_s565_7fffa2497e3a,g565_B1_phase5p5_repair5g565_scaling_b1_fold0_all_seed565,B1,565,artifacts/models/gcst/phase5p5_repair5g565_scaling_b1_fold0_all_seed565.pt,False,True,False,True,,1.94291754757,nan,nan,-0.4471193996600673,524.216253,362.2481,6193,90,969142,5656,True,True,True,True,True,True,True,True,True,1.2419184446334839,1.1677271127700806,1.2625313997268677,0.7413292527198792,0.7506269812583923,1.0173929929733276,0.7031049728393555,0.9809489846229553,1.0,0.6816073656082153,0.6515212059020996,0.3412015736103058,0.8979146480560303,1.0,10.828396797180176,False,False,False,False,False
g565_expanded_solver_panel_static_flow_supplement,g565_expanded_solver_panel,g559-synth-string-40,64,11496,500,g559_b500_i4,heldout,other,g565_real_graph_000004,0050640a3c14e37acccaa467e9057a27cf2b3d49f978548a1b3ccf51add83def,e617ddb245f2b32ab6d97228bf2ba859188f89262e65db4c3a1069badd4fba9e,g562_g565_expanded_solver_panel_b1_s565_ec28cae88cf1,g565_B1_phase5p5_repair5g565_scaling_b1_fold3_all_seed565,B1,565,artifacts/models/gcst/phase5p5_repair5g565_scaling_b1_fold3_all_seed565.pt,False,True,False,True,,1.94291754757,nan,nan,-0.5540893520214459,562.965915,362.2481,5897,90,922529,5656,True,True,True,True,True,True,True,True,True,1.242787480354309,1.1655681133270264,1.2748825550079346,0.7497100830078125,0.7532985210418701,1.025909185409546,0.7064592838287354,0.9808717966079712,1.0,0.6789582967758179,0.6534641981124878,0.3446955978870392,0.898270308971405,0.9992702007293701,10.821928977966309,False,False,False,False,False
g565_expanded_solver_panel_static_flow_supplement,g565_expanded_solver_panel,g559-synth-string-40,64,8496,500,g559_b500_i4,heldout,other,g565_real_graph_000958,8fe2a43df4da7f09e22aa752bd526c14b522c7668fa8cde136db39e79c641843,0db6593b9c19b1b3fea089a7f7b70864e9781b0e4363e8197462fa169392f78f,g562_g565_expanded_solver_panel_e1_s565_44a8b9c6efa8,g565_E1_phase5p5_repair5g565_expanded_e1_seed565,E1,565,artifacts/models/gcst/phase5p5_repair5g565_expanded_e1_seed565.pt,False,True,False,True,,2.02913631634,nan,nan,-0.44203325756173184,563.136627,390.5157,3288,101,2053410,6343,True,True,True,True,True,True,True,True,True,1.2509143352508545,1.1707079410552979,1.2422254085540771,0.7357124090194702,0.7771881818771362,1.0231971740722656,0.7075645327568054,0.9809821248054504,1.0,0.6804529428482056,0.6461290121078491,0.3372287154197693,0.9019320607185364,1.0,10.815059661865234,False,False,False,False,False
g565_expanded_solver_panel_static_flow_supplement,g565_expanded_solver_panel,g559-synth-string-40,64,8496,500,g559_b500_i4,heldout,other,g565_real_graph_000958,8fe2a43df4da7f09e22aa752bd526c14b522c7668fa8cde136db39e79c641843,7f9d9faca05f337028630a81c2e4ff879f08e7e4232fab69f9141161c49431c7,g562_g565_expanded_solver_panel_e2_s565_85b4606c39f5,g565_E2_phase5p5_repair5g565_expanded_e2_seed565,E2,565,artifacts/models/gcst/phase5p5_repair5g565_expanded_e2_seed565.pt,False,True,False,True,,2.02913631634,nan,nan,-0.37318641478434805,536.250854,390.5157,3108,101,2028553,6343,True,True,True,True,True,True,True,True,True,1.2454050779342651,1.1669644117355347,1.2600058317184448,0.7343959212303162,0.7643747925758362,1.0369776487350464,0.6961742639541626,0.9810429811477661,1.0,0.6789255738258362,0.64251708984375,0.3437057137489319,0.9144760966300964,1.0,10.818942070007324,False,False,False,False,False
g565_expanded_solver_panel_static_flow_supplement,g565_expanded_solver_panel,g559-synth-string-40,64,8496,500,g559_b500_i4,heldout,other,g565_real_graph_000958,8fe2a43df4da7f09e22aa752bd526c14b522c7668fa8cde136db39e79c641843,00b9dbdc6f3c78205d2db2a534f14f8515adaf5cec45250849761d331258436e,g562_g565_expanded_solver_panel_b1_s565_b64a3abf7f76,g565_B1_phase5p5_repair5g565_scaling_b1_fold0_all_seed565,B1,565,artifacts/models/gcst/phase5p5_repair5g565_scaling_b1_fold0_all_seed565.pt,False,True,False,True,,2.02913631634,nan,nan,-0.4062934985712484,549.17969,390.5157,3288,101,2053410,6343,True,True,True,True,True,True,True,True,True,1.2419184446334839,1.1677271127700806,1.2625313997268677,0.7413292527198792,0.7506269812583923,1.0173929929733276,0.7031049728393555,0.9809489846229553,1.0,0.6816073656082153,0.6515212059020996,0.3412015736103058,0.8979146480560303,1.0,10.828396797180176,False,False,False,False,False
g565_expanded_solver_panel_static_flow_supplement,g565_expanded_solver_panel,g559-synth-string-40,64,8496,500,g559_b500_i4,heldout,other,g565_real_graph_000958,8fe2a43df4da7f09e22aa752bd526c14b522c7668fa8cde136db39e79c641843,5470f3e86ef09fed4bb373e5012ecad587c8e4181cde8cfdf60de0b0909b5426,g562_g565_expanded_solver_panel_b2_s565_3d72aa71dcc7,g565_B2_phase5p5_repair5g565_scaling_b2_fold0_all_seed565,B2,565,artifacts/models/gcst/phase5p5_repair5g565_scaling_b2_fold0_all_seed565.pt,False,True,False,True,,2.02913631634,nan,nan,-0.4457184922398768,564.575769,390.5157,3288,101,2053410,6343,True,True,True,True,True,True,True,True,True,1.2448914051055908,1.169713020324707,1.259981632232666,0.739479124546051,0.7492467164993286,1.0187032222747803,0.7024657130241394,0.981072723865509,1.0,0.6810890436172485,0.6505330204963684,0.3386201858520508,0.9007475972175598,1.0,10.826581001281738,False,False,False,False,False
g565_expanded_solver_panel_static_flow_supplement,g565_expanded_solver_panel,g559-synth-string-40,64,8496,500,g559_b500_i4,heldout,other,g565_real_graph_000958,8fe2a43df4da7f09e22aa752bd526c14b522c7668fa8cde136db39e79c641843,62894c2b11505a0caf44a61d40c2acec23ae515bcec1bdc5f64b0112aa6dde98,g562_g565_expanded_solver_panel_b2_s565_666af01f8d97,g565_B2_phase5p5_repair5g565_scaling_b2_fold2_all_seed565,B2,565,artifacts/models/gcst/phase5p5_repair5g565_scaling_b2_fold2_all_seed565.pt,False,True,False,True,,2.02913631634,nan,nan,-0.4064116961238692,549.225848,390.5157,3288,101,2053410,6343,True,True,True,True,True,True,True,True,True,1.2486580610275269,1.1551759243011475,1.2774238586425781,0.7477841377258301,0.7561885118484497,1.0186104774475098,0.7083351016044617,0.9808790683746338,1.0,0.6828423738479614,0.651971697807312,0.33986401557922363,0.9012189507484436,1.0,10.81179428100586,False,False,False,False,False
g565_expanded_solver_panel_static_flow_supplement,g565_expanded_solver_panel,g559-synth-string-40,64,8496,500,g559_b500_i4,heldout,other,g565_real_graph_000958,8fe2a43df4da7f09e22aa752bd526c14b522c7668fa8cde136db39e79c641843,77b9e9dba7d6dabc84ff12d946c5d5a58d8f136f74adbb4680342451f17eed8a,g562_g565_expanded_solver_panel_b2_s565_d7f5645cef3f,g565_B2_phase5p5_repair5g565_scaling_b2_fold3_all_seed565,B2,565,artifacts/models/gcst/phase5p5_repair5g565_scaling_b2_fold3_all_seed565.pt,False,True,False,True,,2.02913631634,nan,nan,-0.39684519213952213,545.489978,390.5157,3049,101,2035090,6343,True,True,True,True,True,True,True,True,True,1.240860104560852,1.1590015888214111,1.2585785388946533,0.7500723600387573,0.7488633990287781,1.02496337890625,0.7069796323776245,0.9808521866798401,1.0,0.6800585985183716,0.6523997783660889,0.34510675072669983,0.8991939425468445,1.0,10.807656288146973,False,False,False,False,False
g565_expanded_solver_panel_static_flow_supplement,g565_expanded_solver_panel,g559-synth-string-40,64,8976,500,g559_b500_i4,heldout,other,g565_real_graph_000302,2e64c50dc1624398d097a0cf1f54647c78116a1b5eb94cbba2ff5d5c1668dd97,af03988a0fda2f7936dbe1a41decc92620f35df516f6997aed18929a597f3fb8,g562_g565_expanded_solver_panel_e2_s565_e95a38e6306b,g565_E2_phase5p5_repair5g565_expanded_e2_seed565,E2,565,artifacts/models/gcst/phase5p5_repair5g565_expanded_e2_seed565.pt,False,True,False,True,,1.51898734177,nan,nan,-0.9643078702256672,565.614594,287.946,7110,66,1473124,4127,True,True,True,True,True,True,True,True,True,1.2454065084457397,1.1669672727584839,1.260015845298767,0.7343909740447998,0.7643755078315735,1.0369765758514404,0.6961782574653625,0.9810431599617004,1.0,0.6789241433143616,0.642512321472168,0.34370937943458557,0.9144991040229797,1.0,10.818951606750488,False,False,False,False,False
g565_expanded_solver_panel_static_flow_supplement,g565_expanded_solver_panel,g559-synth-string-40,64,8976,500,g559_b500_i4,heldout,other,g565_real_graph_000302,2e64c50dc1624398d097a0cf1f54647c78116a1b5eb94cbba2ff5d5c1668dd97,937e3ee13044720e463d733af78a86365019acdb69a9543b674d4c2f2030c3f8,g562_g565_expanded_solver_panel_b2_s565_ffe93056d85b,g565_B2_phase5p5_repair5g565_scaling_b2_fold2_all_seed565,B2,565,artifacts/models/gcst/phase5p5_repair5g565_scaling_b2_fold2_all_seed565.pt,False,True,False,True,,1.51898734177,nan,nan,-0.9281035055183957,555.189692,287.946,6690,66,1409584,4127,True,True,True,True,True,True,True,True,True,1.2486580610275269,1.1551759243011475,1.2774238586425781,0.7477841377258301,0.7561885118484497,1.0186104774475098,0.7083351016044617,0.9808790683746338,1.0,0.6828423738479614,0.651971697807312,0.33986401557922363,0.9012189507484436,1.0,10.81179428100586,False,False,False,False,False
g565_expanded_solver_panel_static_flow_supplement,g565_expanded_solver_panel,g559-synth-string-40,64,9696,500,g559_b500_i4,heldout,other,g565_real_graph_000364,380333f092661a22295c553a090b2725f3c71a8943f330a0ae057d1a7bf50948,73731927c2086d3539ea79b29fdc9502e407d6d72ede12c63a3ed48c4a3e61b4,g562_g565_expanded_solver_panel_b1_s565_72e86e2a08df,g565_B1_phase5p5_repair5g565_scaling_b1_fold0_all_seed565,B1,565,artifacts/models/gcst/phase5p5_repair5g565_scaling_b1_fold0_all_seed565.pt,False,True,False,True,,1.84281282316,nan,nan,-1.100061096913677,669.166198,318.6413,4665,74,760775,4645,True,True,True,True,True,True,True,True,True,1.2419184446334839,1.1677271127700806,1.2625313997268677,0.7413292527198792,0.7506269812583923,1.0173929929733276,0.7031049728393555,0.9809489846229553,1.0,0.6816073656082153,0.6515212059020996,0.3412015736103058,0.8979146480560303,1.0,10.828396797180176,False,False,False,False,False
g565_expanded_solver_panel_static_flow_supplement,g565_expanded_solver_panel,g559-synth-string-40,64,9816,500,g559_b500_i4,heldout,other,g565_real_graph_000060,0a66c98ec0a4d7f1c3e43bdbdba68e1bb72b817cbbd5b38c8e7d31d55277e999,a4c3686b1687b6d995dc65c7c26e17c4038cfd7848d9760bfb4c6139fd45d88f,g562_g565_expanded_solver_panel_b1_s565_95ee001fb365,g565_B1_phase5p5_repair5g565_scaling_b1_fold3_all_seed565,B1,565,artifacts/models/gcst/phase5p5_repair5g565_scaling_b1_fold3_all_seed565.pt,False,True,False,True,,1.63694951665,nan,nan,-0.7495148962326756,575.506949,328.9523,4480,71,1065865,4452,True,True,True,True,True,True,True,True,True,1.242787480354309,1.1655681133270264,1.2748825550079346,0.7497100830078125,0.7532985210418701,1.025909185409546,0.7064592838287354,0.9808717966079712,1.0,0.6789582967758179,0.6534641981124878,0.3446955978870392,0.898270308971405,0.9992702007293701,10.821928977966309,False,False,False,False,False
g565_expanded_solver_panel_static_flow_supplement,g565_expanded_solver_panel,g559-synth-string-40,64,9936,500,g559_b500_i4,heldout,other,g565_real_graph_000526,4fe96f574b7630415a84a99638ea491930bf2f6c756b507af26aa57fa83fcf3c,d92084ecad2d22d96cec6538ec7c35ed55ff96a9d4273510e07e5c4fc528e37e,g562_g565_expanded_solver_panel_b2_s565_e60c1b7bd724,g565_B2_phase5p5_repair5g565_scaling_b2_fold3_all_seed565,B2,565,artifacts/models/gcst/phase5p5_repair5g565_scaling_b2_fold3_all_seed565.pt,False,True,False,True,,2.19373368146,nan,nan,-0.534786189211584,572.89931,373.2763,2565,97,1043673,6077,True,True,True,True,True,True,True,True,True,1.240860104560852,1.1590015888214111,1.2585785388946533,0.7500723600387573,0.7488633990287781,1.02496337890625,0.7069796323776245,0.9808521866798401,1.0,0.6800585985183716,0.6523997783660889,0.34510675072669983,0.8991939425468445,1.0,10.807656288146973,False,False,False,False,False
g565_expanded_solver_panel_static_flow_supplement,g565_expanded_solver_panel,maze-32-32-2,128,8966,2000,g559_b2000_i3,validation,maze,g565_real_graph_000195,1dde2a6c4b173facc20031ba53752b37d0f9c3d5fb8fb73338025c2b3515bfa7,563dcfa11c9e45ad61faabe66fb4aef17558c9a9c797e7300fc7f30ec2df7925,g562_g565_expanded_solver_panel_b1_s565_751e933e846d,g565_B1_phase5p5_repair5g565_scaling_b1_fold2_all_seed565,B1,565,artifacts/models/gcst/phase5p5_repair5g565_scaling_b1_fold2_all_seed565.pt,False,True,False,True,,1.95574783684,nan,nan,-0.656769293428209,2376.440384,1434.3822,15365,272,8136475,35451,True,True,True,True,True,True,True,True,True,1.2480440139770508,1.156984567642212,1.2668358087539673,0.7500779032707214,0.7517090439796448,1.0155653953552246,0.7070396542549133,0.9809726476669312,1.0,0.6840704679489136,0.6509780883789062,0.341921865940094,0.8938339352607727,1.0,10.826569557189941,False,False,False,False,False
g565_expanded_solver_panel_static_flow_supplement,g565_expanded_solver_panel,g559-synth-string-40,64,9696,500,g559_b500_i4,heldout,other,g565_real_graph_000364,380333f092661a22295c553a090b2725f3c71a8943f330a0ae057d1a7bf50948,15dc58a892e8bcc2212264b143ea5684a3642d5a48a9994ca52bfa81b77d3b6c,g562_g565_expanded_solver_panel_b1_s565_0a0f0c7c7c15,g565_B1_phase5p5_repair5g565_scaling_b1_fold1_all_seed565,B1,565,artifacts/models/gcst/phase5p5_repair5g565_scaling_b1_fold1_all_seed565.pt,True,True,False,False,4.19596690796,1.84281282316,2.3531540848,-1.2769360269399916,0.9721257100068322,8.8819,318.6413,302,74,19132,4645,True,True,True,True,True,True,True,True,True,1.2492616176605225,1.1622165441513062,1.2568947076797485,0.744052529335022,0.7502079010009766,1.0271269083023071,0.7057000398635864,0.98094242811203,0.9998460412025452,0.683508574962616,0.6498144865036011,0.3407077491283417,0.8883487582206726,1.0,10.820582389831543,False,False,False,False,False
g565_expanded_solver_panel_static_flow_supplement,g565_expanded_solver_panel,g559-synth-string-40,64,9696,500,g559_b500_i4,heldout,other,g565_real_graph_000364,380333f092661a22295c553a090b2725f3c71a8943f330a0ae057d1a7bf50948,297737f56d875d316d3e3295b9d255fffbc1aec65915f8cd547954ec9789bfe2,g562_g565_expanded_solver_panel_b2_s565_61ab71d54f65,g565_B2_phase5p5_repair5g565_scaling_b2_fold0_all_seed565,B2,565,artifacts/models/gcst/phase5p5_repair5g565_scaling_b2_fold0_all_seed565.pt,True,True,False,False,3.78903826267,1.84281282316,1.94622543951,-1.0561167227893884,0.9731442094919899,8.557364,318.6413,256,74,16637,4645,True,True,True,True,True,True,True,True,True,1.2448914051055908,1.169713020324707,1.259981632232666,0.739479124546051,0.7492467164993286,1.0187032222747803,0.7024657130241394,0.981072723865509,1.0,0.6810890436172485,0.6505330204963684,0.3386201858520508,0.9007475972175598,1.0,10.826581001281738,False,False,False,False,False
g565_expanded_solver_panel_static_flow_supplement,g565_expanded_solver_panel,g559-synth-string-40,64,9696,500,g559_b500_i4,heldout,other,g565_real_graph_000364,380333f092661a22295c553a090b2725f3c71a8943f330a0ae057d1a7bf50948,d8cf53f7be5fd4ab936631101e659a786e2c83481c43d9129174f1f7cd36925f,g562_g565_expanded_solver_panel_b2_s565_875c777dbf03,g565_B2_phase5p5_repair5g565_scaling_b2_fold1_all_seed565,B2,565,artifacts/models/gcst/phase5p5_repair5g565_scaling_b2_fold1_all_seed565.pt,True,True,False,False,3.53516028956,1.84281282316,1.6923474663999998,-0.9183501683573122,0.9754188581329539,7.832567,318.6413,221,74,14367,4645,True,True,True,True,True,True,True,True,True,1.2481741905212402,1.161116123199463,1.2603057622909546,0.7447618246078491,0.7478916645050049,1.0324511528015137,0.7054210901260376,0.981009840965271,0.9998255968093872,0.6851468682289124,0.6494176387786865,0.3398366868495941,0.8868326544761658,1.0,10.821105003356934,False,False,False,False,False
g565_expanded_solver_panel_static_flow_supplement,g565_expanded_solver_panel,g559-synth-string-40,64,9696,500,g559_b500_i4,heldout,other,g565_real_graph_000364,380333f092661a22295c553a090b2725f3c71a8943f330a0ae057d1a7bf50948,e87010c67fec8929eaaeb4c57d950e280cf468baaa9cffd6d134e181cfd85cd0,g562_g565_expanded_solver_panel_e2_s565_b6aff70e3eb4,g565_E2_phase5p5_repair5g565_expanded_e2_seed565,E2,565,artifacts/models/gcst/phase5p5_repair5g565_expanded_e2_seed565.pt,True,True,False,False,3.09565667011,1.84281282316,1.2528438469499998,-0.6798540965227607,0.7962308903459784,64.929254,318.6413,1395,74,256353,4645,True,True,True,True,True,True,True,True,True,1.2454067468643188,1.1669692993164062,1.2600297927856445,0.7343873381614685,0.7643764615058899,1.0369793176651,0.6961799263954163,0.9810433983802795,1.0,0.6789235472679138,0.6425096392631531,0.3437131941318512,0.9145192503929138,1.0,10.81895637512207,False,False,False,False,False
g565_expanded_solver_panel_static_flow_supplement,g565_expanded_solver_panel,g559-synth-string-40,64,9816,500,g559_b500_i4,heldout,other,g565_real_graph_000060,0a66c98ec0a4d7f1c3e43bdbdba68e1bb72b817cbbd5b38c8e7d31d55277e999,6a12d8b3d8b11b66121c70cce3730bb95323e4851771aa20fe02c1619d78b154,g562_g565_expanded_solver_panel_b1_s565_4f499f1ee26a,g565_B1_phase5p5_repair5g565_scaling_b1_fold0_all_seed565,B1,565,artifacts/models/gcst/phase5p5_repair5g565_scaling_b1_fold0_all_seed565.pt,True,True,False,False,2.77980665951,1.63694951665,1.14285714286,-0.6981627296600112,0.9736053859480539,8.682569,328.9523,236,71,21199,4452,True,True,True,True,True,True,True,True,True,1.2419184446334839,1.1677271127700806,1.2625313997268677,0.7413292527198792,0.7506269812583923,1.0173929929733276,0.7031049728393555,0.9809489846229553,1.0,0.6816073656082153,0.6515212059020996,0.3412015736103058,0.8979146480560303,1.0,10.828396797180176,False,False,False,False,False
g565_expanded_solver_panel_static_flow_supplement,g565_expanded_solver_panel,g559-synth-string-40,64,8976,500,g559_b500_i4,heldout,other,g565_real_graph_000302,2e64c50dc1624398d097a0cf1f54647c78116a1b5eb94cbba2ff5d5c1668dd97,2fa0bf0b8ad1f0de271daf686e26f78ef7e66c6c61433c267892f84a0271bd32,g562_g565_expanded_solver_panel_b2_s565_0276a6f2977d,g565_B2_phase5p5_repair5g565_scaling_b2_fold0_all_seed565,B2,565,artifacts/models/gcst/phase5p5_repair5g565_scaling_b2_fold0_all_seed565.pt,True,True,False,False,2.63976793249,1.51898734177,1.12078059072,-0.7378472222250453,0.908858306765852,26.243886,287.946,674,66,101639,4127,True,True,True,True,True,True,True,True,True,1.2448914051055908,1.169713020324707,1.259981632232666,0.739479124546051,0.7492467164993286,1.0187032222747803,0.7024657130241394,0.981072723865509,1.0,0.6810890436172485,0.6505330204963684,0.3386201858520508,0.9007475972175598,1.0,10.826581001281738,False,False,False,False,False
g565_expanded_solver_panel_static_flow_supplement,g565_expanded_solver_panel,g559-synth-string-40,64,8976,500,g559_b500_i4,heldout,other,g565_real_graph_000302,2e64c50dc1624398d097a0cf1f54647c78116a1b5eb94cbba2ff5d5c1668dd97,33d0ba9fb986cb2611e331d3a7564f26f988896c5d61d32d64047aa19dbe2c09,g562_g565_expanded_solver_panel_b1_s565_f3f56eed5af9,g565_B1_phase5p5_repair5g565_scaling_b1_fold0_all_seed565,B1,565,artifacts/models/gcst/phase5p5_repair5g565_scaling_b1_fold0_all_seed565.pt,True,True,False,False,2.57805907173,1.51898734177,1.0590717299599999,-0.6972222222246544,-0.7505682558535278,504.069127,287.946,6726,66,1436371,4127,True,True,True,True,True,True,True,True,True,1.2419184446334839,1.1677271127700806,1.2625313997268677,0.7413292527198792,0.7506269812583923,1.0173929929733276,0.7031049728393555,0.9809489846229553,1.0,0.6816073656082153,0.6515212059020996,0.3412015736103058,0.8979146480560303,1.0,10.828396797180176,False,False,False,False,False
g565_expanded_solver_panel_static_flow_supplement,g565_expanded_solver_panel,g559-synth-string-40,64,7656,500,g559_b500_i4,heldout,other,g565_real_graph_000011,01a44187b4330448341164e90ac0c38b422edb1281683c997b137fdcb143042c,a44468b3534ad628ed161fe2f2f867dca999df4b375828c54301da78ab0ff42d,g562_g565_expanded_solver_panel_b2_s565_1317390c9def,g565_B2_phase5p5_repair5g565_scaling_b2_fold2_all_seed565,B2,565,artifacts/models/gcst/phase5p5_repair5g565_scaling_b2_fold2_all_seed565.pt,True,True,False,False,3.0944,2.09013333333,1.00426666667,-0.4804797142151705,0.982056921009016,6.575776,366.4798,153,90,9634,5644,True,True,True,True,True,True,True,True,True,1.2486580610275269,1.1551759243011475,1.2774238586425781,0.7477841377258301,0.7561885118484497,1.0186104774475098,0.7083351016044617,0.9808790683746338,1.0,0.6828423738479614,0.651971697807312,0.33986401557922363,0.9012189507484436,1.0,10.81179428100586,False,False,False,False,False
g565_expanded_solver_panel_static_flow_supplement,g565_expanded_solver_panel,g559-synth-string-40,64,9816,500,g559_b500_i4,heldout,other,g565_real_graph_000060,0a66c98ec0a4d7f1c3e43bdbdba68e1bb72b817cbbd5b38c8e7d31d55277e999,9de29e585f1aec6125ba1e33e9edd44098a3f419d19f4f7dc6d64e329c35639c,g562_g565_expanded_solver_panel_b1_s565_7c43d0a85ef7,g565_B1_phase5p5_repair5g565_scaling_b1_fold1_all_seed565,B1,565,artifacts/models/gcst/phase5p5_repair5g565_scaling_b1_fold1_all_seed565.pt,True,True,False,False,2.62943071966,1.63694951665,0.9924812030100001,-0.6062992125994835,0.9806141863121188,6.377008,328.9523,144,71,9077,4452,True,True,True,True,True,True,True,True,True,1.2492616176605225,1.1622165441513062,1.2568947076797485,0.744052529335022,0.7502079010009766,1.0271269083023071,0.7057000398635864,0.98094242811203,0.9998460412025452,0.683508574962616,0.6498144865036011,0.3407077491283417,0.8883487582206726,1.0,10.820582389831543,False,False,False,False,False
g565_expanded_solver_panel_static_flow_supplement,g565_expanded_solver_panel,g559-synth-string-40,64,9696,500,g559_b500_i4,heldout,other,g565_real_graph_000364,380333f092661a22295c553a090b2725f3c71a8943f330a0ae057d1a7bf50948,df18f75dc8485d1610d370b00d3d7c731540f77751b31d1790bdacab8e61db12,g562_g565_expanded_solver_panel_b2_s565_dffd545a6fcd,g565_B2_phase5p5_repair5g565_scaling_b2_fold3_all_seed565,B2,565,artifacts/models/gcst/phase5p5_repair5g565_scaling_b2_fold3_all_seed565.pt,True,True,False,False,2.73991726991,1.84281282316,0.8971044467499998,-0.48681257015114104,0.9792143862079398,6.623155,318.6413,167,74,10659,4645,True,True,True,True,True,True,True,True,True,1.240860104560852,1.1590015888214111,1.2585785388946533,0.7500723600387573,0.7488633990287781,1.02496337890625,0.7069796323776245,0.9808521866798401,1.0,0.6800585985183716,0.6523997783660889,0.34510675072669983,0.8991939425468445,1.0,10.807656288146973,False,False,False,False,False
g565_expanded_solver_panel_static_flow_supplement,g565_expanded_solver_panel,g559-synth-string-40,64,9696,500,g559_b500_i4,heldout,other,g565_real_graph_000364,380333f092661a22295c553a090b2725f3c71a8943f330a0ae057d1a7bf50948,07ee4aeb7ff195a9ddd5bad37b27021d3f0aaec01e8e2e395a0c46ac887f2eb0,g562_g565_expanded_solver_panel_e0_s565_e438c2a10a11,g565_E0_phase5p5_repair5g565_expanded_e0_seed565,E0,565,artifacts/models/gcst/phase5p5_repair5g565_expanded_e0_seed565.pt,True,True,False,False,2.73578076525,1.84281282316,0.8929679420899999,-0.48456790123630966,0.08809026011380187,290.572105,318.6413,3203,74,747578,4645,True,True,True,True,True,True,True,True,True,1.2507736682891846,1.1678071022033691,1.2585872411727905,0.7353912591934204,0.7646462917327881,1.028369665145874,0.7051289677619934,0.9812847375869751,1.0,0.6837435960769653,0.6474045515060425,0.34022000432014465,0.894054114818573,1.0,10.827131271362305,False,False,False,False,False
g565_expanded_solver_panel_static_flow_supplement,g565_expanded_solver_panel,g559-synth-string-40,64,11616,500,g559_b500_i4,heldout,other,g565_real_graph_000577,58f59fe769776bf17d7c34d1cd8d6044232a619e51f0fcd2bc98a08d74737890,65bc8dac6b9452664918177456f48b055edf3f71e35f6661f26c0f97e969908b,g562_g565_expanded_solver_panel_b1_s565_bc3a5de9b141,g565_B1_phase5p5_repair5g565_scaling_b1_fold2_all_seed565,B1,565,artifacts/models/gcst/phase5p5_repair5g565_scaling_b1_fold2_all_seed565.pt,True,True,False,False,2.47107438017,1.60588842975,0.8651859504200001,-0.5387584432342475,0.9787913205049902,7.399914,348.9097,200,68,15824,4263,True,True,True,True,True,True,True,True,True,1.2480440139770508,1.156984567642212,1.2668358087539673,0.7500779032707214,0.7517090439796448,1.0155653953552246,0.7070396542549133,0.9809726476669312,1.0,0.6840704679489136,0.6509780883789062,0.341921865940094,0.8938339352607727,1.0,10.826569557189941,False,False,False,False,False
g565_expanded_solver_panel_static_flow_supplement,g565_expanded_solver_panel,g559-synth-string-40,64,8976,500,g559_b500_i4,heldout,other,g565_real_graph_000302,2e64c50dc1624398d097a0cf1f54647c78116a1b5eb94cbba2ff5d5c1668dd97,f8ba3ea80bbbb769fa94ff017e4da2faa48e3a1abae1ffdcef8fc1ec8fa2240a,g562_g565_expanded_solver_panel_e1_s565_4352627a348a,g565_E1_phase5p5_repair5g565_expanded_e1_seed565,E1,565,artifacts/models/gcst/phase5p5_repair5g565_expanded_e1_seed565.pt,True,True,False,False,2.36234177215,1.51898734177,0.8433544303800002,-0.5552083333342868,0.9785989560542602,6.162345,287.946,146,66,9155,4127,True,True,True,True,True,True,True,True,True,1.2511800527572632,1.1699724197387695,1.24297297000885,0.7350767254829407,0.7766883373260498,1.02471923828125,0.7072866559028625,0.9809913039207458,1.0,0.6798622608184814,0.6456151604652405,0.3377697765827179,0.9039902687072754,1.0,10.817008972167969,False,False,False,False,False
g565_expanded_solver_panel_static_flow_supplement,g565_expanded_solver_panel,g559-synth-string-40,64,8976,500,g559_b500_i4,heldout,other,g565_real_graph_000302,2e64c50dc1624398d097a0cf1f54647c78116a1b5eb94cbba2ff5d5c1668dd97,23748c6c37fdc71a748dae1c8fcfd7223122c651f175af809b5ec82edee82f38,g562_g565_expanded_solver_panel_b1_s565_a42c5ea74f61,g565_B1_phase5p5_repair5g565_scaling_b1_fold1_all_seed565,B1,565,artifacts/models/gcst/phase5p5_repair5g565_scaling_b1_fold1_all_seed565.pt,True,True,False,False,2.35390295359,1.51898734177,0.8349156118200001,-0.5496527777822787,0.7660417057364922,67.367355,287.946,1398,66,243888,4127,True,True,True,True,True,True,True,True,True,1.2492616176605225,1.1622165441513062,1.2568947076797485,0.744052529335022,0.7502079010009766,1.0271269083023071,0.7057000398635864,0.98094242811203,0.9998460412025452,0.683508574962616,0.6498144865036011,0.3407077491283417,0.8883487582206726,1.0,10.820582389831543,False,False,False,False,False
g565_expanded_solver_panel_static_flow_supplement,g565_expanded_solver_panel,g559-synth-string-40,64,9816,500,g559_b500_i4,heldout,other,g565_real_graph_000060,0a66c98ec0a4d7f1c3e43bdbdba68e1bb72b817cbbd5b38c8e7d31d55277e999,8fe77161f3cee2f2af568f385b4befabb52701608c9d9f685b9d8fcc12c0cf59,g562_g565_expanded_solver_panel_b2_s565_4f02046b12fa,g565_B2_phase5p5_repair5g565_scaling_b2_fold0_all_seed565,B2,565,artifacts/models/gcst/phase5p5_repair5g565_scaling_b2_fold0_all_seed565.pt,True,True,False,False,2.32277121375,1.63694951665,0.6858216970999997,-0.41896325459292516,0.9808925275792266,6.285447,328.9523,137,71,9364,4452,True,True,True,True,True,True,True,True,True,1.2448914051055908,1.169713020324707,1.259981632232666,0.739479124546051,0.7492467164993286,1.0187032222747803,0.7024657130241394,0.981072723865509,1.0,0.6810890436172485,0.6505330204963684,0.3386201858520508,0.9007475972175598,1.0,10.826581001281738,False,False,False,False,False
g565_expanded_solver_panel_static_flow_supplement,g565_expanded_solver_panel,g559-synth-string-40,64,9696,500,g559_b500_i4,heldout,other,g565_real_graph_000364,380333f092661a22295c553a090b2725f3c71a8943f330a0ae057d1a7bf50948,8413494b4d0ac84979264ca55818e9a28837a8927fc67a48584916772a5682ab,g562_g565_expanded_solver_panel_b1_s565_2c15d9c7cc07,g565_B1_phase5p5_repair5g565_scaling_b1_fold3_all_seed565,B1,565,artifacts/models/gcst/phase5p5_repair5g565_scaling_b1_fold3_all_seed565.pt,True,True,False,False,2.4886246122,1.84281282316,0.6458117890400001,-0.3504489337840517,0.9804460501510632,6.230696,318.6413,133,74,8372,4645,True,True,True,True,True,True,True,True,True,1.242787480354309,1.1655681133270264,1.2748825550079346,0.7497100830078125,0.7532985210418701,1.025909185409546,0.7064592838287354,0.9808717966079712,1.0,0.6789582967758179,0.6534641981124878,0.3446955978870392,0.898270308971405,0.9992702007293701,10.821928977966309,False,False,False,False,False
g565_expanded_solver_panel_static_flow_supplement,g565_expanded_solver_panel,g559-synth-string-40,64,9816,500,g559_b500_i4,heldout,other,g565_real_graph_000060,0a66c98ec0a4d7f1c3e43bdbdba68e1bb72b817cbbd5b38c8e7d31d55277e999,36dc784c7c2bbb2884d4a63db1d3644cac70d9dd38c0fb12f8ffa7de073e6fd4,g562_g565_expanded_solver_panel_e2_s565_bc5601d35853,g565_E2_phase5p5_repair5g565_expanded_e2_seed565,E2,565,artifacts/models/gcst/phase5p5_repair5g565_expanded_e2_seed565.pt,True,True,False,False,2.28034371643,1.63694951665,0.6433941997799999,-0.3930446194191128,0.979557349196221,6.724657,328.9523,133,71,11463,4452,True,True,True,True,True,True,True,True,True,1.2454015016555786,1.1669551134109497,1.2599616050720215,0.7344123721122742,0.7643744945526123,1.0369747877120972,0.6961630582809448,0.9810423851013184,1.0,0.6789298057556152,0.6425328850746155,0.3436914086341858,0.9143960475921631,1.0,10.818915367126465,False,False,False,False,False
g565_expanded_solver_panel_static_flow_supplement,g565_expanded_solver_panel,g559-synth-string-40,64,9816,500,g559_b500_i4,heldout,other,g565_real_graph_000060,0a66c98ec0a4d7f1c3e43bdbdba68e1bb72b817cbbd5b38c8e7d31d55277e999,775a4342bdecb1e5f49c9c8e7bc97fedf8feec47bc1b9a91997e3f0349ef504f,g562_g565_expanded_solver_panel_b2_s565_568b8329c4c3,g565_B2_phase5p5_repair5g565_scaling_b2_fold1_all_seed565,B2,565,artifacts/models/gcst/phase5p5_repair5g565_scaling_b2_fold1_all_seed565.pt,True,True,False,False,2.22932330827,1.63694951665,0.59237379162,-0.3618766404185065,0.9756587474840577,8.007111,328.9523,183,71,18378,4452,True,True,True,True,True,True,True,True,True,1.2481741905212402,1.161116123199463,1.2603057622909546,0.7447618246078491,0.7478916645050049,1.0324511528015137,0.7054210901260376,0.981009840965271,0.9998255968093872,0.6851468682289124,0.6494176387786865,0.3398366868495941,0.8868326544761658,1.0,10.821105003356934,False,False,False,False,False
g565_expanded_solver_panel_static_flow_supplement,g565_expanded_solver_panel,g565-synth-checker-a-40,128,11354,2000,g559_b2000_i3,validation,other,g565_real_graph_000881,846ff0e779bd17cc4e7d1f1c6c84ed4d76dfe4dbf9a516ca40fc7ff72dd5f919,c2931f10a61adee86256ffe053ef81d9a1c49c68bc1374080ff43a460322c4eb,g562_g565_expanded_solver_panel_b2_s565_b0b105cd84ec,g565_B2_phase5p5_repair5g565_scaling_b2_fold0_all_seed565,B2,565,artifacts/models/gcst/phase5p5_repair5g565_scaling_b2_fold0_all_seed565.pt,True,True,False,False,1.56121449559,1.00277713492,0.5584373606699999,-0.5568907997832949,0.9802485441197972,27.084174,1371.2495,69,63,8701,7933,True,True,True,True,True,True,True,True,True,1.243505597114563,1.1716333627700806,1.2615545988082886,0.7393126487731934,0.7502894997596741,1.017114281654358,0.7012303471565247,0.9808746576309204,1.0,0.6824008822441101,0.6507567763328552,0.3403021991252899,0.8981055021286011,1.0,10.827352523803711,False,False,False,False,False
g565_expanded_solver_panel_static_flow_supplement,g565_expanded_solver_panel,g565-synth-checker-a-40,128,11354,2000,g559_b2000_i3,validation,other,g565_real_graph_000881,846ff0e779bd17cc4e7d1f1c6c84ed4d76dfe4dbf9a516ca40fc7ff72dd5f919,c09ba27abdda59b79cec4c69cdc4d2c18f8607d298b7f7cf0a70f7daa99640ec,g562_g565_expanded_solver_panel_b1_s565_6a2f787bff41,g565_B1_phase5p5_repair5g565_scaling_b1_fold0_all_seed565,B1,565,artifacts/models/gcst/phase5p5_repair5g565_scaling_b1_fold0_all_seed565.pt,True,True,False,False,1.5582761998,1.00277713492,0.55549906488,-0.5539606414383559,0.9803882371515905,26.89262,1371.2495,69,63,8698,7933,True,True,True,True,True,True,True,True,True,1.2419184446334839,1.1677271127700806,1.2625313997268677,0.7413292527198792,0.7506269812583923,1.0173929929733276,0.7031049728393555,0.9809489846229553,1.0,0.6816073656082153,0.6515212059020996,0.3412015736103058,0.8979146480560303,1.0,10.828396797180176,False,False,False,False,False
g565_expanded_solver_panel_static_flow_supplement,g565_expanded_solver_panel,g559-synth-string-40,64,8976,500,g559_b500_i4,heldout,other,g565_real_graph_000302,2e64c50dc1624398d097a0cf1f54647c78116a1b5eb94cbba2ff5d5c1668dd97,bedc01a7d7d2d9d62f69009503be675c1380c134dded5eee1d20a5287ae8261c,g562_g565_expanded_solver_panel_b1_s565_c16862c5937d,g565_B1_phase5p5_repair5g565_scaling_b1_fold3_all_seed565,B1,565,artifacts/models/gcst/phase5p5_repair5g565_scaling_b1_fold3_all_seed565.pt,True,True,False,False,2.05959915612,1.51898734177,0.54061181435,-0.3559027777809209,0.9778322810526974,6.383106,287.946,105,66,6574,4127,True,True,True,True,True,True,True,True,True,1.242787480354309,1.1655681133270264,1.2748825550079346,0.7497100830078125,0.7532985210418701,1.025909185409546,0.7064592838287354,0.9808717966079712,1.0,0.6789582967758179,0.6534641981124878,0.3446955978870392,0.898270308971405,0.9992702007293701,10.821928977966309,False,False,False,False,False
g565_expanded_solver_panel_static_flow_supplement,g565_expanded_solver_panel,g565-synth-checker-a-40,128,11354,2000,g559_b2000_i3,validation,other,g565_real_graph_000881,846ff0e779bd17cc4e7d1f1c6c84ed4d76dfe4dbf9a516ca40fc7ff72dd5f919,dc5d8e8167ab2e7a02de604f3ff97852e227895d5d961419e3387f3f902c6710,g562_g565_expanded_solver_panel_b1_s565_3fa10576ebf6,g565_B1_phase5p5_repair5g565_scaling_b1_fold1_all_seed565,B1,565,artifacts/models/gcst/phase5p5_repair5g565_scaling_b1_fold1_all_seed565.pt,True,True,False,False,1.52432255958,1.00277713492,0.52154542466,-0.5201010339167815,0.9802107625198769,27.135982,1371.2495,66,63,8318,7933,True,True,True,True,True,True,True,True,True,1.2492616176605225,1.1622165441513062,1.2568947076797485,0.744052529335022,0.7502079010009766,1.0271269083023071,0.7057000398635864,0.98094242811203,0.9998460412025452,0.683508574962616,0.6498144865036011,0.3407077491283417,0.8883487582206726,1.0,10.820582389831543,False,False,False,False,False
g565_expanded_solver_panel_static_flow_supplement,g565_expanded_solver_panel,g559-synth-string-40,64,7656,500,g559_b500_i4,heldout,other,g565_real_graph_000011,01a44187b4330448341164e90ac0c38b422edb1281683c997b137fdcb143042c,57b770815da3f3cd7d98fbcd3ebbdd4bf1648f5ccabdde3dc7795e56c8631b2f,g562_g565_expanded_solver_panel_b1_s565_3e0cacc4c57e,g565_B1_phase5p5_repair5g565_scaling_b1_fold3_all_seed565,B1,565,artifacts/models/gcst/phase5p5_repair5g565_scaling_b1_fold3_all_seed565.pt,True,True,False,False,2.60746666667,2.09013333333,0.5173333333400003,-0.24751212044247195,0.9692943294555388,11.253008,366.4798,299,90,34383,5644,True,True,True,True,True,True,True,True,True,1.242787480354309,1.1655681133270264,1.2748825550079346,0.7497100830078125,0.7532985210418701,1.025909185409546,0.7064592838287354,0.9808717966079712,1.0,0.6789582967758179,0.6534641981124878,0.3446955978870392,0.898270308971405,0.9992702007293701,10.821928977966309,False,False,False,False,False
g565_expanded_solver_panel_static_flow_supplement,g565_expanded_solver_panel,g559-synth-string-40,64,10776,500,g559_b500_i4,heldout,other,g565_real_graph_000737,70ef17e06137aee01bf21806f0937ea67077c41abb9855d51ef04552a4d82c78,30e36c278b4f965195dae3f77b75125a01e506b9748bd317a7d5f7b95d599b75,g562_g565_expanded_solver_panel_b1_s565_bdc1baa363e7,g565_B1_phase5p5_repair5g565_scaling_b1_fold1_all_seed565,B1,565,artifacts/models/gcst/phase5p5_repair5g565_scaling_b1_fold1_all_seed565.pt,True,True,False,False,2.42335766423,1.90980187696,0.5135557872700001,-0.26890526890018146,0.9126112334801763,31.501553,360.476,352,91,49713,5706,True,True,True,True,True,True,True,True,True,1.2492616176605225,1.1622165441513062,1.2568947076797485,0.744052529335022,0.7502079010009766,1.0271269083023071,0.7057000398635864,0.98094242811203,0.9998460412025452,0.683508574962616,0.6498144865036011,0.3407077491283417,0.8883487582206726,1.0,10.820582389831543,False,False,False,False,False
g565_expanded_solver_panel_static_flow_supplement,g565_expanded_solver_panel,g565-synth-checker-a-40,128,11354,2000,g559_b2000_i3,validation,other,g565_real_graph_000881,846ff0e779bd17cc4e7d1f1c6c84ed4d76dfe4dbf9a516ca40fc7ff72dd5f919,80f02fbbce338c9451dd8fc8125709e9ce1440deda05475ad3e9e9839eb8adfe,g562_g565_expanded_solver_panel_b2_s565_ad24c72ea963,g565_B2_phase5p5_repair5g565_scaling_b2_fold2_all_seed565,B2,565,artifacts/models/gcst/phase5p5_repair5g565_scaling_b2_fold2_all_seed565.pt,True,True,False,False,1.51387528567,1.00277713492,0.5110981507499999,-0.5096826931447479,0.9805494660162137,26.671535,1371.2495,62,63,7802,7933,True,True,True,True,True,True,True,True,True,1.2469844818115234,1.1582494974136353,1.2694305181503296,0.7511727809906006,0.7554806470870972,1.0116199254989624,0.7069055438041687,0.9811126589775085,1.0,0.6862678527832031,0.6516603231430054,0.3434774875640869,0.8866766691207886,0.9965597987174988,10.83204460144043,False,False,False,False,False
g565_expanded_solver_panel_static_flow_supplement,g565_expanded_solver_panel,g565-synth-checker-a-40,128,11354,2000,g559_b2000_i3,validation,other,g565_real_graph_000881,846ff0e779bd17cc4e7d1f1c6c84ed4d76dfe4dbf9a516ca40fc7ff72dd5f919,35d9555533794604456cac27dcbf6a1fa7a5856d43747dedcac15697521c703d,g562_g565_expanded_solver_panel_b2_s565_6f1654b2f8ee,g565_B2_phase5p5_repair5g565_scaling_b2_fold1_all_seed565,B2,565,artifacts/models/gcst/phase5p5_repair5g565_scaling_b2_fold1_all_seed565.pt,True,True,False,False,1.50995755795,1.00277713492,0.5071804230299999,-0.5057758153514957,0.9803671862779166,26.921486,1371.2495,67,63,9445,7933,True,True,True,True,True,True,True,True,True,1.2480993270874023,1.1613010168075562,1.2615054845809937,0.7440100312232971,0.7482227683067322,1.0318199396133423,0.7064317464828491,0.9810973405838013,0.9998276829719543,0.6854956150054932,0.6495916843414307,0.3402179777622223,0.8893895149230957,1.0,10.825152397155762,False,False,False,False,False
g565_expanded_solver_panel_static_flow_supplement,g565_expanded_solver_panel,g559-synth-string-40,64,10296,500,g559_b500_i4,heldout,other,g565_real_graph_000145,1633dfafb8c7c8f6b1ee5bef1d0c5fabbec01e937297397d5265a3c19f926885,f589944d7bbcf752eaf1b8a7ab90f5037284612a5fa35383747b3fa203ed11cb,g562_g565_expanded_solver_panel_e2_s565_100377fc14ce,g565_E2_phase5p5_repair5g565_expanded_e2_seed565,E2,565,artifacts/models/gcst/phase5p5_repair5g565_expanded_e2_seed565.pt,True,True,False,False,2.09138932911,1.5853143159,0.50607501321,-0.31922692436086136,0.8944870564398322,31.672485,300.1763,788,63,134793,3941,True,True,True,True,True,True,True,True,True,1.2454032897949219,1.1669580936431885,1.2599776983261108,0.7344068288803101,0.7643724679946899,1.0369758605957031,0.6961673498153687,0.9810425043106079,1.0,0.6789283156394958,0.6425265669822693,0.3436964154243469,0.9144210815429688,1.0,10.818923950195312,False,False,False,False,False
g565_expanded_solver_panel_static_flow_supplement,g565_expanded_solver_panel,g565-synth-checker-a-40,128,11354,2000,g559_b2000_i3,validation,other,g565_real_graph_000881,846ff0e779bd17cc4e7d1f1c6c84ed4d76dfe4dbf9a516ca40fc7ff72dd5f919,093dc5e710b9676f722d1d1ab2fa4a81f37bc65cf0efa6f125e34b8184ef340e,g562_g565_expanded_solver_panel_b1_s565_a5da4dc79140,g565_B1_phase5p5_repair5g565_scaling_b1_fold3_all_seed565,B1,565,artifacts/models/gcst/phase5p5_repair5g565_scaling_b1_fold3_all_seed565.pt,True,True,False,False,1.5083251714,1.00277713492,0.50554803648,-0.5041479496043074,0.9805944811648063,26.609808,1371.2495,61,63,7673,7933,True,True,True,True,True,True,True,True,True,1.242787480354309,1.1655681133270264,1.2748825550079346,0.7497100830078125,0.7532985210418701,1.025909185409546,0.7064592838287354,0.9808717966079712,1.0,0.6789582967758179,0.6534641981124878,0.3446955978870392,0.898270308971405,0.9992702007293701,10.821928977966309,False,False,False,False,False
g565_expanded_solver_panel_static_flow_supplement,g565_expanded_solver_panel,g565-synth-checker-a-40,128,11354,2000,g559_b2000_i3,validation,other,g565_real_graph_000881,846ff0e779bd17cc4e7d1f1c6c84ed4d76dfe4dbf9a516ca40fc7ff72dd5f919,f76674dbc8ce40d593cdc7ceada14826aa20fb6f9780c9deab547b48cdb86603,g562_g565_expanded_solver_panel_e1_s565_454981362050,g565_E1_phase5p5_repair5g565_expanded_e1_seed565,E1,565,artifacts/models/gcst/phase5p5_repair5g565_expanded_e1_seed565.pt,True,True,False,False,1.50669278485,1.00277713492,0.5039156499299999,-0.502520083857119,0.9758459332163841,33.121252,1371.2495,60,63,7551,7933,True,True,True,True,True,True,True,True,True,1.2245069742202759,1.1692166328430176,1.2855979204177856,0.7470498085021973,0.7558889985084534,1.0451860427856445,0.7084614038467407,0.9811028242111206,1.0,0.6810810565948486,0.6546719670295715,0.34065791964530945,0.8462325930595398,1.0,10.825258255004883,False,False,False,False,False
g565_expanded_solver_panel_static_flow_supplement,g565_expanded_solver_panel,g565-synth-checker-a-40,128,11354,2000,g559_b2000_i3,validation,other,g565_real_graph_000881,846ff0e779bd17cc4e7d1f1c6c84ed4d76dfe4dbf9a516ca40fc7ff72dd5f919,4c9df9f06c103673b81ee16c337b870408690131f88234ae943fd9d7097ba07c,g562_g565_expanded_solver_panel_e2_s565_de7b98572d7f,g565_E2_phase5p5_repair5g565_expanded_e2_seed565,E2,565,artifacts/models/gcst/phase5p5_repair5g565_expanded_e2_seed565.pt,True,True,False,False,1.49885732942,1.00277713492,0.49608019449999996,-0.4947063282805869,0.9805597945523409,26.657372,1371.2495,64,63,8053,7933,True,True,True,True,True,True,True,True,True,1.2323403358459473,1.1665270328521729,1.2777875661849976,0.7395807504653931,0.7629019021987915,1.0434527397155762,0.7109607458114624,0.981529176235199,1.0,0.6816059350967407,0.6512578129768372,0.34269529581069946,0.8648003339767456,1.0,10.834552764892578,False,False,False,False,False
g565_expanded_solver_panel_static_flow_supplement,g565_expanded_solver_panel,g565-synth-checker-a-40,128,11354,2000,g559_b2000_i3,validation,other,g565_real_graph_000881,846ff0e779bd17cc4e7d1f1c6c84ed4d76dfe4dbf9a516ca40fc7ff72dd5f919,b051d08adf308859a7aee7679819936c0724f855c6fcfa1eb1928944cbfcd383,g562_g565_expanded_solver_panel_b1_s565_0bbabdfee2c4,g565_B1_phase5p5_repair5g565_scaling_b1_fold2_all_seed565,B1,565,artifacts/models/gcst/phase5p5_repair5g565_scaling_b1_fold2_all_seed565.pt,True,True,False,False,1.49591903363,1.00277713492,0.4931418987099998,-0.4917761699356476,0.9805205741187144,26.711153,1371.2495,62,63,7802,7933,True,True,True,True,True,True,True,True,True,1.2480440139770508,1.156984567642212,1.2668358087539673,0.7500779032707214,0.7517090439796448,1.0155653953552246,0.7070396542549133,0.9809726476669312,1.0,0.6840704679489136,0.6509780883789062,0.341921865940094,0.8938339352607727,1.0,10.826569557189941,False,False,False,False,False
g565_expanded_solver_panel_static_flow_supplement,g565_expanded_solver_panel,g565-synth-checker-a-40,128,10274,2000,g559_b2000_i3,validation,other,g565_real_graph_000162,18d257222181a1acf68d77944f79f9af66a3eaf2401ce823d4c4f796e07da365,e2da2ceba8eb89cbf5d24aa498a620b07cd11b715e537d11b87afc98485592e7,g562_g565_expanded_solver_panel_b2_s565_cae4f3a3fd45,g565_B2_phase5p5_repair5g565_scaling_b2_fold3_all_seed565,B2,565,artifacts/models/gcst/phase5p5_repair5g565_scaling_b2_fold3_all_seed565.pt,True,True,False,False,1.45805592543,0.965759849906,0.4922960755240001,-0.5097499917520041,0.9801705035280662,26.463282,1334.5413,67,61,8444,7678,True,True,True,True,True,True,True,True,True,1.2414817810058594,1.1615246534347534,1.261405348777771,0.7507709860801697,0.7494720816612244,1.021997094154358,0.7031163573265076,0.9805025458335876,1.0,0.6826686263084412,0.6546787023544312,0.3454987704753876,0.8901146650314331,0.9950419664382935,10.80972957611084,False,False,False,False,False
g565_expanded_solver_panel_static_flow_supplement,g565_expanded_solver_panel,g559-synth-string-40,64,10296,500,g559_b500_i4,heldout,other,g565_real_graph_000145,1633dfafb8c7c8f6b1ee5bef1d0c5fabbec01e937297397d5265a3c19f926885,a39a7dabaaf4a479e812d426b6e9a0c1859632d993335f7512c0b305f546afe3,g562_g565_expanded_solver_panel_e0_s565_6c90dc57c92d,g565_E0_phase5p5_repair5g565_expanded_e0_seed565,E0,565,artifacts/models/gcst/phase5p5_repair5g565_expanded_e0_seed565.pt,True,True,False,False,2.06973058637,1.5853143159,0.4844162704699999,-0.3055648117294592,0.9240833003804765,22.788394,300.1763,586,63,89064,3941,True,True,True,True,True,True,True,True,True,1.2508289813995361,1.1678117513656616,1.2582701444625854,0.7353828549385071,0.7646298408508301,1.0283290147781372,0.7052184343338013,0.981281578540802,1.0,0.6837673783302307,0.6474769711494446,0.340190589427948,0.894016683101654,1.0,10.827066421508789,False,False,False,False,False
g565_expanded_solver_panel_static_flow_supplement,g565_expanded_solver_panel,g565-synth-checker-a-40,128,11354,2000,g559_b2000_i3,validation,other,g565_real_graph_000881,846ff0e779bd17cc4e7d1f1c6c84ed4d76dfe4dbf9a516ca40fc7ff72dd5f919,1c5950f97e1aa99e24777fd4f481036cd18208832a23859ef4dd3f10d68a6baa,g562_g565_expanded_solver_panel_e0_s565_e5826dbe9327,g565_E0_phase5p5_repair5g565_expanded_e0_seed565,E0,565,artifacts/models/gcst/phase5p5_repair5g565_expanded_e0_seed565.pt,True,True,False,False,1.47339209925,1.00277713492,0.47061496432999994,-0.46931162263442,0.97512348482169,34.111909,1371.2495,66,63,8314,7933,True,True,True,True,True,True,True,True,True,1.2327543497085571,1.1609432697296143,1.2744967937469482,0.7490211725234985,0.7515356540679932,1.039676547050476,0.704329252243042,0.9806647300720215,1.0,0.683311939239502,0.6515647172927856,0.3389483392238617,0.8414502143859863,1.0,10.814366340637207,False,False,False,False,False
g565_expanded_solver_panel_static_flow_supplement,g565_expanded_solver_panel,g559-synth-string-40,64,9696,500,g559_b500_i4,heldout,other,g565_real_graph_000364,380333f092661a22295c553a090b2725f3c71a8943f330a0ae057d1a7bf50948,ec9033356305aa748304c7605c66e95306d889b0b39cee6b017f5d68a8fa66c5,g562_g565_expanded_solver_panel_e1_s565_e5c9ddabf82a,g565_E1_phase5p5_repair5g565_expanded_e1_seed565,E1,565,artifacts/models/gcst/phase5p5_repair5g565_expanded_e1_seed565.pt,True,True,False,False,2.31334022751,1.84281282316,0.47052740434999984,-0.25533108866865467,0.9809444538419847,6.071884,318.6413,117,74,7378,4645,True,True,True,True,True,True,True,True,True,1.2513115406036377,1.1694425344467163,1.2437080144882202,0.7346627712249756,0.7760078310966492,1.0259839296340942,0.7069151401519775,0.9809954166412354,1.0,0.6794342398643494,0.6452540755271912,0.33823883533477783,0.9052934050559998,1.0,10.818551063537598,False,False,False,False,False
g565_expanded_solver_panel_static_flow_supplement,g565_expanded_solver_panel,g565-synth-checker-a-40,128,10274,2000,g559_b2000_i3,validation,other,g565_real_graph_000162,18d257222181a1acf68d77944f79f9af66a3eaf2401ce823d4c4f796e07da365,206627609a810bd8a8bc3398c35b8b40c2c33dff5a69149f9c925b7a14d8dd4c,g562_g565_expanded_solver_panel_b1_s565_944120197a0f,g565_B1_phase5p5_repair5g565_scaling_b1_fold3_all_seed565,B1,565,artifacts/models/gcst/phase5p5_repair5g565_scaling_b1_fold3_all_seed565.pt,True,True,False,False,1.41910785619,0.965759849906,0.45334800628399996,-0.46942105361713427,0.9804018834036833,26.154496,1334.5413,60,61,7547,7678,True,True,True,True,True,True,True,True,True,1.242787480354309,1.1655681133270264,1.2748825550079346,0.7497100830078125,0.7532985210418701,1.025909185409546,0.7064592838287354,0.9808717966079712,1.0,0.6789582967758179,0.6534641981124878,0.3446955978870392,0.898270308971405,0.9992702007293701,10.821928977966309,False,False,False,False,False
g565_expanded_solver_panel_static_flow_supplement,g565_expanded_solver_panel,g559-synth-string-40,64,9816,500,g559_b500_i4,heldout,other,g565_real_graph_000060,0a66c98ec0a4d7f1c3e43bdbdba68e1bb72b817cbbd5b38c8e7d31d55277e999,3c6bf91442ed4640f7e222decf97ae484afe0760b7862b38e6846f3e12c48f6f,g562_g565_expanded_solver_panel_b2_s565_a10354946445,g565_B2_phase5p5_repair5g565_scaling_b2_fold2_all_seed565,B2,565,artifacts/models/gcst/phase5p5_repair5g565_scaling_b2_fold2_all_seed565.pt,True,True,False,False,2.09022556391,1.63694951665,0.4532760472599997,-0.27690288713828165,0.9826455932972653,5.708772,328.9523,110,71,6926,4452,True,True,True,True,True,True,True,True,True,1.2486580610275269,1.1551759243011475,1.2774238586425781,0.7477841377258301,0.7561885118484497,1.0186104774475098,0.7083351016044617,0.9808790683746338,1.0,0.6828423738479614,0.651971697807312,0.33986401557922363,0.9012189507484436,1.0,10.81179428100586,False,False,False,False,False
g565_expanded_solver_panel_static_flow_supplement,g565_expanded_solver_panel,g559-synth-string-40,64,10296,500,g559_b500_i4,heldout,other,g565_real_graph_000145,1633dfafb8c7c8f6b1ee5bef1d0c5fabbec01e937297397d5265a3c19f926885,e9e61d1f8bd34961913bbd6822acfe26843eb9794b1e05f75a0b55f519382ad8,g562_g565_expanded_solver_panel_b1_s565_6368e77049ce,g565_B1_phase5p5_repair5g565_scaling_b1_fold0_all_seed565,B1,565,artifacts/models/gcst/phase5p5_repair5g565_scaling_b1_fold0_all_seed565.pt,True,True,False,False,2.03592181722,1.5853143159,0.45060750132000016,-0.2842385871373308,0.9816759217832988,5.500454,300.1763,94,63,5918,3941,True,True,True,True,True,True,True,True,True,1.2419184446334839,1.1677271127700806,1.2625313997268677,0.7413292527198792,0.7506269812583923,1.0173929929733276,0.7031049728393555,0.9809489846229553,1.0,0.6816073656082153,0.6515212059020996,0.3412015736103058,0.8979146480560303,1.0,10.828396797180176,False,False,False,False,False
g565_expanded_solver_panel_static_flow_supplement,g565_expanded_solver_panel,g559-synth-string-40,64,10776,500,g559_b500_i4,heldout,other,g565_real_graph_000737,70ef17e06137aee01bf21806f0937ea67077c41abb9855d51ef04552a4d82c78,c671a879ff7edccd440d41fc4f52bab6aba7c1994322dff929be05a5c5cd1631,g562_g565_expanded_solver_panel_b1_s565_365febd8d6c5,g565_B1_phase5p5_repair5g565_scaling_b1_fold3_all_seed565,B1,565,artifacts/models/gcst/phase5p5_repair5g565_scaling_b1_fold3_all_seed565.pt,True,True,False,False,2.35870698644,1.90980187696,0.44890510948000006,-0.2350532350479003,0.983018805690254,6.121313,360.476,127,91,8620,5706,True,True,True,True,True,True,True,True,True,1.242787480354309,1.1655681133270264,1.2748825550079346,0.7497100830078125,0.7532985210418701,1.025909185409546,0.7064592838287354,0.9808717966079712,1.0,0.6789582967758179,0.6534641981124878,0.3446955978870392,0.898270308971405,0.9992702007293701,10.821928977966309,False,False,False,False,False
g565_expanded_solver_panel_static_flow_supplement,g565_expanded_solver_panel,g565-synth-checker-a-40,128,10274,2000,g559_b2000_i3,validation,other,g565_real_graph_000162,18d257222181a1acf68d77944f79f9af66a3eaf2401ce823d4c4f796e07da365,0bfeca5de29cd6f3ad328bc50ab4700e6287ec3842d957c72a6260cdd90d4e92,g562_g565_expanded_solver_panel_e2_s565_a2f0044f0cce,g565_E2_phase5p5_repair5g565_expanded_e2_seed565,E2,565,artifacts/models/gcst/phase5p5_repair5g565_expanded_e2_seed565.pt,True,True,False,False,1.41078561917,0.965759849906,0.44502576926399995,-0.4608037591408625,0.9805241853511764,25.991279,1334.5413,53,61,6647,7678,True,True,True,True,True,True,True,True,True,1.2326717376708984,1.16636061668396,1.2764230966567993,0.7397465109825134,0.7627383470535278,1.0433639287948608,0.7103170156478882,0.9815026521682739,1.0,0.6816417574882507,0.6513440012931824,0.34247589111328125,0.8648898005485535,1.0,10.833525657653809,False,False,False,False,False
g565_expanded_solver_panel_static_flow_supplement,g565_expanded_solver_panel,g565-synth-checker-a-40,128,10274,2000,g559_b2000_i3,validation,other,g565_real_graph_000162,18d257222181a1acf68d77944f79f9af66a3eaf2401ce823d4c4f796e07da365,0f8bde3a99a47f61910b9f7e638b091c922bc8eb457910e049b87bdac3a28b76,g562_g565_expanded_solver_panel_b1_s565_ace02d97ad17,g565_B1_phase5p5_repair5g565_scaling_b1_fold0_all_seed565,B1,565,artifacts/models/gcst/phase5p5_repair5g565_scaling_b1_fold0_all_seed565.pt,True,True,False,False,1.405126498,0.965759849906,0.43936664809400006,-0.4549439989007255,0.9801749964575843,26.457286,1334.5413,61,61,7678,7678,True,True,True,True,True,True,True,True,True,1.2419184446334839,1.1677271127700806,1.2625313997268677,0.7413292527198792,0.7506269812583923,1.0173929929733276,0.7031049728393555,0.9809489846229553,1.0,0.6816073656082153,0.6515212059020996,0.3412015736103058,0.8979146480560303,1.0,10.828396797180176,False,False,False,False,False
g565_expanded_solver_panel_static_flow_supplement,g565_expanded_solver_panel,g565-synth-checker-a-40,128,10274,2000,g559_b2000_i3,validation,other,g565_real_graph_000162,18d257222181a1acf68d77944f79f9af66a3eaf2401ce823d4c4f796e07da365,46c52efafa0b6e961f48ee54a2cf3519af7f78e13106d43246b0f71ce4d18ebe,g562_g565_expanded_solver_panel_b2_s565_bdc6c415b095,g565_B2_phase5p5_repair5g565_scaling_b2_fold0_all_seed565,B2,565,artifacts/models/gcst/phase5p5_repair5g565_scaling_b2_fold0_all_seed565.pt,True,True,False,False,1.405126498,0.965759849906,0.43936664809400006,-0.4549439989007255,0.9803305667647753,26.249671,1334.5413,61,61,7678,7678,True,True,True,True,True,True,True,True,True,1.243505597114563,1.1716333627700806,1.2615545988082886,0.7393126487731934,0.7502894997596741,1.017114281654358,0.7012303471565247,0.9808746576309204,1.0,0.6824008822441101,0.6507567763328552,0.3403021991252899,0.8981055021286011,1.0,10.827352523803711,False,False,False,False,False
g565_expanded_solver_panel_static_flow_supplement,g565_expanded_solver_panel,g565-synth-checker-a-40,128,10274,2000,g559_b2000_i3,validation,other,g565_real_graph_000162,18d257222181a1acf68d77944f79f9af66a3eaf2401ce823d4c4f796e07da365,ae7d4816a8ceacc44053b67557b4ab47845c2f894f157dd1e7e0aeb6a6f8cea8,g562_g565_expanded_solver_panel_b1_s565_337b4aba112a,g565_B1_phase5p5_repair5g565_scaling_b1_fold2_all_seed565,B1,565,artifacts/models/gcst/phase5p5_repair5g565_scaling_b1_fold2_all_seed565.pt,True,True,False,False,1.39613848202,0.965759849906,0.43037863211400007,-0.4456373208680088,0.9805298000144319,25.983786,1334.5413,55,61,6906,7678,True,True,True,True,True,True,True,True,True,1.2480440139770508,1.156984567642212,1.2668358087539673,0.7500779032707214,0.7517090439796448,1.0155653953552246,0.7070396542549133,0.9809726476669312,1.0,0.6840704679489136,0.6509780883789062,0.341921865940094,0.8938339352607727,1.0,10.826569557189941,False,False,False,False,False
g565_expanded_solver_panel_static_flow_supplement,g565_expanded_solver_panel,g565-synth-checker-a-40,128,10274,2000,g559_b2000_i3,validation,other,g565_real_graph_000162,18d257222181a1acf68d77944f79f9af66a3eaf2401ce823d4c4f796e07da365,0212c766c913060099930ab5199f9ec398919e2b1954b47ddb38551bd6930c05,g562_g565_expanded_solver_panel_e1_s565_069f1e752648,g565_E1_phase5p5_repair5g565_expanded_e1_seed565,E1,565,artifacts/models/gcst/phase5p5_repair5g565_expanded_e1_seed565.pt,True,True,False,False,1.3948069241,0.965759849906,0.4290470741940001,-0.4442585537551188,0.9805247630777706,25.990508,1334.5413,55,61,6910,7678,True,True,True,True,True,True,True,True,True,1.2322382926940918,1.1671522855758667,1.2729969024658203,0.7470609545707703,0.7570828199386597,1.045567274093628,0.7044711112976074,0.9809738993644714,1.0,0.6806516051292419,0.6534988880157471,0.3407289385795593,0.8494462966918945,1.0,10.823755264282227,False,False,False,False,False
g565_expanded_solver_panel_static_flow_supplement,g565_expanded_solver_panel,g565-synth-checker-a-40,128,11354,2000,g559_b2000_i3,validation,other,g565_real_graph_000881,846ff0e779bd17cc4e7d1f1c6c84ed4d76dfe4dbf9a516ca40fc7ff72dd5f919,dbaf5fa40a20638326ab10ee985713101ccf459848521bb0a3fda63974a903fd,g562_g565_expanded_solver_panel_b2_s565_5bed63c771d2,g565_B2_phase5p5_repair5g565_scaling_b2_fold3_all_seed565,B2,565,artifacts/models/gcst/phase5p5_repair5g565_scaling_b2_fold3_all_seed565.pt,True,True,False,False,1.43127652628,1.00277713492,0.4284993913599999,-0.42731268637690356,0.9806353956737998,26.553704,1371.2495,61,63,7672,7933,True,True,True,True,True,True,True,True,True,1.2414817810058594,1.1615246534347534,1.261405348777771,0.7507709860801697,0.7494720816612244,1.021997094154358,0.7031163573265076,0.9805025458335876,1.0,0.6826686263084412,0.6546787023544312,0.3454987704753876,0.8901146650314331,0.9950419664382935,10.80972957611084,False,False,False,False,False
g565_expanded_solver_panel_static_flow_supplement,g565_expanded_solver_panel,g565-synth-checker-a-40,128,10274,2000,g559_b2000_i3,validation,other,g565_real_graph_000162,18d257222181a1acf68d77944f79f9af66a3eaf2401ce823d4c4f796e07da365,31730986ed122ed11bf4557a2dcdf589e8d426152070264e0b46888caf5e2880,g562_g565_expanded_solver_panel_e0_s565_bc6faae8a038,g565_E0_phase5p5_repair5g565_expanded_e0_seed565,E0,565,artifacts/models/gcst/phase5p5_repair5g565_expanded_e0_seed565.pt,True,True,False,False,1.39380825566,0.965759849906,0.42804840575400005,-0.4432244784204512,0.9803015950124586,26.288335,1334.5413,59,61,7420,7678,True,True,True,True,True,True,True,True,True,1.23477303981781,1.1601192951202393,1.2688586711883545,0.7484461069107056,0.7511999011039734,1.0388323068618774,0.7041570544242859,0.9806694984436035,1.0,0.683807909488678,0.651936948299408,0.3382115960121155,0.8390805125236511,1.0,10.812216758728027,False,False,False,False,False
g565_expanded_solver_panel_static_flow_supplement,g565_expanded_solver_panel,g559-synth-string-40,64,9816,500,g559_b500_i4,heldout,other,g565_real_graph_000060,0a66c98ec0a4d7f1c3e43bdbdba68e1bb72b817cbbd5b38c8e7d31d55277e999,1195604ec5aade185c1c25653eb69f19921bbd10c74f5fa3dc172c70cdec3f8d,g562_g565_expanded_solver_panel_e1_s565_2dd9c828dd37,g565_E1_phase5p5_repair5g565_expanded_e1_seed565,E1,565,artifacts/models/gcst/phase5p5_repair5g565_expanded_e1_seed565.pt,True,True,False,False,2.05531686359,1.63694951665,0.4183673469399998,-0.2555774278220773,0.9804668366811845,6.425479,328.9523,137,71,10527,4452,True,True,True,True,True,True,True,True,True,1.2513368129730225,1.1692498922348022,1.2442196607589722,0.7345494627952576,0.7754351496696472,1.0266852378845215,0.7065624594688416,0.9809918999671936,1.0,0.679309606552124,0.6451975107192993,0.3385198414325714,0.9055689573287964,1.0,10.819239616394043,False,False,False,False,False
g565_expanded_solver_panel_static_flow_supplement,g565_expanded_solver_panel,g559-synth-string-40,64,7656,500,g559_b500_i4,heldout,other,g565_real_graph_000011,01a44187b4330448341164e90ac0c38b422edb1281683c997b137fdcb143042c,c92e773a842330536acc1eadffdfcdb8aefd9bb461a2b101e530eee6fdfca9e3,g562_g565_expanded_solver_panel_b2_s565_5d061b907744,g565_B2_phase5p5_repair5g565_scaling_b2_fold1_all_seed565,B2,565,artifacts/models/gcst/phase5p5_repair5g565_scaling_b2_fold1_all_seed565.pt,True,True,False,False,2.50826666667,2.09013333333,0.41813333334000014,-0.2000510334304033,0.9818478480942197,6.652397,366.4798,152,90,11628,5644,True,True,True,True,True,True,True,True,True,1.2481741905212402,1.161116123199463,1.2603057622909546,0.7447618246078491,0.7478916645050049,1.0324511528015137,0.7054210901260376,0.981009840965271,0.9998255968093872,0.6851468682289124,0.6494176387786865,0.3398366868495941,0.8868326544761658,1.0,10.821105003356934,False,False,False,False,False
g565_expanded_solver_panel_static_flow_supplement,g565_expanded_solver_panel,g565-synth-checker-a-40,128,10274,2000,g559_b2000_i3,validation,other,g565_real_graph_000162,18d257222181a1acf68d77944f79f9af66a3eaf2401ce823d4c4f796e07da365,ecda8689aa3665198377f91363c03355acb259944b2bb9234921149a6d2efcc4,g562_g565_expanded_solver_panel_b2_s565_328c57fc0f79,g565_B2_phase5p5_repair5g565_scaling_b2_fold1_all_seed565,B2,565,artifacts/models/gcst/phase5p5_repair5g565_scaling_b2_fold1_all_seed565.pt,True,True,False,False,1.38315579228,0.965759849906,0.417395942374,-0.4321943414966219,0.9803530044368054,26.219727,1334.5413,61,61,7679,7678,True,True,True,True,True,True,True,True,True,1.2480993270874023,1.1613010168075562,1.2615054845809937,0.7440100312232971,0.7482227683067322,1.0318199396133423,0.7064317464828491,0.9810973405838013,0.9998276829719543,0.6854956150054932,0.6495916843414307,0.3402179777622223,0.8893895149230957,1.0,10.825152397155762,False,False,False,False,False
g565_expanded_solver_panel_static_flow_supplement,g565_expanded_solver_panel,g565-synth-checker-a-40,128,10274,2000,g559_b2000_i3,validation,other,g565_real_graph_000162,18d257222181a1acf68d77944f79f9af66a3eaf2401ce823d4c4f796e07da365,dfd52b2e8af7de244742eca1abaf70e744f01b279ccf4ab9863c1cc12c46939c,g562_g565_expanded_solver_panel_b2_s565_49a30b8b32da,g565_B2_phase5p5_repair5g565_scaling_b2_fold2_all_seed565,B2,565,artifacts/models/gcst/phase5p5_repair5g565_scaling_b2_fold2_all_seed565.pt,True,True,False,False,1.37849533955,0.965759849906,0.412735489644,-0.4273686565911522,0.9804062864146655,26.14862,1334.5413,57,61,7166,7678,True,True,True,True,True,True,True,True,True,1.2469844818115234,1.1582494974136353,1.2694305181503296,0.7511727809906006,0.7554806470870972,1.0116199254989624,0.7069055438041687,0.9811126589775085,1.0,0.6862678527832031,0.6516603231430054,0.3434774875640869,0.8866766691207886,0.9965597987174988,10.83204460144043,False,False,False,False,False
g565_expanded_solver_panel_static_flow_supplement,g565_expanded_solver_panel,g565-synth-checker-a-40,128,10274,2000,g559_b2000_i3,validation,other,g565_real_graph_000162,18d257222181a1acf68d77944f79f9af66a3eaf2401ce823d4c4f796e07da365,5e96c7398649ae353b63bbe7e19990399b6d37be9700456e463226a493965c25,g562_g565_expanded_solver_panel_b1_s565_e852f2aff4be,g565_B1_phase5p5_repair5g565_scaling_b1_fold1_all_seed565,B1,565,artifacts/models/gcst/phase5p5_repair5g565_scaling_b1_fold1_all_seed565.pt,True,True,False,False,1.3671770972,0.965759849906,0.40141724729399997,-0.41564913610052334,0.9803386324574594,26.238907,1334.5413,61,61,7677,7678,True,True,True,True,True,True,True,True,True,1.2492616176605225,1.1622165441513062,1.2568947076797485,0.744052529335022,0.7502079010009766,1.0271269083023071,0.7057000398635864,0.98094242811203,0.9998460412025452,0.683508574962616,0.6498144865036011,0.3407077491283417,0.8883487582206726,1.0,10.820582389831543,False,False,False,False,False
g565_expanded_solver_panel_static_flow_supplement,g565_expanded_solver_panel,g559-synth-string-40,64,10536,500,g559_b500_i4,heldout,other,g565_real_graph_000450,45ae194948e466e3c484d6e8467e7468bccf032b90beff7a9d9e66d583c5e83f,2503561126728cd763625d2d6afbfb7fabc974f105bedb27846e0b12a2fd6f24,g562_g565_expanded_solver_panel_b2_s565_9d1bcd3ad4ac,g565_B2_phase5p5_repair5g565_scaling_b2_fold0_all_seed565,B2,565,artifacts/models/gcst/phase5p5_repair5g565_scaling_b2_fold0_all_seed565.pt,True,True,False,False,2.35242061426,1.95106715252,0.4013534617400001,-0.20570971184749412,0.9830086643321463,6.86295,403.9088,151,99,9599,6339,True,True,True,True,True,True,True,True,True,1.2448914051055908,1.169713020324707,1.259981632232666,0.739479124546051,0.7492467164993286,1.0187032222747803,0.7024657130241394,0.981072723865509,1.0,0.6810890436172485,0.6505330204963684,0.3386201858520508,0.9007475972175598,1.0,10.826581001281738,False,False,False,False,False
g565_expanded_solver_panel_static_flow_supplement,g565_expanded_solver_panel,g559-synth-string-40,64,10536,500,g559_b500_i4,heldout,other,g565_real_graph_000450,45ae194948e466e3c484d6e8467e7468bccf032b90beff7a9d9e66d583c5e83f,d03a6b110252584c617887be450ce925ef1011c1dc42be0abe94838770885985,g562_g565_expanded_solver_panel_b1_s565_85a6c4b92368,g565_B1_phase5p5_repair5g565_scaling_b1_fold1_all_seed565,B1,565,artifacts/models/gcst/phase5p5_repair5g565_scaling_b1_fold1_all_seed565.pt,True,True,False,False,2.35242061426,1.95106715252,0.4013534617400001,-0.20570971184749412,0.9830336897834362,6.852842,403.9088,151,99,9599,6339,True,True,True,True,True,True,True,True,True,1.2492616176605225,1.1622165441513062,1.2568947076797485,0.744052529335022,0.7502079010009766,1.0271269083023071,0.7057000398635864,0.98094242811203,0.9998460412025452,0.683508574962616,0.6498144865036011,0.3407077491283417,0.8883487582206726,1.0,10.820582389831543,False,False,False,False,False
g565_expanded_solver_panel_static_flow_supplement,g565_expanded_solver_panel,g559-synth-string-40,64,10536,500,g559_b500_i4,heldout,other,g565_real_graph_000450,45ae194948e466e3c484d6e8467e7468bccf032b90beff7a9d9e66d583c5e83f,be7de898a412c0a40f82892f5e3224091e6e3d7b78107173fff65fe28443dfc1,g562_g565_expanded_solver_panel_b1_s565_68f865830d9e,g565_B1_phase5p5_repair5g565_scaling_b1_fold2_all_seed565,B1,565,artifacts/models/gcst/phase5p5_repair5g565_scaling_b1_fold2_all_seed565.pt,True,True,False,False,2.35242061426,1.95106715252,0.4013534617400001,-0.20570971184749412,0.9828769390515879,6.916155,403.9088,151,99,9599,6339,True,True,True,True,True,True,True,True,True,1.2480440139770508,1.156984567642212,1.2668358087539673,0.7500779032707214,0.7517090439796448,1.0155653953552246,0.7070396542549133,0.9809726476669312,1.0,0.6840704679489136,0.6509780883789062,0.341921865940094,0.8938339352607727,1.0,10.826569557189941,False,False,False,False,False
g565_expanded_solver_panel_static_flow_supplement,g565_expanded_solver_panel,g559-synth-string-40,64,10536,500,g559_b500_i4,heldout,other,g565_real_graph_000450,45ae194948e466e3c484d6e8467e7468bccf032b90beff7a9d9e66d583c5e83f,9871f3ca5e4cdb3bcc0227c958d68af0077d0bab55892942b66ac797268dd1e4,g562_g565_expanded_solver_panel_b2_s565_f7ee17c80150,g565_B2_phase5p5_repair5g565_scaling_b2_fold2_all_seed565,B2,565,artifacts/models/gcst/phase5p5_repair5g565_scaling_b2_fold2_all_seed565.pt,True,True,False,False,2.35242061426,1.95106715252,0.4013534617400001,-0.20570971184749412,0.9833693571420082,6.717263,403.9088,151,99,9599,6339,True,True,True,True,True,True,True,True,True,1.2486580610275269,1.1551759243011475,1.2774238586425781,0.7477841377258301,0.7561885118484497,1.0186104774475098,0.7083351016044617,0.9808790683746338,1.0,0.6828423738479614,0.651971697807312,0.33986401557922363,0.9012189507484436,1.0,10.81179428100586,False,False,False,False,False
g565_expanded_solver_panel_static_flow_supplement,g565_expanded_solver_panel,g559-synth-string-40,64,11616,500,g559_b500_i4,heldout,other,g565_real_graph_000577,58f59fe769776bf17d7c34d1cd8d6044232a619e51f0fcd2bc98a08d74737890,2e664f9cd1d28e463b31e03f650282938d2e43b8500add2c119598ae2bc0cf2b,g562_g565_expanded_solver_panel_b1_s565_93e246b7718a,g565_B1_phase5p5_repair5g565_scaling_b1_fold1_all_seed565,B1,565,artifacts/models/gcst/phase5p5_repair5g565_scaling_b1_fold1_all_seed565.pt,True,True,False,False,1.99121900826,1.60588842975,0.3853305785100001,-0.23994853650573172,0.7376518766890116,91.535805,348.9097,1077,68,274145,4263,True,True,True,True,True,True,True,True,True,1.2492616176605225,1.1622165441513062,1.2568947076797485,0.744052529335022,0.7502079010009766,1.0271269083023071,0.7057000398635864,0.98094242811203,0.9998460412025452,0.683508574962616,0.6498144865036011,0.3407077491283417,0.8883487582206726,1.0,10.820582389831543,False,False,False,False,False
g565_expanded_solver_panel_static_flow_supplement,g565_expanded_solver_panel,g559-synth-string-40,64,9696,500,g559_b500_i4,heldout,other,g565_real_graph_000364,380333f092661a22295c553a090b2725f3c71a8943f330a0ae057d1a7bf50948,527da4b494c7c4301c831b0d319a6a7c759fb408327131b66ed57267eb20829e,g562_g565_expanded_solver_panel_b2_s565_4ea8e512170f,g565_B2_phase5p5_repair5g565_scaling_b2_fold2_all_seed565,B2,565,artifacts/models/gcst/phase5p5_repair5g565_scaling_b2_fold2_all_seed565.pt,True,True,False,False,2.2119958635,1.84281282316,0.3691830403399998,-0.20033670034210846,0.9815383975649108,5.882629,318.6413,117,74,7368,4645,True,True,True,True,True,True,True,True,True,1.2486580610275269,1.1551759243011475,1.2774238586425781,0.7477841377258301,0.7561885118484497,1.0186104774475098,0.7083351016044617,0.9808790683746338,1.0,0.6828423738479614,0.651971697807312,0.33986401557922363,0.9012189507484436,1.0,10.81179428100586,False,False,False,False,False
g565_expanded_solver_panel_static_flow_supplement,g565_expanded_solver_panel,g559-synth-string-40,64,9816,500,g559_b500_i4,heldout,other,g565_real_graph_000060,0a66c98ec0a4d7f1c3e43bdbdba68e1bb72b817cbbd5b38c8e7d31d55277e999,7462ae963300dd4f4788d47fba2155b301d326285aac4fd41285f7e113833d3b,g562_g565_expanded_solver_panel_e0_s565_2502cb4d5af4,g565_E0_phase5p5_repair5g565_expanded_e0_seed565,E0,565,artifacts/models/gcst/phase5p5_repair5g565_expanded_e0_seed565.pt,True,True,False,False,1.99677765843,1.63694951665,0.35982814178,-0.219816272963863,0.9807468985624967,6.333352,328.9523,111,71,9730,4452,True,True,True,True,True,True,True,True,True,1.2508699893951416,1.1678744554519653,1.2572994232177734,0.7354185581207275,0.7647594213485718,1.028111219406128,0.7052828073501587,0.9812790751457214,1.0,0.6837865710258484,0.6476619839668274,0.3400343358516693,0.8940921425819397,1.0,10.826667785644531,False,False,False,False,False
g565_expanded_solver_panel_static_flow_supplement,g565_expanded_solver_panel,empty-16-16,96,10801,1000,g559_b1000_i2,validation,other,g565_real_graph_000951,8e399685fee2b7ab158f9f0f44f6cffb11fe86423d723d61e9a841ff6dacdc36,f5ed8fb57201c4b972659715b07152c020cfe3a1b755443164945fbd81a83c51,g562_g565_expanded_solver_panel_e0_s565_e651607996f9,g565_E0_phase5p5_repair5g565_expanded_e0_seed565,E0,565,artifacts/models/gcst/phase5p5_repair5g565_expanded_e0_seed565.pt,True,True,False,False,2.25432276657,1.8969740634,0.35734870317,-0.18837827573114724,0.9822962185511608,5.54108,312.9885,69,35,6616,3263,True,True,True,True,True,True,True,True,True,1.2420234680175781,1.165952444076538,1.247998833656311,0.740446150302887,0.7739105820655823,1.0310823917388916,0.6906750798225403,0.9812352657318115,1.0,0.682608962059021,0.6570283770561218,0.3394133150577545,0.896766185760498,1.0,10.798666954040527,False,False,False,False,False
g565_expanded_solver_panel_static_flow_supplement,g565_expanded_solver_panel,empty-16-16,96,10081,1000,g559_b1000_i2,validation,other,g565_real_graph_000603,5b628b081747b1443fc12ed8dd276c0a31a54e5fb83ec2258374289f34e75087,5ea989167be35251d391d2ec891afb125e8222cc546c0ad6bf80db9b5a9629c7,g562_g565_expanded_solver_panel_e2_s565_7e8e306e8e9c,g565_E2_phase5p5_repair5g565_expanded_e2_seed565,E2,565,artifacts/models/gcst/phase5p5_repair5g565_expanded_e2_seed565.pt,True,True,False,False,2.13945086705,1.80563583815,0.3338150288999999,-0.1848739495789011,0.9833750029956622,4.994721,300.4344,50,40,4704,3743,True,True,True,True,True,True,True,True,True,1.243019700050354,1.1646795272827148,1.259437084197998,0.7382534146308899,0.7646861672401428,1.0402392148971558,0.6933751106262207,0.981036901473999,1.0,0.6799042820930481,0.6468030214309692,0.3421197533607483,0.9007004499435425,1.0,10.812779426574707,False,False,False,False,False
g565_expanded_solver_panel_static_flow_supplement,g565_expanded_solver_panel,random-32-32-20,96,11485,1000,g559_b1000_i2,validation,random,g565_real_graph_000934,8bf79f164da9f523d53580469fc0c27c0c5e14a82d0c8ef5e3c6ab78e935b57c,974057108e57a54ac97a438d2701681d834cf0954552c740dcfaad7d49ced4a6,g562_g565_expanded_solver_panel_e1_s565_243dc34233b0,g565_E1_phase5p5_repair5g565_expanded_e1_seed565,E1,565,artifacts/models/gcst/phase5p5_repair5g565_expanded_e1_seed565.pt,True,True,False,False,1.23103279491,0.89820989821,0.3328228967,-0.3705402237976524,0.9824221822285143,12.35915,703.1106,46,47,4320,4416,True,True,True,True,True,True,True,True,True,1.2339065074920654,1.1698791980743408,1.2781972885131836,0.7443410754203796,0.7572149038314819,1.0441522598266602,0.7062377333641052,0.9810315370559692,1.0,0.6813101172447205,0.6527390480041504,0.34144681692123413,0.8561636805534363,1.0,10.825294494628906,False,False,False,False,False
g565_expanded_solver_panel_static_flow_supplement,g565_expanded_solver_panel,g559-synth-string-40,64,9936,500,g559_b500_i4,heldout,other,g565_real_graph_000526,4fe96f574b7630415a84a99638ea491930bf2f6c756b507af26aa57fa83fcf3c,d07cb2d77066a009e5916ecd5a2bb5e3fcfe4cc36c19bf68aca575187494e74e,g562_g565_expanded_solver_panel_e2_s565_199c8d9f0894,g565_E2_phase5p5_repair5g565_expanded_e2_seed565,E2,565,artifacts/models/gcst/phase5p5_repair5g565_expanded_e2_seed565.pt,True,True,False,False,2.52219321149,2.19373368146,0.32845953002999995,-0.14972625565533534,0.9830942521665587,6.310515,373.2763,143,97,10135,6077,True,True,True,True,True,True,True,True,True,1.2454050779342651,1.166961431503296,1.2599925994873047,0.734400749206543,0.7643725275993347,1.0369764566421509,0.6961710453033447,0.981042742729187,1.0,0.6789265871047974,0.6425206065177917,0.34370145201683044,0.9144520163536072,1.0,10.818933486938477,False,False,False,False,False
g565_expanded_solver_panel_static_flow_supplement,g565_expanded_solver_panel,g559-synth-string-40,64,9696,500,g559_b500_i4,heldout,other,g565_real_graph_000364,380333f092661a22295c553a090b2725f3c71a8943f330a0ae057d1a7bf50948,3e7a2dda16cb26b189906b94efb8e737814c1ffeadaa3e961ef4ba03f66ceae1,g562_g565_expanded_solver_panel_b1_s565_07091213c40e,g565_B1_phase5p5_repair5g565_scaling_b1_fold2_all_seed565,B1,565,artifacts/models/gcst/phase5p5_repair5g565_scaling_b1_fold2_all_seed565.pt,True,True,False,False,2.17063081696,1.84281282316,0.3278179938000001,-0.17789001122635323,0.9813142332773561,5.954057,318.6413,128,74,8136,4645,True,True,True,True,True,True,True,True,True,1.2480440139770508,1.156984567642212,1.2668358087539673,0.7500779032707214,0.7517090439796448,1.0155653953552246,0.7070396542549133,0.9809726476669312,1.0,0.6840704679489136,0.6509780883789062,0.341921865940094,0.8938339352607727,1.0,10.826569557189941,False,False,False,False,False
g565_expanded_solver_panel_static_flow_supplement,g565_expanded_solver_panel,g559-synth-string-40,64,10296,500,g559_b500_i4,heldout,other,g565_real_graph_000145,1633dfafb8c7c8f6b1ee5bef1d0c5fabbec01e937297397d5265a3c19f926885,3a520f3a617c410a908fb6467387469d13ca02e60347640ab32b356ba6e0b674,g562_g565_expanded_solver_panel_b1_s565_dda9a3cb4e4a,g565_B1_phase5p5_repair5g565_scaling_b1_fold1_all_seed565,B1,565,artifacts/models/gcst/phase5p5_repair5g565_scaling_b1_fold1_all_seed565.pt,True,True,False,False,1.90385631273,1.5853143159,0.31854199683000006,-0.20093302232570853,0.9819981724073485,5.403722,300.1763,91,63,5731,3941,True,True,True,True,True,True,True,True,True,1.2492616176605225,1.1622165441513062,1.2568947076797485,0.744052529335022,0.7502079010009766,1.0271269083023071,0.7057000398635864,0.98094242811203,0.9998460412025452,0.683508574962616,0.6498144865036011,0.3407077491283417,0.8883487582206726,1.0,10.820582389831543,False,False,False,False,False
g565_expanded_solver_panel_static_flow_supplement,g565_expanded_solver_panel,g559-synth-string-40,64,11616,500,g559_b500_i4,heldout,other,g565_real_graph_000577,58f59fe769776bf17d7c34d1cd8d6044232a619e51f0fcd2bc98a08d74737890,e07b50834225ad4f0b9476f0e8324d6047e02cd8a708d86e54c4d401a6c4e59d,g562_g565_expanded_solver_panel_e2_s565_31d4c9579197,g565_E2_phase5p5_repair5g565_expanded_e2_seed565,E2,565,artifacts/models/gcst/phase5p5_repair5g565_expanded_e2_seed565.pt,True,True,False,False,1.92355371901,1.60588842975,0.31766528926000004,-0.19781280154652664,0.9845994192766783,5.373412,348.9097,98,68,6144,4263,True,True,True,True,True,True,True,True,True,1.2454040050506592,1.1669561862945557,1.2599718570709229,0.734409511089325,0.7643693685531616,1.036975383758545,0.6961656212806702,0.9810423254966736,1.0,0.6789286732673645,0.6425275802612305,0.34369438886642456,0.9144080877304077,1.0,10.818918228149414,False,False,False,False,False
g565_expanded_solver_panel_static_flow_supplement,g565_expanded_solver_panel,g559-synth-warehouse-a-32,128,8450,2000,g559_b2000_i3,validation,other,g565_real_graph_000080,0c3eeea552c493d49115b7567e436292060ba50c82f7c564a70bac5e8d770cfa,d5fc768f3f0f719996fdbd4f8cda655ca294f656bf9c1aeaac67b820ffa1de78,g562_g565_expanded_solver_panel_b1_s565_5404c8c95f6a,g565_B1_phase5p5_repair5g565_scaling_b1_fold2_all_seed565,B1,565,artifacts/models/gcst/phase5p5_repair5g565_scaling_b1_fold2_all_seed565.pt,True,True,False,False,1.4310918775,1.1141992295,0.31689264800000005,-0.2844129125293028,0.9823810790384386,13.288014,754.19,60,65,7552,8192,True,True,True,True,True,True,True,True,True,1.2480440139770508,1.156984567642212,1.2668358087539673,0.7500779032707214,0.7517090439796448,1.0155653953552246,0.7070396542549133,0.9809726476669312,1.0,0.6840704679489136,0.6509780883789062,0.341921865940094,0.8938339352607727,1.0,10.826569557189941,False,False,False,False,False
g565_expanded_solver_panel_static_flow_supplement,g565_expanded_solver_panel,g559-synth-warehouse-a-32,128,8450,2000,g559_b2000_i3,validation,other,g565_real_graph_000080,0c3eeea552c493d49115b7567e436292060ba50c82f7c564a70bac5e8d770cfa,84547a6798953a40f4585c120c1a2a9d0c7f2f2a0a20503aca501ff0067599f8,g562_g565_expanded_solver_panel_b2_s565_3c40115e9cab,g565_B2_phase5p5_repair5g565_scaling_b2_fold3_all_seed565,B2,565,artifacts/models/gcst/phase5p5_repair5g565_scaling_b2_fold3_all_seed565.pt,True,True,False,False,1.42876165113,1.1141992295,0.31456242163000003,-0.28232152141333,0.9822000503851815,13.424544,754.19,61,65,7680,8192,True,True,True,True,True,True,True,True,True,1.2417773008346558,1.161300539970398,1.2615214586257935,0.7511482834815979,0.7494221329689026,1.0213813781738281,0.7027280330657959,0.9804562330245972,1.0,0.6832501292228699,0.6550799608230591,0.34542036056518555,0.887651801109314,0.9945901036262512,10.808920860290527,False,False,False,False,False
g565_expanded_solver_panel_static_flow_supplement,g565_expanded_solver_panel,random-32-32-20,96,11485,1000,g559_b1000_i2,validation,random,g565_real_graph_000934,8bf79f164da9f523d53580469fc0c27c0c5e14a82d0c8ef5e3c6ab78e935b57c,39c9848fb3add0b97de0d2c8129d5f01071ba9281674de0cb138ee0e885c34fa,g562_g565_expanded_solver_panel_e0_s565_45acd41cae2b,g565_E0_phase5p5_repair5g565_expanded_e0_seed565,E0,565,artifacts/models/gcst/phase5p5_repair5g565_expanded_e0_seed565.pt,True,True,False,False,1.21194322075,0.89820989821,0.3137333225400001,-0.3492873137617659,0.981898395501362,12.72743,703.1106,46,47,4320,4416,True,True,True,True,True,True,True,True,True,1.2334682941436768,1.1754753589630127,1.3196626901626587,0.7497068643569946,0.752117931842804,1.0384217500686646,0.7142891883850098,0.9810866713523865,1.0,0.6881287097930908,0.6550855040550232,0.3409310281276703,0.8474207520484924,1.0,10.848660469055176,False,False,False,False,False
g565_expanded_solver_panel_static_flow_supplement,g565_expanded_solver_panel,g559-synth-string-40,64,9216,500,g559_b500_i4,heldout,other,g565_real_graph_000419,41cb4789283a6f047398f9c1eac538d5b37b5f1645989a2c3d5ba9560b47a391,d548fb93cf8eccc83dd917aae327449f04505920830bdd98dba581e4d88cf489,g562_g565_expanded_solver_panel_b1_s565_ad27543509bc,g565_B1_phase5p5_repair5g565_scaling_b1_fold1_all_seed565,B1,565,artifacts/models/gcst/phase5p5_repair5g565_scaling_b1_fold1_all_seed565.pt,True,True,False,False,1.95213045765,1.64124145187,0.31088900578,-0.1894230769188646,0.9738633509082305,8.373691,320.3812,168,67,24219,4192,True,True,True,True,True,True,True,True,True,1.2492616176605225,1.1622165441513062,1.2568947076797485,0.744052529335022,0.7502079010009766,1.0271269083023071,0.7057000398635864,0.98094242811203,0.9998460412025452,0.683508574962616,0.6498144865036011,0.3407077491283417,0.8883487582206726,1.0,10.820582389831543,False,False,False,False,False
g565_expanded_solver_panel_static_flow_supplement,g565_expanded_solver_panel,random-32-32-20,96,11485,1000,g559_b1000_i2,validation,random,g565_real_graph_000934,8bf79f164da9f523d53580469fc0c27c0c5e14a82d0c8ef5e3c6ab78e935b57c,d5d07e7088414879164b6f6a0fd0199fea567f08c102ba8f633b71f4d6d493cc,g562_g565_expanded_solver_panel_b1_s565_82b62bc52954,g565_B1_phase5p5_repair5g565_scaling_b1_fold1_all_seed565,B1,565,artifacts/models/gcst/phase5p5_repair5g565_scaling_b1_fold1_all_seed565.pt,True,True,False,False,1.20264317181,0.89820989821,0.30443327359999994,-0.33893333196025854,0.9826411563131034,12.205187,703.1106,46,47,4320,4416,True,True,True,True,True,True,True,True,True,1.2492616176605225,1.1622165441513062,1.2568947076797485,0.744052529335022,0.7502079010009766,1.0271269083023071,0.7057000398635864,0.98094242811203,0.9998460412025452,0.683508574962616,0.6498144865036011,0.3407077491283417,0.8883487582206726,1.0,10.820582389831543,False,False,False,False,False
g565_expanded_solver_panel_static_flow_supplement,g565_expanded_solver_panel,g559-synth-warehouse-a-32,128,8450,2000,g559_b2000_i3,validation,other,g565_real_graph_000080,0c3eeea552c493d49115b7567e436292060ba50c82f7c564a70bac5e8d770cfa,9df2da600076cab2f82c80afe8762773405162fed924c8f26b61b9a9b3ecc1bb,g562_g565_expanded_solver_panel_b1_s565_b7d516264852,g565_B1_phase5p5_repair5g565_scaling_b1_fold0_all_seed565,B1,565,artifacts/models/gcst/phase5p5_repair5g565_scaling_b1_fold0_all_seed565.pt,True,True,False,False,1.41810918775,1.1141992295,0.30390995825,-0.2727608763348189,0.9823547673663136,13.307858,754.19,58,65,7296,8192,True,True,True,True,True,True,True,True,True,1.2419184446334839,1.1677271127700806,1.2625313997268677,0.7413292527198792,0.7506269812583923,1.0173929929733276,0.7031049728393555,0.9809489846229553,1.0,0.6816073656082153,0.6515212059020996,0.3412015736103058,0.8979146480560303,1.0,10.828396797180176,False,False,False,False,False
g565_expanded_solver_panel_static_flow_supplement,g565_expanded_solver_panel,g559-synth-warehouse-a-32,128,8450,2000,g559_b2000_i3,validation,other,g565_real_graph_000080,0c3eeea552c493d49115b7567e436292060ba50c82f7c564a70bac5e8d770cfa,786c148ba17643a5cf505a8f3279ffa7937592e9a865ebb5aa6b8f9299d9868c,g562_g565_expanded_solver_panel_b1_s565_0be653feeb35,g565_B1_phase5p5_repair5g565_scaling_b1_fold1_all_seed565,B1,565,artifacts/models/gcst/phase5p5_repair5g565_scaling_b1_fold1_all_seed565.pt,True,True,False,False,1.41577896138,1.1141992295,0.30157973188,-0.2706694852188461,0.982177028335035,13.441907,754.19,61,65,7680,8192,True,True,True,True,True,True,True,True,True,1.2492616176605225,1.1622165441513062,1.2568947076797485,0.744052529335022,0.7502079010009766,1.0271269083023071,0.7057000398635864,0.98094242811203,0.9998460412025452,0.683508574962616,0.6498144865036011,0.3407077491283417,0.8883487582206726,1.0,10.820582389831543,False,False,False,False,False
g565_expanded_solver_panel_static_flow_supplement,g565_expanded_solver_panel,random-32-32-20,96,11485,1000,g559_b1000_i2,validation,random,g565_real_graph_000934,8bf79f164da9f523d53580469fc0c27c0c5e14a82d0c8ef5e3c6ab78e935b57c,db8816e2667175943ba81ec79e8686abc3c887fa0fb6396ea710b2463c7080cd,g562_g565_expanded_solver_panel_b2_s565_e0d97c4b9b30,g565_B2_phase5p5_repair5g565_scaling_b2_fold0_all_seed565,B2,565,artifacts/models/gcst/phase5p5_repair5g565_scaling_b2_fold0_all_seed565.pt,True,True,False,False,1.1953010279,0.89820989821,0.29709112969000007,-0.33075913579004074,0.9826375565949368,12.207718,703.1106,46,47,4320,4416,True,True,True,True,True,True,True,True,True,1.2445523738861084,1.1700595617294312,1.2603352069854736,0.739630937576294,0.7495639324188232,1.0184223651885986,0.701951265335083,0.9809756278991699,1.0,0.6816309690475464,0.6506516933441162,0.33902236819267273,0.8983733057975769,1.0,10.825577735900879,False,False,False,False,False
g565_expanded_solver_panel_static_flow_supplement,g565_expanded_solver_panel,g559-synth-warehouse-a-32,128,8450,2000,g559_b2000_i3,validation,other,g565_real_graph_000080,0c3eeea552c493d49115b7567e436292060ba50c82f7c564a70bac5e8d770cfa,8f74283b3b64b5f0eaaf5a57cc428d514ad0dbc18af25aff259e242cbbddb8e7,g562_g565_expanded_solver_panel_b2_s565_36c995cc7721,g565_B2_phase5p5_repair5g565_scaling_b2_fold2_all_seed565,B2,565,artifacts/models/gcst/phase5p5_repair5g565_scaling_b2_fold2_all_seed565.pt,True,True,False,False,1.40878828229,1.1141992295,0.2945890527899999,-0.2643953118888779,0.9821306328643976,13.476898,754.19,61,65,7680,8192,True,True,True,True,True,True,True,True,True,1.2469398975372314,1.1581701040267944,1.2689869403839111,0.7514980435371399,0.7553143501281738,1.0111457109451294,0.7065714597702026,0.9811053276062012,1.0,0.6865149140357971,0.6517265439033508,0.34371715784072876,0.8847760558128357,0.99632328748703,10.831680297851562,False,False,False,False,False
g565_expanded_solver_panel_static_flow_supplement,g565_expanded_solver_panel,random-32-32-20,96,11485,1000,g559_b1000_i2,validation,random,g565_real_graph_000934,8bf79f164da9f523d53580469fc0c27c0c5e14a82d0c8ef5e3c6ab78e935b57c,857aa1559fddf09943ebbe29c762e44ce21e4b8f3bebbbd3bf8ff7b9cfd6b02c,g562_g565_expanded_solver_panel_e2_s565_774d219705a4,g565_E2_phase5p5_repair5g565_expanded_e2_seed565,E2,565,artifacts/models/gcst/phase5p5_repair5g565_expanded_e2_seed565.pt,True,True,False,False,1.19187469408,0.89820989821,0.29366479587000005,-0.32694451091580123,0.9822956516371677,12.448115,703.1106,49,47,4607,4416,True,True,True,True,True,True,True,True,True,1.2325960397720337,1.1664087772369385,1.2768296003341675,0.7396990060806274,0.7627963423728943,1.0433933734893799,0.7104818820953369,0.9815099835395813,1.0,0.6816338896751404,0.6513165831565857,0.34254133701324463,0.8649104237556458,1.0,10.8338041305542,False,False,False,False,False
g565_expanded_solver_panel_static_flow_supplement,g565_expanded_solver_panel,random-32-32-20,96,11485,1000,g559_b1000_i2,validation,random,g565_real_graph_000934,8bf79f164da9f523d53580469fc0c27c0c5e14a82d0c8ef5e3c6ab78e935b57c,64fa793d7fd15a1f81253587aba5ab77a7002d5f62fb36536842a679d3550330,g562_g565_expanded_solver_panel_b1_s565_3015c6fad093,g565_B1_phase5p5_repair5g565_scaling_b1_fold0_all_seed565,B1,565,artifacts/models/gcst/phase5p5_repair5g565_scaling_b1_fold0_all_seed565.pt,True,True,False,False,1.18942731278,0.89820989821,0.29121741456999994,-0.3242197788627729,0.9824545597804955,12.336385,703.1106,46,47,4320,4416,True,True,True,True,True,True,True,True,True,1.2419184446334839,1.1677271127700806,1.2625313997268677,0.7413292527198792,0.7506269812583923,1.0173929929733276,0.7031049728393555,0.9809489846229553,1.0,0.6816073656082153,0.6515212059020996,0.3412015736103058,0.8979146480560303,1.0,10.828396797180176,False,False,False,False,False
g565_expanded_solver_panel_static_flow_supplement,g565_expanded_solver_panel,g559-synth-warehouse-a-32,128,8450,2000,g559_b2000_i3,validation,other,g565_real_graph_000080,0c3eeea552c493d49115b7567e436292060ba50c82f7c564a70bac5e8d770cfa,220583244eecda7e91492ae8cde79188ff4ac6a55710712c33d2d85970a2ca8a,g562_g565_expanded_solver_panel_b2_s565_b7f1eb805e7e,g565_B2_phase5p5_repair5g565_scaling_b2_fold1_all_seed565,B2,565,artifacts/models/gcst/phase5p5_repair5g565_scaling_b2_fold1_all_seed565.pt,True,True,False,False,1.405126498,1.1141992295,0.29092726849999995,-0.26110884014033503,0.9824346252270648,13.24763,754.19,59,65,7424,8192,True,True,True,True,True,True,True,True,True,1.248104214668274,1.1613010168075562,1.2615150213241577,0.7440260648727417,0.7482338547706604,1.0318191051483154,0.7064080834388733,0.9810956716537476,0.9998278617858887,0.6855058073997498,0.6496145129203796,0.34021231532096863,0.8892713189125061,1.0,10.825189590454102,False,False,False,False,False
g565_expanded_solver_panel_static_flow_supplement,g565_expanded_solver_panel,g559-synth-string-40,64,9216,500,g559_b500_i4,heldout,other,g565_real_graph_000419,41cb4789283a6f047398f9c1eac538d5b37b5f1645989a2c3d5ba9560b47a391,04d00a8434aef36eeb1b4b39d31e1f8d35f0e423f390762b61e0e3b73af46532,g562_g565_expanded_solver_panel_e1_s565_60ebf4dbbc12,g565_E1_phase5p5_repair5g565_expanded_e1_seed565,E1,565,artifacts/models/gcst/phase5p5_repair5g565_expanded_e1_seed565.pt,True,True,False,False,1.9295107838,1.64124145187,0.28826933193000004,-0.17564102564040857,0.9723331300338471,8.863945,320.3812,182,67,26541,4192,True,True,True,True,True,True,True,True,True,1.25124192237854,1.1698076725006104,1.2430951595306396,0.7349446415901184,0.7765925526618958,1.024948239326477,0.7072486877441406,0.9809942841529846,1.0,0.6797457337379456,0.6454998850822449,0.33785852789878845,0.9042894244194031,1.0,10.817378997802734,False,False,False,False,False
g565_expanded_solver_panel_static_flow_supplement,g565_expanded_solver_panel,empty-16-16,96,9841,1000,g559_b1000_i2,validation,other,g565_real_graph_000624,5e88b4041cb6551ff22945863a22d6fcfb50a44ea726ca07bf06724fa4d74025,19f5c42193e63e26a9ae1fdfa233158178a9690c275b89a4e730109e440f058c,g562_g565_expanded_solver_panel_b2_s565_bb271fcf91e5,g565_B2_phase5p5_repair5g565_scaling_b2_fold2_all_seed565,B2,565,artifacts/models/gcst/phase5p5_repair5g565_scaling_b2_fold2_all_seed565.pt,True,True,False,False,2.15653495441,1.87006079027,0.28647416414000015,-0.15318976026369652,0.9850707183102023,5.023342,336.4758,53,37,4992,3456,True,True,True,True,True,True,True,True,True,1.2478383779525757,1.1555715799331665,1.273377537727356,0.7502589225769043,0.7549572587013245,1.0146790742874146,0.7069514989852905,0.98091721534729,1.0,0.6851214170455933,0.6523934006690979,0.34199386835098267,0.8892084956169128,0.9991069436073303,10.817161560058594,False,False,False,False,False
g565_expanded_solver_panel_static_flow_supplement,g565_expanded_solver_panel,random-32-32-20,96,11485,1000,g559_b1000_i2,validation,random,g565_real_graph_000934,8bf79f164da9f523d53580469fc0c27c0c5e14a82d0c8ef5e3c6ab78e935b57c,afb433c737ff0eb2668b62a4dc4fb8e8c98eb43bb22c33f0bd10b448afa4c677,g562_g565_expanded_solver_panel_b1_s565_c62b82b217e3,g565_B1_phase5p5_repair5g565_scaling_b1_fold3_all_seed565,B1,565,artifacts/models/gcst/phase5p5_repair5g565_scaling_b1_fold3_all_seed565.pt,True,True,False,False,1.18404307391,0.89820989821,0.2858331757000001,-0.3182253683349777,0.9824806168474775,12.318064,703.1106,49,47,4608,4416,True,True,True,True,True,True,True,True,True,1.242787480354309,1.1655681133270264,1.2748825550079346,0.7497100830078125,0.7532985210418701,1.025909185409546,0.7064592838287354,0.9808717966079712,1.0,0.6789582967758179,0.6534641981124878,0.3446955978870392,0.898270308971405,0.9992702007293701,10.821928977966309,False,False,False,False,False
g565_expanded_solver_panel_static_flow_supplement,g565_expanded_solver_panel,random-32-32-20,96,11485,1000,g559_b1000_i2,validation,random,g565_real_graph_000934,8bf79f164da9f523d53580469fc0c27c0c5e14a82d0c8ef5e3c6ab78e935b57c,9aea77cbb64cb5a8182ea924eb19ac97b3853d914cb46d21df0ba2c994f95c79,g562_g565_expanded_solver_panel_b2_s565_a6faf55e83d4,g565_B2_phase5p5_repair5g565_scaling_b2_fold2_all_seed565,B2,565,artifacts/models/gcst/phase5p5_repair5g565_scaling_b2_fold2_all_seed565.pt,True,True,False,False,1.18257464513,0.89820989821,0.28436474692000013,-0.3165905291031608,0.9824199677831623,12.360707,703.1106,46,47,4320,4416,True,True,True,True,True,True,True,True,True,1.2479500770568848,1.1558289527893066,1.2744226455688477,0.7494036555290222,0.7553931474685669,1.015823483467102,0.7077034115791321,0.9809356331825256,1.0,0.6844596862792969,0.6521744132041931,0.3414016366004944,0.8938239216804504,0.9996837377548218,10.817964553833008,False,False,False,False,False
g565_expanded_solver_panel_static_flow_supplement,g565_expanded_solver_panel,g559-synth-string-40,64,11616,500,g559_b500_i4,heldout,other,g565_real_graph_000577,58f59fe769776bf17d7c34d1cd8d6044232a619e51f0fcd2bc98a08d74737890,ccb812664ac63334e0911fa1d5559cc1abe9175d8996ac3daf46951509e82e4e,g562_g565_expanded_solver_panel_b1_s565_ecdd69e57e2c,g565_B1_phase5p5_repair5g565_scaling_b1_fold3_all_seed565,B1,565,artifacts/models/gcst/phase5p5_repair5g565_scaling_b1_fold3_all_seed565.pt,True,True,False,False,1.88946280992,1.60588842975,0.2835743801699999,-0.1765841106496707,0.9840992296860763,5.547933,348.9097,109,68,6843,4263,True,True,True,True,True,True,True,True,True,1.242787480354309,1.1655681133270264,1.2748825550079346,0.7497100830078125,0.7532985210418701,1.025909185409546,0.7064592838287354,0.9808717966079712,1.0,0.6789582967758179,0.6534641981124878,0.3446955978870392,0.898270308971405,0.9992702007293701,10.821928977966309,False,False,False,False,False
g565_expanded_solver_panel_static_flow_supplement,g565_expanded_solver_panel,g559-synth-string-40,64,11616,500,g559_b500_i4,heldout,other,g565_real_graph_000577,58f59fe769776bf17d7c34d1cd8d6044232a619e51f0fcd2bc98a08d74737890,c481024e4c887b156536dd6b17f064c8b1679e495bf287dcd292c029fe10751c,g562_g565_expanded_solver_panel_b2_s565_774f159126f1,g565_B2_phase5p5_repair5g565_scaling_b2_fold3_all_seed565,B2,565,artifacts/models/gcst/phase5p5_repair5g565_scaling_b2_fold3_all_seed565.pt,True,True,False,False,1.88946280992,1.60588842975,0.2835743801699999,-0.1765841106496707,0.9840974756505767,5.548545,348.9097,109,68,6843,4263,True,True,True,True,True,True,True,True,True,1.240860104560852,1.1590015888214111,1.2585785388946533,0.7500723600387573,0.7488633990287781,1.02496337890625,0.7069796323776245,0.9808521866798401,1.0,0.6800585985183716,0.6523997783660889,0.34510675072669983,0.8991939425468445,1.0,10.807656288146973,False,False,False,False,False
g565_expanded_solver_panel_static_flow_supplement,g565_expanded_solver_panel,random-32-32-20,96,11485,1000,g559_b1000_i2,validation,random,g565_real_graph_000934,8bf79f164da9f523d53580469fc0c27c0c5e14a82d0c8ef5e3c6ab78e935b57c,d3d61bfdf2abf5cd19c0ac796aed327f98c221b77acac00714e4438a04626649,g562_g565_expanded_solver_panel_b1_s565_ef2123135395,g565_B1_phase5p5_repair5g565_scaling_b1_fold2_all_seed565,B1,565,artifacts/models/gcst/phase5p5_repair5g565_scaling_b1_fold2_all_seed565.pt,True,True,False,False,1.17719040627,0.89820989821,0.2789805080600001,-0.3105961185864987,0.9826315290937159,12.211956,703.1106,46,47,4320,4416,True,True,True,True,True,True,True,True,True,1.2480440139770508,1.156984567642212,1.2668358087539673,0.7500779032707214,0.7517090439796448,1.0155653953552246,0.7070396542549133,0.9809726476669312,1.0,0.6840704679489136,0.6509780883789062,0.341921865940094,0.8938339352607727,1.0,10.826569557189941,False,False,False,False,False
g565_expanded_solver_panel_static_flow_supplement,g565_expanded_solver_panel,g559-synth-warehouse-a-32,128,8450,2000,g559_b2000_i3,validation,other,g565_real_graph_000080,0c3eeea552c493d49115b7567e436292060ba50c82f7c564a70bac5e8d770cfa,9f45c41e886676bccb4fb0dd7e085efb0a2805b842eb8d9235b0039b097b8e6e,g562_g565_expanded_solver_panel_e1_s565_286fd92634ab,g565_E1_phase5p5_repair5g565_expanded_e1_seed565,E1,565,artifacts/models/gcst/phase5p5_repair5g565_expanded_e1_seed565.pt,True,True,False,False,1.39280958722,1.1141992295,0.27861035771999987,-0.25005434427111123,0.9823855513862555,13.284641,754.19,62,65,7808,8192,True,True,True,True,True,True,True,True,True,1.2422525882720947,1.1692044734954834,1.2692975997924805,0.7432968616485596,0.754987895488739,1.0435669422149658,0.6947115063667297,0.9809567332267761,1.0,0.6812881827354431,0.6506729125976562,0.3430285155773163,0.8689618110656738,1.0,10.827066421508789,False,False,False,False,False
g565_expanded_solver_panel_static_flow_supplement,g565_expanded_solver_panel,random-32-32-20,96,11485,1000,g559_b1000_i2,validation,random,g565_real_graph_000934,8bf79f164da9f523d53580469fc0c27c0c5e14a82d0c8ef5e3c6ab78e935b57c,89ba6850ac13ed046510663ce60113d4781cc769ed12920978336fc98fb48519,g562_g565_expanded_solver_panel_b2_s565_1e2f9198c6ca,g565_B2_phase5p5_repair5g565_scaling_b2_fold1_all_seed565,B2,565,artifacts/models/gcst/phase5p5_repair5g565_scaling_b2_fold1_all_seed565.pt,True,True,False,False,1.17670093,0.89820989821,0.27849103179,-0.31005117216475975,0.982617007907433,12.222166,703.1106,49,47,4608,4416,True,True,True,True,True,True,True,True,True,1.2481595277786255,1.1611344814300537,1.2605918645858765,0.7446206212043762,0.7479887008666992,1.032310128211975,0.7055588364601135,0.9810211062431335,0.9998276829719543,0.6852493286132812,0.6494954228401184,0.339902400970459,0.8871732354164124,1.0,10.821866989135742,False,False,False,False,False
g565_expanded_solver_panel_static_flow_supplement,g565_expanded_solver_panel,g559-synth-warehouse-a-32,128,8450,2000,g559_b2000_i3,validation,other,g565_real_graph_000080,0c3eeea552c493d49115b7567e436292060ba50c82f7c564a70bac5e8d770cfa,ebe9716bdadeab0e72bf301a9ccd00e2e12fd912ce85e9284a8b603e433c0240,g562_g565_expanded_solver_panel_b2_s565_30045c2865de,g565_B2_phase5p5_repair5g565_scaling_b2_fold0_all_seed565,B2,565,artifacts/models/gcst/phase5p5_repair5g565_scaling_b2_fold0_all_seed565.pt,True,True,False,False,1.39214380826,1.1141992295,0.2779445787599999,-0.24945680395482617,0.9824375263527758,13.245442,754.19,58,65,7296,8192,True,True,True,True,True,True,True,True,True,1.243594765663147,1.1714696884155273,1.261464238166809,0.7395223379135132,0.7503223419189453,1.0173455476760864,0.7010428309440613,0.9808430671691895,1.0,0.6825291514396667,0.6507958769798279,0.3402426838874817,0.8967435956001282,1.0,10.826509475708008,False,False,False,False,False
g565_expanded_solver_panel_static_flow_supplement,g565_expanded_solver_panel,random-32-32-20,96,11485,1000,g559_b1000_i2,validation,random,g565_real_graph_000934,8bf79f164da9f523d53580469fc0c27c0c5e14a82d0c8ef5e3c6ab78e935b57c,9281ade4df798d7009239aa2e9366094bb3728fc0dcb019ac312752f57644adf,g562_g565_expanded_solver_panel_b2_s565_3f0f8ea2d315,g565_B2_phase5p5_repair5g565_scaling_b2_fold3_all_seed565,B2,565,artifacts/models/gcst/phase5p5_repair5g565_scaling_b2_fold3_all_seed565.pt,True,True,False,False,1.1742535487,0.89820989821,0.2760436504900001,-0.30732644011173166,0.9816122413742588,12.928628,703.1106,46,47,4320,4416,True,True,True,True,True,True,True,True,True,1.2411556243896484,1.1593554019927979,1.259612798690796,0.7507362365722656,0.7488828301429749,1.0230644941329956,0.7057160139083862,0.9807093143463135,1.0,0.6814470887184143,0.6535523533821106,0.3452965319156647,0.8941481113433838,0.9990428686141968,10.807366371154785,False,False,False,False,False
g565_expanded_solver_panel_static_flow_supplement,g565_expanded_solver_panel,empty-16-16,96,10081,1000,g559_b1000_i2,validation,other,g565_real_graph_000603,5b628b081747b1443fc12ed8dd276c0a31a54e5fb83ec2258374289f34e75087,48bd3b9c2db880f53b1f37eefdcc115ba40ac9e78c4b3ed3a3554e719557a848,g562_g565_expanded_solver_panel_b2_s565_a618c92130be,g565_B2_phase5p5_repair5g565_scaling_b2_fold2_all_seed565,B2,565,artifacts/models/gcst/phase5p5_repair5g565_scaling_b2_fold2_all_seed565.pt,True,True,False,False,2.08092485549,1.80563583815,0.2752890173400002,-0.1524609843932058,0.9833012631043582,5.016875,300.4344,49,40,4598,3743,True,True,True,True,True,True,True,True,True,1.2478383779525757,1.1555715799331665,1.273377537727356,0.7502589225769043,0.7549572587013245,1.0146790742874146,0.7069514989852905,0.98091721534729,1.0,0.6851214170455933,0.6523934006690979,0.34199386835098267,0.8892084956169128,0.9991069436073303,10.817161560058594,False,False,False,False,False
g565_expanded_solver_panel_static_flow_supplement,g565_expanded_solver_panel,g559-synth-string-40,64,9936,500,g559_b500_i4,heldout,other,g565_real_graph_000526,4fe96f574b7630415a84a99638ea491930bf2f6c756b507af26aa57fa83fcf3c,ab1e5af9d94ce270f8dcc3c1bdaec251cc8a2bd19d8ef18b2a15414e279190ee,g562_g565_expanded_solver_panel_b1_s565_7bad4e5099a4,g565_B1_phase5p5_repair5g565_scaling_b1_fold3_all_seed565,B1,565,artifacts/models/gcst/phase5p5_repair5g565_scaling_b1_fold3_all_seed565.pt,True,True,False,False,2.46161879896,2.19373368146,0.2678851175000001,-0.12211378243584882,0.9832606249043939,6.248412,373.2763,147,97,9249,6077,True,True,True,True,True,True,True,True,True,1.242787480354309,1.1655681133270264,1.2748825550079346,0.7497100830078125,0.7532985210418701,1.025909185409546,0.7064592838287354,0.9808717966079712,1.0,0.6789582967758179,0.6534641981124878,0.3446955978870392,0.898270308971405,0.9992702007293701,10.821928977966309,False,False,False,False,False
g565_expanded_solver_panel_static_flow_supplement,g565_expanded_solver_panel,g559-synth-warehouse-a-32,128,8450,2000,g559_b2000_i3,validation,other,g565_real_graph_000080,0c3eeea552c493d49115b7567e436292060ba50c82f7c564a70bac5e8d770cfa,c5629953b8f6e5139c137777f64f996dfd8e3e68f4e5283ec7be9a81c03f0e3f,g562_g565_expanded_solver_panel_e0_s565_73a066ac4e31,g565_E0_phase5p5_repair5g565_expanded_e0_seed565,E0,565,artifacts/models/gcst/phase5p5_repair5g565_expanded_e0_seed565.pt,True,True,False,False,1.38182423435,1.1141992295,0.26762500484999996,-0.24019492902548265,0.9822919476524483,13.355236,754.19,61,65,7680,8192,True,True,True,True,True,True,True,True,True,1.2361356019973755,1.1736866235733032,1.305722951889038,0.7478532195091248,0.7523733973503113,1.036989450454712,0.7130067348480225,0.9811463952064514,1.0,0.687914252281189,0.6552797555923462,0.3406807482242584,0.8496881723403931,1.0,10.845732688903809,False,False,False,False,False
g565_expanded_solver_panel_static_flow_supplement,g565_expanded_solver_panel,g559-synth-string-40,64,9816,500,g559_b500_i4,heldout,other,g565_real_graph_000060,0a66c98ec0a4d7f1c3e43bdbdba68e1bb72b817cbbd5b38c8e7d31d55277e999,d34ad34e68edc0e0a17631a404332e3f728f54ddd89ac7b841510ee098765e3c,g562_g565_expanded_solver_panel_b2_s565_f39db5b977dd,g565_B2_phase5p5_repair5g565_scaling_b2_fold3_all_seed565,B2,565,artifacts/models/gcst/phase5p5_repair5g565_scaling_b2_fold3_all_seed565.pt,True,True,False,False,1.90279269603,1.63694951665,0.2658431793799998,-0.16240157480485107,0.9834776045037532,5.43508,328.9523,89,71,5587,4452,True,True,True,True,True,True,True,True,True,1.240860104560852,1.1590015888214111,1.2585785388946533,0.7500723600387573,0.7488633990287781,1.02496337890625,0.7069796323776245,0.9808521866798401,1.0,0.6800585985183716,0.6523997783660889,0.34510675072669983,0.8991939425468445,1.0,10.807656288146973,False,False,False,False,False
g565_expanded_solver_panel_static_flow_supplement,g565_expanded_solver_panel,g559-synth-warehouse-a-32,128,8450,2000,g559_b2000_i3,validation,other,g565_real_graph_000080,0c3eeea552c493d49115b7567e436292060ba50c82f7c564a70bac5e8d770cfa,ec4a1e397ed19532f6b7a51faca4fe8a623331b4a6c363754e212ab4a61edd50,g562_g565_expanded_solver_panel_b1_s565_5392988f31d4,g565_B1_phase5p5_repair5g565_scaling_b1_fold3_all_seed565,B1,565,artifacts/models/gcst/phase5p5_repair5g565_scaling_b1_fold3_all_seed565.pt,True,True,False,False,1.37649800266,1.1141992295,0.26229877315999994,-0.23541460648622708,0.982449084448216,13.236725,754.19,58,65,7296,8192,True,True,True,True,True,True,True,True,True,1.242787480354309,1.1655681133270264,1.2748825550079346,0.7497100830078125,0.7532985210418701,1.025909185409546,0.7064592838287354,0.9808717966079712,1.0,0.6789582967758179,0.6534641981124878,0.3446955978870392,0.898270308971405,0.9992702007293701,10.821928977966309,False,False,False,False,False
g565_expanded_solver_panel_static_flow_supplement,g565_expanded_solver_panel,g559-synth-warehouse-a-32,128,8450,2000,g559_b2000_i3,validation,other,g565_real_graph_000080,0c3eeea552c493d49115b7567e436292060ba50c82f7c564a70bac5e8d770cfa,316361cb44cc8171db5b1c8fa852f073a162fbd9ace7accd04fc7644e9ba8c2f,g562_g565_expanded_solver_panel_e2_s565_1e28b9f010fc,g565_E2_phase5p5_repair5g565_expanded_e2_seed565,E2,565,artifacts/models/gcst/phase5p5_repair5g565_expanded_e2_seed565.pt,True,True,False,False,1.37250332889,1.1141992295,0.2583040993899999,-0.23182936457954162,0.9821569392328193,13.457058,754.19,61,65,7680,8192,True,True,True,True,True,True,True,True,True,1.2338900566101074,1.1658334732055664,1.272113561630249,0.7402437925338745,0.7623104453086853,1.0430207252502441,0.7080967426300049,0.981413722038269,1.0,0.6817229986190796,0.6515396237373352,0.3418187201023102,0.8656827807426453,1.0,10.830073356628418,False,False,False,False,False
g565_expanded_solver_panel_static_flow_supplement,g565_expanded_solver_panel,empty-16-16,96,11041,1000,g559_b1000_i2,validation,other,g565_real_graph_000759,7481be412e1fa5384e5b8a82bd8fa0749ee0169e156a029508d2baeb1d12a905,91aacef99fb041ae14659160e5bda40d2fa2ac4daeab29c06627fd296dc2d4d5,g562_g565_expanded_solver_panel_b1_s565_093052fc4df5,g565_B1_phase5p5_repair5g565_scaling_b1_fold3_all_seed565,B1,565,artifacts/models/gcst/phase5p5_repair5g565_scaling_b1_fold3_all_seed565.pt,True,True,False,False,2.07944250871,1.82229965157,0.25714285714000007,-0.14110898661395174,0.9839337972613282,5.009924,311.83,50,37,4704,3456,True,True,True,True,True,True,True,True,True,1.242787480354309,1.1655681133270264,1.2748825550079346,0.7497100830078125,0.7532985210418701,1.025909185409546,0.7064592838287354,0.9808717966079712,1.0,0.6789582967758179,0.6534641981124878,0.3446955978870392,0.898270308971405,0.9992702007293701,10.821928977966309,False,False,False,False,False
g565_expanded_solver_panel_static_flow_supplement,g565_expanded_solver_panel,empty-16-16,96,11041,1000,g559_b1000_i2,validation,other,g565_real_graph_000759,7481be412e1fa5384e5b8a82bd8fa0749ee0169e156a029508d2baeb1d12a905,38580b47a0d89706fbbd812fa13801db63493d73c2774f5f58649f0dce41aa62,g562_g565_expanded_solver_panel_e2_s565_3dbbb5676d4d,g565_E2_phase5p5_repair5g565_expanded_e2_seed565,E2,565,artifacts/models/gcst/phase5p5_repair5g565_expanded_e2_seed565.pt,True,True,False,False,2.0724738676,1.82229965157,0.2501742160299998,-0.13728489483848746,0.9844728730397974,4.841824,311.83,46,37,4319,3456,True,True,True,True,True,True,True,True,True,1.242983341217041,1.1647828817367554,1.2599966526031494,0.7380845546722412,0.7647397518157959,1.0402554273605347,0.6935608386993408,0.9810459017753601,1.0,0.6798723340034485,0.6466560959815979,0.34226980805397034,0.901253342628479,1.0,10.813075065612793,False,False,False,False,False
g565_expanded_solver_panel_static_flow_supplement,g565_expanded_solver_panel,g559-synth-string-40,64,11616,500,g559_b500_i4,heldout,other,g565_real_graph_000577,58f59fe769776bf17d7c34d1cd8d6044232a619e51f0fcd2bc98a08d74737890,4646506b13b65e99eec453b92f761b8b7a7d1fed9ad2881556c87b9d8a14dfd0,g562_g565_expanded_solver_panel_e1_s565_2b1c3323fe71,g565_E1_phase5p5_repair5g565_expanded_e1_seed565,E1,565,artifacts/models/gcst/phase5p5_repair5g565_expanded_e1_seed565.pt,True,True,False,False,1.85537190083,1.60588842975,0.24948347108000002,-0.1553554197528149,0.8779110698269496,42.598012,348.9097,548,68,162479,4263,True,True,True,True,True,True,True,True,True,1.2512303590774536,1.1698819398880005,1.2430251836776733,0.7350699305534363,0.7765222191810608,1.0248634815216064,0.7072099447250366,0.9809870719909668,1.0,0.679843544960022,0.6455656290054321,0.3378238379955292,0.9039276838302612,1.0,10.817160606384277,False,False,False,False,False
g565_expanded_solver_panel_static_flow_supplement,g565_expanded_solver_panel,g559-synth-game-den-32,64,8298,2000,g559_b2000_i4,validation,other,g565_real_graph_000919,8a380d865d9dd76563833e85eca386709ca96a4f065b25147f82839997a1038f,a7c011cde4fe2a8d1264c4926a32b028731fcb92f845030d76ea7946af15bf23,g562_g565_expanded_solver_panel_b2_s565_ab21c5d1d5df,g565_B2_phase5p5_repair5g565_scaling_b2_fold0_all_seed565,B2,565,artifacts/models/gcst/phase5p5_repair5g565_scaling_b2_fold0_all_seed565.pt,True,True,False,False,1.14355773518,0.894964988329,0.24859274685099997,-0.27776812511420196,0.9818397317163962,8.098499,445.946,58,62,3643,3904,True,True,True,True,True,True,True,True,True,1.2432091236114502,1.1725026369094849,1.2619407176971436,0.7385925650596619,0.7501916885375977,1.0163816213607788,0.7017915844917297,0.9810189604759216,1.0,0.6818849444389343,0.6506229639053345,0.3406793773174286,0.9043145775794983,1.0,10.832340240478516,False,False,False,False,False
g565_expanded_solver_panel_static_flow_supplement,g565_expanded_solver_panel,g559-synth-game-den-32,128,7778,2000,g559_b2000_i3,validation,other,g565_real_graph_000265,2970332830170acca9826847e0797ad700c29f9e19e0433293eb565e3b119e20,0ac87aea735b0a8c5e990dc7daeefaa56a4f1930055d9841c281217d077c9fb5,g562_g565_expanded_solver_panel_b2_s565_4db339ef1d9c,g565_B2_phase5p5_repair5g565_scaling_b2_fold3_all_seed565,B2,565,artifacts/models/gcst/phase5p5_repair5g565_scaling_b2_fold3_all_seed565.pt,True,True,False,False,1.50332689418,1.2609421365,0.24238475768,-0.1922251233135788,0.9839091601812511,17.163703,1066.6754,91,118,11636,23295,True,True,True,True,True,True,True,True,True,1.2416669130325317,1.1613836288452148,1.2614781856536865,0.7510079741477966,0.7494404315948486,1.021609902381897,0.7028735280036926,0.980473518371582,1.0,0.683034360408783,0.6549307107925415,0.3454498052597046,0.8885639309883118,0.9947590231895447,10.809222221374512,False,False,False,False,False
g565_expanded_solver_panel_static_flow_supplement,g565_expanded_solver_panel,g559-synth-game-den-32,64,8298,2000,g559_b2000_i4,validation,other,g565_real_graph_000919,8a380d865d9dd76563833e85eca386709ca96a4f065b25147f82839997a1038f,ca142bd8c482487a9772e546c3dca4a3a6acdf9d274f933cd0cdc2522cc6adf2,g562_g565_expanded_solver_panel_b1_s565_c08e8a2b7305,g565_B1_phase5p5_repair5g565_scaling_b1_fold0_all_seed565,B1,565,artifacts/models/gcst/phase5p5_repair5g565_scaling_b1_fold0_all_seed565.pt,True,True,False,False,1.13107445386,0.894964988329,0.23610946553099998,-0.2638197791087256,0.9816433043462661,8.186095,445.946,56,62,3514,3904,True,True,True,True,True,True,True,True,True,1.2419184446334839,1.1677271127700806,1.2625313997268677,0.7413292527198792,0.7506269812583923,1.0173929929733276,0.7031049728393555,0.9809489846229553,1.0,0.6816073656082153,0.6515212059020996,0.3412015736103058,0.8979146480560303,1.0,10.828396797180176,False,False,False,False,False
g565_expanded_solver_panel_static_flow_supplement,g565_expanded_solver_panel,g559-synth-game-den-32,64,8298,2000,g559_b2000_i4,validation,other,g565_real_graph_000919,8a380d865d9dd76563833e85eca386709ca96a4f065b25147f82839997a1038f,24d6a2a98ad65acb8d52fef3c6e0190a88d9d5700fbbd7059779c957c2349e60,g562_g565_expanded_solver_panel_b2_s565_5c748c6152db,g565_B2_phase5p5_repair5g565_scaling_b2_fold1_all_seed565,B2,565,artifacts/models/gcst/phase5p5_repair5g565_scaling_b2_fold1_all_seed565.pt,True,True,False,False,1.12929112795,0.894964988329,0.23432613962100002,-0.2618271582428193,0.981843788261359,8.09669,445.946,56,62,3519,3904,True,True,True,True,True,True,True,True,True,1.2481064796447754,1.1613794565200806,1.2615344524383545,0.7438461780548096,0.7482554316520691,1.031793236732483,0.7066603899002075,0.9811264872550964,0.9998268485069275,0.6854875683784485,0.6495433449745178,0.34025442600250244,0.8901261687278748,1.0,10.826122283935547,False,False,False,False,False
g565_expanded_solver_panel_static_flow_supplement,g565_expanded_solver_panel,g559-synth-game-den-32,64,8298,2000,g559_b2000_i4,validation,other,g565_real_graph_000919,8a380d865d9dd76563833e85eca386709ca96a4f065b25147f82839997a1038f,8850cab921726c1ddd3d99d2536263fdd4c3a7ffa13038e679aa68f834d619f8,g562_g565_expanded_solver_panel_e2_s565_9300252d18fb,g565_E2_phase5p5_repair5g565_expanded_e2_seed565,E2,565,artifacts/models/gcst/phase5p5_repair5g565_expanded_e2_seed565.pt,True,True,False,False,1.12527864467,0.894964988329,0.2303136563410001,-0.25734376131408393,0.9816359245289789,8.189386,445.946,56,62,3516,3904,True,True,True,True,True,True,True,True,True,1.2463655471801758,1.1680516004562378,1.261388897895813,0.7326263785362244,0.7641324996948242,1.0357671976089478,0.6978422999382019,0.9810611605644226,1.0,0.6784759759902954,0.640533447265625,0.34464162588119507,0.9213540554046631,1.0,10.822413444519043,False,False,False,False,False
g565_expanded_solver_panel_static_flow_supplement,g565_expanded_solver_panel,g559-synth-game-den-32,64,8298,2000,g559_b2000_i4,validation,other,g565_real_graph_000919,8a380d865d9dd76563833e85eca386709ca96a4f065b25147f82839997a1038f,0f85ebde15056f7fb18b47e4e40d7f64e8fe7a79c55afe9cb1b2db4774a4a4cb,g562_g565_expanded_solver_panel_b1_s565_8c6c04323448,g565_B1_phase5p5_repair5g565_scaling_b1_fold2_all_seed565,B1,565,artifacts/models/gcst/phase5p5_repair5g565_scaling_b1_fold2_all_seed565.pt,True,True,False,False,1.1248328132,0.894964988329,0.2298678248710001,-0.2568456061059876,0.9821247998636605,7.971374,445.946,56,62,3518,3904,True,True,True,True,True,True,True,True,True,1.2480440139770508,1.156984567642212,1.2668358087539673,0.7500779032707214,0.7517090439796448,1.0155653953552246,0.7070396542549133,0.9809726476669312,1.0,0.6840704679489136,0.6509780883789062,0.341921865940094,0.8938339352607727,1.0,10.826569557189941,False,False,False,False,False
g565_expanded_solver_panel_static_flow_supplement,g565_expanded_solver_panel,g559-synth-string-40,64,10296,500,g559_b500_i4,heldout,other,g565_real_graph_000145,1633dfafb8c7c8f6b1ee5bef1d0c5fabbec01e937297397d5265a3c19f926885,191e466a137ce82c1449587110e58d58070b58434ddaf86991e40e41a2327b13,g562_g565_expanded_solver_panel_b1_s565_19d4ac0ba29a,g565_B1_phase5p5_repair5g565_scaling_b1_fold2_all_seed565,B1,565,artifacts/models/gcst/phase5p5_repair5g565_scaling_b1_fold2_all_seed565.pt,True,True,False,False,1.8145800317,1.5853143159,0.2292657158,-0.1446184605163572,0.9829604602362012,5.114866,300.1763,70,63,4381,3941,True,True,True,True,True,True,True,True,True,1.2480440139770508,1.156984567642212,1.2668358087539673,0.7500779032707214,0.7517090439796448,1.0155653953552246,0.7070396542549133,0.9809726476669312,1.0,0.6840704679489136,0.6509780883789062,0.341921865940094,0.8938339352607727,1.0,10.826569557189941,False,False,False,False,False
g565_expanded_solver_panel_static_flow_supplement,g565_expanded_solver_panel,g559-synth-game-den-32,64,8298,2000,g559_b2000_i4,validation,other,g565_real_graph_000919,8a380d865d9dd76563833e85eca386709ca96a4f065b25147f82839997a1038f,c223dfe7494d5997f4991b2222a82700239ba0bf7fc3aa3f583a381c32926323,g562_g565_expanded_solver_panel_e0_s565_fbe5cd2ed4d8,g565_E0_phase5p5_repair5g565_expanded_e0_seed565,E0,565,artifacts/models/gcst/phase5p5_repair5g565_expanded_e0_seed565.pt,True,True,False,False,1.12304948729,0.894964988329,0.22808449896100014,-0.25485298524008126,0.9818610257744211,8.089003,445.946,59,62,3771,3904,True,True,True,True,True,True,True,True,True,1.2443931102752686,1.167165994644165,1.2658332586288452,0.7260329723358154,0.7540596127510071,1.0380994081497192,0.7032943964004517,0.9811077117919922,1.0,0.6662975549697876,0.6349501609802246,0.36167824268341064,0.9307923316955566,1.0,10.860757827758789,False,False,False,False,False
g565_expanded_solver_panel_static_flow_supplement,g565_expanded_solver_panel,g559-synth-game-den-32,64,8298,2000,g559_b2000_i4,validation,other,g565_real_graph_000919,8a380d865d9dd76563833e85eca386709ca96a4f065b25147f82839997a1038f,cfb5672dec7863d3f663114c0d57f054bc82191370845e0a7671df7dc861d86b,g562_g565_expanded_solver_panel_b1_s565_d00c09b94e3d,g565_B1_phase5p5_repair5g565_scaling_b1_fold3_all_seed565,B1,565,artifacts/models/gcst/phase5p5_repair5g565_scaling_b1_fold3_all_seed565.pt,True,True,False,False,1.11903700401,0.894964988329,0.224072015681,-0.25036958831134565,0.981805790387177,8.113635,445.946,57,62,3584,3904,True,True,True,True,True,True,True,True,True,1.242787480354309,1.1655681133270264,1.2748825550079346,0.7497100830078125,0.7532985210418701,1.025909185409546,0.7064592838287354,0.9808717966079712,1.0,0.6789582967758179,0.6534641981124878,0.3446955978870392,0.898270308971405,0.9992702007293701,10.821928977966309,False,False,False,False,False
g565_expanded_solver_panel_static_flow_supplement,g565_expanded_solver_panel,g559-synth-game-den-32,64,8298,2000,g559_b2000_i4,validation,other,g565_real_graph_000919,8a380d865d9dd76563833e85eca386709ca96a4f065b25147f82839997a1038f,e650dc18705035b0a7e5c763618ba4a39f283805dfdc3655900083018f536e6c,g562_g565_expanded_solver_panel_b2_s565_39983780f6c1,g565_B2_phase5p5_repair5g565_scaling_b2_fold3_all_seed565,B2,565,artifacts/models/gcst/phase5p5_repair5g565_scaling_b2_fold3_all_seed565.pt,True,True,False,False,1.11814534106,0.894964988329,0.223180352731,-0.2493732778839793,0.9818286810510689,8.103427,445.946,56,62,3520,3904,True,True,True,True,True,True,True,True,True,1.2408969402313232,1.1631914377212524,1.260270118713379,0.7487064599990845,0.7500372529029846,1.0260469913482666,0.703889012336731,0.9806892275810242,1.0,0.6798694729804993,0.6525936126708984,0.3451911509037018,0.9005419015884399,0.9969676733016968,10.814031600952148,False,False,False,False,False
g565_expanded_solver_panel_static_flow_supplement,g565_expanded_solver_panel,g559-synth-game-den-32,64,8298,2000,g559_b2000_i4,validation,other,g565_real_graph_000919,8a380d865d9dd76563833e85eca386709ca96a4f065b25147f82839997a1038f,c4bc27481706095a47d9b4f1fdea5ffdea1993441b7724d189faa3adfd4a4aa2,g562_g565_expanded_solver_panel_b1_s565_a112cc4b5dfe,g565_B1_phase5p5_repair5g565_scaling_b1_fold1_all_seed565,B1,565,artifacts/models/gcst/phase5p5_repair5g565_scaling_b1_fold1_all_seed565.pt,True,True,False,False,1.11680784663,0.894964988329,0.22184285830100003,-0.24787881223734298,0.9820190538764784,8.018531,445.946,56,62,3518,3904,True,True,True,True,True,True,True,True,True,1.2492616176605225,1.1622165441513062,1.2568947076797485,0.744052529335022,0.7502079010009766,1.0271269083023071,0.7057000398635864,0.98094242811203,0.9998460412025452,0.683508574962616,0.6498144865036011,0.3407077491283417,0.8883487582206726,1.0,10.820582389831543,False,False,False,False,False
g565_expanded_solver_panel_static_flow_supplement,g565_expanded_solver_panel,empty-16-16,96,7201,1000,g559_b1000_i2,validation,other,g565_real_graph_000717,6e8eddf47d3d1e9f76816b9e3a1db0984ce042fe69d036eb9cda2f17ae07e12d,a9d5e171b8a939d61ca51a36c3de7f2ae0c4d4253b3b1af757a659dab8ba748a,g562_g565_expanded_solver_panel_b1_s565_16869221d3fb,g565_B1_phase5p5_repair5g565_scaling_b1_fold1_all_seed565,B1,565,artifacts/models/gcst/phase5p5_repair5g565_scaling_b1_fold1_all_seed565.pt,True,True,False,False,2.38772663877,2.1659693166,0.22175732216999977,-0.1023824855091208,0.9844658050329845,5.520289,355.3637,69,49,6989,4602,True,True,True,True,True,True,True,True,True,1.2492616176605225,1.1622165441513062,1.2568947076797485,0.744052529335022,0.7502079010009766,1.0271269083023071,0.7057000398635864,0.98094242811203,0.9998460412025452,0.683508574962616,0.6498144865036011,0.3407077491283417,0.8883487582206726,1.0,10.820582389831543,False,False,False,False,False
g565_expanded_solver_panel_static_flow_supplement,g565_expanded_solver_panel,empty-16-16,96,7201,1000,g559_b1000_i2,validation,other,g565_real_graph_000717,6e8eddf47d3d1e9f76816b9e3a1db0984ce042fe69d036eb9cda2f17ae07e12d,02f2a24a491dd06d1b9f35c98b1d4556f834f402a69b60dfd7e8ec3a12a82632,g562_g565_expanded_solver_panel_b2_s565_72f53c4575e8,g565_B2_phase5p5_repair5g565_scaling_b2_fold2_all_seed565,B2,565,artifacts/models/gcst/phase5p5_repair5g565_scaling_b2_fold2_all_seed565.pt,True,True,False,False,2.38772663877,2.1659693166,0.22175732216999977,-0.1023824855091208,0.9844735013733816,5.517554,355.3637,69,49,6989,4602,True,True,True,True,True,True,True,True,True,1.2478383779525757,1.1555715799331665,1.273377537727356,0.7502589225769043,0.7549572587013245,1.0146790742874146,0.7069514989852905,0.98091721534729,1.0,0.6851214170455933,0.6523934006690979,0.34199386835098267,0.8892084956169128,0.9991069436073303,10.817161560058594,False,False,False,False,False
g565_expanded_solver_panel_static_flow_supplement,g565_expanded_solver_panel,g559-synth-string-40,64,11616,500,g559_b500_i4,heldout,other,g565_real_graph_000577,58f59fe769776bf17d7c34d1cd8d6044232a619e51f0fcd2bc98a08d74737890,09b899c79d0cb15d340bf9195fcd468201debf40a33802bafafd09431c0348b9,g562_g565_expanded_solver_panel_e0_s565_e21b249ccf39,g565_E0_phase5p5_repair5g565_expanded_e0_seed565,E0,565,artifacts/models/gcst/phase5p5_repair5g565_expanded_e0_seed565.pt,True,True,False,False,1.82747933884,1.60588842975,0.2215909090899999,-0.13798649083267667,0.9845846962695505,5.378549,348.9097,104,68,6532,4263,True,True,True,True,True,True,True,True,True,1.2508063316345215,1.1677662134170532,1.2589447498321533,0.7353551387786865,0.7645256519317627,1.0284925699234009,0.7051889896392822,0.9812825322151184,1.0,0.6837581396102905,0.6473599672317505,0.34030649065971375,0.8939440250396729,1.0,10.82735538482666,False,False,False,False,False
g565_expanded_solver_panel_static_flow_supplement,g565_expanded_solver_panel,empty-16-16,96,10081,1000,g559_b1000_i2,validation,other,g565_real_graph_000603,5b628b081747b1443fc12ed8dd276c0a31a54e5fb83ec2258374289f34e75087,86dc9b0bef3fb06ad6fba0dce028450be02c482fe302af8ec52bf47a9e197f7e,g562_g565_expanded_solver_panel_e1_s565_20be1b9e49d9,g565_E1_phase5p5_repair5g565_expanded_e1_seed565,E1,565,artifacts/models/gcst/phase5p5_repair5g565_expanded_e1_seed565.pt,True,True,False,False,2.02167630058,1.80563583815,0.21604046242999986,-0.11964785914492504,0.982153508386523,5.3617,300.4344,60,40,6599,3743,True,True,True,True,True,True,True,True,True,1.2453501224517822,1.1690444946289062,1.2554192543029785,0.7385525107383728,0.7675608396530151,1.0358680486679077,0.6920600533485413,0.9811281561851501,1.0,0.6797038912773132,0.6509523987770081,0.3413507044315338,0.8986886739730835,1.0,10.81556224822998,False,False,False,False,False
g565_expanded_solver_panel_static_flow_supplement,g565_expanded_solver_panel,g559-synth-game-den-32,128,7778,2000,g559_b2000_i3,validation,other,g565_real_graph_000265,2970332830170acca9826847e0797ad700c29f9e19e0433293eb565e3b119e20,13f073142bc4a09da32b1a2de3113e898e1dcb5c08584e4069783cd993ba2963,g562_g565_expanded_solver_panel_b2_s565_6d77369c87ab,g565_B2_phase5p5_repair5g565_scaling_b2_fold2_all_seed565,B2,565,artifacts/models/gcst/phase5p5_repair5g565_scaling_b2_fold2_all_seed565.pt,True,True,False,False,1.47671174072,1.2609421365,0.21576960422000013,-0.17111776819427443,0.9828762995752973,18.26543,1066.6754,104,118,17910,23295,True,True,True,True,True,True,True,True,True,1.2469562292099,1.1581991910934448,1.2691532373428345,0.7513773441314697,0.7553755044937134,1.0113219022750854,0.7066967487335205,0.9811080694198608,1.0,0.686423659324646,0.6517025828361511,0.3436279892921448,0.8854814767837524,0.9964114427566528,10.831816673278809,False,False,False,False,False
g565_expanded_solver_panel_static_flow_supplement,g565_expanded_solver_panel,g559-synth-string-40,64,11496,500,g559_b500_i4,heldout,other,g565_real_graph_000004,0050640a3c14e37acccaa467e9057a27cf2b3d49f978548a1b3ccf51add83def,a15450d32f5d32baf5dccef196f79d9bdfc95d8944ab84f290373cb231a4a617,g562_g565_expanded_solver_panel_e0_s565_7c625c0eba33,g565_E0_phase5p5_repair5g565_expanded_e0_seed565,E0,565,artifacts/models/gcst/phase5p5_repair5g565_expanded_e0_seed565.pt,True,True,False,False,2.15750528541,1.94291754757,0.21458773784000007,-0.11044613710364816,0.9834420249547203,5.998095,362.2481,129,90,8132,5656,True,True,True,True,True,True,True,True,True,1.2507888078689575,1.167831301689148,1.2582149505615234,0.7354059815406799,0.7646997570991516,1.0282819271087646,0.7051486968994141,0.981283962726593,1.0,0.6837497353553772,0.6474714875221252,0.3401578962802887,0.8940897583961487,1.0,10.826973915100098,False,False,False,False,False
g565_expanded_solver_panel_static_flow_supplement,g565_expanded_solver_panel,g559-synth-game-den-32,64,8298,2000,g559_b2000_i4,validation,other,g565_real_graph_000919,8a380d865d9dd76563833e85eca386709ca96a4f065b25147f82839997a1038f,1d670a45f2504d871090381d7e3f298ea465e842cb61410e80e2b7337dd9097e,g562_g565_expanded_solver_panel_e1_s565_7fa911baad9a,g565_E1_phase5p5_repair5g565_expanded_e1_seed565,E1,565,artifacts/models/gcst/phase5p5_repair5g565_expanded_e1_seed565.pt,True,True,False,False,1.10789121712,0.894964988329,0.21292622879099998,-0.23791570795250566,0.9820824561718235,7.990257,445.946,56,62,3520,3904,True,True,True,True,True,True,True,True,True,1.2490198612213135,1.1664375066757202,1.257422685623169,0.728985071182251,0.7594389319419861,1.042115569114685,0.6971323490142822,0.9810077548027039,1.0,0.6721739768981934,0.6398235559463501,0.35286733508110046,0.9243641495704651,1.0,10.854007720947266,False,False,False,False,False
g565_expanded_solver_panel_static_flow_supplement,g565_expanded_solver_panel,g559-synth-string-40,64,11616,500,g559_b500_i4,heldout,other,g565_real_graph_000577,58f59fe769776bf17d7c34d1cd8d6044232a619e51f0fcd2bc98a08d74737890,e92ccb440048bc12b7fbd8ac1f50ed1dc26803ff509ca311c7cfdf4b62af5905,g562_g565_expanded_solver_panel_b2_s565_75778986e422,g565_B2_phase5p5_repair5g565_scaling_b2_fold2_all_seed565,B2,565,artifacts/models/gcst/phase5p5_repair5g565_scaling_b2_fold2_all_seed565.pt,True,True,False,False,1.81869834711,1.60588842975,0.21280991736,-0.13251849469587973,0.9840679551184733,5.558845,348.9097,113,68,7177,4263,True,True,True,True,True,True,True,True,True,1.2486580610275269,1.1551759243011475,1.2774238586425781,0.7477841377258301,0.7561885118484497,1.0186104774475098,0.7083351016044617,0.9808790683746338,1.0,0.6828423738479614,0.651971697807312,0.33986401557922363,0.9012189507484436,1.0,10.81179428100586,False,False,False,False,False
g565_expanded_solver_panel_static_flow_supplement,g565_expanded_solver_panel,g559-synth-string-40,64,8976,500,g559_b500_i4,heldout,other,g565_real_graph_000302,2e64c50dc1624398d097a0cf1f54647c78116a1b5eb94cbba2ff5d5c1668dd97,a9cbf1f28273f687eddd261fb59e688c16cdcb3831d82e8f6cc2d415e7b65550,g562_g565_expanded_solver_panel_e0_s565_e982ed84e662,g565_E0_phase5p5_repair5g565_expanded_e0_seed565,E0,565,artifacts/models/gcst/phase5p5_repair5g565_expanded_e0_seed565.pt,True,True,False,False,1.72732067511,1.51898734177,0.20833333334000015,-0.13715277778236107,0.9685420669153245,9.058186,287.946,210,66,30947,4127,True,True,True,True,True,True,True,True,True,1.2507851123809814,1.167820692062378,1.258376955986023,0.735398530960083,0.7646730542182922,1.0283215045928955,0.705145001411438,0.9812842011451721,1.0,0.6837483644485474,0.6474437117576599,0.3401857614517212,0.8940691351890564,1.0,10.827047348022461,False,False,False,False,False
g565_expanded_solver_panel_static_flow_supplement,g565_expanded_solver_panel,g559-synth-game-den-32,64,8298,2000,g559_b2000_i4,validation,other,g565_real_graph_000919,8a380d865d9dd76563833e85eca386709ca96a4f065b25147f82839997a1038f,b790a5268ad287944f1d8598d085727bb3173e03bd35fbe49046d455bd5643de,g562_g565_expanded_solver_panel_b2_s565_e2820b86db3b,g565_B2_phase5p5_repair5g565_scaling_b2_fold2_all_seed565,B2,565,artifacts/models/gcst/phase5p5_repair5g565_scaling_b2_fold2_all_seed565.pt,True,True,False,False,1.10254123941,0.894964988329,0.20757625108100008,-0.23193784537713397,0.9819452287945177,8.051453,445.946,56,62,3519,3904,True,True,True,True,True,True,True,True,True,1.247178077697754,1.1593849658966064,1.2704005241394043,0.7496707439422607,0.7566365599632263,1.0138803720474243,0.7085118889808655,0.9811542630195618,1.0,0.6853313446044922,0.6512503623962402,0.34197133779525757,0.8963586688041687,0.997336745262146,10.837128639221191,False,False,False,False,False
g565_expanded_solver_panel_static_flow_supplement,g565_expanded_solver_panel,g559-synth-string-40,64,7416,500,g559_b500_i4,heldout,other,g565_real_graph_000844,7e9f7e18fcd118e1f585dbf172534008c63a1b2df172b229087c81e90efd64f1,e0c9794f335f7e00a98048b6e067514bcc6aae103335eadaf6c53d61c402901b,g562_g565_expanded_solver_panel_b2_s565_1729ccc3c115,g565_B2_phase5p5_repair5g565_scaling_b2_fold1_all_seed565,B2,565,artifacts/models/gcst/phase5p5_repair5g565_scaling_b2_fold1_all_seed565.pt,True,True,False,False,1.82649350649,1.62493506494,0.20155844155000002,-0.1240409207105408,0.9640557094948186,12.04064,334.9806,292,83,44774,5214,True,True,True,True,True,True,True,True,True,1.2481741905212402,1.161116123199463,1.2603057622909546,0.7447618246078491,0.7478916645050049,1.0324511528015137,0.7054210901260376,0.981009840965271,0.9998255968093872,0.6851468682289124,0.6494176387786865,0.3398366868495941,0.8868326544761658,1.0,10.821105003356934,False,False,False,False,False
g565_expanded_solver_panel_static_flow_supplement,g565_expanded_solver_panel,g559-synth-string-40,64,7416,500,g559_b500_i4,heldout,other,g565_real_graph_000844,7e9f7e18fcd118e1f585dbf172534008c63a1b2df172b229087c81e90efd64f1,d29dff7fed18ef21e39db4ed3c6c2b51dcc481355d6090940ed6ed76108fcafc,g562_g565_expanded_solver_panel_b1_s565_edab90e2a918,g565_B1_phase5p5_repair5g565_scaling_b1_fold2_all_seed565,B1,565,artifacts/models/gcst/phase5p5_repair5g565_scaling_b1_fold2_all_seed565.pt,True,True,False,False,1.82649350649,1.62493506494,0.20155844155000002,-0.1240409207105408,0.9840734866437041,5.335073,334.9806,86,83,5382,5214,True,True,True,True,True,True,True,True,True,1.2480440139770508,1.156984567642212,1.2668358087539673,0.7500779032707214,0.7517090439796448,1.0155653953552246,0.7070396542549133,0.9809726476669312,1.0,0.6840704679489136,0.6509780883789062,0.341921865940094,0.8938339352607727,1.0,10.826569557189941,False,False,False,False,False
g565_expanded_solver_panel_static_flow_supplement,g565_expanded_solver_panel,maze-32-32-2,128,9086,2000,g559_b2000_i3,validation,maze,g565_real_graph_000151,16c73b23f75026d5928f300d9e42a430f14648ef151f71214c117da333eabc19,32af5f12fb615aa1b146dcddde08a9a001c402090b12425e03783692758453e8,g562_g565_expanded_solver_panel_b2_s565_ecc480019749,g565_B2_phase5p5_repair5g565_scaling_b2_fold2_all_seed565,B2,565,artifacts/models/gcst/phase5p5_repair5g565_scaling_b2_fold2_all_seed565.pt,True,True,False,False,1.89577772385,1.69667556418,0.19910215967,-0.11734839816958506,0.9556540001999575,55.710425,1256.2672,1156,193,221817,24492,True,True,True,True,True,True,True,True,True,1.2469433546066284,1.1581761837005615,1.2690224647521973,0.7514724135398865,0.7553272843360901,1.0111831426620483,0.7065982222557068,0.9811059236526489,1.0,0.6864955425262451,0.6517214775085449,0.3436982035636902,0.884925901889801,0.9963420629501343,10.831709861755371,False,False,False,False,False
g565_expanded_solver_panel_static_flow_supplement,g565_expanded_solver_panel,g559-synth-string-40,64,9216,500,g559_b500_i4,heldout,other,g565_real_graph_000419,41cb4789283a6f047398f9c1eac538d5b37b5f1645989a2c3d5ba9560b47a391,bb3c4717a45bfa61fe526eb085952b86e7ebe7fd75b0a35665ef0123eae1a930,g562_g565_expanded_solver_panel_b2_s565_56e2d48d0763,g565_B2_phase5p5_repair5g565_scaling_b2_fold1_all_seed565,B2,565,artifacts/models/gcst/phase5p5_repair5g565_scaling_b2_fold1_all_seed565.pt,True,True,False,False,1.83587585481,1.64124145187,0.19463440294,-0.11858974358601361,0.9772616152258623,7.284951,320.3812,146,67,18180,4192,True,True,True,True,True,True,True,True,True,1.2481741905212402,1.161116123199463,1.2603057622909546,0.7447618246078491,0.7478916645050049,1.0324511528015137,0.7054210901260376,0.981009840965271,0.9998255968093872,0.6851468682289124,0.6494176387786865,0.3398366868495941,0.8868326544761658,1.0,10.821105003356934,False,False,False,False,False
g565_expanded_solver_panel_static_flow_supplement,g565_expanded_solver_panel,g559-synth-game-den-32,128,7778,2000,g559_b2000_i3,validation,other,g565_real_graph_000265,2970332830170acca9826847e0797ad700c29f9e19e0433293eb565e3b119e20,dc5c86406791b6c28d972e8cc219fab3e909e4a05a5bc827dce8ea0276262213,g562_g565_expanded_solver_panel_e1_s565_d5f1b3bf4763,g565_E1_phase5p5_repair5g565_expanded_e1_seed565,E1,565,artifacts/models/gcst/phase5p5_repair5g565_expanded_e1_seed565.pt,True,True,False,False,1.45546254561,1.2609421365,0.19452040911000013,-0.15426592821295582,0.98418548885631,16.86895,1066.6754,80,118,10101,23295,True,True,True,True,True,True,True,True,True,1.2435351610183716,1.1641556024551392,1.2561432123184204,0.7424238920211792,0.7594295144081116,1.0464725494384766,0.6871216297149658,0.980855405330658,1.0,0.6749618649482727,0.6474054455757141,0.34666284918785095,0.8938013315200806,1.0,10.82838249206543,False,False,False,False,False
g565_expanded_solver_panel_static_flow_supplement,g565_expanded_solver_panel,g559-synth-game-den-32,128,7778,2000,g559_b2000_i3,validation,other,g565_real_graph_000265,2970332830170acca9826847e0797ad700c29f9e19e0433293eb565e3b119e20,b7fc1bf9257615f1b262815c35b93e6d9c7ae0b3f4b48757719cf2946997d00c,g562_g565_expanded_solver_panel_b2_s565_4b5f3558c8c4,g565_B2_phase5p5_repair5g565_scaling_b2_fold1_all_seed565,B2,565,artifacts/models/gcst/phase5p5_repair5g565_scaling_b2_fold1_all_seed565.pt,True,True,False,False,1.45438935394,1.2609421365,0.19344721743999993,-0.15341482518535848,0.9841016367303493,16.958393,1066.6754,77,118,9723,23295,True,True,True,True,True,True,True,True,True,1.2481024265289307,1.1613010168075562,1.2615115642547607,0.7440200448036194,0.7482296228408813,1.0318193435668945,0.7064171433448792,0.9810963273048401,0.9998278021812439,0.6855020523071289,0.6496060490608215,0.34021449089050293,0.8893157839775085,1.0,10.825177192687988,False,False,False,False,False
g565_expanded_solver_panel_static_flow_supplement,g565_expanded_solver_panel,g559-synth-string-40,64,7416,500,g559_b500_i4,heldout,other,g565_real_graph_000844,7e9f7e18fcd118e1f585dbf172534008c63a1b2df172b229087c81e90efd64f1,2066436679527d36040beb38ed7e28da67cc19146cc4f507f7c70d26edda248a,g562_g565_expanded_solver_panel_b2_s565_4ab71335b8ef,g565_B2_phase5p5_repair5g565_scaling_b2_fold0_all_seed565,B2,565,artifacts/models/gcst/phase5p5_repair5g565_scaling_b2_fold0_all_seed565.pt,True,True,False,False,1.81402597403,1.62493506494,0.18909090908999993,-0.11636828644409986,0.9836374315408117,5.481143,334.9806,94,83,5895,5214,True,True,True,True,True,True,True,True,True,1.2448914051055908,1.169713020324707,1.259981632232666,0.739479124546051,0.7492467164993286,1.0187032222747803,0.7024657130241394,0.981072723865509,1.0,0.6810890436172485,0.6505330204963684,0.3386201858520508,0.9007475972175598,1.0,10.826581001281738,False,False,False,False,False
g565_expanded_solver_panel_static_flow_supplement,g565_expanded_solver_panel,g559-synth-string-40,64,7656,500,g559_b500_i4,heldout,other,g565_real_graph_000011,01a44187b4330448341164e90ac0c38b422edb1281683c997b137fdcb143042c,bf7ac848a8d40f7dcca563fa410d16822a45a700864c908852d3b0e73b3a78cb,g562_g565_expanded_solver_panel_b2_s565_861b27c14cd5,g565_B2_phase5p5_repair5g565_scaling_b2_fold3_all_seed565,B2,565,artifacts/models/gcst/phase5p5_repair5g565_scaling_b2_fold3_all_seed565.pt,True,True,False,False,2.27626666667,2.09013333333,0.18613333334000037,-0.08905332993443667,0.9842353766837899,5.777416,366.4798,99,90,6223,5644,True,True,True,True,True,True,True,True,True,1.240860104560852,1.1590015888214111,1.2585785388946533,0.7500723600387573,0.7488633990287781,1.02496337890625,0.7069796323776245,0.9808521866798401,1.0,0.6800585985183716,0.6523997783660889,0.34510675072669983,0.8991939425468445,1.0,10.807656288146973,False,False,False,False,False
g565_expanded_solver_panel_static_flow_supplement,g565_expanded_solver_panel,g559-synth-game-den-32,128,7778,2000,g559_b2000_i3,validation,other,g565_real_graph_000265,2970332830170acca9826847e0797ad700c29f9e19e0433293eb565e3b119e20,9c0a3fb9a217431a95e179fea9f72367cca9fa27582afbb28f0cfbb3775f9765,g562_g565_expanded_solver_panel_e0_s565_0a62e81867b2,g565_E0_phase5p5_repair5g565_expanded_e0_seed565,E0,565,artifacts/models/gcst/phase5p5_repair5g565_expanded_e0_seed565.pt,True,True,False,False,1.44644773557,1.2609421365,0.18550559907000008,-0.1471166627716228,0.9825286155469602,18.636296,1066.6754,107,118,18571,23295,True,True,True,True,True,True,True,True,True,1.2370978593826294,1.1610029935836792,1.2828824520111084,0.7406497001647949,0.7586612701416016,1.0488988161087036,0.6929568648338318,0.9807548522949219,1.0,0.6694547533988953,0.6453952193260193,0.35676339268684387,0.8936691284179688,1.0,10.823406219482422,False,False,False,False,False
g565_expanded_solver_panel_static_flow_supplement,g565_expanded_solver_panel,g559-synth-game-den-32,128,7778,2000,g559_b2000_i3,validation,other,g565_real_graph_000265,2970332830170acca9826847e0797ad700c29f9e19e0433293eb565e3b119e20,25ba4279ba14af65e53a62ea6488356d5d5230bbfa2ad9b80f2164ac68b759d1,g562_g565_expanded_solver_panel_b1_s565_2007c1882930,g565_B1_phase5p5_repair5g565_scaling_b1_fold3_all_seed565,B1,565,artifacts/models/gcst/phase5p5_repair5g565_scaling_b1_fold3_all_seed565.pt,True,True,False,False,1.44322816055,1.2609421365,0.18228602404999994,-0.1445633536809006,0.9836382295869952,17.452698,1066.6754,92,118,11641,23295,True,True,True,True,True,True,True,True,True,1.242787480354309,1.1655681133270264,1.2748825550079346,0.7497100830078125,0.7532985210418701,1.025909185409546,0.7064592838287354,0.9808717966079712,1.0,0.6789582967758179,0.6534641981124878,0.3446955978870392,0.898270308971405,0.9992702007293701,10.821928977966309,False,False,False,False,False
g565_expanded_solver_panel_static_flow_supplement,g565_expanded_solver_panel,maze-32-32-2,128,10406,2000,g559_b2000_i3,validation,maze,g565_real_graph_000489,4ad69153873910829f38ca3526d7709d1a8a64dace934119e13cbaa9d0fddac3,8432422b45d66d7cf7d7df0313d916d8834ce8205a97eb9dbedcf88f357bde82,g562_g565_expanded_solver_panel_b1_s565_ac22203e859b,g565_B1_phase5p5_repair5g565_scaling_b1_fold2_all_seed565,B1,565,artifacts/models/gcst/phase5p5_repair5g565_scaling_b1_fold2_all_seed565.pt,True,True,False,False,1.69324500177,1.51165266769,0.18159233408000008,-0.12012834559244126,0.9840871714342533,18.139961,1139.9583,266,170,36701,22247,True,True,True,True,True,True,True,True,True,1.2480440139770508,1.156984567642212,1.2668358087539673,0.7500779032707214,0.7517090439796448,1.0155653953552246,0.7070396542549133,0.9809726476669312,1.0,0.6840704679489136,0.6509780883789062,0.341921865940094,0.8938339352607727,1.0,10.826569557189941,False,False,False,False,False
g565_expanded_solver_panel_static_flow_supplement,g565_expanded_solver_panel,g559-synth-game-den-32,128,7778,2000,g559_b2000_i3,validation,other,g565_real_graph_000265,2970332830170acca9826847e0797ad700c29f9e19e0433293eb565e3b119e20,f5b15c586406f92ada6a8d7507590e278d13bce692449f2f81f36c5d7eda5db0,g562_g565_expanded_solver_panel_b2_s565_3de892ce0b52,g565_B2_phase5p5_repair5g565_scaling_b2_fold0_all_seed565,B2,565,artifacts/models/gcst/phase5p5_repair5g565_scaling_b2_fold0_all_seed565.pt,True,True,False,False,1.44022322387,1.2609421365,0.17928108736999993,-0.14218026520045626,0.9840785987939724,16.982967,1066.6754,75,118,9463,23295,True,True,True,True,True,True,True,True,True,1.2435616254806519,1.1715307235717773,1.2614978551864624,0.7394441962242126,0.750309944152832,1.0172593593597412,0.7011129260063171,0.980854868888855,1.0,0.6824814081192017,0.6507813334465027,0.3402646481990814,0.8972494006156921,1.0,10.826824188232422,False,False,False,False,False
g565_expanded_solver_panel_static_flow_supplement,g565_expanded_solver_panel,empty-16-16,96,10081,1000,g559_b1000_i2,validation,other,g565_real_graph_000603,5b628b081747b1443fc12ed8dd276c0a31a54e5fb83ec2258374289f34e75087,2627e58237ce9d2f01e2d60ed062a779c1c5be05fd2e8633120956e52705031a,g562_g565_expanded_solver_panel_b2_s565_5d9fee381853,g565_B2_phase5p5_repair5g565_scaling_b2_fold0_all_seed565,B2,565,artifacts/models/gcst/phase5p5_repair5g565_scaling_b2_fold0_all_seed565.pt,True,True,False,False,1.97904624277,1.80563583815,0.17341040462,-0.09603841536379289,0.9841200142194103,4.770894,300.4344,43,40,4025,3743,True,True,True,True,True,True,True,True,True,1.2447983026504517,1.1695988178253174,1.2600667476654053,0.7401814460754395,0.7496448159217834,1.0190762281417847,0.7014719247817993,0.980895459651947,1.0,0.6819590330123901,0.6507499814033508,0.33884963393211365,0.894852340221405,1.0,10.82331657409668,False,False,False,False,False
g565_expanded_solver_panel_static_flow_supplement,g565_expanded_solver_panel,g559-synth-string-40,64,9936,500,g559_b500_i4,heldout,other,g565_real_graph_000526,4fe96f574b7630415a84a99638ea491930bf2f6c756b507af26aa57fa83fcf3c,206c53a216daf2d4858b3f4f589e37e4b0ab743d75905926e960bde647236988,g562_g565_expanded_solver_panel_b1_s565_72533525d964,g565_B1_phase5p5_repair5g565_scaling_b1_fold1_all_seed565,B1,565,artifacts/models/gcst/phase5p5_repair5g565_scaling_b1_fold1_all_seed565.pt,True,True,False,False,2.3634464752,2.19373368146,0.16971279374000003,-0.07736253273325809,0.9831872663761401,6.275795,373.2763,137,97,9896,6077,True,True,True,True,True,True,True,True,True,1.2492616176605225,1.1622165441513062,1.2568947076797485,0.744052529335022,0.7502079010009766,1.0271269083023071,0.7057000398635864,0.98094242811203,0.9998460412025452,0.683508574962616,0.6498144865036011,0.3407077491283417,0.8883487582206726,1.0,10.820582389831543,False,False,False,False,False
g565_expanded_solver_panel_static_flow_supplement,g565_expanded_solver_panel,empty-16-16,96,10081,1000,g559_b1000_i2,validation,other,g565_real_graph_000603,5b628b081747b1443fc12ed8dd276c0a31a54e5fb83ec2258374289f34e75087,7ebad0aecf6d2ffe05e326eb4354348e1e93d1fb6416387cbabc4267f89c4856,g562_g565_expanded_solver_panel_b1_s565_a24a1484ac4b,g565_B1_phase5p5_repair5g565_scaling_b1_fold0_all_seed565,B1,565,artifacts/models/gcst/phase5p5_repair5g565_scaling_b1_fold0_all_seed565.pt,True,True,False,False,1.97326589595,1.80563583815,0.16763005780000007,-0.09283713485203571,0.9826248159331954,5.220103,300.4344,49,40,5544,3743,True,True,True,True,True,True,True,True,True,1.2419184446334839,1.1677271127700806,1.2625313997268677,0.7413292527198792,0.7506269812583923,1.0173929929733276,0.7031049728393555,0.9809489846229553,1.0,0.6816073656082153,0.6515212059020996,0.3412015736103058,0.8979146480560303,1.0,10.828396797180176,False,False,False,False,False
g565_expanded_solver_panel_static_flow_supplement,g565_expanded_solver_panel,g559-synth-string-40,64,7656,500,g559_b500_i4,heldout,other,g565_real_graph_000011,01a44187b4330448341164e90ac0c38b422edb1281683c997b137fdcb143042c,174803f55dbeee2af32289461db44976715d631d2c20aee0280724f7fc34b64a,g562_g565_expanded_solver_panel_b1_s565_bd92092e12d0,g565_B1_phase5p5_repair5g565_scaling_b1_fold0_all_seed565,B1,565,artifacts/models/gcst/phase5p5_repair5g565_scaling_b1_fold0_all_seed565.pt,True,True,False,False,2.25653333333,2.09013333333,0.16640000000000033,-0.07961214595572805,0.9842959639248876,5.755212,366.4798,90,90,5649,5644,True,True,True,True,True,True,True,True,True,1.2419184446334839,1.1677271127700806,1.2625313997268677,0.7413292527198792,0.7506269812583923,1.0173929929733276,0.7031049728393555,0.9809489846229553,1.0,0.6816073656082153,0.6515212059020996,0.3412015736103058,0.8979146480560303,1.0,10.828396797180176,False,False,False,False,False
g565_expanded_solver_panel_static_flow_supplement,g565_expanded_solver_panel,g559-synth-game-den-32,128,7778,2000,g559_b2000_i3,validation,other,g565_real_graph_000265,2970332830170acca9826847e0797ad700c29f9e19e0433293eb565e3b119e20,7e1bbe802898c483d5020dbec1f1b2b7d93df0d4e5285112a6a6cf87dceff801,g562_g565_expanded_solver_panel_e2_s565_1b77cb1f708d,g565_E2_phase5p5_repair5g565_expanded_e2_seed565,E2,565,artifacts/models/gcst/phase5p5_repair5g565_expanded_e2_seed565.pt,True,True,False,False,1.42433998712,1.2609421365,0.16339785062,-0.1295839403650542,0.9837624801321938,17.320163,1066.6754,81,118,11497,23295,True,True,True,True,True,True,True,True,True,1.2430261373519897,1.1651332378387451,1.261550784111023,0.7375831604003906,0.7649229764938354,1.0402263402938843,0.6941984295845032,0.9810701012611389,1.0,0.6797606945037842,0.6461853981018066,0.3427145481109619,0.9031810760498047,1.0,10.814128875732422,False,False,False,False,False
g565_expanded_solver_panel_static_flow_supplement,g565_expanded_solver_panel,g559-synth-game-den-32,128,7778,2000,g559_b2000_i3,validation,other,g565_real_graph_000265,2970332830170acca9826847e0797ad700c29f9e19e0433293eb565e3b119e20,93ae67d8189905eab4796142340beb6499ce9e3d57b5e64413ecc5a236d58923,g562_g565_expanded_solver_panel_b1_s565_51204c107579,g565_B1_phase5p5_repair5g565_scaling_b1_fold2_all_seed565,B1,565,artifacts/models/gcst/phase5p5_repair5g565_scaling_b1_fold2_all_seed565.pt,True,True,False,False,1.42433998712,1.2609421365,0.16339785062,-0.1295839403650542,0.9834077180368085,17.698579,1066.6754,88,118,12266,23295,True,True,True,True,True,True,True,True,True,1.2480440139770508,1.156984567642212,1.2668358087539673,0.7500779032707214,0.7517090439796448,1.0155653953552246,0.7070396542549133,0.9809726476669312,1.0,0.6840704679489136,0.6509780883789062,0.341921865940094,0.8938339352607727,1.0,10.826569557189941,False,False,False,False,False
g565_expanded_solver_panel_static_flow_supplement,g565_expanded_solver_panel,g559-synth-game-den-32,128,7778,2000,g559_b2000_i3,validation,other,g565_real_graph_000265,2970332830170acca9826847e0797ad700c29f9e19e0433293eb565e3b119e20,4442f4b59e483bddc145b871de0b94d56660e0bf4734392a70616f1ebf132ca2,g562_g565_expanded_solver_panel_b1_s565_db6db5430df1,g565_B1_phase5p5_repair5g565_scaling_b1_fold0_all_seed565,B1,565,artifacts/models/gcst/phase5p5_repair5g565_scaling_b1_fold0_all_seed565.pt,True,True,False,False,1.42369607212,1.2609421365,0.16275393562000007,-0.12907327855008205,0.9840654589015553,16.996983,1066.6754,79,118,11780,23295,True,True,True,True,True,True,True,True,True,1.2419184446334839,1.1677271127700806,1.2625313997268677,0.7413292527198792,0.7506269812583923,1.0173929929733276,0.7031049728393555,0.9809489846229553,1.0,0.6816073656082153,0.6515212059020996,0.3412015736103058,0.8979146480560303,1.0,10.828396797180176,False,False,False,False,False
g565_expanded_solver_panel_static_flow_supplement,g565_expanded_solver_panel,g559-synth-string-40,64,8976,500,g559_b500_i4,heldout,other,g565_real_graph_000302,2e64c50dc1624398d097a0cf1f54647c78116a1b5eb94cbba2ff5d5c1668dd97,86168c7a57dbf7deaa50e6438a2ff7b6bda392da1f4907a63fd61cda289b696c,g562_g565_expanded_solver_panel_b2_s565_379082490489,g565_B2_phase5p5_repair5g565_scaling_b2_fold3_all_seed565,B2,565,artifacts/models/gcst/phase5p5_repair5g565_scaling_b2_fold3_all_seed565.pt,True,True,False,False,1.680907173,1.51898734177,0.1619198312300001,-0.10659722222656774,0.9820177255457619,5.177924,287.946,77,66,4810,4127,True,True,True,True,True,True,True,True,True,1.240860104560852,1.1590015888214111,1.2585785388946533,0.7500723600387573,0.7488633990287781,1.02496337890625,0.7069796323776245,0.9808521866798401,1.0,0.6800585985183716,0.6523997783660889,0.34510675072669983,0.8991939425468445,1.0,10.807656288146973,False,False,False,False,False
g565_expanded_solver_panel_static_flow_supplement,g565_expanded_solver_panel,empty-16-16,96,10081,1000,g559_b1000_i2,validation,other,g565_real_graph_000603,5b628b081747b1443fc12ed8dd276c0a31a54e5fb83ec2258374289f34e75087,6676ca2de966c43b2a3c91b9870608e0c298f1eaef096626898fe9552f4eeff1,g562_g565_expanded_solver_panel_b2_s565_227ce8965dbf,g565_B2_phase5p5_repair5g565_scaling_b2_fold3_all_seed565,B2,565,artifacts/models/gcst/phase5p5_repair5g565_scaling_b2_fold3_all_seed565.pt,True,True,False,False,1.96748554913,1.80563583815,0.16184971098000012,-0.08963585434027851,0.9834689869069588,4.966485,300.4344,48,40,4797,3743,True,True,True,True,True,True,True,True,True,1.2418758869171143,1.158713936805725,1.259876012802124,0.7517184615135193,0.7487475872039795,1.0215057134628296,0.7047885060310364,0.9805968999862671,1.0,0.6829137206077576,0.6545459628105164,0.3451077938079834,0.8879307508468628,0.998008131980896,10.805275917053223,False,False,False,False,False
g565_expanded_solver_panel_static_flow_supplement,g565_expanded_solver_panel,g559-synth-string-40,64,7416,500,g559_b500_i4,heldout,other,g565_real_graph_000844,7e9f7e18fcd118e1f585dbf172534008c63a1b2df172b229087c81e90efd64f1,15a69458044ac7c3d88e3aaf753bbb4f50a1b50ffcf94f25fa1e9fc2cc3c0cb9,g562_g565_expanded_solver_panel_b1_s565_cc217306524e,g565_B1_phase5p5_repair5g565_scaling_b1_fold3_all_seed565,B1,565,artifacts/models/gcst/phase5p5_repair5g565_scaling_b1_fold3_all_seed565.pt,True,True,False,False,1.78545454545,1.62493506494,0.16051948050999987,-0.0987851662342747,0.9840963058756239,5.327429,334.9806,88,83,5510,5214,True,True,True,True,True,True,True,True,True,1.242787480354309,1.1655681133270264,1.2748825550079346,0.7497100830078125,0.7532985210418701,1.025909185409546,0.7064592838287354,0.9808717966079712,1.0,0.6789582967758179,0.6534641981124878,0.3446955978870392,0.898270308971405,0.9992702007293701,10.821928977966309,False,False,False,False,False
g565_expanded_solver_panel_static_flow_supplement,g565_expanded_solver_panel,empty-16-16,96,7201,1000,g559_b1000_i2,validation,other,g565_real_graph_000717,6e8eddf47d3d1e9f76816b9e3a1db0984ce042fe69d036eb9cda2f17ae07e12d,3344a8a7ca178105aaf6cc5f8bcca078f81c1fde73c64f0e7b83a17023f6e9ad,g562_g565_expanded_solver_panel_b2_s565_1eca14cf8500,g565_B2_phase5p5_repair5g565_scaling_b2_fold3_all_seed565,B2,565,artifacts/models/gcst/phase5p5_repair5g565_scaling_b2_fold3_all_seed565.pt,True,True,False,False,2.32426778243,2.1659693166,0.15829846583000018,-0.07308435286538914,0.9843402772990039,5.564897,355.3637,67,49,7233,4602,True,True,True,True,True,True,True,True,True,1.2418758869171143,1.158713936805725,1.259876012802124,0.7517184615135193,0.7487475872039795,1.0215057134628296,0.7047885060310364,0.9805968999862671,1.0,0.6829137206077576,0.6545459628105164,0.3451077938079834,0.8879307508468628,0.998008131980896,10.805275917053223,False,False,False,False,False
g565_expanded_solver_panel_static_flow_supplement,g565_expanded_solver_panel,empty-16-16,96,10081,1000,g559_b1000_i2,validation,other,g565_real_graph_000603,5b628b081747b1443fc12ed8dd276c0a31a54e5fb83ec2258374289f34e75087,28af6a4ae0bca5d5853a5541f7ead94275040663335e1bb4cc6704dbab1cdb59,g562_g565_expanded_solver_panel_b1_s565_86eceaa430b5,g565_B1_phase5p5_repair5g565_scaling_b1_fold2_all_seed565,B1,565,artifacts/models/gcst/phase5p5_repair5g565_scaling_b1_fold2_all_seed565.pt,True,True,False,False,1.96170520231,1.80563583815,0.15606936415999995,-0.08643457382852121,0.983938999661823,4.825277,300.4344,44,40,4127,3743,True,True,True,True,True,True,True,True,True,1.2480440139770508,1.156984567642212,1.2668358087539673,0.7500779032707214,0.7517090439796448,1.0155653953552246,0.7070396542549133,0.9809726476669312,1.0,0.6840704679489136,0.6509780883789062,0.341921865940094,0.8938339352607727,1.0,10.826569557189941,False,False,False,False,False
g565_expanded_solver_panel_static_flow_supplement,g565_expanded_solver_panel,g559-synth-string-40,64,7656,500,g559_b500_i4,heldout,other,g565_real_graph_000011,01a44187b4330448341164e90ac0c38b422edb1281683c997b137fdcb143042c,d8be805d6eb5762eed2da99efbbc83757d9b137568776cf7b34bb27170a4c8c7,g562_g565_expanded_solver_panel_b1_s565_bc372cab1148,g565_B1_phase5p5_repair5g565_scaling_b1_fold1_all_seed565,B1,565,artifacts/models/gcst/phase5p5_repair5g565_scaling_b1_fold1_all_seed565.pt,True,True,False,False,2.2448,2.09013333333,0.15466666667000029,-0.07399846899890611,0.9848253191581091,5.561214,366.4798,93,90,5836,5644,True,True,True,True,True,True,True,True,True,1.2492616176605225,1.1622165441513062,1.2568947076797485,0.744052529335022,0.7502079010009766,1.0271269083023071,0.7057000398635864,0.98094242811203,0.9998460412025452,0.683508574962616,0.6498144865036011,0.3407077491283417,0.8883487582206726,1.0,10.820582389831543,False,False,False,False,False
g565_expanded_solver_panel_static_flow_supplement,g565_expanded_solver_panel,empty-16-16,96,9841,1000,g559_b1000_i2,validation,other,g565_real_graph_000624,5e88b4041cb6551ff22945863a22d6fcfb50a44ea726ca07bf06724fa4d74025,54f5ca9c8f7d6492dfb98f963533296b78e04816a52f834771d765f83645225c,g562_g565_expanded_solver_panel_b1_s565_daf2875ab7c3,g565_B1_phase5p5_repair5g565_scaling_b1_fold3_all_seed565,B1,565,artifacts/models/gcst/phase5p5_repair5g565_scaling_b1_fold3_all_seed565.pt,True,True,False,False,2.02203647416,1.87006079027,0.15197568389000016,-0.08126777732613594,0.9858904147044156,4.747534,336.4758,45,37,4223,3456,True,True,True,True,True,True,True,True,True,1.242787480354309,1.1655681133270264,1.2748825550079346,0.7497100830078125,0.7532985210418701,1.025909185409546,0.7064592838287354,0.9808717966079712,1.0,0.6789582967758179,0.6534641981124878,0.3446955978870392,0.898270308971405,0.9992702007293701,10.821928977966309,False,False,False,False,False
g565_expanded_solver_panel_static_flow_supplement,g565_expanded_solver_panel,empty-16-16,96,11041,1000,g559_b1000_i2,validation,other,g565_real_graph_000759,7481be412e1fa5384e5b8a82bd8fa0749ee0169e156a029508d2baeb1d12a905,b994cf092c824cebd3e7116bfea946013e1d015e58df29533564aabc2e7ebd1e,g562_g565_expanded_solver_panel_b2_s565_45946ddf899d,g565_B2_phase5p5_repair5g565_scaling_b2_fold3_all_seed565,B2,565,artifacts/models/gcst/phase5p5_repair5g565_scaling_b2_fold3_all_seed565.pt,True,True,False,False,1.97212543554,1.82229965157,0.1498257839699999,-0.0822179732300984,0.9844048327614405,4.863041,311.83,45,37,4223,3456,True,True,True,True,True,True,True,True,True,1.2418758869171143,1.158713936805725,1.259876012802124,0.7517184615135193,0.7487475872039795,1.0215057134628296,0.7047885060310364,0.9805968999862671,1.0,0.6829137206077576,0.6545459628105164,0.3451077938079834,0.8879307508468628,0.998008131980896,10.805275917053223,False,False,False,False,False
g565_expanded_solver_panel_static_flow_supplement,g565_expanded_solver_panel,g559-synth-string-40,64,11616,500,g559_b500_i4,heldout,other,g565_real_graph_000577,58f59fe769776bf17d7c34d1cd8d6044232a619e51f0fcd2bc98a08d74737890,6f6f89f0f50f48135fec18b8a300344018f91e96fdc72836727bf6ece9e433e1,g562_g565_expanded_solver_panel_b2_s565_911a6ebbc6db,g565_B2_phase5p5_repair5g565_scaling_b2_fold0_all_seed565,B2,565,artifacts/models/gcst/phase5p5_repair5g565_scaling_b2_fold0_all_seed565.pt,True,True,False,False,1.75568181818,1.60588842975,0.14979338843,-0.09327758121609943,0.9848474805945493,5.286861,348.9097,99,68,6226,4263,True,True,True,True,True,True,True,True,True,1.2448914051055908,1.169713020324707,1.259981632232666,0.739479124546051,0.7492467164993286,1.0187032222747803,0.7024657130241394,0.981072723865509,1.0,0.6810890436172485,0.6505330204963684,0.3386201858520508,0.9007475972175598,1.0,10.826581001281738,False,False,False,False,False
g565_expanded_solver_panel_static_flow_supplement,g565_expanded_solver_panel,empty-16-16,96,11041,1000,g559_b1000_i2,validation,other,g565_real_graph_000759,7481be412e1fa5384e5b8a82bd8fa0749ee0169e156a029508d2baeb1d12a905,550bed84cc06754884a050f6f9892cf030120234a5bb1b0402e7d5d220138f59,g562_g565_expanded_solver_panel_e1_s565_1fb84d56892e,g565_E1_phase5p5_repair5g565_expanded_e1_seed565,E1,565,artifacts/models/gcst/phase5p5_repair5g565_expanded_e1_seed565.pt,True,True,False,False,1.97142857143,1.82229965157,0.14912891985999988,-0.08183556405310073,0.984165012987846,4.937824,311.83,49,37,5321,3456,True,True,True,True,True,True,True,True,True,1.2441059350967407,1.1703217029571533,1.2558410167694092,0.7414908409118652,0.7650266885757446,1.0342003107070923,0.6892460584640503,0.9810740351676941,1.0,0.6812644600868225,0.6515727639198303,0.339724600315094,0.8909985423088074,1.0,10.811868667602539,False,False,False,False,False
g565_expanded_solver_panel_static_flow_supplement,g565_expanded_solver_panel,g559-synth-string-40,64,10296,500,g559_b500_i4,heldout,other,g565_real_graph_000145,1633dfafb8c7c8f6b1ee5bef1d0c5fabbec01e937297397d5265a3c19f926885,93a1fe7e34d7101b9bbe43dcadcec6a6eaf82690862765026e05693d36d9321b,g562_g565_expanded_solver_panel_b2_s565_5083751af0e4,g565_B2_phase5p5_repair5g565_scaling_b2_fold2_all_seed565,B2,565,artifacts/models/gcst/phase5p5_repair5g565_scaling_b2_fold2_all_seed565.pt,True,True,False,False,1.73428420497,1.5853143159,0.14896988906999997,-0.09396867711084042,0.9835270839170182,4.944779,300.1763,63,63,3933,3941,True,True,True,True,True,True,True,True,True,1.2486580610275269,1.1551759243011475,1.2774238586425781,0.7477841377258301,0.7561885118484497,1.0186104774475098,0.7083351016044617,0.9808790683746338,1.0,0.6828423738479614,0.651971697807312,0.33986401557922363,0.9012189507484436,1.0,10.81179428100586,False,False,False,False,False
g565_expanded_solver_panel_static_flow_supplement,g565_expanded_solver_panel,g559-synth-string-40,64,10296,500,g559_b500_i4,heldout,other,g565_real_graph_000145,1633dfafb8c7c8f6b1ee5bef1d0c5fabbec01e937297397d5265a3c19f926885,1836217ace07af2b90c69e6c4eabefdad6462d4748baf8ce9d63a8917eccdd68,g562_g565_expanded_solver_panel_b2_s565_16a17717504a,g565_B2_phase5p5_repair5g565_scaling_b2_fold0_all_seed565,B2,565,artifacts/models/gcst/phase5p5_repair5g565_scaling_b2_fold0_all_seed565.pt,True,True,False,False,1.73375594295,1.5853143159,0.14844162704999997,-0.09363545485030712,0.982957525294302,5.115747,300.1763,71,63,4887,3941,True,True,True,True,True,True,True,True,True,1.2448914051055908,1.169713020324707,1.259981632232666,0.739479124546051,0.7492467164993286,1.0187032222747803,0.7024657130241394,0.981072723865509,1.0,0.6810890436172485,0.6505330204963684,0.3386201858520508,0.9007475972175598,1.0,10.826581001281738,False,False,False,False,False
g565_expanded_solver_panel_static_flow_supplement,g565_expanded_solver_panel,g559-synth-string-40,64,9216,500,g559_b500_i4,heldout,other,g565_real_graph_000419,41cb4789283a6f047398f9c1eac538d5b37b5f1645989a2c3d5ba9560b47a391,86439233673bb06da3ced88f529a2a5c7e61cc31e86c9ba45fcb6e95404c7e4d,g562_g565_expanded_solver_panel_e2_s565_77e7ce6a13dc,g565_E2_phase5p5_repair5g565_expanded_e2_seed565,E2,565,artifacts/models/gcst/phase5p5_repair5g565_expanded_e2_seed565.pt,True,True,False,False,1.78853235139,1.64124145187,0.14729089951999996,-0.08974358973944964,0.9788483063300842,6.776605,320.3812,121,67,15430,4192,True,True,True,True,True,True,True,True,True,1.2454071044921875,1.166966199874878,1.2600120306015015,0.7343923449516296,0.7643745541572571,1.0369762182235718,0.6961767077445984,0.9810431003570557,1.0,0.6789242625236511,0.64251309633255,0.34370821714401245,0.9144943356513977,1.0,10.818948745727539,False,False,False,False,False
g565_expanded_solver_panel_static_flow_supplement,g565_expanded_solver_panel,empty-16-16,96,11041,1000,g559_b1000_i2,validation,other,g565_real_graph_000759,7481be412e1fa5384e5b8a82bd8fa0749ee0169e156a029508d2baeb1d12a905,ea006343a6f18aaa9253cd0472c84960c08df73785ee48444f11a3b8345558ea,g562_g565_expanded_solver_panel_b1_s565_0890f46e75cc,g565_B1_phase5p5_repair5g565_scaling_b1_fold1_all_seed565,B1,565,artifacts/models/gcst/phase5p5_repair5g565_scaling_b1_fold1_all_seed565.pt,True,True,False,False,1.96933797909,1.82229965157,0.14703832752,-0.08068833651662026,0.9846961357149729,4.772204,311.83,45,37,4224,3456,True,True,True,True,True,True,True,True,True,1.2492616176605225,1.1622165441513062,1.2568947076797485,0.744052529335022,0.7502079010009766,1.0271269083023071,0.7057000398635864,0.98094242811203,0.9998460412025452,0.683508574962616,0.6498144865036011,0.3407077491283417,0.8883487582206726,1.0,10.820582389831543,False,False,False,False,False
g565_expanded_solver_panel_static_flow_supplement,g565_expanded_solver_panel,g565-synth-checker-a-40,128,9554,2000,g559_b2000_i3,validation,other,g565_real_graph_000431,43e600f7155aaeca33b55f271faf3d20714ee74a6d0061248018f3786dd3335e,24b104a9ba5d310bf81f3709243532cb53332898cd314ac8c3be9e90d4ff889a,g562_g565_expanded_solver_panel_b2_s565_16e0822500ee,g565_B2_phase5p5_repair5g565_scaling_b2_fold3_all_seed565,B2,565,artifacts/models/gcst/phase5p5_repair5g565_scaling_b2_fold3_all_seed565.pt,True,True,False,False,1.47872340426,1.33274231678,0.14598108747999983,-0.10953436807851985,0.9789589056019793,26.575504,1263.0286,69,57,8703,7167,True,True,True,True,True,True,True,True,True,1.2414817810058594,1.1615246534347534,1.261405348777771,0.7507709860801697,0.7494720816612244,1.021997094154358,0.7031163573265076,0.9805025458335876,1.0,0.6826686263084412,0.6546787023544312,0.3454987704753876,0.8901146650314331,0.9950419664382935,10.80972957611084,False,False,False,False,False
g565_expanded_solver_panel_static_flow_supplement,g565_expanded_solver_panel,empty-16-16,32,7241,1000,g559_b1000_i3,validation,other,g565_real_graph_000301,2e6016cfe81e7da4e8485c646d79a7e28a3b430fb263bbcd6a0559c1d8744f08,739c9b07501c7fec980593a02f0f2e1a63da623c257ad54f75aa4cab67e6323f,g562_g565_expanded_solver_panel_b1_s565_f181656db969,g565_B1_phase5p5_repair5g565_scaling_b1_fold1_all_seed565,B1,565,artifacts/models/gcst/phase5p5_repair5g565_scaling_b1_fold1_all_seed565.pt,True,True,False,False,1.31225296443,1.16996047431,0.14229249012,-0.12162162162266116,0.9823036824621675,1.558205,88.0525,38,27,1306,832,True,True,True,True,True,True,True,True,True,1.2492616176605225,1.1622165441513062,1.2568947076797485,0.744052529335022,0.7502079010009766,1.0271269083023071,0.7057000398635864,0.98094242811203,0.9998460412025452,0.683508574962616,0.6498144865036011,0.3407077491283417,0.8883487582206726,1.0,10.820582389831543,False,False,False,False,False
g565_expanded_solver_panel_static_flow_supplement,g565_expanded_solver_panel,empty-16-16,32,7241,1000,g559_b1000_i3,validation,other,g565_real_graph_000301,2e6016cfe81e7da4e8485c646d79a7e28a3b430fb263bbcd6a0559c1d8744f08,6ab2844f3ca41edfceaddcdee5e22513a4d586d01b54a3b465f8a59de3934e08,g562_g565_expanded_solver_panel_b2_s565_e03b837d1453,g565_B2_phase5p5_repair5g565_scaling_b2_fold1_all_seed565,B2,565,artifacts/models/gcst/phase5p5_repair5g565_scaling_b2_fold1_all_seed565.pt,True,True,False,False,1.31225296443,1.16996047431,0.14229249012,-0.12162162162266116,0.9824340932966128,1.546722,88.0525,38,27,1306,832,True,True,True,True,True,True,True,True,True,1.2481669187545776,1.1612114906311035,1.2606289386749268,0.7444611191749573,0.7480197548866272,1.0322763919830322,0.7057835459709167,0.9810490012168884,0.9998270273208618,0.6852455139160156,0.6494545936584473,0.33993470668792725,0.8878476619720459,1.0,10.822810173034668,False,False,False,False,False
g565_expanded_solver_panel_static_flow_supplement,g565_expanded_solver_panel,g559-synth-string-40,16,7216,500,g559_b500_i2,heldout,other,g565_real_graph_000584,5962c1322ec2cd3b42955b965d9a9b96482ee2aa6d0d1852e52ed5ef26f5b0fe,0878d7bbd37c1bd2f422685f94c8f2617aafac4e955256a022b469daace12140,g562_g565_expanded_solver_panel_e0_s565_9f4556ede0c0,g565_E0_phase5p5_repair5g565_expanded_e0_seed565,E0,565,artifacts/models/gcst/phase5p5_repair5g565_expanded_e0_seed565.pt,True,True,False,False,1.24836601307,1.10893246187,0.1394335512,-0.12573673870532412,0.9856488479737268,1.504968,104.8674,74,42,1761,654,True,True,True,True,True,True,True,True,True,1.2542133331298828,1.1708834171295166,1.259412407875061,0.7279257774353027,0.7564859986305237,1.0257436037063599,0.7107990980148315,0.9812009930610657,1.0,0.6790654063224792,0.6369923949241638,0.3457687497138977,0.9238819479942322,1.0,10.849254608154297,False,False,False,False,False
g565_expanded_solver_panel_static_flow_supplement,g565_expanded_solver_panel,g559-synth-string-40,64,7416,500,g559_b500_i4,heldout,other,g565_real_graph_000844,7e9f7e18fcd118e1f585dbf172534008c63a1b2df172b229087c81e90efd64f1,e1713b88b615f96f9c5f2e9c6704cf6386f06058c0a2961cf32c72b0cf950c9c,g562_g565_expanded_solver_panel_e0_s565_033fb27e2c95,g565_E0_phase5p5_repair5g565_expanded_e0_seed565,E0,565,artifacts/models/gcst/phase5p5_repair5g565_expanded_e0_seed565.pt,True,True,False,False,1.76363636364,1.62493506494,0.13870129870000003,-0.0853580562649262,0.9836448051021461,5.478673,334.9806,97,83,6088,5214,True,True,True,True,True,True,True,True,True,1.2507593631744385,1.1677862405776978,1.258955478668213,0.7353779673576355,0.7645895481109619,1.0284597873687744,0.705116331577301,0.9812852144241333,1.0,0.683739960193634,0.6473468542098999,0.3402823507785797,0.8940057754516602,1.0,10.827292442321777,False,False,False,False,False
g565_expanded_solver_panel_static_flow_supplement,g565_expanded_solver_panel,g559-synth-game-den-32,128,7778,2000,g559_b2000_i3,validation,other,g565_real_graph_000265,2970332830170acca9826847e0797ad700c29f9e19e0433293eb565e3b119e20,3b4ebbaf86d2abcc021f6a096cbb473d9c7804e938609616da1c5332c5a62b5f,g562_g565_expanded_solver_panel_b1_s565_db82ee63729b,g565_B1_phase5p5_repair5g565_scaling_b1_fold1_all_seed565,B1,565,artifacts/models/gcst/phase5p5_repair5g565_scaling_b1_fold1_all_seed565.pt,True,True,False,False,1.39858338699,1.2609421365,0.13764125048999998,-0.10915746766306908,0.9843862340877084,16.65482,1066.6754,75,118,9468,23295,True,True,True,True,True,True,True,True,True,1.2492616176605225,1.1622165441513062,1.2568947076797485,0.744052529335022,0.7502079010009766,1.0271269083023071,0.7057000398635864,0.98094242811203,0.9998460412025452,0.683508574962616,0.6498144865036011,0.3407077491283417,0.8883487582206726,1.0,10.820582389831543,False,False,False,False,False
g565_expanded_solver_panel_static_flow_supplement,g565_expanded_solver_panel,g559-synth-string-40,64,9216,500,g559_b500_i4,heldout,other,g565_real_graph_000419,41cb4789283a6f047398f9c1eac538d5b37b5f1645989a2c3d5ba9560b47a391,3d58d499ea27630e2a28696b70fbf147fee9beb54bcb5d127d8f02adac7e33f5,g562_g565_expanded_solver_panel_b2_s565_d404217e4fe8,g565_B2_phase5p5_repair5g565_scaling_b2_fold3_all_seed565,B2,565,artifacts/models/gcst/phase5p5_repair5g565_scaling_b2_fold3_all_seed565.pt,True,True,False,False,1.77853761178,1.64124145187,0.13729615991,-0.08365384615016108,0.9783191179757115,6.946147,320.3812,127,67,15868,4192,True,True,True,True,True,True,True,True,True,1.240860104560852,1.1590015888214111,1.2585785388946533,0.7500723600387573,0.7488633990287781,1.02496337890625,0.7069796323776245,0.9808521866798401,1.0,0.6800585985183716,0.6523997783660889,0.34510675072669983,0.8991939425468445,1.0,10.807656288146973,False,False,False,False,False
g565_expanded_solver_panel_static_flow_supplement,g565_expanded_solver_panel,g559-synth-string-40,64,10296,500,g559_b500_i4,heldout,other,g565_real_graph_000145,1633dfafb8c7c8f6b1ee5bef1d0c5fabbec01e937297397d5265a3c19f926885,79fda323364d7db6bc04da1436b64533616108f2d087a01a41acd1a76b818f44,g562_g565_expanded_solver_panel_e1_s565_8a9e14f90364,g565_E1_phase5p5_repair5g565_expanded_e1_seed565,E1,565,artifacts/models/gcst/phase5p5_repair5g565_expanded_e1_seed565.pt,True,True,False,False,1.72002113048,1.5853143159,0.1347068145799999,-0.08497167610798076,0.9831548026942832,5.056529,300.1763,72,63,4519,3941,True,True,True,True,True,True,True,True,True,1.2513282299041748,1.1693788766860962,1.2439154386520386,0.7346767783164978,0.775656521320343,1.026306390762329,0.7066900730133057,0.9809879064559937,1.0,0.67942214012146,0.6452516913414001,0.33836421370506287,0.9052532315254211,1.0,10.818811416625977,False,False,False,False,False
g565_expanded_solver_panel_static_flow_supplement,g565_expanded_solver_panel,g559-synth-string-40,64,7656,500,g559_b500_i4,heldout,other,g565_real_graph_000011,01a44187b4330448341164e90ac0c38b422edb1281683c997b137fdcb143042c,22172203bc422d44683598291180580feefb6269e58b6b6f6c3aa1d69cc5d169,g562_g565_expanded_solver_panel_e2_s565_a689c394d231,g565_E2_phase5p5_repair5g565_expanded_e2_seed565,E2,565,artifacts/models/gcst/phase5p5_repair5g565_expanded_e2_seed565.pt,True,True,False,False,2.22346666667,2.09013333333,0.13333333333999997,-0.06379178362156128,0.9597989193401655,14.732884,366.4798,426,90,44434,5644,True,True,True,True,True,True,True,True,True,1.2454066276550293,1.1669687032699585,1.2600200176239014,0.7343887686729431,0.7643769383430481,1.0369770526885986,0.6961794495582581,0.9810433387756348,1.0,0.6789239048957825,0.642511248588562,0.3437107503414154,0.914508581161499,1.0,10.818955421447754,False,False,False,False,False
g565_expanded_solver_panel_static_flow_supplement,g565_expanded_solver_panel,empty-16-16,96,10801,1000,g559_b1000_i2,validation,other,g565_real_graph_000951,8e399685fee2b7ab158f9f0f44f6cffb11fe86423d723d61e9a841ff6dacdc36,ed36c8b0d848c4cd7ee55bd32d5ce98c4de33600a2dfbdcdf14c3525a502bd9d,g562_g565_expanded_solver_panel_b2_s565_3d2d42ced4a6,g565_B2_phase5p5_repair5g565_scaling_b2_fold0_all_seed565,B2,565,artifacts/models/gcst/phase5p5_repair5g565_scaling_b2_fold0_all_seed565.pt,True,True,False,False,2.03025936599,1.8969740634,0.13328530259000004,-0.07026205848650827,0.9846550208713739,4.802802,312.9885,45,35,4221,3263,True,True,True,True,True,True,True,True,True,1.2447983026504517,1.1695988178253174,1.2600667476654053,0.7401814460754395,0.7496448159217834,1.0190762281417847,0.7014719247817993,0.980895459651947,1.0,0.6819590330123901,0.6507499814033508,0.33884963393211365,0.894852340221405,1.0,10.82331657409668,False,False,False,False,False
g565_expanded_solver_panel_static_flow_supplement,g565_expanded_solver_panel,empty-16-16,32,10121,1000,g559_b1000_i3,validation,other,g565_real_graph_000937,8c6b8d0f1e8689493e205125f0b3d42dcb44c1994503d0b4424d20c2a11bf25c,3bbc3644be83bfe1700784ef00d54f465ab28047dd7ae06774737395d42fb239,g562_g565_expanded_solver_panel_b1_s565_9a466976c994,g565_B1_phase5p5_repair5g565_scaling_b1_fold1_all_seed565,B1,565,artifacts/models/gcst/phase5p5_repair5g565_scaling_b1_fold1_all_seed565.pt,True,True,False,False,1.28966789668,1.15682656827,0.13284132840999985,-0.11483253588189984,0.9848969778286528,1.609665,106.579,47,27,1657,832,True,True,True,True,True,True,True,True,True,1.2492616176605225,1.1622165441513062,1.2568947076797485,0.744052529335022,0.7502079010009766,1.0271269083023071,0.7057000398635864,0.98094242811203,0.9998460412025452,0.683508574962616,0.6498144865036011,0.3407077491283417,0.8883487582206726,1.0,10.820582389831543,False,False,False,False,False
g565_expanded_solver_panel_static_flow_supplement,g565_expanded_solver_panel,empty-16-16,32,10121,1000,g559_b1000_i3,validation,other,g565_real_graph_000937,8c6b8d0f1e8689493e205125f0b3d42dcb44c1994503d0b4424d20c2a11bf25c,3a705f859e547e8a75b7da8206a4cf0174454a4b26ba8587eddba350faf811c9,g562_g565_expanded_solver_panel_b2_s565_03954fb42491,g565_B2_phase5p5_repair5g565_scaling_b2_fold1_all_seed565,B2,565,artifacts/models/gcst/phase5p5_repair5g565_scaling_b2_fold1_all_seed565.pt,True,True,False,False,1.28966789668,1.15682656827,0.13284132840999985,-0.11483253588189984,0.9843533998254816,1.667599,106.579,47,27,1657,832,True,True,True,True,True,True,True,True,True,1.2481669187545776,1.1612114906311035,1.2606289386749268,0.7444611191749573,0.7480197548866272,1.0322763919830322,0.7057835459709167,0.9810490012168884,0.9998270273208618,0.6852455139160156,0.6494545936584473,0.33993470668792725,0.8878476619720459,1.0,10.822810173034668,False,False,False,False,False
g565_expanded_solver_panel_static_flow_supplement,g565_expanded_solver_panel,g565-synth-checker-a-40,128,11834,2000,g559_b2000_i3,validation,other,g565_real_graph_000594,5a267044fdd80124143c0f8d27ef4f1e35b2ef0b75d4a996dc9f27b86cf416f9,1652b9b3cc6f4cab990662ead1cdbe122f91c387e46a988e8a43880623591f4a,g562_g565_expanded_solver_panel_b2_s565_7c8c458a34e7,g565_B2_phase5p5_repair5g565_scaling_b2_fold3_all_seed565,B2,565,artifacts/models/gcst/phase5p5_repair5g565_scaling_b2_fold3_all_seed565.pt,True,True,False,False,1.51324828263,1.38056282723,0.1326854554000001,-0.0961096827923608,0.9793135847830187,26.682232,1289.8432,70,63,8828,7936,True,True,True,True,True,True,True,True,True,1.2414817810058594,1.1615246534347534,1.261405348777771,0.7507709860801697,0.7494720816612244,1.021997094154358,0.7031163573265076,0.9805025458335876,1.0,0.6826686263084412,0.6546787023544312,0.3454987704753876,0.8901146650314331,0.9950419664382935,10.80972957611084,False,False,False,False,False
g565_expanded_solver_panel_static_flow_supplement,g565_expanded_solver_panel,g559-synth-string-40,64,10296,500,g559_b500_i4,heldout,other,g565_real_graph_000145,1633dfafb8c7c8f6b1ee5bef1d0c5fabbec01e937297397d5265a3c19f926885,4a297b3f3ccd2e05a26af231eedf3d4d7b8ce3c23fc49f28f159dd9bd5d1376e,g562_g565_expanded_solver_panel_b2_s565_ebd00a5b4487,g565_B2_phase5p5_repair5g565_scaling_b2_fold1_all_seed565,B2,565,artifacts/models/gcst/phase5p5_repair5g565_scaling_b2_fold1_all_seed565.pt,True,True,False,False,1.71685155837,1.5853143159,0.13153724246999987,-0.08297234255108885,0.9828527901769727,5.147186,300.1763,68,63,4260,3941,True,True,True,True,True,True,True,True,True,1.2481741905212402,1.161116123199463,1.2603057622909546,0.7447618246078491,0.7478916645050049,1.0324511528015137,0.7054210901260376,0.981009840965271,0.9998255968093872,0.6851468682289124,0.6494176387786865,0.3398366868495941,0.8868326544761658,1.0,10.821105003356934,False,False,False,False,False
g565_expanded_solver_panel_static_flow_supplement,g565_expanded_solver_panel,g559-synth-string-40,64,9216,500,g559_b500_i4,heldout,other,g565_real_graph_000419,41cb4789283a6f047398f9c1eac538d5b37b5f1645989a2c3d5ba9560b47a391,dcb49059252187c3681f7b049024cdfb45daac219fa476876b5d87f577071b90,g562_g565_expanded_solver_panel_b2_s565_c8e72b0a83ac,g565_B2_phase5p5_repair5g565_scaling_b2_fold2_all_seed565,B2,565,artifacts/models/gcst/phase5p5_repair5g565_scaling_b2_fold2_all_seed565.pt,True,True,False,False,1.77012098895,1.64124145187,0.12887953708,-0.07852564102201845,0.9804191787782804,6.273327,320.3812,108,67,11828,4192,True,True,True,True,True,True,True,True,True,1.2486580610275269,1.1551759243011475,1.2774238586425781,0.7477841377258301,0.7561885118484497,1.0186104774475098,0.7083351016044617,0.9808790683746338,1.0,0.6828423738479614,0.651971697807312,0.33986401557922363,0.9012189507484436,1.0,10.81179428100586,False,False,False,False,False
g565_expanded_solver_panel_static_flow_supplement,g565_expanded_solver_panel,g559-synth-string-40,16,7216,500,g559_b500_i2,heldout,other,g565_real_graph_000584,5962c1322ec2cd3b42955b965d9a9b96482ee2aa6d0d1852e52ed5ef26f5b0fe,480707f73f850ea08d8298d694808d7585428cfbf9c5354db53d672a2659192d,g562_g565_expanded_solver_panel_b2_s565_04668d9325eb,g565_B2_phase5p5_repair5g565_scaling_b2_fold3_all_seed565,B2,565,artifacts/models/gcst/phase5p5_repair5g565_scaling_b2_fold3_all_seed565.pt,True,True,False,False,1.23747276688,1.10893246187,0.12854030501000002,-0.11591355599171628,0.9879883071383481,1.259635,104.8674,59,42,994,654,True,True,True,True,True,True,True,True,True,1.2404721975326538,1.1600890159606934,1.2577475309371948,0.7486469149589539,0.7492119073867798,1.0277477502822876,0.7074483036994934,0.9809706807136536,1.0,0.6781509518623352,0.6509551405906677,0.3448445796966553,0.9062086343765259,1.0,10.810318946838379,False,False,False,False,False
g565_expanded_solver_panel_static_flow_supplement,g565_expanded_solver_panel,g559-synth-game-den-32,64,9258,2000,g559_b2000_i4,validation,other,g565_real_graph_000335,328f3c32c91683073354a36cd2cf9dc8ecdaf0bd9cf65017864716b2be994ac3,b82e66fa7c04b9d273f7495e06a462e0a3d036f3577c05e76f770bfd2ff6759e,g562_g565_expanded_solver_panel_e0_s565_9bf81ee703b2,g565_E0_phase5p5_repair5g565_expanded_e0_seed565,E0,565,artifacts/models/gcst/phase5p5_repair5g565_expanded_e0_seed565.pt,True,True,False,False,1.15354157501,1.02623713052,0.12730444449,-0.12404973539156018,0.9805532898120857,8.336406,428.6795,61,71,3837,4475,True,True,True,True,True,True,True,True,True,1.2443653345108032,1.1671360731124878,1.2659021615982056,0.7260299324989319,0.7540683150291443,1.038125991821289,0.7032750844955444,0.9811075925827026,1.0,0.6662973761558533,0.6349479556083679,0.3616839647293091,0.9307430386543274,1.0,10.860694885253906,False,False,False,False,False
g565_expanded_solver_panel_static_flow_supplement,g565_expanded_solver_panel,g559-synth-game-den-32,64,9258,2000,g559_b2000_i4,validation,other,g565_real_graph_000335,328f3c32c91683073354a36cd2cf9dc8ecdaf0bd9cf65017864716b2be994ac3,8e0de7672310aae960e703eadc391bb110374c3ddc35aa3a80b974615165d32c,g562_g565_expanded_solver_panel_b1_s565_b7772629a88e,g565_B1_phase5p5_repair5g565_scaling_b1_fold3_all_seed565,B1,565,artifacts/models/gcst/phase5p5_repair5g565_scaling_b1_fold3_all_seed565.pt,True,True,False,False,1.15354157501,1.02623713052,0.12730444449,-0.12404973539156018,0.9810849434134359,8.108497,428.6795,59,71,3712,4475,True,True,True,True,True,True,True,True,True,1.242787480354309,1.1655681133270264,1.2748825550079346,0.7497100830078125,0.7532985210418701,1.025909185409546,0.7064592838287354,0.9808717966079712,1.0,0.6789582967758179,0.6534641981124878,0.3446955978870392,0.898270308971405,0.9992702007293701,10.821928977966309,False,False,False,False,False
g565_expanded_solver_panel_static_flow_supplement,g565_expanded_solver_panel,g565-synth-checker-a-40,128,8474,2000,g559_b2000_i3,validation,other,g565_real_graph_000366,382512b031882678d3e768c79bd4d0396133a820848a0b825ba3a40d1e9eac63,d88ca1adc6fa0512a03518dcecb81c9d86cb12e6357e575dfac311dfd0564064,g562_g565_expanded_solver_panel_b2_s565_0405c813f11a,g565_B2_phase5p5_repair5g565_scaling_b2_fold2_all_seed565,B2,565,artifacts/models/gcst/phase5p5_repair5g565_scaling_b2_fold2_all_seed565.pt,True,True,False,False,1.48717948718,1.35991244528,0.12726704189999993,-0.0935847321213361,0.9792740113016353,26.609786,1283.885,61,64,7680,8059,True,True,True,True,True,True,True,True,True,1.2469844818115234,1.1582494974136353,1.2694305181503296,0.7511727809906006,0.7554806470870972,1.0116199254989624,0.7069055438041687,0.9811126589775085,1.0,0.6862678527832031,0.6516603231430054,0.3434774875640869,0.8866766691207886,0.9965597987174988,10.83204460144043,False,False,False,False,False
g565_expanded_solver_panel_static_flow_supplement,g565_expanded_solver_panel,g559-synth-game-den-32,64,9258,2000,g559_b2000_i4,validation,other,g565_real_graph_000335,328f3c32c91683073354a36cd2cf9dc8ecdaf0bd9cf65017864716b2be994ac3,f3bfcc7f5f97436ecd1cef1a700f177e4f21792be513b38c995017b2a9123f13,g562_g565_expanded_solver_panel_b2_s565_b5f3fb030b39,g565_B2_phase5p5_repair5g565_scaling_b2_fold2_all_seed565,B2,565,artifacts/models/gcst/phase5p5_repair5g565_scaling_b2_fold2_all_seed565.pt,True,True,False,False,1.15222173339,1.02623713052,0.12598460287000002,-0.12276363729517653,0.9809542187111817,8.164536,428.6795,59,71,3708,4475,True,True,True,True,True,True,True,True,True,1.247178077697754,1.1593849658966064,1.2704005241394043,0.7496707439422607,0.7566365599632263,1.0138803720474243,0.7085118889808655,0.9811542630195618,1.0,0.6853313446044922,0.6512503623962402,0.34197133779525757,0.8963586688041687,0.997336745262146,10.837128639221191,False,False,False,False,False
g565_expanded_solver_panel_static_flow_supplement,g565_expanded_solver_panel,empty-16-16,32,10121,1000,g559_b1000_i3,validation,other,g565_real_graph_000937,8c6b8d0f1e8689493e205125f0b3d42dcb44c1994503d0b4424d20c2a11bf25c,4ebc5ccaf3556c82cc287c3fa17117ffb7466ca0f12f390df4bbb1899cc44df4,g562_g565_expanded_solver_panel_e2_s565_53f9e3c7e2ce,g565_E2_phase5p5_repair5g565_expanded_e2_seed565,E2,565,artifacts/models/gcst/phase5p5_repair5g565_expanded_e2_seed565.pt,True,True,False,False,1.28228782288,1.15682656827,0.12546125461000002,-0.10845295055560801,0.9859059289353437,1.502132,106.579,39,27,1216,832,True,True,True,True,True,True,True,True,True,1.2485395669937134,1.169875979423523,1.2607910633087158,0.72956383228302,0.7629866003990173,1.0321002006530762,0.7010401487350464,0.9810370802879333,1.0,0.6775726675987244,0.63642817735672,0.3457128405570984,0.9317662119865417,1.0,10.829047203063965,False,False,False,False,False
g565_expanded_solver_panel_static_flow_supplement,g565_expanded_solver_panel,g559-synth-string-40,64,9816,500,g559_b500_i4,heldout,other,g565_real_graph_000060,0a66c98ec0a4d7f1c3e43bdbdba68e1bb72b817cbbd5b38c8e7d31d55277e999,834d5e03f707974071a853ff7c73d19cedcfc1076104d53d0b4394984b179b34,g562_g565_expanded_solver_panel_b1_s565_b1a2a4c27e9f,g565_B1_phase5p5_repair5g565_scaling_b1_fold2_all_seed565,B1,565,artifacts/models/gcst/phase5p5_repair5g565_scaling_b1_fold2_all_seed565.pt,True,True,False,False,1.76100966702,1.63694951665,0.12406015036999984,-0.07578740157111725,0.9843719682154526,5.140877,328.9523,72,71,4499,4452,True,True,True,True,True,True,True,True,True,1.2480440139770508,1.156984567642212,1.2668358087539673,0.7500779032707214,0.7517090439796448,1.0155653953552246,0.7070396542549133,0.9809726476669312,1.0,0.6840704679489136,0.6509780883789062,0.341921865940094,0.8938339352607727,1.0,10.826569557189941,False,False,False,False,False
g565_expanded_solver_panel_static_flow_supplement,g565_expanded_solver_panel,g559-synth-city-berlin-32,16,10900,500,g559_b500_i2,validation,other,g565_real_graph_000828,7c3f3a7fab8907fe16870c9ae0d554d4bfd624b9f98a10a569e15ac974caba1b,b173433d39fcdb0e37c6756e0de0ca09c81b30ee20ae4e21bb5cb2647a6d0363,g562_g565_expanded_solver_panel_e2_s565_8b4ca7be2f49,g565_E2_phase5p5_repair5g565_expanded_e2_seed565,E2,565,artifacts/models/gcst/phase5p5_repair5g565_expanded_e2_seed565.pt,True,True,False,False,1.20348837209,1.08139534884,0.12209302324999993,-0.11290322580078384,0.9797378827348471,2.117217,104.4914,44,42,688,656,True,True,True,True,True,True,True,True,True,1.2462252378463745,1.1703397035598755,1.2665883302688599,0.7288305163383484,0.7631047964096069,1.033515453338623,0.7047831416130066,0.9811533689498901,1.0,0.6771465539932251,0.6367874145507812,0.34684595465660095,0.9248785972595215,1.0,10.830024719238281,False,False,False,False,False
g565_expanded_solver_panel_static_flow_supplement,g565_expanded_solver_panel,g559-synth-game-den-32,64,9258,2000,g559_b2000_i4,validation,other,g565_real_graph_000335,328f3c32c91683073354a36cd2cf9dc8ecdaf0bd9cf65017864716b2be994ac3,21132e1e072cab7b135bdd89292b33281a1d790bd2f8beb277538ed7e9051c53,g562_g565_expanded_solver_panel_e1_s565_9ba78c10f399,g565_E1_phase5p5_repair5g565_expanded_e1_seed565,E1,565,artifacts/models/gcst/phase5p5_repair5g565_expanded_e1_seed565.pt,True,True,False,False,1.14826220853,1.02623713052,0.12202507801000007,-0.11890534300602561,0.9811339147311686,8.087504,428.6795,59,71,3708,4475,True,True,True,True,True,True,True,True,True,1.2490620613098145,1.1664514541625977,1.2572754621505737,0.7290865778923035,0.7594918608665466,1.042051911354065,0.6970949172973633,0.9810031056404114,1.0,0.6722803711891174,0.6399120092391968,0.3527050018310547,0.9241791367530823,1.0,10.853662490844727,False,False,False,False,False
g565_expanded_solver_panel_static_flow_supplement,g565_expanded_solver_panel,g559-synth-string-40,64,9936,500,g559_b500_i4,heldout,other,g565_real_graph_000526,4fe96f574b7630415a84a99638ea491930bf2f6c756b507af26aa57fa83fcf3c,43daf3fef2594034d8ed9ad2e967348ff421b4fdc5a0af8ae19f5f4f82c8ec0f,g562_g565_expanded_solver_panel_b2_s565_489c3dafe5e1,g565_B2_phase5p5_repair5g565_scaling_b2_fold2_all_seed565,B2,565,artifacts/models/gcst/phase5p5_repair5g565_scaling_b2_fold2_all_seed565.pt,True,True,False,False,2.31436031332,2.19373368146,0.12062663186,-0.054986907881962734,0.9841605507769982,5.912491,373.2763,126,97,7963,6077,True,True,True,True,True,True,True,True,True,1.2486580610275269,1.1551759243011475,1.2774238586425781,0.7477841377258301,0.7561885118484497,1.0186104774475098,0.7083351016044617,0.9808790683746338,1.0,0.6828423738479614,0.651971697807312,0.33986401557922363,0.9012189507484436,1.0,10.81179428100586,False,False,False,False,False
g565_expanded_solver_panel_static_flow_supplement,g565_expanded_solver_panel,empty-16-16,32,7241,1000,g559_b1000_i3,validation,other,g565_real_graph_000301,2e6016cfe81e7da4e8485c646d79a7e28a3b430fb263bbcd6a0559c1d8744f08,e5a960c992da0c62bfd32c5fccb635f30a1ba8487b5ddaf78ef3b4d3ec0dbd49,g562_g565_expanded_solver_panel_b2_s565_c711d5fcfbb6,g565_B2_phase5p5_repair5g565_scaling_b2_fold2_all_seed565,B2,565,artifacts/models/gcst/phase5p5_repair5g565_scaling_b2_fold2_all_seed565.pt,True,True,False,False,1.28853754941,1.16996047431,0.11857707509999993,-0.10135135135221757,0.9833970869651628,1.461928,88.0525,33,27,1024,832,True,True,True,True,True,True,True,True,True,1.2480815649032593,1.1569132804870605,1.2749660015106201,0.7480843663215637,0.7563661932945251,1.0177582502365112,0.7090199589729309,0.9809713959693909,1.0,0.6836754083633423,0.6517757773399353,0.3400724530220032,0.9018259048461914,1.0,10.822531700134277,False,False,False,False,False
g565_expanded_solver_panel_static_flow_supplement,g565_expanded_solver_panel,g559-synth-game-den-32,64,9258,2000,g559_b2000_i4,validation,other,g565_real_graph_000335,328f3c32c91683073354a36cd2cf9dc8ecdaf0bd9cf65017864716b2be994ac3,1726226e4babd3f784022044f6cecfbf98204ce1aa2120455956c15b1319036f,g562_g565_expanded_solver_panel_b2_s565_f7989a414c3d,g565_B2_phase5p5_repair5g565_scaling_b2_fold1_all_seed565,B2,565,artifacts/models/gcst/phase5p5_repair5g565_scaling_b2_fold1_all_seed565.pt,True,True,False,False,1.14474263088,1.02623713052,0.11850550035999996,-0.11547574808558386,0.9810850693816708,8.108443,428.6795,59,71,3711,4475,True,True,True,True,True,True,True,True,True,1.2481064796447754,1.1613794565200806,1.2615344524383545,0.7438461780548096,0.7482554316520691,1.031793236732483,0.7066603899002075,0.9811264872550964,0.9998268485069275,0.6854875683784485,0.6495433449745178,0.34025442600250244,0.8901261687278748,1.0,10.826122283935547,False,False,False,False,False
g565_expanded_solver_panel_static_flow_supplement,g565_expanded_solver_panel,empty-16-16,96,11041,1000,g559_b1000_i2,validation,other,g565_real_graph_000759,7481be412e1fa5384e5b8a82bd8fa0749ee0169e156a029508d2baeb1d12a905,9701e34e0aaea8e81b43416bbe14ca534208855cb3bd2774a2c20fb9a53c2254,g562_g565_expanded_solver_panel_b1_s565_2132f72bc9cb,g565_B1_phase5p5_repair5g565_scaling_b1_fold0_all_seed565,B1,565,artifacts/models/gcst/phase5p5_repair5g565_scaling_b1_fold0_all_seed565.pt,True,True,False,False,1.94006968641,1.82229965157,0.11777003483999993,-0.0646271510497932,0.9827719270115127,5.37223,311.83,58,37,6530,3456,True,True,True,True,True,True,True,True,True,1.2419184446334839,1.1677271127700806,1.2625313997268677,0.7413292527198792,0.7506269812583923,1.0173929929733276,0.7031049728393555,0.9809489846229553,1.0,0.6816073656082153,0.6515212059020996,0.3412015736103058,0.8979146480560303,1.0,10.828396797180176,False,False,False,False,False
g565_expanded_solver_panel_static_flow_supplement,g565_expanded_solver_panel,empty-16-16,96,9841,1000,g559_b1000_i2,validation,other,g565_real_graph_000624,5e88b4041cb6551ff22945863a22d6fcfb50a44ea726ca07bf06724fa4d74025,1a41469408c3e880a5f45456ae8d3d6bd57d3d93cef461aea92e162bbdb913b3,g562_g565_expanded_solver_panel_b1_s565_55a3e3815055,g565_B1_phase5p5_repair5g565_scaling_b1_fold1_all_seed565,B1,565,artifacts/models/gcst/phase5p5_repair5g565_scaling_b1_fold1_all_seed565.pt,True,True,False,False,1.98708206687,1.87006079027,0.11702127660000006,-0.06257618854363793,0.9862790251185969,4.616776,336.4758,39,37,3646,3456,True,True,True,True,True,True,True,True,True,1.2492616176605225,1.1622165441513062,1.2568947076797485,0.744052529335022,0.7502079010009766,1.0271269083023071,0.7057000398635864,0.98094242811203,0.9998460412025452,0.683508574962616,0.6498144865036011,0.3407077491283417,0.8883487582206726,1.0,10.820582389831543,False,False,False,False,False
g565_expanded_solver_panel_static_flow_supplement,g565_expanded_solver_panel,empty-16-16,32,10121,1000,g559_b1000_i3,validation,other,g565_real_graph_000937,8c6b8d0f1e8689493e205125f0b3d42dcb44c1994503d0b4424d20c2a11bf25c,7db75dc1d9d3f8155cceba47d00490a7bac4968fbd43574992c188215781a1df,g562_g565_expanded_solver_panel_e0_s565_273937ff35e2,g565_E0_phase5p5_repair5g565_expanded_e0_seed565,E0,565,artifacts/models/gcst/phase5p5_repair5g565_expanded_e0_seed565.pt,True,True,False,False,1.27306273063,1.15682656827,0.1162361623599999,-0.10047846889774294,0.9863433884724008,1.455508,106.579,33,27,1024,832,True,True,True,True,True,True,True,True,True,1.2531592845916748,1.1705193519592285,1.2613122463226318,0.7292028665542603,0.7573190331459045,1.026041865348816,0.7116013169288635,0.9812489151954651,1.0,0.6804642081260681,0.6381151676177979,0.34466516971588135,0.9151411652565002,1.0,10.850058555603027,False,False,False,False,False
g565_expanded_solver_panel_static_flow_supplement,g565_expanded_solver_panel,g559-synth-string-40,64,11616,500,g559_b500_i4,heldout,other,g565_real_graph_000577,58f59fe769776bf17d7c34d1cd8d6044232a619e51f0fcd2bc98a08d74737890,22c81b4a6295421d00e0f9a88a3fa644788d5d79c604b32bbf76164c3782124a,g562_g565_expanded_solver_panel_b2_s565_b8587082cfb8,g565_B2_phase5p5_repair5g565_scaling_b2_fold1_all_seed565,B2,565,artifacts/models/gcst/phase5p5_repair5g565_scaling_b2_fold1_all_seed565.pt,True,True,False,False,1.72159090909,1.60588842975,0.11570247933999989,-0.07204889031924348,0.9846149677122762,5.367987,348.9097,93,68,5907,4263,True,True,True,True,True,True,True,True,True,1.2481741905212402,1.161116123199463,1.2603057622909546,0.7447618246078491,0.7478916645050049,1.0324511528015137,0.7054210901260376,0.981009840965271,0.9998255968093872,0.6851468682289124,0.6494176387786865,0.3398366868495941,0.8868326544761658,1.0,10.821105003356934,False,False,False,False,False
g565_expanded_solver_panel_static_flow_supplement,g565_expanded_solver_panel,g559-synth-game-den-32,64,9258,2000,g559_b2000_i4,validation,other,g565_real_graph_000335,328f3c32c91683073354a36cd2cf9dc8ecdaf0bd9cf65017864716b2be994ac3,96a88823ccef16cbac61fa2aeef117ba31a949f498f5c87d4e47ad0709ee4b70,g562_g565_expanded_solver_panel_b1_s565_0213571fe3df,g565_B1_phase5p5_repair5g565_scaling_b1_fold0_all_seed565,B1,565,artifacts/models/gcst/phase5p5_repair5g565_scaling_b1_fold0_all_seed565.pt,True,True,False,False,1.14122305323,1.02623713052,0.11498592271000008,-0.11204615316514233,0.9809232701820358,8.177803,428.6795,64,71,4089,4475,True,True,True,True,True,True,True,True,True,1.2419184446334839,1.1677271127700806,1.2625313997268677,0.7413292527198792,0.7506269812583923,1.0173929929733276,0.7031049728393555,0.9809489846229553,1.0,0.6816073656082153,0.6515212059020996,0.3412015736103058,0.8979146480560303,1.0,10.828396797180176,False,False,False,False,False
g565_expanded_solver_panel_static_flow_supplement,g565_expanded_solver_panel,g559-synth-string-40,64,9936,500,g559_b500_i4,heldout,other,g565_real_graph_000526,4fe96f574b7630415a84a99638ea491930bf2f6c756b507af26aa57fa83fcf3c,82abd09006a90336a7807c5e753d47abe5d83ff6759376ae028d36fc0b3582c5,g562_g565_expanded_solver_panel_b2_s565_354594e9a393,g565_B2_phase5p5_repair5g565_scaling_b2_fold0_all_seed565,B2,565,artifacts/models/gcst/phase5p5_repair5g565_scaling_b2_fold0_all_seed565.pt,True,True,False,False,2.30757180157,2.19373368146,0.11383812011000005,-0.051892406572450096,0.9847413645066669,5.695687,373.2763,113,97,7071,6077,True,True,True,True,True,True,True,True,True,1.2448914051055908,1.169713020324707,1.259981632232666,0.739479124546051,0.7492467164993286,1.0187032222747803,0.7024657130241394,0.981072723865509,1.0,0.6810890436172485,0.6505330204963684,0.3386201858520508,0.9007475972175598,1.0,10.826581001281738,False,False,False,False,False
g565_expanded_solver_panel_static_flow_supplement,g565_expanded_solver_panel,g559-synth-city-berlin-32,16,10900,500,g559_b500_i2,validation,other,g565_real_graph_000828,7c3f3a7fab8907fe16870c9ae0d554d4bfd624b9f98a10a569e15ac974caba1b,677bfeaf839ecede9c31bae951ab264d99743c7e94c3a4248cf8b7d4821d5b37,g562_g565_expanded_solver_panel_b1_s565_0fb479a0294a,g565_B1_phase5p5_repair5g565_scaling_b1_fold0_all_seed565,B1,565,artifacts/models/gcst/phase5p5_repair5g565_scaling_b1_fold0_all_seed565.pt,True,True,False,False,1.19476744186,1.08139534884,0.11337209301999995,-0.104838709674138,0.9801848573184014,2.070512,104.4914,44,42,688,656,True,True,True,True,True,True,True,True,True,1.2419184446334839,1.1677271127700806,1.2625313997268677,0.7413292527198792,0.7506269812583923,1.0173929929733276,0.7031049728393555,0.9809489846229553,1.0,0.6816073656082153,0.6515212059020996,0.3412015736103058,0.8979146480560303,1.0,10.828396797180176,False,False,False,False,False
g565_expanded_solver_panel_static_flow_supplement,g565_expanded_solver_panel,g559-synth-city-berlin-32,16,10900,500,g559_b500_i2,validation,other,g565_real_graph_000828,7c3f3a7fab8907fe16870c9ae0d554d4bfd624b9f98a10a569e15ac974caba1b,9ef26a91cbfb3d113aa3a00a85b6bc7dc999513e0296c72e7c568acc79f019d7,g562_g565_expanded_solver_panel_b1_s565_053518702a75,g565_B1_phase5p5_repair5g565_scaling_b1_fold1_all_seed565,B1,565,artifacts/models/gcst/phase5p5_repair5g565_scaling_b1_fold1_all_seed565.pt,True,True,False,False,1.19476744186,1.08139534884,0.11337209301999995,-0.104838709674138,0.9801454569466961,2.074629,104.4914,44,42,688,656,True,True,True,True,True,True,True,True,True,1.2492616176605225,1.1622165441513062,1.2568947076797485,0.744052529335022,0.7502079010009766,1.0271269083023071,0.7057000398635864,0.98094242811203,0.9998460412025452,0.683508574962616,0.6498144865036011,0.3407077491283417,0.8883487582206726,1.0,10.820582389831543,False,False,False,False,False
g565_expanded_solver_panel_static_flow_supplement,g565_expanded_solver_panel,g559-synth-city-berlin-32,16,10900,500,g559_b500_i2,validation,other,g565_real_graph_000828,7c3f3a7fab8907fe16870c9ae0d554d4bfd624b9f98a10a569e15ac974caba1b,7293ec293f0c149a7c38afb16fdce949d0dd2da9b8daa2224b3e2315b4fcb2fb,g562_g565_expanded_solver_panel_b1_s565_6b21a6a71134,g565_B1_phase5p5_repair5g565_scaling_b1_fold2_all_seed565,B1,565,artifacts/models/gcst/phase5p5_repair5g565_scaling_b1_fold2_all_seed565.pt,True,True,False,False,1.19476744186,1.08139534884,0.11337209301999995,-0.104838709674138,0.9801726457871174,2.071788,104.4914,44,42,688,656,True,True,True,True,True,True,True,True,True,1.2480440139770508,1.156984567642212,1.2668358087539673,0.7500779032707214,0.7517090439796448,1.0155653953552246,0.7070396542549133,0.9809726476669312,1.0,0.6840704679489136,0.6509780883789062,0.341921865940094,0.8938339352607727,1.0,10.826569557189941,False,False,False,False,False
g565_expanded_solver_panel_static_flow_supplement,g565_expanded_solver_panel,g565-synth-checker-a-40,128,10154,2000,g559_b2000_i3,validation,other,g565_real_graph_000064,0ab0ea9e522d70d022f5da6fcc3b54b4c57c5899d79a45023e909a417aac0920,3ed7850f8ff90ccbb2326ad37bdf68d2e050fd85f0479905ac21821e34d5a809,g562_g565_expanded_solver_panel_b2_s565_e684521ca44c,g565_B2_phase5p5_repair5g565_scaling_b2_fold3_all_seed565,B2,565,artifacts/models/gcst/phase5p5_repair5g565_scaling_b2_fold3_all_seed565.pt,True,True,False,False,1.46916010499,1.35695538058,0.11220472440999996,-0.08268858800798635,0.9734175901776204,33.092333,1244.8959,59,64,7420,8063,True,True,True,True,True,True,True,True,True,1.2414817810058594,1.1615246534347534,1.261405348777771,0.7507709860801697,0.7494720816612244,1.021997094154358,0.7031163573265076,0.9805025458335876,1.0,0.6826686263084412,0.6546787023544312,0.3454987704753876,0.8901146650314331,0.9950419664382935,10.80972957611084,False,False,False,False,False
g565_expanded_solver_panel_static_flow_supplement,g565_expanded_solver_panel,g559-synth-game-den-32,64,9258,2000,g559_b2000_i4,validation,other,g565_real_graph_000335,328f3c32c91683073354a36cd2cf9dc8ecdaf0bd9cf65017864716b2be994ac3,28922627a5f2688ce5f5541b92847f69d1695109a34e83e891d3dbd08fa2fbaa,g562_g565_expanded_solver_panel_e2_s565_ca40d6f7358c,g565_E2_phase5p5_repair5g565_expanded_e2_seed565,E2,565,artifacts/models/gcst/phase5p5_repair5g565_expanded_e2_seed565.pt,True,True,False,False,1.13726352838,1.02623713052,0.11102639786000013,-0.10818785888573573,0.9810802079408976,8.110527,428.6795,59,71,3712,4475,True,True,True,True,True,True,True,True,True,1.2463651895523071,1.168049693107605,1.2613826990127563,0.7326280474662781,0.7641317844390869,1.0357681512832642,0.6978359818458557,0.9810610413551331,1.0,0.6784764528274536,0.6405355930328369,0.3446395993232727,0.9213477969169617,1.0,10.822404861450195,False,False,False,False,False
g565_expanded_solver_panel_static_flow_supplement,g565_expanded_solver_panel,g559-synth-game-den-32,64,9258,2000,g559_b2000_i4,validation,other,g565_real_graph_000335,328f3c32c91683073354a36cd2cf9dc8ecdaf0bd9cf65017864716b2be994ac3,8e6944f4ea5147555120a940e450c9078867de33c5c1f537c310d4b719ad48e6,g562_g565_expanded_solver_panel_b1_s565_5a98afe92343,g565_B1_phase5p5_repair5g565_scaling_b1_fold1_all_seed565,B1,565,artifacts/models/gcst/phase5p5_repair5g565_scaling_b1_fold1_all_seed565.pt,True,True,False,False,1.13726352838,1.02623713052,0.11102639786000013,-0.10818785888573573,0.981133291888229,8.087771,428.6795,59,71,3707,4475,True,True,True,True,True,True,True,True,True,1.2492616176605225,1.1622165441513062,1.2568947076797485,0.744052529335022,0.7502079010009766,1.0271269083023071,0.7057000398635864,0.98094242811203,0.9998460412025452,0.683508574962616,0.6498144865036011,0.3407077491283417,0.8883487582206726,1.0,10.820582389831543,False,False,False,False,False
g565_expanded_solver_panel_static_flow_supplement,g565_expanded_solver_panel,g559-synth-string-40,64,10776,500,g559_b500_i4,heldout,other,g565_real_graph_000737,70ef17e06137aee01bf21806f0937ea67077c41abb9855d51ef04552a4d82c78,2bc6b2a6cc4f6c9b9b63f0013ba5c386b969deffde851de7c901cc9cc47d09bd,g562_g565_expanded_solver_panel_b2_s565_47b148b12c74,g565_B2_phase5p5_repair5g565_scaling_b2_fold0_all_seed565,B2,565,artifacts/models/gcst/phase5p5_repair5g565_scaling_b2_fold0_all_seed565.pt,True,True,False,False,2.01876955162,1.90980187696,0.10896767466000012,-0.05705705705633381,0.9769572565163839,8.306356,360.476,170,91,18617,5706,True,True,True,True,True,True,True,True,True,1.2448914051055908,1.169713020324707,1.259981632232666,0.739479124546051,0.7492467164993286,1.0187032222747803,0.7024657130241394,0.981072723865509,1.0,0.6810890436172485,0.6505330204963684,0.3386201858520508,0.9007475972175598,1.0,10.826581001281738,False,False,False,False,False
g565_expanded_solver_panel_static_flow_supplement,g565_expanded_solver_panel,g559-synth-string-40,64,9936,500,g559_b500_i4,heldout,other,g565_real_graph_000526,4fe96f574b7630415a84a99638ea491930bf2f6c756b507af26aa57fa83fcf3c,b205e6faf54c5982a7f6cc3cb2f3b84ae2dfdf6abf7f842dae98ade82d86b8cf,g562_g565_expanded_solver_panel_b1_s565_48365276749e,g565_B1_phase5p5_repair5g565_scaling_b1_fold0_all_seed565,B1,565,artifacts/models/gcst/phase5p5_repair5g565_scaling_b1_fold0_all_seed565.pt,True,True,False,False,2.30234986945,2.19373368146,0.10861618799000006,-0.04951202094764416,0.9838554925667662,6.026362,373.2763,128,97,8059,6077,True,True,True,True,True,True,True,True,True,1.2419184446334839,1.1677271127700806,1.2625313997268677,0.7413292527198792,0.7506269812583923,1.0173929929733276,0.7031049728393555,0.9809489846229553,1.0,0.6816073656082153,0.6515212059020996,0.3412015736103058,0.8979146480560303,1.0,10.828396797180176,False,False,False,False,False
g565_expanded_solver_panel_static_flow_supplement,g565_expanded_solver_panel,g559-synth-game-den-32,64,9258,2000,g559_b2000_i4,validation,other,g565_real_graph_000335,328f3c32c91683073354a36cd2cf9dc8ecdaf0bd9cf65017864716b2be994ac3,6581516765c184205f5c41927a8c704d32100cfa47c1e41d95512ba59bc56001,g562_g565_expanded_solver_panel_b2_s565_773c6d0bd72e,g565_B2_phase5p5_repair5g565_scaling_b2_fold3_all_seed565,B2,565,artifacts/models/gcst/phase5p5_repair5g565_scaling_b2_fold3_all_seed565.pt,True,True,False,False,1.13462384514,1.02623713052,0.10838671461999994,-0.10561566269296824,0.9811468031478062,8.081979,428.6795,59,71,3712,4475,True,True,True,True,True,True,True,True,True,1.2408969402313232,1.1631914377212524,1.260270118713379,0.7487064599990845,0.7500372529029846,1.0260469913482666,0.703889012336731,0.9806892275810242,1.0,0.6798694729804993,0.6525936126708984,0.3451911509037018,0.9005419015884399,0.9969676733016968,10.814031600952148,False,False,False,False,False
g565_expanded_solver_panel_static_flow_supplement,g565_expanded_solver_panel,g565-synth-checker-a-40,64,10794,2000,g559_b2000_i4,validation,other,g565_real_graph_000694,6a2de37075d4b28c3410f604306e9ae25ecd0a58dc34a13a9aecc80775b38070,8d7c37fe1b281122c6e1c16a22769a64f1c8c3d74af3340e6b760257ae9668e4,g562_g565_expanded_solver_panel_e0_s565_7a71d82129dc,g565_E0_phase5p5_repair5g565_expanded_e0_seed565,E0,565,artifacts/models/gcst/phase5p5_repair5g565_expanded_e0_seed565.pt,True,True,False,False,1.38752488388,1.27936297279,0.10816191109000006,-0.08454356847152103,0.9772481410194601,13.544168,595.2994,57,47,3583,2944,True,True,True,True,True,True,True,True,True,1.2323492765426636,1.1632826328277588,1.2825117111206055,0.7346056699752808,0.7580535411834717,1.0392143726348877,0.7022503614425659,0.9811655282974243,1.0,0.6771091818809509,0.6431587934494019,0.3498719334602356,0.8873175978660583,1.0,10.83186149597168,False,False,False,False,False
g565_expanded_solver_panel_static_flow_supplement,g565_expanded_solver_panel,g559-synth-string-40,64,7176,500,g559_b500_i4,heldout,other,g565_real_graph_000514,4e61c5495c0a75c9f0d7677c9cfa5f5cd5365919766bb0d9e682121a0b9a4532,07cdf6e1dcc3aafc47a856c89757c95c271ee841793e122858689c49258f1033,g562_g565_expanded_solver_panel_e2_s565_47e09b27f285,g565_E2_phase5p5_repair5g565_expanded_e2_seed565,E2,565,artifacts/models/gcst/phase5p5_repair5g565_expanded_e2_seed565.pt,True,True,False,False,1.84191367655,1.73426937077,0.10764430577999984,-0.06206896552189394,0.9874307732927308,5.308041,422.3045,95,101,6041,7575,True,True,True,True,True,True,True,True,True,1.245407223701477,1.166970133781433,1.260031819343567,0.7343857288360596,0.7643768191337585,1.0369787216186523,0.6961807608604431,0.9810434579849243,1.0,0.6789228916168213,0.6425080299377441,0.34371426701545715,0.9145275354385376,1.0,10.81895923614502,False,False,False,False,False
g565_expanded_solver_panel_static_flow_supplement,g565_expanded_solver_panel,g559-synth-game-den-32,64,9258,2000,g559_b2000_i4,validation,other,g565_real_graph_000335,328f3c32c91683073354a36cd2cf9dc8ecdaf0bd9cf65017864716b2be994ac3,be29ab5d1ae61f75bb8d68adee20b1b4a16af73ae05360391ed3a0720f53f52f,g562_g565_expanded_solver_panel_b1_s565_de5a33e0f096,g565_B1_phase5p5_repair5g565_scaling_b1_fold2_all_seed565,B1,565,artifacts/models/gcst/phase5p5_repair5g565_scaling_b1_fold2_all_seed565.pt,True,True,False,False,1.13330400352,1.02623713052,0.10706687299999995,-0.10432956459658459,0.98099314756129,8.147848,428.6795,59,71,3709,4475,True,True,True,True,True,True,True,True,True,1.2480440139770508,1.156984567642212,1.2668358087539673,0.7500779032707214,0.7517090439796448,1.0155653953552246,0.7070396542549133,0.9809726476669312,1.0,0.6840704679489136,0.6509780883789062,0.341921865940094,0.8938339352607727,1.0,10.826569557189941,False,False,False,False,False
g565_expanded_solver_panel_static_flow_supplement,g565_expanded_solver_panel,empty-16-16,32,11321,1000,g559_b1000_i3,validation,other,g565_real_graph_000393,3d89e88bc6ce47262d5aa7231888145a211933adcdb9770d6352775ae714b2c9,0aa7928f44d5b1d45d472d409859bd7bc0243923e1aa503904fba5878a7ee8f5,g562_g565_expanded_solver_panel_b1_s565_7eaca145ab41,g565_B1_phase5p5_repair5g565_scaling_b1_fold0_all_seed565,B1,565,artifacts/models/gcst/phase5p5_repair5g565_scaling_b1_fold0_all_seed565.pt,True,True,False,False,1.26070038911,1.15758754864,0.10311284046999991,-0.0890756302546125,0.9853968427242497,1.418006,97.1027,29,29,896,896,True,True,True,True,True,True,True,True,True,1.2419184446334839,1.1677271127700806,1.2625313997268677,0.7413292527198792,0.7506269812583923,1.0173929929733276,0.7031049728393555,0.9809489846229553,1.0,0.6816073656082153,0.6515212059020996,0.3412015736103058,0.8979146480560303,1.0,10.828396797180176,False,False,False,False,False
g565_expanded_solver_panel_static_flow_supplement,g565_expanded_solver_panel,g559-synth-city-berlin-32,16,10900,500,g559_b500_i2,validation,other,g565_real_graph_000828,7c3f3a7fab8907fe16870c9ae0d554d4bfd624b9f98a10a569e15ac974caba1b,4d67a93ea2e2d9e776e155ee1b8ff4e44a94b580e3705d030062fef0f6d8e4b6,g562_g565_expanded_solver_panel_b1_s565_5fe82768484c,g565_B1_phase5p5_repair5g565_scaling_b1_fold3_all_seed565,B1,565,artifacts/models/gcst/phase5p5_repair5g565_scaling_b1_fold3_all_seed565.pt,True,True,False,False,1.18313953488,1.08139534884,0.1017441860399999,-0.09408602149911194,0.9792650208533907,2.166627,104.4914,44,42,688,656,True,True,True,True,True,True,True,True,True,1.242787480354309,1.1655681133270264,1.2748825550079346,0.7497100830078125,0.7532985210418701,1.025909185409546,0.7064592838287354,0.9808717966079712,1.0,0.6789582967758179,0.6534641981124878,0.3446955978870392,0.898270308971405,0.9992702007293701,10.821928977966309,False,False,False,False,False
g565_expanded_solver_panel_static_flow_supplement,g565_expanded_solver_panel,g559-synth-city-berlin-32,16,10900,500,g559_b500_i2,validation,other,g565_real_graph_000828,7c3f3a7fab8907fe16870c9ae0d554d4bfd624b9f98a10a569e15ac974caba1b,35dc199f5b587b157997e1ef72cf858bfecc0434bfad7b18fc3fe55bb9fbdb5e,g562_g565_expanded_solver_panel_b2_s565_99d1b7add437,g565_B2_phase5p5_repair5g565_scaling_b2_fold3_all_seed565,B2,565,artifacts/models/gcst/phase5p5_repair5g565_scaling_b2_fold3_all_seed565.pt,True,True,False,False,1.18313953488,1.08139534884,0.1017441860399999,-0.09408602149911194,0.9802840233741725,2.06015,104.4914,44,42,688,656,True,True,True,True,True,True,True,True,True,1.240419864654541,1.1601402759552002,1.2577334642410278,0.7485743761062622,0.7492237687110901,1.0278596878051758,0.7075104713439941,0.9809785485267639,1.0,0.6780366897583008,0.6508822441101074,0.34485968947410583,0.9067127108573914,1.0,10.810479164123535,False,False,False,False,False
g565_expanded_solver_panel_static_flow_supplement,g565_expanded_solver_panel,empty-16-16,96,10441,1000,g559_b1000_i2,validation,other,g565_real_graph_000767,75d48d3ad124430886849a5606fcfa3fc03cacbb38996f3b8fb9567b71881981,c9b4e0f7cf436712c0ce6765879fd98f7f85aadd06e5fdfb10f81e70f2c6a9a4,g562_g565_expanded_solver_panel_b1_s565_0af7a9a7b2be,g565_B1_phase5p5_repair5g565_scaling_b1_fold0_all_seed565,B1,565,artifacts/models/gcst/phase5p5_repair5g565_scaling_b1_fold0_all_seed565.pt,True,True,False,False,2.4,2.29965156794,0.1003484320600001,-0.04363636363829283,0.9873559435295475,5.521246,436.6673,73,62,7292,7364,True,True,True,True,True,True,True,True,True,1.2419184446334839,1.1677271127700806,1.2625313997268677,0.7413292527198792,0.7506269812583923,1.0173929929733276,0.7031049728393555,0.9809489846229553,1.0,0.6816073656082153,0.6515212059020996,0.3412015736103058,0.8979146480560303,1.0,10.828396797180176,False,False,False,False,False
g565_expanded_solver_panel_static_flow_supplement,g565_expanded_solver_panel,g565-synth-checker-a-40,128,9554,2000,g559_b2000_i3,validation,other,g565_real_graph_000431,43e600f7155aaeca33b55f271faf3d20714ee74a6d0061248018f3786dd3335e,1199a8fa23cab0480b452373329fe4c7a852bf13a39297b7815e94ead9d55593,g562_g565_expanded_solver_panel_b2_s565_f0319eac3622,g565_B2_phase5p5_repair5g565_scaling_b2_fold0_all_seed565,B2,565,artifacts/models/gcst/phase5p5_repair5g565_scaling_b2_fold0_all_seed565.pt,True,True,False,False,1.4311465721,1.33274231678,0.09840425531999997,-0.07383592017829195,0.978986357870281,26.540831,1263.0286,71,57,8960,7167,True,True,True,True,True,True,True,True,True,1.243505597114563,1.1716333627700806,1.2615545988082886,0.7393126487731934,0.7502894997596741,1.017114281654358,0.7012303471565247,0.9808746576309204,1.0,0.6824008822441101,0.6507567763328552,0.3403021991252899,0.8981055021286011,1.0,10.827352523803711,False,False,False,False,False
g565_expanded_solver_panel_static_flow_supplement,g565_expanded_solver_panel,g565-synth-checker-a-40,128,11834,2000,g559_b2000_i3,validation,other,g565_real_graph_000594,5a267044fdd80124143c0f8d27ef4f1e35b2ef0b75d4a996dc9f27b86cf416f9,cc7b0668c89af75595dffe2156ea786bcefdec191f824ee88697bba422934657,g562_g565_expanded_solver_panel_b2_s565_2fedc435da9d,g565_B2_phase5p5_repair5g565_scaling_b2_fold0_all_seed565,B2,565,artifacts/models/gcst/phase5p5_repair5g565_scaling_b2_fold0_all_seed565.pt,True,True,False,False,1.47497546614,1.38056282723,0.09441263891000018,-0.06838706435362478,0.9793931417400192,26.579616,1289.8432,60,63,7552,7936,True,True,True,True,True,True,True,True,True,1.243505597114563,1.1716333627700806,1.2615545988082886,0.7393126487731934,0.7502894997596741,1.017114281654358,0.7012303471565247,0.9808746576309204,1.0,0.6824008822441101,0.6507567763328552,0.3403021991252899,0.8981055021286011,1.0,10.827352523803711,False,False,False,False,False
g565_expanded_solver_panel_static_flow_supplement,g565_expanded_solver_panel,g565-synth-checker-a-40,128,7874,2000,g559_b2000_i3,validation,other,g565_real_graph_000433,440b1d21d09a9a49b934b0f9f9df23733cc1c5c5549b326355e684d6f8b6817c,a62984ce4aee920b5762669f3d0b9536b74a4e1a6398371a06cea77f7a0c7713,g562_g565_expanded_solver_panel_e2_s565_517189a2c357,g565_E2_phase5p5_repair5g565_expanded_e2_seed565,E2,565,artifacts/models/gcst/phase5p5_repair5g565_expanded_e2_seed565.pt,True,True,False,False,1.48140900196,1.3871493803,0.09425962166000001,-0.06795203386070389,0.9775894811693411,26.571007,1185.6489,58,63,7288,7931,True,True,True,True,True,True,True,True,True,1.232908010482788,1.1662464141845703,1.2754918336868286,0.739861011505127,0.762661874294281,1.0432991981506348,0.7098588347434998,0.981484591960907,1.0,0.6816672086715698,0.6514080762863159,0.3423263430595398,0.8649856448173523,1.0,10.832801818847656,False,False,False,False,False
g565_expanded_solver_panel_static_flow_supplement,g565_expanded_solver_panel,empty-16-16,32,11321,1000,g559_b1000_i3,validation,other,g565_real_graph_000393,3d89e88bc6ce47262d5aa7231888145a211933adcdb9770d6352775ae714b2c9,6d0aa83440692a77be205ab532f61271fc20b49c417a37bf69656528a9cf0d86,g562_g565_expanded_solver_panel_b1_s565_e40c2f9ac484,g565_B1_phase5p5_repair5g565_scaling_b1_fold3_all_seed565,B1,565,artifacts/models/gcst/phase5p5_repair5g565_scaling_b1_fold3_all_seed565.pt,True,True,False,False,1.25097276265,1.15758754864,0.09338521401,-0.08067226890934882,0.9849050232382828,1.465763,97.1027,31,29,1053,896,True,True,True,True,True,True,True,True,True,1.242787480354309,1.1655681133270264,1.2748825550079346,0.7497100830078125,0.7532985210418701,1.025909185409546,0.7064592838287354,0.9808717966079712,1.0,0.6789582967758179,0.6534641981124878,0.3446955978870392,0.898270308971405,0.9992702007293701,10.821928977966309,False,False,False,False,False
g565_expanded_solver_panel_static_flow_supplement,g565_expanded_solver_panel,empty-16-16,32,10121,1000,g559_b1000_i3,validation,other,g565_real_graph_000937,8c6b8d0f1e8689493e205125f0b3d42dcb44c1994503d0b4424d20c2a11bf25c,6ab788cb0c36c2c9bc3892bddbab65c4136dc60494d8fe2ad8a2ff72614ffefc,g562_g565_expanded_solver_panel_b1_s565_db88eed52eab,g565_B1_phase5p5_repair5g565_scaling_b1_fold3_all_seed565,B1,565,artifacts/models/gcst/phase5p5_repair5g565_scaling_b1_fold3_all_seed565.pt,True,True,False,False,1.24907749077,1.15682656827,0.09225092249999989,-0.07974481657864965,0.985641223880877,1.530344,106.579,38,27,1215,832,True,True,True,True,True,True,True,True,True,1.242787480354309,1.1655681133270264,1.2748825550079346,0.7497100830078125,0.7532985210418701,1.025909185409546,0.7064592838287354,0.9808717966079712,1.0,0.6789582967758179,0.6534641981124878,0.3446955978870392,0.898270308971405,0.9992702007293701,10.821928977966309,False,False,False,False,False
g565_expanded_solver_panel_static_flow_supplement,g565_expanded_solver_panel,g565-synth-checker-a-40,64,10794,2000,g559_b2000_i4,validation,other,g565_real_graph_000694,6a2de37075d4b28c3410f604306e9ae25ecd0a58dc34a13a9aecc80775b38070,9f45583975bcccf4d49d77b2d1e14601995a39bf87abc250b2ce68378d1fb4f4,g562_g565_expanded_solver_panel_b1_s565_c6c564c4932c,g565_B1_phase5p5_repair5g565_scaling_b1_fold3_all_seed565,B1,565,artifacts/models/gcst/phase5p5_repair5g565_scaling_b1_fold3_all_seed565.pt,True,True,False,False,1.37159920372,1.27936297279,0.09223623093,-0.07209543569082176,0.9774373668107175,13.431522,595.2994,56,47,3520,2944,True,True,True,True,True,True,True,True,True,1.242787480354309,1.1655681133270264,1.2748825550079346,0.7497100830078125,0.7532985210418701,1.025909185409546,0.7064592838287354,0.9808717966079712,1.0,0.6789582967758179,0.6534641981124878,0.3446955978870392,0.898270308971405,0.9992702007293701,10.821928977966309,False,False,False,False,False
g565_expanded_solver_panel_static_flow_supplement,g565_expanded_solver_panel,g565-synth-checker-a-40,64,10794,2000,g559_b2000_i4,validation,other,g565_real_graph_000694,6a2de37075d4b28c3410f604306e9ae25ecd0a58dc34a13a9aecc80775b38070,cced7e81d71c5f90bc934cd94682d2b0ddce2c1a6ecd67ca386a2a414795afd0,g562_g565_expanded_solver_panel_b2_s565_85164cd4881f,g565_B2_phase5p5_repair5g565_scaling_b2_fold3_all_seed565,B2,565,artifacts/models/gcst/phase5p5_repair5g565_scaling_b2_fold3_all_seed565.pt,True,True,False,False,1.3702720637,1.27936297279,0.0909090909100001,-0.07105809128721932,0.9763187431400066,14.097438,595.2994,71,47,6919,2944,True,True,True,True,True,True,True,True,True,1.2408065795898438,1.1632603406906128,1.2602393627166748,0.7485929727554321,0.7500539422035217,1.0262290239334106,0.7040050625801086,0.9807032346725464,1.0,0.6796829700469971,0.6524712443351746,0.34521740674972534,0.9013597369194031,0.9970998167991638,10.814281463623047,False,False,False,False,False
g565_expanded_solver_panel_static_flow_supplement,g565_expanded_solver_panel,g565-synth-checker-a-40,128,7874,2000,g559_b2000_i3,validation,other,g565_real_graph_000433,440b1d21d09a9a49b934b0f9f9df23733cc1c5c5549b326355e684d6f8b6817c,ebc36fe87d03f574ebc6057dd9f752e84ffa8235e701df9b2efe230f1332f4cb,g562_g565_expanded_solver_panel_b2_s565_09fa4f5548cd,g565_B2_phase5p5_repair5g565_scaling_b2_fold3_all_seed565,B2,565,artifacts/models/gcst/phase5p5_repair5g565_scaling_b2_fold3_all_seed565.pt,True,True,False,False,1.47782126549,1.3871493803,0.09067188519000013,-0.06536562426347367,0.9774147557510491,26.77817,1185.6489,63,63,7930,7931,True,True,True,True,True,True,True,True,True,1.2414817810058594,1.1615246534347534,1.261405348777771,0.7507709860801697,0.7494720816612244,1.021997094154358,0.7031163573265076,0.9805025458335876,1.0,0.6826686263084412,0.6546787023544312,0.3454987704753876,0.8901146650314331,0.9950419664382935,10.80972957611084,False,False,False,False,False
g565_expanded_solver_panel_static_flow_supplement,g565_expanded_solver_panel,g565-synth-checker-a-40,128,11834,2000,g559_b2000_i3,validation,other,g565_real_graph_000594,5a267044fdd80124143c0f8d27ef4f1e35b2ef0b75d4a996dc9f27b86cf416f9,447e7b5c27af572ddb6e81faf69d65abb894330cc8f78d62ddfbd16a5e5f1d41,g562_g565_expanded_solver_panel_b1_s565_7cd6140e34cc,g565_B1_phase5p5_repair5g565_scaling_b1_fold1_all_seed565,B1,565,artifacts/models/gcst/phase5p5_repair5g565_scaling_b1_fold1_all_seed565.pt,True,True,False,False,1.47072293098,1.38056282723,0.09016010375000016,-0.06530677342001155,0.9795698329843504,26.351712,1289.8432,60,63,7550,7936,True,True,True,True,True,True,True,True,True,1.2492616176605225,1.1622165441513062,1.2568947076797485,0.744052529335022,0.7502079010009766,1.0271269083023071,0.7057000398635864,0.98094242811203,0.9998460412025452,0.683508574962616,0.6498144865036011,0.3407077491283417,0.8883487582206726,1.0,10.820582389831543,False,False,False,False,False
g565_expanded_solver_panel_static_flow_supplement,g565_expanded_solver_panel,g559-synth-city-berlin-32,16,10900,500,g559_b500_i2,validation,other,g565_real_graph_000828,7c3f3a7fab8907fe16870c9ae0d554d4bfd624b9f98a10a569e15ac974caba1b,cf25c8e2a94029c8df7d0834ab7f9b8bd85ecad61b8a0cb8fed8fd7e5362c5a5,g562_g565_expanded_solver_panel_b2_s565_2fe9d9bead6d,g565_B2_phase5p5_repair5g565_scaling_b2_fold0_all_seed565,B2,565,artifacts/models/gcst/phase5p5_repair5g565_scaling_b2_fold0_all_seed565.pt,True,True,False,False,1.17151162791,1.08139534884,0.09011627906999986,-0.08333333333333319,0.9801086309495326,2.078477,104.4914,44,42,688,656,True,True,True,True,True,True,True,True,True,1.244728922843933,1.1701593399047852,1.2601665258407593,0.7390506267547607,0.7491881251335144,1.0183032751083374,0.7027931809425354,0.9811577200889587,1.0,0.6807436943054199,0.6504306793212891,0.33881455659866333,0.9044272303581238,1.0,10.82939624786377,False,False,False,False,False
g565_expanded_solver_panel_static_flow_supplement,g565_expanded_solver_panel,g559-synth-city-berlin-32,16,10900,500,g559_b500_i2,validation,other,g565_real_graph_000828,7c3f3a7fab8907fe16870c9ae0d554d4bfd624b9f98a10a569e15ac974caba1b,58690231471781118866b5ce92b3f41ce636b989f39e2871f67fc2edfbf0e03e,g562_g565_expanded_solver_panel_b2_s565_da89e16e241f,g565_B2_phase5p5_repair5g565_scaling_b2_fold1_all_seed565,B2,565,artifacts/models/gcst/phase5p5_repair5g565_scaling_b2_fold1_all_seed565.pt,True,True,False,False,1.17151162791,1.08139534884,0.09011627906999986,-0.08333333333333319,0.9801510746338933,2.074042,104.4914,44,42,688,656,True,True,True,True,True,True,True,True,True,1.2481985092163086,1.161108374595642,1.2601300477981567,0.74477219581604,0.7479202151298523,1.0325570106506348,0.7053067088127136,0.9810057282447815,0.9998275637626648,0.6851099729537964,0.6493873596191406,0.33977481722831726,0.8867071866989136,1.0,10.821023941040039,False,False,False,False,False
g565_expanded_solver_panel_static_flow_supplement,g565_expanded_solver_panel,g559-synth-city-berlin-32,16,10900,500,g559_b500_i2,validation,other,g565_real_graph_000828,7c3f3a7fab8907fe16870c9ae0d554d4bfd624b9f98a10a569e15ac974caba1b,04fd86327f533ba4e01d0505706d94af09a620ad7dc7ed5f6474284ea8660fde,g562_g565_expanded_solver_panel_b2_s565_c8a8db497e8c,g565_B2_phase5p5_repair5g565_scaling_b2_fold2_all_seed565,B2,565,artifacts/models/gcst/phase5p5_repair5g565_scaling_b2_fold2_all_seed565.pt,True,True,False,False,1.17151162791,1.08139534884,0.09011627906999986,-0.08333333333333319,0.98012976187514,2.076269,104.4914,44,42,688,656,True,True,True,True,True,True,True,True,True,1.248808741569519,1.1558951139450073,1.277665138244629,0.7466986775398254,0.756828248500824,1.0205014944076538,0.7090200781822205,0.9808878898620605,1.0,0.6820805072784424,0.6516011357307434,0.33879777789115906,0.9067688584327698,1.0,10.813837051391602,False,False,False,False,False
g565_expanded_solver_panel_static_flow_supplement,g565_expanded_solver_panel,g559-synth-string-40,64,9216,500,g559_b500_i4,heldout,other,g565_real_graph_000419,41cb4789283a6f047398f9c1eac538d5b37b5f1645989a2c3d5ba9560b47a391,61800f4ce22dae3491e5f63fc9e3cac9f48ee0648b89ead03538571c5e86882b,g562_g565_expanded_solver_panel_b1_s565_ee052287a937,g565_B1_phase5p5_repair5g565_scaling_b1_fold3_all_seed565,B1,565,artifacts/models/gcst/phase5p5_repair5g565_scaling_b1_fold3_all_seed565.pt,True,True,False,False,1.73119410836,1.64124145187,0.08995265648999995,-0.05480769230359711,0.9770371669748412,7.35686,320.3812,147,67,18254,4192,True,True,True,True,True,True,True,True,True,1.242787480354309,1.1655681133270264,1.2748825550079346,0.7497100830078125,0.7532985210418701,1.025909185409546,0.7064592838287354,0.9808717966079712,1.0,0.6789582967758179,0.6534641981124878,0.3446955978870392,0.898270308971405,0.9992702007293701,10.821928977966309,False,False,False,False,False
g565_expanded_solver_panel_static_flow_supplement,g565_expanded_solver_panel,g565-synth-checker-a-40,128,10154,2000,g559_b2000_i3,validation,other,g565_real_graph_000064,0ab0ea9e522d70d022f5da6fcc3b54b4c57c5899d79a45023e909a417aac0920,842762ca759f4040106b74e62da9645d405a01ebb6e461fed4863d9358e94ad8,g562_g565_expanded_solver_panel_b1_s565_6b107bd205e8,g565_B1_phase5p5_repair5g565_scaling_b1_fold0_all_seed565,B1,565,artifacts/models/gcst/phase5p5_repair5g565_scaling_b1_fold0_all_seed565.pt,True,True,False,False,1.4468503937,1.35695538058,0.08989501311999981,-0.06624758220242748,0.9727066311327718,33.977403,1244.8959,57,64,7164,8063,True,True,True,True,True,True,True,True,True,1.2419184446334839,1.1677271127700806,1.2625313997268677,0.7413292527198792,0.7506269812583923,1.0173929929733276,0.7031049728393555,0.9809489846229553,1.0,0.6816073656082153,0.6515212059020996,0.3412015736103058,0.8979146480560303,1.0,10.828396797180176,False,False,False,False,False
g565_expanded_solver_panel_static_flow_supplement,g565_expanded_solver_panel,g565-synth-checker-a-40,64,10794,2000,g559_b2000_i4,validation,other,g565_real_graph_000694,6a2de37075d4b28c3410f604306e9ae25ecd0a58dc34a13a9aecc80775b38070,6396020470b2ce555ba7f44faf4c447eab2a5e381b98c33815eec768c84375c1,g562_g565_expanded_solver_panel_b2_s565_bebb1c98c146,g565_B2_phase5p5_repair5g565_scaling_b2_fold2_all_seed565,B2,565,artifacts/models/gcst/phase5p5_repair5g565_scaling_b2_fold2_all_seed565.pt,True,True,False,False,1.36894492369,1.27936297279,0.08958195089999998,-0.07002074689143309,0.9775263186893856,13.378569,595.2994,49,47,3070,2944,True,True,True,True,True,True,True,True,True,1.247193455696106,1.159409999847412,1.2705328464508057,0.7495691776275635,0.7566941976547241,1.0140230655670166,0.7086097002029419,0.9811566472053528,1.0,0.6852495670318604,0.6512262225151062,0.341899037361145,0.8969748020172119,0.9974092245101929,10.837230682373047,False,False,False,False,False
g565_expanded_solver_panel_static_flow_supplement,g565_expanded_solver_panel,g559-synth-string-40,64,7176,500,g559_b500_i4,heldout,other,g565_real_graph_000514,4e61c5495c0a75c9f0d7677c9cfa5f5cd5365919766bb0d9e682121a0b9a4532,56a0f4465f338761510ac36e18a848f6a666e979a537736b6b6dd755ab145a37,g562_g565_expanded_solver_panel_e1_s565_9b18ce675fa1,g565_E1_phase5p5_repair5g565_expanded_e1_seed565,E1,565,artifacts/models/gcst/phase5p5_repair5g565_expanded_e1_seed565.pt,True,True,False,False,1.82371294852,1.73426937077,0.08944357775,-0.0515742128976699,0.987782431870842,5.159534,422.3045,81,101,5146,7575,True,True,True,True,True,True,True,True,True,1.2513713836669922,1.1692935228347778,1.2437771558761597,0.7345675230026245,0.7758618593215942,1.026223063468933,0.7068383097648621,0.9809942245483398,1.0,0.6793233752250671,0.6451246738433838,0.3383304476737976,0.905609667301178,1.0,10.818944931030273,False,False,False,False,False
g565_expanded_solver_panel_static_flow_supplement,g565_expanded_solver_panel,empty-16-16,32,10121,1000,g559_b1000_i3,validation,other,g565_real_graph_000937,8c6b8d0f1e8689493e205125f0b3d42dcb44c1994503d0b4424d20c2a11bf25c,6e48ceb6354a628b4fba38b19a45dc75fa1e59e3c56bbc11ca7962eb17981f2c,g562_g565_expanded_solver_panel_b1_s565_c69c34441b5c,g565_B1_phase5p5_repair5g565_scaling_b1_fold0_all_seed565,B1,565,artifacts/models/gcst/phase5p5_repair5g565_scaling_b1_fold0_all_seed565.pt,True,True,False,False,1.24538745387,1.15682656827,0.08856088559999997,-0.07655502391550374,0.9858712035203934,1.505833,106.579,38,27,1277,832,True,True,True,True,True,True,True,True,True,1.2419184446334839,1.1677271127700806,1.2625313997268677,0.7413292527198792,0.7506269812583923,1.0173929929733276,0.7031049728393555,0.9809489846229553,1.0,0.6816073656082153,0.6515212059020996,0.3412015736103058,0.8979146480560303,1.0,10.828396797180176,False,False,False,False,False
g565_expanded_solver_panel_static_flow_supplement,g565_expanded_solver_panel,empty-16-16,32,10121,1000,g559_b1000_i3,validation,other,g565_real_graph_000937,8c6b8d0f1e8689493e205125f0b3d42dcb44c1994503d0b4424d20c2a11bf25c,e6ff982d1f67834f0c35f466357e1664f68737905d9515ffe5a8015fd3314ab5,g562_g565_expanded_solver_panel_b1_s565_dd2eca1f2691,g565_B1_phase5p5_repair5g565_scaling_b1_fold2_all_seed565,B1,565,artifacts/models/gcst/phase5p5_repair5g565_scaling_b1_fold2_all_seed565.pt,True,True,False,False,1.24538745387,1.15682656827,0.08856088559999997,-0.07655502391550374,0.9858233141613264,1.510937,106.579,38,27,1277,832,True,True,True,True,True,True,True,True,True,1.2480440139770508,1.156984567642212,1.2668358087539673,0.7500779032707214,0.7517090439796448,1.0155653953552246,0.7070396542549133,0.9809726476669312,1.0,0.6840704679489136,0.6509780883789062,0.341921865940094,0.8938339352607727,1.0,10.826569557189941,False,False,False,False,False
g565_expanded_solver_panel_static_flow_supplement,g565_expanded_solver_panel,g565-synth-checker-a-40,64,10794,2000,g559_b2000_i4,validation,other,g565_real_graph_000694,6a2de37075d4b28c3410f604306e9ae25ecd0a58dc34a13a9aecc80775b38070,8d6fbf56cb0a773b795f20e061872f79d2b6d9a620bc541a39a93236cb347d79,g562_g565_expanded_solver_panel_b1_s565_e66ef40acabd,g565_B1_phase5p5_repair5g565_scaling_b1_fold0_all_seed565,B1,565,artifacts/models/gcst/phase5p5_repair5g565_scaling_b1_fold0_all_seed565.pt,True,True,False,False,1.36761778368,1.27936297279,0.08825481089000009,-0.06898340249564704,0.9770276250908366,13.675441,595.2994,60,47,4209,2944,True,True,True,True,True,True,True,True,True,1.2419184446334839,1.1677271127700806,1.2625313997268677,0.7413292527198792,0.7506269812583923,1.0173929929733276,0.7031049728393555,0.9809489846229553,1.0,0.6816073656082153,0.6515212059020996,0.3412015736103058,0.8979146480560303,1.0,10.828396797180176,False,False,False,False,False
g565_expanded_solver_panel_static_flow_supplement,g565_expanded_solver_panel,g565-synth-checker-a-40,128,10154,2000,g559_b2000_i3,validation,other,g565_real_graph_000064,0ab0ea9e522d70d022f5da6fcc3b54b4c57c5899d79a45023e909a417aac0920,0e584fe42718fb9744f5f5397e021672ff60b62c0f675efd41509b196a24a203,g562_g565_expanded_solver_panel_b1_s565_a514e56af2c4,g565_B1_phase5p5_repair5g565_scaling_b1_fold3_all_seed565,B1,565,artifacts/models/gcst/phase5p5_repair5g565_scaling_b1_fold3_all_seed565.pt,True,True,False,False,1.44291338583,1.35695538058,0.08595800524999997,-0.06334622824020872,0.977958969902624,27.438788,1244.8959,63,64,7932,8063,True,True,True,True,True,True,True,True,True,1.242787480354309,1.1655681133270264,1.2748825550079346,0.7497100830078125,0.7532985210418701,1.025909185409546,0.7064592838287354,0.9808717966079712,1.0,0.6789582967758179,0.6534641981124878,0.3446955978870392,0.898270308971405,0.9992702007293701,10.821928977966309,False,False,False,False,False
g565_expanded_solver_panel_static_flow_supplement,g565_expanded_solver_panel,g559-synth-string-40,16,7576,500,g559_b500_i2,heldout,other,g565_real_graph_000939,8cac2d5b3d294e2a2f07ff094f284117ebff5610d78bb33a2a7004bcafc4c354,e3b3e36f32efe51c34390204ef5cf8d0f7bf01d987821aae3e1a4329bf5cfad9,g562_g565_expanded_solver_panel_b2_s565_4b6c421d79ad,g565_B2_phase5p5_repair5g565_scaling_b2_fold0_all_seed565,B2,565,artifacts/models/gcst/phase5p5_repair5g565_scaling_b2_fold0_all_seed565.pt,True,True,False,False,1.14928425358,1.06339468303,0.08588957055000002,-0.08076923076695215,0.984782827818862,1.192655,78.3756,44,40,682,623,True,True,True,True,True,True,True,True,True,1.2447490692138672,1.1701217889785767,1.2601439952850342,0.7390933632850647,0.7491928339004517,1.018356204032898,0.7027578949928284,0.9811517000198364,1.0,0.6807684898376465,0.6504380106925964,0.33879905939102173,0.904144823551178,1.0,10.82922077178955,False,False,False,False,False
g565_expanded_solver_panel_static_flow_supplement,g565_expanded_solver_panel,empty-16-16,96,10801,1000,g559_b1000_i2,validation,other,g565_real_graph_000951,8e399685fee2b7ab158f9f0f44f6cffb11fe86423d723d61e9a841ff6dacdc36,8eaaf3b81437f26689706fefef722bb5207ac5ed8a9ae1c26ac48cb34f0498b3,g562_g565_expanded_solver_panel_e1_s565_d1e0b7411327,g565_E1_phase5p5_repair5g565_expanded_e1_seed565,E1,565,artifacts/models/gcst/phase5p5_repair5g565_expanded_e1_seed565.pt,True,True,False,False,1.98270893372,1.8969740634,0.08573487031999982,-0.0451955943806289,0.9847352506561743,4.777691,312.9885,39,35,3648,3263,True,True,True,True,True,True,True,True,True,1.244132399559021,1.1701892614364624,1.2560869455337524,0.7414761781692505,0.7647073864936829,1.0345005989074707,0.6889129877090454,0.9810727834701538,1.0,0.6812095046043396,0.6515501141548157,0.33987948298454285,0.8909323811531067,1.0,10.812231063842773,False,False,False,False,False
g565_expanded_solver_panel_static_flow_supplement,g565_expanded_solver_panel,g559-synth-string-40,64,7416,500,g559_b500_i4,heldout,other,g565_real_graph_000844,7e9f7e18fcd118e1f585dbf172534008c63a1b2df172b229087c81e90efd64f1,abc5ea25966264eea7d30b29b18139447f37d31aac2c62706a894978b170316c,g562_g565_expanded_solver_panel_e1_s565_7e8f88132478,g565_E1_phase5p5_repair5g565_expanded_e1_seed565,E1,565,artifacts/models/gcst/phase5p5_repair5g565_expanded_e1_seed565.pt,True,True,False,False,1.71064935065,1.62493506494,0.08571428570999995,-0.052749360611013034,0.9844273429565772,5.216538,334.9806,86,83,5401,5214,True,True,True,True,True,True,True,True,True,1.251081109046936,1.1702911853790283,1.2425439357757568,0.7353503108024597,0.7770217061042786,1.0239605903625488,0.7074686288833618,0.980988085269928,1.0,0.6801245808601379,0.6458240747451782,0.3374967575073242,0.9030972719192505,1.0,10.816088676452637,False,False,False,False,False
g565_expanded_solver_panel_static_flow_supplement,g565_expanded_solver_panel,g559-synth-warehouse-b-36,32,7691,5000,g559_b5000_i3,heldout,other,g565_real_graph_000965,912891ba2c3cd962744d5ded1d76b46b633579ffc885377f9a5a03a60fb4f9b2,ef1565d066543f1ed540b7b3b4452af5f0f4a1fa962e430bd56becca9dbe955e,g562_g565_expanded_solver_panel_b2_s565_99b9ba3c2898,g565_B2_phase5p5_repair5g565_scaling_b2_fold3_all_seed565,B2,565,artifacts/models/gcst/phase5p5_repair5g565_scaling_b2_fold3_all_seed565.pt,True,True,False,False,1.20102651839,1.11548331908,0.08554319930999998,-0.07668711655908234,0.9803214509037734,4.043932,205.4995,67,56,2205,1759,True,True,True,True,True,True,True,True,True,1.2435874938964844,1.1742092370986938,1.262758731842041,0.7456467747688293,0.7540690302848816,1.0342057943344116,0.6928589344024658,0.98017418384552,1.0,0.6801022887229919,0.6518625617027283,0.34309613704681396,0.8972871899604797,0.9857907295227051,10.827016830444336,False,False,False,False,False
g565_expanded_solver_panel_static_flow_supplement,g565_expanded_solver_panel,g559-synth-warehouse-a-32,128,11690,2000,g559_b2000_i3,validation,other,g565_real_graph_000776,76a152c852898ed680162cf49a045453b3b045e32cf3efa2b4c35a51edfe1e22,c29a523aab0f09fbe3747d14299089a8eb7c9ee714315faed338dee5861325e9,g562_g565_expanded_solver_panel_b1_s565_6db6d0c3953f,g565_B1_phase5p5_repair5g565_scaling_b1_fold3_all_seed565,B1,565,artifacts/models/gcst/phase5p5_repair5g565_scaling_b1_fold3_all_seed565.pt,True,True,False,False,1.38747099768,1.30228704011,0.08518395756999997,-0.06541104606462547,0.9838387805035255,13.991217,865.7278,57,68,7168,9592,True,True,True,True,True,True,True,True,True,1.242787480354309,1.1655681133270264,1.2748825550079346,0.7497100830078125,0.7532985210418701,1.025909185409546,0.7064592838287354,0.9808717966079712,1.0,0.6789582967758179,0.6534641981124878,0.3446955978870392,0.898270308971405,0.9992702007293701,10.821928977966309,False,False,False,False,False
g565_expanded_solver_panel_static_flow_supplement,g565_expanded_solver_panel,g565-synth-checker-a-40,64,11274,2000,g559_b2000_i4,validation,other,g565_real_graph_000729,7032be809752d5cbdeb4d6230da5e8f94b4c4018fbca874384674fa745e8ce08,8e3b687bf6ee4301e549584dbe919243790fe12d163be9ffca2f0303e09ffe81,g562_g565_expanded_solver_panel_e1_s565_884a7e1a5773,g565_E1_phase5p5_repair5g565_expanded_e1_seed565,E1,565,artifacts/models/gcst/phase5p5_repair5g565_expanded_e1_seed565.pt,True,True,False,False,1.35880829016,1.27396373057,0.08484455959000003,-0.06659888154903647,0.9788019753478167,13.574649,640.3733,52,56,3261,3520,True,True,True,True,True,True,True,True,True,1.2359119653701782,1.1695767641067505,1.2821482419967651,0.7339265942573547,0.7587311863899231,1.0426137447357178,0.7085691094398499,0.9813777804374695,1.0,0.6762813925743103,0.6468963027000427,0.3482516407966614,0.8849047422409058,1.0,10.83810806274414,False,False,False,False,False
g565_expanded_solver_panel_static_flow_supplement,g565_expanded_solver_panel,empty-16-16,32,9041,1000,g559_b1000_i3,validation,other,g565_real_graph_000465,48664712616727101923592696ea5d4c0981a38b286c07ec1424e993509f5e97,718b832f3b9b96f19dd60ab1b0a1ab41773a69704265e8feedf8a00ba7c9f98b,g562_g565_expanded_solver_panel_e1_s565_3718f6441a6c,g565_E1_phase5p5_repair5g565_expanded_e1_seed565,E1,565,artifacts/models/gcst/phase5p5_repair5g565_expanded_e1_seed565.pt,True,True,False,False,1.22682445759,1.14201183432,0.08481262326999994,-0.07426597581670491,0.9833598782707932,1.531016,92.0075,38,28,1184,864,True,True,True,True,True,True,True,True,True,1.2507565021514893,1.1688803434371948,1.2569442987442017,0.725189745426178,0.7646618485450745,1.0342079401016235,0.7022321820259094,0.9811990857124329,1.0,0.6749891042709351,0.6414803266525269,0.3480917811393738,0.9303339123725891,1.0,10.843887329101562,False,False,False,False,False
g565_expanded_solver_panel_static_flow_supplement,g565_expanded_solver_panel,empty-16-16,32,9041,1000,g559_b1000_i3,validation,other,g565_real_graph_000465,48664712616727101923592696ea5d4c0981a38b286c07ec1424e993509f5e97,acd957bcdbaf7f24ccc8702a984fb493b1f6f23a7e3125e4fcce9614a2738a3e,g562_g565_expanded_solver_panel_e2_s565_d08d9ef9c5e2,g565_E2_phase5p5_repair5g565_expanded_e2_seed565,E2,565,artifacts/models/gcst/phase5p5_repair5g565_expanded_e2_seed565.pt,True,True,False,False,1.22682445759,1.14201183432,0.08481262326999994,-0.07426597581670491,0.9836764394206994,1.50189,92.0075,38,28,1184,864,True,True,True,True,True,True,True,True,True,1.2485297918319702,1.1698474884033203,1.260677695274353,0.7296170592308044,0.7629894018173218,1.0320910215377808,0.7010002136230469,0.9810352325439453,1.0,0.6775830388069153,0.6364734172821045,0.3456708788871765,0.9315155744552612,1.0,10.82894515991211,False,False,False,False,False
g565_expanded_solver_panel_static_flow_supplement,g565_expanded_solver_panel,empty-16-16,96,10801,1000,g559_b1000_i2,validation,other,g565_real_graph_000951,8e399685fee2b7ab158f9f0f44f6cffb11fe86423d723d61e9a841ff6dacdc36,4e399b229e57d2fe25da7f055750064f4612d65545eda37a70361a750162533f,g562_g565_expanded_solver_panel_b1_s565_d1cbd5bf80b3,g565_B1_phase5p5_repair5g565_scaling_b1_fold0_all_seed565,B1,565,artifacts/models/gcst/phase5p5_repair5g565_scaling_b1_fold0_all_seed565.pt,True,True,False,False,1.98054755043,1.8969740634,0.08357348703,-0.044056209645907805,0.9844571541765912,4.864732,312.9885,46,35,4602,3263,True,True,True,True,True,True,True,True,True,1.2419184446334839,1.1677271127700806,1.2625313997268677,0.7413292527198792,0.7506269812583923,1.0173929929733276,0.7031049728393555,0.9809489846229553,1.0,0.6816073656082153,0.6515212059020996,0.3412015736103058,0.8979146480560303,1.0,10.828396797180176,False,False,False,False,False
g565_expanded_solver_panel_static_flow_supplement,g565_expanded_solver_panel,g565-synth-checker-a-40,64,11274,2000,g559_b2000_i4,validation,other,g565_real_graph_000729,7032be809752d5cbdeb4d6230da5e8f94b4c4018fbca874384674fa745e8ce08,15289b116407233b84b6ca0fc2ee53e05c4e6467f9bd520c4f28aea1981c8168,g562_g565_expanded_solver_panel_b2_s565_dcef2c7dc980,g565_B2_phase5p5_repair5g565_scaling_b2_fold0_all_seed565,B2,565,artifacts/models/gcst/phase5p5_repair5g565_scaling_b2_fold0_all_seed565.pt,True,True,False,False,1.35751295337,1.27396373057,0.0835492228000001,-0.06558210472963645,0.9788438337450983,13.547844,640.3733,49,56,3070,3520,True,True,True,True,True,True,True,True,True,1.2431809902191162,1.1725542545318604,1.2619692087173462,0.7385269403457642,0.7501827478408813,1.016309380531311,0.7018489241600037,0.9810287356376648,1.0,0.6818448901176453,0.6506110429763794,0.34069937467575073,0.9047553539276123,1.0,10.832601547241211,False,False,False,False,False
g565_expanded_solver_panel_static_flow_supplement,g565_expanded_solver_panel,g559-synth-warehouse-a-32,128,7730,2000,g559_b2000_i3,validation,other,g565_real_graph_000211,1fb684150ada82a4c84eb6df1d2bfebaac9a9f0a68e169199b806bb65b8d7e6b,269e9c23971ba352e625ddd336c2de2a02a5fb5145c2e219120b1fdeb4c5fedd,g562_g565_expanded_solver_panel_b2_s565_6c8871ab8105,g565_B2_phase5p5_repair5g565_scaling_b2_fold0_all_seed565,B2,565,artifacts/models/gcst/phase5p5_repair5g565_scaling_b2_fold0_all_seed565.pt,True,True,False,False,1.43132690389,1.34785500499,0.08347189890000006,-0.0619294349844547,0.9825622879442001,13.160672,754.7247,58,66,7296,8320,True,True,True,True,True,True,True,True,True,1.243594765663147,1.1714696884155273,1.261464238166809,0.7395223379135132,0.7503223419189453,1.0173455476760864,0.7010428309440613,0.9808430671691895,1.0,0.6825291514396667,0.6507958769798279,0.3402426838874817,0.8967435956001282,1.0,10.826509475708008,False,False,False,False,False
g565_expanded_solver_panel_static_flow_supplement,g565_expanded_solver_panel,g565-synth-checker-a-40,64,8634,2000,g559_b2000_i4,validation,other,g565_real_graph_000994,94b01947d2c9d7482cfe92781294aa4335a160edd4b7db335ea00e31e94f9244,c60e92d5a0ebdbd3f67314e24c87c4465469a2fb9734048a2f06f5a08ab6a6ac,g562_g565_expanded_solver_panel_b2_s565_954667627e74,g565_B2_phase5p5_repair5g565_scaling_b2_fold2_all_seed565,B2,565,artifacts/models/gcst/phase5p5_repair5g565_scaling_b2_fold2_all_seed565.pt,True,True,False,False,1.40584878745,1.32239657632,0.08345221113000001,-0.06310679611878081,0.9797773736376235,13.458172,665.5007,49,45,3072,2816,True,True,True,True,True,True,True,True,True,1.247193455696106,1.159409999847412,1.2705328464508057,0.7495691776275635,0.7566941976547241,1.0140230655670166,0.7086097002029419,0.9811566472053528,1.0,0.6852495670318604,0.6512262225151062,0.341899037361145,0.8969748020172119,0.9974092245101929,10.837230682373047,False,False,False,False,False
g565_expanded_solver_panel_static_flow_supplement,g565_expanded_solver_panel,g565-synth-checker-a-40,128,9554,2000,g559_b2000_i3,validation,other,g565_real_graph_000431,43e600f7155aaeca33b55f271faf3d20714ee74a6d0061248018f3786dd3335e,50ff095acbda29ae7f96855df030e68e7c8b8a095a83e208a3c2b33533cfc66e,g562_g565_expanded_solver_panel_b2_s565_6e0dc58a125d,g565_B2_phase5p5_repair5g565_scaling_b2_fold2_all_seed565,B2,565,artifacts/models/gcst/phase5p5_repair5g565_scaling_b2_fold2_all_seed565.pt,True,True,False,False,1.41578014184,1.33274231678,0.0830378250599999,-0.06230598669713225,0.9791617030683232,26.319365,1263.0286,64,57,8060,7167,True,True,True,True,True,True,True,True,True,1.2469844818115234,1.1582494974136353,1.2694305181503296,0.7511727809906006,0.7554806470870972,1.0116199254989624,0.7069055438041687,0.9811126589775085,1.0,0.6862678527832031,0.6516603231430054,0.3434774875640869,0.8866766691207886,0.9965597987174988,10.83204460144043,False,False,False,False,False
g565_expanded_solver_panel_static_flow_supplement,g565_expanded_solver_panel,g565-synth-checker-a-40,64,9714,2000,g559_b2000_i4,validation,other,g565_real_graph_000581,591297e01f4e90b471c5c6afe5893c9ec56404475e51db15fe47cf3ed638d9d6,49f5a61f0d53f13ed6ac9f0ac54b766199c7be7a3c447d03acf95405849235da,g562_g565_expanded_solver_panel_b1_s565_e8ad3e319638,g565_B1_phase5p5_repair5g565_scaling_b1_fold0_all_seed565,B1,565,artifacts/models/gcst/phase5p5_repair5g565_scaling_b1_fold0_all_seed565.pt,True,True,False,False,1.32390572391,1.24107744108,0.08282828282999999,-0.06673901248089874,0.9785620829196596,13.385516,624.3851,52,51,3264,3200,True,True,True,True,True,True,True,True,True,1.2419184446334839,1.1677271127700806,1.2625313997268677,0.7413292527198792,0.7506269812583923,1.0173929929733276,0.7031049728393555,0.9809489846229553,1.0,0.6816073656082153,0.6515212059020996,0.3412015736103058,0.8979146480560303,1.0,10.828396797180176,False,False,False,False,False
g565_expanded_solver_panel_static_flow_supplement,g565_expanded_solver_panel,g559-synth-string-40,16,10936,500,g559_b500_i2,heldout,other,g565_real_graph_000784,77d8a5672a98cb15f0d21e632778f1a1bb4ae710cb900222b207530c978a1721,e235eca2bebeddb430032807081aac038c5bb3559322a71e66510e11c8a80a27,g562_g565_expanded_solver_panel_e2_s565_9c7b616556e9,g565_E2_phase5p5_repair5g565_expanded_e2_seed565,E2,565,artifacts/models/gcst/phase5p5_repair5g565_expanded_e2_seed565.pt,True,True,False,False,1.12951167728,1.04670912951,0.08280254777000007,-0.07910750507045138,0.9808332035804865,1.107883,57.8022,38,38,590,592,True,True,True,True,True,True,True,True,True,1.2500511407852173,1.1710821390151978,1.2610810995101929,0.7274898290634155,0.7619097232818604,1.029240608215332,0.7039722204208374,0.9810142517089844,1.0,0.6768388152122498,0.6331655979156494,0.34655261039733887,0.9383237361907959,1.0,10.834360122680664,False,False,False,False,False
g565_expanded_solver_panel_static_flow_supplement,g565_expanded_solver_panel,g559-synth-string-40,16,7216,500,g559_b500_i2,heldout,other,g565_real_graph_000584,5962c1322ec2cd3b42955b965d9a9b96482ee2aa6d0d1852e52ed5ef26f5b0fe,456a03e15317305d3a4d54089534966da78a63e5e648b85f28c1574d81f6d4ad,g562_g565_expanded_solver_panel_b2_s565_c59c81195470,g565_B2_phase5p5_repair5g565_scaling_b2_fold0_all_seed565,B2,565,artifacts/models/gcst/phase5p5_repair5g565_scaling_b2_fold0_all_seed565.pt,True,True,False,False,1.1917211329,1.10893246187,0.08278867102999987,-0.07465618861079493,0.9888092963113417,1.17354,104.8674,44,42,684,654,True,True,True,True,True,True,True,True,True,1.2447490692138672,1.1701217889785767,1.2601439952850342,0.7390933632850647,0.7491928339004517,1.018356204032898,0.7027578949928284,0.9811517000198364,1.0,0.6807684898376465,0.6504380106925964,0.33879905939102173,0.904144823551178,1.0,10.82922077178955,False,False,False,False,False
g565_expanded_solver_panel_static_flow_supplement,g565_expanded_solver_panel,g559-synth-string-40,16,7216,500,g559_b500_i2,heldout,other,g565_real_graph_000584,5962c1322ec2cd3b42955b965d9a9b96482ee2aa6d0d1852e52ed5ef26f5b0fe,ed7851fa346edc23086018d29cdc402991e69e8a792ab8205a6561533e3f598e,g562_g565_expanded_solver_panel_b2_s565_414645217ec8,g565_B2_phase5p5_repair5g565_scaling_b2_fold2_all_seed565,B2,565,artifacts/models/gcst/phase5p5_repair5g565_scaling_b2_fold2_all_seed565.pt,True,True,False,False,1.1917211329,1.10893246187,0.08278867102999987,-0.07465618861079493,0.9891717349719742,1.135532,104.8674,44,42,684,654,True,True,True,True,True,True,True,True,True,1.2487990856170654,1.1558725833892822,1.2775943279266357,0.7467648386955261,0.7567888498306274,1.020422339439392,0.7089722752571106,0.9808862805366516,1.0,0.6821367740631104,0.6516226530075073,0.33884042501449585,0.9064092040061951,1.0,10.8137845993042,False,False,False,False,False
g565_expanded_solver_panel_static_flow_supplement,g565_expanded_solver_panel,g565-synth-checker-a-40,128,8474,2000,g559_b2000_i3,validation,other,g565_real_graph_000366,382512b031882678d3e768c79bd4d0396133a820848a0b825ba3a40d1e9eac63,46684d2ceb92a3cf2b5f37bb08074060aa00407812479efb685032604ecb8c4a,g562_g565_expanded_solver_panel_b2_s565_afe4583c3e9f,g565_B2_phase5p5_repair5g565_scaling_b2_fold3_all_seed565,B2,565,artifacts/models/gcst/phase5p5_repair5g565_scaling_b2_fold3_all_seed565.pt,True,True,False,False,1.44246404003,1.35991244528,0.08255159474999996,-0.060703610027631555,0.9788970694415777,27.093736,1283.885,66,64,8821,8059,True,True,True,True,True,True,True,True,True,1.2414817810058594,1.1615246534347534,1.261405348777771,0.7507709860801697,0.7494720816612244,1.021997094154358,0.7031163573265076,0.9805025458335876,1.0,0.6826686263084412,0.6546787023544312,0.3454987704753876,0.8901146650314331,0.9950419664382935,10.80972957611084,False,False,False,False,False
g565_expanded_solver_panel_static_flow_supplement,g565_expanded_solver_panel,g565-synth-checker-a-40,64,11274,2000,g559_b2000_i4,validation,other,g565_real_graph_000729,7032be809752d5cbdeb4d6230da5e8f94b4c4018fbca874384674fa745e8ce08,f5183c6ea6701463072925225be90e2f8bb46c61eb12064e01eb3e97758a19c4,g562_g565_expanded_solver_panel_b1_s565_5592d16ff52d,g565_B1_phase5p5_repair5g565_scaling_b1_fold3_all_seed565,B1,565,artifacts/models/gcst/phase5p5_repair5g565_scaling_b1_fold3_all_seed565.pt,True,True,False,False,1.35621761658,1.27396373057,0.08225388600999994,-0.06456532791023627,0.9788264735584697,13.558961,640.3733,51,56,3200,3520,True,True,True,True,True,True,True,True,True,1.242787480354309,1.1655681133270264,1.2748825550079346,0.7497100830078125,0.7532985210418701,1.025909185409546,0.7064592838287354,0.9808717966079712,1.0,0.6789582967758179,0.6534641981124878,0.3446955978870392,0.898270308971405,0.9992702007293701,10.821928977966309,False,False,False,False,False
g565_expanded_solver_panel_static_flow_supplement,g565_expanded_solver_panel,g565-synth-checker-a-40,128,11594,2000,g559_b2000_i3,validation,other,g565_real_graph_000012,01ae910acb51c61004526b69998001770a9e05aee319bb36111678fdf258bb05,86c6576669ea86c4ab4417c0cc0f97f52ac5dbb024a59e5ce4ac229f8c0bc35b,g562_g565_expanded_solver_panel_b1_s565_8595b9743d96,g565_B1_phase5p5_repair5g565_scaling_b1_fold2_all_seed565,B1,565,artifacts/models/gcst/phase5p5_repair5g565_scaling_b1_fold2_all_seed565.pt,True,True,False,False,1.49010399195,1.40825226434,0.08185172761000015,-0.05812291567545341,0.978932764366205,30.533088,1449.3163,66,68,8313,9205,True,True,True,True,True,True,True,True,True,1.2480440139770508,1.156984567642212,1.2668358087539673,0.7500779032707214,0.7517090439796448,1.0155653953552246,0.7070396542549133,0.9809726476669312,1.0,0.6840704679489136,0.6509780883789062,0.341921865940094,0.8938339352607727,1.0,10.826569557189941,False,False,False,False,False
g565_expanded_solver_panel_static_flow_supplement,g565_expanded_solver_panel,empty-16-16,32,8081,1000,g559_b1000_i3,validation,other,g565_real_graph_000304,2e67e0e49cc11e60b1fcaaadf9f7c68d6fa8c7aa818cda931e08ddb4ba9f609b,35df32cdaef94c86df4179557e9629af75c2234a26bdfd8238addea1b89c6a0f,g562_g565_expanded_solver_panel_b1_s565_d716ca42e95e,g565_B1_phase5p5_repair5g565_scaling_b1_fold1_all_seed565,B1,565,artifacts/models/gcst/phase5p5_repair5g565_scaling_b1_fold1_all_seed565.pt,True,True,False,False,1.27902240326,1.19755600815,0.08146639510999987,-0.06802721088247907,0.9834676985525652,1.447484,87.5549,32,27,992,832,True,True,True,True,True,True,True,True,True,1.2492616176605225,1.1622165441513062,1.2568947076797485,0.744052529335022,0.7502079010009766,1.0271269083023071,0.7057000398635864,0.98094242811203,0.9998460412025452,0.683508574962616,0.6498144865036011,0.3407077491283417,0.8883487582206726,1.0,10.820582389831543,False,False,False,False,False
g565_expanded_solver_panel_static_flow_supplement,g565_expanded_solver_panel,empty-16-16,32,8081,1000,g559_b1000_i3,validation,other,g565_real_graph_000304,2e67e0e49cc11e60b1fcaaadf9f7c68d6fa8c7aa818cda931e08ddb4ba9f609b,f03ea0bbd8434cfbaf334a04f7e7ce47e64a7fce062caf94b99a647f4700e08e,g562_g565_expanded_solver_panel_b2_s565_3545016020d2,g565_B2_phase5p5_repair5g565_scaling_b2_fold2_all_seed565,B2,565,artifacts/models/gcst/phase5p5_repair5g565_scaling_b2_fold2_all_seed565.pt,True,True,False,False,1.27902240326,1.19755600815,0.08146639510999987,-0.06802721088247907,0.9832822377731,1.463722,87.5549,34,27,1087,832,True,True,True,True,True,True,True,True,True,1.2480815649032593,1.1569132804870605,1.2749660015106201,0.7480843663215637,0.7563661932945251,1.0177582502365112,0.7090199589729309,0.9809713959693909,1.0,0.6836754083633423,0.6517757773399353,0.3400724530220032,0.9018259048461914,1.0,10.822531700134277,False,False,False,False,False
g565_expanded_solver_panel_static_flow_supplement,g565_expanded_solver_panel,g559-synth-game-den-32,64,9258,2000,g559_b2000_i4,validation,other,g565_real_graph_000335,328f3c32c91683073354a36cd2cf9dc8ecdaf0bd9cf65017864716b2be994ac3,dc1879586cba84c80e38270354cc88a8270ebc2f3886fac4d24e1163ebc48c5e,g562_g565_expanded_solver_panel_b2_s565_8f0c697184c1,g565_B2_phase5p5_repair5g565_scaling_b2_fold0_all_seed565,B2,565,artifacts/models/gcst/phase5p5_repair5g565_scaling_b2_fold0_all_seed565.pt,True,True,False,False,1.10690717114,1.02623713052,0.08067004062000005,-0.0786076026884002,0.9811855383800718,8.065374,428.6795,59,71,3711,4475,True,True,True,True,True,True,True,True,True,1.2432091236114502,1.1725026369094849,1.2619407176971436,0.7385925650596619,0.7501916885375977,1.0163816213607788,0.7017915844917297,0.9810189604759216,1.0,0.6818849444389343,0.6506229639053345,0.3406793773174286,0.9043145775794983,1.0,10.832340240478516,False,False,False,False,False
g565_expanded_solver_panel_static_flow_supplement,g565_expanded_solver_panel,g565-synth-checker-a-40,128,9554,2000,g559_b2000_i3,validation,other,g565_real_graph_000431,43e600f7155aaeca33b55f271faf3d20714ee74a6d0061248018f3786dd3335e,973345d787833b080ffcbb62c462b035056882709a656b63e1f55fa329101378,g562_g565_expanded_solver_panel_b1_s565_d9cdbb0a82b4,g565_B1_phase5p5_repair5g565_scaling_b1_fold0_all_seed565,B1,565,artifacts/models/gcst/phase5p5_repair5g565_scaling_b1_fold0_all_seed565.pt,True,True,False,False,1.41312056738,1.33274231678,0.08037825059999992,-0.06031042129299194,0.9790687922664618,26.436714,1263.0286,67,57,8448,7167,True,True,True,True,True,True,True,True,True,1.2419184446334839,1.1677271127700806,1.2625313997268677,0.7413292527198792,0.7506269812583923,1.0173929929733276,0.7031049728393555,0.9809489846229553,1.0,0.6816073656082153,0.6515212059020996,0.3412015736103058,0.8979146480560303,1.0,10.828396797180176,False,False,False,False,False
g565_expanded_solver_panel_static_flow_supplement,g565_expanded_solver_panel,g559-synth-string-40,64,9216,500,g559_b500_i4,heldout,other,g565_real_graph_000419,41cb4789283a6f047398f9c1eac538d5b37b5f1645989a2c3d5ba9560b47a391,55260bb8eb22a19312e13c50a7f7846379deadac62ffe81e86a294cff2b51f37,g562_g565_expanded_solver_panel_b2_s565_0ce89a797634,g565_B2_phase5p5_repair5g565_scaling_b2_fold0_all_seed565,B2,565,artifacts/models/gcst/phase5p5_repair5g565_scaling_b2_fold0_all_seed565.pt,True,True,False,False,1.72119936875,1.64124145187,0.07995791687999998,-0.04871794871430856,0.9711825631466515,9.232565,320.3812,179,67,30349,4192,True,True,True,True,True,True,True,True,True,1.2448914051055908,1.169713020324707,1.259981632232666,0.739479124546051,0.7492467164993286,1.0187032222747803,0.7024657130241394,0.981072723865509,1.0,0.6810890436172485,0.6505330204963684,0.3386201858520508,0.9007475972175598,1.0,10.826581001281738,False,False,False,False,False
g565_expanded_solver_panel_static_flow_supplement,g565_expanded_solver_panel,g565-synth-checker-a-40,128,11834,2000,g559_b2000_i3,validation,other,g565_real_graph_000594,5a267044fdd80124143c0f8d27ef4f1e35b2ef0b75d4a996dc9f27b86cf416f9,064bb8fa6de3e45d7a3c0fceb07eab5b49e827e28ec687d96b9a12e94dc59b38,g562_g565_expanded_solver_panel_b1_s565_2a9f3f16e718,g565_B1_phase5p5_repair5g565_scaling_b1_fold0_all_seed565,B1,565,artifacts/models/gcst/phase5p5_repair5g565_scaling_b1_fold0_all_seed565.pt,True,True,False,False,1.45992803402,1.38056282723,0.07936520679000014,-0.05748757334661887,0.9796411850680765,26.259679,1289.8432,60,63,7552,7936,True,True,True,True,True,True,True,True,True,1.2419184446334839,1.1677271127700806,1.2625313997268677,0.7413292527198792,0.7506269812583923,1.0173929929733276,0.7031049728393555,0.9809489846229553,1.0,0.6816073656082153,0.6515212059020996,0.3412015736103058,0.8979146480560303,1.0,10.828396797180176,False,False,False,False,False
g565_expanded_solver_panel_static_flow_supplement,g565_expanded_solver_panel,g559-synth-warehouse-a-32,128,11690,2000,g559_b2000_i3,validation,other,g565_real_graph_000776,76a152c852898ed680162cf49a045453b3b045e32cf3efa2b4c35a51edfe1e22,7c34ed612564344c6bc2ebfe64321249a312afc0559d23aa938a789ab396dbf0,g562_g565_expanded_solver_panel_b2_s565_8eea9bbf1f64,g565_B2_phase5p5_repair5g565_scaling_b2_fold1_all_seed565,B2,565,artifacts/models/gcst/phase5p5_repair5g565_scaling_b2_fold1_all_seed565.pt,True,True,False,False,1.38051044084,1.30228704011,0.07822340073,-0.06006617459956656,0.9841223003350476,13.745766,865.7278,57,68,7168,9592,True,True,True,True,True,True,True,True,True,1.248104214668274,1.1613010168075562,1.2615150213241577,0.7440260648727417,0.7482338547706604,1.0318191051483154,0.7064080834388733,0.9810956716537476,0.9998278617858887,0.6855058073997498,0.6496145129203796,0.34021231532096863,0.8892713189125061,1.0,10.825189590454102,False,False,False,False,False
g565_expanded_solver_panel_static_flow_supplement,g565_expanded_solver_panel,g559-synth-string-40,16,7576,500,g559_b500_i2,heldout,other,g565_real_graph_000939,8cac2d5b3d294e2a2f07ff094f284117ebff5610d78bb33a2a7004bcafc4c354,3d76b5c0a713c4697b3af7abfe26862015472e7f0fab5a1e25eb0ead29eb6642,g562_g565_expanded_solver_panel_b2_s565_1b7c382fd831,g565_B2_phase5p5_repair5g565_scaling_b2_fold2_all_seed565,B2,565,artifacts/models/gcst/phase5p5_repair5g565_scaling_b2_fold2_all_seed565.pt,True,True,False,False,1.14110429448,1.06339468303,0.07770961145,-0.07307692307486145,0.9852748814682121,1.15409,78.3756,44,40,682,623,True,True,True,True,True,True,True,True,True,1.2487990856170654,1.1558725833892822,1.2775943279266357,0.7467648386955261,0.7567888498306274,1.020422339439392,0.7089722752571106,0.9808862805366516,1.0,0.6821367740631104,0.6516226530075073,0.33884042501449585,0.9064092040061951,1.0,10.8137845993042,False,False,False,False,False
g565_expanded_solver_panel_static_flow_supplement,g565_expanded_solver_panel,empty-16-16,32,9041,1000,g559_b1000_i3,validation,other,g565_real_graph_000465,48664712616727101923592696ea5d4c0981a38b286c07ec1424e993509f5e97,533994039f09fc53753d97a9151f4afa624cfc1482b33875fc1538b25c01674f,g562_g565_expanded_solver_panel_b1_s565_c2ca2fc2eab9,g565_B1_phase5p5_repair5g565_scaling_b1_fold0_all_seed565,B1,565,artifacts/models/gcst/phase5p5_repair5g565_scaling_b1_fold0_all_seed565.pt,True,True,False,False,1.21893491124,1.14201183432,0.07692307692,-0.06735751295064565,0.9840660489633998,1.466043,92.0075,32,28,992,864,True,True,True,True,True,True,True,True,True,1.2419184446334839,1.1677271127700806,1.2625313997268677,0.7413292527198792,0.7506269812583923,1.0173929929733276,0.7031049728393555,0.9809489846229553,1.0,0.6816073656082153,0.6515212059020996,0.3412015736103058,0.8979146480560303,1.0,10.828396797180176,False,False,False,False,False
g565_expanded_solver_panel_static_flow_supplement,g565_expanded_solver_panel,empty-16-16,32,9041,1000,g559_b1000_i3,validation,other,g565_real_graph_000465,48664712616727101923592696ea5d4c0981a38b286c07ec1424e993509f5e97,a92e2568f5da2159ea8927d539cc78d9d376ea341f111f5f12d801669a07e6b4,g562_g565_expanded_solver_panel_b1_s565_bd4c47b5bef2,g565_B1_phase5p5_repair5g565_scaling_b1_fold3_all_seed565,B1,565,artifacts/models/gcst/phase5p5_repair5g565_scaling_b1_fold3_all_seed565.pt,True,True,False,False,1.21893491124,1.14201183432,0.07692307692,-0.06735751295064565,0.9839020297258376,1.481134,92.0075,32,28,992,864,True,True,True,True,True,True,True,True,True,1.242787480354309,1.1655681133270264,1.2748825550079346,0.7497100830078125,0.7532985210418701,1.025909185409546,0.7064592838287354,0.9808717966079712,1.0,0.6789582967758179,0.6534641981124878,0.3446955978870392,0.898270308971405,0.9992702007293701,10.821928977966309,False,False,False,False,False
g565_expanded_solver_panel_static_flow_supplement,g565_expanded_solver_panel,g559-synth-string-40,64,7416,500,g559_b500_i4,heldout,other,g565_real_graph_000844,7e9f7e18fcd118e1f585dbf172534008c63a1b2df172b229087c81e90efd64f1,a8b5fe0b2cce3127d9634a7afad9c28cddc10362e0d54e9cbd39ae5946bfedbd,g562_g565_expanded_solver_panel_b1_s565_fb8d6d6b9dc2,g565_B1_phase5p5_repair5g565_scaling_b1_fold1_all_seed565,B1,565,artifacts/models/gcst/phase5p5_repair5g565_scaling_b1_fold1_all_seed565.pt,True,True,False,False,1.7012987013,1.62493506494,0.07636363635999999,-0.04699488490810534,0.533173667370588,156.377765,334.9806,1069,83,627033,5214,True,True,True,True,True,True,True,True,True,1.2492616176605225,1.1622165441513062,1.2568947076797485,0.744052529335022,0.7502079010009766,1.0271269083023071,0.7057000398635864,0.98094242811203,0.9998460412025452,0.683508574962616,0.6498144865036011,0.3407077491283417,0.8883487582206726,1.0,10.820582389831543,False,False,False,False,False
g565_expanded_solver_panel_static_flow_supplement,g565_expanded_solver_panel,empty-16-16,32,10121,1000,g559_b1000_i3,validation,other,g565_real_graph_000937,8c6b8d0f1e8689493e205125f0b3d42dcb44c1994503d0b4424d20c2a11bf25c,8a5f3ec68470d2f4b22830e0c1924a1163555333585ef0f6fce491707f413ef3,g562_g565_expanded_solver_panel_b2_s565_d5d3279e7689,g565_B2_phase5p5_repair5g565_scaling_b2_fold3_all_seed565,B2,565,artifacts/models/gcst/phase5p5_repair5g565_scaling_b2_fold3_all_seed565.pt,True,True,False,False,1.23247232472,1.15682656827,0.07564575644999993,-0.06539074959449274,0.9840832434156822,1.696392,106.579,46,27,1961,832,True,True,True,True,True,True,True,True,True,1.240659236907959,1.160920262336731,1.2586419582366943,0.7488595247268677,0.7494028210639954,1.0266700983047485,0.7063196301460266,0.980868399143219,1.0,0.6789594888687134,0.6517179608345032,0.3450039029121399,0.9033975005149841,1.0,10.811237335205078,False,False,False,False,False
g565_expanded_solver_panel_static_flow_supplement,g565_expanded_solver_panel,g565-synth-checker-a-40,128,11834,2000,g559_b2000_i3,validation,other,g565_real_graph_000594,5a267044fdd80124143c0f8d27ef4f1e35b2ef0b75d4a996dc9f27b86cf416f9,aa076c49074fb716c39d8f47b5ac87085418e62f20e8081d5de819b8a1013a7d,g562_g565_expanded_solver_panel_b1_s565_1ca2373e0125,g565_B1_phase5p5_repair5g565_scaling_b1_fold3_all_seed565,B1,565,artifacts/models/gcst/phase5p5_repair5g565_scaling_b1_fold3_all_seed565.pt,True,True,False,False,1.45600261694,1.38056282723,0.0754397897100001,-0.05464422786275117,0.9796232045879685,26.282871,1289.8432,60,63,7551,7936,True,True,True,True,True,True,True,True,True,1.242787480354309,1.1655681133270264,1.2748825550079346,0.7497100830078125,0.7532985210418701,1.025909185409546,0.7064592838287354,0.9808717966079712,1.0,0.6789582967758179,0.6534641981124878,0.3446955978870392,0.898270308971405,0.9992702007293701,10.821928977966309,False,False,False,False,False
g565_expanded_solver_panel_static_flow_supplement,g565_expanded_solver_panel,g565-synth-checker-a-40,128,9554,2000,g559_b2000_i3,validation,other,g565_real_graph_000431,43e600f7155aaeca33b55f271faf3d20714ee74a6d0061248018f3786dd3335e,4b90513b627b3d395f4d3b47dd60ad825fda14f9feb3e39785bc73a2e2460474,g562_g565_expanded_solver_panel_e1_s565_56a997d7493a,g565_E1_phase5p5_repair5g565_expanded_e1_seed565,E1,565,artifacts/models/gcst/phase5p5_repair5g565_expanded_e1_seed565.pt,True,True,False,False,1.40721040189,1.33274231678,0.07446808510999992,-0.05587583148850566,0.9790595557376927,26.44838,1263.0286,60,57,7549,7167,True,True,True,True,True,True,True,True,True,1.2373002767562866,1.1654826402664185,1.2647343873977661,0.7467871308326721,0.7582258582115173,1.0458506345748901,0.7009520530700684,0.980903685092926,1.0,0.6799811720848083,0.6525760889053345,0.3409842848777771,0.8537209033966064,1.0,10.822705268859863,False,False,False,False,False
g565_expanded_solver_panel_static_flow_supplement,g565_expanded_solver_panel,g565-synth-checker-a-40,128,11834,2000,g559_b2000_i3,validation,other,g565_real_graph_000594,5a267044fdd80124143c0f8d27ef4f1e35b2ef0b75d4a996dc9f27b86cf416f9,633f0ebfb4a83dfc0674355f5ff6fc1c15d921dc27650b1055acfd163f07b7fb,g562_g565_expanded_solver_panel_e2_s565_05204d51d6c1,g565_E2_phase5p5_repair5g565_expanded_e2_seed565,E2,565,artifacts/models/gcst/phase5p5_repair5g565_expanded_e2_seed565.pt,True,True,False,False,1.45403990841,1.38056282723,0.07347708118000007,-0.05322255512806075,0.9795158690606733,26.421317,1289.8432,60,63,7551,7936,True,True,True,True,True,True,True,True,True,1.2330543994903564,1.166178584098816,1.2749478816986084,0.7399154305458069,0.7626015543937683,1.0432543754577637,0.7095941305160522,0.9814735054969788,1.0,0.681676983833313,0.6514285802841187,0.342244416475296,0.8650729656219482,1.0,10.832382202148438,False,False,False,False,False
g565_expanded_solver_panel_static_flow_supplement,g565_expanded_solver_panel,g565-synth-checker-a-40,128,11594,2000,g559_b2000_i3,validation,other,g565_real_graph_000012,01ae910acb51c61004526b69998001770a9e05aee319bb36111678fdf258bb05,73176456f953b9cea6358793450726ecc305be599f94505c82c7c88cd94ac2b3,g562_g565_expanded_solver_panel_b2_s565_aa048e16fa32,g565_B2_phase5p5_repair5g565_scaling_b2_fold0_all_seed565,B2,565,artifacts/models/gcst/phase5p5_repair5g565_scaling_b2_fold0_all_seed565.pt,True,True,False,False,1.48171754445,1.40825226434,0.07346528010999998,-0.0521676989061549,0.9745845285808211,36.835057,1449.3163,65,68,8181,9205,True,True,True,True,True,True,True,True,True,1.243505597114563,1.1716333627700806,1.2615545988082886,0.7393126487731934,0.7502894997596741,1.017114281654358,0.7012303471565247,0.9808746576309204,1.0,0.6824008822441101,0.6507567763328552,0.3403021991252899,0.8981055021286011,1.0,10.827352523803711,False,False,False,False,False
g565_expanded_solver_panel_static_flow_supplement,g565_expanded_solver_panel,g559-synth-warehouse-a-32,128,11690,2000,g559_b2000_i3,validation,other,g565_real_graph_000776,76a152c852898ed680162cf49a045453b3b045e32cf3efa2b4c35a51edfe1e22,6c27884f30e5d3b00f00510c6be97c23beeb95058b63abb4a5ce64709db239d3,g562_g565_expanded_solver_panel_b1_s565_43bb3680bce7,g565_B1_phase5p5_repair5g565_scaling_b1_fold1_all_seed565,B1,565,artifacts/models/gcst/phase5p5_repair5g565_scaling_b1_fold1_all_seed565.pt,True,True,False,False,1.37487570434,1.30228704011,0.07258866422999999,-0.05573937388171248,0.984729446137689,13.220143,865.7278,52,68,6528,9592,True,True,True,True,True,True,True,True,True,1.2492616176605225,1.1622165441513062,1.2568947076797485,0.744052529335022,0.7502079010009766,1.0271269083023071,0.7057000398635864,0.98094242811203,0.9998460412025452,0.683508574962616,0.6498144865036011,0.3407077491283417,0.8883487582206726,1.0,10.820582389831543,False,False,False,False,False
g565_expanded_solver_panel_static_flow_supplement,g565_expanded_solver_panel,g559-synth-warehouse-a-32,128,11690,2000,g559_b2000_i3,validation,other,g565_real_graph_000776,76a152c852898ed680162cf49a045453b3b045e32cf3efa2b4c35a51edfe1e22,00e9bde6e71c47e4ec6650f7496b62e6b8b2cc2f43a25482ca4ce12d7486f9af,g562_g565_expanded_solver_panel_b2_s565_53d08a5d6855,g565_B2_phase5p5_repair5g565_scaling_b2_fold3_all_seed565,B2,565,artifacts/models/gcst/phase5p5_repair5g565_scaling_b2_fold3_all_seed565.pt,True,True,False,False,1.37454424925,1.30228704011,0.07225720914,-0.05548485619107188,0.9841094209981474,13.756916,865.7278,52,68,6528,9592,True,True,True,True,True,True,True,True,True,1.2417773008346558,1.161300539970398,1.2615214586257935,0.7511482834815979,0.7494221329689026,1.0213813781738281,0.7027280330657959,0.9804562330245972,1.0,0.6832501292228699,0.6550799608230591,0.34542036056518555,0.887651801109314,0.9945901036262512,10.808920860290527,False,False,False,False,False
g565_expanded_solver_panel_static_flow_supplement,g565_expanded_solver_panel,g565-synth-checker-a-40,64,10794,2000,g559_b2000_i4,validation,other,g565_real_graph_000694,6a2de37075d4b28c3410f604306e9ae25ecd0a58dc34a13a9aecc80775b38070,a9e50f89ea55a90b5a32b0ee76fb34cbde0fad7aad3e5e0b8e810afbe93b4419,g562_g565_expanded_solver_panel_b2_s565_0814ce48f309,g565_B2_phase5p5_repair5g565_scaling_b2_fold0_all_seed565,B2,565,artifacts/models/gcst/phase5p5_repair5g565_scaling_b2_fold0_all_seed565.pt,True,True,False,False,1.3497013935,1.27936297279,0.07033842070999996,-0.05497925311736031,0.9775730128402615,13.350772,595.2994,49,47,3072,2944,True,True,True,True,True,True,True,True,True,1.2431809902191162,1.1725542545318604,1.2619692087173462,0.7385269403457642,0.7501827478408813,1.016309380531311,0.7018489241600037,0.9810287356376648,1.0,0.6818448901176453,0.6506110429763794,0.34069937467575073,0.9047553539276123,1.0,10.832601547241211,False,False,False,False,False
g565_expanded_solver_panel_static_flow_supplement,g565_expanded_solver_panel,g565-synth-checker-a-40,128,11594,2000,g559_b2000_i3,validation,other,g565_real_graph_000012,01ae910acb51c61004526b69998001770a9e05aee319bb36111678fdf258bb05,7e4aa01e67529c0f690770e9cd96660ee899de36e97daf67b8c0f8e651634683,g562_g565_expanded_solver_panel_e1_s565_1474adde7538,g565_E1_phase5p5_repair5g565_expanded_e1_seed565,E1,565,artifacts/models/gcst/phase5p5_repair5g565_expanded_e1_seed565.pt,True,True,False,False,1.47836296545,1.40825226434,0.07011070110999995,-0.049785612198435525,0.9730846420481161,39.008867,1449.3163,67,68,8446,9205,True,True,True,True,True,True,True,True,True,1.2369152307510376,1.1655826568603516,1.2650610208511353,0.7468567490577698,0.7584435939788818,1.045774221420288,0.701321005821228,0.9809161424636841,1.0,0.6800678372383118,0.6529651880264282,0.34075501561164856,0.8531964421272278,1.0,10.822223663330078,False,False,False,False,False
g565_expanded_solver_panel_static_flow_supplement,g565_expanded_solver_panel,g565-synth-checker-a-40,128,11834,2000,g559_b2000_i3,validation,other,g565_real_graph_000594,5a267044fdd80124143c0f8d27ef4f1e35b2ef0b75d4a996dc9f27b86cf416f9,81d88118cd61ba8f6b43d4817413e764699969c7b635d2a8726b8b7957a3b080,g562_g565_expanded_solver_panel_b2_s565_ca1b808212e1,g565_B2_phase5p5_repair5g565_scaling_b2_fold1_all_seed565,B2,565,artifacts/models/gcst/phase5p5_repair5g565_scaling_b2_fold1_all_seed565.pt,True,True,False,False,1.45044160942,1.38056282723,0.06987878219000021,-0.05061615510118215,0.9795759926477885,26.343767,1289.8432,60,63,7551,7936,True,True,True,True,True,True,True,True,True,1.2480993270874023,1.1613010168075562,1.2615054845809937,0.7440100312232971,0.7482227683067322,1.0318199396133423,0.7064317464828491,0.9810973405838013,0.9998276829719543,0.6854956150054932,0.6495916843414307,0.3402179777622223,0.8893895149230957,1.0,10.825152397155762,False,False,False,False,False
g565_expanded_solver_panel_static_flow_supplement,g565_expanded_solver_panel,g565-synth-checker-a-40,128,9554,2000,g559_b2000_i3,validation,other,g565_real_graph_000431,43e600f7155aaeca33b55f271faf3d20714ee74a6d0061248018f3786dd3335e,4225e5d149ea96658917dc654b86c89ad17a300317865f1d7316d7f969792ec6,g562_g565_expanded_solver_panel_e2_s565_1823caddac5f,g565_E2_phase5p5_repair5g565_expanded_e2_seed565,E2,565,artifacts/models/gcst/phase5p5_repair5g565_expanded_e2_seed565.pt,True,True,False,False,1.4024822695,1.33274231678,0.06973995272,-0.05232815964641737,0.9791615637207265,26.319541,1263.0286,64,57,8061,7167,True,True,True,True,True,True,True,True,True,1.2330764532089233,1.1661640405654907,1.2748357057571411,0.7399424910545349,0.7625634074211121,1.043251872062683,0.7095398306846619,0.9814708828926086,1.0,0.6816745400428772,0.6514362096786499,0.34222573041915894,0.865054190158844,1.0,10.832282066345215,False,False,False,False,False
g565_expanded_solver_panel_static_flow_supplement,g565_expanded_solver_panel,g559-synth-string-40,16,7216,500,g559_b500_i2,heldout,other,g565_real_graph_000584,5962c1322ec2cd3b42955b965d9a9b96482ee2aa6d0d1852e52ed5ef26f5b0fe,b8eb39dbed5805e9f7c6e85c1de5024c2fa6a10537e4481ebb26318d9a251091,g562_g565_expanded_solver_panel_e2_s565_54b75b5432a8,g565_E2_phase5p5_repair5g565_expanded_e2_seed565,E2,565,artifacts/models/gcst/phase5p5_repair5g565_expanded_e2_seed565.pt,True,True,False,False,1.17864923747,1.10893246187,0.06971677559999989,-0.06286836935266196,0.9848661833896901,1.587044,104.8674,76,42,2297,654,True,True,True,True,True,True,True,True,True,1.2500439882278442,1.1710562705993652,1.2609626054763794,0.7275423407554626,0.7619145512580872,1.029221534729004,0.7039328217506409,0.9810123443603516,1.0,0.6768474578857422,0.6332088112831116,0.3465100824832916,0.9380789399147034,1.0,10.834259033203125,False,False,False,False,False
g565_expanded_solver_panel_static_flow_supplement,g565_expanded_solver_panel,maze-32-32-2,128,9086,2000,g559_b2000_i3,validation,maze,g565_real_graph_000151,16c73b23f75026d5928f300d9e42a430f14648ef151f71214c117da333eabc19,30b30bfecf060a11f2f5c4dc3c6a4cda6e2ec784792274c78073edc9d2419289,g562_g565_expanded_solver_panel_e1_s565_c0122905b839,g565_E1_phase5p5_repair5g565_expanded_e1_seed565,E1,565,artifacts/models/gcst/phase5p5_repair5g565_expanded_e1_seed565.pt,True,True,False,False,1.7660761951,1.69667556418,0.06940063091999993,-0.040903890163315415,0.9844765747286883,19.50157,1256.2672,239,193,30350,24492,True,True,True,True,True,True,True,True,True,1.2469613552093506,1.1620709896087646,1.2526335716247559,0.7407435178756714,0.7610890865325928,1.0454076528549194,0.6854042410850525,0.9809018969535828,1.0,0.6752954125404358,0.6467582583427429,0.3458815813064575,0.8959220051765442,1.0,10.827000617980957,False,False,False,False,False
g565_expanded_solver_panel_static_flow_supplement,g565_expanded_solver_panel,maze-32-32-2,128,9086,2000,g559_b2000_i3,validation,maze,g565_real_graph_000151,16c73b23f75026d5928f300d9e42a430f14648ef151f71214c117da333eabc19,8a07a165bc5007f8eeb2968ab3d848b1c3e8f101266df6c1a3f5e289e88ca21a,g562_g565_expanded_solver_panel_b1_s565_4ba78f06570f,g565_B1_phase5p5_repair5g565_scaling_b1_fold0_all_seed565,B1,565,artifacts/models/gcst/phase5p5_repair5g565_scaling_b1_fold0_all_seed565.pt,True,True,False,False,1.7660761951,1.69667556418,0.06940063091999993,-0.040903890163315415,0.9845817243338041,19.369474,1256.2672,239,193,30350,24492,True,True,True,True,True,True,True,True,True,1.2419184446334839,1.1677271127700806,1.2625313997268677,0.7413292527198792,0.7506269812583923,1.0173929929733276,0.7031049728393555,0.9809489846229553,1.0,0.6816073656082153,0.6515212059020996,0.3412015736103058,0.8979146480560303,1.0,10.828396797180176,False,False,False,False,False
g565_expanded_solver_panel_static_flow_supplement,g565_expanded_solver_panel,maze-32-32-2,128,9086,2000,g559_b2000_i3,validation,maze,g565_real_graph_000151,16c73b23f75026d5928f300d9e42a430f14648ef151f71214c117da333eabc19,f715ce6a841e5fc5c9f532f3def8318a8499b2017631ccb1901e2b8c1984ea46,g562_g565_expanded_solver_panel_b2_s565_039110f8a13f,g565_B2_phase5p5_repair5g565_scaling_b2_fold0_all_seed565,B2,565,artifacts/models/gcst/phase5p5_repair5g565_scaling_b2_fold0_all_seed565.pt,True,True,False,False,1.7660761951,1.69667556418,0.06940063091999993,-0.040903890163315415,0.9846198507769686,19.321577,1256.2672,239,193,30350,24492,True,True,True,True,True,True,True,True,True,1.2435877323150635,1.1714826822280884,1.2614713907241821,0.7395057082176208,0.7503196597099304,1.0173271894454956,0.7010577321052551,0.98084557056427,1.0,0.6825189590454102,0.6507927775382996,0.34024733304977417,0.896851122379303,1.0,10.826576232910156,False,False,False,False,False
g565_expanded_solver_panel_static_flow_supplement,g565_expanded_solver_panel,maze-32-32-2,128,9086,2000,g559_b2000_i3,validation,maze,g565_real_graph_000151,16c73b23f75026d5928f300d9e42a430f14648ef151f71214c117da333eabc19,a7dcbc99d6d45a4296ae8e09847ce65f36b1e39858ddae16a6702b0155a6e963,g562_g565_expanded_solver_panel_b1_s565_3dfc833d4384,g565_B1_phase5p5_repair5g565_scaling_b1_fold1_all_seed565,B1,565,artifacts/models/gcst/phase5p5_repair5g565_scaling_b1_fold1_all_seed565.pt,True,True,False,False,1.7660761951,1.69667556418,0.06940063091999993,-0.040903890163315415,0.9847960521455945,19.100221,1256.2672,239,193,30350,24492,True,True,True,True,True,True,True,True,True,1.2492616176605225,1.1622165441513062,1.2568947076797485,0.744052529335022,0.7502079010009766,1.0271269083023071,0.7057000398635864,0.98094242811203,0.9998460412025452,0.683508574962616,0.6498144865036011,0.3407077491283417,0.8883487582206726,1.0,10.820582389831543,False,False,False,False,False
g565_expanded_solver_panel_static_flow_supplement,g565_expanded_solver_panel,maze-32-32-2,128,9086,2000,g559_b2000_i3,validation,maze,g565_real_graph_000151,16c73b23f75026d5928f300d9e42a430f14648ef151f71214c117da333eabc19,a31faa137f352e3ede2afae6981fe04501689739912914554e3b3b5606ee5d06,g562_g565_expanded_solver_panel_b2_s565_6e9e58186967,g565_B2_phase5p5_repair5g565_scaling_b2_fold1_all_seed565,B2,565,artifacts/models/gcst/phase5p5_repair5g565_scaling_b2_fold1_all_seed565.pt,True,True,False,False,1.7660761951,1.69667556418,0.06940063091999993,-0.040903890163315415,0.9847001776373688,19.220665,1256.2672,239,193,30350,24492,True,True,True,True,True,True,True,True,True,1.2481038570404053,1.1613010168075562,1.2615143060684204,0.7440248131752014,0.7482329607009888,1.031819224357605,0.7064100503921509,0.9810957908630371,0.9998278021812439,0.6855050325393677,0.6496127247810364,0.34021279215812683,0.8892808556556702,1.0,10.825187683105469,False,False,False,False,False
g565_expanded_solver_panel_static_flow_supplement,g565_expanded_solver_panel,maze-32-32-2,128,9086,2000,g559_b2000_i3,validation,maze,g565_real_graph_000151,16c73b23f75026d5928f300d9e42a430f14648ef151f71214c117da333eabc19,9cc5cddd757d2d841b9c0c98f37150a2adcc547b307828b0d420e2a5ae0d7658,g562_g565_expanded_solver_panel_b1_s565_9a21832da3dc,g565_B1_phase5p5_repair5g565_scaling_b1_fold2_all_seed565,B1,565,artifacts/models/gcst/phase5p5_repair5g565_scaling_b1_fold2_all_seed565.pt,True,True,False,False,1.7660761951,1.69667556418,0.06940063091999993,-0.040903890163315415,0.9845635928407587,19.392252,1256.2672,239,193,30350,24492,True,True,True,True,True,True,True,True,True,1.2480440139770508,1.156984567642212,1.2668358087539673,0.7500779032707214,0.7517090439796448,1.0155653953552246,0.7070396542549133,0.9809726476669312,1.0,0.6840704679489136,0.6509780883789062,0.341921865940094,0.8938339352607727,1.0,10.826569557189941,False,False,False,False,False
g565_expanded_solver_panel_static_flow_supplement,g565_expanded_solver_panel,maze-32-32-2,128,9086,2000,g559_b2000_i3,validation,maze,g565_real_graph_000151,16c73b23f75026d5928f300d9e42a430f14648ef151f71214c117da333eabc19,312e2fea7b5c55dd2dac1a5b3c62998d2a6a76b2b525af6095ccd3152237b29c,g562_g565_expanded_solver_panel_b2_s565_014598f27a0c,g565_B2_phase5p5_repair5g565_scaling_b2_fold3_all_seed565,B2,565,artifacts/models/gcst/phase5p5_repair5g565_scaling_b2_fold3_all_seed565.pt,True,True,False,False,1.7660761951,1.69667556418,0.06940063091999993,-0.040903890163315415,0.9843708782653882,19.634353,1256.2672,239,193,30350,24492,True,True,True,True,True,True,True,True,True,1.2417538166046143,1.1613181829452515,1.261512279510498,0.7511184215545654,0.749426007270813,1.0214300155639648,0.7027590870857239,0.9804599285125732,1.0,0.6832042932510376,0.6550482511520386,0.34542664885520935,0.8878453969955444,0.9946261048316956,10.808985710144043,False,False,False,False,False
g565_expanded_solver_panel_static_flow_supplement,g565_expanded_solver_panel,g565-synth-checker-a-40,128,10154,2000,g559_b2000_i3,validation,other,g565_real_graph_000064,0ab0ea9e522d70d022f5da6fcc3b54b4c57c5899d79a45023e909a417aac0920,664455e48b1cd3e39632a5539de9b08b257a0178273696c85ffe026f87666615,g562_g565_expanded_solver_panel_b1_s565_89ca31118f6a,g565_B1_phase5p5_repair5g565_scaling_b1_fold2_all_seed565,B1,565,artifacts/models/gcst/phase5p5_repair5g565_scaling_b1_fold2_all_seed565.pt,True,True,False,False,1.42618110236,1.35695538058,0.06922572177999986,-0.05101547388419719,0.9732662000091734,33.280798,1244.8959,57,64,7164,8063,True,True,True,True,True,True,True,True,True,1.2480440139770508,1.156984567642212,1.2668358087539673,0.7500779032707214,0.7517090439796448,1.0155653953552246,0.7070396542549133,0.9809726476669312,1.0,0.6840704679489136,0.6509780883789062,0.341921865940094,0.8938339352607727,1.0,10.826569557189941,False,False,False,False,False
g565_expanded_solver_panel_static_flow_supplement,g565_expanded_solver_panel,g559-synth-string-40,64,10296,500,g559_b500_i4,heldout,other,g565_real_graph_000145,1633dfafb8c7c8f6b1ee5bef1d0c5fabbec01e937297397d5265a3c19f926885,22aa04b14c8c8786bd867bd9c42406ae233ed0fbd2d830bd214c2afc032b9e2c,g562_g565_expanded_solver_panel_b1_s565_6d65aeda578b,g565_B1_phase5p5_repair5g565_scaling_b1_fold3_all_seed565,B1,565,artifacts/models/gcst/phase5p5_repair5g565_scaling_b1_fold3_all_seed565.pt,True,True,False,False,1.65451664025,1.5853143159,0.06920232434999996,-0.043652115959549036,0.9828680345516951,5.14261,300.1763,74,63,5213,3941,True,True,True,True,True,True,True,True,True,1.242787480354309,1.1655681133270264,1.2748825550079346,0.7497100830078125,0.7532985210418701,1.025909185409546,0.7064592838287354,0.9808717966079712,1.0,0.6789582967758179,0.6534641981124878,0.3446955978870392,0.898270308971405,0.9992702007293701,10.821928977966309,False,False,False,False,False
g565_expanded_solver_panel_static_flow_supplement,g565_expanded_solver_panel,g565-synth-checker-a-40,128,9554,2000,g559_b2000_i3,validation,other,g565_real_graph_000431,43e600f7155aaeca33b55f271faf3d20714ee74a6d0061248018f3786dd3335e,e30873437eb4129c46538057731d05fe27df161a5f03a79944970b89c7daa3df,g562_g565_expanded_solver_panel_b1_s565_bf0bd1321fd4,g565_B1_phase5p5_repair5g565_scaling_b1_fold2_all_seed565,B1,565,artifacts/models/gcst/phase5p5_repair5g565_scaling_b1_fold2_all_seed565.pt,True,True,False,False,1.40159574468,1.33274231678,0.06885342789999993,-0.05166297117837054,0.9792500914072729,26.207728,1263.0286,62,57,7805,7167,True,True,True,True,True,True,True,True,True,1.2480440139770508,1.156984567642212,1.2668358087539673,0.7500779032707214,0.7517090439796448,1.0155653953552246,0.7070396542549133,0.9809726476669312,1.0,0.6840704679489136,0.6509780883789062,0.341921865940094,0.8938339352607727,1.0,10.826569557189941,False,False,False,False,False
g565_expanded_solver_panel_static_flow_supplement,g565_expanded_solver_panel,empty-16-16,32,10121,1000,g559_b1000_i3,validation,other,g565_real_graph_000937,8c6b8d0f1e8689493e205125f0b3d42dcb44c1994503d0b4424d20c2a11bf25c,a46238562acd2f87bcf62749b36bdc18005a03444c6271f005c8e049fd2f6a54,g562_g565_expanded_solver_panel_b2_s565_982cf3480523,g565_B2_phase5p5_repair5g565_scaling_b2_fold0_all_seed565,B2,565,artifacts/models/gcst/phase5p5_repair5g565_scaling_b2_fold0_all_seed565.pt,True,True,False,False,1.22509225092,1.15682656827,0.06826568264999988,-0.059011164268200716,0.9864641345856126,1.442639,106.579,32,27,992,832,True,True,True,True,True,True,True,True,True,1.244268774986267,1.1708699464797974,1.2607216835021973,0.7389750480651855,0.7494913935661316,1.0177010297775269,0.7024489045143127,0.9811036586761475,1.0,0.681183397769928,0.6505398154258728,0.3393746018409729,0.9038458466529846,1.0,10.830097198486328,False,False,False,False,False
g565_expanded_solver_panel_static_flow_supplement,g565_expanded_solver_panel,empty-16-16,32,10121,1000,g559_b1000_i3,validation,other,g565_real_graph_000937,8c6b8d0f1e8689493e205125f0b3d42dcb44c1994503d0b4424d20c2a11bf25c,865a80c51f4ef42ea27a629c1b96307936c64484ff50aad1dd8cde3826547ebd,g562_g565_expanded_solver_panel_b2_s565_0282484a841a,g565_B2_phase5p5_repair5g565_scaling_b2_fold2_all_seed565,B2,565,artifacts/models/gcst/phase5p5_repair5g565_scaling_b2_fold2_all_seed565.pt,True,True,False,False,1.22509225092,1.15682656827,0.06826568264999988,-0.059011164268200716,0.9865298604790813,1.435634,106.579,32,27,992,832,True,True,True,True,True,True,True,True,True,1.2480815649032593,1.1569132804870605,1.2749660015106201,0.7480843663215637,0.7563661932945251,1.0177582502365112,0.7090199589729309,0.9809713959693909,1.0,0.6836754083633423,0.6517757773399353,0.3400724530220032,0.9018259048461914,1.0,10.822531700134277,False,False,False,False,False
g565_expanded_solver_panel_static_flow_supplement,g565_expanded_solver_panel,empty-16-16,32,9041,1000,g559_b1000_i3,validation,other,g565_real_graph_000465,48664712616727101923592696ea5d4c0981a38b286c07ec1424e993509f5e97,cf4470cf330ac7748660d15e2190e8c6c00464897d2b230454bef52ebbba6dcd,g562_g565_expanded_solver_panel_b1_s565_895c1ac7d4f3,g565_B1_phase5p5_repair5g565_scaling_b1_fold2_all_seed565,B1,565,artifacts/models/gcst/phase5p5_repair5g565_scaling_b1_fold2_all_seed565.pt,True,True,False,False,1.2090729783,1.14201183432,0.06706114397999996,-0.058721934365882356,0.9841148710702932,1.461551,92.0075,32,28,992,864,True,True,True,True,True,True,True,True,True,1.2480440139770508,1.156984567642212,1.2668358087539673,0.7500779032707214,0.7517090439796448,1.0155653953552246,0.7070396542549133,0.9809726476669312,1.0,0.6840704679489136,0.6509780883789062,0.341921865940094,0.8938339352607727,1.0,10.826569557189941,False,False,False,False,False
g565_expanded_solver_panel_static_flow_supplement,g565_expanded_solver_panel,g559-synth-city-berlin-32,16,10900,500,g559_b500_i2,validation,other,g565_real_graph_000828,7c3f3a7fab8907fe16870c9ae0d554d4bfd624b9f98a10a569e15ac974caba1b,addecb408dd81d37ccb2d555385550f2e98160d44010cf9700eb9fc46346ec4a,g562_g565_expanded_solver_panel_e0_s565_18c86589a94c,g565_E0_phase5p5_repair5g565_expanded_e0_seed565,E0,565,artifacts/models/gcst/phase5p5_repair5g565_expanded_e0_seed565.pt,True,True,False,False,1.14534883721,1.08139534884,0.06395348836999992,-0.05913978494414838,0.9804452710940805,2.043301,104.4914,42,42,656,656,True,True,True,True,True,True,True,True,True,1.244215965270996,1.1670647859573364,1.2847415208816528,0.7244821190834045,0.7574998736381531,1.0354890823364258,0.7030487060546875,0.9812626838684082,1.0,0.6731004118919373,0.6346121430397034,0.3558116555213928,0.9352792501449585,1.0,10.849832534790039,False,False,False,False,False
g565_expanded_solver_panel_static_flow_supplement,g565_expanded_solver_panel,g565-synth-checker-a-40,128,9554,2000,g559_b2000_i3,validation,other,g565_real_graph_000431,43e600f7155aaeca33b55f271faf3d20714ee74a6d0061248018f3786dd3335e,c54b6b738cd47c38e3964d410048c382f332636bd06a40eb148c3622b07c972e,g562_g565_expanded_solver_panel_b2_s565_1ed58d7abb83,g565_B2_phase5p5_repair5g565_scaling_b2_fold1_all_seed565,B2,565,artifacts/models/gcst/phase5p5_repair5g565_scaling_b2_fold1_all_seed565.pt,True,True,False,False,1.39627659574,1.33274231678,0.06353427895999997,-0.04767184035508326,0.9791631297976942,26.317563,1263.0286,68,57,8576,7167,True,True,True,True,True,True,True,True,True,1.2480993270874023,1.1613010168075562,1.2615054845809937,0.7440100312232971,0.7482227683067322,1.0318199396133423,0.7064317464828491,0.9810973405838013,0.9998276829719543,0.6854956150054932,0.6495916843414307,0.3402179777622223,0.8893895149230957,1.0,10.825152397155762,False,False,False,False,False
g565_expanded_solver_panel_static_flow_supplement,g565_expanded_solver_panel,empty-16-16,32,7241,1000,g559_b1000_i3,validation,other,g565_real_graph_000301,2e6016cfe81e7da4e8485c646d79a7e28a3b430fb263bbcd6a0559c1d8744f08,b76f1485f13131d21cf8e17419132105b222e705a6b721aaca72370bad6b78bd,g562_g565_expanded_solver_panel_b1_s565_967ffb96e509,g565_B1_phase5p5_repair5g565_scaling_b1_fold2_all_seed565,B1,565,artifacts/models/gcst/phase5p5_repair5g565_scaling_b1_fold2_all_seed565.pt,True,True,False,False,1.23320158103,1.16996047431,0.06324110672000005,-0.05405405405451611,0.9834969932710599,1.453131,88.0525,31,27,960,832,True,True,True,True,True,True,True,True,True,1.2480440139770508,1.156984567642212,1.2668358087539673,0.7500779032707214,0.7517090439796448,1.0155653953552246,0.7070396542549133,0.9809726476669312,1.0,0.6840704679489136,0.6509780883789062,0.341921865940094,0.8938339352607727,1.0,10.826569557189941,False,False,False,False,False
g565_expanded_solver_panel_static_flow_supplement,g565_expanded_solver_panel,g565-synth-checker-a-40,128,8834,2000,g559_b2000_i3,validation,other,g565_real_graph_000180,1b589fe3f2dd1eaf88fe03a9b5681f6169d095f818f9239167b93a6b542b1c15,799f5ca14018b44f814035e28059487511f648eb99b4e49b63db25ec422884b8,g562_g565_expanded_solver_panel_b1_s565_d20355c3243e,g565_B1_phase5p5_repair5g565_scaling_b1_fold3_all_seed565,B1,565,artifacts/models/gcst/phase5p5_repair5g565_scaling_b1_fold3_all_seed565.pt,True,True,False,False,1.42987135237,1.36671899529,0.06315235707999989,-0.04620727252466391,0.9766954214338105,27.525371,1181.1143,71,75,8957,9466,True,True,True,True,True,True,True,True,True,1.242787480354309,1.1655681133270264,1.2748825550079346,0.7497100830078125,0.7532985210418701,1.025909185409546,0.7064592838287354,0.9808717966079712,1.0,0.6789582967758179,0.6534641981124878,0.3446955978870392,0.898270308971405,0.9992702007293701,10.821928977966309,False,False,False,False,False
g565_expanded_solver_panel_static_flow_supplement,g565_expanded_solver_panel,empty-16-16,32,9041,1000,g559_b1000_i3,validation,other,g565_real_graph_000465,48664712616727101923592696ea5d4c0981a38b286c07ec1424e993509f5e97,d6173b7a7f89248f273f89d2a78cd382f9d4646a7b28f20413377775c8927b93,g562_g565_expanded_solver_panel_b2_s565_74f7515a5169,g565_B2_phase5p5_repair5g565_scaling_b2_fold0_all_seed565,B2,565,artifacts/models/gcst/phase5p5_repair5g565_scaling_b2_fold0_all_seed565.pt,True,True,False,False,1.20512820513,1.14201183432,0.06311637080999999,-0.05526770293723096,0.9839751759367442,1.474404,92.0075,32,28,992,864,True,True,True,True,True,True,True,True,True,1.244268774986267,1.1708699464797974,1.2607216835021973,0.7389750480651855,0.7494913935661316,1.0177010297775269,0.7024489045143127,0.9811036586761475,1.0,0.681183397769928,0.6505398154258728,0.3393746018409729,0.9038458466529846,1.0,10.830097198486328,False,False,False,False,False
g565_expanded_solver_panel_static_flow_supplement,g565_expanded_solver_panel,empty-16-16,32,9041,1000,g559_b1000_i3,validation,other,g565_real_graph_000465,48664712616727101923592696ea5d4c0981a38b286c07ec1424e993509f5e97,84cb378f31d99d019b155325875a3c0b0c00d4c9472813088255b2540e914e3f,g562_g565_expanded_solver_panel_b2_s565_0d8a55b7e7d8,g565_B2_phase5p5_repair5g565_scaling_b2_fold2_all_seed565,B2,565,artifacts/models/gcst/phase5p5_repair5g565_scaling_b2_fold2_all_seed565.pt,True,True,False,False,1.20512820513,1.14201183432,0.06311637080999999,-0.05526770293723096,0.9840342037333912,1.468973,92.0075,32,28,992,864,True,True,True,True,True,True,True,True,True,1.2480815649032593,1.1569132804870605,1.2749660015106201,0.7480843663215637,0.7563661932945251,1.0177582502365112,0.7090199589729309,0.9809713959693909,1.0,0.6836754083633423,0.6517757773399353,0.3400724530220032,0.9018259048461914,1.0,10.822531700134277,False,False,False,False,False
g565_expanded_solver_panel_static_flow_supplement,g565_expanded_solver_panel,empty-16-16,32,9041,1000,g559_b1000_i3,validation,other,g565_real_graph_000465,48664712616727101923592696ea5d4c0981a38b286c07ec1424e993509f5e97,5c6fa8c6dea06c8caf0fce63d6230698c3d5384cb60294efa968b4bd18449f67,g562_g565_expanded_solver_panel_b2_s565_cf57fd725a99,g565_B2_phase5p5_repair5g565_scaling_b2_fold3_all_seed565,B2,565,artifacts/models/gcst/phase5p5_repair5g565_scaling_b2_fold3_all_seed565.pt,True,True,False,False,1.20512820513,1.14201183432,0.06311637080999999,-0.05526770293723096,0.9837595848164551,1.49424,92.0075,32,28,992,864,True,True,True,True,True,True,True,True,True,1.240659236907959,1.160920262336731,1.2586419582366943,0.7488595247268677,0.7494028210639954,1.0266700983047485,0.7063196301460266,0.980868399143219,1.0,0.6789594888687134,0.6517179608345032,0.3450039029121399,0.9033975005149841,1.0,10.811237335205078,False,False,False,False,False
g565_expanded_solver_panel_static_flow_supplement,g565_expanded_solver_panel,g565-synth-checker-a-40,128,11834,2000,g559_b2000_i3,validation,other,g565_real_graph_000594,5a267044fdd80124143c0f8d27ef4f1e35b2ef0b75d4a996dc9f27b86cf416f9,7c1752027a1a60159c04c025986ab541c1f9b40f44c080399dc6ebe5182db701,g562_g565_expanded_solver_panel_b2_s565_7898a27a4e43,g565_B2_phase5p5_repair5g565_scaling_b2_fold2_all_seed565,B2,565,artifacts/models/gcst/phase5p5_repair5g565_scaling_b2_fold2_all_seed565.pt,True,True,False,False,1.44324501145,1.38056282723,0.06268218422000005,-0.04540335505466806,0.979560654349304,26.363551,1289.8432,60,63,7551,7936,True,True,True,True,True,True,True,True,True,1.2469844818115234,1.1582494974136353,1.2694305181503296,0.7511727809906006,0.7554806470870972,1.0116199254989624,0.7069055438041687,0.9811126589775085,1.0,0.6862678527832031,0.6516603231430054,0.3434774875640869,0.8866766691207886,0.9965597987174988,10.83204460144043,False,False,False,False,False
g565_expanded_solver_panel_static_flow_supplement,g565_expanded_solver_panel,g565-synth-checker-a-40,64,7794,2000,g559_b2000_i4,validation,other,g565_real_graph_000158,17e6e782bb1af078f33dde4a4595a04f16fd726ab3261848dbbc905ed85cff0f,e9c44cf8d9818ef697c57a68b9f5511d6ba8575b3995b1ea6cc357776d702550,g562_g565_expanded_solver_panel_e2_s565_a697dafdc4be,g565_E2_phase5p5_repair5g565_expanded_e2_seed565,E2,565,artifacts/models/gcst/phase5p5_repair5g565_expanded_e2_seed565.pt,True,True,False,False,1.29958677686,1.23760330579,0.06198347107000002,-0.05008347245035361,0.9822327629737174,13.367179,752.3499,51,64,3198,5416,True,True,True,True,True,True,True,True,True,1.2368600368499756,1.1679742336273193,1.2742500305175781,0.7352370023727417,0.7646177411079407,1.0408844947814941,0.7074407339096069,0.9814245700836182,1.0,0.6800351142883301,0.646634578704834,0.3445760905742645,0.8854385614395142,1.0,10.830657005310059,False,False,False,False,False
g565_expanded_solver_panel_static_flow_supplement,g565_expanded_solver_panel,g559-synth-warehouse-a-32,128,7730,2000,g559_b2000_i3,validation,other,g565_real_graph_000211,1fb684150ada82a4c84eb6df1d2bfebaac9a9f0a68e169199b806bb65b8d7e6b,8369cece39925298d5741542c5d94b015c5d3de0014fa2443b20746e01cfbaea,g562_g565_expanded_solver_panel_b1_s565_d8984abec5f8,g565_B1_phase5p5_repair5g565_scaling_b1_fold3_all_seed565,B1,565,artifacts/models/gcst/phase5p5_repair5g565_scaling_b1_fold3_all_seed565.pt,True,True,False,False,1.40937811773,1.34785500499,0.06152311274,-0.045645201087825056,0.9822773323835831,13.375735,754.7247,65,66,8192,8320,True,True,True,True,True,True,True,True,True,1.242787480354309,1.1655681133270264,1.2748825550079346,0.7497100830078125,0.7532985210418701,1.025909185409546,0.7064592838287354,0.9808717966079712,1.0,0.6789582967758179,0.6534641981124878,0.3446955978870392,0.898270308971405,0.9992702007293701,10.821928977966309,False,False,False,False,False
g565_expanded_solver_panel_static_flow_supplement,g565_expanded_solver_panel,g565-synth-checker-a-40,128,11594,2000,g559_b2000_i3,validation,other,g565_real_graph_000012,01ae910acb51c61004526b69998001770a9e05aee319bb36111678fdf258bb05,7171dbf75ff81aebd875610fccfc270f1d0a61f0d3834d40c9a7851ca0f3ffb3,g562_g565_expanded_solver_panel_b1_s565_a664742ef0ec,g565_B1_phase5p5_repair5g565_scaling_b1_fold0_all_seed565,B1,565,artifacts/models/gcst/phase5p5_repair5g565_scaling_b1_fold0_all_seed565.pt,True,True,False,False,1.46930560215,1.40825226434,0.06105333781,-0.043353978087593295,0.9749318909888752,36.331619,1449.3163,71,68,9081,9205,True,True,True,True,True,True,True,True,True,1.2419184446334839,1.1677271127700806,1.2625313997268677,0.7413292527198792,0.7506269812583923,1.0173929929733276,0.7031049728393555,0.9809489846229553,1.0,0.6816073656082153,0.6515212059020996,0.3412015736103058,0.8979146480560303,1.0,10.828396797180176,False,False,False,False,False
g565_expanded_solver_panel_static_flow_supplement,g565_expanded_solver_panel,g559-synth-string-40,64,7176,500,g559_b500_i4,heldout,other,g565_real_graph_000514,4e61c5495c0a75c9f0d7677c9cfa5f5cd5365919766bb0d9e682121a0b9a4532,ecd79ae791f48b570abff0f270468e62ee739126d11a483002401ae6578bb195,g562_g565_expanded_solver_panel_b1_s565_22a17dff574b,g565_B1_phase5p5_repair5g565_scaling_b1_fold1_all_seed565,B1,565,artifacts/models/gcst/phase5p5_repair5g565_scaling_b1_fold1_all_seed565.pt,True,True,False,False,1.79459178367,1.73426937077,0.060322412899999955,-0.03478260869775803,0.984002356119814,6.755877,422.3045,99,101,6238,7575,True,True,True,True,True,True,True,True,True,1.2492616176605225,1.1622165441513062,1.2568947076797485,0.744052529335022,0.7502079010009766,1.0271269083023071,0.7057000398635864,0.98094242811203,0.9998460412025452,0.683508574962616,0.6498144865036011,0.3407077491283417,0.8883487582206726,1.0,10.820582389831543,False,False,False,False,False
g565_expanded_solver_panel_static_flow_supplement,g565_expanded_solver_panel,g565-synth-checker-a-40,64,11274,2000,g559_b2000_i4,validation,other,g565_real_graph_000729,7032be809752d5cbdeb4d6230da5e8f94b4c4018fbca874384674fa745e8ce08,e9615d5a5a8d99add926829e0a131fe88b8414b83cca1e34e46737632584398d,g562_g565_expanded_solver_panel_e0_s565_e2efa89e891a,g565_E0_phase5p5_repair5g565_expanded_e0_seed565,E0,565,artifacts/models/gcst/phase5p5_repair5g565_expanded_e0_seed565.pt,True,True,False,False,1.33419689119,1.27396373057,0.06023316061999995,-0.04728012201183332,0.9784159957949528,13.82182,640.3733,50,56,3135,3520,True,True,True,True,True,True,True,True,True,1.2330738306045532,1.162719488143921,1.279829502105713,0.7345327138900757,0.7579255700111389,1.0391452312469482,0.7020090818405151,0.9811585545539856,1.0,0.6772658824920654,0.6433717012405396,0.34954559803009033,0.8857890367507935,1.0,10.830297470092773,False,False,False,False,False
g565_expanded_solver_panel_static_flow_supplement,g565_expanded_solver_panel,g565-synth-checker-a-40,64,10794,2000,g559_b2000_i4,validation,other,g565_real_graph_000694,6a2de37075d4b28c3410f604306e9ae25ecd0a58dc34a13a9aecc80775b38070,9d9c2de6b376b03afce4d41c849dfe4f27b4ac3a73b39819963e7d00da3b7f6c,g562_g565_expanded_solver_panel_e1_s565_ceb715ba3d54,g565_E1_phase5p5_repair5g565_expanded_e1_seed565,E1,565,artifacts/models/gcst/phase5p5_repair5g565_expanded_e1_seed565.pt,True,True,False,False,1.33908427339,1.27936297279,0.059721300599999916,-0.046680497927622,0.9777255680082997,13.259956,595.2994,48,47,3006,2944,True,True,True,True,True,True,True,True,True,1.2308520078659058,1.1711113452911377,1.2922955751419067,0.732853889465332,0.758111834526062,1.0425522327423096,0.7102366089820862,0.9815384149551392,1.0,0.6760252118110657,0.6474642157554626,0.3493424952030182,0.88689786195755,1.0,10.83912181854248,False,False,False,False,False
g565_expanded_solver_panel_static_flow_supplement,g565_expanded_solver_panel,maze-32-32-2,128,9086,2000,g559_b2000_i3,validation,maze,g565_real_graph_000151,16c73b23f75026d5928f300d9e42a430f14648ef151f71214c117da333eabc19,74852ed82277967b59ea51ff6e31b3b3e4b17e092b383ce101ca6f441d97a904,g562_g565_expanded_solver_panel_e0_s565_b1d307ff1dd9,g565_E0_phase5p5_repair5g565_expanded_e0_seed565,E0,565,artifacts/models/gcst/phase5p5_repair5g565_expanded_e0_seed565.pt,True,True,False,False,1.75624848338,1.69667556418,0.059572919200000074,-0.03511155606746276,0.9656329935223972,43.174143,1256.2672,832,193,151172,24492,True,True,True,True,True,True,True,True,True,1.2453727722167969,1.1640863418579102,1.274208664894104,0.7411736845970154,0.7675326466560364,1.0363943576812744,0.6925773024559021,0.981164813041687,1.0,0.6834167838096619,0.6517887711524963,0.3419329524040222,0.8878907561302185,1.0,10.810744285583496,False,False,False,False,False
g565_expanded_solver_panel_static_flow_supplement,g565_expanded_solver_panel,g565-synth-checker-a-40,128,7874,2000,g559_b2000_i3,validation,other,g565_real_graph_000433,440b1d21d09a9a49b934b0f9f9df23733cc1c5c5549b326355e684d6f8b6817c,280296bb4bcbdedc1c480bb76f9b85c835b5b85f03c18ea3d9e9b6f1d24450ec,g562_g565_expanded_solver_panel_b1_s565_e5b1d3827cc1,g565_B1_phase5p5_repair5g565_scaling_b1_fold2_all_seed565,B1,565,artifacts/models/gcst/phase5p5_repair5g565_scaling_b1_fold2_all_seed565.pt,True,True,False,False,1.44618395303,1.3871493803,0.05903457273000012,-0.04255819421354077,0.9776482481449609,26.50133,1185.6489,62,63,7806,7931,True,True,True,True,True,True,True,True,True,1.2480440139770508,1.156984567642212,1.2668358087539673,0.7500779032707214,0.7517090439796448,1.0155653953552246,0.7070396542549133,0.9809726476669312,1.0,0.6840704679489136,0.6509780883789062,0.341921865940094,0.8938339352607727,1.0,10.826569557189941,False,False,False,False,False
g565_expanded_solver_panel_static_flow_supplement,g565_expanded_solver_panel,g559-synth-game-den-32,128,7298,2000,g559_b2000_i3,validation,other,g565_real_graph_000262,29380f861f5ac430b198fae1c360ba7043870005e2bbc620612c5c60ff6df81e,6aa7390d8c13497c3889ddf4b61ada3912bbe550a28b7bacf5f9b11800b2635d,g562_g565_expanded_solver_panel_b2_s565_86c796c24400,g565_B2_phase5p5_repair5g565_scaling_b2_fold2_all_seed565,B2,565,artifacts/models/gcst/phase5p5_repair5g565_scaling_b2_fold2_all_seed565.pt,True,True,False,False,1.45462733619,1.39571263036,0.058914705829999914,-0.042211200607107695,0.9814330244770697,16.657739,897.1703,73,97,9191,12497,True,True,True,True,True,True,True,True,True,1.2469562292099,1.1581991910934448,1.2691532373428345,0.7513773441314697,0.7553755044937134,1.0113219022750854,0.7066967487335205,0.9811080694198608,1.0,0.686423659324646,0.6517025828361511,0.3436279892921448,0.8854814767837524,0.9964114427566528,10.831816673278809,False,False,False,False,False
g565_expanded_solver_panel_static_flow_supplement,g565_expanded_solver_panel,g565-synth-checker-a-40,64,7794,2000,g559_b2000_i4,validation,other,g565_real_graph_000158,17e6e782bb1af078f33dde4a4595a04f16fd726ab3261848dbbc905ed85cff0f,b54841d27b70c39afbf1090d79bb3ca3491ad9e9042dcdc505bfad7564b7cd44,g562_g565_expanded_solver_panel_e0_s565_06e1f99f7462,g565_E0_phase5p5_repair5g565_expanded_e0_seed565,E0,565,artifacts/models/gcst/phase5p5_repair5g565_expanded_e0_seed565.pt,True,True,False,False,1.29614325069,1.23760330579,0.05853994489999992,-0.04730105731467167,0.9823986100084549,13.242404,752.3499,51,64,3196,5416,True,True,True,True,True,True,True,True,True,1.2330132722854614,1.162885308265686,1.2800699472427368,0.7347276210784912,0.7579967379570007,1.039015769958496,0.7021501660346985,0.9811617136001587,1.0,0.6774724721908569,0.6435762047767639,0.3493013083934784,0.8850928544998169,1.0,10.830307960510254,False,False,False,False,False
g565_expanded_solver_panel_static_flow_supplement,g565_expanded_solver_panel,g565-synth-checker-a-40,128,7874,2000,g559_b2000_i3,validation,other,g565_real_graph_000433,440b1d21d09a9a49b934b0f9f9df23733cc1c5c5549b326355e684d6f8b6817c,1af63baae9822c8481bc0e66969dba2f9a7f344e627ba7d6239bce50601f2de6,g562_g565_expanded_solver_panel_b2_s565_5a49c8e0675f,g565_B2_phase5p5_repair5g565_scaling_b2_fold1_all_seed565,B2,565,artifacts/models/gcst/phase5p5_repair5g565_scaling_b2_fold1_all_seed565.pt,True,True,False,False,1.44553163731,1.3871493803,0.058382257010000105,-0.04208793792444598,0.9776725681607767,26.472495,1185.6489,58,63,7292,7931,True,True,True,True,True,True,True,True,True,1.2480993270874023,1.1613010168075562,1.2615054845809937,0.7440100312232971,0.7482227683067322,1.0318199396133423,0.7064317464828491,0.9810973405838013,0.9998276829719543,0.6854956150054932,0.6495916843414307,0.3402179777622223,0.8893895149230957,1.0,10.825152397155762,False,False,False,False,False
g565_expanded_solver_panel_static_flow_supplement,g565_expanded_solver_panel,g559-synth-string-40,64,7176,500,g559_b500_i4,heldout,other,g565_real_graph_000514,4e61c5495c0a75c9f0d7677c9cfa5f5cd5365919766bb0d9e682121a0b9a4532,1d6b4073c2bf2abfb704f2abc827de60e50946bce53ee6086c711835491de5b6,g562_g565_expanded_solver_panel_b2_s565_3655ffb8fc4d,g565_B2_phase5p5_repair5g565_scaling_b2_fold3_all_seed565,B2,565,artifacts/models/gcst/phase5p5_repair5g565_scaling_b2_fold3_all_seed565.pt,True,True,False,False,1.79251170047,1.73426937077,0.05824232969999987,-0.03358320839982361,0.9878725658855163,5.12147,422.3045,78,101,4886,7575,True,True,True,True,True,True,True,True,True,1.240860104560852,1.1590015888214111,1.2585785388946533,0.7500723600387573,0.7488633990287781,1.02496337890625,0.7069796323776245,0.9808521866798401,1.0,0.6800585985183716,0.6523997783660889,0.34510675072669983,0.8991939425468445,1.0,10.807656288146973,False,False,False,False,False
g565_expanded_solver_panel_static_flow_supplement,g565_expanded_solver_panel,g565-synth-checker-a-40,128,9554,2000,g559_b2000_i3,validation,other,g565_real_graph_000431,43e600f7155aaeca33b55f271faf3d20714ee74a6d0061248018f3786dd3335e,27a31fe90b34e301c04702dcf72651fc1a42d4b942e680a5bbd323d9167c2da7,g562_g565_expanded_solver_panel_e0_s565_8800939c9d07,g565_E0_phase5p5_repair5g565_expanded_e0_seed565,E0,565,artifacts/models/gcst/phase5p5_repair5g565_expanded_e0_seed565.pt,True,True,False,False,1.39066193853,1.33274231678,0.05791962174999998,-0.043458980044948144,0.9789890585217151,26.53742,1263.0286,58,57,7293,7167,True,True,True,True,True,True,True,True,True,1.2364001274108887,1.1592286825180054,1.2653224468231201,0.7474855184555054,0.7514210939407349,1.0390185117721558,0.7032729983329773,0.9806700348854065,1.0,0.6834770441055298,0.6516503691673279,0.3386054039001465,0.8396397829055786,1.0,10.810684204101562,False,False,False,False,False
g565_expanded_solver_panel_static_flow_supplement,g565_expanded_solver_panel,g559-synth-string-40,64,7416,500,g559_b500_i4,heldout,other,g565_real_graph_000844,7e9f7e18fcd118e1f585dbf172534008c63a1b2df172b229087c81e90efd64f1,e1c3c6cc3401aef59f9428985d69323e9d33e4243298c8e9a16a6cf3dec72c68,g562_g565_expanded_solver_panel_b1_s565_cb50bf05001c,g565_B1_phase5p5_repair5g565_scaling_b1_fold0_all_seed565,B1,565,artifacts/models/gcst/phase5p5_repair5g565_scaling_b1_fold0_all_seed565.pt,True,True,False,False,1.6825974026,1.62493506494,0.05766233765999984,-0.035485933502289825,0.984713422210122,5.120707,334.9806,71,83,4439,5214,True,True,True,True,True,True,True,True,True,1.2419184446334839,1.1677271127700806,1.2625313997268677,0.7413292527198792,0.7506269812583923,1.0173929929733276,0.7031049728393555,0.9809489846229553,1.0,0.6816073656082153,0.6515212059020996,0.3412015736103058,0.8979146480560303,1.0,10.828396797180176,False,False,False,False,False
g565_expanded_solver_panel_static_flow_supplement,g565_expanded_solver_panel,g565-synth-checker-a-40,128,9554,2000,g559_b2000_i3,validation,other,g565_real_graph_000431,43e600f7155aaeca33b55f271faf3d20714ee74a6d0061248018f3786dd3335e,fbf4840a0a7d1df1fc8f4bb53fcf935ef293f425ebd69cb2746d8bed7c69379f,g562_g565_expanded_solver_panel_b1_s565_16d39277ead7,g565_B1_phase5p5_repair5g565_scaling_b1_fold1_all_seed565,B1,565,artifacts/models/gcst/phase5p5_repair5g565_scaling_b1_fold1_all_seed565.pt,True,True,False,False,1.39036643026,1.33274231678,0.05762411347999996,-0.043237250558100314,0.9791720116234898,26.306345,1263.0286,63,57,7935,7167,True,True,True,True,True,True,True,True,True,1.2492616176605225,1.1622165441513062,1.2568947076797485,0.744052529335022,0.7502079010009766,1.0271269083023071,0.7057000398635864,0.98094242811203,0.9998460412025452,0.683508574962616,0.6498144865036011,0.3407077491283417,0.8883487582206726,1.0,10.820582389831543,False,False,False,False,False
g565_expanded_solver_panel_static_flow_supplement,g565_expanded_solver_panel,empty-16-16,96,10081,1000,g559_b1000_i2,validation,other,g565_real_graph_000603,5b628b081747b1443fc12ed8dd276c0a31a54e5fb83ec2258374289f34e75087,ec93afb1b348494790d390b340d01493ebe43f0f10d07d9c60f985d3e2a9233f,g562_g565_expanded_solver_panel_b1_s565_839e10e308d3,g565_B1_phase5p5_repair5g565_scaling_b1_fold1_all_seed565,B1,565,artifacts/models/gcst/phase5p5_repair5g565_scaling_b1_fold1_all_seed565.pt,True,True,False,False,1.86271676301,1.80563583815,0.05708092486000016,-0.03161264506052536,0.9838763703490679,4.844093,300.4344,42,40,4217,3743,True,True,True,True,True,True,True,True,True,1.2492616176605225,1.1622165441513062,1.2568947076797485,0.744052529335022,0.7502079010009766,1.0271269083023071,0.7057000398635864,0.98094242811203,0.9998460412025452,0.683508574962616,0.6498144865036011,0.3407077491283417,0.8883487582206726,1.0,10.820582389831543,False,False,False,False,False
g565_expanded_solver_panel_static_flow_supplement,g565_expanded_solver_panel,empty-16-16,32,11321,1000,g559_b1000_i3,validation,other,g565_real_graph_000393,3d89e88bc6ce47262d5aa7231888145a211933adcdb9770d6352775ae714b2c9,d24f51b0129b18dd4f183a67eef21f2cf74fd9efebb469c2ec67a3a203f91f26,g562_g565_expanded_solver_panel_b1_s565_381883982e3e,g565_B1_phase5p5_repair5g565_scaling_b1_fold1_all_seed565,B1,565,artifacts/models/gcst/phase5p5_repair5g565_scaling_b1_fold1_all_seed565.pt,True,True,False,False,1.2140077821,1.15758754864,0.05642023345999991,-0.048739495795618766,0.9853329928004062,1.424206,97.1027,30,29,928,896,True,True,True,True,True,True,True,True,True,1.2492616176605225,1.1622165441513062,1.2568947076797485,0.744052529335022,0.7502079010009766,1.0271269083023071,0.7057000398635864,0.98094242811203,0.9998460412025452,0.683508574962616,0.6498144865036011,0.3407077491283417,0.8883487582206726,1.0,10.820582389831543,False,False,False,False,False
g565_expanded_solver_panel_static_flow_supplement,g565_expanded_solver_panel,g565-synth-checker-a-40,64,7194,2000,g559_b2000_i4,validation,other,g565_real_graph_000305,2e84f3b61fb6b2e3ef326195d5c190b6aad2f582ecefc4b221bd749e626022cc,8a87299eb21fe2937ba731ce1f90c0a16231e041d5b925bd8f0b3881a7999ff3,g562_g565_expanded_solver_panel_b2_s565_e05adc8ee2ec,g565_B2_phase5p5_repair5g565_scaling_b2_fold3_all_seed565,B2,565,artifacts/models/gcst/phase5p5_repair5g565_scaling_b2_fold3_all_seed565.pt,True,True,False,False,1.26580557444,1.21006118287,0.055744391569999996,-0.04606741572999351,0.9798054090853314,13.396094,663.3506,48,46,3003,2880,True,True,True,True,True,True,True,True,True,1.2408065795898438,1.1632603406906128,1.2602393627166748,0.7485929727554321,0.7500539422035217,1.0262290239334106,0.7040050625801086,0.9807032346725464,1.0,0.6796829700469971,0.6524712443351746,0.34521740674972534,0.9013597369194031,0.9970998167991638,10.814281463623047,False,False,False,False,False
g565_expanded_solver_panel_static_flow_supplement,g565_expanded_solver_panel,g565-synth-checker-a-40,128,7874,2000,g559_b2000_i3,validation,other,g565_real_graph_000433,440b1d21d09a9a49b934b0f9f9df23733cc1c5c5549b326355e684d6f8b6817c,9bc2f5a2e0099e7b599be65d7480d137d12de50ed4d1a58b652420845ab0e36d,g562_g565_expanded_solver_panel_b2_s565_e5e038334cf6,g565_B2_phase5p5_repair5g565_scaling_b2_fold2_all_seed565,B2,565,artifacts/models/gcst/phase5p5_repair5g565_scaling_b2_fold2_all_seed565.pt,True,True,False,False,1.44227005871,1.3871493803,0.05512067841000001,-0.03973665647897202,0.9769160963249746,27.369405,1185.6489,65,63,8185,7931,True,True,True,True,True,True,True,True,True,1.2469844818115234,1.1582494974136353,1.2694305181503296,0.7511727809906006,0.7554806470870972,1.0116199254989624,0.7069055438041687,0.9811126589775085,1.0,0.6862678527832031,0.6516603231430054,0.3434774875640869,0.8866766691207886,0.9965597987174988,10.83204460144043,False,False,False,False,False
g565_expanded_solver_panel_static_flow_supplement,g565_expanded_solver_panel,g559-synth-warehouse-a-32,128,7730,2000,g559_b2000_i3,validation,other,g565_real_graph_000211,1fb684150ada82a4c84eb6df1d2bfebaac9a9f0a68e169199b806bb65b8d7e6b,7fafe40f47388c7fae7bc810c7350e627aaea02f3724684111c0b6291b021227,g562_g565_expanded_solver_panel_e2_s565_ee08c5bfe09a,g565_E2_phase5p5_repair5g565_expanded_e2_seed565,E2,565,artifacts/models/gcst/phase5p5_repair5g565_expanded_e2_seed565.pt,True,True,False,False,1.4027269704,1.34785500499,0.054871965410000056,-0.04071058474899321,0.9825076693528116,13.201894,754.7247,56,66,7040,8320,True,True,True,True,True,True,True,True,True,1.2335463762283325,1.1659458875656128,1.2732614278793335,0.7401763796806335,0.7624852061271667,1.0431336164474487,0.7087032794952393,0.9814386963844299,1.0,0.6817423701286316,0.6515730619430542,0.3419537842273712,0.8652653098106384,1.0,10.83099365234375,False,False,False,False,False
g565_expanded_solver_panel_static_flow_supplement,g565_expanded_solver_panel,empty-16-16,32,11321,1000,g559_b1000_i3,validation,other,g565_real_graph_000393,3d89e88bc6ce47262d5aa7231888145a211933adcdb9770d6352775ae714b2c9,1e5ffce81dff4955921f9ed31a45b95d97fbe862d63c87ec8ef5f1fd3d1e62b5,g562_g565_expanded_solver_panel_b1_s565_11e39a21afff,g565_B1_phase5p5_repair5g565_scaling_b1_fold2_all_seed565,B1,565,artifacts/models/gcst/phase5p5_repair5g565_scaling_b1_fold2_all_seed565.pt,True,True,False,False,1.21206225681,1.15758754864,0.054474708169999886,-0.04705882352829372,0.9851533891436591,1.441646,97.1027,30,29,928,896,True,True,True,True,True,True,True,True,True,1.2480440139770508,1.156984567642212,1.2668358087539673,0.7500779032707214,0.7517090439796448,1.0155653953552246,0.7070396542549133,0.9809726476669312,1.0,0.6840704679489136,0.6509780883789062,0.341921865940094,0.8938339352607727,1.0,10.826569557189941,False,False,False,False,False
g565_expanded_solver_panel_static_flow_supplement,g565_expanded_solver_panel,g565-synth-checker-a-40,64,11274,2000,g559_b2000_i4,validation,other,g565_real_graph_000729,7032be809752d5cbdeb4d6230da5e8f94b4c4018fbca874384674fa745e8ce08,8d66781aa465a6d24a81d698aa5ffb15c9a1143b2c552d603d1f60d6ea8fd819,g562_g565_expanded_solver_panel_e2_s565_47474db8e9e1,g565_E2_phase5p5_repair5g565_expanded_e2_seed565,E2,565,artifacts/models/gcst/phase5p5_repair5g565_expanded_e2_seed565.pt,True,True,False,False,1.32836787565,1.27396373057,0.05440414507999991,-0.04270462633630729,0.9789358863025677,13.488896,640.3733,50,56,3135,3520,True,True,True,True,True,True,True,True,True,1.2369338274002075,1.1679151058197021,1.2737268209457397,0.7353160381317139,0.764531135559082,1.0408422946929932,0.7072497606277466,0.9814146161079407,1.0,0.6800486445426941,0.6466709971427917,0.34447604417800903,0.8852621912956238,1.0,10.830337524414062,False,False,False,False,False
g565_expanded_solver_panel_static_flow_supplement,g565_expanded_solver_panel,g565-synth-checker-a-40,128,11834,2000,g559_b2000_i3,validation,other,g565_real_graph_000594,5a267044fdd80124143c0f8d27ef4f1e35b2ef0b75d4a996dc9f27b86cf416f9,ee00a0098ab1832dbdbf9ba37ba05197974554ed6a0eea99ba0f4cebe13e2e34,g562_g565_expanded_solver_panel_b1_s565_003e2e2cff3b,g565_B1_phase5p5_repair5g565_scaling_b1_fold2_all_seed565,B1,565,artifacts/models/gcst/phase5p5_repair5g565_scaling_b1_fold2_all_seed565.pt,True,True,False,False,1.43473994112,1.38056282723,0.05417711389000002,-0.039242773180198184,0.9795211611768004,26.414491,1289.8432,60,63,7550,7936,True,True,True,True,True,True,True,True,True,1.2480440139770508,1.156984567642212,1.2668358087539673,0.7500779032707214,0.7517090439796448,1.0155653953552246,0.7070396542549133,0.9809726476669312,1.0,0.6840704679489136,0.6509780883789062,0.341921865940094,0.8938339352607727,1.0,10.826569557189941,False,False,False,False,False
g565_expanded_solver_panel_static_flow_supplement,g565_expanded_solver_panel,g565-synth-checker-a-40,64,10794,2000,g559_b2000_i4,validation,other,g565_real_graph_000694,6a2de37075d4b28c3410f604306e9ae25ecd0a58dc34a13a9aecc80775b38070,5740fd2c46a5075d8a98301e90ed2cff6bfb7426b984439ce69661bfa0adbd3d,g562_g565_expanded_solver_panel_b1_s565_881a47b6ac79,g565_B1_phase5p5_repair5g565_scaling_b1_fold1_all_seed565,B1,565,artifacts/models/gcst/phase5p5_repair5g565_scaling_b1_fold1_all_seed565.pt,True,True,False,False,1.33311214333,1.27936297279,0.053749170539999946,-0.04201244813485982,0.9777140561539287,13.266809,595.2994,49,47,3072,2944,True,True,True,True,True,True,True,True,True,1.2492616176605225,1.1622165441513062,1.2568947076797485,0.744052529335022,0.7502079010009766,1.0271269083023071,0.7057000398635864,0.98094242811203,0.9998460412025452,0.683508574962616,0.6498144865036011,0.3407077491283417,0.8883487582206726,1.0,10.820582389831543,False,False,False,False,False
g565_expanded_solver_panel_static_flow_supplement,g565_expanded_solver_panel,g559-synth-warehouse-b-36,32,7691,5000,g559_b5000_i3,heldout,other,g565_real_graph_000965,912891ba2c3cd962744d5ded1d76b46b633579ffc885377f9a5a03a60fb4f9b2,ec50adc102010ffecd4e61b8362532b48cc678473c705d011d78b17937d785e6,g562_g565_expanded_solver_panel_b1_s565_d6d1b1b32f9e,g565_B1_phase5p5_repair5g565_scaling_b1_fold2_all_seed565,B1,565,artifacts/models/gcst/phase5p5_repair5g565_scaling_b1_fold2_all_seed565.pt,True,True,False,False,1.16852010265,1.11548331908,0.05303678357000008,-0.047546012264658884,0.9809220752361928,3.920504,205.4995,57,56,1792,1759,True,True,True,True,True,True,True,True,True,1.2480440139770508,1.156984567642212,1.2668358087539673,0.7500779032707214,0.7517090439796448,1.0155653953552246,0.7070396542549133,0.9809726476669312,1.0,0.6840704679489136,0.6509780883789062,0.341921865940094,0.8938339352607727,1.0,10.826569557189941,False,False,False,False,False
g565_expanded_solver_panel_static_flow_supplement,g565_expanded_solver_panel,g559-synth-warehouse-b-36,32,7691,5000,g559_b5000_i3,heldout,other,g565_real_graph_000965,912891ba2c3cd962744d5ded1d76b46b633579ffc885377f9a5a03a60fb4f9b2,f377fa4d8acba1fd639ac253def83d157f2884db976f7f25c5a63cdca9afdc2f,g562_g565_expanded_solver_panel_b1_s565_0a72730506f9,g565_B1_phase5p5_repair5g565_scaling_b1_fold3_all_seed565,B1,565,artifacts/models/gcst/phase5p5_repair5g565_scaling_b1_fold3_all_seed565.pt,True,True,False,False,1.16852010265,1.11548331908,0.05303678357000008,-0.047546012264658884,0.9808388682210906,3.937603,205.4995,57,56,1792,1759,True,True,True,True,True,True,True,True,True,1.242787480354309,1.1655681133270264,1.2748825550079346,0.7497100830078125,0.7532985210418701,1.025909185409546,0.7064592838287354,0.9808717966079712,1.0,0.6789582967758179,0.6534641981124878,0.3446955978870392,0.898270308971405,0.9992702007293701,10.821928977966309,False,False,False,False,False
g565_expanded_solver_panel_static_flow_supplement,g565_expanded_solver_panel,g559-synth-city-berlin-32,16,10900,500,g559_b500_i2,validation,other,g565_real_graph_000828,7c3f3a7fab8907fe16870c9ae0d554d4bfd624b9f98a10a569e15ac974caba1b,beca581f152614ed43f94b5831134a4f4c8810282abae746b2d5c75d7ce9f7e6,g562_g565_expanded_solver_panel_e1_s565_5f3ec68f1027,g565_E1_phase5p5_repair5g565_expanded_e1_seed565,E1,565,artifacts/models/gcst/phase5p5_repair5g565_expanded_e1_seed565.pt,True,True,False,False,1.13372093023,1.08139534884,0.052325581389999876,-0.04838709676912232,0.9797027219464951,2.120891,104.4914,40,42,624,656,True,True,True,True,True,True,True,True,True,1.2439473867416382,1.1725746393203735,1.2892595529556274,0.7177623510360718,0.7582554817199707,1.0395033359527588,0.7053303122520447,0.9817525148391724,1.0,0.6687158346176147,0.6374003887176514,0.3596148192882538,0.9457800388336182,1.0,10.85094928741455,False,False,False,False,False
g565_expanded_solver_panel_static_flow_supplement,g565_expanded_solver_panel,g559-synth-string-40,16,7216,500,g559_b500_i2,heldout,other,g565_real_graph_000584,5962c1322ec2cd3b42955b965d9a9b96482ee2aa6d0d1852e52ed5ef26f5b0fe,9b3fc36460d28c50a225aefca262fe6109f25aa6fc353fd6c95da81d72b5b4c1,g562_g565_expanded_solver_panel_e1_s565_0e50b494c69c,g565_E1_phase5p5_repair5g565_expanded_e1_seed565,E1,565,artifacts/models/gcst/phase5p5_repair5g565_expanded_e1_seed565.pt,True,True,False,False,1.16122004357,1.10893246187,0.05228758169999992,-0.04715127701449647,0.9877218849709252,1.287574,104.8674,56,42,1131,654,True,True,True,True,True,True,True,True,True,1.253149390220642,1.170806646347046,1.2488744258880615,0.7264472842216492,0.7694215178489685,1.0222467184066772,0.7085785269737244,0.9810348153114319,1.0,0.6761314272880554,0.6390853524208069,0.3417688012123108,0.9258399605751038,1.0,10.837259292602539,False,False,False,False,False
g565_expanded_solver_panel_static_flow_supplement,g565_expanded_solver_panel,g559-synth-warehouse-a-32,128,11690,2000,g559_b2000_i3,validation,other,g565_real_graph_000776,76a152c852898ed680162cf49a045453b3b045e32cf3efa2b4c35a51edfe1e22,89045329b72a5a73134473c888dece2a7333335533fa8e066be1844f70a3278b,g562_g565_expanded_solver_panel_e1_s565_c7dc9be32ba4,g565_E1_phase5p5_repair5g565_expanded_e1_seed565,E1,565,artifacts/models/gcst/phase5p5_repair5g565_expanded_e1_seed565.pt,True,True,False,False,1.35399403381,1.30228704011,0.05170699370000009,-0.03970475947885696,0.9827098055532004,14.968602,865.7278,51,68,6400,9592,True,True,True,True,True,True,True,True,True,1.234717845916748,1.1732414960861206,1.2916924953460693,0.7443767786026001,0.7496126890182495,1.0442079305648804,0.700633704662323,0.981055736541748,1.0,0.6827227473258972,0.6514918208122253,0.3434365689754486,0.8579193353652954,1.0,10.834193229675293,False,False,False,False,False
g565_expanded_solver_panel_static_flow_supplement,g565_expanded_solver_panel,g559-synth-warehouse-a-32,16,8530,2000,g559_b2000_i2,validation,other,g565_real_graph_000662,638c0e343118ef03cb26f3488d272319bf0407a36011a334f53948ba03605237,bcc4b1e46cedbdec000700a7b47ee6889e0dd4074abe50e7ced3f35af2f5b31d,g562_g565_expanded_solver_panel_b1_s565_d1ea71824127,g565_B1_phase5p5_repair5g565_scaling_b1_fold1_all_seed565,B1,565,artifacts/models/gcst/phase5p5_repair5g565_scaling_b1_fold1_all_seed565.pt,True,True,False,False,1.15142857143,1.1,0.051428571430000014,-0.046753246754545466,0.9859416182989424,1.759197,125.1351,58,54,912,848,True,True,True,True,True,True,True,True,True,1.2492616176605225,1.1622165441513062,1.2568947076797485,0.744052529335022,0.7502079010009766,1.0271269083023071,0.7057000398635864,0.98094242811203,0.9998460412025452,0.683508574962616,0.6498144865036011,0.3407077491283417,0.8883487582206726,1.0,10.820582389831543,False,False,False,False,False
g565_expanded_solver_panel_static_flow_supplement,g565_expanded_solver_panel,g559-synth-warehouse-a-32,16,8530,2000,g559_b2000_i2,validation,other,g565_real_graph_000662,638c0e343118ef03cb26f3488d272319bf0407a36011a334f53948ba03605237,349c6e374c951151c155d4cd1dd23a6acd99730b140f7db11066f85ab76b0672,g562_g565_expanded_solver_panel_b2_s565_976d73b5270f,g565_B2_phase5p5_repair5g565_scaling_b2_fold1_all_seed565,B2,565,artifacts/models/gcst/phase5p5_repair5g565_scaling_b2_fold1_all_seed565.pt,True,True,False,False,1.15142857143,1.1,0.051428571430000014,-0.046753246754545466,0.9856233143218809,1.799028,125.1351,58,54,912,848,True,True,True,True,True,True,True,True,True,1.248136281967163,1.1613738536834717,1.2613606452941895,0.7438706159591675,0.7482926249504089,1.0319072008132935,0.7065189480781555,0.9811214208602905,0.9998286962509155,0.6854541301727295,0.6495267152786255,0.3401871621608734,0.8899058103561401,1.0,10.826051712036133,False,False,False,False,False
g565_expanded_solver_panel_static_flow_supplement,g565_expanded_solver_panel,empty-16-16,32,9401,1000,g559_b1000_i3,validation,other,g565_real_graph_000182,1c068e7cf72f10be319968b34f4aa5f2247a894147cf72e0a5d3e16600f628fc,9393735fd6520792caa147e71efa0c433dd3060edbc1f638e186789ed5a7a1df,g562_g565_expanded_solver_panel_b1_s565_a5904f2000f9,g565_B1_phase5p5_repair5g565_scaling_b1_fold2_all_seed565,B1,565,artifacts/models/gcst/phase5p5_repair5g565_scaling_b1_fold2_all_seed565.pt,True,True,False,False,1.26482213439,1.21343873518,0.0513833992099999,-0.042345276873313055,0.9861724749591676,1.436684,103.9003,31,27,960,832,True,True,True,True,True,True,True,True,True,1.2480440139770508,1.156984567642212,1.2668358087539673,0.7500779032707214,0.7517090439796448,1.0155653953552246,0.7070396542549133,0.9809726476669312,1.0,0.6840704679489136,0.6509780883789062,0.341921865940094,0.8938339352607727,1.0,10.826569557189941,False,False,False,False,False
g565_expanded_solver_panel_static_flow_supplement,g565_expanded_solver_panel,g559-synth-string-40,64,8976,500,g559_b500_i4,heldout,other,g565_real_graph_000302,2e64c50dc1624398d097a0cf1f54647c78116a1b5eb94cbba2ff5d5c1668dd97,5ac15d53babc8d7802cc522d990b944d351718ddd4c3e10f2c04946815abaef9,g562_g565_expanded_solver_panel_b2_s565_6ab748dc8283,g565_B2_phase5p5_repair5g565_scaling_b2_fold1_all_seed565,B2,565,artifacts/models/gcst/phase5p5_repair5g565_scaling_b2_fold1_all_seed565.pt,True,True,False,False,1.57014767932,1.51898734177,0.051160337550000046,-0.033680555553797745,0.9822180651927793,5.120237,287.946,80,66,5020,4127,True,True,True,True,True,True,True,True,True,1.2481741905212402,1.161116123199463,1.2603057622909546,0.7447618246078491,0.7478916645050049,1.0324511528015137,0.7054210901260376,0.981009840965271,0.9998255968093872,0.6851468682289124,0.6494176387786865,0.3398366868495941,0.8868326544761658,1.0,10.821105003356934,False,False,False,False,False
g565_expanded_solver_panel_static_flow_supplement,g565_expanded_solver_panel,maze-36-32-4,96,10567,5000,g559_b5000_i2,validation,maze,g565_real_graph_000476,499e5851b9665dd30aaf6f1923687720391ea792f22780ce8406232737baefc9,c276af003129c73ac1cbfa068b7a6c548b78632fcdb581823c83b598ba58a64f,g562_g565_expanded_solver_panel_b2_s565_3955acae155f,g565_B2_phase5p5_repair5g565_scaling_b2_fold0_all_seed565,B2,565,artifacts/models/gcst/phase5p5_repair5g565_scaling_b2_fold0_all_seed565.pt,True,True,False,False,1.4275147929,1.37692307692,0.05059171598000001,-0.03674258702466312,0.9833013236984013,14.158128,847.8593,79,77,7576,7385,True,True,True,True,True,True,True,True,True,1.2404518127441406,1.1765613555908203,1.2648218870162964,0.738939642906189,0.7532180547714233,1.0154993534088135,0.6976363658905029,0.9805655479431152,1.0,0.6844020485877991,0.6505224108695984,0.34513741731643677,0.8988579511642456,1.0,10.835289001464844,False,False,False,False,False
g565_expanded_solver_panel_static_flow_supplement,g565_expanded_solver_panel,empty-16-16,32,11321,1000,g559_b1000_i3,validation,other,g565_real_graph_000393,3d89e88bc6ce47262d5aa7231888145a211933adcdb9770d6352775ae714b2c9,1c2c87c98c19c205452fb431d0e95d8819433143b065772d17863809e5e177ad,g562_g565_expanded_solver_panel_b2_s565_3d80494fdcf1,g565_B2_phase5p5_repair5g565_scaling_b2_fold3_all_seed565,B2,565,artifacts/models/gcst/phase5p5_repair5g565_scaling_b2_fold3_all_seed565.pt,True,True,False,False,1.20817120623,1.15758754864,0.05058365759000005,-0.043697478993643825,0.9855694537844982,1.401245,97.1027,28,29,864,896,True,True,True,True,True,True,True,True,True,1.240659236907959,1.160920262336731,1.2586419582366943,0.7488595247268677,0.7494028210639954,1.0266700983047485,0.7063196301460266,0.980868399143219,1.0,0.6789594888687134,0.6517179608345032,0.3450039029121399,0.9033975005149841,1.0,10.811237335205078,False,False,False,False,False
g565_expanded_solver_panel_static_flow_supplement,g565_expanded_solver_panel,g559-synth-game-den-32,128,7298,2000,g559_b2000_i3,validation,other,g565_real_graph_000262,29380f861f5ac430b198fae1c360ba7043870005e2bbc620612c5c60ff6df81e,e71225a8c585dbaf030b903f24f07bfd0279dd2347c2b24d5cc3f4d52164d272,g562_g565_expanded_solver_panel_b2_s565_a996277e24b1,g565_B2_phase5p5_repair5g565_scaling_b2_fold0_all_seed565,B2,565,artifacts/models/gcst/phase5p5_repair5g565_scaling_b2_fold0_all_seed565.pt,True,True,False,False,1.44517000676,1.39571263036,0.04945737639999992,-0.03543521447337138,0.9809688940884467,17.074143,897.1703,91,97,12007,12497,True,True,True,True,True,True,True,True,True,1.2435616254806519,1.1715307235717773,1.2614978551864624,0.7394441962242126,0.750309944152832,1.0172593593597412,0.7011129260063171,0.980854868888855,1.0,0.6824814081192017,0.6507813334465027,0.3402646481990814,0.8972494006156921,1.0,10.826824188232422,False,False,False,False,False
g565_expanded_solver_panel_static_flow_supplement,g565_expanded_solver_panel,g565-synth-checker-a-40,128,11594,2000,g559_b2000_i3,validation,other,g565_real_graph_000012,01ae910acb51c61004526b69998001770a9e05aee319bb36111678fdf258bb05,1f1cf4beb1b010c36b7158fb6f32a888847dc8b26e23fe9cf4da00429d39755e,g562_g565_expanded_solver_panel_e2_s565_4464abe02967,g565_E2_phase5p5_repair5g565_expanded_e2_seed565,E2,565,artifacts/models/gcst/phase5p5_repair5g565_expanded_e2_seed565.pt,True,True,False,False,1.45756457565,1.40825226434,0.04931231131000002,-0.03501667461057557,0.9736157021072627,38.239193,1449.3163,65,68,8314,9205,True,True,True,True,True,True,True,True,True,1.2332438230514526,1.1660921573638916,1.2742036581039429,0.74000483751297,0.7625188827514648,1.0431934595108032,0.7092352509498596,0.981458842754364,1.0,0.6816863417625427,0.6514654159545898,0.3421303629875183,0.8651646375656128,1.0,10.831808090209961,False,False,False,False,False
g565_expanded_solver_panel_static_flow_supplement,g565_expanded_solver_panel,g559-synth-warehouse-a-32,128,11690,2000,g559_b2000_i3,validation,other,g565_real_graph_000776,76a152c852898ed680162cf49a045453b3b045e32cf3efa2b4c35a51edfe1e22,e7e2723df78c72485b7b88fc7096b7c5c680c895dfabc232d415c68a0221ea62,g562_g565_expanded_solver_panel_e2_s565_0e4e00aa0983,g565_E2_phase5p5_repair5g565_expanded_e2_seed565,E2,565,artifacts/models/gcst/phase5p5_repair5g565_expanded_e2_seed565.pt,True,True,False,False,1.35134239311,1.30228704011,0.04905535299999997,-0.03766861796908953,0.9844166619115153,13.490929,865.7278,51,68,6400,9592,True,True,True,True,True,True,True,True,True,1.232811450958252,1.1662790775299072,1.2759326696395874,0.7398807406425476,0.7626767754554749,1.0433536767959595,0.7100516557693481,0.9814926385879517,1.0,0.6816838979721069,0.6514359712600708,0.34236493706703186,0.8648034334182739,1.0,10.83311939239502,False,False,False,False,False
g565_expanded_solver_panel_static_flow_supplement,g565_expanded_solver_panel,empty-16-16,32,8081,1000,g559_b1000_i3,validation,other,g565_real_graph_000304,2e67e0e49cc11e60b1fcaaadf9f7c68d6fa8c7aa818cda931e08ddb4ba9f609b,f9a81e64c8dbc3f6a46d9c2fd755ccedd45a10b5524ca76955a3bfabeb1621de,g562_g565_expanded_solver_panel_e1_s565_4f392c8953c9,g565_E1_phase5p5_repair5g565_expanded_e1_seed565,E1,565,artifacts/models/gcst/phase5p5_repair5g565_expanded_e1_seed565.pt,True,True,False,False,1.24643584521,1.19755600815,0.048879837059999875,-0.0408163265244772,0.983907182807587,1.409005,87.5549,31,27,960,832,True,True,True,True,True,True,True,True,True,1.250837802886963,1.1695901155471802,1.2562305927276611,0.726207971572876,0.7664278149604797,1.032355546951294,0.7036993503570557,0.9812023043632507,1.0,0.675917387008667,0.6423965096473694,0.3461030125617981,0.9264045357704163,1.0,10.839391708374023,False,False,False,False,False
g565_expanded_solver_panel_static_flow_supplement,g565_expanded_solver_panel,g559-synth-warehouse-b-36,32,7691,5000,g559_b5000_i3,heldout,other,g565_real_graph_000965,912891ba2c3cd962744d5ded1d76b46b633579ffc885377f9a5a03a60fb4f9b2,d9ea643edca156d5a6063d0dbb26886951c537a680d8191188c16a4d47c6b1d7,g562_g565_expanded_solver_panel_b1_s565_e0518e0e1fde,g565_B1_phase5p5_repair5g565_scaling_b1_fold0_all_seed565,B1,565,artifacts/models/gcst/phase5p5_repair5g565_scaling_b1_fold0_all_seed565.pt,True,True,False,False,1.16424294269,1.11548331908,0.04875962361000008,-0.04371165644163537,0.9809195204854513,3.921029,205.4995,56,56,1760,1759,True,True,True,True,True,True,True,True,True,1.2419184446334839,1.1677271127700806,1.2625313997268677,0.7413292527198792,0.7506269812583923,1.0173929929733276,0.7031049728393555,0.9809489846229553,1.0,0.6816073656082153,0.6515212059020996,0.3412015736103058,0.8979146480560303,1.0,10.828396797180176,False,False,False,False,False
g565_expanded_solver_panel_static_flow_supplement,g565_expanded_solver_panel,g565-synth-checker-a-40,64,11634,2000,g559_b2000_i4,validation,other,g565_real_graph_000343,33c7c1aac55187c6d5d449b1eafcab4c3dd771274b72ddd6070a7c136f69d3cd,2e3dac3f4e74e004deb77b36b24da3fa01a0c695affec0f09f04facd8a271316,g562_g565_expanded_solver_panel_b1_s565_3f266b08ed02,g565_B1_phase5p5_repair5g565_scaling_b1_fold3_all_seed565,B1,565,artifacts/models/gcst/phase5p5_repair5g565_scaling_b1_fold3_all_seed565.pt,True,True,False,False,1.35926928281,1.31055480379,0.048714479020000034,-0.03717088280407839,0.9800308740274584,13.436492,672.8633,48,50,3008,3134,True,True,True,True,True,True,True,True,True,1.242787480354309,1.1655681133270264,1.2748825550079346,0.7497100830078125,0.7532985210418701,1.025909185409546,0.7064592838287354,0.9808717966079712,1.0,0.6789582967758179,0.6534641981124878,0.3446955978870392,0.898270308971405,0.9992702007293701,10.821928977966309,False,False,False,False,False
g565_expanded_solver_panel_static_flow_supplement,g565_expanded_solver_panel,g565-synth-checker-a-40,64,11274,2000,g559_b2000_i4,validation,other,g565_real_graph_000729,7032be809752d5cbdeb4d6230da5e8f94b4c4018fbca874384674fa745e8ce08,af07af699d69ff7dbf04ff785a9468cbbfc8923a05201cbffdbd5172ec6740ce,g562_g565_expanded_solver_panel_b1_s565_645e5b67fede,g565_B1_phase5p5_repair5g565_scaling_b1_fold1_all_seed565,B1,565,artifacts/models/gcst/phase5p5_repair5g565_scaling_b1_fold1_all_seed565.pt,True,True,False,False,1.3225388601,1.27396373057,0.048575129530000094,-0.03812913065293192,0.9789827292924299,13.458899,640.3733,51,56,3200,3520,True,True,True,True,True,True,True,True,True,1.2492616176605225,1.1622165441513062,1.2568947076797485,0.744052529335022,0.7502079010009766,1.0271269083023071,0.7057000398635864,0.98094242811203,0.9998460412025452,0.683508574962616,0.6498144865036011,0.3407077491283417,0.8883487582206726,1.0,10.820582389831543,False,False,False,False,False
g565_expanded_solver_panel_static_flow_supplement,g565_expanded_solver_panel,g559-synth-warehouse-a-32,128,7730,2000,g559_b2000_i3,validation,other,g565_real_graph_000211,1fb684150ada82a4c84eb6df1d2bfebaac9a9f0a68e169199b806bb65b8d7e6b,6bc4c75e4b3e917fd8c89621f68f07e0e651a7d5f030ed2b8bdd1e05d78d0066,g562_g565_expanded_solver_panel_e1_s565_64ea6ffbd916,g565_E1_phase5p5_repair5g565_expanded_e1_seed565,E1,565,artifacts/models/gcst/phase5p5_repair5g565_expanded_e1_seed565.pt,True,True,False,False,1.39640838045,1.34785500499,0.04855337546000005,-0.036022699237118816,0.9823132024167223,13.348663,754.7247,59,66,7424,8320,True,True,True,True,True,True,True,True,True,1.2385838031768799,1.170506477355957,1.2771154642105103,0.7432932257652283,0.7547765374183655,1.0437664985656738,0.6992769241333008,0.9810426831245422,1.0,0.6815100312232971,0.6518372297286987,0.3428708612918854,0.8646910190582275,1.0,10.82817554473877,False,False,False,False,False
g565_expanded_solver_panel_static_flow_supplement,g565_expanded_solver_panel,g559-synth-string-40,64,7176,500,g559_b500_i4,heldout,other,g565_real_graph_000514,4e61c5495c0a75c9f0d7677c9cfa5f5cd5365919766bb0d9e682121a0b9a4532,67f3a33562f25d4ea5f94e9941628e03507cb753a47d3b42eddfa8f8d4051e73,g562_g565_expanded_solver_panel_b1_s565_b2d2f5df7c99,g565_B1_phase5p5_repair5g565_scaling_b1_fold3_all_seed565,B1,565,artifacts/models/gcst/phase5p5_repair5g565_scaling_b1_fold3_all_seed565.pt,True,True,False,False,1.78263130525,1.73426937077,0.048361934479999924,-0.02788605697310312,0.9874217561025279,5.311849,422.3045,100,101,6286,7575,True,True,True,True,True,True,True,True,True,1.242787480354309,1.1655681133270264,1.2748825550079346,0.7497100830078125,0.7532985210418701,1.025909185409546,0.7064592838287354,0.9808717966079712,1.0,0.6789582967758179,0.6534641981124878,0.3446955978870392,0.898270308971405,0.9992702007293701,10.821928977966309,False,False,False,False,False
g565_expanded_solver_panel_static_flow_supplement,g565_expanded_solver_panel,g559-synth-warehouse-a-32,128,11690,2000,g559_b2000_i3,validation,other,g565_real_graph_000776,76a152c852898ed680162cf49a045453b3b045e32cf3efa2b4c35a51edfe1e22,273f5c5fab5a0ff0508d768dc97158d155fe95444695782660739ec5ad033821,g562_g565_expanded_solver_panel_b2_s565_6f1f5dba058b,g565_B2_phase5p5_repair5g565_scaling_b2_fold0_all_seed565,B2,565,artifacts/models/gcst/phase5p5_repair5g565_scaling_b2_fold0_all_seed565.pt,True,True,False,False,1.35034802784,1.30228704011,0.048060987730000004,-0.036905064897167716,0.9802372858997943,17.109131,865.7278,55,68,6912,9592,True,True,True,True,True,True,True,True,True,1.243594765663147,1.1714696884155273,1.261464238166809,0.7395223379135132,0.7503223419189453,1.0173455476760864,0.7010428309440613,0.9808430671691895,1.0,0.6825291514396667,0.6507958769798279,0.3402426838874817,0.8967435956001282,1.0,10.826509475708008,False,False,False,False,False
g565_expanded_solver_panel_static_flow_supplement,g565_expanded_solver_panel,g565-synth-checker-a-40,64,9714,2000,g559_b2000_i4,validation,other,g565_real_graph_000581,591297e01f4e90b471c5c6afe5893c9ec56404475e51db15fe47cf3ed638d9d6,1bdd051ecbce7d43cb5d9d0ba860f7bf5152b534a4d088c490d8393b78e770f3,g562_g565_expanded_solver_panel_b2_s565_6a9dd75095cb,g565_B2_phase5p5_repair5g565_scaling_b2_fold2_all_seed565,B2,565,artifacts/models/gcst/phase5p5_repair5g565_scaling_b2_fold2_all_seed565.pt,True,True,False,False,1.28888888889,1.24107744108,0.04781144781000002,-0.038524145413838105,0.9787411054491851,13.273737,624.3851,45,51,2816,3200,True,True,True,True,True,True,True,True,True,1.247193455696106,1.159409999847412,1.2705328464508057,0.7495691776275635,0.7566941976547241,1.0140230655670166,0.7086097002029419,0.9811566472053528,1.0,0.6852495670318604,0.6512262225151062,0.341899037361145,0.8969748020172119,0.9974092245101929,10.837230682373047,False,False,False,False,False
g565_expanded_solver_panel_static_flow_supplement,g565_expanded_solver_panel,empty-16-16,32,7241,1000,g559_b1000_i3,validation,other,g565_real_graph_000301,2e6016cfe81e7da4e8485c646d79a7e28a3b430fb263bbcd6a0559c1d8744f08,1dd964b1c2422a56a89041db9a05e2a6e66ef6b0bb063726c688931c01098cd3,g562_g565_expanded_solver_panel_e2_s565_334f5d2dec25,g565_E2_phase5p5_repair5g565_expanded_e2_seed565,E2,565,artifacts/models/gcst/phase5p5_repair5g565_expanded_e2_seed565.pt,True,True,False,False,1.21739130435,1.16996047431,0.04743083003999993,-0.04054054054088699,0.9837505351920729,1.430806,88.0525,29,27,894,832,True,True,True,True,True,True,True,True,True,1.2485202550888062,1.1698224544525146,1.2605782747268677,0.7296639680862427,0.7629923224449158,1.0320850610733032,0.700963020324707,0.9810336232185364,1.0,0.677591860294342,0.63651442527771,0.3456345796585083,0.9312974810600281,1.0,10.828852653503418,False,False,False,False,False
g565_expanded_solver_panel_static_flow_supplement,g565_expanded_solver_panel,g565-synth-checker-a-40,128,10154,2000,g559_b2000_i3,validation,other,g565_real_graph_000064,0ab0ea9e522d70d022f5da6fcc3b54b4c57c5899d79a45023e909a417aac0920,20ff9632e7cdef7d74148e43c82d5a6d3fd951f8400dc66e1b720a26f37b2297,g562_g565_expanded_solver_panel_b2_s565_d831b9e8e3e9,g565_B2_phase5p5_repair5g565_scaling_b2_fold0_all_seed565,B2,565,artifacts/models/gcst/phase5p5_repair5g565_scaling_b2_fold0_all_seed565.pt,True,True,False,False,1.40419947507,1.35695538058,0.04724409448999989,-0.03481624758347357,0.9729894740596382,33.625293,1244.8959,57,64,7167,8063,True,True,True,True,True,True,True,True,True,1.243505597114563,1.1716333627700806,1.2615545988082886,0.7393126487731934,0.7502894997596741,1.017114281654358,0.7012303471565247,0.9808746576309204,1.0,0.6824008822441101,0.6507567763328552,0.3403021991252899,0.8981055021286011,1.0,10.827352523803711,False,False,False,False,False
g565_expanded_solver_panel_static_flow_supplement,g565_expanded_solver_panel,g559-synth-warehouse-a-32,128,11690,2000,g559_b2000_i3,validation,other,g565_real_graph_000776,76a152c852898ed680162cf49a045453b3b045e32cf3efa2b4c35a51edfe1e22,28ae0263fdb0b4ede0c01ba1f5f27eb5206f0e841d6b25b0b05dd803e8193041,g562_g565_expanded_solver_panel_b1_s565_3edc226c4396,g565_B1_phase5p5_repair5g565_scaling_b1_fold0_all_seed565,B1,565,artifacts/models/gcst/phase5p5_repair5g565_scaling_b1_fold0_all_seed565.pt,True,True,False,False,1.34935366258,1.30228704011,0.04706662247000004,-0.036141511832924696,0.9834704534150343,14.310088,865.7278,53,68,6656,9592,True,True,True,True,True,True,True,True,True,1.2419184446334839,1.1677271127700806,1.2625313997268677,0.7413292527198792,0.7506269812583923,1.0173929929733276,0.7031049728393555,0.9809489846229553,1.0,0.6816073656082153,0.6515212059020996,0.3412015736103058,0.8979146480560303,1.0,10.828396797180176,False,False,False,False,False
g565_expanded_solver_panel_static_flow_supplement,g565_expanded_solver_panel,g565-synth-checker-a-40,64,11274,2000,g559_b2000_i4,validation,other,g565_real_graph_000729,7032be809752d5cbdeb4d6230da5e8f94b4c4018fbca874384674fa745e8ce08,1f5caaf5c7103c0679f99f88d36cd67394adbd884ec1f2592a923d7f9c32cfd0,g562_g565_expanded_solver_panel_b2_s565_3a6b7ad89aa9,g565_B2_phase5p5_repair5g565_scaling_b2_fold1_all_seed565,B2,565,artifacts/models/gcst/phase5p5_repair5g565_scaling_b2_fold1_all_seed565.pt,True,True,False,False,1.32059585492,1.27396373057,0.04663212435000008,-0.03660396542775658,0.979157371177093,13.347063,640.3733,49,56,3069,3520,True,True,True,True,True,True,True,True,True,1.2481050491333008,1.1613792181015015,1.2615312337875366,0.7438412308692932,0.7482521533966064,1.0317938327789307,0.7066673636436462,0.9811269640922546,0.9998267889022827,0.6854842901229858,0.6495361924171448,0.3402560353279114,0.8901614546775818,1.0,10.826108932495117,False,False,False,False,False
g565_expanded_solver_panel_static_flow_supplement,g565_expanded_solver_panel,g565-synth-checker-a-40,128,10154,2000,g559_b2000_i3,validation,other,g565_real_graph_000064,0ab0ea9e522d70d022f5da6fcc3b54b4c57c5899d79a45023e909a417aac0920,7c3f40aeb058f33498c4a1e6da5ab89cf1ce0c7c776953ae632f3244fdd61005,g562_g565_expanded_solver_panel_b2_s565_18f9b70ff81b,g565_B2_phase5p5_repair5g565_scaling_b2_fold1_all_seed565,B2,565,artifacts/models/gcst/phase5p5_repair5g565_scaling_b2_fold1_all_seed565.pt,True,True,False,False,1.40354330709,1.35695538058,0.04658792650999999,-0.03433268858854226,0.9731200713248394,33.462713,1244.8959,57,64,7162,8063,True,True,True,True,True,True,True,True,True,1.2480993270874023,1.1613010168075562,1.2615054845809937,0.7440100312232971,0.7482227683067322,1.0318199396133423,0.7064317464828491,0.9810973405838013,0.9998276829719543,0.6854956150054932,0.6495916843414307,0.3402179777622223,0.8893895149230957,1.0,10.825152397155762,False,False,False,False,False
g565_expanded_solver_panel_static_flow_supplement,g565_expanded_solver_panel,g565-synth-checker-a-40,128,11834,2000,g559_b2000_i3,validation,other,g565_real_graph_000594,5a267044fdd80124143c0f8d27ef4f1e35b2ef0b75d4a996dc9f27b86cf416f9,e136b3b8c240b5b2f35eda539ebb6b106f8a85204504c419de7eb5f4cc59d4db,g562_g565_expanded_solver_panel_e0_s565_6e2ad50774cf,g565_E0_phase5p5_repair5g565_expanded_e0_seed565,E0,565,artifacts/models/gcst/phase5p5_repair5g565_expanded_e0_seed565.pt,True,True,False,False,1.42688910697,1.38056282723,0.04632627974000014,-0.03355608221970636,0.9794701828873463,26.480245,1289.8432,60,63,7552,7936,True,True,True,True,True,True,True,True,True,1.2365708351135254,1.1595704555511475,1.2641212940216064,0.7478507161140442,0.7511292099952698,1.0382646322250366,0.7038288116455078,0.9806731343269348,1.0,0.6840079426765442,0.6522950530052185,0.33780437707901,0.8376124501228333,1.0,10.810554504394531,False,False,False,False,False
g565_expanded_solver_panel_static_flow_supplement,g565_expanded_solver_panel,g565-synth-checker-a-40,128,11834,2000,g559_b2000_i3,validation,other,g565_real_graph_000594,5a267044fdd80124143c0f8d27ef4f1e35b2ef0b75d4a996dc9f27b86cf416f9,9bc8afff909bf5639f4cb826c5c6a1d7dd68c94a6c486bc1473b55c004958ff8,g562_g565_expanded_solver_panel_e1_s565_a33bbb44fa63,g565_E1_phase5p5_repair5g565_expanded_e1_seed565,E1,565,artifacts/models/gcst/phase5p5_repair5g565_expanded_e1_seed565.pt,True,True,False,False,1.42623487079,1.38056282723,0.04567204356000021,-0.03308219130572846,0.9796630567188322,26.231468,1289.8432,59,63,7421,7936,True,True,True,True,True,True,True,True,True,1.2357873916625977,1.1657731533050537,1.2664270401000977,0.7472525238990784,0.7580592036247253,1.0458793640136719,0.7017056941986084,0.980923056602478,1.0,0.6802176237106323,0.6532031297683716,0.34066224098205566,0.8515123128890991,1.0,10.822347640991211,False,False,False,False,False
g565_expanded_solver_panel_static_flow_supplement,g565_expanded_solver_panel,g565-synth-checker-a-40,128,8474,2000,g559_b2000_i3,validation,other,g565_real_graph_000366,382512b031882678d3e768c79bd4d0396133a820848a0b825ba3a40d1e9eac63,711b0d01152103f246850c5f247e7536cd4821a3df9151d6ae333cc14df36441,g562_g565_expanded_solver_panel_b1_s565_ebe879212986,g565_B1_phase5p5_repair5g565_scaling_b1_fold2_all_seed565,B1,565,artifacts/models/gcst/phase5p5_repair5g565_scaling_b1_fold2_all_seed565.pt,True,True,False,False,1.4052532833,1.35991244528,0.045340838019999996,-0.03334099792774859,0.9792668541185542,26.618975,1283.885,59,64,7422,8059,True,True,True,True,True,True,True,True,True,1.2480440139770508,1.156984567642212,1.2668358087539673,0.7500779032707214,0.7517090439796448,1.0155653953552246,0.7070396542549133,0.9809726476669312,1.0,0.6840704679489136,0.6509780883789062,0.341921865940094,0.8938339352607727,1.0,10.826569557189941,False,False,False,False,False
g565_expanded_solver_panel_static_flow_supplement,g565_expanded_solver_panel,empty-16-16,96,11041,1000,g559_b1000_i2,validation,other,g565_real_graph_000759,7481be412e1fa5384e5b8a82bd8fa0749ee0169e156a029508d2baeb1d12a905,462274c226bc616677e34e7ca24dd74b47fdea7b7c644afd6c30304c1f8b8a94,g562_g565_expanded_solver_panel_b2_s565_9d39a8ca80b7,g565_B2_phase5p5_repair5g565_scaling_b2_fold1_all_seed565,B2,565,artifacts/models/gcst/phase5p5_repair5g565_scaling_b2_fold1_all_seed565.pt,True,True,False,False,1.86759581882,1.82229965157,0.04529616724999985,-0.02485659655972331,0.9846412179713305,4.789329,311.83,41,37,3839,3456,True,True,True,True,True,True,True,True,True,1.2481753826141357,1.1611227989196777,1.260585069656372,0.7446810603141785,0.7480165362358093,1.032334566116333,0.7054638862609863,0.98101407289505,0.9998283982276917,0.6852689981460571,0.6495548486709595,0.3398716151714325,0.8867618441581726,1.0,10.821810722351074,False,False,False,False,False
g565_expanded_solver_panel_static_flow_supplement,g565_expanded_solver_panel,empty-16-16,32,8081,1000,g559_b1000_i3,validation,other,g565_real_graph_000304,2e67e0e49cc11e60b1fcaaadf9f7c68d6fa8c7aa818cda931e08ddb4ba9f609b,ae5393bad8fbb9246402bb9ae17d3099e1d7e01e1cf7696c5730f65e05dee5df,g562_g565_expanded_solver_panel_b2_s565_c3e3e792cbf4,g565_B2_phase5p5_repair5g565_scaling_b2_fold0_all_seed565,B2,565,artifacts/models/gcst/phase5p5_repair5g565_scaling_b2_fold0_all_seed565.pt,True,True,False,False,1.24236252546,1.19755600815,0.04480651730999985,-0.037414965984945904,0.9840501559592896,1.396487,87.5549,27,27,832,832,True,True,True,True,True,True,True,True,True,1.244268774986267,1.1708699464797974,1.2607216835021973,0.7389750480651855,0.7494913935661316,1.0177010297775269,0.7024489045143127,0.9811036586761475,1.0,0.681183397769928,0.6505398154258728,0.3393746018409729,0.9038458466529846,1.0,10.830097198486328,False,False,False,False,False
g565_expanded_solver_panel_static_flow_supplement,g565_expanded_solver_panel,empty-16-16,32,8081,1000,g559_b1000_i3,validation,other,g565_real_graph_000304,2e67e0e49cc11e60b1fcaaadf9f7c68d6fa8c7aa818cda931e08ddb4ba9f609b,27c071f285bb025968f70c43d2f09f223492a33254cd104a6984daeb0cbdd532,g562_g565_expanded_solver_panel_b2_s565_d9410a3f1bfb,g565_B2_phase5p5_repair5g565_scaling_b2_fold3_all_seed565,B2,565,artifacts/models/gcst/phase5p5_repair5g565_scaling_b2_fold3_all_seed565.pt,True,True,False,False,1.24236252546,1.19755600815,0.04480651730999985,-0.037414965984945904,0.9841007984704454,1.392053,87.5549,27,27,832,832,True,True,True,True,True,True,True,True,True,1.240659236907959,1.160920262336731,1.2586419582366943,0.7488595247268677,0.7494028210639954,1.0266700983047485,0.7063196301460266,0.980868399143219,1.0,0.6789594888687134,0.6517179608345032,0.3450039029121399,0.9033975005149841,1.0,10.811237335205078,False,False,False,False,False
g565_expanded_solver_panel_static_flow_supplement,g565_expanded_solver_panel,empty-16-16,32,10001,1000,g559_b1000_i3,validation,other,g565_real_graph_000129,1417754f1c02c731122686963001a4db6abff3b1865e9966aa63bfd5a08dcd39,3b85d57362460ca9030398af6933968a450f586e123cf6dbb8387d93a8181537,g562_g565_expanded_solver_panel_b2_s565_d86e9161de2e,g565_B2_phase5p5_repair5g565_scaling_b2_fold0_all_seed565,B2,565,artifacts/models/gcst/phase5p5_repair5g565_scaling_b2_fold0_all_seed565.pt,True,True,False,False,1.19713261649,1.1523297491,0.044802867390000056,-0.03888024883935547,0.985108667058519,1.449159,97.3156,30,30,927,928,True,True,True,True,True,True,True,True,True,1.244268774986267,1.1708699464797974,1.2607216835021973,0.7389750480651855,0.7494913935661316,1.0177010297775269,0.7024489045143127,0.9811036586761475,1.0,0.681183397769928,0.6505398154258728,0.3393746018409729,0.9038458466529846,1.0,10.830097198486328,False,False,False,False,False
g565_expanded_solver_panel_static_flow_supplement,g565_expanded_solver_panel,g559-synth-game-den-32,128,7298,2000,g559_b2000_i3,validation,other,g565_real_graph_000262,29380f861f5ac430b198fae1c360ba7043870005e2bbc620612c5c60ff6df81e,fe3e4f643d3d41adf418d833daff5ac1132f4904b87d2038a35cc5c9094e4acc,g562_g565_expanded_solver_panel_b2_s565_1c4b5cdda126,g565_B2_phase5p5_repair5g565_scaling_b2_fold1_all_seed565,B2,565,artifacts/models/gcst/phase5p5_repair5g565_scaling_b2_fold1_all_seed565.pt,True,True,False,False,1.44021616753,1.39571263036,0.044503537169999996,-0.031885888399907275,0.9814579026969573,16.635419,897.1703,78,97,9831,12497,True,True,True,True,True,True,True,True,True,1.2481024265289307,1.1613010168075562,1.2615115642547607,0.7440200448036194,0.7482296228408813,1.0318193435668945,0.7064171433448792,0.9810963273048401,0.9998278021812439,0.6855020523071289,0.6496060490608215,0.34021449089050293,0.8893157839775085,1.0,10.825177192687988,False,False,False,False,False
g565_expanded_solver_panel_static_flow_supplement,g565_expanded_solver_panel,g559-synth-warehouse-a-32,128,7730,2000,g559_b2000_i3,validation,other,g565_real_graph_000211,1fb684150ada82a4c84eb6df1d2bfebaac9a9f0a68e169199b806bb65b8d7e6b,fae0e71d67daa04156b2ea963c84dca19e82e991e8f802fda586648ea14baece,g562_g565_expanded_solver_panel_e0_s565_cd11900dcbba,g565_E0_phase5p5_repair5g565_expanded_e0_seed565,E0,565,artifacts/models/gcst/phase5p5_repair5g565_expanded_e0_seed565.pt,True,True,False,False,1.39175257732,1.34785500499,0.04389757232999991,-0.032568467800678305,0.9822442898715253,13.400673,754.7247,56,66,7040,8320,True,True,True,True,True,True,True,True,True,1.2353466749191284,1.1743128299713135,1.306671142578125,0.7480917572975159,0.7522534132003784,1.0368596315383911,0.7135328650474548,0.9811528325080872,1.0,0.6879766583442688,0.6556470990180969,0.3405967652797699,0.8488561511039734,1.0,10.846662521362305,False,False,False,False,False
g565_expanded_solver_panel_static_flow_supplement,g565_expanded_solver_panel,g559-synth-warehouse-a-32,128,11690,2000,g559_b2000_i3,validation,other,g565_real_graph_000776,76a152c852898ed680162cf49a045453b3b045e32cf3efa2b4c35a51edfe1e22,82d04f60948ece67e73651cf80e2d054b07373caaf7f3742549d225057482b35,g562_g565_expanded_solver_panel_b1_s565_e6cba000e706,g565_B1_phase5p5_repair5g565_scaling_b1_fold2_all_seed565,B1,565,artifacts/models/gcst/phase5p5_repair5g565_scaling_b1_fold2_all_seed565.pt,True,True,False,False,1.3460391117,1.30228704011,0.04375207158999994,-0.03359633494187606,0.9839533800346945,13.892005,865.7278,57,68,7168,9592,True,True,True,True,True,True,True,True,True,1.2480440139770508,1.156984567642212,1.2668358087539673,0.7500779032707214,0.7517090439796448,1.0155653953552246,0.7070396542549133,0.9809726476669312,1.0,0.6840704679489136,0.6509780883789062,0.341921865940094,0.8938339352607727,1.0,10.826569557189941,False,False,False,False,False
g565_expanded_solver_panel_static_flow_supplement,g565_expanded_solver_panel,g565-synth-checker-a-40,64,11154,2000,g559_b2000_i4,validation,other,g565_real_graph_000623,5e868cc5365a475dadb0d05f0ee8610068587847021a72bf889ee3f0415de755,9f63cd7b2dd4b2a536e69811168d9b5c089fc0f0e1565c9aa3d8dc6e767aba71,g562_g565_expanded_solver_panel_e2_s565_0d7d8898b4d3,g565_E2_phase5p5_repair5g565_expanded_e2_seed565,E2,565,artifacts/models/gcst/phase5p5_repair5g565_expanded_e2_seed565.pt,True,True,False,False,1.36909871245,1.32546494993,0.04363376252000006,-0.03291958985584978,0.9786622726825525,13.555058,635.2625,49,50,3072,3134,True,True,True,True,True,True,True,True,True,1.2379645109176636,1.1673078536987305,1.268980860710144,0.7361764311790466,0.76390141248703,1.0403023958206177,0.7055210471153259,0.9813180565834045,1.0,0.6802695989608765,0.6470613479614258,0.34348392486572266,0.8838641047477722,1.0,10.82752513885498,False,False,False,False,False
g565_expanded_solver_panel_static_flow_supplement,g565_expanded_solver_panel,empty-16-16,32,9401,1000,g559_b1000_i3,validation,other,g565_real_graph_000182,1c068e7cf72f10be319968b34f4aa5f2247a894147cf72e0a5d3e16600f628fc,55d5d2c640e4b77a56b69d58fbdbbfde7d99fbdb8c8169d2a9f041ddf2a2bdb9,g562_g565_expanded_solver_panel_e0_s565_45687a788f52,g565_E0_phase5p5_repair5g565_expanded_e0_seed565,E0,565,artifacts/models/gcst/phase5p5_repair5g565_expanded_e0_seed565.pt,True,True,False,False,1.25691699605,1.21343873518,0.04347826086999995,-0.03583061889280339,0.9771601044462818,2.373072,103.9003,33,27,1086,832,True,True,True,True,True,True,True,True,True,1.253282904624939,1.1704905033111572,1.2593990564346313,0.7294506430625916,0.7575576901435852,1.0257441997528076,0.7117730379104614,0.9812448024749756,1.0,0.6804602146148682,0.6385167241096497,0.344343364238739,0.9139370322227478,1.0,10.849241256713867,False,False,False,False,False
g565_expanded_solver_panel_static_flow_supplement,g565_expanded_solver_panel,empty-16-16,32,9041,1000,g559_b1000_i3,validation,other,g565_real_graph_000465,48664712616727101923592696ea5d4c0981a38b286c07ec1424e993509f5e97,4280b52a11530ca5a6666b3dfa877ea23a37b8fcdf9b90c71ad246163b8021f6,g562_g565_expanded_solver_panel_b1_s565_7567bb138e8c,g565_B1_phase5p5_repair5g565_scaling_b1_fold1_all_seed565,B1,565,artifacts/models/gcst/phase5p5_repair5g565_scaling_b1_fold1_all_seed565.pt,True,True,False,False,1.18540433925,1.14201183432,0.04339250492999991,-0.03799654576770437,0.9845272613645627,1.423608,92.0075,28,28,864,864,True,True,True,True,True,True,True,True,True,1.2492616176605225,1.1622165441513062,1.2568947076797485,0.744052529335022,0.7502079010009766,1.0271269083023071,0.7057000398635864,0.98094242811203,0.9998460412025452,0.683508574962616,0.6498144865036011,0.3407077491283417,0.8883487582206726,1.0,10.820582389831543,False,False,False,False,False
g565_expanded_solver_panel_static_flow_supplement,g565_expanded_solver_panel,empty-16-16,32,9041,1000,g559_b1000_i3,validation,other,g565_real_graph_000465,48664712616727101923592696ea5d4c0981a38b286c07ec1424e993509f5e97,039ce069c4173e00a515ca7e7b8f391dab649d140d3a7816dc49aad9d3ad97dc,g562_g565_expanded_solver_panel_b2_s565_e5fd2ef0d75b,g565_B2_phase5p5_repair5g565_scaling_b2_fold1_all_seed565,B2,565,artifacts/models/gcst/phase5p5_repair5g565_scaling_b2_fold1_all_seed565.pt,True,True,False,False,1.18540433925,1.14201183432,0.04339250492999991,-0.03799654576770437,0.9846459364725701,1.412689,92.0075,28,28,864,864,True,True,True,True,True,True,True,True,True,1.2481669187545776,1.1612114906311035,1.2606289386749268,0.7444611191749573,0.7480197548866272,1.0322763919830322,0.7057835459709167,0.9810490012168884,0.9998270273208618,0.6852455139160156,0.6494545936584473,0.33993470668792725,0.8878476619720459,1.0,10.822810173034668,False,False,False,False,False
g565_expanded_solver_panel_static_flow_supplement,g565_expanded_solver_panel,g565-synth-checker-a-40,128,10154,2000,g559_b2000_i3,validation,other,g565_real_graph_000064,0ab0ea9e522d70d022f5da6fcc3b54b4c57c5899d79a45023e909a417aac0920,58e842e3b73c5c90f1a77e07875dc2e27c641c3ecc9c3608a6049960a5499320,g562_g565_expanded_solver_panel_e1_s565_dfb87ef35f9f,g565_E1_phase5p5_repair5g565_expanded_e1_seed565,E1,565,artifacts/models/gcst/phase5p5_repair5g565_expanded_e1_seed565.pt,True,True,False,False,1.40026246719,1.35695538058,0.04330708660999982,-0.03191489361388521,0.9782502858271122,27.07613,1244.8959,57,64,7166,8063,True,True,True,True,True,True,True,True,True,1.2327314615249634,1.1668648719787598,1.2722907066345215,0.7469633221626282,0.757077693939209,1.045619010925293,0.704269528388977,0.980966329574585,1.0,0.6805364489555359,0.6532230973243713,0.34085550904273987,0.8500397801399231,1.0,10.824089050292969,False,False,False,False,False
g565_expanded_solver_panel_static_flow_supplement,g565_expanded_solver_panel,g559-synth-string-40,16,7576,500,g559_b500_i2,heldout,other,g565_real_graph_000939,8cac2d5b3d294e2a2f07ff094f284117ebff5610d78bb33a2a7004bcafc4c354,1424fae84902692bddb7624edd883e24c7ee24693cd67dce131b24bf92461340,g562_g565_expanded_solver_panel_e2_s565_4ab6be437097,g565_E2_phase5p5_repair5g565_expanded_e2_seed565,E2,565,artifacts/models/gcst/phase5p5_repair5g565_expanded_e2_seed565.pt,True,True,False,False,1.1063394683,1.06339468303,0.04294478527000001,-0.04038461537877416,0.9854020894257907,1.14412,78.3756,42,40,655,623,True,True,True,True,True,True,True,True,True,1.250051736831665,1.171078085899353,1.2610645294189453,0.7274969220161438,0.7619078755378723,1.0292390584945679,0.70396488904953,0.981013834476471,1.0,0.676840603351593,0.6331701278686523,0.34654656052589417,0.9382885098457336,1.0,10.834342956542969,False,False,False,False,False
g565_expanded_solver_panel_static_flow_supplement,g565_expanded_solver_panel,g559-synth-string-40,16,7576,500,g559_b500_i2,heldout,other,g565_real_graph_000939,8cac2d5b3d294e2a2f07ff094f284117ebff5610d78bb33a2a7004bcafc4c354,53b486690dc825e2fb08917d96e65f6af6d60869191fa9f96f8c247df6a2ba49,g562_g565_expanded_solver_panel_b2_s565_139458775bb1,g565_B2_phase5p5_repair5g565_scaling_b2_fold3_all_seed565,B2,565,artifacts/models/gcst/phase5p5_repair5g565_scaling_b2_fold3_all_seed565.pt,True,True,False,False,1.1063394683,1.06339468303,0.04294478527000001,-0.04038461537877416,0.9850396296806659,1.172528,78.3756,42,40,653,623,True,True,True,True,True,True,True,True,True,1.2404721975326538,1.1600890159606934,1.2577475309371948,0.7486469149589539,0.7492119073867798,1.0277477502822876,0.7074483036994934,0.9809706807136536,1.0,0.6781509518623352,0.6509551405906677,0.3448445796966553,0.9062086343765259,1.0,10.810318946838379,False,False,False,False,False
g565_expanded_solver_panel_static_flow_supplement,g565_expanded_solver_panel,random-32-32-20,32,9125,1000,g559_b1000_i3,validation,random,g565_real_graph_000880,846a2629cff10d41b23ae4a7a888558aaf879ed13f2d2fdb9c809a5edb2c9a95,cadf2c7c06390ac8ecc7658c6f4bfb49c04ad1b9be3ddd3e90de7da8e4f6e3a0,g562_g565_expanded_solver_panel_b2_s565_819fd7930e6f,g565_B2_phase5p5_repair5g565_scaling_b2_fold0_all_seed565,B2,565,artifacts/models/gcst/phase5p5_repair5g565_scaling_b2_fold0_all_seed565.pt,True,True,False,False,1.15133531157,1.10846953938,0.042865772190000095,-0.038671132283866094,0.9782226454221643,5.028095,230.8864,60,57,1888,1792,True,True,True,True,True,True,True,True,True,1.2441860437393188,1.1710234880447388,1.2608118057250977,0.7387933135032654,0.7494693398475647,1.017484426498413,0.7026026844978333,0.9811297059059143,1.0,0.681075394153595,0.6505079865455627,0.339436411857605,0.9050552845001221,1.0,10.830835342407227,False,False,False,False,False
g565_expanded_solver_panel_static_flow_supplement,g565_expanded_solver_panel,empty-16-16,32,11321,1000,g559_b1000_i3,validation,other,g565_real_graph_000393,3d89e88bc6ce47262d5aa7231888145a211933adcdb9770d6352775ae714b2c9,be57afb6d04015ef065bcdefd4f99ed10cc4ad687a3ae06bbe51e820c26c85fd,g562_g565_expanded_solver_panel_e2_s565_b2f7a30561c7,g565_E2_phase5p5_repair5g565_expanded_e2_seed565,E2,565,artifacts/models/gcst/phase5p5_repair5g565_expanded_e2_seed565.pt,True,True,False,False,1.20038910506,1.15758754864,0.04280155641999994,-0.036974789915705,0.9854508371033968,1.412763,97.1027,28,29,864,896,True,True,True,True,True,True,True,True,True,1.2485264539718628,1.1698415279388428,1.2606565952301025,0.7296295166015625,0.7629894018173218,1.0320909023284912,0.7009928226470947,0.9810348153114319,1.0,0.677586019039154,0.6364836692810059,0.34566229581832886,0.9314526915550232,1.0,10.828920364379883,False,False,False,False,False
g565_expanded_solver_panel_static_flow_supplement,g565_expanded_solver_panel,maze-32-32-2,16,9046,2000,g559_b2000_i2,validation,maze,g565_real_graph_000727,700c1f65052ee9ab6ead797a5711737b19022127e83273238af39dfe74199565,803d5a09ca9d749816e6f86b80f0a020de7436f506e06ca85170800e30ebd0e2,g562_g565_expanded_solver_panel_b2_s565_694ecf7318c0,g565_B2_phase5p5_repair5g565_scaling_b2_fold3_all_seed565,B2,565,artifacts/models/gcst/phase5p5_repair5g565_scaling_b2_fold3_all_seed565.pt,True,True,False,False,1.15270935961,1.11034482759,0.0423645320199999,-0.038154392191795033,0.9853913638725895,1.914285,131.0379,150,148,2365,2352,True,True,True,True,True,True,True,True,True,1.2406525611877441,1.1641443967819214,1.2593992948532104,0.7474684119224548,0.7503736615180969,1.0286619663238525,0.7042359113693237,0.980798065662384,1.0,0.6781458854675293,0.6512547135353088,0.3448808789253235,0.9067081809043884,0.9982274770736694,10.816428184509277,False,False,False,False,False
g565_expanded_solver_panel_static_flow_supplement,g565_expanded_solver_panel,g565-synth-checker-a-40,64,7794,2000,g559_b2000_i4,validation,other,g565_real_graph_000158,17e6e782bb1af078f33dde4a4595a04f16fd726ab3261848dbbc905ed85cff0f,6a275fc56c8932c0b4edcbaf10f452085831b3df6448dd6358b39a5fe7066d5c,g562_g565_expanded_solver_panel_e1_s565_1aa1b282a18c,g565_E1_phase5p5_repair5g565_expanded_e1_seed565,E1,565,artifacts/models/gcst/phase5p5_repair5g565_expanded_e1_seed565.pt,True,True,False,False,1.27961432507,1.23760330579,0.04201101928000006,-0.03394546466016681,0.9722884431831519,20.848787,752.3499,51,64,3196,5416,True,True,True,True,True,True,True,True,True,1.2302277088165283,1.1713294982910156,1.2929835319519043,0.733193576335907,0.7582026124000549,1.0425684452056885,0.7101672887802124,0.9815465211868286,1.0,0.6762714385986328,0.6481635570526123,0.3488906919956207,0.8858560919761658,1.0,10.838017463684082,False,False,False,False,False
g565_expanded_solver_panel_static_flow_supplement,g565_expanded_solver_panel,empty-16-16,96,10801,1000,g559_b1000_i2,validation,other,g565_real_graph_000951,8e399685fee2b7ab158f9f0f44f6cffb11fe86423d723d61e9a841ff6dacdc36,d5ba75aa498d3c884cd2676ce99f2fb81e8c63ee8d8107dafcc017697ee5ead2,g562_g565_expanded_solver_panel_b1_s565_4c245c147d21,g565_B1_phase5p5_repair5g565_scaling_b1_fold1_all_seed565,B1,565,artifacts/models/gcst/phase5p5_repair5g565_scaling_b1_fold1_all_seed565.pt,True,True,False,False,1.93876080692,1.8969740634,0.04178674351999989,-0.02202810482558962,0.9845775292063446,4.827056,312.9885,45,35,4509,3263,True,True,True,True,True,True,True,True,True,1.2492616176605225,1.1622165441513062,1.2568947076797485,0.744052529335022,0.7502079010009766,1.0271269083023071,0.7057000398635864,0.98094242811203,0.9998460412025452,0.683508574962616,0.6498144865036011,0.3407077491283417,0.8883487582206726,1.0,10.820582389831543,False,False,False,False,False
g565_expanded_solver_panel_static_flow_supplement,g565_expanded_solver_panel,g565-synth-checker-a-40,128,11594,2000,g559_b2000_i3,validation,other,g565_real_graph_000012,01ae910acb51c61004526b69998001770a9e05aee319bb36111678fdf258bb05,0521092ccf2c2caec37da78d589d007bb3fd28fc56aec13eb0f965615bdf8e0f,g562_g565_expanded_solver_panel_b2_s565_72958a7f998a,g565_B2_phase5p5_repair5g565_scaling_b2_fold3_all_seed565,B2,565,artifacts/models/gcst/phase5p5_repair5g565_scaling_b2_fold3_all_seed565.pt,True,True,False,False,1.44951358604,1.40825226434,0.041261321699999964,-0.029299666504948065,0.9810405547774491,27.478233,1449.3163,64,68,8063,9205,True,True,True,True,True,True,True,True,True,1.2414817810058594,1.1615246534347534,1.261405348777771,0.7507709860801697,0.7494720816612244,1.021997094154358,0.7031163573265076,0.9805025458335876,1.0,0.6826686263084412,0.6546787023544312,0.3454987704753876,0.8901146650314331,0.9950419664382935,10.80972957611084,False,False,False,False,False
g565_expanded_solver_panel_static_flow_supplement,g565_expanded_solver_panel,empty-16-16,96,11041,1000,g559_b1000_i2,validation,other,g565_real_graph_000759,7481be412e1fa5384e5b8a82bd8fa0749ee0169e156a029508d2baeb1d12a905,4a2d7353b31e485b41ec1848b9608b8fb663c24d26d3912996b774b4f0d94d8f,g562_g565_expanded_solver_panel_e0_s565_d0e01c0c66ef,g565_E0_phase5p5_repair5g565_expanded_e0_seed565,E0,565,artifacts/models/gcst/phase5p5_repair5g565_expanded_e0_seed565.pt,True,True,False,False,1.86341463415,1.82229965157,0.041114982579999904,-0.02256214149224983,0.9841568194208382,4.940379,311.83,44,37,4127,3456,True,True,True,True,True,True,True,True,True,1.2420647144317627,1.1657178401947021,1.2487549781799316,0.7406152486801147,0.7741756439208984,1.0311914682388306,0.6900841593742371,0.981234610080719,1.0,0.6826357841491699,0.656879723072052,0.3393382728099823,0.8968069553375244,1.0,10.797836303710938,False,False,False,False,False
g565_expanded_solver_panel_static_flow_supplement,g565_expanded_solver_panel,empty-16-16,96,10801,1000,g559_b1000_i2,validation,other,g565_real_graph_000951,8e399685fee2b7ab158f9f0f44f6cffb11fe86423d723d61e9a841ff6dacdc36,2df915f035056ab4b7d1635be3fe777dad2ee42e9c66a0cf3f03aeaff88bb3a8,g562_g565_expanded_solver_panel_b2_s565_6a3a6a1b8da8,g565_B2_phase5p5_repair5g565_scaling_b2_fold3_all_seed565,B2,565,artifacts/models/gcst/phase5p5_repair5g565_scaling_b2_fold3_all_seed565.pt,True,True,False,False,1.93804034582,1.8969740634,0.04106628241999988,-0.021648309912258697,0.9844191751454127,4.876619,312.9885,45,35,4319,3263,True,True,True,True,True,True,True,True,True,1.2418758869171143,1.158713936805725,1.259876012802124,0.7517184615135193,0.7487475872039795,1.0215057134628296,0.7047885060310364,0.9805968999862671,1.0,0.6829137206077576,0.6545459628105164,0.3451077938079834,0.8879307508468628,0.998008131980896,10.805275917053223,False,False,False,False,False
g565_expanded_solver_panel_static_flow_supplement,g565_expanded_solver_panel,g559-synth-string-40,16,7696,500,g559_b500_i2,heldout,other,g565_real_graph_000806,7a157e9d111ebf03d7ade6c690b04ea3c7c104af5eab1c521da123ae7fa54895,be74d7cb189fe9c42f0ac7e009e7944226229028768556d26c25b4aaef73ff22,g562_g565_expanded_solver_panel_e1_s565_f8b8d4532333,g565_E1_phase5p5_repair5g565_expanded_e1_seed565,E1,565,artifacts/models/gcst/phase5p5_repair5g565_expanded_e1_seed565.pt,True,True,False,False,1.3426124197,1.30192719486,0.040685224840000034,-0.03125000000048008,0.9857601468810802,1.29833,91.1758,65,60,1008,930,True,True,True,True,True,True,True,True,True,1.2531286478042603,1.1714422702789307,1.2475674152374268,0.7273257374763489,0.7705488204956055,1.0202429294586182,0.7091680765151978,0.9810190200805664,1.0,0.6768942475318909,0.6397242546081543,0.34076520800590515,0.922685980796814,1.0,10.834686279296875,False,False,False,False,False
g565_expanded_solver_panel_static_flow_supplement,g565_expanded_solver_panel,g559-synth-string-40,64,7176,500,g559_b500_i4,heldout,other,g565_real_graph_000514,4e61c5495c0a75c9f0d7677c9cfa5f5cd5365919766bb0d9e682121a0b9a4532,5dc07289644822086ba74fb4be2601547432825f11acdacea3f5fd7ed249c78d,g562_g565_expanded_solver_panel_b1_s565_6d51b5185e1f,g565_B1_phase5p5_repair5g565_scaling_b1_fold0_all_seed565,B1,565,artifacts/models/gcst/phase5p5_repair5g565_scaling_b1_fold0_all_seed565.pt,True,True,False,False,1.77483099324,1.73426937077,0.040561622469999836,-0.023388305850083047,0.9815572057602986,7.788475,422.3045,82,101,5353,7575,True,True,True,True,True,True,True,True,True,1.2419184446334839,1.1677271127700806,1.2625313997268677,0.7413292527198792,0.7506269812583923,1.0173929929733276,0.7031049728393555,0.9809489846229553,1.0,0.6816073656082153,0.6515212059020996,0.3412015736103058,0.8979146480560303,1.0,10.828396797180176,False,False,False,False,False
g565_expanded_solver_panel_static_flow_supplement,g565_expanded_solver_panel,g565-synth-checker-a-40,128,7874,2000,g559_b2000_i3,validation,other,g565_real_graph_000433,440b1d21d09a9a49b934b0f9f9df23733cc1c5c5549b326355e684d6f8b6817c,bc29bb76f20afaad8d9a596d3f4ab9dc5483f40ae63a77523e8eb528a21ab42f,g562_g565_expanded_solver_panel_b1_s565_19293f71c3e9,g565_B1_phase5p5_repair5g565_scaling_b1_fold1_all_seed565,B1,565,artifacts/models/gcst/phase5p5_repair5g565_scaling_b1_fold1_all_seed565.pt,True,True,False,False,1.42759295499,1.3871493803,0.04044357469000004,-0.02915588995992146,0.9775133869731588,26.661228,1185.6489,61,63,7678,7931,True,True,True,True,True,True,True,True,True,1.2492616176605225,1.1622165441513062,1.2568947076797485,0.744052529335022,0.7502079010009766,1.0271269083023071,0.7057000398635864,0.98094242811203,0.9998460412025452,0.683508574962616,0.6498144865036011,0.3407077491283417,0.8883487582206726,1.0,10.820582389831543,False,False,False,False,False
g565_expanded_solver_panel_static_flow_supplement,g565_expanded_solver_panel,g565-synth-checker-a-40,64,9714,2000,g559_b2000_i4,validation,other,g565_real_graph_000581,591297e01f4e90b471c5c6afe5893c9ec56404475e51db15fe47cf3ed638d9d6,9686c716dce50cc679bfe23f5d55047209bb67459b4536631241c8195d2720da,g562_g565_expanded_solver_panel_b2_s565_8e8ba112f83b,g565_B2_phase5p5_repair5g565_scaling_b2_fold3_all_seed565,B2,565,artifacts/models/gcst/phase5p5_repair5g565_scaling_b2_fold3_all_seed565.pt,True,True,False,False,1.28148148148,1.24107744108,0.040404040399999896,-0.03255561584041027,0.9788128592434381,13.228935,624.3851,50,51,3136,3200,True,True,True,True,True,True,True,True,True,1.2408065795898438,1.1632603406906128,1.2602393627166748,0.7485929727554321,0.7500539422035217,1.0262290239334106,0.7040050625801086,0.9807032346725464,1.0,0.6796829700469971,0.6524712443351746,0.34521740674972534,0.9013597369194031,0.9970998167991638,10.814281463623047,False,False,False,False,False
g565_expanded_solver_panel_static_flow_supplement,g565_expanded_solver_panel,g559-synth-string-40,16,10936,500,g559_b500_i2,heldout,other,g565_real_graph_000784,77d8a5672a98cb15f0d21e632778f1a1bb4ae710cb900222b207530c978a1721,69f129a06326731b6bbb572f72c359f85862eeb282258fb5b6fec4167c69f8bf,g562_g565_expanded_solver_panel_e1_s565_c175ef98a381,g565_E1_phase5p5_repair5g565_expanded_e1_seed565,E1,565,artifacts/models/gcst/phase5p5_repair5g565_expanded_e1_seed565.pt,True,True,False,False,1.08704883227,1.04670912951,0.040339702760000096,-0.03853955375251621,0.9784774454951541,1.244051,57.8022,38,38,590,592,True,True,True,True,True,True,True,True,True,1.2531965970993042,1.1704680919647217,1.249407410621643,0.7258138060569763,0.7688000202178955,1.0231081247329712,0.7082453966140747,0.9810467958450317,1.0,0.6755366325378418,0.6383206248283386,0.34232690930366516,0.92789226770401,1.0,10.839271545410156,False,False,False,False,False
g565_expanded_solver_panel_static_flow_supplement,g565_expanded_solver_panel,g565-synth-checker-a-40,16,10714,2000,g559_b2000_i2,validation,other,g565_real_graph_000396,3e64a2ad9c99aecf5a11d1c0f6d75ef3687e25fc9f22485a64f78007ccd7556e,061ecc06799d8a0b53f944919370fba531cba6b5cba4936b8dac2ab17a0f3d31,g562_g565_expanded_solver_panel_e0_s565_2b87d3179079,g565_E0_phase5p5_repair5g565_expanded_e0_seed565,E0,565,artifacts/models/gcst/phase5p5_repair5g565_expanded_e0_seed565.pt,True,True,False,False,1.12137203166,1.08179419525,0.0395778364099999,-0.03658536585219294,0.9793878267838757,3.4154,165.6982,51,51,800,800,True,True,True,True,True,True,True,True,True,1.2473300695419312,1.1662890911102295,1.2640022039413452,0.7251840233802795,0.7587683200836182,1.035589337348938,0.7015241980552673,0.9812279939651489,1.0,0.669976532459259,0.6376368403434753,0.3557250499725342,0.9309895634651184,1.0,10.843961715698242,False,False,False,False,False
g565_expanded_solver_panel_static_flow_supplement,g565_expanded_solver_panel,g559-synth-string-40,16,7336,500,g559_b500_i2,heldout,other,g565_real_graph_000598,5ab6427160c80b7cabd4da875aaadafd4148c6b19332993f2d930fc1f50b4255,42c6e0b74f5fee340f890e406b6bc82b28af80bb5df5e8c9d959a08f09d08a68,g562_g565_expanded_solver_panel_b2_s565_6f80ee09b601,g565_B2_phase5p5_repair5g565_scaling_b2_fold3_all_seed565,B2,565,artifacts/models/gcst/phase5p5_repair5g565_scaling_b2_fold3_all_seed565.pt,True,True,False,False,1.22707423581,1.18777292576,0.03930131004999993,-0.03308823529956525,0.9896103693127817,1.229805,118.3685,48,54,743,839,True,True,True,True,True,True,True,True,True,1.2404721975326538,1.1600890159606934,1.2577475309371948,0.7486469149589539,0.7492119073867798,1.0277477502822876,0.7074483036994934,0.9809706807136536,1.0,0.6781509518623352,0.6509551405906677,0.3448445796966553,0.9062086343765259,1.0,10.810318946838379,False,False,False,False,False
g565_expanded_solver_panel_static_flow_supplement,g565_expanded_solver_panel,g565-synth-checker-a-40,128,11594,2000,g559_b2000_i3,validation,other,g565_real_graph_000012,01ae910acb51c61004526b69998001770a9e05aee319bb36111678fdf258bb05,cdd9a02d44e1df6f90893e1cd89971565cace3ccf409269b5191c12be2942fa8,g562_g565_expanded_solver_panel_b1_s565_b52c25767405,g565_B1_phase5p5_repair5g565_scaling_b1_fold3_all_seed565,B1,565,artifacts/models/gcst/phase5p5_repair5g565_scaling_b1_fold3_all_seed565.pt,True,True,False,False,1.44750083864,1.40825226434,0.03924857429999995,-0.02787041448031644,0.9755774388240855,35.396016,1449.3163,63,68,7935,9205,True,True,True,True,True,True,True,True,True,1.242787480354309,1.1655681133270264,1.2748825550079346,0.7497100830078125,0.7532985210418701,1.025909185409546,0.7064592838287354,0.9808717966079712,1.0,0.6789582967758179,0.6534641981124878,0.3446955978870392,0.898270308971405,0.9992702007293701,10.821928977966309,False,False,False,False,False
g565_expanded_solver_panel_static_flow_supplement,g565_expanded_solver_panel,g565-synth-checker-a-40,128,10154,2000,g559_b2000_i3,validation,other,g565_real_graph_000064,0ab0ea9e522d70d022f5da6fcc3b54b4c57c5899d79a45023e909a417aac0920,19c6dd5b6eb88fc3815a867d5f29c2765d79a3503e01f49a310fcebd351600e6,g562_g565_expanded_solver_panel_b1_s565_cd7d6fefce1f,g565_B1_phase5p5_repair5g565_scaling_b1_fold1_all_seed565,B1,565,artifacts/models/gcst/phase5p5_repair5g565_scaling_b1_fold1_all_seed565.pt,True,True,False,False,1.39566929134,1.35695538058,0.03871391075999986,-0.028529980656734982,0.9740376179245188,32.320463,1244.8959,57,64,7161,8063,True,True,True,True,True,True,True,True,True,1.2492616176605225,1.1622165441513062,1.2568947076797485,0.744052529335022,0.7502079010009766,1.0271269083023071,0.7057000398635864,0.98094242811203,0.9998460412025452,0.683508574962616,0.6498144865036011,0.3407077491283417,0.8883487582206726,1.0,10.820582389831543,False,False,False,False,False
g565_expanded_solver_panel_static_flow_supplement,g565_expanded_solver_panel,g565-synth-checker-a-40,64,11154,2000,g559_b2000_i4,validation,other,g565_real_graph_000623,5e868cc5365a475dadb0d05f0ee8610068587847021a72bf889ee3f0415de755,f160f1f1fe9ef0c644ebc492761bdf144d49cf5de9a573ca1811b490b8e31b9a,g562_g565_expanded_solver_panel_b1_s565_73c9419bf06a,g565_B1_phase5p5_repair5g565_scaling_b1_fold3_all_seed565,B1,565,artifacts/models/gcst/phase5p5_repair5g565_scaling_b1_fold3_all_seed565.pt,True,True,False,False,1.36409155937,1.32546494993,0.03862660944000007,-0.029141932000570824,0.978921840971252,13.390164,635.2625,51,50,3200,3134,True,True,True,True,True,True,True,True,True,1.242787480354309,1.1655681133270264,1.2748825550079346,0.7497100830078125,0.7532985210418701,1.025909185409546,0.7064592838287354,0.9808717966079712,1.0,0.6789582967758179,0.6534641981124878,0.3446955978870392,0.898270308971405,0.9992702007293701,10.821928977966309,False,False,False,False,False
g565_expanded_solver_panel_static_flow_supplement,g565_expanded_solver_panel,g559-synth-string-40,16,10096,500,g559_b500_i2,heldout,other,g565_real_graph_000310,2ec60153d5b41d2f0bba8a4ad1fd00e87b7bdad320e0445187e709eed2f7458d,04bf77336f5188446416e442304ce04e29d3bd0756ae0e23b35a88d6be23da48,g562_g565_expanded_solver_panel_b1_s565_9a1ef2406693,g565_B1_phase5p5_repair5g565_scaling_b1_fold1_all_seed565,B1,565,artifacts/models/gcst/phase5p5_repair5g565_scaling_b1_fold1_all_seed565.pt,True,True,False,False,1.11764705882,1.07918552036,0.03846153846,-0.03563941299654374,0.9832764845066634,1.193763,71.3823,43,40,672,624,True,True,True,True,True,True,True,True,True,1.2492616176605225,1.1622165441513062,1.2568947076797485,0.744052529335022,0.7502079010009766,1.0271269083023071,0.7057000398635864,0.98094242811203,0.9998460412025452,0.683508574962616,0.6498144865036011,0.3407077491283417,0.8883487582206726,1.0,10.820582389831543,False,False,False,False,False
g565_expanded_solver_panel_static_flow_supplement,g565_expanded_solver_panel,g559-synth-string-40,16,10936,500,g559_b500_i2,heldout,other,g565_real_graph_000784,77d8a5672a98cb15f0d21e632778f1a1bb4ae710cb900222b207530c978a1721,7d3ebe2cfcf0d67fb2dd02b00479b1915953191269690470b73273edce1e1112,g562_g565_expanded_solver_panel_e0_s565_65c0fe1c41c0,g565_E0_phase5p5_repair5g565_expanded_e0_seed565,E0,565,artifacts/models/gcst/phase5p5_repair5g565_expanded_e0_seed565.pt,True,True,False,False,1.08492569002,1.04670912951,0.03821656051,-0.03651115618709704,0.9797085232049991,1.172892,57.8022,38,38,590,592,True,True,True,True,True,True,True,True,True,1.2542694807052612,1.1710326671600342,1.2602273225784302,0.7277678847312927,0.7561478018760681,1.0256447792053223,0.7109059691429138,0.9812011122703552,1.0,0.6791704893112183,0.6366180777549744,0.3458176255226135,0.924945592880249,1.0,10.850020408630371,False,False,False,False,False
g565_expanded_solver_panel_static_flow_supplement,g565_expanded_solver_panel,g559-synth-string-40,16,10936,500,g559_b500_i2,heldout,other,g565_real_graph_000784,77d8a5672a98cb15f0d21e632778f1a1bb4ae710cb900222b207530c978a1721,882639930ef108dc09e987bf91c1c714f8a1ce48b6468025b32891ee8af078ad,g562_g565_expanded_solver_panel_b1_s565_0137cae86a56,g565_B1_phase5p5_repair5g565_scaling_b1_fold1_all_seed565,B1,565,artifacts/models/gcst/phase5p5_repair5g565_scaling_b1_fold1_all_seed565.pt,True,True,False,False,1.08492569002,1.04670912951,0.03821656051,-0.03651115618709704,0.9803651764119704,1.134936,57.8022,38,38,592,592,True,True,True,True,True,True,True,True,True,1.2492616176605225,1.1622165441513062,1.2568947076797485,0.744052529335022,0.7502079010009766,1.0271269083023071,0.7057000398635864,0.98094242811203,0.9998460412025452,0.683508574962616,0.6498144865036011,0.3407077491283417,0.8883487582206726,1.0,10.820582389831543,False,False,False,False,False
g565_expanded_solver_panel_static_flow_supplement,g565_expanded_solver_panel,g559-synth-string-40,16,10936,500,g559_b500_i2,heldout,other,g565_real_graph_000784,77d8a5672a98cb15f0d21e632778f1a1bb4ae710cb900222b207530c978a1721,4a899c9a30b3dd7b8527fc99a60103e2d94fc168d755e7b8bdb317aa3450eeae,g562_g565_expanded_solver_panel_b2_s565_5fe2f3c0a744,g565_B2_phase5p5_repair5g565_scaling_b2_fold1_all_seed565,B2,565,artifacts/models/gcst/phase5p5_repair5g565_scaling_b2_fold1_all_seed565.pt,True,True,False,False,1.08492569002,1.04670912951,0.03821656051,-0.03651115618709704,0.9795873686468681,1.179895,57.8022,38,38,592,592,True,True,True,True,True,True,True,True,True,1.248199701309204,1.1611071825027466,1.260128378868103,0.7447775602340698,0.7479220032691956,1.0325597524642944,0.7052983641624451,0.9810051321983337,0.9998276233673096,0.6851112246513367,0.6493919491767883,0.33977195620536804,0.8866726160049438,1.0,10.821015357971191,False,False,False,False,False
g565_expanded_solver_panel_static_flow_supplement,g565_expanded_solver_panel,g559-synth-string-40,64,11496,500,g559_b500_i4,heldout,other,g565_real_graph_000004,0050640a3c14e37acccaa467e9057a27cf2b3d49f978548a1b3ccf51add83def,daca70e1c01c185099d990d28bb4c89b4c54693bb23339a63a58c9bf2f6c568b,g562_g565_expanded_solver_panel_e1_s565_2727cfc20a3b,g565_E1_phase5p5_repair5g565_expanded_e1_seed565,E1,565,artifacts/models/gcst/phase5p5_repair5g565_expanded_e1_seed565.pt,True,True,False,False,1.98097251586,1.94291754757,0.03805496828999999,-0.019586507074165448,0.9849007682856031,5.469668,362.2481,99,90,6226,5656,True,True,True,True,True,True,True,True,True,1.2512692213058472,1.1696655750274658,1.2433586120605469,0.7348541617393494,0.7762937545776367,1.0254483222961426,0.707058846950531,0.980991542339325,1.0,0.6796234250068665,0.6454050540924072,0.33803364634513855,0.9047333598136902,1.0,10.817887306213379,False,False,False,False,False
g565_expanded_solver_panel_static_flow_supplement,g565_expanded_solver_panel,g559-synth-warehouse-a-32,128,7730,2000,g559_b2000_i3,validation,other,g565_real_graph_000211,1fb684150ada82a4c84eb6df1d2bfebaac9a9f0a68e169199b806bb65b8d7e6b,99d531b9ec930abaaf8cff9961bb769fc4f59cfe802905c5fa135ee6f607e67e,g562_g565_expanded_solver_panel_b1_s565_eed2d272b0e3,g565_B1_phase5p5_repair5g565_scaling_b1_fold0_all_seed565,B1,565,artifacts/models/gcst/phase5p5_repair5g565_scaling_b1_fold0_all_seed565.pt,True,True,False,False,1.38543398736,1.34785500499,0.0375789823699999,-0.027880582281384715,0.9822674334098248,13.383206,754.7247,60,66,7552,8320,True,True,True,True,True,True,True,True,True,1.2419184446334839,1.1677271127700806,1.2625313997268677,0.7413292527198792,0.7506269812583923,1.0173929929733276,0.7031049728393555,0.9809489846229553,1.0,0.6816073656082153,0.6515212059020996,0.3412015736103058,0.8979146480560303,1.0,10.828396797180176,False,False,False,False,False
g565_expanded_solver_panel_static_flow_supplement,g565_expanded_solver_panel,g565-synth-checker-a-40,64,11274,2000,g559_b2000_i4,validation,other,g565_real_graph_000729,7032be809752d5cbdeb4d6230da5e8f94b4c4018fbca874384674fa745e8ce08,d1baa3376d0af2c262d2fbecefe3e423050d7a34a492e12f0a9f813d12e4b5d2,g562_g565_expanded_solver_panel_b2_s565_c4045159a93f,g565_B2_phase5p5_repair5g565_scaling_b2_fold3_all_seed565,B2,565,artifacts/models/gcst/phase5p5_repair5g565_scaling_b2_fold3_all_seed565.pt,True,True,False,False,1.31152849741,1.27396373057,0.0375647668400001,-0.029486527707655207,0.9791517588256725,13.350657,640.3733,47,56,2944,3520,True,True,True,True,True,True,True,True,True,1.2408065795898438,1.1632603406906128,1.2602393627166748,0.7485929727554321,0.7500539422035217,1.0262290239334106,0.7040050625801086,0.9807032346725464,1.0,0.6796829700469971,0.6524712443351746,0.34521740674972534,0.9013597369194031,0.9970998167991638,10.814281463623047,False,False,False,False,False
g565_expanded_solver_panel_static_flow_supplement,g565_expanded_solver_panel,g559-synth-string-40,64,10296,500,g559_b500_i4,heldout,other,g565_real_graph_000145,1633dfafb8c7c8f6b1ee5bef1d0c5fabbec01e937297397d5265a3c19f926885,b524a7cafcf4afc805044f83d6c9398c1769ca6dcdcc2663ea446b620aa1b33f,g562_g565_expanded_solver_panel_b2_s565_76b86f0311cf,g565_B2_phase5p5_repair5g565_scaling_b2_fold3_all_seed565,B2,565,artifacts/models/gcst/phase5p5_repair5g565_scaling_b2_fold3_all_seed565.pt,True,True,False,False,1.62282091918,1.5853143159,0.037506603279999995,-0.023658780409553732,0.9837393891523081,4.88105,300.1763,61,63,3820,3941,True,True,True,True,True,True,True,True,True,1.240860104560852,1.1590015888214111,1.2585785388946533,0.7500723600387573,0.7488633990287781,1.02496337890625,0.7069796323776245,0.9808521866798401,1.0,0.6800585985183716,0.6523997783660889,0.34510675072669983,0.8991939425468445,1.0,10.807656288146973,False,False,False,False,False
g565_expanded_solver_panel_static_flow_supplement,g565_expanded_solver_panel,empty-16-16,32,9041,1000,g559_b1000_i3,validation,other,g565_real_graph_000465,48664712616727101923592696ea5d4c0981a38b286c07ec1424e993509f5e97,41c5128f39fbe83fc434ca0a9eeb1e53fd7f0ef24403cbabe61fab44654eb610,g562_g565_expanded_solver_panel_e0_s565_d09e6d628752,g565_E0_phase5p5_repair5g565_expanded_e0_seed565,E0,565,artifacts/models/gcst/phase5p5_repair5g565_expanded_e0_seed565.pt,True,True,False,False,1.17948717949,1.14201183432,0.03747534516999984,-0.03281519862034895,0.9842812596799174,1.446242,92.0075,31,28,960,864,True,True,True,True,True,True,True,True,True,1.253271460533142,1.1704223155975342,1.259268045425415,0.7294549942016602,0.7576215267181396,1.025802493095398,0.7117450833320618,0.9812440276145935,1.0,0.6804290413856506,0.6385772824287415,0.3443664014339447,0.913719654083252,1.0,10.849102973937988,False,False,False,False,False
g565_expanded_solver_panel_static_flow_supplement,g565_expanded_solver_panel,empty-16-16,96,10801,1000,g559_b1000_i2,validation,other,g565_real_graph_000951,8e399685fee2b7ab158f9f0f44f6cffb11fe86423d723d61e9a841ff6dacdc36,74c4ecd50671d812da09f5a2a481eefbe39b4682aca1a2133da86a53d82a23d7,g562_g565_expanded_solver_panel_e2_s565_41ad2dfc7539,g565_E2_phase5p5_repair5g565_expanded_e2_seed565,E2,565,artifacts/models/gcst/phase5p5_repair5g565_expanded_e2_seed565.pt,True,True,False,False,1.93443804035,1.8969740634,0.03746397695000003,-0.019749335361418853,0.9848592296522077,4.738887,312.9885,39,35,3644,3263,True,True,True,True,True,True,True,True,True,1.2429962158203125,1.1647452116012573,1.2597763538360596,0.738142192363739,0.764717698097229,1.040239691734314,0.6934945583343506,0.9810424447059631,1.0,0.6798837184906006,0.6467058062553406,0.342212975025177,0.9010427594184875,1.0,10.812966346740723,False,False,False,False,False
g565_expanded_solver_panel_static_flow_supplement,g565_expanded_solver_panel,g565-synth-checker-a-40,64,7794,2000,g559_b2000_i4,validation,other,g565_real_graph_000158,17e6e782bb1af078f33dde4a4595a04f16fd726ab3261848dbbc905ed85cff0f,a053a50500289176a303527f7e6958b8deffe78692ebc5db269d3f6e243bd3cf,g562_g565_expanded_solver_panel_b1_s565_a88028221b7f,g565_B1_phase5p5_repair5g565_scaling_b1_fold1_all_seed565,B1,565,artifacts/models/gcst/phase5p5_repair5g565_scaling_b1_fold1_all_seed565.pt,True,True,False,False,1.27479338843,1.23760330579,0.03719008264000001,-0.03005008346859614,0.9792806472094965,15.588203,752.3499,70,64,5981,5416,True,True,True,True,True,True,True,True,True,1.2492616176605225,1.1622165441513062,1.2568947076797485,0.744052529335022,0.7502079010009766,1.0271269083023071,0.7057000398635864,0.98094242811203,0.9998460412025452,0.683508574962616,0.6498144865036011,0.3407077491283417,0.8883487582206726,1.0,10.820582389831543,False,False,False,False,False
g565_expanded_solver_panel_static_flow_supplement,g565_expanded_solver_panel,g565-synth-checker-a-40,64,7794,2000,g559_b2000_i4,validation,other,g565_real_graph_000158,17e6e782bb1af078f33dde4a4595a04f16fd726ab3261848dbbc905ed85cff0f,860b009f2f0a27441cf2428051300d6b32de8e0a7d4fed962ffd8c7a477e344d,g562_g565_expanded_solver_panel_b2_s565_99df12ac4e40,g565_B2_phase5p5_repair5g565_scaling_b2_fold1_all_seed565,B2,565,artifacts/models/gcst/phase5p5_repair5g565_scaling_b2_fold1_all_seed565.pt,True,True,False,False,1.27479338843,1.23760330579,0.03719008264000001,-0.03005008346859614,0.9756242833288076,18.339068,752.3499,70,64,5981,5416,True,True,True,True,True,True,True,True,True,1.2481050491333008,1.1613792181015015,1.2615312337875366,0.7438412308692932,0.7482521533966064,1.0317938327789307,0.7066673636436462,0.9811269640922546,0.9998267889022827,0.6854842901229858,0.6495361924171448,0.3402560353279114,0.8901614546775818,1.0,10.826108932495117,False,False,False,False,False
g565_expanded_solver_panel_static_flow_supplement,g565_expanded_solver_panel,g565-synth-checker-a-40,64,7794,2000,g559_b2000_i4,validation,other,g565_real_graph_000158,17e6e782bb1af078f33dde4a4595a04f16fd726ab3261848dbbc905ed85cff0f,4cd4ff044889c179daaf4275e34363d7f170ac11ca573a9e7a32d2bbb79f1792,g562_g565_expanded_solver_panel_b1_s565_37ff331f7c59,g565_B1_phase5p5_repair5g565_scaling_b1_fold3_all_seed565,B1,565,artifacts/models/gcst/phase5p5_repair5g565_scaling_b1_fold3_all_seed565.pt,True,True,False,False,1.27479338843,1.23760330579,0.03719008264000001,-0.03005008346859614,0.9821406382854573,13.436489,752.3499,53,64,3326,5416,True,True,True,True,True,True,True,True,True,1.242787480354309,1.1655681133270264,1.2748825550079346,0.7497100830078125,0.7532985210418701,1.025909185409546,0.7064592838287354,0.9808717966079712,1.0,0.6789582967758179,0.6534641981124878,0.3446955978870392,0.898270308971405,0.9992702007293701,10.821928977966309,False,False,False,False,False
g565_expanded_solver_panel_static_flow_supplement,g565_expanded_solver_panel,g565-synth-checker-a-40,64,7794,2000,g559_b2000_i4,validation,other,g565_real_graph_000158,17e6e782bb1af078f33dde4a4595a04f16fd726ab3261848dbbc905ed85cff0f,b10df22a066c12da3b55ce285adcdef922c03930d04663c078552fb915b19bc4,g562_g565_expanded_solver_panel_b2_s565_0f750b4a3f5e,g565_B2_phase5p5_repair5g565_scaling_b2_fold3_all_seed565,B2,565,artifacts/models/gcst/phase5p5_repair5g565_scaling_b2_fold3_all_seed565.pt,True,True,False,False,1.27479338843,1.23760330579,0.03719008264000001,-0.03005008346859614,0.9822156206839397,13.380076,752.3499,53,64,3326,5416,True,True,True,True,True,True,True,True,True,1.2408065795898438,1.1632603406906128,1.2602393627166748,0.7485929727554321,0.7500539422035217,1.0262290239334106,0.7040050625801086,0.9807032346725464,1.0,0.6796829700469971,0.6524712443351746,0.34521740674972534,0.9013597369194031,0.9970998167991638,10.814281463623047,False,False,False,False,False
g565_expanded_solver_panel_static_flow_supplement,g565_expanded_solver_panel,g559-synth-string-40,16,7336,500,g559_b500_i2,heldout,other,g565_real_graph_000598,5ab6427160c80b7cabd4da875aaadafd4148c6b19332993f2d930fc1f50b4255,55bf2b25a911fddccefea6a05078c9c8ce93bebf8df76798ad4b15b3ec77a8fd,g562_g565_expanded_solver_panel_b1_s565_52a7a94253fd,g565_B1_phase5p5_repair5g565_scaling_b1_fold1_all_seed565,B1,565,artifacts/models/gcst/phase5p5_repair5g565_scaling_b1_fold1_all_seed565.pt,True,True,False,False,1.22489082969,1.18777292576,0.03711790393000003,-0.03125000000000002,0.9898188284889984,1.20513,118.3685,48,54,743,839,True,True,True,True,True,True,True,True,True,1.2492616176605225,1.1622165441513062,1.2568947076797485,0.744052529335022,0.7502079010009766,1.0271269083023071,0.7057000398635864,0.98094242811203,0.9998460412025452,0.683508574962616,0.6498144865036011,0.3407077491283417,0.8883487582206726,1.0,10.820582389831543,False,False,False,False,False
g565_expanded_solver_panel_static_flow_supplement,g565_expanded_solver_panel,g559-synth-string-40,16,7336,500,g559_b500_i2,heldout,other,g565_real_graph_000598,5ab6427160c80b7cabd4da875aaadafd4148c6b19332993f2d930fc1f50b4255,d75d88e3ca1ff58c7a40810b0cee63aa2bc736465a46c40102d0eb38e5bce7e9,g562_g565_expanded_solver_panel_b2_s565_3d62e9a8df1d,g565_B2_phase5p5_repair5g565_scaling_b2_fold1_all_seed565,B2,565,artifacts/models/gcst/phase5p5_repair5g565_scaling_b2_fold1_all_seed565.pt,True,True,False,False,1.22489082969,1.18777292576,0.03711790393000003,-0.03125000000000002,0.989405542859798,1.25405,118.3685,48,54,743,839,True,True,True,True,True,True,True,True,True,1.248199701309204,1.1611071825027466,1.260128378868103,0.7447775602340698,0.7479220032691956,1.0325597524642944,0.7052983641624451,0.9810051321983337,0.9998276233673096,0.6851112246513367,0.6493919491767883,0.33977195620536804,0.8866726160049438,1.0,10.821015357971191,False,False,False,False,False
g565_expanded_solver_panel_static_flow_supplement,g565_expanded_solver_panel,g559-synth-warehouse-b-36,32,7691,5000,g559_b5000_i3,heldout,other,g565_real_graph_000965,912891ba2c3cd962744d5ded1d76b46b633579ffc885377f9a5a03a60fb4f9b2,778b510778577febd4be6c1a0bf84bbde727c58922487fcf9696efe4953e40f8,g562_g565_expanded_solver_panel_b2_s565_5e7a0a196f5a,g565_B2_phase5p5_repair5g565_scaling_b2_fold2_all_seed565,B2,565,artifacts/models/gcst/phase5p5_repair5g565_scaling_b2_fold2_all_seed565.pt,True,True,False,False,1.15226689478,1.11548331908,0.036783575700000126,-0.03297546011744716,0.9810092725286437,3.902585,205.4995,56,56,1759,1759,True,True,True,True,True,True,True,True,True,1.248018503189087,1.1711140871047974,1.258828043937683,0.7493481040000916,0.7655233144760132,1.011682152748108,0.7033066153526306,0.9817715883255005,1.0,0.6830880641937256,0.6439191102981567,0.34382176399230957,0.9037519693374634,0.9916765093803406,10.870414733886719,False,False,False,False,False
g565_expanded_solver_panel_static_flow_supplement,g565_expanded_solver_panel,g559-synth-warehouse-a-32,128,7730,2000,g559_b2000_i3,validation,other,g565_real_graph_000211,1fb684150ada82a4c84eb6df1d2bfebaac9a9f0a68e169199b806bb65b8d7e6b,242801cde88d156ff4352294149f57d4fc4f92c00c0a19d9071c8f4d9406aec6,g562_g565_expanded_solver_panel_b2_s565_ba0790083add,g565_B2_phase5p5_repair5g565_scaling_b2_fold2_all_seed565,B2,565,artifacts/models/gcst/phase5p5_repair5g565_scaling_b2_fold2_all_seed565.pt,True,True,False,False,1.38443631526,1.34785500499,0.03658131027000011,-0.027140389830189127,0.9823084602902223,13.352242,754.7247,56,66,7040,8320,True,True,True,True,True,True,True,True,True,1.2469398975372314,1.1581701040267944,1.2689869403839111,0.7514980435371399,0.7553143501281738,1.0111457109451294,0.7065714597702026,0.9811053276062012,1.0,0.6865149140357971,0.6517265439033508,0.34371715784072876,0.8847760558128357,0.99632328748703,10.831680297851562,False,False,False,False,False
g565_expanded_solver_panel_static_flow_supplement,g565_expanded_solver_panel,g565-synth-checker-a-40,128,9554,2000,g559_b2000_i3,validation,other,g565_real_graph_000431,43e600f7155aaeca33b55f271faf3d20714ee74a6d0061248018f3786dd3335e,d9f0caeaa643218c6523ef0034c538bf27dc96b2524ca9ca603c486705f1319f,g562_g565_expanded_solver_panel_b1_s565_ad6c2681d95a,g565_B1_phase5p5_repair5g565_scaling_b1_fold3_all_seed565,B1,565,artifacts/models/gcst/phase5p5_repair5g565_scaling_b1_fold3_all_seed565.pt,True,True,False,False,1.36908983452,1.33274231678,0.03634751773999989,-0.027272727279957665,0.9791405079821629,26.346135,1263.0286,59,57,7423,7167,True,True,True,True,True,True,True,True,True,1.242787480354309,1.1655681133270264,1.2748825550079346,0.7497100830078125,0.7532985210418701,1.025909185409546,0.7064592838287354,0.9808717966079712,1.0,0.6789582967758179,0.6534641981124878,0.3446955978870392,0.898270308971405,0.9992702007293701,10.821928977966309,False,False,False,False,False
g565_expanded_solver_panel_static_flow_supplement,g565_expanded_solver_panel,g565-synth-checker-a-40,64,11514,2000,g559_b2000_i4,validation,other,g565_real_graph_000580,5910f7d496cb6bd049bb03449585f3af92affcbd70b95842696050180ac4eda1,20a2845cc8f4b16e08fb09b3c8643f81dc63f0ea409dd6581976c995b5520f6b,g562_g565_expanded_solver_panel_b2_s565_96148df05e14,g565_B2_phase5p5_repair5g565_scaling_b2_fold0_all_seed565,B2,565,artifacts/models/gcst/phase5p5_repair5g565_scaling_b2_fold0_all_seed565.pt,True,True,False,False,1.35155195682,1.31532748143,0.036224475390000066,-0.027540271074255575,0.9774781836705426,13.615242,604.5357,53,54,3328,3390,True,True,True,True,True,True,True,True,True,1.2431809902191162,1.1725542545318604,1.2619692087173462,0.7385269403457642,0.7501827478408813,1.016309380531311,0.7018489241600037,0.9810287356376648,1.0,0.6818448901176453,0.6506110429763794,0.34069937467575073,0.9047553539276123,1.0,10.832601547241211,False,False,False,False,False
g565_expanded_solver_panel_static_flow_supplement,g565_expanded_solver_panel,maze-36-32-4,32,8927,5000,g559_b5000_i3,validation,maze,g565_real_graph_000136,14f8380210eb3c18d958031e2345383d1ed61542b3b3dc4ef2c7bc0dd2a9ab17,1af7748e6d6b8ef46f13a1801e981df691f177b01bea01b7e240a64020d5493f,g562_g565_expanded_solver_panel_b1_s565_52ff673116f1,g565_B1_phase5p5_repair5g565_scaling_b1_fold1_all_seed565,B1,565,artifacts/models/gcst/phase5p5_repair5g565_scaling_b1_fold1_all_seed565.pt,True,True,False,False,1.17863397548,1.14273204904,0.03590192644000001,-0.031417624516754325,0.9813353102965485,4.687187,251.1259,63,59,1979,1849,True,True,True,True,True,True,True,True,True,1.2492616176605225,1.1622165441513062,1.2568947076797485,0.744052529335022,0.7502079010009766,1.0271269083023071,0.7057000398635864,0.98094242811203,0.9998460412025452,0.683508574962616,0.6498144865036011,0.3407077491283417,0.8883487582206726,1.0,10.820582389831543,False,False,False,False,False
g565_expanded_solver_panel_static_flow_supplement,g565_expanded_solver_panel,g559-synth-game-den-32,128,7298,2000,g559_b2000_i3,validation,other,g565_real_graph_000262,29380f861f5ac430b198fae1c360ba7043870005e2bbc620612c5c60ff6df81e,eea8feb7f03f6a069c090c4ad3d568ce1281cc0d151959ad5f06a3e3b233bd47,g562_g565_expanded_solver_panel_e2_s565_0f05c380f97e,g565_E2_phase5p5_repair5g565_expanded_e2_seed565,E2,565,artifacts/models/gcst/phase5p5_repair5g565_expanded_e2_seed565.pt,True,True,False,False,1.43120918712,1.39571263036,0.03549655675999985,-0.025432568272198072,0.9811769326291786,16.887497,897.1703,89,97,11486,12497,True,True,True,True,True,True,True,True,True,1.2430473566055298,1.1651055812835693,1.2613530158996582,0.7376133799552917,0.764907956123352,1.0402079820632935,0.6941158771514893,0.9810670018196106,1.0,0.6797627806663513,0.6462066769599915,0.3426738679409027,0.9031173586845398,1.0,10.8140230178833,False,False,False,False,False
g565_expanded_solver_panel_static_flow_supplement,g565_expanded_solver_panel,g559-synth-string-40,16,10696,500,g559_b500_i2,heldout,other,g565_real_graph_000613,5d0cdcd703297db9ff9546aa3986ef24aa9511420c616ab75509fe704ba68462,75ac702472f7a09dcf2250fd2f83211145c318fb2ea1a0f1d1298822cc165ec3,g562_g565_expanded_solver_panel_e2_s565_5969fea9f6f3,g565_E2_phase5p5_repair5g565_expanded_e2_seed565,E2,565,artifacts/models/gcst/phase5p5_repair5g565_expanded_e2_seed565.pt,True,True,False,False,1.11825726141,1.08298755187,0.03526970953999986,-0.03256704980505037,0.9854024471222157,1.226682,84.0334,42,44,656,688,True,True,True,True,True,True,True,True,True,1.250055193901062,1.1710805892944336,1.261071801185608,0.7274903059005737,0.7619045972824097,1.02923583984375,0.7039703726768494,0.9810138940811157,1.0,0.6768384575843811,0.6331619024276733,0.3465500771999359,0.9383153319358826,1.0,10.834355354309082,False,False,False,False,False
g565_expanded_solver_panel_static_flow_supplement,g565_expanded_solver_panel,maze-36-32-4,96,10567,5000,g559_b5000_i2,validation,maze,g565_real_graph_000476,499e5851b9665dd30aaf6f1923687720391ea792f22780ce8406232737baefc9,edc0c3cce8790c9072056db1823e411e5d0386798d3850ff1db78bdd284c0d45,g562_g565_expanded_solver_panel_b2_s565_a6d60f9d95bd,g565_B2_phase5p5_repair5g565_scaling_b2_fold3_all_seed565,B2,565,artifacts/models/gcst/phase5p5_repair5g565_scaling_b2_fold3_all_seed565.pt,True,True,False,False,1.41213017751,1.37692307692,0.03520710058999987,-0.025569402663185536,0.9831239145457271,14.308546,847.8593,82,77,8056,7385,True,True,True,True,True,True,True,True,True,1.244415521621704,1.172408103942871,1.2640869617462158,0.7478286027908325,0.7534313797950745,1.0299180746078491,0.691828191280365,0.9799350500106812,1.0,0.6835290789604187,0.6544055938720703,0.34334617853164673,0.8842741250991821,0.9830772280693054,10.821707725524902,False,False,False,False,False
g565_expanded_solver_panel_static_flow_supplement,g565_expanded_solver_panel,g565-synth-checker-a-40,64,7794,2000,g559_b2000_i4,validation,other,g565_real_graph_000158,17e6e782bb1af078f33dde4a4595a04f16fd726ab3261848dbbc905ed85cff0f,b8af5e60643dc663a160466d68492372cba26d0f4d35cccbd8b17cdc034c9902,g562_g565_expanded_solver_panel_b1_s565_53f8de6aba4a,g565_B1_phase5p5_repair5g565_scaling_b1_fold2_all_seed565,B1,565,artifacts/models/gcst/phase5p5_repair5g565_scaling_b1_fold2_all_seed565.pt,True,True,False,False,1.27272727273,1.23760330579,0.035123966940000084,-0.02838063438880311,0.9820477187542658,13.506397,752.3499,53,64,3574,5416,True,True,True,True,True,True,True,True,True,1.2480440139770508,1.156984567642212,1.2668358087539673,0.7500779032707214,0.7517090439796448,1.0155653953552246,0.7070396542549133,0.9809726476669312,1.0,0.6840704679489136,0.6509780883789062,0.341921865940094,0.8938339352607727,1.0,10.826569557189941,False,False,False,False,False
g565_expanded_solver_panel_static_flow_supplement,g565_expanded_solver_panel,g565-synth-checker-a-40,128,10154,2000,g559_b2000_i3,validation,other,g565_real_graph_000064,0ab0ea9e522d70d022f5da6fcc3b54b4c57c5899d79a45023e909a417aac0920,6e01a1ddfe41b8a9fc00a4d598cd1c914e6281a4bedceba3b3eb37ffa76577cb,g562_g565_expanded_solver_panel_b2_s565_fad135091b9f,g565_B2_phase5p5_repair5g565_scaling_b2_fold2_all_seed565,B2,565,artifacts/models/gcst/phase5p5_repair5g565_scaling_b2_fold2_all_seed565.pt,True,True,False,False,1.39140419948,1.35695538058,0.034448818899999845,-0.025386847197050408,0.9788087124393292,26.380947,1244.8959,57,64,7166,8063,True,True,True,True,True,True,True,True,True,1.2469844818115234,1.1582494974136353,1.2694305181503296,0.7511727809906006,0.7554806470870972,1.0116199254989624,0.7069055438041687,0.9811126589775085,1.0,0.6862678527832031,0.6516603231430054,0.3434774875640869,0.8866766691207886,0.9965597987174988,10.83204460144043,False,False,False,False,False
g565_expanded_solver_panel_static_flow_supplement,g565_expanded_solver_panel,g565-synth-checker-a-40,64,11154,2000,g559_b2000_i4,validation,other,g565_real_graph_000623,5e868cc5365a475dadb0d05f0ee8610068587847021a72bf889ee3f0415de755,abced6a8ee208ea9405cffbacf86b06f2a4acabb71a4f48699a5257dad2b771c,g562_g565_expanded_solver_panel_e0_s565_1300af77143e,g565_E0_phase5p5_repair5g565_expanded_e0_seed565,E0,565,artifacts/models/gcst/phase5p5_repair5g565_expanded_e0_seed565.pt,True,True,False,False,1.35979971388,1.32546494993,0.03433476395000001,-0.025903939558577758,0.978747525629169,13.5009,635.2625,52,50,3264,3134,True,True,True,True,True,True,True,True,True,1.2404695749282837,1.160449504852295,1.2581427097320557,0.7349880933761597,0.7576240301132202,1.0381180047988892,0.7001615166664124,0.9810660481452942,1.0,0.6778368353843689,0.6463130116462708,0.3466385006904602,0.873947024345398,1.0,10.819991111755371,False,False,False,False,False
g565_expanded_solver_panel_static_flow_supplement,g565_expanded_solver_panel,g559-synth-string-40,16,11896,500,g559_b500_i2,heldout,other,g565_real_graph_000832,7c9dec976614e445e064ececfc205aacb423a3aa8fbddc2943be62e9697ae008,61ca5be5da40124a41af4e3503e2ee3c907be68165d1b335c4a1f431693e6da4,g562_g565_expanded_solver_panel_b2_s565_75e07e1e34e2,g565_B2_phase5p5_repair5g565_scaling_b2_fold3_all_seed565,B2,565,artifacts/models/gcst/phase5p5_repair5g565_scaling_b2_fold3_all_seed565.pt,True,True,False,False,1.17094017094,1.13675213675,0.03418803419000005,-0.03007518797171071,0.9805184882020209,1.194768,61.3283,44,44,683,683,True,True,True,True,True,True,True,True,True,1.2404721975326538,1.1600890159606934,1.2577475309371948,0.7486469149589539,0.7492119073867798,1.0277477502822876,0.7074483036994934,0.9809706807136536,1.0,0.6781509518623352,0.6509551405906677,0.3448445796966553,0.9062086343765259,1.0,10.810318946838379,False,False,False,False,False
g565_expanded_solver_panel_static_flow_supplement,g565_expanded_solver_panel,g559-synth-string-40,64,7656,500,g559_b500_i4,heldout,other,g565_real_graph_000011,01a44187b4330448341164e90ac0c38b422edb1281683c997b137fdcb143042c,cfa925d1bff90527ce966641473f06e598d2b323df4d069e6613f8a761e4268e,g562_g565_expanded_solver_panel_e0_s565_77c4c940deb9,g565_E0_phase5p5_repair5g565_expanded_e0_seed565,E0,565,artifacts/models/gcst/phase5p5_repair5g565_expanded_e0_seed565.pt,True,True,False,False,2.12426666667,2.09013333333,0.03413333334000024,-0.01633069660949286,0.9854429002635343,5.334883,366.4798,85,90,5332,5644,True,True,True,True,True,True,True,True,True,1.2508021593093872,1.1678504943847656,1.2579036951065063,0.7354175448417664,0.76474529504776,1.028206706047058,0.7051633596420288,0.98128342628479,1.0,0.6837538480758667,0.6475239396095276,0.34010547399520874,0.8941230177879333,1.0,10.826841354370117,False,False,False,False,False
g565_expanded_solver_panel_static_flow_supplement,g565_expanded_solver_panel,g559-synth-string-40,16,10936,500,g559_b500_i2,heldout,other,g565_real_graph_000784,77d8a5672a98cb15f0d21e632778f1a1bb4ae710cb900222b207530c978a1721,56b7c87cf74fe7caa712442de29f7f2e4b770c4f87843758d110d900ded41cef,g562_g565_expanded_solver_panel_b2_s565_58424723e1a4,g565_B2_phase5p5_repair5g565_scaling_b2_fold2_all_seed565,B2,565,artifacts/models/gcst/phase5p5_repair5g565_scaling_b2_fold2_all_seed565.pt,True,True,False,False,1.08067940552,1.04670912951,0.03397027601000002,-0.03245436105625892,0.980779191795468,1.111005,57.8022,38,38,590,592,True,True,True,True,True,True,True,True,True,1.2487990856170654,1.1558725833892822,1.2775943279266357,0.7467648386955261,0.7567888498306274,1.020422339439392,0.7089722752571106,0.9808862805366516,1.0,0.6821367740631104,0.6516226530075073,0.33884042501449585,0.9064092040061951,1.0,10.8137845993042,False,False,False,False,False
g565_expanded_solver_panel_static_flow_supplement,g565_expanded_solver_panel,g559-synth-warehouse-a-32,128,11690,2000,g559_b2000_i3,validation,other,g565_real_graph_000776,76a152c852898ed680162cf49a045453b3b045e32cf3efa2b4c35a51edfe1e22,5f1fb4174192a072d5bf399d243f46c871b2a7377f91e7a746d9471944baebaf,g562_g565_expanded_solver_panel_b2_s565_2b922e71643d,g565_B2_phase5p5_repair5g565_scaling_b2_fold2_all_seed565,B2,565,artifacts/models/gcst/phase5p5_repair5g565_scaling_b2_fold2_all_seed565.pt,True,True,False,False,1.33609545907,1.30228704011,0.033808418960000086,-0.025960804276409292,0.9784766666843782,18.633348,865.7278,53,68,6656,9592,True,True,True,True,True,True,True,True,True,1.2469398975372314,1.1581701040267944,1.2689869403839111,0.7514980435371399,0.7553143501281738,1.0111457109451294,0.7065714597702026,0.9811053276062012,1.0,0.6865149140357971,0.6517265439033508,0.34371715784072876,0.8847760558128357,0.99632328748703,10.831680297851562,False,False,False,False,False
g565_expanded_solver_panel_static_flow_supplement,g565_expanded_solver_panel,g559-synth-string-40,16,10336,500,g559_b500_i2,heldout,other,g565_real_graph_000779,76f8bac61fa8d95eb33bbd1482ec334e65f19713d9ab866769bc832a1c75523a,6c24e699915107ae2d002344115c7a61b285f1a78fb4bd283e7f14fc9c98642e,g562_g565_expanded_solver_panel_e1_s565_e3e35cdeb0d9,g565_E1_phase5p5_repair5g565_expanded_e1_seed565,E1,565,artifacts/models/gcst/phase5p5_repair5g565_expanded_e1_seed565.pt,True,True,False,False,1.13684210526,1.10315789474,0.033684210519999924,-0.0305343511392255,0.9815567732096493,1.170658,63.4736,43,41,672,640,True,True,True,True,True,True,True,True,True,1.2533081769943237,1.1693518161773682,1.2511571645736694,0.7240639925003052,0.7668877840042114,1.0258772373199463,0.7073348164558411,0.9810709357261658,1.0,0.6739811301231384,0.636702299118042,0.3443058133125305,0.9333305954933167,1.0,10.844266891479492,False,False,False,False,False
g565_expanded_solver_panel_static_flow_supplement,g565_expanded_solver_panel,empty-16-16,32,7241,1000,g559_b1000_i3,validation,other,g565_real_graph_000301,2e6016cfe81e7da4e8485c646d79a7e28a3b430fb263bbcd6a0559c1d8744f08,d2d8774045797b4ef2c6a8a70c08b3049f4cbef9caebbee34141153fd0a21670,g562_g565_expanded_solver_panel_b2_s565_b3d4513d5b14,g565_B2_phase5p5_repair5g565_scaling_b2_fold0_all_seed565,B2,565,artifacts/models/gcst/phase5p5_repair5g565_scaling_b2_fold0_all_seed565.pt,True,True,False,False,1.20355731225,1.16996047431,0.03359683794000001,-0.028716216212188023,0.9839090883279862,1.416845,88.0525,27,27,831,832,True,True,True,True,True,True,True,True,True,1.244268774986267,1.1708699464797974,1.2607216835021973,0.7389750480651855,0.7494913935661316,1.0177010297775269,0.7024489045143127,0.9811036586761475,1.0,0.681183397769928,0.6505398154258728,0.3393746018409729,0.9038458466529846,1.0,10.830097198486328,False,False,False,False,False
g565_expanded_solver_panel_static_flow_supplement,g565_expanded_solver_panel,g559-synth-warehouse-b-36,32,7691,5000,g559_b5000_i3,heldout,other,g565_real_graph_000965,912891ba2c3cd962744d5ded1d76b46b633579ffc885377f9a5a03a60fb4f9b2,1e1b7caf2e9c061f3ff9e1e5a643fdfad3159412cc67f87f908c34e32a053b1f,g562_g565_expanded_solver_panel_b2_s565_823a2adf027f,g565_B2_phase5p5_repair5g565_scaling_b2_fold0_all_seed565,B2,565,artifacts/models/gcst/phase5p5_repair5g565_scaling_b2_fold0_all_seed565.pt,True,True,False,False,1.14884516681,1.11548331908,0.03336184772999995,-0.029907975457235243,0.9804693442076501,4.01354,205.4995,62,56,2014,1759,True,True,True,True,True,True,True,True,True,1.2401286363601685,1.1776007413864136,1.2651598453521729,0.7381070852279663,0.7530703544616699,1.0147764682769775,0.6982960104942322,0.9807395339012146,1.0,0.6837494969367981,0.6503403782844543,0.345605731010437,0.9067704677581787,1.0,10.841299057006836,False,False,False,False,False
g565_expanded_solver_panel_static_flow_supplement,g565_expanded_solver_panel,g559-synth-string-40,16,7336,500,g559_b500_i2,heldout,other,g565_real_graph_000598,5ab6427160c80b7cabd4da875aaadafd4148c6b19332993f2d930fc1f50b4255,307f6e340f3d083867219ebe77b8b097dec6fb732184553e3b9694c2c167ec44,g562_g565_expanded_solver_panel_b2_s565_2cf56225c458,g565_B2_phase5p5_repair5g565_scaling_b2_fold0_all_seed565,B2,565,artifacts/models/gcst/phase5p5_repair5g565_scaling_b2_fold0_all_seed565.pt,True,True,False,False,1.22052401747,1.18777292576,0.03275109171000001,-0.02757352941770762,0.9896725395692265,1.222446,118.3685,48,54,743,839,True,True,True,True,True,True,True,True,True,1.2447490692138672,1.1701217889785767,1.2601439952850342,0.7390933632850647,0.7491928339004517,1.018356204032898,0.7027578949928284,0.9811517000198364,1.0,0.6807684898376465,0.6504380106925964,0.33879905939102173,0.904144823551178,1.0,10.82922077178955,False,False,False,False,False
g565_expanded_solver_panel_static_flow_supplement,g565_expanded_solver_panel,g559-synth-string-40,16,7336,500,g559_b500_i2,heldout,other,g565_real_graph_000598,5ab6427160c80b7cabd4da875aaadafd4148c6b19332993f2d930fc1f50b4255,b19ce1bc876b8e0891573fa21c9198d803d25f7aa7dded81b7b55700315350b1,g562_g565_expanded_solver_panel_b2_s565_a069762246de,g565_B2_phase5p5_repair5g565_scaling_b2_fold2_all_seed565,B2,565,artifacts/models/gcst/phase5p5_repair5g565_scaling_b2_fold2_all_seed565.pt,True,True,False,False,1.22052401747,1.18777292576,0.03275109171000001,-0.02757352941770762,0.9897171375830562,1.217167,118.3685,50,54,775,839,True,True,True,True,True,True,True,True,True,1.2487990856170654,1.1558725833892822,1.2775943279266357,0.7467648386955261,0.7567888498306274,1.020422339439392,0.7089722752571106,0.9808862805366516,1.0,0.6821367740631104,0.6516226530075073,0.33884042501449585,0.9064092040061951,1.0,10.8137845993042,False,False,False,False,False
g565_expanded_solver_panel_static_flow_supplement,g565_expanded_solver_panel,g559-synth-string-40,16,7336,500,g559_b500_i2,heldout,other,g565_real_graph_000598,5ab6427160c80b7cabd4da875aaadafd4148c6b19332993f2d930fc1f50b4255,3e9a8586829dfe0d13011218e12f1c4f34b12e0d6c8a6d3b95fdc0d977b4235d,g562_g565_expanded_solver_panel_b1_s565_86b8a9fede69,g565_B1_phase5p5_repair5g565_scaling_b1_fold3_all_seed565,B1,565,artifacts/models/gcst/phase5p5_repair5g565_scaling_b1_fold3_all_seed565.pt,True,True,False,False,1.22052401747,1.18777292576,0.03275109171000001,-0.02757352941770762,0.9897499588150563,1.213282,118.3685,48,54,743,839,True,True,True,True,True,True,True,True,True,1.242787480354309,1.1655681133270264,1.2748825550079346,0.7497100830078125,0.7532985210418701,1.025909185409546,0.7064592838287354,0.9808717966079712,1.0,0.6789582967758179,0.6534641981124878,0.3446955978870392,0.898270308971405,0.9992702007293701,10.821928977966309,False,False,False,False,False
g565_expanded_solver_panel_static_flow_supplement,g565_expanded_solver_panel,g565-synth-checker-a-40,128,7874,2000,g559_b2000_i3,validation,other,g565_real_graph_000433,440b1d21d09a9a49b934b0f9f9df23733cc1c5c5549b326355e684d6f8b6817c,b73127cbd6fab3ef029a173cd905784ec0b5a2ea80b68137743fc804cb9f058c,g562_g565_expanded_solver_panel_e0_s565_0e8ed1ee45d1,g565_E0_phase5p5_repair5g565_expanded_e0_seed565,E0,565,artifacts/models/gcst/phase5p5_repair5g565_expanded_e0_seed565.pt,True,True,False,False,1.41976516634,1.3871493803,0.03261578604000004,-0.023512814483575083,0.9775657169673079,26.599183,1185.6489,58,63,7288,7931,True,True,True,True,True,True,True,True,True,1.2359381914138794,1.1597133874893188,1.2658694982528687,0.7480316162109375,0.7511649131774902,1.0385276079177856,0.7038959860801697,0.9806716442108154,1.0,0.6839094758033752,0.6521044969558716,0.3380085825920105,0.8382759094238281,1.0,10.811132431030273,False,False,False,False,False
g565_expanded_solver_panel_static_flow_supplement,g565_expanded_solver_panel,random-32-32-20,96,7285,1000,g559_b1000_i2,validation,random,g565_real_graph_000499,4c647bf79aad98de8b985d190d0b55eba4900dddddf65ccf04a775b7c98aed99,4913718766a14752c893c662d956899fa96bc1f40dafc9c8a39b8fae156fc6cf,g562_g565_expanded_solver_panel_b2_s565_1eff58ce759e,g565_B2_phase5p5_repair5g565_scaling_b2_fold3_all_seed565,B2,565,artifacts/models/gcst/phase5p5_repair5g565_scaling_b2_fold3_all_seed565.pt,True,True,False,False,1.26817042607,1.23558897243,0.03258145363999998,-0.026369168361807974,0.9831754715220111,12.528158,744.6365,53,48,4990,4512,True,True,True,True,True,True,True,True,True,1.2411556243896484,1.1593554019927979,1.259612798690796,0.7507362365722656,0.7488828301429749,1.0230644941329956,0.7057160139083862,0.9807093143463135,1.0,0.6814470887184143,0.6535523533821106,0.3452965319156647,0.8941481113433838,0.9990428686141968,10.807366371154785,False,False,False,False,False
g565_expanded_solver_panel_static_flow_supplement,g565_expanded_solver_panel,random-32-32-20,32,9125,1000,g559_b1000_i3,validation,random,g565_real_graph_000880,846a2629cff10d41b23ae4a7a888558aaf879ed13f2d2fdb9c809a5edb2c9a95,254c21029f930e992e3cd9c4a216565e10447081990ea0ed36c95de28785f916,g562_g565_expanded_solver_panel_b1_s565_fb079ff6914d,g565_B1_phase5p5_repair5g565_scaling_b1_fold1_all_seed565,B1,565,artifacts/models/gcst/phase5p5_repair5g565_scaling_b1_fold1_all_seed565.pt,True,True,False,False,1.1409495549,1.10846953938,0.032480015520000016,-0.029301676199570678,0.9760478529701186,5.530225,230.8864,57,57,1792,1792,True,True,True,True,True,True,True,True,True,1.2492616176605225,1.1622165441513062,1.2568947076797485,0.744052529335022,0.7502079010009766,1.0271269083023071,0.7057000398635864,0.98094242811203,0.9998460412025452,0.683508574962616,0.6498144865036011,0.3407077491283417,0.8883487582206726,1.0,10.820582389831543,False,False,False,False,False
g565_expanded_solver_panel_static_flow_supplement,g565_expanded_solver_panel,random-32-32-20,32,9125,1000,g559_b1000_i3,validation,random,g565_real_graph_000880,846a2629cff10d41b23ae4a7a888558aaf879ed13f2d2fdb9c809a5edb2c9a95,a676239ddf9ed20ec466f7941a3807136ce6d980cfc537534e8d8b2c7546c133,g562_g565_expanded_solver_panel_b2_s565_12d6925fac9a,g565_B2_phase5p5_repair5g565_scaling_b2_fold1_all_seed565,B2,565,artifacts/models/gcst/phase5p5_repair5g565_scaling_b2_fold1_all_seed565.pt,True,True,False,False,1.1409495549,1.10846953938,0.032480015520000016,-0.029301676199570678,0.9754016044253797,5.679435,230.8864,57,57,1792,1792,True,True,True,True,True,True,True,True,True,1.248162031173706,1.1612144708633423,1.2606303691864014,0.7444417476654053,0.7480114698410034,1.0322694778442383,0.7058132886886597,0.9810511469841003,0.9998267889022827,0.6852387189865112,0.6494348049163818,0.33994433283805847,0.8879783749580383,1.0,10.822823524475098,False,False,False,False,False
g565_expanded_solver_panel_static_flow_supplement,g565_expanded_solver_panel,empty-16-16,32,10001,1000,g559_b1000_i3,validation,other,g565_real_graph_000129,1417754f1c02c731122686963001a4db6abff3b1865e9966aa63bfd5a08dcd39,e97b9fda3db955b1e2f4808e7a57908a9a026539dd79dfa4eaf703442968f664,g562_g565_expanded_solver_panel_e2_s565_b575124d373c,g565_E2_phase5p5_repair5g565_expanded_e2_seed565,E2,565,artifacts/models/gcst/phase5p5_repair5g565_expanded_e2_seed565.pt,True,True,False,False,1.18458781362,1.1523297491,0.03225806452000013,-0.02799377916364177,0.9845015907007716,1.508237,97.3156,29,30,896,928,True,True,True,True,True,True,True,True,True,1.2485483884811401,1.1698908805847168,1.2608509063720703,0.7295339107513428,0.7629802823066711,1.032103419303894,0.7010624408721924,0.9810379147529602,1.0,0.6775673627853394,0.636400043964386,0.34573447704315186,0.9318968057632446,1.0,10.829102516174316,False,False,False,False,False
g565_expanded_solver_panel_static_flow_supplement,g565_expanded_solver_panel,g559-synth-game-den-32,128,7298,2000,g559_b2000_i3,validation,other,g565_real_graph_000262,29380f861f5ac430b198fae1c360ba7043870005e2bbc620612c5c60ff6df81e,2f1db814a8c74dbb3e22493a3b06f57ebe921229a69058459e5fff3e3ca38dd6,g562_g565_expanded_solver_panel_b2_s565_de5070e4cf85,g565_B2_phase5p5_repair5g565_scaling_b2_fold3_all_seed565,B2,565,artifacts/models/gcst/phase5p5_repair5g565_scaling_b2_fold3_all_seed565.pt,True,True,False,False,1.42783156947,1.39571263036,0.032118939109999856,-0.02301257322699396,0.9814755113939906,16.619621,897.1703,75,97,9434,12497,True,True,True,True,True,True,True,True,True,1.2416669130325317,1.1613836288452148,1.2614781856536865,0.7510079741477966,0.7494404315948486,1.021609902381897,0.7028735280036926,0.980473518371582,1.0,0.683034360408783,0.6549307107925415,0.3454498052597046,0.8885639309883118,0.9947590231895447,10.809222221374512,False,False,False,False,False
g565_expanded_solver_panel_static_flow_supplement,g565_expanded_solver_panel,g565-synth-checker-a-40,128,10154,2000,g559_b2000_i3,validation,other,g565_real_graph_000064,0ab0ea9e522d70d022f5da6fcc3b54b4c57c5899d79a45023e909a417aac0920,c3e6b2f612033145e4a63af34aadc2fbaebc55a9b14fefa1b8679474be0911c7,g562_g565_expanded_solver_panel_e2_s565_f52b34f6800f,g565_E2_phase5p5_repair5g565_expanded_e2_seed565,E2,565,artifacts/models/gcst/phase5p5_repair5g565_expanded_e2_seed565.pt,True,True,False,False,1.38877952756,1.35695538058,0.0318241469799998,-0.023452611217324837,0.9755139574321032,30.482574,1244.8959,57,64,7166,8063,True,True,True,True,True,True,True,True,True,1.232536792755127,1.166424036026001,1.276918888092041,0.7396771907806396,0.7627915740013123,1.0433974266052246,0.710550844669342,0.9815125465393066,1.0,0.681623101234436,0.6513056755065918,0.3425609767436981,0.8648656606674194,1.0,10.833895683288574,False,False,False,False,False
g565_expanded_solver_panel_static_flow_supplement,g565_expanded_solver_panel,g559-synth-warehouse-a-32,16,10090,2000,g559_b2000_i2,validation,other,g565_real_graph_000501,4ca972f87b44cd42ddd64358a33e36c8c47f8e61ada3e5973db6479799053887,0bf532ff81053669d5d19683e035e75e995404fda036f536e59088f6cfb5b18d,g562_g565_expanded_solver_panel_e0_s565_b960056a9b29,g565_E0_phase5p5_repair5g565_expanded_e0_seed565,E0,565,artifacts/models/gcst/phase5p5_repair5g565_expanded_e0_seed565.pt,True,True,False,False,1.09770114943,1.06609195402,0.03160919540999996,-0.02964959569463833,0.9787268726159511,1.70041,79.9323,42,42,656,656,True,True,True,True,True,True,True,True,True,1.2465028762817383,1.1686208248138428,1.2989596128463745,0.7281137704849243,0.7621752619743347,1.0345699787139893,0.7056748270988464,0.9813066720962524,1.0,0.6793236136436462,0.6391727924346924,0.349811315536499,0.9227450489997864,1.0,10.843334197998047,False,False,False,False,False
g565_expanded_solver_panel_static_flow_supplement,g565_expanded_solver_panel,g559-synth-warehouse-a-32,16,10090,2000,g559_b2000_i2,validation,other,g565_real_graph_000501,4ca972f87b44cd42ddd64358a33e36c8c47f8e61ada3e5973db6479799053887,e8ec8e08e1ce06019e5f0eeabf5b20dc6eb1e84fdea8021090793bbb85d0d0df,g562_g565_expanded_solver_panel_e2_s565_9bb130540b8b,g565_E2_phase5p5_repair5g565_expanded_e2_seed565,E2,565,artifacts/models/gcst/phase5p5_repair5g565_expanded_e2_seed565.pt,True,True,False,False,1.09770114943,1.06609195402,0.03160919540999996,-0.02964959569463833,0.9789371880954257,1.683599,79.9323,42,42,656,656,True,True,True,True,True,True,True,True,True,1.2469879388809204,1.170276165008545,1.2646552324295044,0.7289130687713623,0.7626621723175049,1.032554030418396,0.704509973526001,0.9811025261878967,1.0,0.6770650148391724,0.6362380981445312,0.3464910686016083,0.9250956773757935,1.0,10.829718589782715,False,False,False,False,False
g565_expanded_solver_panel_static_flow_supplement,g565_expanded_solver_panel,g559-synth-warehouse-a-32,16,11290,2000,g559_b2000_i2,validation,other,g565_real_graph_000954,8f68b8770ac6b824f613fed61878f3729242d0559a92db2b6e9450cd701fa725,a05ca50bec449666b1b32e4cad659391e84d12a7731d931d4ea3b8d8e562594e,g562_g565_expanded_solver_panel_e0_s565_44642ff6a133,g565_E0_phase5p5_repair5g565_expanded_e0_seed565,E0,565,artifacts/models/gcst/phase5p5_repair5g565_expanded_e0_seed565.pt,True,True,False,False,1.09316770186,1.06211180124,0.031055900619999965,-0.02923976608088024,0.9810363039208675,1.723525,90.8855,46,42,720,656,True,True,True,True,True,True,True,True,True,1.2462141513824463,1.1699248552322388,1.3111804723739624,0.7276977300643921,0.760621190071106,1.0345197916030884,0.7065396904945374,0.981281042098999,1.0,0.6800096035003662,0.637400209903717,0.3500509262084961,0.9281084537506104,1.0,10.847127914428711,False,False,False,False,False
g565_expanded_solver_panel_static_flow_supplement,g565_expanded_solver_panel,random-32-32-20,96,10285,1000,g559_b1000_i2,validation,random,g565_real_graph_000747,723747f103efb7e16f66e96f1075420ecfc2d03bc887f26f5e38120bfd85d475,f44981fdd1f0f79ec05b8782716119b6967bcf4830f756f19c452833225b31e3,g562_g565_expanded_solver_panel_b2_s565_8e5c3450c350,g565_B2_phase5p5_repair5g565_scaling_b2_fold2_all_seed565,B2,565,artifacts/models/gcst/phase5p5_repair5g565_scaling_b2_fold2_all_seed565.pt,True,True,False,False,1.24144578313,1.21060240964,0.030843373489999992,-0.025477707003054757,0.9845048347912043,12.465253,804.4608,53,58,4981,7169,True,True,True,True,True,True,True,True,True,1.2479500770568848,1.1558289527893066,1.2744226455688477,0.7494036555290222,0.7553931474685669,1.015823483467102,0.7077034115791321,0.9809356331825256,1.0,0.6844596862792969,0.6521744132041931,0.3414016366004944,0.8938239216804504,0.9996837377548218,10.817964553833008,False,False,False,False,False
g565_expanded_solver_panel_static_flow_supplement,g565_expanded_solver_panel,g565-synth-checker-a-40,16,10354,2000,g559_b2000_i2,validation,other,g565_real_graph_000928,8b493d4ac2b2fb685f95bbed57a11f94d6b9bbcc13e0c4a6765b3cfb4c51acdd,1aaaae60b8314792db035bb5ae8fdedfdfa3549b5d03e41c899ad34d56e12b93,g562_g565_expanded_solver_panel_e1_s565_7b50fb79c5b4,g565_E1_phase5p5_repair5g565_expanded_e1_seed565,E1,565,artifacts/models/gcst/phase5p5_repair5g565_expanded_e1_seed565.pt,True,True,False,False,1.07534246575,1.04452054795,0.030821917799999987,-0.029508196713307164,0.9806110288507413,3.295906,169.9887,36,36,560,560,True,True,True,True,True,True,True,True,True,1.2475796937942505,1.169755458831787,1.2779923677444458,0.7151076197624207,0.7586991786956787,1.038975477218628,0.7046336531639099,0.9816843867301941,1.0,0.6659899950027466,0.632976233959198,0.3621862232685089,0.9550307393074036,1.0,10.85571002960205,False,False,False,False,False
g565_expanded_solver_panel_static_flow_supplement,g565_expanded_solver_panel,g565-synth-checker-a-40,64,10794,2000,g559_b2000_i4,validation,other,g565_real_graph_000694,6a2de37075d4b28c3410f604306e9ae25ecd0a58dc34a13a9aecc80775b38070,50997ed4522c7646b55a85dcfa6a9db40b70f3da47a20c985680f8da53886d2d,g562_g565_expanded_solver_panel_b1_s565_6a7990eedb35,g565_B1_phase5p5_repair5g565_scaling_b1_fold2_all_seed565,B1,565,artifacts/models/gcst/phase5p5_repair5g565_scaling_b1_fold2_all_seed565.pt,True,True,False,False,1.3098871931,1.27936297279,0.030524220310000016,-0.02385892116561231,0.9776887949156341,13.281847,595.2994,49,47,3072,2944,True,True,True,True,True,True,True,True,True,1.2480440139770508,1.156984567642212,1.2668358087539673,0.7500779032707214,0.7517090439796448,1.0155653953552246,0.7070396542549133,0.9809726476669312,1.0,0.6840704679489136,0.6509780883789062,0.341921865940094,0.8938339352607727,1.0,10.826569557189941,False,False,False,False,False
g565_expanded_solver_panel_static_flow_supplement,g565_expanded_solver_panel,g565-synth-checker-a-40,128,10154,2000,g559_b2000_i3,validation,other,g565_real_graph_000064,0ab0ea9e522d70d022f5da6fcc3b54b4c57c5899d79a45023e909a417aac0920,4ee526d216a7a51d3ec82ae995e240712d29b3d3902e292e1e59eb4d7458c50e,g562_g565_expanded_solver_panel_e0_s565_fda081c08dd0,g565_E0_phase5p5_repair5g565_expanded_e0_seed565,E0,565,artifacts/models/gcst/phase5p5_repair5g565_expanded_e0_seed565.pt,True,True,False,False,1.38681102362,1.35695538058,0.02985564303999988,-0.02200193423253074,0.9784090653684377,26.878466,1244.8959,57,64,7165,8063,True,True,True,True,True,True,True,True,True,1.2340271472930908,1.1603385210037231,1.2709071636199951,0.7486155033111572,0.7513251900672913,1.0391979217529297,0.7041551470756531,0.9806672930717468,1.0,0.6835766434669495,0.6517210602760315,0.3385501503944397,0.8401098847389221,1.0,10.812939643859863,False,False,False,False,False
g565_expanded_solver_panel_static_flow_supplement,g565_expanded_solver_panel,g559-synth-warehouse-a-32,16,10330,2000,g559_b2000_i2,validation,other,g565_real_graph_000142,15801ec8f8fef94822b0994c9f47ac52c0aeaf1bb1a81ab53cf6aaa596892a16,2eb7593b5289be9bafb927176b844c63b04cbe82f50a07a8a45864490c2d5fd1,g562_g565_expanded_solver_panel_e0_s565_3cefb60f58cd,g565_E0_phase5p5_repair5g565_expanded_e0_seed565,E0,565,artifacts/models/gcst/phase5p5_repair5g565_expanded_e0_seed565.pt,True,True,False,False,1.07322654462,1.04347826087,0.02974828375000005,-0.0285087719270715,0.9804510896810658,1.649496,84.3779,48,48,752,752,True,True,True,True,True,True,True,True,True,1.2465400695800781,1.1690994501113892,1.3084355592727661,0.7267270684242249,0.7599539756774902,1.0346088409423828,0.7061748504638672,0.9812703728675842,1.0,0.679361879825592,0.6364808678627014,0.35086873173713684,0.9296553730964661,1.0,10.847600936889648,False,False,False,False,False
g565_expanded_solver_panel_static_flow_supplement,g565_expanded_solver_panel,random-32-32-20,96,7285,1000,g559_b1000_i2,validation,random,g565_real_graph_000499,4c647bf79aad98de8b985d190d0b55eba4900dddddf65ccf04a775b7c98aed99,c1aa9a8b30f8c8823b60e2cf75d959ea44d44caad5b30249c95589434a1febd5,g562_g565_expanded_solver_panel_b1_s565_f00b76733661,g565_B1_phase5p5_repair5g565_scaling_b1_fold1_all_seed565,B1,565,artifacts/models/gcst/phase5p5_repair5g565_scaling_b1_fold1_all_seed565.pt,True,True,False,False,1.26516290727,1.23558897243,0.029573934839999927,-0.023935091280264224,0.9831862526212454,12.52013,744.6365,59,48,5853,4512,True,True,True,True,True,True,True,True,True,1.2492616176605225,1.1622165441513062,1.2568947076797485,0.744052529335022,0.7502079010009766,1.0271269083023071,0.7057000398635864,0.98094242811203,0.9998460412025452,0.683508574962616,0.6498144865036011,0.3407077491283417,0.8883487582206726,1.0,10.820582389831543,False,False,False,False,False
g565_expanded_solver_panel_static_flow_supplement,g565_expanded_solver_panel,random-32-32-20,32,9125,1000,g559_b1000_i3,validation,random,g565_real_graph_000880,846a2629cff10d41b23ae4a7a888558aaf879ed13f2d2fdb9c809a5edb2c9a95,3dcd6a52a973ee7ca9e7d607f42259575076fc80f968be0a519e396c4e2a8595,g562_g565_expanded_solver_panel_e2_s565_407af29a35ad,g565_E2_phase5p5_repair5g565_expanded_e2_seed565,E2,565,artifacts/models/gcst/phase5p5_repair5g565_expanded_e2_seed565.pt,True,True,False,False,1.13798219585,1.10846953938,0.02951265647000012,-0.02662468874562618,0.9778320680646413,5.118274,230.8864,57,57,1792,1792,True,True,True,True,True,True,True,True,True,1.242169976234436,1.16921067237854,1.2688289880752563,0.7316085696220398,0.764314591884613,1.0371568202972412,0.7048675417900085,0.9812657237052917,1.0,0.6784570217132568,0.6415628790855408,0.34577569365501404,0.9073299169540405,1.0,10.828460693359375,False,False,False,False,False
g565_expanded_solver_panel_static_flow_supplement,g565_expanded_solver_panel,g559-synth-game-den-32,128,7298,2000,g559_b2000_i3,validation,other,g565_real_graph_000262,29380f861f5ac430b198fae1c360ba7043870005e2bbc620612c5c60ff6df81e,b5ee9ad83482915ef7ed218a5e08361be780953eb693e519444c9af6a25be1a1,g562_g565_expanded_solver_panel_b1_s565_2783e9a7d238,g565_B1_phase5p5_repair5g565_scaling_b1_fold0_all_seed565,B1,565,artifacts/models/gcst/phase5p5_repair5g565_scaling_b1_fold0_all_seed565.pt,True,True,False,False,1.42490430083,1.39571263036,0.02919167046999993,-0.02091524418065232,0.9814536103123342,16.63927,897.1703,76,97,9578,12497,True,True,True,True,True,True,True,True,True,1.2419184446334839,1.1677271127700806,1.2625313997268677,0.7413292527198792,0.7506269812583923,1.0173929929733276,0.7031049728393555,0.9809489846229553,1.0,0.6816073656082153,0.6515212059020996,0.3412015736103058,0.8979146480560303,1.0,10.828396797180176,False,False,False,False,False
g565_expanded_solver_panel_static_flow_supplement,g565_expanded_solver_panel,g565-synth-checker-a-40,16,10714,2000,g559_b2000_i2,validation,other,g565_real_graph_000396,3e64a2ad9c99aecf5a11d1c0f6d75ef3687e25fc9f22485a64f78007ccd7556e,544110d90f0509f84cf35c670d3b0835eb5e218783508b20bdbc73072054aeea,g562_g565_expanded_solver_panel_e1_s565_4f9bf868e832,g565_E1_phase5p5_repair5g565_expanded_e1_seed565,E1,565,artifacts/models/gcst/phase5p5_repair5g565_expanded_e1_seed565.pt,True,True,False,False,1.11081794195,1.08179419525,0.029023746699999853,-0.02682926829099183,0.9797861533800608,3.349398,165.6982,51,51,800,800,True,True,True,True,True,True,True,True,True,1.2524168491363525,1.1664879322052002,1.2582793235778809,0.7201253175735474,0.7610993981361389,1.0369774103164673,0.7032809257507324,0.9812143445014954,1.0,0.6689771413803101,0.6348048448562622,0.3543226718902588,0.9444209337234497,1.0,10.85172176361084,False,False,False,False,False
g565_expanded_solver_panel_static_flow_supplement,g565_expanded_solver_panel,maze-36-32-4,96,10567,5000,g559_b5000_i2,validation,maze,g565_real_graph_000476,499e5851b9665dd30aaf6f1923687720391ea792f22780ce8406232737baefc9,d0c17648a980f542539715817269f64ef56588f1aa36c03fefb6b86bf3cc39f1,g562_g565_expanded_solver_panel_b1_s565_2feeba59e3c9,g565_B1_phase5p5_repair5g565_scaling_b1_fold0_all_seed565,B1,565,artifacts/models/gcst/phase5p5_repair5g565_scaling_b1_fold0_all_seed565.pt,True,True,False,False,1.40562130178,1.37692307692,0.028698224860000066,-0.020842286211219807,0.9834026058333027,14.072255,847.8593,81,77,7679,7385,True,True,True,True,True,True,True,True,True,1.2419184446334839,1.1677271127700806,1.2625313997268677,0.7413292527198792,0.7506269812583923,1.0173929929733276,0.7031049728393555,0.9809489846229553,1.0,0.6816073656082153,0.6515212059020996,0.3412015736103058,0.8979146480560303,1.0,10.828396797180176,False,False,False,False,False
g565_expanded_solver_panel_static_flow_supplement,g565_expanded_solver_panel,g559-synth-string-40,64,9216,500,g559_b500_i4,heldout,other,g565_real_graph_000419,41cb4789283a6f047398f9c1eac538d5b37b5f1645989a2c3d5ba9560b47a391,10fd4a0de2b64809420ef26f5c4ca14866434a8b105e08b5fa997d971ca5cc7c,g562_g565_expanded_solver_panel_e0_s565_9165d2ce8639,g565_E0_phase5p5_repair5g565_expanded_e0_seed565,E0,565,artifacts/models/gcst/phase5p5_repair5g565_expanded_e0_seed565.pt,True,True,False,False,1.66964755392,1.64124145187,0.028406102049999937,-0.01730769230671974,0.9842027153902914,5.061153,320.3812,76,67,4752,4192,True,True,True,True,True,True,True,True,True,1.250785231590271,1.1678102016448975,1.2584950923919678,0.7353915572166443,0.764650821685791,1.0283527374267578,0.705142617225647,0.9812842011451721,1.0,0.6837471127510071,0.6474222540855408,0.3402082026004791,0.894054114818573,1.0,10.82710075378418,False,False,False,False,False
g565_expanded_solver_panel_static_flow_supplement,g565_expanded_solver_panel,empty-16-16,96,9841,1000,g559_b1000_i2,validation,other,g565_real_graph_000624,5e88b4041cb6551ff22945863a22d6fcfb50a44ea726ca07bf06724fa4d74025,59c21be04187c19ea095919bd2aaae4fa98cc0473a9ec9e31b6e3e07d437e4bd,g562_g565_expanded_solver_panel_b2_s565_ff0b11d5b7dc,g565_B2_phase5p5_repair5g565_scaling_b2_fold0_all_seed565,B2,565,artifacts/models/gcst/phase5p5_repair5g565_scaling_b2_fold0_all_seed565.pt,True,True,False,False,1.89817629179,1.87006079027,0.028115501520000086,-0.015034538805522338,0.98585046235123,4.760977,336.4758,47,37,4416,3456,True,True,True,True,True,True,True,True,True,1.2447983026504517,1.1695988178253174,1.2600667476654053,0.7401814460754395,0.7496448159217834,1.0190762281417847,0.7014719247817993,0.980895459651947,1.0,0.6819590330123901,0.6507499814033508,0.33884963393211365,0.894852340221405,1.0,10.82331657409668,False,False,False,False,False
g565_expanded_solver_panel_static_flow_supplement,g565_expanded_solver_panel,g565-synth-checker-a-40,128,7034,2000,g559_b2000_i3,validation,other,g565_real_graph_000292,2cf288e6ea2b9fbc221b005e308b118635febef521cc6f90f5fc038927d7f94b,2e940c27e228dfd31f4f6fdc19df46d37ecb5e5c3a6f23c42bf044a56e9446ee,g562_g565_expanded_solver_panel_e2_s565_13b1b310c1da,g565_E2_phase5p5_repair5g565_expanded_e2_seed565,E2,565,artifacts/models/gcst/phase5p5_repair5g565_expanded_e2_seed565.pt,True,True,False,False,1.41418030157,1.38626884825,0.02791145332,-0.02013422818758057,0.985006453829769,26.765603,1785.1416,61,126,7678,42096,True,True,True,True,True,True,True,True,True,1.2330353260040283,1.166184663772583,1.2749934196472168,0.7399184703826904,0.7625865936279297,1.043257713317871,0.7096250057220459,0.9814743995666504,1.0,0.6816715598106384,0.6514261960983276,0.342250794172287,0.8650406002998352,1.0,10.832416534423828,False,False,False,False,False
g565_expanded_solver_panel_static_flow_supplement,g565_expanded_solver_panel,g565-synth-checker-a-40,128,8474,2000,g559_b2000_i3,validation,other,g565_real_graph_000366,382512b031882678d3e768c79bd4d0396133a820848a0b825ba3a40d1e9eac63,5644961545fe0afbc342eb4c6f33f1f38daf2762be9ed0d214b58a25a4fd1bb2,g562_g565_expanded_solver_panel_e2_s565_dceb9a06a0e9,g565_E2_phase5p5_repair5g565_expanded_e2_seed565,E2,565,artifacts/models/gcst/phase5p5_repair5g565_expanded_e2_seed565.pt,True,True,False,False,1.38774233896,1.35991244528,0.027829893680000106,-0.020464474589222584,0.9791259326185757,26.799902,1283.885,62,64,7807,8059,True,True,True,True,True,True,True,True,True,1.2325114011764526,1.166436791419983,1.2770795822143555,0.7396712303161621,0.76282799243927,1.0434093475341797,0.7106229066848755,0.9815155267715454,1.0,0.6816291809082031,0.6513105630874634,0.34257805347442627,0.864836573600769,1.0,10.834015846252441,False,False,False,False,False
g565_expanded_solver_panel_static_flow_supplement,g565_expanded_solver_panel,g559-synth-warehouse-b-36,96,11371,5000,g559_b5000_i2,heldout,other,g565_real_graph_000480,4a34e88ead4b6905ba44eda76b5bd297d18a28a63c9d396ce61a024f40e1f066,46be83e67b18b9579e5d548fccf5aee9a2d4340044ac93e5acf6581f29ef2871,g562_g565_expanded_solver_panel_e0_s565_7afc1da4318e,g565_E0_phase5p5_repair5g565_expanded_e0_seed565,E0,565,artifacts/models/gcst/phase5p5_repair5g565_expanded_e0_seed565.pt,True,True,False,False,1.35138183869,1.32374506486,0.027636773830000072,-0.020877716233769644,0.9789488545721396,12.403958,589.2296,86,66,8535,6239,True,True,True,True,True,True,True,True,True,1.2481309175491333,1.1659610271453857,1.2721359729766846,0.7375560402870178,0.7652477622032166,1.0333219766616821,0.6993350982666016,0.9812659025192261,1.0,0.6836037039756775,0.64849454164505,0.3420066833496094,0.8906790614128113,1.0,10.82259750366211,False,False,False,False,False
g565_expanded_solver_panel_static_flow_supplement,g565_expanded_solver_panel,g559-synth-string-40,16,10936,500,g559_b500_i2,heldout,other,g565_real_graph_000784,77d8a5672a98cb15f0d21e632778f1a1bb4ae710cb900222b207530c978a1721,696ee25e3afe67f4226b34838c1810158c38640664a6abbb476799c62bc66a25,g562_g565_expanded_solver_panel_b2_s565_dad4da6993b8,g565_B2_phase5p5_repair5g565_scaling_b2_fold0_all_seed565,B2,565,artifacts/models/gcst/phase5p5_repair5g565_scaling_b2_fold0_all_seed565.pt,True,True,False,False,1.07430997877,1.04670912951,0.02760084925999995,-0.026369168360001638,0.9804611935185858,1.129386,57.8022,38,38,590,592,True,True,True,True,True,True,True,True,True,1.2447490692138672,1.1701217889785767,1.2601439952850342,0.7390933632850647,0.7491928339004517,1.018356204032898,0.7027578949928284,0.9811517000198364,1.0,0.6807684898376465,0.6504380106925964,0.33879905939102173,0.904144823551178,1.0,10.82922077178955,False,False,False,False,False
g565_expanded_solver_panel_static_flow_supplement,g565_expanded_solver_panel,g565-synth-checker-a-40,64,7794,2000,g559_b2000_i4,validation,other,g565_real_graph_000158,17e6e782bb1af078f33dde4a4595a04f16fd726ab3261848dbbc905ed85cff0f,d750d064904cd18a63b540aa1311561274b35080ccc1152fe2e8b58cf8db310c,g562_g565_expanded_solver_panel_b2_s565_c82268529347,g565_B2_phase5p5_repair5g565_scaling_b2_fold2_all_seed565,B2,565,artifacts/models/gcst/phase5p5_repair5g565_scaling_b2_fold2_all_seed565.pt,True,True,False,False,1.26515151515,1.23760330579,0.02754820935999991,-0.022259321085454798,0.9822142130942,13.381135,752.3499,55,64,3449,5416,True,True,True,True,True,True,True,True,True,1.247193455696106,1.159409999847412,1.2705328464508057,0.7495691776275635,0.7566941976547241,1.0140230655670166,0.7086097002029419,0.9811566472053528,1.0,0.6852495670318604,0.6512262225151062,0.341899037361145,0.8969748020172119,0.9974092245101929,10.837230682373047,False,False,False,False,False
g565_expanded_solver_panel_static_flow_supplement,g565_expanded_solver_panel,random-32-32-20,96,10285,1000,g559_b1000_i2,validation,random,g565_real_graph_000747,723747f103efb7e16f66e96f1075420ecfc2d03bc887f26f5e38120bfd85d475,cd8b9d47eb4acefd52ecad244ab7cfb10d7793f4fb02f699ca658bacf0536c5c,g562_g565_expanded_solver_panel_e2_s565_6c7ea5e4bc36,g565_E2_phase5p5_repair5g565_expanded_e2_seed565,E2,565,artifacts/models/gcst/phase5p5_repair5g565_expanded_e2_seed565.pt,True,True,False,False,1.23807228916,1.21060240964,0.027469879519999907,-0.022691082804112948,0.984714583979729,12.296518,804.4608,50,58,4691,7169,True,True,True,True,True,True,True,True,True,1.2339011430740356,1.1658589839935303,1.2721582651138306,0.7401884198188782,0.7623710632324219,1.0429911613464355,0.7081405520439148,0.9814146161079407,1.0,0.6817156672477722,0.6514992117881775,0.34184327721595764,0.8658044934272766,1.0,10.830151557922363,False,False,False,False,False
g565_expanded_solver_panel_static_flow_supplement,g565_expanded_solver_panel,random-32-32-20,96,10285,1000,g559_b1000_i2,validation,random,g565_real_graph_000747,723747f103efb7e16f66e96f1075420ecfc2d03bc887f26f5e38120bfd85d475,c073fec9e837880fc2beef3e41a22c0adad1dcd3dca3ec8dcbb1356c92cef137,g562_g565_expanded_solver_panel_b2_s565_e9a6de22c7b0,g565_B2_phase5p5_repair5g565_scaling_b2_fold3_all_seed565,B2,565,artifacts/models/gcst/phase5p5_repair5g565_scaling_b2_fold3_all_seed565.pt,True,True,False,False,1.23807228916,1.21060240964,0.027469879519999907,-0.022691082804112948,0.9846919688317939,12.314711,804.4608,48,58,4510,7169,True,True,True,True,True,True,True,True,True,1.2411556243896484,1.1593554019927979,1.259612798690796,0.7507362365722656,0.7488828301429749,1.0230644941329956,0.7057160139083862,0.9807093143463135,1.0,0.6814470887184143,0.6535523533821106,0.3452965319156647,0.8941481113433838,0.9990428686141968,10.807366371154785,False,False,False,False,False
g565_expanded_solver_panel_static_flow_supplement,g565_expanded_solver_panel,g565-synth-checker-a-40,64,11514,2000,g559_b2000_i4,validation,other,g565_real_graph_000580,5910f7d496cb6bd049bb03449585f3af92affcbd70b95842696050180ac4eda1,bb30c0bd168ee4c630f19ecd3d1ee8b95093d74cafd217e32cd768f116cf7a9e,g562_g565_expanded_solver_panel_b1_s565_2b4693821cfa,g565_B1_phase5p5_repair5g565_scaling_b1_fold1_all_seed565,B1,565,artifacts/models/gcst/phase5p5_repair5g565_scaling_b1_fold1_all_seed565.pt,True,True,False,False,1.34278002699,1.31532748143,0.027452545560000097,-0.02087126282053667,0.9775923324296646,13.546235,604.5357,53,54,3328,3390,True,True,True,True,True,True,True,True,True,1.2492616176605225,1.1622165441513062,1.2568947076797485,0.744052529335022,0.7502079010009766,1.0271269083023071,0.7057000398635864,0.98094242811203,0.9998460412025452,0.683508574962616,0.6498144865036011,0.3407077491283417,0.8883487582206726,1.0,10.820582389831543,False,False,False,False,False
g565_expanded_solver_panel_static_flow_supplement,g565_expanded_solver_panel,g559-synth-warehouse-b-36,32,7691,5000,g559_b5000_i3,heldout,other,g565_real_graph_000965,912891ba2c3cd962744d5ded1d76b46b633579ffc885377f9a5a03a60fb4f9b2,f455a234283dd1e80a997fa844a2b53189665f2f982b0b17fe964cc648f46022,g562_g565_expanded_solver_panel_b2_s565_77a957be38a7,g565_B2_phase5p5_repair5g565_scaling_b2_fold1_all_seed565,B2,565,artifacts/models/gcst/phase5p5_repair5g565_scaling_b2_fold1_all_seed565.pt,True,True,False,False,1.14285714286,1.11548331908,0.027373823780000084,-0.024539877299623602,0.9807939970656864,3.946824,205.4995,58,56,1824,1759,True,True,True,True,True,True,True,True,True,1.2480601072311401,1.1617710590362549,1.2636157274246216,0.7420930862426758,0.7494380474090576,1.0309537649154663,0.7086830735206604,0.9813191890716553,0.9998335838317871,0.6861509680747986,0.6497718095779419,0.34118565917015076,0.8962014317512512,1.0,10.836456298828125,False,False,False,False,False
g565_expanded_solver_panel_static_flow_supplement,g565_expanded_solver_panel,random-32-32-20,96,9685,1000,g559_b1000_i2,validation,random,g565_real_graph_000147,16480414c5bac591bb680c99eda4d35bee3e83aaebd65a0bc13a21c33325933e,2348c620eff3786ae31b021743239550c894a7dd870632d363e78e550af889cc,g562_g565_expanded_solver_panel_e1_s565_c26a6e986f50,g565_E1_phase5p5_repair5g565_expanded_e1_seed565,E1,565,artifacts/models/gcst/phase5p5_repair5g565_expanded_e1_seed565.pt,True,True,False,False,1.26256458431,1.2353217473,0.027242837009999965,-0.022053231936978113,0.9817005499024829,12.737012,696.0325,53,55,4988,5183,True,True,True,True,True,True,True,True,True,1.2373437881469727,1.1673898696899414,1.2687448263168335,0.7451959848403931,0.7580013275146484,1.0449084043502808,0.7029532194137573,0.9809368848800659,1.0,0.6805751919746399,0.652107298374176,0.34143951535224915,0.8567554950714111,1.0,10.82407283782959,False,False,False,False,False
g565_expanded_solver_panel_static_flow_supplement,g565_expanded_solver_panel,g565-synth-checker-a-40,64,11154,2000,g559_b2000_i4,validation,other,g565_real_graph_000623,5e868cc5365a475dadb0d05f0ee8610068587847021a72bf889ee3f0415de755,e13ab6230c507437de75097fb737212afa166b78388cc0fe94bc05fe9bc2f973,g562_g565_expanded_solver_panel_b1_s565_3058a7282b62,g565_B1_phase5p5_repair5g565_scaling_b1_fold1_all_seed565,B1,565,artifacts/models/gcst/phase5p5_repair5g565_scaling_b1_fold1_all_seed565.pt,True,True,False,False,1.35264663805,1.32546494993,0.02718168811999999,-0.020507285478530007,0.9788818244426517,13.415585,635.2625,44,50,2752,3134,True,True,True,True,True,True,True,True,True,1.2492616176605225,1.1622165441513062,1.2568947076797485,0.744052529335022,0.7502079010009766,1.0271269083023071,0.7057000398635864,0.98094242811203,0.9998460412025452,0.683508574962616,0.6498144865036011,0.3407077491283417,0.8883487582206726,1.0,10.820582389831543,False,False,False,False,False
g565_expanded_solver_panel_static_flow_supplement,g565_expanded_solver_panel,g565-synth-checker-a-40,64,9714,2000,g559_b2000_i4,validation,other,g565_real_graph_000581,591297e01f4e90b471c5c6afe5893c9ec56404475e51db15fe47cf3ed638d9d6,7300a28bcc982d4eaa27cf876462baf37829297be46661d5f57df14964f483fa,g562_g565_expanded_solver_panel_b1_s565_44166474e1df,g565_B1_phase5p5_repair5g565_scaling_b1_fold3_all_seed565,B1,565,artifacts/models/gcst/phase5p5_repair5g565_scaling_b1_fold3_all_seed565.pt,True,True,False,False,1.26801346801,1.24107744108,0.026936026929999857,-0.02170374389092095,0.9786975986454515,13.300902,624.3851,48,51,3007,3200,True,True,True,True,True,True,True,True,True,1.242787480354309,1.1655681133270264,1.2748825550079346,0.7497100830078125,0.7532985210418701,1.025909185409546,0.7064592838287354,0.9808717966079712,1.0,0.6789582967758179,0.6534641981124878,0.3446955978870392,0.898270308971405,0.9992702007293701,10.821928977966309,False,False,False,False,False
g565_expanded_solver_panel_static_flow_supplement,g565_expanded_solver_panel,g559-synth-warehouse-a-32,128,10850,2000,g559_b2000_i3,validation,other,g565_real_graph_000074,0bc2e97b03a8160eeb8edb4dce5dafedf5f45139f9b866317a64a8cd3c25caac,5225f3b90669fffc8e35108e31ee17649a436c0cee10a60fc4527f8331871050,g562_g565_expanded_solver_panel_b2_s565_852ff4d5f5dd,g565_B2_phase5p5_repair5g565_scaling_b2_fold0_all_seed565,B2,565,artifacts/models/gcst/phase5p5_repair5g565_scaling_b2_fold0_all_seed565.pt,True,True,False,False,1.3861775303,1.35931870292,0.026858827379999894,-0.01975903614237302,0.9824413450702,13.336571,759.544,60,55,7552,6912,True,True,True,True,True,True,True,True,True,1.243594765663147,1.1714696884155273,1.261464238166809,0.7395223379135132,0.7503223419189453,1.0173455476760864,0.7010428309440613,0.9808430671691895,1.0,0.6825291514396667,0.6507958769798279,0.3402426838874817,0.8967435956001282,1.0,10.826509475708008,False,False,False,False,False
g565_expanded_solver_panel_static_flow_supplement,g565_expanded_solver_panel,g565-synth-checker-a-40,128,11594,2000,g559_b2000_i3,validation,other,g565_real_graph_000012,01ae910acb51c61004526b69998001770a9e05aee319bb36111678fdf258bb05,e28c68c246dce95c5e91721ccee998c949e3c97103ca19f054612a99d57d836f,g562_g565_expanded_solver_panel_e0_s565_b01c5b31a90a,g565_E0_phase5p5_repair5g565_expanded_e0_seed565,E0,565,artifacts/models/gcst/phase5p5_repair5g565_expanded_e0_seed565.pt,True,True,False,False,1.43508889634,1.40825226434,0.02683663199999997,-0.019056693661754835,0.9742239916849069,37.357589,1449.3163,67,68,8447,9205,True,True,True,True,True,True,True,True,True,1.237227201461792,1.1593804359436035,1.2626230716705322,0.7475329041481018,0.7512272000312805,1.0382050275802612,0.7036095857620239,0.9806756973266602,1.0,0.6839736700057983,0.6523480415344238,0.33782145380973816,0.837526798248291,1.0,10.810068130493164,False,False,False,False,False
g565_expanded_solver_panel_static_flow_supplement,g565_expanded_solver_panel,g559-synth-warehouse-a-32,16,8170,2000,g559_b2000_i2,validation,other,g565_real_graph_000467,487064ea2997c5e929c45be1e32a3fe18848b251bad3b88e5d1bb559932acaf3,60bfe15980b7072b3a21f45856d67fc9cd82c7e607ce83d8f16bdc7439a10002,g562_g565_expanded_solver_panel_b1_s565_93ed814313f0,g565_B1_phase5p5_repair5g565_scaling_b1_fold2_all_seed565,B1,565,artifacts/models/gcst/phase5p5_repair5g565_scaling_b1_fold2_all_seed565.pt,True,True,False,False,1.088,1.06133333333,0.026666666670000172,-0.025125628143923297,0.9860839362386691,1.743051,125.2546,41,41,640,640,True,True,True,True,True,True,True,True,True,1.2480440139770508,1.156984567642212,1.2668358087539673,0.7500779032707214,0.7517090439796448,1.0155653953552246,0.7070396542549133,0.9809726476669312,1.0,0.6840704679489136,0.6509780883789062,0.341921865940094,0.8938339352607727,1.0,10.826569557189941,False,False,False,False,False
g565_expanded_solver_panel_static_flow_supplement,g565_expanded_solver_panel,g559-synth-warehouse-a-32,16,9250,2000,g559_b2000_i2,validation,other,g565_real_graph_000081,0c98cccf4d68ea23cbef42eb046e60bb6f654aabdf1ce7d4e1882713982a1943,1e35a7cf58d31f1a92b4c040326a68bcc3efef7dbc809750ac8107eb254824bd,g562_g565_expanded_solver_panel_e0_s565_7b14bd526e31,g565_E0_phase5p5_repair5g565_expanded_e0_seed565,E0,565,artifacts/models/gcst/phase5p5_repair5g565_expanded_e0_seed565.pt,True,True,False,False,1.10169491525,1.07506053269,0.026634382559999947,-0.024774774768594476,0.9817339658973572,1.636317,89.5825,42,42,656,656,True,True,True,True,True,True,True,True,True,1.2504714727401733,1.1688177585601807,1.270661473274231,0.7290111780166626,0.7618778944015503,1.0314128398895264,0.7063683271408081,0.9812575578689575,1.0,0.6781789064407349,0.6409080028533936,0.34755998849868774,0.918027937412262,1.0,10.84034252166748,False,False,False,False,False
g565_expanded_solver_panel_static_flow_supplement,g565_expanded_solver_panel,g559-synth-warehouse-a-32,128,10130,2000,g559_b2000_i3,validation,other,g565_real_graph_000486,4ac5ff28f0385b3c45047e194d6e424820a943902dd20a1f88a31b3ed3bc472d,d2bc6302e50fc18a7a793e3cff3b1634a8894a3f1e17e2f852f3689bd15727a4,g562_g565_expanded_solver_panel_b2_s565_8f5d3d185939,g565_B2_phase5p5_repair5g565_scaling_b2_fold1_all_seed565,B2,565,artifacts/models/gcst/phase5p5_repair5g565_scaling_b2_fold1_all_seed565.pt,True,True,False,False,1.38487084871,1.35830258303,0.026568265680000147,-0.019559902198473072,0.9804509102872319,16.483595,843.1899,54,58,6784,8058,True,True,True,True,True,True,True,True,True,1.248104214668274,1.1613010168075562,1.2615150213241577,0.7440260648727417,0.7482338547706604,1.0318191051483154,0.7064080834388733,0.9810956716537476,0.9998278617858887,0.6855058073997498,0.6496145129203796,0.34021231532096863,0.8892713189125061,1.0,10.825189590454102,False,False,False,False,False
g565_expanded_solver_panel_static_flow_supplement,g565_expanded_solver_panel,g565-synth-checker-a-40,64,11274,2000,g559_b2000_i4,validation,other,g565_real_graph_000729,7032be809752d5cbdeb4d6230da5e8f94b4c4018fbca874384674fa745e8ce08,b1f5b5a04bfcd904d8c58520da4712a7a2156626843572f7e5a69ced12ed41c8,g562_g565_expanded_solver_panel_b2_s565_2ae5292ce5c8,g565_B2_phase5p5_repair5g565_scaling_b2_fold2_all_seed565,B2,565,artifacts/models/gcst/phase5p5_repair5g565_scaling_b2_fold2_all_seed565.pt,True,True,False,False,1.30051813472,1.27396373057,0.0265544041500001,-0.020843924762378487,0.9792625879311333,13.279685,640.3733,45,56,2815,3520,True,True,True,True,True,True,True,True,True,1.247193455696106,1.159409999847412,1.2705328464508057,0.7495691776275635,0.7566941976547241,1.0140230655670166,0.7086097002029419,0.9811566472053528,1.0,0.6852495670318604,0.6512262225151062,0.341899037361145,0.8969748020172119,0.9974092245101929,10.837230682373047,False,False,False,False,False
g565_expanded_solver_panel_static_flow_supplement,g565_expanded_solver_panel,random-32-32-20,32,9125,1000,g559_b1000_i3,validation,random,g565_real_graph_000880,846a2629cff10d41b23ae4a7a888558aaf879ed13f2d2fdb9c809a5edb2c9a95,c25b586abba44136a8be3c1b44e7a1c3e1760abd309e575b54012b5d159493ce,g562_g565_expanded_solver_panel_e0_s565_6e1b15356696,g565_E0_phase5p5_repair5g565_expanded_e0_seed565,E0,565,artifacts/models/gcst/phase5p5_repair5g565_expanded_e0_seed565.pt,True,True,False,False,1.1350148368,1.10846953938,0.026545297420000002,-0.023947701291681483,0.9740272359047566,5.996758,230.8864,57,57,1792,1792,True,True,True,True,True,True,True,True,True,1.2413431406021118,1.1691973209381104,1.3183174133300781,0.7310898900032043,0.7647531032562256,1.037118673324585,0.7061820030212402,0.9813551902770996,1.0,0.6821808815002441,0.6424938440322876,0.3486087918281555,0.9072802066802979,1.0,10.843186378479004,False,False,False,False,False
g565_expanded_solver_panel_static_flow_supplement,g565_expanded_solver_panel,empty-16-16,32,8081,1000,g559_b1000_i3,validation,other,g565_real_graph_000304,2e67e0e49cc11e60b1fcaaadf9f7c68d6fa8c7aa818cda931e08ddb4ba9f609b,8988d70e002728907d3cca1bed3d68dc6246d9183c4c9f3af6cce8fb16433a59,g562_g565_expanded_solver_panel_e0_s565_ade42219cd84,g565_E0_phase5p5_repair5g565_expanded_e0_seed565,E0,565,artifacts/models/gcst/phase5p5_repair5g565_expanded_e0_seed565.pt,True,True,False,False,1.22403258656,1.19755600815,0.02647657840999984,-0.022108843536179323,0.9845963389827411,1.348666,87.5549,27,27,832,832,True,True,True,True,True,True,True,True,True,1.2533828020095825,1.170341968536377,1.257198691368103,0.7297393083572388,0.7579815983772278,1.0255612134933472,0.7118805646896362,0.9812387824058533,1.0,0.6804057955741882,0.6391093134880066,0.34403282403945923,0.9122302532196045,1.0,10.848031997680664,False,False,False,False,False
g565_expanded_solver_panel_static_flow_supplement,g565_expanded_solver_panel,maze-36-32-4,32,8927,5000,g559_b5000_i3,validation,maze,g565_real_graph_000136,14f8380210eb3c18d958031e2345383d1ed61542b3b3dc4ef2c7bc0dd2a9ab17,be98398a2591f948eb09acd3d32891a8f9d5c65c0f6c94c0a1e9080539fc2169,g562_g565_expanded_solver_panel_b2_s565_c977e2d4f98b,g565_B2_phase5p5_repair5g565_scaling_b2_fold1_all_seed565,B2,565,artifacts/models/gcst/phase5p5_repair5g565_scaling_b2_fold1_all_seed565.pt,True,True,False,False,1.16900175131,1.14273204904,0.026269702270000028,-0.022988505741191906,0.9813654107362084,4.679628,251.1259,57,59,1790,1849,True,True,True,True,True,True,True,True,True,1.248059868812561,1.1617704629898071,1.2636134624481201,0.7420921325683594,0.749437153339386,1.0309550762176514,0.7086837887763977,0.9813192486763,0.9998335838317871,0.6861497759819031,0.6497699022293091,0.3411850929260254,0.8962051868438721,1.0,10.836443901062012,False,False,False,False,False
g565_expanded_solver_panel_static_flow_supplement,g565_expanded_solver_panel,maze-36-32-4,32,8927,5000,g559_b5000_i3,validation,maze,g565_real_graph_000136,14f8380210eb3c18d958031e2345383d1ed61542b3b3dc4ef2c7bc0dd2a9ab17,8d4b95a5304145fd010f3ef3ad9ea7e014c0f999a72088dd378c3c9b3efdde29,g562_g565_expanded_solver_panel_b1_s565_779fc4638b03,g565_B1_phase5p5_repair5g565_scaling_b1_fold2_all_seed565,B1,565,artifacts/models/gcst/phase5p5_repair5g565_scaling_b1_fold2_all_seed565.pt,True,True,False,False,1.16900175131,1.14273204904,0.026269702270000028,-0.022988505741191906,0.9807053553615935,4.845385,251.1259,57,59,1790,1849,True,True,True,True,True,True,True,True,True,1.2480440139770508,1.156984567642212,1.2668358087539673,0.7500779032707214,0.7517090439796448,1.0155653953552246,0.7070396542549133,0.9809726476669312,1.0,0.6840704679489136,0.6509780883789062,0.341921865940094,0.8938339352607727,1.0,10.826569557189941,False,False,False,False,False
g565_expanded_solver_panel_static_flow_supplement,g565_expanded_solver_panel,g565-synth-checker-a-40,64,9714,2000,g559_b2000_i4,validation,other,g565_real_graph_000581,591297e01f4e90b471c5c6afe5893c9ec56404475e51db15fe47cf3ed638d9d6,5caf631b4628321547a75a54874d5d6f6a865e1670240968a1d65e8a25b71756,g562_g565_expanded_solver_panel_b1_s565_5ec02de1bc6e,g565_B1_phase5p5_repair5g565_scaling_b1_fold2_all_seed565,B1,565,artifacts/models/gcst/phase5p5_repair5g565_scaling_b1_fold2_all_seed565.pt,True,True,False,False,1.26734006734,1.24107744108,0.026262626259999866,-0.021161150296266622,0.9788848772976805,13.183968,624.3851,48,51,3008,3200,True,True,True,True,True,True,True,True,True,1.2480440139770508,1.156984567642212,1.2668358087539673,0.7500779032707214,0.7517090439796448,1.0155653953552246,0.7070396542549133,0.9809726476669312,1.0,0.6840704679489136,0.6509780883789062,0.341921865940094,0.8938339352607727,1.0,10.826569557189941,False,False,False,False,False
g565_expanded_solver_panel_static_flow_supplement,g565_expanded_solver_panel,maze-32-32-2,128,11726,2000,g559_b2000_i3,validation,maze,g565_real_graph_000237,25445b8fc3972a180778f777a416e76da21c39c6bae32449261a0bce709199c6,b49b91b7094a73c12f86d25763d19ac724d53610d180edeb9b10f6b0330164ed,g562_g565_expanded_solver_panel_e2_s565_9d00096945ef,g565_E2_phase5p5_repair5g565_expanded_e2_seed565,E2,565,artifacts/models/gcst/phase5p5_repair5g565_expanded_e2_seed565.pt,True,True,False,False,1.59570552147,1.56969325153,0.026012269940000055,-0.01657156257418165,0.9859809591105354,15.336291,1093.9615,176,155,22373,19689,True,True,True,True,True,True,True,True,True,1.243098497390747,1.164921760559082,1.2601794004440308,0.7378490567207336,0.7647507786750793,1.0400967597961426,0.6937452554702759,0.9810479879379272,1.0,0.6798116564750671,0.646403431892395,0.3423916697502136,0.9020813703536987,1.0,10.813433647155762,False,False,False,False,False
g565_expanded_solver_panel_static_flow_supplement,g565_expanded_solver_panel,maze-36-32-4,32,7967,5000,g559_b5000_i3,validation,maze,g565_real_graph_000399,3ed6ca51faa2e27c03756ebdfb2c8d84da3f21d5681f66556adbea2743d2b486,10402c6b12ed0f4ff4067332321b8548a54d9ed02e6907fd5ef8bdd6defe5e62,g562_g565_expanded_solver_panel_b2_s565_ac31e6fb1094,g565_B2_phase5p5_repair5g565_scaling_b2_fold0_all_seed565,B2,565,artifacts/models/gcst/phase5p5_repair5g565_scaling_b2_fold0_all_seed565.pt,True,True,False,False,1.15584415584,1.12987012987,0.025974025970000092,-0.02298850574356594,0.9817012232687505,4.553345,248.8333,54,54,1695,1696,True,True,True,True,True,True,True,True,True,1.2401213645935059,1.1776145696640015,1.2651656866073608,0.7380878329277039,0.753067672252655,1.014758825302124,0.6983127593994141,0.9807424545288086,1.0,0.6837379336357117,0.6503369212150574,0.3456105887889862,0.9069012999534607,1.0,10.8413724899292,False,False,False,False,False
g565_expanded_solver_panel_static_flow_supplement,g565_expanded_solver_panel,maze-36-32-4,96,10567,5000,g559_b5000_i2,validation,maze,g565_real_graph_000476,499e5851b9665dd30aaf6f1923687720391ea792f22780ce8406232737baefc9,0adedb789557786cd900f600251f1c17a9757e3c4b09e72ba8d09485cd4be9b9,g562_g565_expanded_solver_panel_e2_s565_ad602a30f5a9,g565_E2_phase5p5_repair5g565_expanded_e2_seed565,E2,565,artifacts/models/gcst/phase5p5_repair5g565_expanded_e2_seed565.pt,True,True,False,False,1.40266272189,1.37692307692,0.02573964497000003,-0.018693596905628388,0.9834332406332041,14.046281,847.8593,78,77,7385,7385,True,True,True,True,True,True,True,True,True,1.2446569204330444,1.166448712348938,1.2611212730407715,0.7352867722511292,0.7646586894989014,1.0381784439086914,0.6955591440200806,0.9810616374015808,1.0,0.6791636943817139,0.6436195969581604,0.34355512261390686,0.9117474555969238,1.0,10.817505836486816,False,False,False,False,False
g565_expanded_solver_panel_static_flow_supplement,g565_expanded_solver_panel,empty-16-16,32,9401,1000,g559_b1000_i3,validation,other,g565_real_graph_000182,1c068e7cf72f10be319968b34f4aa5f2247a894147cf72e0a5d3e16600f628fc,163279cf4253e78a37ec0c9b465df7587860fa9ac5a0f0b00fb8d376635af491,g562_g565_expanded_solver_panel_b1_s565_24116c9cf34d,g565_B1_phase5p5_repair5g565_scaling_b1_fold0_all_seed565,B1,565,artifacts/models/gcst/phase5p5_repair5g565_scaling_b1_fold0_all_seed565.pt,True,True,False,False,1.23913043478,1.21343873518,0.025691699600000062,-0.021172638432536098,0.9854364616849037,1.513156,103.9003,34,27,1366,832,True,True,True,True,True,True,True,True,True,1.2419184446334839,1.1677271127700806,1.2625313997268677,0.7413292527198792,0.7506269812583923,1.0173929929733276,0.7031049728393555,0.9809489846229553,1.0,0.6816073656082153,0.6515212059020996,0.3412015736103058,0.8979146480560303,1.0,10.828396797180176,False,False,False,False,False
g565_expanded_solver_panel_static_flow_supplement,g565_expanded_solver_panel,empty-16-16,32,9401,1000,g559_b1000_i3,validation,other,g565_real_graph_000182,1c068e7cf72f10be319968b34f4aa5f2247a894147cf72e0a5d3e16600f628fc,f4df883cb4d94b92781ac85fcd794333d80ba4c31c7562c4d275c9fc4d1f00f5,g562_g565_expanded_solver_panel_b1_s565_af28bec7bac6,g565_B1_phase5p5_repair5g565_scaling_b1_fold3_all_seed565,B1,565,artifacts/models/gcst/phase5p5_repair5g565_scaling_b1_fold3_all_seed565.pt,True,True,False,False,1.23913043478,1.21343873518,0.025691699600000062,-0.021172638432536098,0.9854098303854752,1.515923,103.9003,34,27,1366,832,True,True,True,True,True,True,True,True,True,1.242787480354309,1.1655681133270264,1.2748825550079346,0.7497100830078125,0.7532985210418701,1.025909185409546,0.7064592838287354,0.9808717966079712,1.0,0.6789582967758179,0.6534641981124878,0.3446955978870392,0.898270308971405,0.9992702007293701,10.821928977966309,False,False,False,False,False
g565_expanded_solver_panel_static_flow_supplement,g565_expanded_solver_panel,g565-synth-checker-a-40,128,7034,2000,g559_b2000_i3,validation,other,g565_real_graph_000292,2cf288e6ea2b9fbc221b005e308b118635febef521cc6f90f5fc038927d7f94b,0a92825597ec973cee7f0017074278ce31b6ab0e2f004839417ab4851c6a1e8a,g562_g565_expanded_solver_panel_b1_s565_86e946c7725d,g565_B1_phase5p5_repair5g565_scaling_b1_fold1_all_seed565,B1,565,artifacts/models/gcst/phase5p5_repair5g565_scaling_b1_fold1_all_seed565.pt,True,True,False,False,1.41193455245,1.38626884825,0.025665704199999917,-0.01851423281450768,0.9851682129865776,26.47684,1785.1416,58,126,7294,42096,True,True,True,True,True,True,True,True,True,1.2492616176605225,1.1622165441513062,1.2568947076797485,0.744052529335022,0.7502079010009766,1.0271269083023071,0.7057000398635864,0.98094242811203,0.9998460412025452,0.683508574962616,0.6498144865036011,0.3407077491283417,0.8883487582206726,1.0,10.820582389831543,False,False,False,False,False
g565_expanded_solver_panel_static_flow_supplement,g565_expanded_solver_panel,empty-16-16,32,11321,1000,g559_b1000_i3,validation,other,g565_real_graph_000393,3d89e88bc6ce47262d5aa7231888145a211933adcdb9770d6352775ae714b2c9,6a64d9d7d277961b79bc87d32a14943697eb703c0ef82a2fe365289738640bb3,g562_g565_expanded_solver_panel_b2_s565_d8a6ee6d44c5,g565_B2_phase5p5_repair5g565_scaling_b2_fold0_all_seed565,B2,565,artifacts/models/gcst/phase5p5_repair5g565_scaling_b2_fold0_all_seed565.pt,True,True,False,False,1.18287937743,1.15758754864,0.025291828789999915,-0.02184873949250249,0.9857844632538538,1.380367,97.1027,27,29,832,896,True,True,True,True,True,True,True,True,True,1.244268774986267,1.1708699464797974,1.2607216835021973,0.7389750480651855,0.7494913935661316,1.0177010297775269,0.7024489045143127,0.9811036586761475,1.0,0.681183397769928,0.6505398154258728,0.3393746018409729,0.9038458466529846,1.0,10.830097198486328,False,False,False,False,False
g565_expanded_solver_panel_static_flow_supplement,g565_expanded_solver_panel,random-32-32-20,32,8045,1000,g559_b1000_i3,validation,random,g565_real_graph_000071,0b71081e85169bb723512d23bfef5c674cf9631c460892881fbdc836de61a954,e713d97dfe0dc67b6a0d5bcbf4b457e69f5bedfcd64cd1f5c54fa1162f162583,g562_g565_expanded_solver_panel_e0_s565_4d8347a28ddb,g565_E0_phase5p5_repair5g565_expanded_e0_seed565,E0,565,artifacts/models/gcst/phase5p5_repair5g565_expanded_e0_seed565.pt,True,True,False,False,1.08976157083,1.06451612903,0.02524544179999988,-0.023715415024292617,0.9772161204690992,4.9772,218.4527,42,42,1312,1312,True,True,True,True,True,True,True,True,True,1.25017511844635,1.170878291130066,1.257404088973999,0.7339813113212585,0.7644507884979248,1.028751015663147,0.7083157300949097,0.9812813997268677,1.0,0.6820938587188721,0.6484487056732178,0.34149202704429626,0.8973816633224487,1.0,10.833780288696289,False,False,False,False,False
g565_expanded_solver_panel_static_flow_supplement,g565_expanded_solver_panel,random-32-32-20,32,8045,1000,g559_b1000_i3,validation,random,g565_real_graph_000071,0b71081e85169bb723512d23bfef5c674cf9631c460892881fbdc836de61a954,052f54975b754cb6a63edfcb3bd7345d1eeda516301b733d3b618816d6578ce1,g562_g565_expanded_solver_panel_b1_s565_7756ffd2a4ff,g565_B1_phase5p5_repair5g565_scaling_b1_fold0_all_seed565,B1,565,artifacts/models/gcst/phase5p5_repair5g565_scaling_b1_fold0_all_seed565.pt,True,True,False,False,1.08976157083,1.06451612903,0.02524544179999988,-0.023715415024292617,0.9772346141750594,4.97316,218.4527,42,42,1312,1312,True,True,True,True,True,True,True,True,True,1.2419184446334839,1.1677271127700806,1.2625313997268677,0.7413292527198792,0.7506269812583923,1.0173929929733276,0.7031049728393555,0.9809489846229553,1.0,0.6816073656082153,0.6515212059020996,0.3412015736103058,0.8979146480560303,1.0,10.828396797180176,False,False,False,False,False
g565_expanded_solver_panel_static_flow_supplement,g565_expanded_solver_panel,random-32-32-20,32,9125,1000,g559_b1000_i3,validation,random,g565_real_graph_000880,846a2629cff10d41b23ae4a7a888558aaf879ed13f2d2fdb9c809a5edb2c9a95,ec4e4907dd69274b8dab695d01c4e90ba1bbf4db0528399b6eb9241f089ec46c,g562_g565_expanded_solver_panel_b2_s565_2d328ff37cd3,g565_B2_phase5p5_repair5g565_scaling_b2_fold3_all_seed565,B2,565,artifacts/models/gcst/phase5p5_repair5g565_scaling_b2_fold3_all_seed565.pt,True,True,False,False,1.13353115727,1.10846953938,0.025061617890000054,-0.02260920756019851,0.9785568054246591,4.950942,230.8864,60,57,1888,1792,True,True,True,True,True,True,True,True,True,1.2404268980026245,1.161129355430603,1.2585726976394653,0.7485482692718506,0.7494513988494873,1.0271579027175903,0.7066063284873962,0.9809040427207947,1.0,0.678462028503418,0.6513974666595459,0.34507107734680176,0.905586302280426,1.0,10.811922073364258,False,False,False,False,False
g565_expanded_solver_panel_static_flow_supplement,g565_expanded_solver_panel,g565-synth-checker-a-40,64,9714,2000,g559_b2000_i4,validation,other,g565_real_graph_000581,591297e01f4e90b471c5c6afe5893c9ec56404475e51db15fe47cf3ed638d9d6,12c44ca5b6e9e828fb4dcb4fbdfd6f81aea26369204a2b59c346ad1206ed40c9,g562_g565_expanded_solver_panel_b2_s565_491ab82a54f0,g565_B2_phase5p5_repair5g565_scaling_b2_fold0_all_seed565,B2,565,artifacts/models/gcst/phase5p5_repair5g565_scaling_b2_fold0_all_seed565.pt,True,True,False,False,1.26599326599,1.24107744108,0.024915824909999884,-0.020075963098900456,0.9787272181863403,13.282408,624.3851,45,51,2816,3200,True,True,True,True,True,True,True,True,True,1.2431809902191162,1.1725542545318604,1.2619692087173462,0.7385269403457642,0.7501827478408813,1.016309380531311,0.7018489241600037,0.9810287356376648,1.0,0.6818448901176453,0.6506110429763794,0.34069937467575073,0.9047553539276123,1.0,10.832601547241211,False,False,False,False,False
g565_expanded_solver_panel_static_flow_supplement,g565_expanded_solver_panel,g559-synth-warehouse-a-32,16,11290,2000,g559_b2000_i2,validation,other,g565_real_graph_000954,8f68b8770ac6b824f613fed61878f3729242d0559a92db2b6e9450cd701fa725,e70b9987e1f8130f97cce160146db8d49dfd215621ac378fcd8535b0ca86bc87,g562_g565_expanded_solver_panel_b1_s565_ac3fa191ab04,g565_B1_phase5p5_repair5g565_scaling_b1_fold1_all_seed565,B1,565,artifacts/models/gcst/phase5p5_repair5g565_scaling_b1_fold1_all_seed565.pt,True,True,False,False,1.08695652174,1.06211180124,0.024844720499999973,-0.023391812868470273,0.9815754328248181,1.674526,90.8855,42,42,656,656,True,True,True,True,True,True,True,True,True,1.2492616176605225,1.1622165441513062,1.2568947076797485,0.744052529335022,0.7502079010009766,1.0271269083023071,0.7057000398635864,0.98094242811203,0.9998460412025452,0.683508574962616,0.6498144865036011,0.3407077491283417,0.8883487582206726,1.0,10.820582389831543,False,False,False,False,False
g565_expanded_solver_panel_static_flow_supplement,g565_expanded_solver_panel,g565-synth-checker-a-40,64,7794,2000,g559_b2000_i4,validation,other,g565_real_graph_000158,17e6e782bb1af078f33dde4a4595a04f16fd726ab3261848dbbc905ed85cff0f,bd9c628f0438b795fb3bef318e0bc4ef6a13865f15a758894fcb7e703d884ff3,g562_g565_expanded_solver_panel_b2_s565_8ad4339ef3ad,g565_B2_phase5p5_repair5g565_scaling_b2_fold0_all_seed565,B2,565,artifacts/models/gcst/phase5p5_repair5g565_scaling_b2_fold0_all_seed565.pt,True,True,False,False,1.26239669421,1.23760330579,0.024793388420000007,-0.020033388973677336,0.982026065265643,13.522688,752.3499,47,64,2942,5416,True,True,True,True,True,True,True,True,True,1.2431809902191162,1.1725542545318604,1.2619692087173462,0.7385269403457642,0.7501827478408813,1.016309380531311,0.7018489241600037,0.9810287356376648,1.0,0.6818448901176453,0.6506110429763794,0.34069937467575073,0.9047553539276123,1.0,10.832601547241211,False,False,False,False,False
g565_expanded_solver_panel_static_flow_supplement,g565_expanded_solver_panel,g559-synth-string-40,64,8976,500,g559_b500_i4,heldout,other,g565_real_graph_000302,2e64c50dc1624398d097a0cf1f54647c78116a1b5eb94cbba2ff5d5c1668dd97,4528885d62fa3cdd7b7a7026c4ee7642135d7d1033ced31295349c5ce11dec06,g562_g565_expanded_solver_panel_b1_s565_fbee6f87601c,g565_B1_phase5p5_repair5g565_scaling_b1_fold2_all_seed565,B1,565,artifacts/models/gcst/phase5p5_repair5g565_scaling_b1_fold2_all_seed565.pt,True,True,False,False,1.54377637131,1.51898734177,0.02478902953999995,-0.016319444447189756,0.9826239121224118,5.003375,287.946,70,66,4381,4127,True,True,True,True,True,True,True,True,True,1.2480440139770508,1.156984567642212,1.2668358087539673,0.7500779032707214,0.7517090439796448,1.0155653953552246,0.7070396542549133,0.9809726476669312,1.0,0.6840704679489136,0.6509780883789062,0.341921865940094,0.8938339352607727,1.0,10.826569557189941,False,False,False,False,False
g565_expanded_solver_panel_static_flow_supplement,g565_expanded_solver_panel,random-32-32-20,96,10285,1000,g559_b1000_i2,validation,random,g565_real_graph_000747,723747f103efb7e16f66e96f1075420ecfc2d03bc887f26f5e38120bfd85d475,a2a608a88a3b364b0bc71c36d643f93d0367724f4cdf81515c1ab58ee8c12f7b,g562_g565_expanded_solver_panel_b1_s565_a6bc101e2e63,g565_B1_phase5p5_repair5g565_scaling_b1_fold0_all_seed565,B1,565,artifacts/models/gcst/phase5p5_repair5g565_scaling_b1_fold0_all_seed565.pt,True,True,False,False,1.23518072289,1.21060240964,0.024578313249999928,-0.02030254776818827,0.984533744838779,12.441996,804.4608,48,58,4508,7169,True,True,True,True,True,True,True,True,True,1.2419184446334839,1.1677271127700806,1.2625313997268677,0.7413292527198792,0.7506269812583923,1.0173929929733276,0.7031049728393555,0.9809489846229553,1.0,0.6816073656082153,0.6515212059020996,0.3412015736103058,0.8979146480560303,1.0,10.828396797180176,False,False,False,False,False
g565_expanded_solver_panel_static_flow_supplement,g565_expanded_solver_panel,random-32-32-20,96,10285,1000,g559_b1000_i2,validation,random,g565_real_graph_000747,723747f103efb7e16f66e96f1075420ecfc2d03bc887f26f5e38120bfd85d475,8747caa9342188d93b598ad881fdf945a326676e73c77751c25e6a8b0b544229,g562_g565_expanded_solver_panel_b1_s565_e86860742951,g565_B1_phase5p5_repair5g565_scaling_b1_fold2_all_seed565,B1,565,artifacts/models/gcst/phase5p5_repair5g565_scaling_b1_fold2_all_seed565.pt,True,True,False,False,1.23518072289,1.21060240964,0.024578313249999928,-0.02030254776818827,0.9849625351539815,12.097051,804.4608,48,58,4505,7169,True,True,True,True,True,True,True,True,True,1.2480440139770508,1.156984567642212,1.2668358087539673,0.7500779032707214,0.7517090439796448,1.0155653953552246,0.7070396542549133,0.9809726476669312,1.0,0.6840704679489136,0.6509780883789062,0.341921865940094,0.8938339352607727,1.0,10.826569557189941,False,False,False,False,False
g565_expanded_solver_panel_static_flow_supplement,g565_expanded_solver_panel,g559-synth-string-40,16,7816,500,g559_b500_i2,heldout,other,g565_real_graph_000893,860a46a1e4b515685716222a084bd97d2f80d07152422ac4ef79be4f9ba4ad2e,36b82e7bd558a6d9ac0ebbfee8c941f3effaa43d6275846fb00f12cffb2f6dd8,g562_g565_expanded_solver_panel_e0_s565_0ee8fcd0bacb,g565_E0_phase5p5_repair5g565_expanded_e0_seed565,E0,565,artifacts/models/gcst/phase5p5_repair5g565_expanded_e0_seed565.pt,True,True,False,False,1.09736308316,1.07302231237,0.024340770790000077,-0.022684310017969955,0.9851931048671826,1.165889,78.7396,46,41,749,639,True,True,True,True,True,True,True,True,True,1.2541604042053223,1.1708340644836426,1.2611027956008911,0.72758948802948,0.7561742663383484,1.0259963274002075,0.7107040286064148,0.9812018275260925,1.0,0.6790627241134644,0.6365020871162415,0.34611305594444275,0.9251847863197327,1.0,10.850127220153809,False,False,False,False,False
g565_expanded_solver_panel_static_flow_supplement,g565_expanded_solver_panel,g559-synth-warehouse-a-32,16,9250,2000,g559_b2000_i2,validation,other,g565_real_graph_000081,0c98cccf4d68ea23cbef42eb046e60bb6f654aabdf1ce7d4e1882713982a1943,2c3992071ba6b84ded960202399bb96eea3ba57b0cf667ae6b21030525065ca5,g562_g565_expanded_solver_panel_b1_s565_125b29e8839a,g565_B1_phase5p5_repair5g565_scaling_b1_fold1_all_seed565,B1,565,artifacts/models/gcst/phase5p5_repair5g565_scaling_b1_fold1_all_seed565.pt,True,True,False,False,1.09927360775,1.07506053269,0.024213075060000033,-0.022522522521977853,0.9808394831579829,1.716447,89.5825,40,42,624,656,True,True,True,True,True,True,True,True,True,1.2492616176605225,1.1622165441513062,1.2568947076797485,0.744052529335022,0.7502079010009766,1.0271269083023071,0.7057000398635864,0.98094242811203,0.9998460412025452,0.683508574962616,0.6498144865036011,0.3407077491283417,0.8883487582206726,1.0,10.820582389831543,False,False,False,False,False
g565_expanded_solver_panel_static_flow_supplement,g565_expanded_solver_panel,g559-synth-warehouse-a-32,16,9250,2000,g559_b2000_i2,validation,other,g565_real_graph_000081,0c98cccf4d68ea23cbef42eb046e60bb6f654aabdf1ce7d4e1882713982a1943,1db691156f8e4fda1e4580795c2b960fb23ac466e54535dbe0720eb3bc94bb60,g562_g565_expanded_solver_panel_b2_s565_78a3c41f9665,g565_B2_phase5p5_repair5g565_scaling_b2_fold1_all_seed565,B2,565,artifacts/models/gcst/phase5p5_repair5g565_scaling_b2_fold1_all_seed565.pt,True,True,False,False,1.09927360775,1.07506053269,0.024213075060000033,-0.022522522521977853,0.9808117768537381,1.718929,89.5825,40,42,624,656,True,True,True,True,True,True,True,True,True,1.248136281967163,1.1613738536834717,1.2613606452941895,0.7438706159591675,0.7482926249504089,1.0319072008132935,0.7065189480781555,0.9811214208602905,0.9998286962509155,0.6854541301727295,0.6495267152786255,0.3401871621608734,0.8899058103561401,1.0,10.826051712036133,False,False,False,False,False
g565_expanded_solver_panel_static_flow_supplement,g565_expanded_solver_panel,g565-synth-checker-a-40,128,7874,2000,g559_b2000_i3,validation,other,g565_real_graph_000433,440b1d21d09a9a49b934b0f9f9df23733cc1c5c5549b326355e684d6f8b6817c,16dbc05f0419855ad1455282de740887545caf9c21ee8442be3ccac37862e9fd,g562_g565_expanded_solver_panel_e1_s565_3fe1626116e6,g565_E1_phase5p5_repair5g565_expanded_e1_seed565,E1,565,artifacts/models/gcst/phase5p5_repair5g565_expanded_e1_seed565.pt,True,True,False,False,1.41128506197,1.3871493803,0.02413568167000002,-0.017399482718133918,0.9774156202565532,26.777145,1185.6489,60,63,7551,7931,True,True,True,True,True,True,True,True,True,1.2319362163543701,1.1668978929519653,1.2726210355758667,0.7472857236862183,0.7573050260543823,1.0455865859985352,0.7044656276702881,0.9809843897819519,1.0,0.6805781126022339,0.653866171836853,0.3404903709888458,0.8488277196884155,1.0,10.823314666748047,False,False,False,False,False
g565_expanded_solver_panel_static_flow_supplement,g565_expanded_solver_panel,g559-synth-string-40,16,7336,500,g559_b500_i2,heldout,other,g565_real_graph_000598,5ab6427160c80b7cabd4da875aaadafd4148c6b19332993f2d930fc1f50b4255,659f9285317b66ca10fec55eff9bff1725ff002fee7b61d05632d44dec88a0c1,g562_g565_expanded_solver_panel_e2_s565_5ada6f6bfd3d,g565_E2_phase5p5_repair5g565_expanded_e2_seed565,E2,565,artifacts/models/gcst/phase5p5_repair5g565_expanded_e2_seed565.pt,True,True,False,False,1.21179039301,1.18777292576,0.02401746724999998,-0.020220588236284583,0.9895434258269725,1.237729,118.3685,48,54,743,839,True,True,True,True,True,True,True,True,True,1.2500466108322144,1.1710600852966309,1.2609783411026,0.7275341749191284,0.7619113326072693,1.0292209386825562,0.7039404511451721,0.9810125231742859,1.0,0.6768455505371094,0.633199155330658,0.34651610255241394,0.9381131529808044,1.0,10.834275245666504,False,False,False,False,False
g565_expanded_solver_panel_static_flow_supplement,g565_expanded_solver_panel,g565-synth-checker-a-40,16,10714,2000,g559_b2000_i2,validation,other,g565_real_graph_000396,3e64a2ad9c99aecf5a11d1c0f6d75ef3687e25fc9f22485a64f78007ccd7556e,5a89484f81c35c4a4d4fd68c28b31fec47e421d347eb2027c210887cd54541a3,g562_g565_expanded_solver_panel_e2_s565_dbd585a50d53,g565_E2_phase5p5_repair5g565_expanded_e2_seed565,E2,565,artifacts/models/gcst/phase5p5_repair5g565_expanded_e2_seed565.pt,True,True,False,False,1.1055408971,1.08179419525,0.02374670184999994,-0.021951219515013328,0.9795863443296305,3.382506,165.6982,51,51,800,800,True,True,True,True,True,True,True,True,True,1.2471339702606201,1.1701797246932983,1.2635644674301147,0.7291232347488403,0.7625295519828796,1.0322190523147583,0.7043209075927734,0.9810810685157776,1.0,0.677088737487793,0.6362705826759338,0.34621596336364746,0.9240627288818359,1.0,10.829360961914062,False,False,False,False,False
g565_expanded_solver_panel_static_flow_supplement,g565_expanded_solver_panel,empty-16-16,32,7241,1000,g559_b1000_i3,validation,other,g565_real_graph_000301,2e6016cfe81e7da4e8485c646d79a7e28a3b430fb263bbcd6a0559c1d8744f08,51d94339c5cf604786919031dcce69655a6ece60b8a08e1f021ae5cdbfba4855,g562_g565_expanded_solver_panel_e1_s565_82d05da0b758,g565_E1_phase5p5_repair5g565_expanded_e1_seed565,E1,565,artifacts/models/gcst/phase5p5_repair5g565_expanded_e1_seed565.pt,True,True,False,False,1.19367588933,1.16996047431,0.023715415019999853,-0.0202702702704434,0.9840871525510348,1.401166,88.0525,26,27,800,832,True,True,True,True,True,True,True,True,True,1.250056505203247,1.1720893383026123,1.2549597024917603,0.7297762632369995,0.7683850526809692,1.027970314025879,0.7043161988258362,0.981158971786499,1.0,0.6786597967147827,0.6452279686927795,0.342399001121521,0.9148968458175659,1.0,10.830248832702637,False,False,False,False,False
g565_expanded_solver_panel_static_flow_supplement,g565_expanded_solver_panel,g559-synth-string-40,16,7696,500,g559_b500_i2,heldout,other,g565_real_graph_000806,7a157e9d111ebf03d7ade6c690b04ea3c7c104af5eab1c521da123ae7fa54895,0db946cc170fb196b3ab4613b1798d1023d7875f5def058ada37407cc838a55f,g562_g565_expanded_solver_panel_e0_s565_e0f3f1ef4837,g565_E0_phase5p5_repair5g565_expanded_e0_seed565,E0,565,artifacts/models/gcst/phase5p5_repair5g565_expanded_e0_seed565.pt,True,True,False,False,1.32548179872,1.30192719486,0.02355460386000008,-0.018092105267478474,0.9857623514134233,1.298129,91.1758,65,60,1008,930,True,True,True,True,True,True,True,True,True,1.2541964054107666,1.1709014177322388,1.2610396146774292,0.7276045083999634,0.7561164498329163,1.025903344154358,0.710761308670044,0.981201708316803,1.0,0.6791031360626221,0.6364706754684448,0.3460547626018524,0.9253008365631104,1.0,10.850214004516602,False,False,False,False,False
g565_expanded_solver_panel_static_flow_supplement,g565_expanded_solver_panel,g559-synth-string-40,64,7656,500,g559_b500_i4,heldout,other,g565_real_graph_000011,01a44187b4330448341164e90ac0c38b422edb1281683c997b137fdcb143042c,c0f540901c4a7bc66c940d1171bbfc6cedc92d19725f3bbfe79615f02c4437c4,g562_g565_expanded_solver_panel_b1_s565_a5ddb7f6c0d9,g565_B1_phase5p5_repair5g565_scaling_b1_fold2_all_seed565,B1,565,artifacts/models/gcst/phase5p5_repair5g565_scaling_b1_fold2_all_seed565.pt,True,True,False,False,2.1136,2.09013333333,0.02346666667000008,-0.011227353918428253,0.9849321108557688,5.522077,366.4798,94,90,5900,5644,True,True,True,True,True,True,True,True,True,1.2480440139770508,1.156984567642212,1.2668358087539673,0.7500779032707214,0.7517090439796448,1.0155653953552246,0.7070396542549133,0.9809726476669312,1.0,0.6840704679489136,0.6509780883789062,0.341921865940094,0.8938339352607727,1.0,10.826569557189941,False,False,False,False,False
