g539_blind_row_id,context_budget_iteration_key,context_key,role,planned_candidate_id,planned_method,materialized_candidate_id,materialization_source,raw_solver_result_id,source_round,commit,branch,dirty_state,binary_path,method,method_alias,candidate_id,update_params_fingerprint,map,map_family,agents,seed,budget_ms,ltm_max_iterations,iteration,solution_found,sum_of_loss_ratio,time_to_first_solution,expanded_nodes,high_level_expansions,low_level_pibt_calls,trace_event_count,pibt_failure_audit_count,traffic_before_hash,traffic_after_hash,raw_checkpoint_source,trace_backend,phase5p5_allowed,phase6_allowed,runtime_claim_allowed,learned_runtime_policy_validated,aaai_ready
g539_blind_00000000,random-32-32-20|100|566|500|0,random-32-32-20|100|566|500,additive_ltm,repair5g59_additive_fallback,repair5g59_additive_fallback,repair5g59_additive_fallback,new_g539_blind_real_solver_execution,g539_blind_raw_00000030,g539_blind_real_solver_execution,,,,build/phase1a-batch/phase1a_batch.exe,repair5g59_additive_fallback,repair5g59_additive_fallback__b500__i2,repair5g59_additive_fallback,alpha_commit=1|alpha_block=1|alpha_wait_spillover=1|rho_decay=1|force_additive=1|enable_dual_channel=0|alpha_cong_commit_progress=0|alpha_cong_commit_nonprogress=1|alpha_cong_block=1|alpha_cong_wait_progress=1|alpha_cong_wait_nonprogress=1|alpha_flow_commit_progress=0|alpha_flow_wait_progress=0|rho_cong_decay=1|rho_flow_decay=1|lambda_cong=1|lambda_flow=0|min_edge_cost=0.25|max_edge_cost=11|goal_projection_mode=none|flow_shield_beta=0|max_flow_shield=0,random-32-32-20,random,100,566,500,2,0,True,1.33671988389,,52,52,5093,5835,10,14650fb0739d0383,8ab0012240efa56e,outputs/logs/phase5p5_repair5g539_frozen_param_blind_replay/checkpoints_random_32_32_20_a100_b500.jsonl,real_solver_trace,False,False,False,False,False
g539_blind_00000001,random-32-32-20|100|566|500|final,random-32-32-20|100|566|500,additive_ltm,repair5g59_additive_fallback,repair5g59_additive_fallback,repair5g59_additive_fallback,new_g539_blind_real_solver_execution,g539_blind_raw_00000082,g539_blind_real_solver_execution_final_run,837c137,codex/g531-slice-pilot,tracked-dirty_untracked-present,C:\PROGRAMING\czr004\build\phase1a-batch\phase1a_batch.exe,repair5g59_additive_fallback,repair5g59_additive_fallback__b500__i2,repair5g59_additive_fallback,,random-32-32-20,random,100,566,500,2,final,True,1.33671988389,428,52,52,5093,5835,,,,,real_solver_trace,False,False,False,False,False
g539_blind_00000002,random-32-32-20|100|566|500|0,random-32-32-20|100|566|500,static_flow_shield,repair5g59_static_flow_shield,repair5g59_static_flow_shield,repair5g59_static_flow_shield,new_g539_blind_real_solver_execution,g539_blind_raw_00000031,g539_blind_real_solver_execution,,,,build/phase1a-batch/phase1a_batch.exe,repair5g59_static_flow_shield,repair5g59_static_flow_shield__b500__i2,repair5g59_static_flow_shield,alpha_commit=1.25|alpha_block=1.25|alpha_wait_spillover=0.75|rho_decay=0.94999999999999996|force_additive=0|enable_dual_channel=1|alpha_cong_commit_progress=1.25|alpha_cong_commit_nonprogress=1.25|alpha_cong_block=1.25|alpha_cong_wait_progress=0.75|alpha_cong_wait_nonprogress=0.75|alpha_flow_commit_progress=1|alpha_flow_wait_progress=0|rho_cong_decay=0.94999999999999996|rho_flow_decay=1|lambda_cong=1|lambda_flow=0|min_edge_cost=1|max_edge_cost=11|goal_projection_mode=flow_shield|flow_shield_beta=0.34999999999999998|max_flow_shield=0.75,random-32-32-20,random,100,566,500,2,0,True,1.33671988389,,52,52,5093,5835,10,14650fb0739d0383,1851096d7801c990,outputs/logs/phase5p5_repair5g539_frozen_param_blind_replay/checkpoints_random_32_32_20_a100_b500.jsonl,real_solver_trace,False,False,False,False,False
g539_blind_00000003,random-32-32-20|100|566|500|final,random-32-32-20|100|566|500,static_flow_shield,repair5g59_static_flow_shield,repair5g59_static_flow_shield,repair5g59_static_flow_shield,new_g539_blind_real_solver_execution,g539_blind_raw_00000083,g539_blind_real_solver_execution_final_run,837c137,codex/g531-slice-pilot,tracked-dirty_untracked-present,C:\PROGRAMING\czr004\build\phase1a-batch\phase1a_batch.exe,repair5g59_static_flow_shield,repair5g59_static_flow_shield__b500__i2,repair5g59_static_flow_shield,,random-32-32-20,random,100,566,500,2,final,True,1.33671988389,423,52,52,5093,5835,,,,,real_solver_trace,False,False,False,False,False
g539_blind_00000004,random-32-32-20|100|566|500|0,random-32-32-20|100|566|500,best_fixed_static_goal_aware,repair5g59_high_beta_cap_safe,repair5g59_high_beta_cap_safe,repair5g59_high_beta_cap_safe,new_g539_blind_real_solver_execution,g539_blind_raw_00000032,g539_blind_real_solver_execution,,,,build/phase1a-batch/phase1a_batch.exe,repair5g59_high_beta_cap_safe,repair5g59_high_beta_cap_safe__b500__i2,repair5g59_high_beta_cap_safe,alpha_commit=1.25|alpha_block=1.25|alpha_wait_spillover=0.75|rho_decay=0.94999999999999996|force_additive=0|enable_dual_channel=1|alpha_cong_commit_progress=1.25|alpha_cong_commit_nonprogress=1.25|alpha_cong_block=1.25|alpha_cong_wait_progress=0.75|alpha_cong_wait_nonprogress=0.75|alpha_flow_commit_progress=1|alpha_flow_wait_progress=0|rho_cong_decay=0.94999999999999996|rho_flow_decay=1|lambda_cong=1|lambda_flow=0|min_edge_cost=1|max_edge_cost=11|goal_projection_mode=flow_shield|flow_shield_beta=0.59999999999999998|max_flow_shield=0.75,random-32-32-20,random,100,566,500,2,0,True,1.33671988389,,52,52,5093,5835,10,14650fb0739d0383,1851096d7801c990,outputs/logs/phase5p5_repair5g539_frozen_param_blind_replay/checkpoints_random_32_32_20_a100_b500.jsonl,real_solver_trace,False,False,False,False,False
g539_blind_00000005,random-32-32-20|100|566|500|final,random-32-32-20|100|566|500,best_fixed_static_goal_aware,repair5g59_high_beta_cap_safe,repair5g59_high_beta_cap_safe,repair5g59_high_beta_cap_safe,new_g539_blind_real_solver_execution,g539_blind_raw_00000084,g539_blind_real_solver_execution_final_run,837c137,codex/g531-slice-pilot,tracked-dirty_untracked-present,C:\PROGRAMING\czr004\build\phase1a-batch\phase1a_batch.exe,repair5g59_high_beta_cap_safe,repair5g59_high_beta_cap_safe__b500__i2,repair5g59_high_beta_cap_safe,,random-32-32-20,random,100,566,500,2,final,True,1.33671988389,441,52,52,5093,5835,,,,,real_solver_trace,False,False,False,False,False
g539_blind_00000006,random-32-32-20|100|566|500|0,random-32-32-20|100|566|500,frozen_family_static_goal_aware,repair5g59_wait_aggressive,repair5g59_wait_aggressive,repair5g59_wait_aggressive,new_g539_blind_real_solver_execution,g539_blind_raw_00000033,g539_blind_real_solver_execution,,,,build/phase1a-batch/phase1a_batch.exe,repair5g59_wait_aggressive,repair5g59_wait_aggressive__b500__i2,repair5g59_wait_aggressive,alpha_commit=1.25|alpha_block=1.25|alpha_wait_spillover=1|rho_decay=0.94999999999999996|force_additive=0|enable_dual_channel=1|alpha_cong_commit_progress=1.25|alpha_cong_commit_nonprogress=1.25|alpha_cong_block=1.25|alpha_cong_wait_progress=1|alpha_cong_wait_nonprogress=1|alpha_flow_commit_progress=1|alpha_flow_wait_progress=0|rho_cong_decay=0.94999999999999996|rho_flow_decay=1|lambda_cong=1|lambda_flow=0|min_edge_cost=1|max_edge_cost=11|goal_projection_mode=flow_shield|flow_shield_beta=0.34999999999999998|max_flow_shield=0.75,random-32-32-20,random,100,566,500,2,0,True,1.33671988389,,52,52,5093,5835,10,14650fb0739d0383,8f981e4a34175aa8,outputs/logs/phase5p5_repair5g539_frozen_param_blind_replay/checkpoints_random_32_32_20_a100_b500.jsonl,real_solver_trace,False,False,False,False,False
g539_blind_00000007,random-32-32-20|100|566|500|final,random-32-32-20|100|566|500,frozen_family_static_goal_aware,repair5g59_wait_aggressive,repair5g59_wait_aggressive,repair5g59_wait_aggressive,new_g539_blind_real_solver_execution,g539_blind_raw_00000085,g539_blind_real_solver_execution_final_run,837c137,codex/g531-slice-pilot,tracked-dirty_untracked-present,C:\PROGRAMING\czr004\build\phase1a-batch\phase1a_batch.exe,repair5g59_wait_aggressive,repair5g59_wait_aggressive__b500__i2,repair5g59_wait_aggressive,,random-32-32-20,random,100,566,500,2,final,True,1.33671988389,445,52,52,5093,5835,,,,,real_solver_trace,False,False,False,False,False
g539_blind_00000008,random-32-32-20|100|566|500|0,random-32-32-20|100|566|500,g538_best_residual_candidate,repair5g538_random_bridge_c_light,repair5g518_grid_c1p00_b1p25_f1p00_w0p65_dc0p95_df0p98_beta0p3_max0p75_c0,repair5g538_random_bridge_c_light,new_g539_blind_real_solver_execution,g539_blind_raw_00000034,g539_blind_real_solver_execution,,,,build/phase1a-batch/phase1a_batch.exe,repair5g518_grid_c1p00_b1p25_f1p00_w0p65_dc0p95_df0p98_beta0p3_max0p75_c0,repair5g538_random_bridge_c_light__b500__i2,repair5g538_random_bridge_c_light,alpha_commit=1|alpha_block=1.25|alpha_wait_spillover=0.65000000000000002|rho_decay=0.94999999999999996|force_additive=0|enable_dual_channel=1|alpha_cong_commit_progress=1|alpha_cong_commit_nonprogress=1|alpha_cong_block=1.25|alpha_cong_wait_progress=0.65000000000000002|alpha_cong_wait_nonprogress=0.65000000000000002|alpha_flow_commit_progress=1|alpha_flow_wait_progress=0|rho_cong_decay=0.94999999999999996|rho_flow_decay=0.97999999999999998|lambda_cong=1|lambda_flow=0|min_edge_cost=1|max_edge_cost=11|goal_projection_mode=flow_shield|flow_shield_beta=0.29999999999999999|max_flow_shield=0.75,random-32-32-20,random,100,566,500,2,0,True,1.33671988389,,52,52,5093,5835,10,14650fb0739d0383,2b88f859541996d9,outputs/logs/phase5p5_repair5g539_frozen_param_blind_replay/checkpoints_random_32_32_20_a100_b500.jsonl,real_solver_trace,False,False,False,False,False
g539_blind_00000009,random-32-32-20|100|566|500|final,random-32-32-20|100|566|500,g538_best_residual_candidate,repair5g538_random_bridge_c_light,repair5g518_grid_c1p00_b1p25_f1p00_w0p65_dc0p95_df0p98_beta0p3_max0p75_c0,repair5g538_random_bridge_c_light,new_g539_blind_real_solver_execution,g539_blind_raw_00000086,g539_blind_real_solver_execution_final_run,837c137,codex/g531-slice-pilot,tracked-dirty_untracked-present,C:\PROGRAMING\czr004\build\phase1a-batch\phase1a_batch.exe,repair5g518_grid_c1p00_b1p25_f1p00_w0p65_dc0p95_df0p98_beta0p3_max0p75_c0,repair5g538_random_bridge_c_light__b500__i2,repair5g538_random_bridge_c_light,,random-32-32-20,random,100,566,500,2,final,True,1.33671988389,420,52,52,5093,5835,,,,,real_solver_trace,False,False,False,False,False
g539_blind_00000010,random-32-32-20|100|566|500|0,random-32-32-20|100|566|500,g539_best_safe_parameter_candidate,repair5g539_s3_112,repair5g518_grid_c1p4_b1p6_f1p25_w0p75_dc1p00_df1p00_beta0p6_max1p25_c0,repair5g539_s3_112,new_g539_blind_real_solver_execution,g539_blind_raw_00000035,g539_blind_real_solver_execution,,,,build/phase1a-batch/phase1a_batch.exe,repair5g518_grid_c1p4_b1p6_f1p25_w0p75_dc1p00_df1p00_beta0p6_max1p25_c0,repair5g539_s3_112__b500__i2,repair5g539_s3_112,alpha_commit=1.3999999999999999|alpha_block=1.6000000000000001|alpha_wait_spillover=0.75|rho_decay=1|force_additive=0|enable_dual_channel=1|alpha_cong_commit_progress=1.3999999999999999|alpha_cong_commit_nonprogress=1.3999999999999999|alpha_cong_block=1.6000000000000001|alpha_cong_wait_progress=0.75|alpha_cong_wait_nonprogress=0.75|alpha_flow_commit_progress=1.25|alpha_flow_wait_progress=0|rho_cong_decay=1|rho_flow_decay=1|lambda_cong=1|lambda_flow=0|min_edge_cost=1|max_edge_cost=11|goal_projection_mode=flow_shield|flow_shield_beta=0.59999999999999998|max_flow_shield=1.25,random-32-32-20,random,100,566,500,2,0,True,1.33671988389,,52,52,5093,5835,10,14650fb0739d0383,52e5a152b9d5730b,outputs/logs/phase5p5_repair5g539_frozen_param_blind_replay/checkpoints_random_32_32_20_a100_b500.jsonl,real_solver_trace,False,False,False,False,False
g539_blind_00000011,random-32-32-20|100|566|500|final,random-32-32-20|100|566|500,g539_best_safe_parameter_candidate,repair5g539_s3_112,repair5g518_grid_c1p4_b1p6_f1p25_w0p75_dc1p00_df1p00_beta0p6_max1p25_c0,repair5g539_s3_112,new_g539_blind_real_solver_execution,g539_blind_raw_00000087,g539_blind_real_solver_execution_final_run,837c137,codex/g531-slice-pilot,tracked-dirty_untracked-present,C:\PROGRAMING\czr004\build\phase1a-batch\phase1a_batch.exe,repair5g518_grid_c1p4_b1p6_f1p25_w0p75_dc1p00_df1p00_beta0p6_max1p25_c0,repair5g539_s3_112__b500__i2,repair5g539_s3_112,,random-32-32-20,random,100,566,500,2,final,True,1.33671988389,423,52,52,5093,5835,,,,,real_solver_trace,False,False,False,False,False
g539_blind_00000012,random-32-32-20|100|566|500|0,random-32-32-20|100|566|500,g539_frozen_parameter_policy,repair5g59_static_flow_shield,repair5g59_static_flow_shield,repair5g59_static_flow_shield,new_g539_blind_real_solver_execution,g539_blind_raw_00000031,g539_blind_real_solver_execution,,,,build/phase1a-batch/phase1a_batch.exe,repair5g59_static_flow_shield,repair5g59_static_flow_shield__b500__i2,repair5g59_static_flow_shield,alpha_commit=1.25|alpha_block=1.25|alpha_wait_spillover=0.75|rho_decay=0.94999999999999996|force_additive=0|enable_dual_channel=1|alpha_cong_commit_progress=1.25|alpha_cong_commit_nonprogress=1.25|alpha_cong_block=1.25|alpha_cong_wait_progress=0.75|alpha_cong_wait_nonprogress=0.75|alpha_flow_commit_progress=1|alpha_flow_wait_progress=0|rho_cong_decay=0.94999999999999996|rho_flow_decay=1|lambda_cong=1|lambda_flow=0|min_edge_cost=1|max_edge_cost=11|goal_projection_mode=flow_shield|flow_shield_beta=0.34999999999999998|max_flow_shield=0.75,random-32-32-20,random,100,566,500,2,0,True,1.33671988389,,52,52,5093,5835,10,14650fb0739d0383,1851096d7801c990,outputs/logs/phase5p5_repair5g539_frozen_param_blind_replay/checkpoints_random_32_32_20_a100_b500.jsonl,real_solver_trace,False,False,False,False,False
g539_blind_00000013,random-32-32-20|100|566|500|final,random-32-32-20|100|566|500,g539_frozen_parameter_policy,repair5g59_static_flow_shield,repair5g59_static_flow_shield,repair5g59_static_flow_shield,new_g539_blind_real_solver_execution,g539_blind_raw_00000083,g539_blind_real_solver_execution_final_run,837c137,codex/g531-slice-pilot,tracked-dirty_untracked-present,C:\PROGRAMING\czr004\build\phase1a-batch\phase1a_batch.exe,repair5g59_static_flow_shield,repair5g59_static_flow_shield__b500__i2,repair5g59_static_flow_shield,,random-32-32-20,random,100,566,500,2,final,True,1.33671988389,423,52,52,5093,5835,,,,,real_solver_trace,False,False,False,False,False
g539_blind_00000014,random-32-32-20|100|566|500|0,random-32-32-20|100|566|500,ultra_safe_static_fallback,repair5g59_static_flow_shield,repair5g59_static_flow_shield,repair5g59_static_flow_shield,new_g539_blind_real_solver_execution,g539_blind_raw_00000031,g539_blind_real_solver_execution,,,,build/phase1a-batch/phase1a_batch.exe,repair5g59_static_flow_shield,repair5g59_static_flow_shield__b500__i2,repair5g59_static_flow_shield,alpha_commit=1.25|alpha_block=1.25|alpha_wait_spillover=0.75|rho_decay=0.94999999999999996|force_additive=0|enable_dual_channel=1|alpha_cong_commit_progress=1.25|alpha_cong_commit_nonprogress=1.25|alpha_cong_block=1.25|alpha_cong_wait_progress=0.75|alpha_cong_wait_nonprogress=0.75|alpha_flow_commit_progress=1|alpha_flow_wait_progress=0|rho_cong_decay=0.94999999999999996|rho_flow_decay=1|lambda_cong=1|lambda_flow=0|min_edge_cost=1|max_edge_cost=11|goal_projection_mode=flow_shield|flow_shield_beta=0.34999999999999998|max_flow_shield=0.75,random-32-32-20,random,100,566,500,2,0,True,1.33671988389,,52,52,5093,5835,10,14650fb0739d0383,1851096d7801c990,outputs/logs/phase5p5_repair5g539_frozen_param_blind_replay/checkpoints_random_32_32_20_a100_b500.jsonl,real_solver_trace,False,False,False,False,False
g539_blind_00000015,random-32-32-20|100|566|500|final,random-32-32-20|100|566|500,ultra_safe_static_fallback,repair5g59_static_flow_shield,repair5g59_static_flow_shield,repair5g59_static_flow_shield,new_g539_blind_real_solver_execution,g539_blind_raw_00000083,g539_blind_real_solver_execution_final_run,837c137,codex/g531-slice-pilot,tracked-dirty_untracked-present,C:\PROGRAMING\czr004\build\phase1a-batch\phase1a_batch.exe,repair5g59_static_flow_shield,repair5g59_static_flow_shield__b500__i2,repair5g59_static_flow_shield,,random-32-32-20,random,100,566,500,2,final,True,1.33671988389,423,52,52,5093,5835,,,,,real_solver_trace,False,False,False,False,False
g539_blind_00000016,random-32-32-20|100|566|2000|0,random-32-32-20|100|566|2000,additive_ltm,repair5g59_additive_fallback,repair5g59_additive_fallback,repair5g59_additive_fallback,new_g539_blind_real_solver_execution,g539_blind_raw_00000036,g539_blind_real_solver_execution,,,,build/phase1a-batch/phase1a_batch.exe,repair5g59_additive_fallback,repair5g59_additive_fallback__b2000__i2,repair5g59_additive_fallback,alpha_commit=1|alpha_block=1|alpha_wait_spillover=1|rho_decay=1|force_additive=1|enable_dual_channel=0|alpha_cong_commit_progress=0|alpha_cong_commit_nonprogress=1|alpha_cong_block=1|alpha_cong_wait_progress=1|alpha_cong_wait_nonprogress=1|alpha_flow_commit_progress=0|alpha_flow_wait_progress=0|rho_cong_decay=1|rho_flow_decay=1|lambda_cong=1|lambda_flow=0|min_edge_cost=0.25|max_edge_cost=11|goal_projection_mode=none|flow_shield_beta=0|max_flow_shield=0,random-32-32-20,random,100,566,2000,2,0,True,1.33671988389,,52,52,5093,5835,10,14650fb0739d0383,8ab0012240efa56e,outputs/logs/phase5p5_repair5g539_frozen_param_blind_replay/checkpoints_random_32_32_20_a100_b2000.jsonl,real_solver_trace,False,False,False,False,False
g539_blind_00000017,random-32-32-20|100|566|2000|1,random-32-32-20|100|566|2000,additive_ltm,repair5g59_additive_fallback,repair5g59_additive_fallback,repair5g59_additive_fallback,new_g539_blind_real_solver_execution,g539_blind_raw_00000037,g539_blind_real_solver_execution,,,,build/phase1a-batch/phase1a_batch.exe,repair5g59_additive_fallback,repair5g59_additive_fallback__b2000__i2,repair5g59_additive_fallback,alpha_commit=1|alpha_block=1|alpha_wait_spillover=1|rho_decay=1|force_additive=1|enable_dual_channel=0|alpha_cong_commit_progress=0|alpha_cong_commit_nonprogress=1|alpha_cong_block=1|alpha_cong_wait_progress=1|alpha_cong_wait_nonprogress=1|alpha_flow_commit_progress=0|alpha_flow_wait_progress=0|rho_cong_decay=1|rho_flow_decay=1|lambda_cong=1|lambda_flow=0|min_edge_cost=0.25|max_edge_cost=11|goal_projection_mode=none|flow_shield_beta=0|max_flow_shield=0,random-32-32-20,random,100,566,2000,2,1,True,1.36623125302,,56,56,5500,6061,1,8ab0012240efa56e,991d85161bfc6603,outputs/logs/phase5p5_repair5g539_frozen_param_blind_replay/checkpoints_random_32_32_20_a100_b2000.jsonl,real_solver_trace,False,False,False,False,False
g539_blind_00000018,random-32-32-20|100|566|2000|final,random-32-32-20|100|566|2000,additive_ltm,repair5g59_additive_fallback,repair5g59_additive_fallback,repair5g59_additive_fallback,new_g539_blind_real_solver_execution,g539_blind_raw_00000088,g539_blind_real_solver_execution_final_run,837c137,codex/g531-slice-pilot,tracked-dirty_untracked-present,C:\PROGRAMING\czr004\build\phase1a-batch\phase1a_batch.exe,repair5g59_additive_fallback,repair5g59_additive_fallback__b2000__i2,repair5g59_additive_fallback,,random-32-32-20,random,100,566,2000,2,final,True,1.33671988389,445,108,108,10593,11896,,,,,real_solver_trace,False,False,False,False,False
g539_blind_00000019,random-32-32-20|100|566|2000|0,random-32-32-20|100|566|2000,static_flow_shield,repair5g59_static_flow_shield,repair5g59_static_flow_shield,repair5g59_static_flow_shield,new_g539_blind_real_solver_execution,g539_blind_raw_00000038,g539_blind_real_solver_execution,,,,build/phase1a-batch/phase1a_batch.exe,repair5g59_static_flow_shield,repair5g59_static_flow_shield__b2000__i2,repair5g59_static_flow_shield,alpha_commit=1.25|alpha_block=1.25|alpha_wait_spillover=0.75|rho_decay=0.94999999999999996|force_additive=0|enable_dual_channel=1|alpha_cong_commit_progress=1.25|alpha_cong_commit_nonprogress=1.25|alpha_cong_block=1.25|alpha_cong_wait_progress=0.75|alpha_cong_wait_nonprogress=0.75|alpha_flow_commit_progress=1|alpha_flow_wait_progress=0|rho_cong_decay=0.94999999999999996|rho_flow_decay=1|lambda_cong=1|lambda_flow=0|min_edge_cost=1|max_edge_cost=11|goal_projection_mode=flow_shield|flow_shield_beta=0.34999999999999998|max_flow_shield=0.75,random-32-32-20,random,100,566,2000,2,0,True,1.33671988389,,52,52,5093,5835,10,14650fb0739d0383,1851096d7801c990,outputs/logs/phase5p5_repair5g539_frozen_param_blind_replay/checkpoints_random_32_32_20_a100_b2000.jsonl,real_solver_trace,False,False,False,False,False
g539_blind_00000020,random-32-32-20|100|566|2000|1,random-32-32-20|100|566|2000,static_flow_shield,repair5g59_static_flow_shield,repair5g59_static_flow_shield,repair5g59_static_flow_shield,new_g539_blind_real_solver_execution,g539_blind_raw_00000039,g539_blind_real_solver_execution,,,,build/phase1a-batch/phase1a_batch.exe,repair5g59_static_flow_shield,repair5g59_static_flow_shield__b2000__i2,repair5g59_static_flow_shield,alpha_commit=1.25|alpha_block=1.25|alpha_wait_spillover=0.75|rho_decay=0.94999999999999996|force_additive=0|enable_dual_channel=1|alpha_cong_commit_progress=1.25|alpha_cong_commit_nonprogress=1.25|alpha_cong_block=1.25|alpha_cong_wait_progress=0.75|alpha_cong_wait_nonprogress=0.75|alpha_flow_commit_progress=1|alpha_flow_wait_progress=0|rho_cong_decay=0.94999999999999996|rho_flow_decay=1|lambda_cong=1|lambda_flow=0|min_edge_cost=1|max_edge_cost=11|goal_projection_mode=flow_shield|flow_shield_beta=0.34999999999999998|max_flow_shield=0.75,random-32-32-20,random,100,566,2000,2,1,False,,,1,0,0,0,0,1851096d7801c990,d17a39194718f8b9,outputs/logs/phase5p5_repair5g539_frozen_param_blind_replay/checkpoints_random_32_32_20_a100_b2000.jsonl,real_solver_trace,False,False,False,False,False
g539_blind_00000021,random-32-32-20|100|566|2000|final,random-32-32-20|100|566|2000,static_flow_shield,repair5g59_static_flow_shield,repair5g59_static_flow_shield,repair5g59_static_flow_shield,new_g539_blind_real_solver_execution,g539_blind_raw_00000089,g539_blind_real_solver_execution_final_run,837c137,codex/g531-slice-pilot,tracked-dirty_untracked-present,C:\PROGRAMING\czr004\build\phase1a-batch\phase1a_batch.exe,repair5g59_static_flow_shield,repair5g59_static_flow_shield__b2000__i2,repair5g59_static_flow_shield,,random-32-32-20,random,100,566,2000,2,final,True,1.33671988389,421,53,52,5093,5835,,,,,real_solver_trace,False,False,False,False,False
g539_blind_00000022,random-32-32-20|100|566|2000|0,random-32-32-20|100|566|2000,best_fixed_static_goal_aware,repair5g59_high_beta_cap_safe,repair5g59_high_beta_cap_safe,repair5g59_high_beta_cap_safe,new_g539_blind_real_solver_execution,g539_blind_raw_00000040,g539_blind_real_solver_execution,,,,build/phase1a-batch/phase1a_batch.exe,repair5g59_high_beta_cap_safe,repair5g59_high_beta_cap_safe__b2000__i2,repair5g59_high_beta_cap_safe,alpha_commit=1.25|alpha_block=1.25|alpha_wait_spillover=0.75|rho_decay=0.94999999999999996|force_additive=0|enable_dual_channel=1|alpha_cong_commit_progress=1.25|alpha_cong_commit_nonprogress=1.25|alpha_cong_block=1.25|alpha_cong_wait_progress=0.75|alpha_cong_wait_nonprogress=0.75|alpha_flow_commit_progress=1|alpha_flow_wait_progress=0|rho_cong_decay=0.94999999999999996|rho_flow_decay=1|lambda_cong=1|lambda_flow=0|min_edge_cost=1|max_edge_cost=11|goal_projection_mode=flow_shield|flow_shield_beta=0.59999999999999998|max_flow_shield=0.75,random-32-32-20,random,100,566,2000,2,0,True,1.33671988389,,52,52,5093,5835,10,14650fb0739d0383,1851096d7801c990,outputs/logs/phase5p5_repair5g539_frozen_param_blind_replay/checkpoints_random_32_32_20_a100_b2000.jsonl,real_solver_trace,False,False,False,False,False
g539_blind_00000023,random-32-32-20|100|566|2000|1,random-32-32-20|100|566|2000,best_fixed_static_goal_aware,repair5g59_high_beta_cap_safe,repair5g59_high_beta_cap_safe,repair5g59_high_beta_cap_safe,new_g539_blind_real_solver_execution,g539_blind_raw_00000041,g539_blind_real_solver_execution,,,,build/phase1a-batch/phase1a_batch.exe,repair5g59_high_beta_cap_safe,repair5g59_high_beta_cap_safe__b2000__i2,repair5g59_high_beta_cap_safe,alpha_commit=1.25|alpha_block=1.25|alpha_wait_spillover=0.75|rho_decay=0.94999999999999996|force_additive=0|enable_dual_channel=1|alpha_cong_commit_progress=1.25|alpha_cong_commit_nonprogress=1.25|alpha_cong_block=1.25|alpha_cong_wait_progress=0.75|alpha_cong_wait_nonprogress=0.75|alpha_flow_commit_progress=1|alpha_flow_wait_progress=0|rho_cong_decay=0.94999999999999996|rho_flow_decay=1|lambda_cong=1|lambda_flow=0|min_edge_cost=1|max_edge_cost=11|goal_projection_mode=flow_shield|flow_shield_beta=0.59999999999999998|max_flow_shield=0.75,random-32-32-20,random,100,566,2000,2,1,False,,,1,0,0,0,0,1851096d7801c990,d17a39194718f8b9,outputs/logs/phase5p5_repair5g539_frozen_param_blind_replay/checkpoints_random_32_32_20_a100_b2000.jsonl,real_solver_trace,False,False,False,False,False
g539_blind_00000024,random-32-32-20|100|566|2000|final,random-32-32-20|100|566|2000,best_fixed_static_goal_aware,repair5g59_high_beta_cap_safe,repair5g59_high_beta_cap_safe,repair5g59_high_beta_cap_safe,new_g539_blind_real_solver_execution,g539_blind_raw_00000090,g539_blind_real_solver_execution_final_run,837c137,codex/g531-slice-pilot,tracked-dirty_untracked-present,C:\PROGRAMING\czr004\build\phase1a-batch\phase1a_batch.exe,repair5g59_high_beta_cap_safe,repair5g59_high_beta_cap_safe__b2000__i2,repair5g59_high_beta_cap_safe,,random-32-32-20,random,100,566,2000,2,final,True,1.33671988389,420,53,52,5093,5835,,,,,real_solver_trace,False,False,False,False,False
g539_blind_00000025,random-32-32-20|100|566|2000|0,random-32-32-20|100|566|2000,frozen_family_static_goal_aware,repair5g59_wait_aggressive,repair5g59_wait_aggressive,repair5g59_wait_aggressive,new_g539_blind_real_solver_execution,g539_blind_raw_00000042,g539_blind_real_solver_execution,,,,build/phase1a-batch/phase1a_batch.exe,repair5g59_wait_aggressive,repair5g59_wait_aggressive__b2000__i2,repair5g59_wait_aggressive,alpha_commit=1.25|alpha_block=1.25|alpha_wait_spillover=1|rho_decay=0.94999999999999996|force_additive=0|enable_dual_channel=1|alpha_cong_commit_progress=1.25|alpha_cong_commit_nonprogress=1.25|alpha_cong_block=1.25|alpha_cong_wait_progress=1|alpha_cong_wait_nonprogress=1|alpha_flow_commit_progress=1|alpha_flow_wait_progress=0|rho_cong_decay=0.94999999999999996|rho_flow_decay=1|lambda_cong=1|lambda_flow=0|min_edge_cost=1|max_edge_cost=11|goal_projection_mode=flow_shield|flow_shield_beta=0.34999999999999998|max_flow_shield=0.75,random-32-32-20,random,100,566,2000,2,0,True,1.33671988389,,52,52,5093,5835,10,14650fb0739d0383,8f981e4a34175aa8,outputs/logs/phase5p5_repair5g539_frozen_param_blind_replay/checkpoints_random_32_32_20_a100_b2000.jsonl,real_solver_trace,False,False,False,False,False
g539_blind_00000026,random-32-32-20|100|566|2000|1,random-32-32-20|100|566|2000,frozen_family_static_goal_aware,repair5g59_wait_aggressive,repair5g59_wait_aggressive,repair5g59_wait_aggressive,new_g539_blind_real_solver_execution,g539_blind_raw_00000043,g539_blind_real_solver_execution,,,,build/phase1a-batch/phase1a_batch.exe,repair5g59_wait_aggressive,repair5g59_wait_aggressive__b2000__i2,repair5g59_wait_aggressive,alpha_commit=1.25|alpha_block=1.25|alpha_wait_spillover=1|rho_decay=0.94999999999999996|force_additive=0|enable_dual_channel=1|alpha_cong_commit_progress=1.25|alpha_cong_commit_nonprogress=1.25|alpha_cong_block=1.25|alpha_cong_wait_progress=1|alpha_cong_wait_nonprogress=1|alpha_flow_commit_progress=1|alpha_flow_wait_progress=0|rho_cong_decay=0.94999999999999996|rho_flow_decay=1|lambda_cong=1|lambda_flow=0|min_edge_cost=1|max_edge_cost=11|goal_projection_mode=flow_shield|flow_shield_beta=0.34999999999999998|max_flow_shield=0.75,random-32-32-20,random,100,566,2000,2,1,False,,,1,0,0,0,0,8f981e4a34175aa8,140ec0f862bd0060,outputs/logs/phase5p5_repair5g539_frozen_param_blind_replay/checkpoints_random_32_32_20_a100_b2000.jsonl,real_solver_trace,False,False,False,False,False
g539_blind_00000027,random-32-32-20|100|566|2000|final,random-32-32-20|100|566|2000,frozen_family_static_goal_aware,repair5g59_wait_aggressive,repair5g59_wait_aggressive,repair5g59_wait_aggressive,new_g539_blind_real_solver_execution,g539_blind_raw_00000091,g539_blind_real_solver_execution_final_run,837c137,codex/g531-slice-pilot,tracked-dirty_untracked-present,C:\PROGRAMING\czr004\build\phase1a-batch\phase1a_batch.exe,repair5g59_wait_aggressive,repair5g59_wait_aggressive__b2000__i2,repair5g59_wait_aggressive,,random-32-32-20,random,100,566,2000,2,final,True,1.33671988389,419,53,52,5093,5835,,,,,real_solver_trace,False,False,False,False,False
g539_blind_00000028,random-32-32-20|100|566|2000|0,random-32-32-20|100|566|2000,g538_best_residual_candidate,repair5g538_random_bridge_c_light,repair5g518_grid_c1p00_b1p25_f1p00_w0p65_dc0p95_df0p98_beta0p3_max0p75_c0,repair5g538_random_bridge_c_light,new_g539_blind_real_solver_execution,g539_blind_raw_00000044,g539_blind_real_solver_execution,,,,build/phase1a-batch/phase1a_batch.exe,repair5g518_grid_c1p00_b1p25_f1p00_w0p65_dc0p95_df0p98_beta0p3_max0p75_c0,repair5g538_random_bridge_c_light__b2000__i2,repair5g538_random_bridge_c_light,alpha_commit=1|alpha_block=1.25|alpha_wait_spillover=0.65000000000000002|rho_decay=0.94999999999999996|force_additive=0|enable_dual_channel=1|alpha_cong_commit_progress=1|alpha_cong_commit_nonprogress=1|alpha_cong_block=1.25|alpha_cong_wait_progress=0.65000000000000002|alpha_cong_wait_nonprogress=0.65000000000000002|alpha_flow_commit_progress=1|alpha_flow_wait_progress=0|rho_cong_decay=0.94999999999999996|rho_flow_decay=0.97999999999999998|lambda_cong=1|lambda_flow=0|min_edge_cost=1|max_edge_cost=11|goal_projection_mode=flow_shield|flow_shield_beta=0.29999999999999999|max_flow_shield=0.75,random-32-32-20,random,100,566,2000,2,0,True,1.33671988389,,52,52,5093,5835,10,14650fb0739d0383,2b88f859541996d9,outputs/logs/phase5p5_repair5g539_frozen_param_blind_replay/checkpoints_random_32_32_20_a100_b2000.jsonl,real_solver_trace,False,False,False,False,False
g539_blind_00000029,random-32-32-20|100|566|2000|1,random-32-32-20|100|566|2000,g538_best_residual_candidate,repair5g538_random_bridge_c_light,repair5g518_grid_c1p00_b1p25_f1p00_w0p65_dc0p95_df0p98_beta0p3_max0p75_c0,repair5g538_random_bridge_c_light,new_g539_blind_real_solver_execution,g539_blind_raw_00000045,g539_blind_real_solver_execution,,,,build/phase1a-batch/phase1a_batch.exe,repair5g518_grid_c1p00_b1p25_f1p00_w0p65_dc0p95_df0p98_beta0p3_max0p75_c0,repair5g538_random_bridge_c_light__b2000__i2,repair5g538_random_bridge_c_light,alpha_commit=1|alpha_block=1.25|alpha_wait_spillover=0.65000000000000002|rho_decay=0.94999999999999996|force_additive=0|enable_dual_channel=1|alpha_cong_commit_progress=1|alpha_cong_commit_nonprogress=1|alpha_cong_block=1.25|alpha_cong_wait_progress=0.65000000000000002|alpha_cong_wait_nonprogress=0.65000000000000002|alpha_flow_commit_progress=1|alpha_flow_wait_progress=0|rho_cong_decay=0.94999999999999996|rho_flow_decay=0.97999999999999998|lambda_cong=1|lambda_flow=0|min_edge_cost=1|max_edge_cost=11|goal_projection_mode=flow_shield|flow_shield_beta=0.29999999999999999|max_flow_shield=0.75,random-32-32-20,random,100,566,2000,2,1,False,,,1,0,0,0,0,2b88f859541996d9,d43b38ed099f559c,outputs/logs/phase5p5_repair5g539_frozen_param_blind_replay/checkpoints_random_32_32_20_a100_b2000.jsonl,real_solver_trace,False,False,False,False,False
g539_blind_00000030,random-32-32-20|100|566|2000|final,random-32-32-20|100|566|2000,g538_best_residual_candidate,repair5g538_random_bridge_c_light,repair5g518_grid_c1p00_b1p25_f1p00_w0p65_dc0p95_df0p98_beta0p3_max0p75_c0,repair5g538_random_bridge_c_light,new_g539_blind_real_solver_execution,g539_blind_raw_00000092,g539_blind_real_solver_execution_final_run,837c137,codex/g531-slice-pilot,tracked-dirty_untracked-present,C:\PROGRAMING\czr004\build\phase1a-batch\phase1a_batch.exe,repair5g518_grid_c1p00_b1p25_f1p00_w0p65_dc0p95_df0p98_beta0p3_max0p75_c0,repair5g538_random_bridge_c_light__b2000__i2,repair5g538_random_bridge_c_light,,random-32-32-20,random,100,566,2000,2,final,True,1.33671988389,434,53,52,5093,5835,,,,,real_solver_trace,False,False,False,False,False
g539_blind_00000031,random-32-32-20|100|566|2000|0,random-32-32-20|100|566|2000,g539_best_safe_parameter_candidate,repair5g539_s3_112,repair5g518_grid_c1p4_b1p6_f1p25_w0p75_dc1p00_df1p00_beta0p6_max1p25_c0,repair5g539_s3_112,new_g539_blind_real_solver_execution,g539_blind_raw_00000046,g539_blind_real_solver_execution,,,,build/phase1a-batch/phase1a_batch.exe,repair5g518_grid_c1p4_b1p6_f1p25_w0p75_dc1p00_df1p00_beta0p6_max1p25_c0,repair5g539_s3_112__b2000__i2,repair5g539_s3_112,alpha_commit=1.3999999999999999|alpha_block=1.6000000000000001|alpha_wait_spillover=0.75|rho_decay=1|force_additive=0|enable_dual_channel=1|alpha_cong_commit_progress=1.3999999999999999|alpha_cong_commit_nonprogress=1.3999999999999999|alpha_cong_block=1.6000000000000001|alpha_cong_wait_progress=0.75|alpha_cong_wait_nonprogress=0.75|alpha_flow_commit_progress=1.25|alpha_flow_wait_progress=0|rho_cong_decay=1|rho_flow_decay=1|lambda_cong=1|lambda_flow=0|min_edge_cost=1|max_edge_cost=11|goal_projection_mode=flow_shield|flow_shield_beta=0.59999999999999998|max_flow_shield=1.25,random-32-32-20,random,100,566,2000,2,0,True,1.33671988389,,52,52,5093,5835,10,14650fb0739d0383,52e5a152b9d5730b,outputs/logs/phase5p5_repair5g539_frozen_param_blind_replay/checkpoints_random_32_32_20_a100_b2000.jsonl,real_solver_trace,False,False,False,False,False
g539_blind_00000032,random-32-32-20|100|566|2000|1,random-32-32-20|100|566|2000,g539_best_safe_parameter_candidate,repair5g539_s3_112,repair5g518_grid_c1p4_b1p6_f1p25_w0p75_dc1p00_df1p00_beta0p6_max1p25_c0,repair5g539_s3_112,new_g539_blind_real_solver_execution,g539_blind_raw_00000047,g539_blind_real_solver_execution,,,,build/phase1a-batch/phase1a_batch.exe,repair5g518_grid_c1p4_b1p6_f1p25_w0p75_dc1p00_df1p00_beta0p6_max1p25_c0,repair5g539_s3_112__b2000__i2,repair5g539_s3_112,alpha_commit=1.3999999999999999|alpha_block=1.6000000000000001|alpha_wait_spillover=0.75|rho_decay=1|force_additive=0|enable_dual_channel=1|alpha_cong_commit_progress=1.3999999999999999|alpha_cong_commit_nonprogress=1.3999999999999999|alpha_cong_block=1.6000000000000001|alpha_cong_wait_progress=0.75|alpha_cong_wait_nonprogress=0.75|alpha_flow_commit_progress=1.25|alpha_flow_wait_progress=0|rho_cong_decay=1|rho_flow_decay=1|lambda_cong=1|lambda_flow=0|min_edge_cost=1|max_edge_cost=11|goal_projection_mode=flow_shield|flow_shield_beta=0.59999999999999998|max_flow_shield=1.25,random-32-32-20,random,100,566,2000,2,1,False,,,1,0,0,0,0,52e5a152b9d5730b,52e5a152b9d5730b,outputs/logs/phase5p5_repair5g539_frozen_param_blind_replay/checkpoints_random_32_32_20_a100_b2000.jsonl,real_solver_trace,False,False,False,False,False
g539_blind_00000033,random-32-32-20|100|566|2000|final,random-32-32-20|100|566|2000,g539_best_safe_parameter_candidate,repair5g539_s3_112,repair5g518_grid_c1p4_b1p6_f1p25_w0p75_dc1p00_df1p00_beta0p6_max1p25_c0,repair5g539_s3_112,new_g539_blind_real_solver_execution,g539_blind_raw_00000093,g539_blind_real_solver_execution_final_run,837c137,codex/g531-slice-pilot,tracked-dirty_untracked-present,C:\PROGRAMING\czr004\build\phase1a-batch\phase1a_batch.exe,repair5g518_grid_c1p4_b1p6_f1p25_w0p75_dc1p00_df1p00_beta0p6_max1p25_c0,repair5g539_s3_112__b2000__i2,repair5g539_s3_112,,random-32-32-20,random,100,566,2000,2,final,True,1.33671988389,407,53,52,5093,5835,,,,,real_solver_trace,False,False,False,False,False
g539_blind_00000034,random-32-32-20|100|566|2000|0,random-32-32-20|100|566|2000,g539_frozen_parameter_policy,repair5g59_static_flow_shield,repair5g59_static_flow_shield,repair5g59_static_flow_shield,new_g539_blind_real_solver_execution,g539_blind_raw_00000038,g539_blind_real_solver_execution,,,,build/phase1a-batch/phase1a_batch.exe,repair5g59_static_flow_shield,repair5g59_static_flow_shield__b2000__i2,repair5g59_static_flow_shield,alpha_commit=1.25|alpha_block=1.25|alpha_wait_spillover=0.75|rho_decay=0.94999999999999996|force_additive=0|enable_dual_channel=1|alpha_cong_commit_progress=1.25|alpha_cong_commit_nonprogress=1.25|alpha_cong_block=1.25|alpha_cong_wait_progress=0.75|alpha_cong_wait_nonprogress=0.75|alpha_flow_commit_progress=1|alpha_flow_wait_progress=0|rho_cong_decay=0.94999999999999996|rho_flow_decay=1|lambda_cong=1|lambda_flow=0|min_edge_cost=1|max_edge_cost=11|goal_projection_mode=flow_shield|flow_shield_beta=0.34999999999999998|max_flow_shield=0.75,random-32-32-20,random,100,566,2000,2,0,True,1.33671988389,,52,52,5093,5835,10,14650fb0739d0383,1851096d7801c990,outputs/logs/phase5p5_repair5g539_frozen_param_blind_replay/checkpoints_random_32_32_20_a100_b2000.jsonl,real_solver_trace,False,False,False,False,False
g539_blind_00000035,random-32-32-20|100|566|2000|1,random-32-32-20|100|566|2000,g539_frozen_parameter_policy,repair5g59_static_flow_shield,repair5g59_static_flow_shield,repair5g59_static_flow_shield,new_g539_blind_real_solver_execution,g539_blind_raw_00000039,g539_blind_real_solver_execution,,,,build/phase1a-batch/phase1a_batch.exe,repair5g59_static_flow_shield,repair5g59_static_flow_shield__b2000__i2,repair5g59_static_flow_shield,alpha_commit=1.25|alpha_block=1.25|alpha_wait_spillover=0.75|rho_decay=0.94999999999999996|force_additive=0|enable_dual_channel=1|alpha_cong_commit_progress=1.25|alpha_cong_commit_nonprogress=1.25|alpha_cong_block=1.25|alpha_cong_wait_progress=0.75|alpha_cong_wait_nonprogress=0.75|alpha_flow_commit_progress=1|alpha_flow_wait_progress=0|rho_cong_decay=0.94999999999999996|rho_flow_decay=1|lambda_cong=1|lambda_flow=0|min_edge_cost=1|max_edge_cost=11|goal_projection_mode=flow_shield|flow_shield_beta=0.34999999999999998|max_flow_shield=0.75,random-32-32-20,random,100,566,2000,2,1,False,,,1,0,0,0,0,1851096d7801c990,d17a39194718f8b9,outputs/logs/phase5p5_repair5g539_frozen_param_blind_replay/checkpoints_random_32_32_20_a100_b2000.jsonl,real_solver_trace,False,False,False,False,False
g539_blind_00000036,random-32-32-20|100|566|2000|final,random-32-32-20|100|566|2000,g539_frozen_parameter_policy,repair5g59_static_flow_shield,repair5g59_static_flow_shield,repair5g59_static_flow_shield,new_g539_blind_real_solver_execution,g539_blind_raw_00000089,g539_blind_real_solver_execution_final_run,837c137,codex/g531-slice-pilot,tracked-dirty_untracked-present,C:\PROGRAMING\czr004\build\phase1a-batch\phase1a_batch.exe,repair5g59_static_flow_shield,repair5g59_static_flow_shield__b2000__i2,repair5g59_static_flow_shield,,random-32-32-20,random,100,566,2000,2,final,True,1.33671988389,421,53,52,5093,5835,,,,,real_solver_trace,False,False,False,False,False
g539_blind_00000037,random-32-32-20|100|566|2000|0,random-32-32-20|100|566|2000,ultra_safe_static_fallback,repair5g59_static_flow_shield,repair5g59_static_flow_shield,repair5g59_static_flow_shield,new_g539_blind_real_solver_execution,g539_blind_raw_00000038,g539_blind_real_solver_execution,,,,build/phase1a-batch/phase1a_batch.exe,repair5g59_static_flow_shield,repair5g59_static_flow_shield__b2000__i2,repair5g59_static_flow_shield,alpha_commit=1.25|alpha_block=1.25|alpha_wait_spillover=0.75|rho_decay=0.94999999999999996|force_additive=0|enable_dual_channel=1|alpha_cong_commit_progress=1.25|alpha_cong_commit_nonprogress=1.25|alpha_cong_block=1.25|alpha_cong_wait_progress=0.75|alpha_cong_wait_nonprogress=0.75|alpha_flow_commit_progress=1|alpha_flow_wait_progress=0|rho_cong_decay=0.94999999999999996|rho_flow_decay=1|lambda_cong=1|lambda_flow=0|min_edge_cost=1|max_edge_cost=11|goal_projection_mode=flow_shield|flow_shield_beta=0.34999999999999998|max_flow_shield=0.75,random-32-32-20,random,100,566,2000,2,0,True,1.33671988389,,52,52,5093,5835,10,14650fb0739d0383,1851096d7801c990,outputs/logs/phase5p5_repair5g539_frozen_param_blind_replay/checkpoints_random_32_32_20_a100_b2000.jsonl,real_solver_trace,False,False,False,False,False
g539_blind_00000038,random-32-32-20|100|566|2000|1,random-32-32-20|100|566|2000,ultra_safe_static_fallback,repair5g59_static_flow_shield,repair5g59_static_flow_shield,repair5g59_static_flow_shield,new_g539_blind_real_solver_execution,g539_blind_raw_00000039,g539_blind_real_solver_execution,,,,build/phase1a-batch/phase1a_batch.exe,repair5g59_static_flow_shield,repair5g59_static_flow_shield__b2000__i2,repair5g59_static_flow_shield,alpha_commit=1.25|alpha_block=1.25|alpha_wait_spillover=0.75|rho_decay=0.94999999999999996|force_additive=0|enable_dual_channel=1|alpha_cong_commit_progress=1.25|alpha_cong_commit_nonprogress=1.25|alpha_cong_block=1.25|alpha_cong_wait_progress=0.75|alpha_cong_wait_nonprogress=0.75|alpha_flow_commit_progress=1|alpha_flow_wait_progress=0|rho_cong_decay=0.94999999999999996|rho_flow_decay=1|lambda_cong=1|lambda_flow=0|min_edge_cost=1|max_edge_cost=11|goal_projection_mode=flow_shield|flow_shield_beta=0.34999999999999998|max_flow_shield=0.75,random-32-32-20,random,100,566,2000,2,1,False,,,1,0,0,0,0,1851096d7801c990,d17a39194718f8b9,outputs/logs/phase5p5_repair5g539_frozen_param_blind_replay/checkpoints_random_32_32_20_a100_b2000.jsonl,real_solver_trace,False,False,False,False,False
g539_blind_00000039,random-32-32-20|100|566|2000|final,random-32-32-20|100|566|2000,ultra_safe_static_fallback,repair5g59_static_flow_shield,repair5g59_static_flow_shield,repair5g59_static_flow_shield,new_g539_blind_real_solver_execution,g539_blind_raw_00000089,g539_blind_real_solver_execution_final_run,837c137,codex/g531-slice-pilot,tracked-dirty_untracked-present,C:\PROGRAMING\czr004\build\phase1a-batch\phase1a_batch.exe,repair5g59_static_flow_shield,repair5g59_static_flow_shield__b2000__i2,repair5g59_static_flow_shield,,random-32-32-20,random,100,566,2000,2,final,True,1.33671988389,421,53,52,5093,5835,,,,,real_solver_trace,False,False,False,False,False
g539_blind_00000040,maze-32-32-4|50|566|2000|0,maze-32-32-4|50|566|2000,additive_ltm,repair5g59_additive_fallback,repair5g59_additive_fallback,repair5g59_additive_fallback,new_g539_blind_real_solver_execution,g539_blind_raw_00000012,g539_blind_real_solver_execution,,,,build/phase1a-batch/phase1a_batch.exe,repair5g59_additive_fallback,repair5g59_additive_fallback__b2000__i2,repair5g59_additive_fallback,alpha_commit=1|alpha_block=1|alpha_wait_spillover=1|rho_decay=1|force_additive=1|enable_dual_channel=0|alpha_cong_commit_progress=0|alpha_cong_commit_nonprogress=1|alpha_cong_block=1|alpha_cong_wait_progress=1|alpha_cong_wait_nonprogress=1|alpha_flow_commit_progress=0|alpha_flow_wait_progress=0|rho_cong_decay=1|rho_flow_decay=1|lambda_cong=1|lambda_flow=0|min_edge_cost=0.25|max_edge_cost=11|goal_projection_mode=none|flow_shield_beta=0|max_flow_shield=0,maze-32-32-4,maze,50,566,2000,2,0,True,1.1821444594,,96,96,4750,5188,1,14650fb0739d0383,e0632a6494370b66,outputs/logs/phase5p5_repair5g539_frozen_param_blind_replay/checkpoints_maze_32_32_4_a50_b2000.jsonl,real_solver_trace,False,False,False,False,False
g539_blind_00000041,maze-32-32-4|50|566|2000|1,maze-32-32-4|50|566|2000,additive_ltm,repair5g59_additive_fallback,repair5g59_additive_fallback,repair5g59_additive_fallback,new_g539_blind_real_solver_execution,g539_blind_raw_00000013,g539_blind_real_solver_execution,,,,build/phase1a-batch/phase1a_batch.exe,repair5g59_additive_fallback,repair5g59_additive_fallback__b2000__i2,repair5g59_additive_fallback,alpha_commit=1|alpha_block=1|alpha_wait_spillover=1|rho_decay=1|force_additive=1|enable_dual_channel=0|alpha_cong_commit_progress=0|alpha_cong_commit_nonprogress=1|alpha_cong_block=1|alpha_cong_wait_progress=1|alpha_cong_wait_nonprogress=1|alpha_flow_commit_progress=0|alpha_flow_wait_progress=0|rho_cong_decay=1|rho_flow_decay=1|lambda_cong=1|lambda_flow=0|min_edge_cost=0.25|max_edge_cost=11|goal_projection_mode=none|flow_shield_beta=0|max_flow_shield=0,maze-32-32-4,maze,50,566,2000,2,1,True,1.1619560341,,104,104,5150,5388,0,e0632a6494370b66,eafe4e1b45a790ae,outputs/logs/phase5p5_repair5g539_frozen_param_blind_replay/checkpoints_maze_32_32_4_a50_b2000.jsonl,real_solver_trace,False,False,False,False,False
g539_blind_00000042,maze-32-32-4|50|566|2000|final,maze-32-32-4|50|566|2000,additive_ltm,repair5g59_additive_fallback,repair5g59_additive_fallback,repair5g59_additive_fallback,new_g539_blind_real_solver_execution,g539_blind_raw_00000070,g539_blind_real_solver_execution_final_run,837c137,codex/g531-slice-pilot,tracked-dirty_untracked-present,C:\PROGRAMING\czr004\build\phase1a-batch\phase1a_batch.exe,repair5g59_additive_fallback,repair5g59_additive_fallback__b2000__i2,repair5g59_additive_fallback,,maze-32-32-4,maze,50,566,2000,2,final,True,1.1619560341,268,200,200,9900,10576,,,,,real_solver_trace,False,False,False,False,False
g539_blind_00000043,maze-32-32-4|50|566|2000|0,maze-32-32-4|50|566|2000,static_flow_shield,repair5g59_static_flow_shield,repair5g59_static_flow_shield,repair5g59_static_flow_shield,new_g539_blind_real_solver_execution,g539_blind_raw_00000014,g539_blind_real_solver_execution,,,,build/phase1a-batch/phase1a_batch.exe,repair5g59_static_flow_shield,repair5g59_static_flow_shield__b2000__i2,repair5g59_static_flow_shield,alpha_commit=1.25|alpha_block=1.25|alpha_wait_spillover=0.75|rho_decay=0.94999999999999996|force_additive=0|enable_dual_channel=1|alpha_cong_commit_progress=1.25|alpha_cong_commit_nonprogress=1.25|alpha_cong_block=1.25|alpha_cong_wait_progress=0.75|alpha_cong_wait_nonprogress=0.75|alpha_flow_commit_progress=1|alpha_flow_wait_progress=0|rho_cong_decay=0.94999999999999996|rho_flow_decay=1|lambda_cong=1|lambda_flow=0|min_edge_cost=1|max_edge_cost=11|goal_projection_mode=flow_shield|flow_shield_beta=0.34999999999999998|max_flow_shield=0.75,maze-32-32-4,maze,50,566,2000,2,0,True,1.1821444594,,96,96,4750,5188,1,14650fb0739d0383,de370410fc68dcda,outputs/logs/phase5p5_repair5g539_frozen_param_blind_replay/checkpoints_maze_32_32_4_a50_b2000.jsonl,real_solver_trace,False,False,False,False,False
g539_blind_00000044,maze-32-32-4|50|566|2000|1,maze-32-32-4|50|566|2000,static_flow_shield,repair5g59_static_flow_shield,repair5g59_static_flow_shield,repair5g59_static_flow_shield,new_g539_blind_real_solver_execution,g539_blind_raw_00000015,g539_blind_real_solver_execution,,,,build/phase1a-batch/phase1a_batch.exe,repair5g59_static_flow_shield,repair5g59_static_flow_shield__b2000__i2,repair5g59_static_flow_shield,alpha_commit=1.25|alpha_block=1.25|alpha_wait_spillover=0.75|rho_decay=0.94999999999999996|force_additive=0|enable_dual_channel=1|alpha_cong_commit_progress=1.25|alpha_cong_commit_nonprogress=1.25|alpha_cong_block=1.25|alpha_cong_wait_progress=0.75|alpha_cong_wait_nonprogress=0.75|alpha_flow_commit_progress=1|alpha_flow_wait_progress=0|rho_cong_decay=0.94999999999999996|rho_flow_decay=1|lambda_cong=1|lambda_flow=0|min_edge_cost=1|max_edge_cost=11|goal_projection_mode=flow_shield|flow_shield_beta=0.34999999999999998|max_flow_shield=0.75,maze-32-32-4,maze,50,566,2000,2,1,True,1.13817855541,,100,100,4950,5202,0,de370410fc68dcda,12022dbb5e9a6212,outputs/logs/phase5p5_repair5g539_frozen_param_blind_replay/checkpoints_maze_32_32_4_a50_b2000.jsonl,real_solver_trace,False,False,False,False,False
g539_blind_00000045,maze-32-32-4|50|566|2000|final,maze-32-32-4|50|566|2000,static_flow_shield,repair5g59_static_flow_shield,repair5g59_static_flow_shield,repair5g59_static_flow_shield,new_g539_blind_real_solver_execution,g539_blind_raw_00000071,g539_blind_real_solver_execution_final_run,837c137,codex/g531-slice-pilot,tracked-dirty_untracked-present,C:\PROGRAMING\czr004\build\phase1a-batch\phase1a_batch.exe,repair5g59_static_flow_shield,repair5g59_static_flow_shield__b2000__i2,repair5g59_static_flow_shield,,maze-32-32-4,maze,50,566,2000,2,final,True,1.13817855541,274,196,196,9700,10390,,,,,real_solver_trace,False,False,False,False,False
g539_blind_00000046,maze-32-32-4|50|566|2000|0,maze-32-32-4|50|566|2000,best_fixed_static_goal_aware,repair5g59_high_beta_cap_safe,repair5g59_high_beta_cap_safe,repair5g59_high_beta_cap_safe,new_g539_blind_real_solver_execution,g539_blind_raw_00000016,g539_blind_real_solver_execution,,,,build/phase1a-batch/phase1a_batch.exe,repair5g59_high_beta_cap_safe,repair5g59_high_beta_cap_safe__b2000__i2,repair5g59_high_beta_cap_safe,alpha_commit=1.25|alpha_block=1.25|alpha_wait_spillover=0.75|rho_decay=0.94999999999999996|force_additive=0|enable_dual_channel=1|alpha_cong_commit_progress=1.25|alpha_cong_commit_nonprogress=1.25|alpha_cong_block=1.25|alpha_cong_wait_progress=0.75|alpha_cong_wait_nonprogress=0.75|alpha_flow_commit_progress=1|alpha_flow_wait_progress=0|rho_cong_decay=0.94999999999999996|rho_flow_decay=1|lambda_cong=1|lambda_flow=0|min_edge_cost=1|max_edge_cost=11|goal_projection_mode=flow_shield|flow_shield_beta=0.59999999999999998|max_flow_shield=0.75,maze-32-32-4,maze,50,566,2000,2,0,True,1.1821444594,,96,96,4750,5188,1,14650fb0739d0383,de370410fc68dcda,outputs/logs/phase5p5_repair5g539_frozen_param_blind_replay/checkpoints_maze_32_32_4_a50_b2000.jsonl,real_solver_trace,False,False,False,False,False
g539_blind_00000047,maze-32-32-4|50|566|2000|1,maze-32-32-4|50|566|2000,best_fixed_static_goal_aware,repair5g59_high_beta_cap_safe,repair5g59_high_beta_cap_safe,repair5g59_high_beta_cap_safe,new_g539_blind_real_solver_execution,g539_blind_raw_00000017,g539_blind_real_solver_execution,,,,build/phase1a-batch/phase1a_batch.exe,repair5g59_high_beta_cap_safe,repair5g59_high_beta_cap_safe__b2000__i2,repair5g59_high_beta_cap_safe,alpha_commit=1.25|alpha_block=1.25|alpha_wait_spillover=0.75|rho_decay=0.94999999999999996|force_additive=0|enable_dual_channel=1|alpha_cong_commit_progress=1.25|alpha_cong_commit_nonprogress=1.25|alpha_cong_block=1.25|alpha_cong_wait_progress=0.75|alpha_cong_wait_nonprogress=0.75|alpha_flow_commit_progress=1|alpha_flow_wait_progress=0|rho_cong_decay=0.94999999999999996|rho_flow_decay=1|lambda_cong=1|lambda_flow=0|min_edge_cost=1|max_edge_cost=11|goal_projection_mode=flow_shield|flow_shield_beta=0.59999999999999998|max_flow_shield=0.75,maze-32-32-4,maze,50,566,2000,2,1,True,1.1399730821,,100,100,4950,5220,0,de370410fc68dcda,548bd1c9faab0fcd,outputs/logs/phase5p5_repair5g539_frozen_param_blind_replay/checkpoints_maze_32_32_4_a50_b2000.jsonl,real_solver_trace,False,False,False,False,False
g539_blind_00000048,maze-32-32-4|50|566|2000|final,maze-32-32-4|50|566|2000,best_fixed_static_goal_aware,repair5g59_high_beta_cap_safe,repair5g59_high_beta_cap_safe,repair5g59_high_beta_cap_safe,new_g539_blind_real_solver_execution,g539_blind_raw_00000072,g539_blind_real_solver_execution_final_run,837c137,codex/g531-slice-pilot,tracked-dirty_untracked-present,C:\PROGRAMING\czr004\build\phase1a-batch\phase1a_batch.exe,repair5g59_high_beta_cap_safe,repair5g59_high_beta_cap_safe__b2000__i2,repair5g59_high_beta_cap_safe,,maze-32-32-4,maze,50,566,2000,2,final,True,1.1399730821,276,196,196,9700,10408,,,,,real_solver_trace,False,False,False,False,False
g539_blind_00000049,maze-32-32-4|50|566|2000|0,maze-32-32-4|50|566|2000,frozen_family_static_goal_aware,repair5g59_low_beta_high_cap,repair5g59_low_beta_high_cap,repair5g59_low_beta_high_cap,new_g539_blind_real_solver_execution,g539_blind_raw_00000018,g539_blind_real_solver_execution,,,,build/phase1a-batch/phase1a_batch.exe,repair5g59_low_beta_high_cap,repair5g59_low_beta_high_cap__b2000__i2,repair5g59_low_beta_high_cap,alpha_commit=1.25|alpha_block=1.25|alpha_wait_spillover=0.75|rho_decay=0.94999999999999996|force_additive=0|enable_dual_channel=1|alpha_cong_commit_progress=1.25|alpha_cong_commit_nonprogress=1.25|alpha_cong_block=1.25|alpha_cong_wait_progress=0.75|alpha_cong_wait_nonprogress=0.75|alpha_flow_commit_progress=1|alpha_flow_wait_progress=0|rho_cong_decay=0.94999999999999996|rho_flow_decay=1|lambda_cong=1|lambda_flow=0|min_edge_cost=1|max_edge_cost=11|goal_projection_mode=flow_shield|flow_shield_beta=0.20000000000000001|max_flow_shield=1.25,maze-32-32-4,maze,50,566,2000,2,0,True,1.1821444594,,96,96,4750,5188,1,14650fb0739d0383,de370410fc68dcda,outputs/logs/phase5p5_repair5g539_frozen_param_blind_replay/checkpoints_maze_32_32_4_a50_b2000.jsonl,real_solver_trace,False,False,False,False,False
g539_blind_00000050,maze-32-32-4|50|566|2000|1,maze-32-32-4|50|566|2000,frozen_family_static_goal_aware,repair5g59_low_beta_high_cap,repair5g59_low_beta_high_cap,repair5g59_low_beta_high_cap,new_g539_blind_real_solver_execution,g539_blind_raw_00000019,g539_blind_real_solver_execution,,,,build/phase1a-batch/phase1a_batch.exe,repair5g59_low_beta_high_cap,repair5g59_low_beta_high_cap__b2000__i2,repair5g59_low_beta_high_cap,alpha_commit=1.25|alpha_block=1.25|alpha_wait_spillover=0.75|rho_decay=0.94999999999999996|force_additive=0|enable_dual_channel=1|alpha_cong_commit_progress=1.25|alpha_cong_commit_nonprogress=1.25|alpha_cong_block=1.25|alpha_cong_wait_progress=0.75|alpha_cong_wait_nonprogress=0.75|alpha_flow_commit_progress=1|alpha_flow_wait_progress=0|rho_cong_decay=0.94999999999999996|rho_flow_decay=1|lambda_cong=1|lambda_flow=0|min_edge_cost=1|max_edge_cost=11|goal_projection_mode=flow_shield|flow_shield_beta=0.20000000000000001|max_flow_shield=1.25,maze-32-32-4,maze,50,566,2000,2,1,True,1.26334679228,,104,104,5148,5780,6,de370410fc68dcda,555902731f77f5de,outputs/logs/phase5p5_repair5g539_frozen_param_blind_replay/checkpoints_maze_32_32_4_a50_b2000.jsonl,real_solver_trace,False,False,False,False,False
g539_blind_00000051,maze-32-32-4|50|566|2000|final,maze-32-32-4|50|566|2000,frozen_family_static_goal_aware,repair5g59_low_beta_high_cap,repair5g59_low_beta_high_cap,repair5g59_low_beta_high_cap,new_g539_blind_real_solver_execution,g539_blind_raw_00000073,g539_blind_real_solver_execution_final_run,837c137,codex/g531-slice-pilot,tracked-dirty_untracked-present,C:\PROGRAMING\czr004\build\phase1a-batch\phase1a_batch.exe,repair5g59_low_beta_high_cap,repair5g59_low_beta_high_cap__b2000__i2,repair5g59_low_beta_high_cap,,maze-32-32-4,maze,50,566,2000,2,final,True,1.1821444594,273,200,200,9898,10968,,,,,real_solver_trace,False,False,False,False,False
g539_blind_00000052,maze-32-32-4|50|566|2000|0,maze-32-32-4|50|566|2000,g538_best_residual_candidate,repair5g538_random_bridge_c_light,repair5g518_grid_c1p00_b1p25_f1p00_w0p65_dc0p95_df0p98_beta0p3_max0p75_c0,repair5g538_random_bridge_c_light,new_g539_blind_real_solver_execution,g539_blind_raw_00000020,g539_blind_real_solver_execution,,,,build/phase1a-batch/phase1a_batch.exe,repair5g518_grid_c1p00_b1p25_f1p00_w0p65_dc0p95_df0p98_beta0p3_max0p75_c0,repair5g538_random_bridge_c_light__b2000__i2,repair5g538_random_bridge_c_light,alpha_commit=1|alpha_block=1.25|alpha_wait_spillover=0.65000000000000002|rho_decay=0.94999999999999996|force_additive=0|enable_dual_channel=1|alpha_cong_commit_progress=1|alpha_cong_commit_nonprogress=1|alpha_cong_block=1.25|alpha_cong_wait_progress=0.65000000000000002|alpha_cong_wait_nonprogress=0.65000000000000002|alpha_flow_commit_progress=1|alpha_flow_wait_progress=0|rho_cong_decay=0.94999999999999996|rho_flow_decay=0.97999999999999998|lambda_cong=1|lambda_flow=0|min_edge_cost=1|max_edge_cost=11|goal_projection_mode=flow_shield|flow_shield_beta=0.29999999999999999|max_flow_shield=0.75,maze-32-32-4,maze,50,566,2000,2,0,True,1.1821444594,,96,96,4750,5188,1,14650fb0739d0383,2cb36ded30a59d86,outputs/logs/phase5p5_repair5g539_frozen_param_blind_replay/checkpoints_maze_32_32_4_a50_b2000.jsonl,real_solver_trace,False,False,False,False,False
g539_blind_00000053,maze-32-32-4|50|566|2000|1,maze-32-32-4|50|566|2000,g538_best_residual_candidate,repair5g538_random_bridge_c_light,repair5g518_grid_c1p00_b1p25_f1p00_w0p65_dc0p95_df0p98_beta0p3_max0p75_c0,repair5g538_random_bridge_c_light,new_g539_blind_real_solver_execution,g539_blind_raw_00000021,g539_blind_real_solver_execution,,,,build/phase1a-batch/phase1a_batch.exe,repair5g518_grid_c1p00_b1p25_f1p00_w0p65_dc0p95_df0p98_beta0p3_max0p75_c0,repair5g538_random_bridge_c_light__b2000__i2,repair5g538_random_bridge_c_light,alpha_commit=1|alpha_block=1.25|alpha_wait_spillover=0.65000000000000002|rho_decay=0.94999999999999996|force_additive=0|enable_dual_channel=1|alpha_cong_commit_progress=1|alpha_cong_commit_nonprogress=1|alpha_cong_block=1.25|alpha_cong_wait_progress=0.65000000000000002|alpha_cong_wait_nonprogress=0.65000000000000002|alpha_flow_commit_progress=1|alpha_flow_wait_progress=0|rho_cong_decay=0.94999999999999996|rho_flow_decay=0.97999999999999998|lambda_cong=1|lambda_flow=0|min_edge_cost=1|max_edge_cost=11|goal_projection_mode=flow_shield|flow_shield_beta=0.29999999999999999|max_flow_shield=0.75,maze-32-32-4,maze,50,566,2000,2,1,True,1.13817855541,,102,102,5050,5301,0,2cb36ded30a59d86,dac02f9bde4d4d9,outputs/logs/phase5p5_repair5g539_frozen_param_blind_replay/checkpoints_maze_32_32_4_a50_b2000.jsonl,real_solver_trace,False,False,False,False,False
g539_blind_00000054,maze-32-32-4|50|566|2000|final,maze-32-32-4|50|566|2000,g538_best_residual_candidate,repair5g538_random_bridge_c_light,repair5g518_grid_c1p00_b1p25_f1p00_w0p65_dc0p95_df0p98_beta0p3_max0p75_c0,repair5g538_random_bridge_c_light,new_g539_blind_real_solver_execution,g539_blind_raw_00000074,g539_blind_real_solver_execution_final_run,837c137,codex/g531-slice-pilot,tracked-dirty_untracked-present,C:\PROGRAMING\czr004\build\phase1a-batch\phase1a_batch.exe,repair5g518_grid_c1p00_b1p25_f1p00_w0p65_dc0p95_df0p98_beta0p3_max0p75_c0,repair5g538_random_bridge_c_light__b2000__i2,repair5g538_random_bridge_c_light,,maze-32-32-4,maze,50,566,2000,2,final,True,1.13817855541,283,198,198,9800,10489,,,,,real_solver_trace,False,False,False,False,False
g539_blind_00000055,maze-32-32-4|50|566|2000|0,maze-32-32-4|50|566|2000,g539_best_safe_parameter_candidate,repair5g539_s3_112,repair5g518_grid_c1p4_b1p6_f1p25_w0p75_dc1p00_df1p00_beta0p6_max1p25_c0,repair5g539_s3_112,new_g539_blind_real_solver_execution,g539_blind_raw_00000022,g539_blind_real_solver_execution,,,,build/phase1a-batch/phase1a_batch.exe,repair5g518_grid_c1p4_b1p6_f1p25_w0p75_dc1p00_df1p00_beta0p6_max1p25_c0,repair5g539_s3_112__b2000__i2,repair5g539_s3_112,alpha_commit=1.3999999999999999|alpha_block=1.6000000000000001|alpha_wait_spillover=0.75|rho_decay=1|force_additive=0|enable_dual_channel=1|alpha_cong_commit_progress=1.3999999999999999|alpha_cong_commit_nonprogress=1.3999999999999999|alpha_cong_block=1.6000000000000001|alpha_cong_wait_progress=0.75|alpha_cong_wait_nonprogress=0.75|alpha_flow_commit_progress=1.25|alpha_flow_wait_progress=0|rho_cong_decay=1|rho_flow_decay=1|lambda_cong=1|lambda_flow=0|min_edge_cost=1|max_edge_cost=11|goal_projection_mode=flow_shield|flow_shield_beta=0.59999999999999998|max_flow_shield=1.25,maze-32-32-4,maze,50,566,2000,2,0,True,1.1821444594,,96,96,4750,5188,1,14650fb0739d0383,3328d90b7e982662,outputs/logs/phase5p5_repair5g539_frozen_param_blind_replay/checkpoints_maze_32_32_4_a50_b2000.jsonl,real_solver_trace,False,False,False,False,False
g539_blind_00000056,maze-32-32-4|50|566|2000|1,maze-32-32-4|50|566|2000,g539_best_safe_parameter_candidate,repair5g539_s3_112,repair5g518_grid_c1p4_b1p6_f1p25_w0p75_dc1p00_df1p00_beta0p6_max1p25_c0,repair5g539_s3_112,new_g539_blind_real_solver_execution,g539_blind_raw_00000023,g539_blind_real_solver_execution,,,,build/phase1a-batch/phase1a_batch.exe,repair5g518_grid_c1p4_b1p6_f1p25_w0p75_dc1p00_df1p00_beta0p6_max1p25_c0,repair5g539_s3_112__b2000__i2,repair5g539_s3_112,alpha_commit=1.3999999999999999|alpha_block=1.6000000000000001|alpha_wait_spillover=0.75|rho_decay=1|force_additive=0|enable_dual_channel=1|alpha_cong_commit_progress=1.3999999999999999|alpha_cong_commit_nonprogress=1.3999999999999999|alpha_cong_block=1.6000000000000001|alpha_cong_wait_progress=0.75|alpha_cong_wait_nonprogress=0.75|alpha_flow_commit_progress=1.25|alpha_flow_wait_progress=0|rho_cong_decay=1|rho_flow_decay=1|lambda_cong=1|lambda_flow=0|min_edge_cost=1|max_edge_cost=11|goal_projection_mode=flow_shield|flow_shield_beta=0.59999999999999998|max_flow_shield=1.25,maze-32-32-4,maze,50,566,2000,2,1,True,1.17945266936,,138,138,6850,7262,2,3328d90b7e982662,c139de8cffaf252f,outputs/logs/phase5p5_repair5g539_frozen_param_blind_replay/checkpoints_maze_32_32_4_a50_b2000.jsonl,real_solver_trace,False,False,False,False,False
g539_blind_00000057,maze-32-32-4|50|566|2000|final,maze-32-32-4|50|566|2000,g539_best_safe_parameter_candidate,repair5g539_s3_112,repair5g518_grid_c1p4_b1p6_f1p25_w0p75_dc1p00_df1p00_beta0p6_max1p25_c0,repair5g539_s3_112,new_g539_blind_real_solver_execution,g539_blind_raw_00000075,g539_blind_real_solver_execution_final_run,837c137,codex/g531-slice-pilot,tracked-dirty_untracked-present,C:\PROGRAMING\czr004\build\phase1a-batch\phase1a_batch.exe,repair5g518_grid_c1p4_b1p6_f1p25_w0p75_dc1p00_df1p00_beta0p6_max1p25_c0,repair5g539_s3_112__b2000__i2,repair5g539_s3_112,,maze-32-32-4,maze,50,566,2000,2,final,True,1.17945266936,269,234,234,11600,12450,,,,,real_solver_trace,False,False,False,False,False
g539_blind_00000058,maze-32-32-4|50|566|2000|0,maze-32-32-4|50|566|2000,g539_frozen_parameter_policy,repair5g539_s3_112,repair5g518_grid_c1p4_b1p6_f1p25_w0p75_dc1p00_df1p00_beta0p6_max1p25_c0,repair5g539_s3_112,new_g539_blind_real_solver_execution,g539_blind_raw_00000022,g539_blind_real_solver_execution,,,,build/phase1a-batch/phase1a_batch.exe,repair5g518_grid_c1p4_b1p6_f1p25_w0p75_dc1p00_df1p00_beta0p6_max1p25_c0,repair5g539_s3_112__b2000__i2,repair5g539_s3_112,alpha_commit=1.3999999999999999|alpha_block=1.6000000000000001|alpha_wait_spillover=0.75|rho_decay=1|force_additive=0|enable_dual_channel=1|alpha_cong_commit_progress=1.3999999999999999|alpha_cong_commit_nonprogress=1.3999999999999999|alpha_cong_block=1.6000000000000001|alpha_cong_wait_progress=0.75|alpha_cong_wait_nonprogress=0.75|alpha_flow_commit_progress=1.25|alpha_flow_wait_progress=0|rho_cong_decay=1|rho_flow_decay=1|lambda_cong=1|lambda_flow=0|min_edge_cost=1|max_edge_cost=11|goal_projection_mode=flow_shield|flow_shield_beta=0.59999999999999998|max_flow_shield=1.25,maze-32-32-4,maze,50,566,2000,2,0,True,1.1821444594,,96,96,4750,5188,1,14650fb0739d0383,3328d90b7e982662,outputs/logs/phase5p5_repair5g539_frozen_param_blind_replay/checkpoints_maze_32_32_4_a50_b2000.jsonl,real_solver_trace,False,False,False,False,False
g539_blind_00000059,maze-32-32-4|50|566|2000|1,maze-32-32-4|50|566|2000,g539_frozen_parameter_policy,repair5g539_s3_112,repair5g518_grid_c1p4_b1p6_f1p25_w0p75_dc1p00_df1p00_beta0p6_max1p25_c0,repair5g539_s3_112,new_g539_blind_real_solver_execution,g539_blind_raw_00000023,g539_blind_real_solver_execution,,,,build/phase1a-batch/phase1a_batch.exe,repair5g518_grid_c1p4_b1p6_f1p25_w0p75_dc1p00_df1p00_beta0p6_max1p25_c0,repair5g539_s3_112__b2000__i2,repair5g539_s3_112,alpha_commit=1.3999999999999999|alpha_block=1.6000000000000001|alpha_wait_spillover=0.75|rho_decay=1|force_additive=0|enable_dual_channel=1|alpha_cong_commit_progress=1.3999999999999999|alpha_cong_commit_nonprogress=1.3999999999999999|alpha_cong_block=1.6000000000000001|alpha_cong_wait_progress=0.75|alpha_cong_wait_nonprogress=0.75|alpha_flow_commit_progress=1.25|alpha_flow_wait_progress=0|rho_cong_decay=1|rho_flow_decay=1|lambda_cong=1|lambda_flow=0|min_edge_cost=1|max_edge_cost=11|goal_projection_mode=flow_shield|flow_shield_beta=0.59999999999999998|max_flow_shield=1.25,maze-32-32-4,maze,50,566,2000,2,1,True,1.17945266936,,138,138,6850,7262,2,3328d90b7e982662,c139de8cffaf252f,outputs/logs/phase5p5_repair5g539_frozen_param_blind_replay/checkpoints_maze_32_32_4_a50_b2000.jsonl,real_solver_trace,False,False,False,False,False
g539_blind_00000060,maze-32-32-4|50|566|2000|final,maze-32-32-4|50|566|2000,g539_frozen_parameter_policy,repair5g539_s3_112,repair5g518_grid_c1p4_b1p6_f1p25_w0p75_dc1p00_df1p00_beta0p6_max1p25_c0,repair5g539_s3_112,new_g539_blind_real_solver_execution,g539_blind_raw_00000075,g539_blind_real_solver_execution_final_run,837c137,codex/g531-slice-pilot,tracked-dirty_untracked-present,C:\PROGRAMING\czr004\build\phase1a-batch\phase1a_batch.exe,repair5g518_grid_c1p4_b1p6_f1p25_w0p75_dc1p00_df1p00_beta0p6_max1p25_c0,repair5g539_s3_112__b2000__i2,repair5g539_s3_112,,maze-32-32-4,maze,50,566,2000,2,final,True,1.17945266936,269,234,234,11600,12450,,,,,real_solver_trace,False,False,False,False,False
g539_blind_00000061,maze-32-32-4|50|566|2000|0,maze-32-32-4|50|566|2000,ultra_safe_static_fallback,repair5g59_static_flow_shield,repair5g59_static_flow_shield,repair5g59_static_flow_shield,new_g539_blind_real_solver_execution,g539_blind_raw_00000014,g539_blind_real_solver_execution,,,,build/phase1a-batch/phase1a_batch.exe,repair5g59_static_flow_shield,repair5g59_static_flow_shield__b2000__i2,repair5g59_static_flow_shield,alpha_commit=1.25|alpha_block=1.25|alpha_wait_spillover=0.75|rho_decay=0.94999999999999996|force_additive=0|enable_dual_channel=1|alpha_cong_commit_progress=1.25|alpha_cong_commit_nonprogress=1.25|alpha_cong_block=1.25|alpha_cong_wait_progress=0.75|alpha_cong_wait_nonprogress=0.75|alpha_flow_commit_progress=1|alpha_flow_wait_progress=0|rho_cong_decay=0.94999999999999996|rho_flow_decay=1|lambda_cong=1|lambda_flow=0|min_edge_cost=1|max_edge_cost=11|goal_projection_mode=flow_shield|flow_shield_beta=0.34999999999999998|max_flow_shield=0.75,maze-32-32-4,maze,50,566,2000,2,0,True,1.1821444594,,96,96,4750,5188,1,14650fb0739d0383,de370410fc68dcda,outputs/logs/phase5p5_repair5g539_frozen_param_blind_replay/checkpoints_maze_32_32_4_a50_b2000.jsonl,real_solver_trace,False,False,False,False,False
g539_blind_00000062,maze-32-32-4|50|566|2000|1,maze-32-32-4|50|566|2000,ultra_safe_static_fallback,repair5g59_static_flow_shield,repair5g59_static_flow_shield,repair5g59_static_flow_shield,new_g539_blind_real_solver_execution,g539_blind_raw_00000015,g539_blind_real_solver_execution,,,,build/phase1a-batch/phase1a_batch.exe,repair5g59_static_flow_shield,repair5g59_static_flow_shield__b2000__i2,repair5g59_static_flow_shield,alpha_commit=1.25|alpha_block=1.25|alpha_wait_spillover=0.75|rho_decay=0.94999999999999996|force_additive=0|enable_dual_channel=1|alpha_cong_commit_progress=1.25|alpha_cong_commit_nonprogress=1.25|alpha_cong_block=1.25|alpha_cong_wait_progress=0.75|alpha_cong_wait_nonprogress=0.75|alpha_flow_commit_progress=1|alpha_flow_wait_progress=0|rho_cong_decay=0.94999999999999996|rho_flow_decay=1|lambda_cong=1|lambda_flow=0|min_edge_cost=1|max_edge_cost=11|goal_projection_mode=flow_shield|flow_shield_beta=0.34999999999999998|max_flow_shield=0.75,maze-32-32-4,maze,50,566,2000,2,1,True,1.13817855541,,100,100,4950,5202,0,de370410fc68dcda,12022dbb5e9a6212,outputs/logs/phase5p5_repair5g539_frozen_param_blind_replay/checkpoints_maze_32_32_4_a50_b2000.jsonl,real_solver_trace,False,False,False,False,False
g539_blind_00000063,maze-32-32-4|50|566|2000|final,maze-32-32-4|50|566|2000,ultra_safe_static_fallback,repair5g59_static_flow_shield,repair5g59_static_flow_shield,repair5g59_static_flow_shield,new_g539_blind_real_solver_execution,g539_blind_raw_00000071,g539_blind_real_solver_execution_final_run,837c137,codex/g531-slice-pilot,tracked-dirty_untracked-present,C:\PROGRAMING\czr004\build\phase1a-batch\phase1a_batch.exe,repair5g59_static_flow_shield,repair5g59_static_flow_shield__b2000__i2,repair5g59_static_flow_shield,,maze-32-32-4,maze,50,566,2000,2,final,True,1.13817855541,274,196,196,9700,10390,,,,,real_solver_trace,False,False,False,False,False
g539_blind_00000064,warehouse-10-20-10-2-1|50|566|2000|0,warehouse-10-20-10-2-1|50|566|2000,additive_ltm,repair5g59_additive_fallback,repair5g59_additive_fallback,repair5g59_additive_fallback,new_g539_blind_real_solver_execution,g539_blind_raw_00000048,g539_blind_real_solver_execution,,,,build/phase1a-batch/phase1a_batch.exe,repair5g59_additive_fallback,repair5g59_additive_fallback__b2000__i2,repair5g59_additive_fallback,alpha_commit=1|alpha_block=1|alpha_wait_spillover=1|rho_decay=1|force_additive=1|enable_dual_channel=0|alpha_cong_commit_progress=0|alpha_cong_commit_nonprogress=1|alpha_cong_block=1|alpha_cong_wait_progress=1|alpha_cong_wait_nonprogress=1|alpha_flow_commit_progress=0|alpha_flow_wait_progress=0|rho_cong_decay=1|rho_flow_decay=1|lambda_cong=1|lambda_flow=0|min_edge_cost=0.25|max_edge_cost=11|goal_projection_mode=none|flow_shield_beta=0|max_flow_shield=0,warehouse-10-20-10-2-1,warehouse,50,566,2000,2,0,True,1.06025641026,,184,184,9149,9377,1,14650fb0739d0383,e6aef2eb2d6973e9,outputs/logs/phase5p5_repair5g539_frozen_param_blind_replay/checkpoints_warehouse_10_20_10_2_1_a50_b2000.jsonl,real_solver_trace,False,False,False,False,False
g539_blind_00000065,warehouse-10-20-10-2-1|50|566|2000|final,warehouse-10-20-10-2-1|50|566|2000,additive_ltm,repair5g59_additive_fallback,repair5g59_additive_fallback,repair5g59_additive_fallback,new_g539_blind_real_solver_execution,g539_blind_raw_00000094,g539_blind_real_solver_execution_final_run,837c137,codex/g531-slice-pilot,tracked-dirty_untracked-present,C:\PROGRAMING\czr004\build\phase1a-batch\phase1a_batch.exe,repair5g59_additive_fallback,repair5g59_additive_fallback__b2000__i2,repair5g59_additive_fallback,,warehouse-10-20-10-2-1,warehouse,50,566,2000,2,final,True,1.06025641026,1727,184,184,9149,9377,,,,,real_solver_trace,False,False,False,False,False
g539_blind_00000066,warehouse-10-20-10-2-1|50|566|2000|0,warehouse-10-20-10-2-1|50|566|2000,static_flow_shield,repair5g59_static_flow_shield,repair5g59_static_flow_shield,repair5g59_static_flow_shield,new_g539_blind_real_solver_execution,g539_blind_raw_00000049,g539_blind_real_solver_execution,,,,build/phase1a-batch/phase1a_batch.exe,repair5g59_static_flow_shield,repair5g59_static_flow_shield__b2000__i2,repair5g59_static_flow_shield,alpha_commit=1.25|alpha_block=1.25|alpha_wait_spillover=0.75|rho_decay=0.94999999999999996|force_additive=0|enable_dual_channel=1|alpha_cong_commit_progress=1.25|alpha_cong_commit_nonprogress=1.25|alpha_cong_block=1.25|alpha_cong_wait_progress=0.75|alpha_cong_wait_nonprogress=0.75|alpha_flow_commit_progress=1|alpha_flow_wait_progress=0|rho_cong_decay=0.94999999999999996|rho_flow_decay=1|lambda_cong=1|lambda_flow=0|min_edge_cost=1|max_edge_cost=11|goal_projection_mode=flow_shield|flow_shield_beta=0.34999999999999998|max_flow_shield=0.75,warehouse-10-20-10-2-1,warehouse,50,566,2000,2,0,True,1.06025641026,,184,184,9149,9377,1,14650fb0739d0383,c9b3bc551aae36d3,outputs/logs/phase5p5_repair5g539_frozen_param_blind_replay/checkpoints_warehouse_10_20_10_2_1_a50_b2000.jsonl,real_solver_trace,False,False,False,False,False
g539_blind_00000067,warehouse-10-20-10-2-1|50|566|2000|final,warehouse-10-20-10-2-1|50|566|2000,static_flow_shield,repair5g59_static_flow_shield,repair5g59_static_flow_shield,repair5g59_static_flow_shield,new_g539_blind_real_solver_execution,g539_blind_raw_00000095,g539_blind_real_solver_execution_final_run,837c137,codex/g531-slice-pilot,tracked-dirty_untracked-present,C:\PROGRAMING\czr004\build\phase1a-batch\phase1a_batch.exe,repair5g59_static_flow_shield,repair5g59_static_flow_shield__b2000__i2,repair5g59_static_flow_shield,,warehouse-10-20-10-2-1,warehouse,50,566,2000,2,final,True,1.06025641026,1680,184,184,9149,9377,,,,,real_solver_trace,False,False,False,False,False
g539_blind_00000068,warehouse-10-20-10-2-1|50|566|2000|0,warehouse-10-20-10-2-1|50|566|2000,best_fixed_static_goal_aware,repair5g59_high_beta_cap_safe,repair5g59_high_beta_cap_safe,repair5g59_high_beta_cap_safe,new_g539_blind_real_solver_execution,g539_blind_raw_00000050,g539_blind_real_solver_execution,,,,build/phase1a-batch/phase1a_batch.exe,repair5g59_high_beta_cap_safe,repair5g59_high_beta_cap_safe__b2000__i2,repair5g59_high_beta_cap_safe,alpha_commit=1.25|alpha_block=1.25|alpha_wait_spillover=0.75|rho_decay=0.94999999999999996|force_additive=0|enable_dual_channel=1|alpha_cong_commit_progress=1.25|alpha_cong_commit_nonprogress=1.25|alpha_cong_block=1.25|alpha_cong_wait_progress=0.75|alpha_cong_wait_nonprogress=0.75|alpha_flow_commit_progress=1|alpha_flow_wait_progress=0|rho_cong_decay=0.94999999999999996|rho_flow_decay=1|lambda_cong=1|lambda_flow=0|min_edge_cost=1|max_edge_cost=11|goal_projection_mode=flow_shield|flow_shield_beta=0.59999999999999998|max_flow_shield=0.75,warehouse-10-20-10-2-1,warehouse,50,566,2000,2,0,True,1.06025641026,,184,184,9149,9377,1,14650fb0739d0383,c9b3bc551aae36d3,outputs/logs/phase5p5_repair5g539_frozen_param_blind_replay/checkpoints_warehouse_10_20_10_2_1_a50_b2000.jsonl,real_solver_trace,False,False,False,False,False
g539_blind_00000069,warehouse-10-20-10-2-1|50|566|2000|final,warehouse-10-20-10-2-1|50|566|2000,best_fixed_static_goal_aware,repair5g59_high_beta_cap_safe,repair5g59_high_beta_cap_safe,repair5g59_high_beta_cap_safe,new_g539_blind_real_solver_execution,g539_blind_raw_00000096,g539_blind_real_solver_execution_final_run,837c137,codex/g531-slice-pilot,tracked-dirty_untracked-present,C:\PROGRAMING\czr004\build\phase1a-batch\phase1a_batch.exe,repair5g59_high_beta_cap_safe,repair5g59_high_beta_cap_safe__b2000__i2,repair5g59_high_beta_cap_safe,,warehouse-10-20-10-2-1,warehouse,50,566,2000,2,final,True,1.06025641026,1761,184,184,9149,9377,,,,,real_solver_trace,False,False,False,False,False
g539_blind_00000070,warehouse-10-20-10-2-1|50|566|2000|0,warehouse-10-20-10-2-1|50|566|2000,frozen_family_static_goal_aware,repair5g59_additive_fallback,repair5g59_additive_fallback,repair5g59_additive_fallback,new_g539_blind_real_solver_execution,g539_blind_raw_00000048,g539_blind_real_solver_execution,,,,build/phase1a-batch/phase1a_batch.exe,repair5g59_additive_fallback,repair5g59_additive_fallback__b2000__i2,repair5g59_additive_fallback,alpha_commit=1|alpha_block=1|alpha_wait_spillover=1|rho_decay=1|force_additive=1|enable_dual_channel=0|alpha_cong_commit_progress=0|alpha_cong_commit_nonprogress=1|alpha_cong_block=1|alpha_cong_wait_progress=1|alpha_cong_wait_nonprogress=1|alpha_flow_commit_progress=0|alpha_flow_wait_progress=0|rho_cong_decay=1|rho_flow_decay=1|lambda_cong=1|lambda_flow=0|min_edge_cost=0.25|max_edge_cost=11|goal_projection_mode=none|flow_shield_beta=0|max_flow_shield=0,warehouse-10-20-10-2-1,warehouse,50,566,2000,2,0,True,1.06025641026,,184,184,9149,9377,1,14650fb0739d0383,e6aef2eb2d6973e9,outputs/logs/phase5p5_repair5g539_frozen_param_blind_replay/checkpoints_warehouse_10_20_10_2_1_a50_b2000.jsonl,real_solver_trace,False,False,False,False,False
g539_blind_00000071,warehouse-10-20-10-2-1|50|566|2000|final,warehouse-10-20-10-2-1|50|566|2000,frozen_family_static_goal_aware,repair5g59_additive_fallback,repair5g59_additive_fallback,repair5g59_additive_fallback,new_g539_blind_real_solver_execution,g539_blind_raw_00000094,g539_blind_real_solver_execution_final_run,837c137,codex/g531-slice-pilot,tracked-dirty_untracked-present,C:\PROGRAMING\czr004\build\phase1a-batch\phase1a_batch.exe,repair5g59_additive_fallback,repair5g59_additive_fallback__b2000__i2,repair5g59_additive_fallback,,warehouse-10-20-10-2-1,warehouse,50,566,2000,2,final,True,1.06025641026,1727,184,184,9149,9377,,,,,real_solver_trace,False,False,False,False,False
g539_blind_00000072,warehouse-10-20-10-2-1|50|566|2000|0,warehouse-10-20-10-2-1|50|566|2000,g538_best_residual_candidate,repair5g538_random_bridge_c_light,repair5g518_grid_c1p00_b1p25_f1p00_w0p65_dc0p95_df0p98_beta0p3_max0p75_c0,repair5g538_random_bridge_c_light,new_g539_blind_real_solver_execution,g539_blind_raw_00000051,g539_blind_real_solver_execution,,,,build/phase1a-batch/phase1a_batch.exe,repair5g518_grid_c1p00_b1p25_f1p00_w0p65_dc0p95_df0p98_beta0p3_max0p75_c0,repair5g538_random_bridge_c_light__b2000__i2,repair5g538_random_bridge_c_light,alpha_commit=1|alpha_block=1.25|alpha_wait_spillover=0.65000000000000002|rho_decay=0.94999999999999996|force_additive=0|enable_dual_channel=1|alpha_cong_commit_progress=1|alpha_cong_commit_nonprogress=1|alpha_cong_block=1.25|alpha_cong_wait_progress=0.65000000000000002|alpha_cong_wait_nonprogress=0.65000000000000002|alpha_flow_commit_progress=1|alpha_flow_wait_progress=0|rho_cong_decay=0.94999999999999996|rho_flow_decay=0.97999999999999998|lambda_cong=1|lambda_flow=0|min_edge_cost=1|max_edge_cost=11|goal_projection_mode=flow_shield|flow_shield_beta=0.29999999999999999|max_flow_shield=0.75,warehouse-10-20-10-2-1,warehouse,50,566,2000,2,0,True,1.06025641026,,184,184,9149,9377,1,14650fb0739d0383,3dacb4ed8958d7c1,outputs/logs/phase5p5_repair5g539_frozen_param_blind_replay/checkpoints_warehouse_10_20_10_2_1_a50_b2000.jsonl,real_solver_trace,False,False,False,False,False
g539_blind_00000073,warehouse-10-20-10-2-1|50|566|2000|final,warehouse-10-20-10-2-1|50|566|2000,g538_best_residual_candidate,repair5g538_random_bridge_c_light,repair5g518_grid_c1p00_b1p25_f1p00_w0p65_dc0p95_df0p98_beta0p3_max0p75_c0,repair5g538_random_bridge_c_light,new_g539_blind_real_solver_execution,g539_blind_raw_00000097,g539_blind_real_solver_execution_final_run,837c137,codex/g531-slice-pilot,tracked-dirty_untracked-present,C:\PROGRAMING\czr004\build\phase1a-batch\phase1a_batch.exe,repair5g518_grid_c1p00_b1p25_f1p00_w0p65_dc0p95_df0p98_beta0p3_max0p75_c0,repair5g538_random_bridge_c_light__b2000__i2,repair5g538_random_bridge_c_light,,warehouse-10-20-10-2-1,warehouse,50,566,2000,2,final,True,1.06025641026,1795,184,184,9149,9377,,,,,real_solver_trace,False,False,False,False,False
g539_blind_00000074,warehouse-10-20-10-2-1|50|566|2000|0,warehouse-10-20-10-2-1|50|566|2000,g539_best_safe_parameter_candidate,repair5g539_s3_112,repair5g518_grid_c1p4_b1p6_f1p25_w0p75_dc1p00_df1p00_beta0p6_max1p25_c0,repair5g539_s3_112,new_g539_blind_real_solver_execution,g539_blind_raw_00000052,g539_blind_real_solver_execution,,,,build/phase1a-batch/phase1a_batch.exe,repair5g518_grid_c1p4_b1p6_f1p25_w0p75_dc1p00_df1p00_beta0p6_max1p25_c0,repair5g539_s3_112__b2000__i2,repair5g539_s3_112,alpha_commit=1.3999999999999999|alpha_block=1.6000000000000001|alpha_wait_spillover=0.75|rho_decay=1|force_additive=0|enable_dual_channel=1|alpha_cong_commit_progress=1.3999999999999999|alpha_cong_commit_nonprogress=1.3999999999999999|alpha_cong_block=1.6000000000000001|alpha_cong_wait_progress=0.75|alpha_cong_wait_nonprogress=0.75|alpha_flow_commit_progress=1.25|alpha_flow_wait_progress=0|rho_cong_decay=1|rho_flow_decay=1|lambda_cong=1|lambda_flow=0|min_edge_cost=1|max_edge_cost=11|goal_projection_mode=flow_shield|flow_shield_beta=0.59999999999999998|max_flow_shield=1.25,warehouse-10-20-10-2-1,warehouse,50,566,2000,2,0,True,1.06025641026,,184,184,9149,9377,1,14650fb0739d0383,659d71ac88418974,outputs/logs/phase5p5_repair5g539_frozen_param_blind_replay/checkpoints_warehouse_10_20_10_2_1_a50_b2000.jsonl,real_solver_trace,False,False,False,False,False
g539_blind_00000075,warehouse-10-20-10-2-1|50|566|2000|final,warehouse-10-20-10-2-1|50|566|2000,g539_best_safe_parameter_candidate,repair5g539_s3_112,repair5g518_grid_c1p4_b1p6_f1p25_w0p75_dc1p00_df1p00_beta0p6_max1p25_c0,repair5g539_s3_112,new_g539_blind_real_solver_execution,g539_blind_raw_00000098,g539_blind_real_solver_execution_final_run,837c137,codex/g531-slice-pilot,tracked-dirty_untracked-present,C:\PROGRAMING\czr004\build\phase1a-batch\phase1a_batch.exe,repair5g518_grid_c1p4_b1p6_f1p25_w0p75_dc1p00_df1p00_beta0p6_max1p25_c0,repair5g539_s3_112__b2000__i2,repair5g539_s3_112,,warehouse-10-20-10-2-1,warehouse,50,566,2000,2,final,True,1.06025641026,1763,184,184,9149,9377,,,,,real_solver_trace,False,False,False,False,False
g539_blind_00000076,warehouse-10-20-10-2-1|50|566|2000|0,warehouse-10-20-10-2-1|50|566|2000,g539_frozen_parameter_policy,repair5g59_static_flow_shield,repair5g59_static_flow_shield,repair5g59_static_flow_shield,new_g539_blind_real_solver_execution,g539_blind_raw_00000049,g539_blind_real_solver_execution,,,,build/phase1a-batch/phase1a_batch.exe,repair5g59_static_flow_shield,repair5g59_static_flow_shield__b2000__i2,repair5g59_static_flow_shield,alpha_commit=1.25|alpha_block=1.25|alpha_wait_spillover=0.75|rho_decay=0.94999999999999996|force_additive=0|enable_dual_channel=1|alpha_cong_commit_progress=1.25|alpha_cong_commit_nonprogress=1.25|alpha_cong_block=1.25|alpha_cong_wait_progress=0.75|alpha_cong_wait_nonprogress=0.75|alpha_flow_commit_progress=1|alpha_flow_wait_progress=0|rho_cong_decay=0.94999999999999996|rho_flow_decay=1|lambda_cong=1|lambda_flow=0|min_edge_cost=1|max_edge_cost=11|goal_projection_mode=flow_shield|flow_shield_beta=0.34999999999999998|max_flow_shield=0.75,warehouse-10-20-10-2-1,warehouse,50,566,2000,2,0,True,1.06025641026,,184,184,9149,9377,1,14650fb0739d0383,c9b3bc551aae36d3,outputs/logs/phase5p5_repair5g539_frozen_param_blind_replay/checkpoints_warehouse_10_20_10_2_1_a50_b2000.jsonl,real_solver_trace,False,False,False,False,False
g539_blind_00000077,warehouse-10-20-10-2-1|50|566|2000|final,warehouse-10-20-10-2-1|50|566|2000,g539_frozen_parameter_policy,repair5g59_static_flow_shield,repair5g59_static_flow_shield,repair5g59_static_flow_shield,new_g539_blind_real_solver_execution,g539_blind_raw_00000095,g539_blind_real_solver_execution_final_run,837c137,codex/g531-slice-pilot,tracked-dirty_untracked-present,C:\PROGRAMING\czr004\build\phase1a-batch\phase1a_batch.exe,repair5g59_static_flow_shield,repair5g59_static_flow_shield__b2000__i2,repair5g59_static_flow_shield,,warehouse-10-20-10-2-1,warehouse,50,566,2000,2,final,True,1.06025641026,1680,184,184,9149,9377,,,,,real_solver_trace,False,False,False,False,False
g539_blind_00000078,warehouse-10-20-10-2-1|50|566|2000|0,warehouse-10-20-10-2-1|50|566|2000,ultra_safe_static_fallback,repair5g59_static_flow_shield,repair5g59_static_flow_shield,repair5g59_static_flow_shield,new_g539_blind_real_solver_execution,g539_blind_raw_00000049,g539_blind_real_solver_execution,,,,build/phase1a-batch/phase1a_batch.exe,repair5g59_static_flow_shield,repair5g59_static_flow_shield__b2000__i2,repair5g59_static_flow_shield,alpha_commit=1.25|alpha_block=1.25|alpha_wait_spillover=0.75|rho_decay=0.94999999999999996|force_additive=0|enable_dual_channel=1|alpha_cong_commit_progress=1.25|alpha_cong_commit_nonprogress=1.25|alpha_cong_block=1.25|alpha_cong_wait_progress=0.75|alpha_cong_wait_nonprogress=0.75|alpha_flow_commit_progress=1|alpha_flow_wait_progress=0|rho_cong_decay=0.94999999999999996|rho_flow_decay=1|lambda_cong=1|lambda_flow=0|min_edge_cost=1|max_edge_cost=11|goal_projection_mode=flow_shield|flow_shield_beta=0.34999999999999998|max_flow_shield=0.75,warehouse-10-20-10-2-1,warehouse,50,566,2000,2,0,True,1.06025641026,,184,184,9149,9377,1,14650fb0739d0383,c9b3bc551aae36d3,outputs/logs/phase5p5_repair5g539_frozen_param_blind_replay/checkpoints_warehouse_10_20_10_2_1_a50_b2000.jsonl,real_solver_trace,False,False,False,False,False
g539_blind_00000079,warehouse-10-20-10-2-1|50|566|2000|final,warehouse-10-20-10-2-1|50|566|2000,ultra_safe_static_fallback,repair5g59_static_flow_shield,repair5g59_static_flow_shield,repair5g59_static_flow_shield,new_g539_blind_real_solver_execution,g539_blind_raw_00000095,g539_blind_real_solver_execution_final_run,837c137,codex/g531-slice-pilot,tracked-dirty_untracked-present,C:\PROGRAMING\czr004\build\phase1a-batch\phase1a_batch.exe,repair5g59_static_flow_shield,repair5g59_static_flow_shield__b2000__i2,repair5g59_static_flow_shield,,warehouse-10-20-10-2-1,warehouse,50,566,2000,2,final,True,1.06025641026,1680,184,184,9149,9377,,,,,real_solver_trace,False,False,False,False,False
g539_blind_00000080,warehouse-10-20-10-2-1|100|566|2000|0,warehouse-10-20-10-2-1|100|566|2000,additive_ltm,repair5g59_additive_fallback,repair5g59_additive_fallback,repair5g59_additive_fallback,new_g539_blind_real_solver_execution,g539_blind_raw_00000053,g539_blind_real_solver_execution,,,,build/phase1a-batch/phase1a_batch.exe,repair5g59_additive_fallback,repair5g59_additive_fallback__b2000__i2,repair5g59_additive_fallback,alpha_commit=1|alpha_block=1|alpha_wait_spillover=1|rho_decay=1|force_additive=1|enable_dual_channel=0|alpha_cong_commit_progress=0|alpha_cong_commit_nonprogress=1|alpha_cong_block=1|alpha_cong_wait_progress=1|alpha_cong_wait_nonprogress=1|alpha_flow_commit_progress=0|alpha_flow_wait_progress=0|rho_cong_decay=1|rho_flow_decay=1|lambda_cong=1|lambda_flow=0|min_edge_cost=0.25|max_edge_cost=11|goal_projection_mode=none|flow_shield_beta=0|max_flow_shield=0,warehouse-10-20-10-2-1,warehouse,100,566,2000,2,0,False,,,1,0,0,0,0,14650fb0739d0383,14650fb0739d0383,outputs/logs/phase5p5_repair5g539_frozen_param_blind_replay/checkpoints_warehouse_10_20_10_2_1_a100_b2000.jsonl,real_solver_trace,False,False,False,False,False
g539_blind_00000081,warehouse-10-20-10-2-1|100|566|2000|final,warehouse-10-20-10-2-1|100|566|2000,additive_ltm,repair5g59_additive_fallback,repair5g59_additive_fallback,repair5g59_additive_fallback,new_g539_blind_real_solver_execution,g539_blind_raw_00000099,g539_blind_real_solver_execution_final_run,837c137,codex/g531-slice-pilot,tracked-dirty_untracked-present,C:\PROGRAMING\czr004\build\phase1a-batch\phase1a_batch.exe,repair5g59_additive_fallback,repair5g59_additive_fallback__b2000__i2,repair5g59_additive_fallback,,warehouse-10-20-10-2-1,warehouse,100,566,2000,2,final,False,,,1,0,0,0,,,,,real_solver_trace,False,False,False,False,False
g539_blind_00000082,warehouse-10-20-10-2-1|100|566|2000|0,warehouse-10-20-10-2-1|100|566|2000,static_flow_shield,repair5g59_static_flow_shield,repair5g59_static_flow_shield,repair5g59_static_flow_shield,new_g539_blind_real_solver_execution,g539_blind_raw_00000054,g539_blind_real_solver_execution,,,,build/phase1a-batch/phase1a_batch.exe,repair5g59_static_flow_shield,repair5g59_static_flow_shield__b2000__i2,repair5g59_static_flow_shield,alpha_commit=1.25|alpha_block=1.25|alpha_wait_spillover=0.75|rho_decay=0.94999999999999996|force_additive=0|enable_dual_channel=1|alpha_cong_commit_progress=1.25|alpha_cong_commit_nonprogress=1.25|alpha_cong_block=1.25|alpha_cong_wait_progress=0.75|alpha_cong_wait_nonprogress=0.75|alpha_flow_commit_progress=1|alpha_flow_wait_progress=0|rho_cong_decay=0.94999999999999996|rho_flow_decay=1|lambda_cong=1|lambda_flow=0|min_edge_cost=1|max_edge_cost=11|goal_projection_mode=flow_shield|flow_shield_beta=0.34999999999999998|max_flow_shield=0.75,warehouse-10-20-10-2-1,warehouse,100,566,2000,2,0,False,,,1,0,0,0,0,14650fb0739d0383,14650fb0739d0383,outputs/logs/phase5p5_repair5g539_frozen_param_blind_replay/checkpoints_warehouse_10_20_10_2_1_a100_b2000.jsonl,real_solver_trace,False,False,False,False,False
g539_blind_00000083,warehouse-10-20-10-2-1|100|566|2000|final,warehouse-10-20-10-2-1|100|566|2000,static_flow_shield,repair5g59_static_flow_shield,repair5g59_static_flow_shield,repair5g59_static_flow_shield,new_g539_blind_real_solver_execution,g539_blind_raw_00000100,g539_blind_real_solver_execution_final_run,837c137,codex/g531-slice-pilot,tracked-dirty_untracked-present,C:\PROGRAMING\czr004\build\phase1a-batch\phase1a_batch.exe,repair5g59_static_flow_shield,repair5g59_static_flow_shield__b2000__i2,repair5g59_static_flow_shield,,warehouse-10-20-10-2-1,warehouse,100,566,2000,2,final,False,,,1,0,0,0,,,,,real_solver_trace,False,False,False,False,False
g539_blind_00000084,warehouse-10-20-10-2-1|100|566|2000|0,warehouse-10-20-10-2-1|100|566|2000,best_fixed_static_goal_aware,repair5g59_high_beta_cap_safe,repair5g59_high_beta_cap_safe,repair5g59_high_beta_cap_safe,new_g539_blind_real_solver_execution,g539_blind_raw_00000055,g539_blind_real_solver_execution,,,,build/phase1a-batch/phase1a_batch.exe,repair5g59_high_beta_cap_safe,repair5g59_high_beta_cap_safe__b2000__i2,repair5g59_high_beta_cap_safe,alpha_commit=1.25|alpha_block=1.25|alpha_wait_spillover=0.75|rho_decay=0.94999999999999996|force_additive=0|enable_dual_channel=1|alpha_cong_commit_progress=1.25|alpha_cong_commit_nonprogress=1.25|alpha_cong_block=1.25|alpha_cong_wait_progress=0.75|alpha_cong_wait_nonprogress=0.75|alpha_flow_commit_progress=1|alpha_flow_wait_progress=0|rho_cong_decay=0.94999999999999996|rho_flow_decay=1|lambda_cong=1|lambda_flow=0|min_edge_cost=1|max_edge_cost=11|goal_projection_mode=flow_shield|flow_shield_beta=0.59999999999999998|max_flow_shield=0.75,warehouse-10-20-10-2-1,warehouse,100,566,2000,2,0,False,,,1,0,0,0,0,14650fb0739d0383,14650fb0739d0383,outputs/logs/phase5p5_repair5g539_frozen_param_blind_replay/checkpoints_warehouse_10_20_10_2_1_a100_b2000.jsonl,real_solver_trace,False,False,False,False,False
g539_blind_00000085,warehouse-10-20-10-2-1|100|566|2000|final,warehouse-10-20-10-2-1|100|566|2000,best_fixed_static_goal_aware,repair5g59_high_beta_cap_safe,repair5g59_high_beta_cap_safe,repair5g59_high_beta_cap_safe,new_g539_blind_real_solver_execution,g539_blind_raw_00000101,g539_blind_real_solver_execution_final_run,837c137,codex/g531-slice-pilot,tracked-dirty_untracked-present,C:\PROGRAMING\czr004\build\phase1a-batch\phase1a_batch.exe,repair5g59_high_beta_cap_safe,repair5g59_high_beta_cap_safe__b2000__i2,repair5g59_high_beta_cap_safe,,warehouse-10-20-10-2-1,warehouse,100,566,2000,2,final,False,,,1,0,0,0,,,,,real_solver_trace,False,False,False,False,False
g539_blind_00000086,warehouse-10-20-10-2-1|100|566|2000|0,warehouse-10-20-10-2-1|100|566|2000,frozen_family_static_goal_aware,repair5g59_additive_fallback,repair5g59_additive_fallback,repair5g59_additive_fallback,new_g539_blind_real_solver_execution,g539_blind_raw_00000053,g539_blind_real_solver_execution,,,,build/phase1a-batch/phase1a_batch.exe,repair5g59_additive_fallback,repair5g59_additive_fallback__b2000__i2,repair5g59_additive_fallback,alpha_commit=1|alpha_block=1|alpha_wait_spillover=1|rho_decay=1|force_additive=1|enable_dual_channel=0|alpha_cong_commit_progress=0|alpha_cong_commit_nonprogress=1|alpha_cong_block=1|alpha_cong_wait_progress=1|alpha_cong_wait_nonprogress=1|alpha_flow_commit_progress=0|alpha_flow_wait_progress=0|rho_cong_decay=1|rho_flow_decay=1|lambda_cong=1|lambda_flow=0|min_edge_cost=0.25|max_edge_cost=11|goal_projection_mode=none|flow_shield_beta=0|max_flow_shield=0,warehouse-10-20-10-2-1,warehouse,100,566,2000,2,0,False,,,1,0,0,0,0,14650fb0739d0383,14650fb0739d0383,outputs/logs/phase5p5_repair5g539_frozen_param_blind_replay/checkpoints_warehouse_10_20_10_2_1_a100_b2000.jsonl,real_solver_trace,False,False,False,False,False
g539_blind_00000087,warehouse-10-20-10-2-1|100|566|2000|final,warehouse-10-20-10-2-1|100|566|2000,frozen_family_static_goal_aware,repair5g59_additive_fallback,repair5g59_additive_fallback,repair5g59_additive_fallback,new_g539_blind_real_solver_execution,g539_blind_raw_00000099,g539_blind_real_solver_execution_final_run,837c137,codex/g531-slice-pilot,tracked-dirty_untracked-present,C:\PROGRAMING\czr004\build\phase1a-batch\phase1a_batch.exe,repair5g59_additive_fallback,repair5g59_additive_fallback__b2000__i2,repair5g59_additive_fallback,,warehouse-10-20-10-2-1,warehouse,100,566,2000,2,final,False,,,1,0,0,0,,,,,real_solver_trace,False,False,False,False,False
g539_blind_00000088,warehouse-10-20-10-2-1|100|566|2000|0,warehouse-10-20-10-2-1|100|566|2000,g538_best_residual_candidate,repair5g538_random_bridge_c_light,repair5g518_grid_c1p00_b1p25_f1p00_w0p65_dc0p95_df0p98_beta0p3_max0p75_c0,repair5g538_random_bridge_c_light,new_g539_blind_real_solver_execution,g539_blind_raw_00000056,g539_blind_real_solver_execution,,,,build/phase1a-batch/phase1a_batch.exe,repair5g518_grid_c1p00_b1p25_f1p00_w0p65_dc0p95_df0p98_beta0p3_max0p75_c0,repair5g538_random_bridge_c_light__b2000__i2,repair5g538_random_bridge_c_light,alpha_commit=1|alpha_block=1.25|alpha_wait_spillover=0.65000000000000002|rho_decay=0.94999999999999996|force_additive=0|enable_dual_channel=1|alpha_cong_commit_progress=1|alpha_cong_commit_nonprogress=1|alpha_cong_block=1.25|alpha_cong_wait_progress=0.65000000000000002|alpha_cong_wait_nonprogress=0.65000000000000002|alpha_flow_commit_progress=1|alpha_flow_wait_progress=0|rho_cong_decay=0.94999999999999996|rho_flow_decay=0.97999999999999998|lambda_cong=1|lambda_flow=0|min_edge_cost=1|max_edge_cost=11|goal_projection_mode=flow_shield|flow_shield_beta=0.29999999999999999|max_flow_shield=0.75,warehouse-10-20-10-2-1,warehouse,100,566,2000,2,0,False,,,1,0,0,0,0,14650fb0739d0383,14650fb0739d0383,outputs/logs/phase5p5_repair5g539_frozen_param_blind_replay/checkpoints_warehouse_10_20_10_2_1_a100_b2000.jsonl,real_solver_trace,False,False,False,False,False
g539_blind_00000089,warehouse-10-20-10-2-1|100|566|2000|final,warehouse-10-20-10-2-1|100|566|2000,g538_best_residual_candidate,repair5g538_random_bridge_c_light,repair5g518_grid_c1p00_b1p25_f1p00_w0p65_dc0p95_df0p98_beta0p3_max0p75_c0,repair5g538_random_bridge_c_light,new_g539_blind_real_solver_execution,g539_blind_raw_00000102,g539_blind_real_solver_execution_final_run,837c137,codex/g531-slice-pilot,tracked-dirty_untracked-present,C:\PROGRAMING\czr004\build\phase1a-batch\phase1a_batch.exe,repair5g518_grid_c1p00_b1p25_f1p00_w0p65_dc0p95_df0p98_beta0p3_max0p75_c0,repair5g538_random_bridge_c_light__b2000__i2,repair5g538_random_bridge_c_light,,warehouse-10-20-10-2-1,warehouse,100,566,2000,2,final,False,,,1,0,0,0,,,,,real_solver_trace,False,False,False,False,False
g539_blind_00000090,warehouse-10-20-10-2-1|100|566|2000|0,warehouse-10-20-10-2-1|100|566|2000,g539_best_safe_parameter_candidate,repair5g539_s3_112,repair5g518_grid_c1p4_b1p6_f1p25_w0p75_dc1p00_df1p00_beta0p6_max1p25_c0,repair5g539_s3_112,new_g539_blind_real_solver_execution,g539_blind_raw_00000057,g539_blind_real_solver_execution,,,,build/phase1a-batch/phase1a_batch.exe,repair5g518_grid_c1p4_b1p6_f1p25_w0p75_dc1p00_df1p00_beta0p6_max1p25_c0,repair5g539_s3_112__b2000__i2,repair5g539_s3_112,alpha_commit=1.3999999999999999|alpha_block=1.6000000000000001|alpha_wait_spillover=0.75|rho_decay=1|force_additive=0|enable_dual_channel=1|alpha_cong_commit_progress=1.3999999999999999|alpha_cong_commit_nonprogress=1.3999999999999999|alpha_cong_block=1.6000000000000001|alpha_cong_wait_progress=0.75|alpha_cong_wait_nonprogress=0.75|alpha_flow_commit_progress=1.25|alpha_flow_wait_progress=0|rho_cong_decay=1|rho_flow_decay=1|lambda_cong=1|lambda_flow=0|min_edge_cost=1|max_edge_cost=11|goal_projection_mode=flow_shield|flow_shield_beta=0.59999999999999998|max_flow_shield=1.25,warehouse-10-20-10-2-1,warehouse,100,566,2000,2,0,False,,,1,0,0,0,0,14650fb0739d0383,14650fb0739d0383,outputs/logs/phase5p5_repair5g539_frozen_param_blind_replay/checkpoints_warehouse_10_20_10_2_1_a100_b2000.jsonl,real_solver_trace,False,False,False,False,False
g539_blind_00000091,warehouse-10-20-10-2-1|100|566|2000|final,warehouse-10-20-10-2-1|100|566|2000,g539_best_safe_parameter_candidate,repair5g539_s3_112,repair5g518_grid_c1p4_b1p6_f1p25_w0p75_dc1p00_df1p00_beta0p6_max1p25_c0,repair5g539_s3_112,new_g539_blind_real_solver_execution,g539_blind_raw_00000103,g539_blind_real_solver_execution_final_run,837c137,codex/g531-slice-pilot,tracked-dirty_untracked-present,C:\PROGRAMING\czr004\build\phase1a-batch\phase1a_batch.exe,repair5g518_grid_c1p4_b1p6_f1p25_w0p75_dc1p00_df1p00_beta0p6_max1p25_c0,repair5g539_s3_112__b2000__i2,repair5g539_s3_112,,warehouse-10-20-10-2-1,warehouse,100,566,2000,2,final,False,,,1,0,0,0,,,,,real_solver_trace,False,False,False,False,False
g539_blind_00000092,warehouse-10-20-10-2-1|100|566|2000|0,warehouse-10-20-10-2-1|100|566|2000,g539_frozen_parameter_policy,repair5g59_static_flow_shield,repair5g59_static_flow_shield,repair5g59_static_flow_shield,new_g539_blind_real_solver_execution,g539_blind_raw_00000054,g539_blind_real_solver_execution,,,,build/phase1a-batch/phase1a_batch.exe,repair5g59_static_flow_shield,repair5g59_static_flow_shield__b2000__i2,repair5g59_static_flow_shield,alpha_commit=1.25|alpha_block=1.25|alpha_wait_spillover=0.75|rho_decay=0.94999999999999996|force_additive=0|enable_dual_channel=1|alpha_cong_commit_progress=1.25|alpha_cong_commit_nonprogress=1.25|alpha_cong_block=1.25|alpha_cong_wait_progress=0.75|alpha_cong_wait_nonprogress=0.75|alpha_flow_commit_progress=1|alpha_flow_wait_progress=0|rho_cong_decay=0.94999999999999996|rho_flow_decay=1|lambda_cong=1|lambda_flow=0|min_edge_cost=1|max_edge_cost=11|goal_projection_mode=flow_shield|flow_shield_beta=0.34999999999999998|max_flow_shield=0.75,warehouse-10-20-10-2-1,warehouse,100,566,2000,2,0,False,,,1,0,0,0,0,14650fb0739d0383,14650fb0739d0383,outputs/logs/phase5p5_repair5g539_frozen_param_blind_replay/checkpoints_warehouse_10_20_10_2_1_a100_b2000.jsonl,real_solver_trace,False,False,False,False,False
g539_blind_00000093,warehouse-10-20-10-2-1|100|566|2000|final,warehouse-10-20-10-2-1|100|566|2000,g539_frozen_parameter_policy,repair5g59_static_flow_shield,repair5g59_static_flow_shield,repair5g59_static_flow_shield,new_g539_blind_real_solver_execution,g539_blind_raw_00000100,g539_blind_real_solver_execution_final_run,837c137,codex/g531-slice-pilot,tracked-dirty_untracked-present,C:\PROGRAMING\czr004\build\phase1a-batch\phase1a_batch.exe,repair5g59_static_flow_shield,repair5g59_static_flow_shield__b2000__i2,repair5g59_static_flow_shield,,warehouse-10-20-10-2-1,warehouse,100,566,2000,2,final,False,,,1,0,0,0,,,,,real_solver_trace,False,False,False,False,False
g539_blind_00000094,warehouse-10-20-10-2-1|100|566|2000|0,warehouse-10-20-10-2-1|100|566|2000,ultra_safe_static_fallback,repair5g59_static_flow_shield,repair5g59_static_flow_shield,repair5g59_static_flow_shield,new_g539_blind_real_solver_execution,g539_blind_raw_00000054,g539_blind_real_solver_execution,,,,build/phase1a-batch/phase1a_batch.exe,repair5g59_static_flow_shield,repair5g59_static_flow_shield__b2000__i2,repair5g59_static_flow_shield,alpha_commit=1.25|alpha_block=1.25|alpha_wait_spillover=0.75|rho_decay=0.94999999999999996|force_additive=0|enable_dual_channel=1|alpha_cong_commit_progress=1.25|alpha_cong_commit_nonprogress=1.25|alpha_cong_block=1.25|alpha_cong_wait_progress=0.75|alpha_cong_wait_nonprogress=0.75|alpha_flow_commit_progress=1|alpha_flow_wait_progress=0|rho_cong_decay=0.94999999999999996|rho_flow_decay=1|lambda_cong=1|lambda_flow=0|min_edge_cost=1|max_edge_cost=11|goal_projection_mode=flow_shield|flow_shield_beta=0.34999999999999998|max_flow_shield=0.75,warehouse-10-20-10-2-1,warehouse,100,566,2000,2,0,False,,,1,0,0,0,0,14650fb0739d0383,14650fb0739d0383,outputs/logs/phase5p5_repair5g539_frozen_param_blind_replay/checkpoints_warehouse_10_20_10_2_1_a100_b2000.jsonl,real_solver_trace,False,False,False,False,False
g539_blind_00000095,warehouse-10-20-10-2-1|100|566|2000|final,warehouse-10-20-10-2-1|100|566|2000,ultra_safe_static_fallback,repair5g59_static_flow_shield,repair5g59_static_flow_shield,repair5g59_static_flow_shield,new_g539_blind_real_solver_execution,g539_blind_raw_00000100,g539_blind_real_solver_execution_final_run,837c137,codex/g531-slice-pilot,tracked-dirty_untracked-present,C:\PROGRAMING\czr004\build\phase1a-batch\phase1a_batch.exe,repair5g59_static_flow_shield,repair5g59_static_flow_shield__b2000__i2,repair5g59_static_flow_shield,,warehouse-10-20-10-2-1,warehouse,100,566,2000,2,final,False,,,1,0,0,0,,,,,real_solver_trace,False,False,False,False,False
g539_blind_00000096,maze-32-32-4|50|566|500|0,maze-32-32-4|50|566|500,additive_ltm,repair5g59_additive_fallback,repair5g59_additive_fallback,repair5g59_additive_fallback,new_g539_blind_real_solver_execution,g539_blind_raw_00000000,g539_blind_real_solver_execution,,,,build/phase1a-batch/phase1a_batch.exe,repair5g59_additive_fallback,repair5g59_additive_fallback__b500__i2,repair5g59_additive_fallback,alpha_commit=1|alpha_block=1|alpha_wait_spillover=1|rho_decay=1|force_additive=1|enable_dual_channel=0|alpha_cong_commit_progress=0|alpha_cong_commit_nonprogress=1|alpha_cong_block=1|alpha_cong_wait_progress=1|alpha_cong_wait_nonprogress=1|alpha_flow_commit_progress=0|alpha_flow_wait_progress=0|rho_cong_decay=1|rho_flow_decay=1|lambda_cong=1|lambda_flow=0|min_edge_cost=0.25|max_edge_cost=11|goal_projection_mode=none|flow_shield_beta=0|max_flow_shield=0,maze-32-32-4,maze,50,566,500,2,0,True,1.1821444594,,96,96,4750,5188,1,14650fb0739d0383,e0632a6494370b66,outputs/logs/phase5p5_repair5g539_frozen_param_blind_replay/checkpoints_maze_32_32_4_a50_b500.jsonl,real_solver_trace,False,False,False,False,False
g539_blind_00000097,maze-32-32-4|50|566|500|final,maze-32-32-4|50|566|500,additive_ltm,repair5g59_additive_fallback,repair5g59_additive_fallback,repair5g59_additive_fallback,new_g539_blind_real_solver_execution,g539_blind_raw_00000058,g539_blind_real_solver_execution_final_run,837c137,codex/g531-slice-pilot,tracked-dirty_untracked-present,C:\PROGRAMING\czr004\build\phase1a-batch\phase1a_batch.exe,repair5g59_additive_fallback,repair5g59_additive_fallback__b500__i2,repair5g59_additive_fallback,,maze-32-32-4,maze,50,566,500,2,final,True,1.1821444594,280,96,96,4750,5188,,,,,real_solver_trace,False,False,False,False,False
g539_blind_00000098,maze-32-32-4|50|566|500|0,maze-32-32-4|50|566|500,static_flow_shield,repair5g59_static_flow_shield,repair5g59_static_flow_shield,repair5g59_static_flow_shield,new_g539_blind_real_solver_execution,g539_blind_raw_00000001,g539_blind_real_solver_execution,,,,build/phase1a-batch/phase1a_batch.exe,repair5g59_static_flow_shield,repair5g59_static_flow_shield__b500__i2,repair5g59_static_flow_shield,alpha_commit=1.25|alpha_block=1.25|alpha_wait_spillover=0.75|rho_decay=0.94999999999999996|force_additive=0|enable_dual_channel=1|alpha_cong_commit_progress=1.25|alpha_cong_commit_nonprogress=1.25|alpha_cong_block=1.25|alpha_cong_wait_progress=0.75|alpha_cong_wait_nonprogress=0.75|alpha_flow_commit_progress=1|alpha_flow_wait_progress=0|rho_cong_decay=0.94999999999999996|rho_flow_decay=1|lambda_cong=1|lambda_flow=0|min_edge_cost=1|max_edge_cost=11|goal_projection_mode=flow_shield|flow_shield_beta=0.34999999999999998|max_flow_shield=0.75,maze-32-32-4,maze,50,566,500,2,0,True,1.1821444594,,96,96,4750,5188,1,14650fb0739d0383,de370410fc68dcda,outputs/logs/phase5p5_repair5g539_frozen_param_blind_replay/checkpoints_maze_32_32_4_a50_b500.jsonl,real_solver_trace,False,False,False,False,False
g539_blind_00000099,maze-32-32-4|50|566|500|final,maze-32-32-4|50|566|500,static_flow_shield,repair5g59_static_flow_shield,repair5g59_static_flow_shield,repair5g59_static_flow_shield,new_g539_blind_real_solver_execution,g539_blind_raw_00000059,g539_blind_real_solver_execution_final_run,837c137,codex/g531-slice-pilot,tracked-dirty_untracked-present,C:\PROGRAMING\czr004\build\phase1a-batch\phase1a_batch.exe,repair5g59_static_flow_shield,repair5g59_static_flow_shield__b500__i2,repair5g59_static_flow_shield,,maze-32-32-4,maze,50,566,500,2,final,True,1.1821444594,269,96,96,4750,5188,,,,,real_solver_trace,False,False,False,False,False
g539_blind_00000100,maze-32-32-4|50|566|500|0,maze-32-32-4|50|566|500,best_fixed_static_goal_aware,repair5g59_high_beta_cap_safe,repair5g59_high_beta_cap_safe,repair5g59_high_beta_cap_safe,new_g539_blind_real_solver_execution,g539_blind_raw_00000002,g539_blind_real_solver_execution,,,,build/phase1a-batch/phase1a_batch.exe,repair5g59_high_beta_cap_safe,repair5g59_high_beta_cap_safe__b500__i2,repair5g59_high_beta_cap_safe,alpha_commit=1.25|alpha_block=1.25|alpha_wait_spillover=0.75|rho_decay=0.94999999999999996|force_additive=0|enable_dual_channel=1|alpha_cong_commit_progress=1.25|alpha_cong_commit_nonprogress=1.25|alpha_cong_block=1.25|alpha_cong_wait_progress=0.75|alpha_cong_wait_nonprogress=0.75|alpha_flow_commit_progress=1|alpha_flow_wait_progress=0|rho_cong_decay=0.94999999999999996|rho_flow_decay=1|lambda_cong=1|lambda_flow=0|min_edge_cost=1|max_edge_cost=11|goal_projection_mode=flow_shield|flow_shield_beta=0.59999999999999998|max_flow_shield=0.75,maze-32-32-4,maze,50,566,500,2,0,True,1.1821444594,,96,96,4750,5188,1,14650fb0739d0383,de370410fc68dcda,outputs/logs/phase5p5_repair5g539_frozen_param_blind_replay/checkpoints_maze_32_32_4_a50_b500.jsonl,real_solver_trace,False,False,False,False,False
g539_blind_00000101,maze-32-32-4|50|566|500|final,maze-32-32-4|50|566|500,best_fixed_static_goal_aware,repair5g59_high_beta_cap_safe,repair5g59_high_beta_cap_safe,repair5g59_high_beta_cap_safe,new_g539_blind_real_solver_execution,g539_blind_raw_00000060,g539_blind_real_solver_execution_final_run,837c137,codex/g531-slice-pilot,tracked-dirty_untracked-present,C:\PROGRAMING\czr004\build\phase1a-batch\phase1a_batch.exe,repair5g59_high_beta_cap_safe,repair5g59_high_beta_cap_safe__b500__i2,repair5g59_high_beta_cap_safe,,maze-32-32-4,maze,50,566,500,2,final,True,1.1821444594,283,96,96,4750,5188,,,,,real_solver_trace,False,False,False,False,False
g539_blind_00000102,maze-32-32-4|50|566|500|0,maze-32-32-4|50|566|500,frozen_family_static_goal_aware,repair5g59_low_beta_high_cap,repair5g59_low_beta_high_cap,repair5g59_low_beta_high_cap,new_g539_blind_real_solver_execution,g539_blind_raw_00000003,g539_blind_real_solver_execution,,,,build/phase1a-batch/phase1a_batch.exe,repair5g59_low_beta_high_cap,repair5g59_low_beta_high_cap__b500__i2,repair5g59_low_beta_high_cap,alpha_commit=1.25|alpha_block=1.25|alpha_wait_spillover=0.75|rho_decay=0.94999999999999996|force_additive=0|enable_dual_channel=1|alpha_cong_commit_progress=1.25|alpha_cong_commit_nonprogress=1.25|alpha_cong_block=1.25|alpha_cong_wait_progress=0.75|alpha_cong_wait_nonprogress=0.75|alpha_flow_commit_progress=1|alpha_flow_wait_progress=0|rho_cong_decay=0.94999999999999996|rho_flow_decay=1|lambda_cong=1|lambda_flow=0|min_edge_cost=1|max_edge_cost=11|goal_projection_mode=flow_shield|flow_shield_beta=0.20000000000000001|max_flow_shield=1.25,maze-32-32-4,maze,50,566,500,2,0,True,1.1821444594,,96,96,4750,5188,1,14650fb0739d0383,de370410fc68dcda,outputs/logs/phase5p5_repair5g539_frozen_param_blind_replay/checkpoints_maze_32_32_4_a50_b500.jsonl,real_solver_trace,False,False,False,False,False
g539_blind_00000103,maze-32-32-4|50|566|500|final,maze-32-32-4|50|566|500,frozen_family_static_goal_aware,repair5g59_low_beta_high_cap,repair5g59_low_beta_high_cap,repair5g59_low_beta_high_cap,new_g539_blind_real_solver_execution,g539_blind_raw_00000061,g539_blind_real_solver_execution_final_run,837c137,codex/g531-slice-pilot,tracked-dirty_untracked-present,C:\PROGRAMING\czr004\build\phase1a-batch\phase1a_batch.exe,repair5g59_low_beta_high_cap,repair5g59_low_beta_high_cap__b500__i2,repair5g59_low_beta_high_cap,,maze-32-32-4,maze,50,566,500,2,final,True,1.1821444594,280,96,96,4750,5188,,,,,real_solver_trace,False,False,False,False,False
g539_blind_00000104,maze-32-32-4|50|566|500|0,maze-32-32-4|50|566|500,g538_best_residual_candidate,repair5g538_random_bridge_c_light,repair5g518_grid_c1p00_b1p25_f1p00_w0p65_dc0p95_df0p98_beta0p3_max0p75_c0,repair5g538_random_bridge_c_light,new_g539_blind_real_solver_execution,g539_blind_raw_00000004,g539_blind_real_solver_execution,,,,build/phase1a-batch/phase1a_batch.exe,repair5g518_grid_c1p00_b1p25_f1p00_w0p65_dc0p95_df0p98_beta0p3_max0p75_c0,repair5g538_random_bridge_c_light__b500__i2,repair5g538_random_bridge_c_light,alpha_commit=1|alpha_block=1.25|alpha_wait_spillover=0.65000000000000002|rho_decay=0.94999999999999996|force_additive=0|enable_dual_channel=1|alpha_cong_commit_progress=1|alpha_cong_commit_nonprogress=1|alpha_cong_block=1.25|alpha_cong_wait_progress=0.65000000000000002|alpha_cong_wait_nonprogress=0.65000000000000002|alpha_flow_commit_progress=1|alpha_flow_wait_progress=0|rho_cong_decay=0.94999999999999996|rho_flow_decay=0.97999999999999998|lambda_cong=1|lambda_flow=0|min_edge_cost=1|max_edge_cost=11|goal_projection_mode=flow_shield|flow_shield_beta=0.29999999999999999|max_flow_shield=0.75,maze-32-32-4,maze,50,566,500,2,0,True,1.1821444594,,96,96,4750,5188,1,14650fb0739d0383,2cb36ded30a59d86,outputs/logs/phase5p5_repair5g539_frozen_param_blind_replay/checkpoints_maze_32_32_4_a50_b500.jsonl,real_solver_trace,False,False,False,False,False
g539_blind_00000105,maze-32-32-4|50|566|500|final,maze-32-32-4|50|566|500,g538_best_residual_candidate,repair5g538_random_bridge_c_light,repair5g518_grid_c1p00_b1p25_f1p00_w0p65_dc0p95_df0p98_beta0p3_max0p75_c0,repair5g538_random_bridge_c_light,new_g539_blind_real_solver_execution,g539_blind_raw_00000062,g539_blind_real_solver_execution_final_run,837c137,codex/g531-slice-pilot,tracked-dirty_untracked-present,C:\PROGRAMING\czr004\build\phase1a-batch\phase1a_batch.exe,repair5g518_grid_c1p00_b1p25_f1p00_w0p65_dc0p95_df0p98_beta0p3_max0p75_c0,repair5g538_random_bridge_c_light__b500__i2,repair5g538_random_bridge_c_light,,maze-32-32-4,maze,50,566,500,2,final,True,1.1821444594,288,96,96,4750,5188,,,,,real_solver_trace,False,False,False,False,False
g539_blind_00000106,maze-32-32-4|50|566|500|0,maze-32-32-4|50|566|500,g539_best_safe_parameter_candidate,repair5g539_s3_112,repair5g518_grid_c1p4_b1p6_f1p25_w0p75_dc1p00_df1p00_beta0p6_max1p25_c0,repair5g539_s3_112,new_g539_blind_real_solver_execution,g539_blind_raw_00000005,g539_blind_real_solver_execution,,,,build/phase1a-batch/phase1a_batch.exe,repair5g518_grid_c1p4_b1p6_f1p25_w0p75_dc1p00_df1p00_beta0p6_max1p25_c0,repair5g539_s3_112__b500__i2,repair5g539_s3_112,alpha_commit=1.3999999999999999|alpha_block=1.6000000000000001|alpha_wait_spillover=0.75|rho_decay=1|force_additive=0|enable_dual_channel=1|alpha_cong_commit_progress=1.3999999999999999|alpha_cong_commit_nonprogress=1.3999999999999999|alpha_cong_block=1.6000000000000001|alpha_cong_wait_progress=0.75|alpha_cong_wait_nonprogress=0.75|alpha_flow_commit_progress=1.25|alpha_flow_wait_progress=0|rho_cong_decay=1|rho_flow_decay=1|lambda_cong=1|lambda_flow=0|min_edge_cost=1|max_edge_cost=11|goal_projection_mode=flow_shield|flow_shield_beta=0.59999999999999998|max_flow_shield=1.25,maze-32-32-4,maze,50,566,500,2,0,True,1.1821444594,,96,96,4750,5188,1,14650fb0739d0383,3328d90b7e982662,outputs/logs/phase5p5_repair5g539_frozen_param_blind_replay/checkpoints_maze_32_32_4_a50_b500.jsonl,real_solver_trace,False,False,False,False,False
g539_blind_00000107,maze-32-32-4|50|566|500|final,maze-32-32-4|50|566|500,g539_best_safe_parameter_candidate,repair5g539_s3_112,repair5g518_grid_c1p4_b1p6_f1p25_w0p75_dc1p00_df1p00_beta0p6_max1p25_c0,repair5g539_s3_112,new_g539_blind_real_solver_execution,g539_blind_raw_00000063,g539_blind_real_solver_execution_final_run,837c137,codex/g531-slice-pilot,tracked-dirty_untracked-present,C:\PROGRAMING\czr004\build\phase1a-batch\phase1a_batch.exe,repair5g518_grid_c1p4_b1p6_f1p25_w0p75_dc1p00_df1p00_beta0p6_max1p25_c0,repair5g539_s3_112__b500__i2,repair5g539_s3_112,,maze-32-32-4,maze,50,566,500,2,final,True,1.1821444594,287,96,96,4750,5188,,,,,real_solver_trace,False,False,False,False,False
g539_blind_00000108,maze-32-32-4|50|566|500|0,maze-32-32-4|50|566|500,g539_frozen_parameter_policy,repair5g59_static_flow_shield,repair5g59_static_flow_shield,repair5g59_static_flow_shield,new_g539_blind_real_solver_execution,g539_blind_raw_00000001,g539_blind_real_solver_execution,,,,build/phase1a-batch/phase1a_batch.exe,repair5g59_static_flow_shield,repair5g59_static_flow_shield__b500__i2,repair5g59_static_flow_shield,alpha_commit=1.25|alpha_block=1.25|alpha_wait_spillover=0.75|rho_decay=0.94999999999999996|force_additive=0|enable_dual_channel=1|alpha_cong_commit_progress=1.25|alpha_cong_commit_nonprogress=1.25|alpha_cong_block=1.25|alpha_cong_wait_progress=0.75|alpha_cong_wait_nonprogress=0.75|alpha_flow_commit_progress=1|alpha_flow_wait_progress=0|rho_cong_decay=0.94999999999999996|rho_flow_decay=1|lambda_cong=1|lambda_flow=0|min_edge_cost=1|max_edge_cost=11|goal_projection_mode=flow_shield|flow_shield_beta=0.34999999999999998|max_flow_shield=0.75,maze-32-32-4,maze,50,566,500,2,0,True,1.1821444594,,96,96,4750,5188,1,14650fb0739d0383,de370410fc68dcda,outputs/logs/phase5p5_repair5g539_frozen_param_blind_replay/checkpoints_maze_32_32_4_a50_b500.jsonl,real_solver_trace,False,False,False,False,False
g539_blind_00000109,maze-32-32-4|50|566|500|final,maze-32-32-4|50|566|500,g539_frozen_parameter_policy,repair5g59_static_flow_shield,repair5g59_static_flow_shield,repair5g59_static_flow_shield,new_g539_blind_real_solver_execution,g539_blind_raw_00000059,g539_blind_real_solver_execution_final_run,837c137,codex/g531-slice-pilot,tracked-dirty_untracked-present,C:\PROGRAMING\czr004\build\phase1a-batch\phase1a_batch.exe,repair5g59_static_flow_shield,repair5g59_static_flow_shield__b500__i2,repair5g59_static_flow_shield,,maze-32-32-4,maze,50,566,500,2,final,True,1.1821444594,269,96,96,4750,5188,,,,,real_solver_trace,False,False,False,False,False
g539_blind_00000110,maze-32-32-4|50|566|500|0,maze-32-32-4|50|566|500,ultra_safe_static_fallback,repair5g59_static_flow_shield,repair5g59_static_flow_shield,repair5g59_static_flow_shield,new_g539_blind_real_solver_execution,g539_blind_raw_00000001,g539_blind_real_solver_execution,,,,build/phase1a-batch/phase1a_batch.exe,repair5g59_static_flow_shield,repair5g59_static_flow_shield__b500__i2,repair5g59_static_flow_shield,alpha_commit=1.25|alpha_block=1.25|alpha_wait_spillover=0.75|rho_decay=0.94999999999999996|force_additive=0|enable_dual_channel=1|alpha_cong_commit_progress=1.25|alpha_cong_commit_nonprogress=1.25|alpha_cong_block=1.25|alpha_cong_wait_progress=0.75|alpha_cong_wait_nonprogress=0.75|alpha_flow_commit_progress=1|alpha_flow_wait_progress=0|rho_cong_decay=0.94999999999999996|rho_flow_decay=1|lambda_cong=1|lambda_flow=0|min_edge_cost=1|max_edge_cost=11|goal_projection_mode=flow_shield|flow_shield_beta=0.34999999999999998|max_flow_shield=0.75,maze-32-32-4,maze,50,566,500,2,0,True,1.1821444594,,96,96,4750,5188,1,14650fb0739d0383,de370410fc68dcda,outputs/logs/phase5p5_repair5g539_frozen_param_blind_replay/checkpoints_maze_32_32_4_a50_b500.jsonl,real_solver_trace,False,False,False,False,False
g539_blind_00000111,maze-32-32-4|50|566|500|final,maze-32-32-4|50|566|500,ultra_safe_static_fallback,repair5g59_static_flow_shield,repair5g59_static_flow_shield,repair5g59_static_flow_shield,new_g539_blind_real_solver_execution,g539_blind_raw_00000059,g539_blind_real_solver_execution_final_run,837c137,codex/g531-slice-pilot,tracked-dirty_untracked-present,C:\PROGRAMING\czr004\build\phase1a-batch\phase1a_batch.exe,repair5g59_static_flow_shield,repair5g59_static_flow_shield__b500__i2,repair5g59_static_flow_shield,,maze-32-32-4,maze,50,566,500,2,final,True,1.1821444594,269,96,96,4750,5188,,,,,real_solver_trace,False,False,False,False,False
g539_blind_00000112,maze-32-32-4|50|566|1000|0,maze-32-32-4|50|566|1000,additive_ltm,repair5g59_additive_fallback,repair5g59_additive_fallback,repair5g59_additive_fallback,new_g539_blind_real_solver_execution,g539_blind_raw_00000006,g539_blind_real_solver_execution,,,,build/phase1a-batch/phase1a_batch.exe,repair5g59_additive_fallback,repair5g59_additive_fallback__b1000__i2,repair5g59_additive_fallback,alpha_commit=1|alpha_block=1|alpha_wait_spillover=1|rho_decay=1|force_additive=1|enable_dual_channel=0|alpha_cong_commit_progress=0|alpha_cong_commit_nonprogress=1|alpha_cong_block=1|alpha_cong_wait_progress=1|alpha_cong_wait_nonprogress=1|alpha_flow_commit_progress=0|alpha_flow_wait_progress=0|rho_cong_decay=1|rho_flow_decay=1|lambda_cong=1|lambda_flow=0|min_edge_cost=0.25|max_edge_cost=11|goal_projection_mode=none|flow_shield_beta=0|max_flow_shield=0,maze-32-32-4,maze,50,566,1000,2,0,True,1.1821444594,,96,96,4750,5188,1,14650fb0739d0383,e0632a6494370b66,outputs/logs/phase5p5_repair5g539_frozen_param_blind_replay/checkpoints_maze_32_32_4_a50_b1000.jsonl,real_solver_trace,False,False,False,False,False
g539_blind_00000113,maze-32-32-4|50|566|1000|final,maze-32-32-4|50|566|1000,additive_ltm,repair5g59_additive_fallback,repair5g59_additive_fallback,repair5g59_additive_fallback,new_g539_blind_real_solver_execution,g539_blind_raw_00000064,g539_blind_real_solver_execution_final_run,837c137,codex/g531-slice-pilot,tracked-dirty_untracked-present,C:\PROGRAMING\czr004\build\phase1a-batch\phase1a_batch.exe,repair5g59_additive_fallback,repair5g59_additive_fallback__b1000__i2,repair5g59_additive_fallback,,maze-32-32-4,maze,50,566,1000,2,final,True,1.1821444594,276,96,96,4750,5188,,,,,real_solver_trace,False,False,False,False,False
g539_blind_00000114,maze-32-32-4|50|566|1000|0,maze-32-32-4|50|566|1000,static_flow_shield,repair5g59_static_flow_shield,repair5g59_static_flow_shield,repair5g59_static_flow_shield,new_g539_blind_real_solver_execution,g539_blind_raw_00000007,g539_blind_real_solver_execution,,,,build/phase1a-batch/phase1a_batch.exe,repair5g59_static_flow_shield,repair5g59_static_flow_shield__b1000__i2,repair5g59_static_flow_shield,alpha_commit=1.25|alpha_block=1.25|alpha_wait_spillover=0.75|rho_decay=0.94999999999999996|force_additive=0|enable_dual_channel=1|alpha_cong_commit_progress=1.25|alpha_cong_commit_nonprogress=1.25|alpha_cong_block=1.25|alpha_cong_wait_progress=0.75|alpha_cong_wait_nonprogress=0.75|alpha_flow_commit_progress=1|alpha_flow_wait_progress=0|rho_cong_decay=0.94999999999999996|rho_flow_decay=1|lambda_cong=1|lambda_flow=0|min_edge_cost=1|max_edge_cost=11|goal_projection_mode=flow_shield|flow_shield_beta=0.34999999999999998|max_flow_shield=0.75,maze-32-32-4,maze,50,566,1000,2,0,True,1.1821444594,,96,96,4750,5188,1,14650fb0739d0383,de370410fc68dcda,outputs/logs/phase5p5_repair5g539_frozen_param_blind_replay/checkpoints_maze_32_32_4_a50_b1000.jsonl,real_solver_trace,False,False,False,False,False
g539_blind_00000115,maze-32-32-4|50|566|1000|final,maze-32-32-4|50|566|1000,static_flow_shield,repair5g59_static_flow_shield,repair5g59_static_flow_shield,repair5g59_static_flow_shield,new_g539_blind_real_solver_execution,g539_blind_raw_00000065,g539_blind_real_solver_execution_final_run,837c137,codex/g531-slice-pilot,tracked-dirty_untracked-present,C:\PROGRAMING\czr004\build\phase1a-batch\phase1a_batch.exe,repair5g59_static_flow_shield,repair5g59_static_flow_shield__b1000__i2,repair5g59_static_flow_shield,,maze-32-32-4,maze,50,566,1000,2,final,True,1.1821444594,297,96,96,4750,5188,,,,,real_solver_trace,False,False,False,False,False
g539_blind_00000116,maze-32-32-4|50|566|1000|0,maze-32-32-4|50|566|1000,best_fixed_static_goal_aware,repair5g59_high_beta_cap_safe,repair5g59_high_beta_cap_safe,repair5g59_high_beta_cap_safe,new_g539_blind_real_solver_execution,g539_blind_raw_00000008,g539_blind_real_solver_execution,,,,build/phase1a-batch/phase1a_batch.exe,repair5g59_high_beta_cap_safe,repair5g59_high_beta_cap_safe__b1000__i2,repair5g59_high_beta_cap_safe,alpha_commit=1.25|alpha_block=1.25|alpha_wait_spillover=0.75|rho_decay=0.94999999999999996|force_additive=0|enable_dual_channel=1|alpha_cong_commit_progress=1.25|alpha_cong_commit_nonprogress=1.25|alpha_cong_block=1.25|alpha_cong_wait_progress=0.75|alpha_cong_wait_nonprogress=0.75|alpha_flow_commit_progress=1|alpha_flow_wait_progress=0|rho_cong_decay=0.94999999999999996|rho_flow_decay=1|lambda_cong=1|lambda_flow=0|min_edge_cost=1|max_edge_cost=11|goal_projection_mode=flow_shield|flow_shield_beta=0.59999999999999998|max_flow_shield=0.75,maze-32-32-4,maze,50,566,1000,2,0,True,1.1821444594,,96,96,4750,5188,1,14650fb0739d0383,de370410fc68dcda,outputs/logs/phase5p5_repair5g539_frozen_param_blind_replay/checkpoints_maze_32_32_4_a50_b1000.jsonl,real_solver_trace,False,False,False,False,False
g539_blind_00000117,maze-32-32-4|50|566|1000|final,maze-32-32-4|50|566|1000,best_fixed_static_goal_aware,repair5g59_high_beta_cap_safe,repair5g59_high_beta_cap_safe,repair5g59_high_beta_cap_safe,new_g539_blind_real_solver_execution,g539_blind_raw_00000066,g539_blind_real_solver_execution_final_run,837c137,codex/g531-slice-pilot,tracked-dirty_untracked-present,C:\PROGRAMING\czr004\build\phase1a-batch\phase1a_batch.exe,repair5g59_high_beta_cap_safe,repair5g59_high_beta_cap_safe__b1000__i2,repair5g59_high_beta_cap_safe,,maze-32-32-4,maze,50,566,1000,2,final,True,1.1821444594,282,96,96,4750,5188,,,,,real_solver_trace,False,False,False,False,False
g539_blind_00000118,maze-32-32-4|50|566|1000|0,maze-32-32-4|50|566|1000,frozen_family_static_goal_aware,repair5g59_low_beta_high_cap,repair5g59_low_beta_high_cap,repair5g59_low_beta_high_cap,new_g539_blind_real_solver_execution,g539_blind_raw_00000009,g539_blind_real_solver_execution,,,,build/phase1a-batch/phase1a_batch.exe,repair5g59_low_beta_high_cap,repair5g59_low_beta_high_cap__b1000__i2,repair5g59_low_beta_high_cap,alpha_commit=1.25|alpha_block=1.25|alpha_wait_spillover=0.75|rho_decay=0.94999999999999996|force_additive=0|enable_dual_channel=1|alpha_cong_commit_progress=1.25|alpha_cong_commit_nonprogress=1.25|alpha_cong_block=1.25|alpha_cong_wait_progress=0.75|alpha_cong_wait_nonprogress=0.75|alpha_flow_commit_progress=1|alpha_flow_wait_progress=0|rho_cong_decay=0.94999999999999996|rho_flow_decay=1|lambda_cong=1|lambda_flow=0|min_edge_cost=1|max_edge_cost=11|goal_projection_mode=flow_shield|flow_shield_beta=0.20000000000000001|max_flow_shield=1.25,maze-32-32-4,maze,50,566,1000,2,0,True,1.1821444594,,96,96,4750,5188,1,14650fb0739d0383,de370410fc68dcda,outputs/logs/phase5p5_repair5g539_frozen_param_blind_replay/checkpoints_maze_32_32_4_a50_b1000.jsonl,real_solver_trace,False,False,False,False,False
g539_blind_00000119,maze-32-32-4|50|566|1000|final,maze-32-32-4|50|566|1000,frozen_family_static_goal_aware,repair5g59_low_beta_high_cap,repair5g59_low_beta_high_cap,repair5g59_low_beta_high_cap,new_g539_blind_real_solver_execution,g539_blind_raw_00000067,g539_blind_real_solver_execution_final_run,837c137,codex/g531-slice-pilot,tracked-dirty_untracked-present,C:\PROGRAMING\czr004\build\phase1a-batch\phase1a_batch.exe,repair5g59_low_beta_high_cap,repair5g59_low_beta_high_cap__b1000__i2,repair5g59_low_beta_high_cap,,maze-32-32-4,maze,50,566,1000,2,final,True,1.1821444594,264,96,96,4750,5188,,,,,real_solver_trace,False,False,False,False,False
g539_blind_00000120,maze-32-32-4|50|566|1000|0,maze-32-32-4|50|566|1000,g538_best_residual_candidate,repair5g538_random_bridge_c_light,repair5g518_grid_c1p00_b1p25_f1p00_w0p65_dc0p95_df0p98_beta0p3_max0p75_c0,repair5g538_random_bridge_c_light,new_g539_blind_real_solver_execution,g539_blind_raw_00000010,g539_blind_real_solver_execution,,,,build/phase1a-batch/phase1a_batch.exe,repair5g518_grid_c1p00_b1p25_f1p00_w0p65_dc0p95_df0p98_beta0p3_max0p75_c0,repair5g538_random_bridge_c_light__b1000__i2,repair5g538_random_bridge_c_light,alpha_commit=1|alpha_block=1.25|alpha_wait_spillover=0.65000000000000002|rho_decay=0.94999999999999996|force_additive=0|enable_dual_channel=1|alpha_cong_commit_progress=1|alpha_cong_commit_nonprogress=1|alpha_cong_block=1.25|alpha_cong_wait_progress=0.65000000000000002|alpha_cong_wait_nonprogress=0.65000000000000002|alpha_flow_commit_progress=1|alpha_flow_wait_progress=0|rho_cong_decay=0.94999999999999996|rho_flow_decay=0.97999999999999998|lambda_cong=1|lambda_flow=0|min_edge_cost=1|max_edge_cost=11|goal_projection_mode=flow_shield|flow_shield_beta=0.29999999999999999|max_flow_shield=0.75,maze-32-32-4,maze,50,566,1000,2,0,True,1.1821444594,,96,96,4750,5188,1,14650fb0739d0383,2cb36ded30a59d86,outputs/logs/phase5p5_repair5g539_frozen_param_blind_replay/checkpoints_maze_32_32_4_a50_b1000.jsonl,real_solver_trace,False,False,False,False,False
g539_blind_00000121,maze-32-32-4|50|566|1000|final,maze-32-32-4|50|566|1000,g538_best_residual_candidate,repair5g538_random_bridge_c_light,repair5g518_grid_c1p00_b1p25_f1p00_w0p65_dc0p95_df0p98_beta0p3_max0p75_c0,repair5g538_random_bridge_c_light,new_g539_blind_real_solver_execution,g539_blind_raw_00000068,g539_blind_real_solver_execution_final_run,837c137,codex/g531-slice-pilot,tracked-dirty_untracked-present,C:\PROGRAMING\czr004\build\phase1a-batch\phase1a_batch.exe,repair5g518_grid_c1p00_b1p25_f1p00_w0p65_dc0p95_df0p98_beta0p3_max0p75_c0,repair5g538_random_bridge_c_light__b1000__i2,repair5g538_random_bridge_c_light,,maze-32-32-4,maze,50,566,1000,2,final,True,1.1821444594,269,96,96,4750,5188,,,,,real_solver_trace,False,False,False,False,False
g539_blind_00000122,maze-32-32-4|50|566|1000|0,maze-32-32-4|50|566|1000,g539_best_safe_parameter_candidate,repair5g539_s3_112,repair5g518_grid_c1p4_b1p6_f1p25_w0p75_dc1p00_df1p00_beta0p6_max1p25_c0,repair5g539_s3_112,new_g539_blind_real_solver_execution,g539_blind_raw_00000011,g539_blind_real_solver_execution,,,,build/phase1a-batch/phase1a_batch.exe,repair5g518_grid_c1p4_b1p6_f1p25_w0p75_dc1p00_df1p00_beta0p6_max1p25_c0,repair5g539_s3_112__b1000__i2,repair5g539_s3_112,alpha_commit=1.3999999999999999|alpha_block=1.6000000000000001|alpha_wait_spillover=0.75|rho_decay=1|force_additive=0|enable_dual_channel=1|alpha_cong_commit_progress=1.3999999999999999|alpha_cong_commit_nonprogress=1.3999999999999999|alpha_cong_block=1.6000000000000001|alpha_cong_wait_progress=0.75|alpha_cong_wait_nonprogress=0.75|alpha_flow_commit_progress=1.25|alpha_flow_wait_progress=0|rho_cong_decay=1|rho_flow_decay=1|lambda_cong=1|lambda_flow=0|min_edge_cost=1|max_edge_cost=11|goal_projection_mode=flow_shield|flow_shield_beta=0.59999999999999998|max_flow_shield=1.25,maze-32-32-4,maze,50,566,1000,2,0,True,1.1821444594,,96,96,4750,5188,1,14650fb0739d0383,3328d90b7e982662,outputs/logs/phase5p5_repair5g539_frozen_param_blind_replay/checkpoints_maze_32_32_4_a50_b1000.jsonl,real_solver_trace,False,False,False,False,False
g539_blind_00000123,maze-32-32-4|50|566|1000|final,maze-32-32-4|50|566|1000,g539_best_safe_parameter_candidate,repair5g539_s3_112,repair5g518_grid_c1p4_b1p6_f1p25_w0p75_dc1p00_df1p00_beta0p6_max1p25_c0,repair5g539_s3_112,new_g539_blind_real_solver_execution,g539_blind_raw_00000069,g539_blind_real_solver_execution_final_run,837c137,codex/g531-slice-pilot,tracked-dirty_untracked-present,C:\PROGRAMING\czr004\build\phase1a-batch\phase1a_batch.exe,repair5g518_grid_c1p4_b1p6_f1p25_w0p75_dc1p00_df1p00_beta0p6_max1p25_c0,repair5g539_s3_112__b1000__i2,repair5g539_s3_112,,maze-32-32-4,maze,50,566,1000,2,final,True,1.1821444594,273,96,96,4750,5188,,,,,real_solver_trace,False,False,False,False,False
g539_blind_00000124,maze-32-32-4|50|566|1000|0,maze-32-32-4|50|566|1000,g539_frozen_parameter_policy,repair5g59_static_flow_shield,repair5g59_static_flow_shield,repair5g59_static_flow_shield,new_g539_blind_real_solver_execution,g539_blind_raw_00000007,g539_blind_real_solver_execution,,,,build/phase1a-batch/phase1a_batch.exe,repair5g59_static_flow_shield,repair5g59_static_flow_shield__b1000__i2,repair5g59_static_flow_shield,alpha_commit=1.25|alpha_block=1.25|alpha_wait_spillover=0.75|rho_decay=0.94999999999999996|force_additive=0|enable_dual_channel=1|alpha_cong_commit_progress=1.25|alpha_cong_commit_nonprogress=1.25|alpha_cong_block=1.25|alpha_cong_wait_progress=0.75|alpha_cong_wait_nonprogress=0.75|alpha_flow_commit_progress=1|alpha_flow_wait_progress=0|rho_cong_decay=0.94999999999999996|rho_flow_decay=1|lambda_cong=1|lambda_flow=0|min_edge_cost=1|max_edge_cost=11|goal_projection_mode=flow_shield|flow_shield_beta=0.34999999999999998|max_flow_shield=0.75,maze-32-32-4,maze,50,566,1000,2,0,True,1.1821444594,,96,96,4750,5188,1,14650fb0739d0383,de370410fc68dcda,outputs/logs/phase5p5_repair5g539_frozen_param_blind_replay/checkpoints_maze_32_32_4_a50_b1000.jsonl,real_solver_trace,False,False,False,False,False
g539_blind_00000125,maze-32-32-4|50|566|1000|final,maze-32-32-4|50|566|1000,g539_frozen_parameter_policy,repair5g59_static_flow_shield,repair5g59_static_flow_shield,repair5g59_static_flow_shield,new_g539_blind_real_solver_execution,g539_blind_raw_00000065,g539_blind_real_solver_execution_final_run,837c137,codex/g531-slice-pilot,tracked-dirty_untracked-present,C:\PROGRAMING\czr004\build\phase1a-batch\phase1a_batch.exe,repair5g59_static_flow_shield,repair5g59_static_flow_shield__b1000__i2,repair5g59_static_flow_shield,,maze-32-32-4,maze,50,566,1000,2,final,True,1.1821444594,297,96,96,4750,5188,,,,,real_solver_trace,False,False,False,False,False
g539_blind_00000126,maze-32-32-4|50|566|1000|0,maze-32-32-4|50|566|1000,ultra_safe_static_fallback,repair5g59_static_flow_shield,repair5g59_static_flow_shield,repair5g59_static_flow_shield,new_g539_blind_real_solver_execution,g539_blind_raw_00000007,g539_blind_real_solver_execution,,,,build/phase1a-batch/phase1a_batch.exe,repair5g59_static_flow_shield,repair5g59_static_flow_shield__b1000__i2,repair5g59_static_flow_shield,alpha_commit=1.25|alpha_block=1.25|alpha_wait_spillover=0.75|rho_decay=0.94999999999999996|force_additive=0|enable_dual_channel=1|alpha_cong_commit_progress=1.25|alpha_cong_commit_nonprogress=1.25|alpha_cong_block=1.25|alpha_cong_wait_progress=0.75|alpha_cong_wait_nonprogress=0.75|alpha_flow_commit_progress=1|alpha_flow_wait_progress=0|rho_cong_decay=0.94999999999999996|rho_flow_decay=1|lambda_cong=1|lambda_flow=0|min_edge_cost=1|max_edge_cost=11|goal_projection_mode=flow_shield|flow_shield_beta=0.34999999999999998|max_flow_shield=0.75,maze-32-32-4,maze,50,566,1000,2,0,True,1.1821444594,,96,96,4750,5188,1,14650fb0739d0383,de370410fc68dcda,outputs/logs/phase5p5_repair5g539_frozen_param_blind_replay/checkpoints_maze_32_32_4_a50_b1000.jsonl,real_solver_trace,False,False,False,False,False
g539_blind_00000127,maze-32-32-4|50|566|1000|final,maze-32-32-4|50|566|1000,ultra_safe_static_fallback,repair5g59_static_flow_shield,repair5g59_static_flow_shield,repair5g59_static_flow_shield,new_g539_blind_real_solver_execution,g539_blind_raw_00000065,g539_blind_real_solver_execution_final_run,837c137,codex/g531-slice-pilot,tracked-dirty_untracked-present,C:\PROGRAMING\czr004\build\phase1a-batch\phase1a_batch.exe,repair5g59_static_flow_shield,repair5g59_static_flow_shield__b1000__i2,repair5g59_static_flow_shield,,maze-32-32-4,maze,50,566,1000,2,final,True,1.1821444594,297,96,96,4750,5188,,,,,real_solver_trace,False,False,False,False,False
g539_blind_00000128,maze-32-32-4|100|566|500|0,maze-32-32-4|100|566|500,additive_ltm,repair5g59_additive_fallback,repair5g59_additive_fallback,repair5g59_additive_fallback,new_g539_blind_real_solver_execution,g539_blind_raw_00000024,g539_blind_real_solver_execution,,,,build/phase1a-batch/phase1a_batch.exe,repair5g59_additive_fallback,repair5g59_additive_fallback__b500__i2,repair5g59_additive_fallback,alpha_commit=1|alpha_block=1|alpha_wait_spillover=1|rho_decay=1|force_additive=1|enable_dual_channel=0|alpha_cong_commit_progress=0|alpha_cong_commit_nonprogress=1|alpha_cong_block=1|alpha_cong_wait_progress=1|alpha_cong_wait_nonprogress=1|alpha_flow_commit_progress=0|alpha_flow_wait_progress=0|rho_cong_decay=1|rho_flow_decay=1|lambda_cong=1|lambda_flow=0|min_edge_cost=0.25|max_edge_cost=11|goal_projection_mode=none|flow_shield_beta=0|max_flow_shield=0,maze-32-32-4,maze,100,566,500,2,0,False,,,65,64,6400,7846,8,14650fb0739d0383,e7a5318e5b8fb993,outputs/logs/phase5p5_repair5g539_frozen_param_blind_replay/checkpoints_maze_32_32_4_a100_b500.jsonl,real_solver_trace,False,False,False,False,False
g539_blind_00000129,maze-32-32-4|100|566|500|final,maze-32-32-4|100|566|500,additive_ltm,repair5g59_additive_fallback,repair5g59_additive_fallback,repair5g59_additive_fallback,new_g539_blind_real_solver_execution,g539_blind_raw_00000076,g539_blind_real_solver_execution_final_run,837c137,codex/g531-slice-pilot,tracked-dirty_untracked-present,C:\PROGRAMING\czr004\build\phase1a-batch\phase1a_batch.exe,repair5g59_additive_fallback,repair5g59_additive_fallback__b500__i2,repair5g59_additive_fallback,,maze-32-32-4,maze,100,566,500,2,final,False,,,65,64,6400,7846,,,,,real_solver_trace,False,False,False,False,False
g539_blind_00000130,maze-32-32-4|100|566|500|0,maze-32-32-4|100|566|500,static_flow_shield,repair5g59_static_flow_shield,repair5g59_static_flow_shield,repair5g59_static_flow_shield,new_g539_blind_real_solver_execution,g539_blind_raw_00000025,g539_blind_real_solver_execution,,,,build/phase1a-batch/phase1a_batch.exe,repair5g59_static_flow_shield,repair5g59_static_flow_shield__b500__i2,repair5g59_static_flow_shield,alpha_commit=1.25|alpha_block=1.25|alpha_wait_spillover=0.75|rho_decay=0.94999999999999996|force_additive=0|enable_dual_channel=1|alpha_cong_commit_progress=1.25|alpha_cong_commit_nonprogress=1.25|alpha_cong_block=1.25|alpha_cong_wait_progress=0.75|alpha_cong_wait_nonprogress=0.75|alpha_flow_commit_progress=1|alpha_flow_wait_progress=0|rho_cong_decay=0.94999999999999996|rho_flow_decay=1|lambda_cong=1|lambda_flow=0|min_edge_cost=1|max_edge_cost=11|goal_projection_mode=flow_shield|flow_shield_beta=0.34999999999999998|max_flow_shield=0.75,maze-32-32-4,maze,100,566,500,2,0,False,,,69,68,6800,8261,8,14650fb0739d0383,900271bff3bc7c6b,outputs/logs/phase5p5_repair5g539_frozen_param_blind_replay/checkpoints_maze_32_32_4_a100_b500.jsonl,real_solver_trace,False,False,False,False,False
g539_blind_00000131,maze-32-32-4|100|566|500|final,maze-32-32-4|100|566|500,static_flow_shield,repair5g59_static_flow_shield,repair5g59_static_flow_shield,repair5g59_static_flow_shield,new_g539_blind_real_solver_execution,g539_blind_raw_00000077,g539_blind_real_solver_execution_final_run,837c137,codex/g531-slice-pilot,tracked-dirty_untracked-present,C:\PROGRAMING\czr004\build\phase1a-batch\phase1a_batch.exe,repair5g59_static_flow_shield,repair5g59_static_flow_shield__b500__i2,repair5g59_static_flow_shield,,maze-32-32-4,maze,100,566,500,2,final,False,,,69,68,6800,8261,,,,,real_solver_trace,False,False,False,False,False
g539_blind_00000132,maze-32-32-4|100|566|500|0,maze-32-32-4|100|566|500,best_fixed_static_goal_aware,repair5g59_high_beta_cap_safe,repair5g59_high_beta_cap_safe,repair5g59_high_beta_cap_safe,new_g539_blind_real_solver_execution,g539_blind_raw_00000026,g539_blind_real_solver_execution,,,,build/phase1a-batch/phase1a_batch.exe,repair5g59_high_beta_cap_safe,repair5g59_high_beta_cap_safe__b500__i2,repair5g59_high_beta_cap_safe,alpha_commit=1.25|alpha_block=1.25|alpha_wait_spillover=0.75|rho_decay=0.94999999999999996|force_additive=0|enable_dual_channel=1|alpha_cong_commit_progress=1.25|alpha_cong_commit_nonprogress=1.25|alpha_cong_block=1.25|alpha_cong_wait_progress=0.75|alpha_cong_wait_nonprogress=0.75|alpha_flow_commit_progress=1|alpha_flow_wait_progress=0|rho_cong_decay=0.94999999999999996|rho_flow_decay=1|lambda_cong=1|lambda_flow=0|min_edge_cost=1|max_edge_cost=11|goal_projection_mode=flow_shield|flow_shield_beta=0.59999999999999998|max_flow_shield=0.75,maze-32-32-4,maze,100,566,500,2,0,False,,,70,69,6900,8366,8,14650fb0739d0383,61038dab1039bde6,outputs/logs/phase5p5_repair5g539_frozen_param_blind_replay/checkpoints_maze_32_32_4_a100_b500.jsonl,real_solver_trace,False,False,False,False,False
g539_blind_00000133,maze-32-32-4|100|566|500|final,maze-32-32-4|100|566|500,best_fixed_static_goal_aware,repair5g59_high_beta_cap_safe,repair5g59_high_beta_cap_safe,repair5g59_high_beta_cap_safe,new_g539_blind_real_solver_execution,g539_blind_raw_00000078,g539_blind_real_solver_execution_final_run,837c137,codex/g531-slice-pilot,tracked-dirty_untracked-present,C:\PROGRAMING\czr004\build\phase1a-batch\phase1a_batch.exe,repair5g59_high_beta_cap_safe,repair5g59_high_beta_cap_safe__b500__i2,repair5g59_high_beta_cap_safe,,maze-32-32-4,maze,100,566,500,2,final,False,,,70,69,6900,8366,,,,,real_solver_trace,False,False,False,False,False
g539_blind_00000134,maze-32-32-4|100|566|500|0,maze-32-32-4|100|566|500,frozen_family_static_goal_aware,repair5g59_low_beta_high_cap,repair5g59_low_beta_high_cap,repair5g59_low_beta_high_cap,new_g539_blind_real_solver_execution,g539_blind_raw_00000027,g539_blind_real_solver_execution,,,,build/phase1a-batch/phase1a_batch.exe,repair5g59_low_beta_high_cap,repair5g59_low_beta_high_cap__b500__i2,repair5g59_low_beta_high_cap,alpha_commit=1.25|alpha_block=1.25|alpha_wait_spillover=0.75|rho_decay=0.94999999999999996|force_additive=0|enable_dual_channel=1|alpha_cong_commit_progress=1.25|alpha_cong_commit_nonprogress=1.25|alpha_cong_block=1.25|alpha_cong_wait_progress=0.75|alpha_cong_wait_nonprogress=0.75|alpha_flow_commit_progress=1|alpha_flow_wait_progress=0|rho_cong_decay=0.94999999999999996|rho_flow_decay=1|lambda_cong=1|lambda_flow=0|min_edge_cost=1|max_edge_cost=11|goal_projection_mode=flow_shield|flow_shield_beta=0.20000000000000001|max_flow_shield=1.25,maze-32-32-4,maze,100,566,500,2,0,False,,,68,67,6700,8157,8,14650fb0739d0383,32a81c356997825,outputs/logs/phase5p5_repair5g539_frozen_param_blind_replay/checkpoints_maze_32_32_4_a100_b500.jsonl,real_solver_trace,False,False,False,False,False
g539_blind_00000135,maze-32-32-4|100|566|500|final,maze-32-32-4|100|566|500,frozen_family_static_goal_aware,repair5g59_low_beta_high_cap,repair5g59_low_beta_high_cap,repair5g59_low_beta_high_cap,new_g539_blind_real_solver_execution,g539_blind_raw_00000079,g539_blind_real_solver_execution_final_run,837c137,codex/g531-slice-pilot,tracked-dirty_untracked-present,C:\PROGRAMING\czr004\build\phase1a-batch\phase1a_batch.exe,repair5g59_low_beta_high_cap,repair5g59_low_beta_high_cap__b500__i2,repair5g59_low_beta_high_cap,,maze-32-32-4,maze,100,566,500,2,final,False,,,68,67,6700,8157,,,,,real_solver_trace,False,False,False,False,False
g539_blind_00000136,maze-32-32-4|100|566|500|0,maze-32-32-4|100|566|500,g538_best_residual_candidate,repair5g538_random_bridge_c_light,repair5g518_grid_c1p00_b1p25_f1p00_w0p65_dc0p95_df0p98_beta0p3_max0p75_c0,repair5g538_random_bridge_c_light,new_g539_blind_real_solver_execution,g539_blind_raw_00000028,g539_blind_real_solver_execution,,,,build/phase1a-batch/phase1a_batch.exe,repair5g518_grid_c1p00_b1p25_f1p00_w0p65_dc0p95_df0p98_beta0p3_max0p75_c0,repair5g538_random_bridge_c_light__b500__i2,repair5g538_random_bridge_c_light,alpha_commit=1|alpha_block=1.25|alpha_wait_spillover=0.65000000000000002|rho_decay=0.94999999999999996|force_additive=0|enable_dual_channel=1|alpha_cong_commit_progress=1|alpha_cong_commit_nonprogress=1|alpha_cong_block=1.25|alpha_cong_wait_progress=0.65000000000000002|alpha_cong_wait_nonprogress=0.65000000000000002|alpha_flow_commit_progress=1|alpha_flow_wait_progress=0|rho_cong_decay=0.94999999999999996|rho_flow_decay=0.97999999999999998|lambda_cong=1|lambda_flow=0|min_edge_cost=1|max_edge_cost=11|goal_projection_mode=flow_shield|flow_shield_beta=0.29999999999999999|max_flow_shield=0.75,maze-32-32-4,maze,100,566,500,2,0,False,,,68,67,6700,8157,8,14650fb0739d0383,6900f5943ea4d8bc,outputs/logs/phase5p5_repair5g539_frozen_param_blind_replay/checkpoints_maze_32_32_4_a100_b500.jsonl,real_solver_trace,False,False,False,False,False
g539_blind_00000137,maze-32-32-4|100|566|500|final,maze-32-32-4|100|566|500,g538_best_residual_candidate,repair5g538_random_bridge_c_light,repair5g518_grid_c1p00_b1p25_f1p00_w0p65_dc0p95_df0p98_beta0p3_max0p75_c0,repair5g538_random_bridge_c_light,new_g539_blind_real_solver_execution,g539_blind_raw_00000080,g539_blind_real_solver_execution_final_run,837c137,codex/g531-slice-pilot,tracked-dirty_untracked-present,C:\PROGRAMING\czr004\build\phase1a-batch\phase1a_batch.exe,repair5g518_grid_c1p00_b1p25_f1p00_w0p65_dc0p95_df0p98_beta0p3_max0p75_c0,repair5g538_random_bridge_c_light__b500__i2,repair5g538_random_bridge_c_light,,maze-32-32-4,maze,100,566,500,2,final,False,,,68,67,6700,8157,,,,,real_solver_trace,False,False,False,False,False
g539_blind_00000138,maze-32-32-4|100|566|500|0,maze-32-32-4|100|566|500,g539_best_safe_parameter_candidate,repair5g539_s3_112,repair5g518_grid_c1p4_b1p6_f1p25_w0p75_dc1p00_df1p00_beta0p6_max1p25_c0,repair5g539_s3_112,new_g539_blind_real_solver_execution,g539_blind_raw_00000029,g539_blind_real_solver_execution,,,,build/phase1a-batch/phase1a_batch.exe,repair5g518_grid_c1p4_b1p6_f1p25_w0p75_dc1p00_df1p00_beta0p6_max1p25_c0,repair5g539_s3_112__b500__i2,repair5g539_s3_112,alpha_commit=1.3999999999999999|alpha_block=1.6000000000000001|alpha_wait_spillover=0.75|rho_decay=1|force_additive=0|enable_dual_channel=1|alpha_cong_commit_progress=1.3999999999999999|alpha_cong_commit_nonprogress=1.3999999999999999|alpha_cong_block=1.6000000000000001|alpha_cong_wait_progress=0.75|alpha_cong_wait_nonprogress=0.75|alpha_flow_commit_progress=1.25|alpha_flow_wait_progress=0|rho_cong_decay=1|rho_flow_decay=1|lambda_cong=1|lambda_flow=0|min_edge_cost=1|max_edge_cost=11|goal_projection_mode=flow_shield|flow_shield_beta=0.59999999999999998|max_flow_shield=1.25,maze-32-32-4,maze,100,566,500,2,0,False,,,71,70,7000,8468,8,14650fb0739d0383,c6d426651228743a,outputs/logs/phase5p5_repair5g539_frozen_param_blind_replay/checkpoints_maze_32_32_4_a100_b500.jsonl,real_solver_trace,False,False,False,False,False
g539_blind_00000139,maze-32-32-4|100|566|500|final,maze-32-32-4|100|566|500,g539_best_safe_parameter_candidate,repair5g539_s3_112,repair5g518_grid_c1p4_b1p6_f1p25_w0p75_dc1p00_df1p00_beta0p6_max1p25_c0,repair5g539_s3_112,new_g539_blind_real_solver_execution,g539_blind_raw_00000081,g539_blind_real_solver_execution_final_run,837c137,codex/g531-slice-pilot,tracked-dirty_untracked-present,C:\PROGRAMING\czr004\build\phase1a-batch\phase1a_batch.exe,repair5g518_grid_c1p4_b1p6_f1p25_w0p75_dc1p00_df1p00_beta0p6_max1p25_c0,repair5g539_s3_112__b500__i2,repair5g539_s3_112,,maze-32-32-4,maze,100,566,500,2,final,False,,,71,70,7000,8468,,,,,real_solver_trace,False,False,False,False,False
g539_blind_00000140,maze-32-32-4|100|566|500|0,maze-32-32-4|100|566|500,g539_frozen_parameter_policy,repair5g59_static_flow_shield,repair5g59_static_flow_shield,repair5g59_static_flow_shield,new_g539_blind_real_solver_execution,g539_blind_raw_00000025,g539_blind_real_solver_execution,,,,build/phase1a-batch/phase1a_batch.exe,repair5g59_static_flow_shield,repair5g59_static_flow_shield__b500__i2,repair5g59_static_flow_shield,alpha_commit=1.25|alpha_block=1.25|alpha_wait_spillover=0.75|rho_decay=0.94999999999999996|force_additive=0|enable_dual_channel=1|alpha_cong_commit_progress=1.25|alpha_cong_commit_nonprogress=1.25|alpha_cong_block=1.25|alpha_cong_wait_progress=0.75|alpha_cong_wait_nonprogress=0.75|alpha_flow_commit_progress=1|alpha_flow_wait_progress=0|rho_cong_decay=0.94999999999999996|rho_flow_decay=1|lambda_cong=1|lambda_flow=0|min_edge_cost=1|max_edge_cost=11|goal_projection_mode=flow_shield|flow_shield_beta=0.34999999999999998|max_flow_shield=0.75,maze-32-32-4,maze,100,566,500,2,0,False,,,69,68,6800,8261,8,14650fb0739d0383,900271bff3bc7c6b,outputs/logs/phase5p5_repair5g539_frozen_param_blind_replay/checkpoints_maze_32_32_4_a100_b500.jsonl,real_solver_trace,False,False,False,False,False
g539_blind_00000141,maze-32-32-4|100|566|500|final,maze-32-32-4|100|566|500,g539_frozen_parameter_policy,repair5g59_static_flow_shield,repair5g59_static_flow_shield,repair5g59_static_flow_shield,new_g539_blind_real_solver_execution,g539_blind_raw_00000077,g539_blind_real_solver_execution_final_run,837c137,codex/g531-slice-pilot,tracked-dirty_untracked-present,C:\PROGRAMING\czr004\build\phase1a-batch\phase1a_batch.exe,repair5g59_static_flow_shield,repair5g59_static_flow_shield__b500__i2,repair5g59_static_flow_shield,,maze-32-32-4,maze,100,566,500,2,final,False,,,69,68,6800,8261,,,,,real_solver_trace,False,False,False,False,False
g539_blind_00000142,maze-32-32-4|100|566|500|0,maze-32-32-4|100|566|500,ultra_safe_static_fallback,repair5g59_static_flow_shield,repair5g59_static_flow_shield,repair5g59_static_flow_shield,new_g539_blind_real_solver_execution,g539_blind_raw_00000025,g539_blind_real_solver_execution,,,,build/phase1a-batch/phase1a_batch.exe,repair5g59_static_flow_shield,repair5g59_static_flow_shield__b500__i2,repair5g59_static_flow_shield,alpha_commit=1.25|alpha_block=1.25|alpha_wait_spillover=0.75|rho_decay=0.94999999999999996|force_additive=0|enable_dual_channel=1|alpha_cong_commit_progress=1.25|alpha_cong_commit_nonprogress=1.25|alpha_cong_block=1.25|alpha_cong_wait_progress=0.75|alpha_cong_wait_nonprogress=0.75|alpha_flow_commit_progress=1|alpha_flow_wait_progress=0|rho_cong_decay=0.94999999999999996|rho_flow_decay=1|lambda_cong=1|lambda_flow=0|min_edge_cost=1|max_edge_cost=11|goal_projection_mode=flow_shield|flow_shield_beta=0.34999999999999998|max_flow_shield=0.75,maze-32-32-4,maze,100,566,500,2,0,False,,,69,68,6800,8261,8,14650fb0739d0383,900271bff3bc7c6b,outputs/logs/phase5p5_repair5g539_frozen_param_blind_replay/checkpoints_maze_32_32_4_a100_b500.jsonl,real_solver_trace,False,False,False,False,False
g539_blind_00000143,maze-32-32-4|100|566|500|final,maze-32-32-4|100|566|500,ultra_safe_static_fallback,repair5g59_static_flow_shield,repair5g59_static_flow_shield,repair5g59_static_flow_shield,new_g539_blind_real_solver_execution,g539_blind_raw_00000077,g539_blind_real_solver_execution_final_run,837c137,codex/g531-slice-pilot,tracked-dirty_untracked-present,C:\PROGRAMING\czr004\build\phase1a-batch\phase1a_batch.exe,repair5g59_static_flow_shield,repair5g59_static_flow_shield__b500__i2,repair5g59_static_flow_shield,,maze-32-32-4,maze,100,566,500,2,final,False,,,69,68,6800,8261,,,,,real_solver_trace,False,False,False,False,False
