normalized_context_key,map,agents,seed,iteration,traffic_before_hash_full,candidate_id,candidate_role,candidate_family,candidate_source,candidate_score_primary,candidate_finite_primary_pair,candidate_budget_sensitive,candidate_beats_static_finite,candidate_beats_old14_finite,candidate_is_new_oracle_winner,candidate_induced_no_solution,candidate_recovers_static_no_solution,candidate_safe_policy_positive,new_beats_static_finite,new_beats_best_old14_finite,new_is_new22_oracle_winner,new_recovers_static_no_solution,new_candidate_induced_failure,new_helpful_but_not_policy_relevant,finite_pairwise_delta_vs_static_primary,finite_pairwise_delta_vs_best_old14_primary,solution_quality_harm_on_finite_pairs,budget_sensitive_candidate_failure,alpha_cong_committed,alpha_cong_blocked,alpha_flow_progress,alpha_flow_wait_or_nonprogress,rho_cong,rho_flow,flow_shield_beta,max_flow_shield,c_only,phase5p5_allowed,phase6_allowed,runtime_claim_allowed,learned_runtime_policy_validated,aaai_ready,feature_map_agents,feature_map_log_agents,feature_map_iteration,feature_map_trace_event_count,feature_map_trace_events_per_agent,feature_map_trace_events_log,feature_map_family_empty,feature_map_family_maze,feature_map_family_random,feature_map_family_room,feature_map_family_warehouse,feature_map_family_other,feature_rich_committed_count,feature_rich_blocked_count,feature_rich_wait_event_count,feature_rich_progress_committed_count,feature_rich_nonprogress_committed_count,feature_rich_blocked_per_committed,feature_rich_wait_per_committed,feature_rich_blocked_per_agent,feature_rich_committed_per_agent,feature_rich_progress_ratio,feature_rich_c_update_count,feature_rich_f_update_count,feature_rich_c_nonzero_edges,feature_rich_f_nonzero_edges,feature_rich_c_flow_update_ratio,feature_rich_cost_min,feature_rich_cost_max,feature_rich_cost_span,feature_context_agents,feature_context_log_agents,feature_context_iteration,feature_candidate_alpha_cong_committed,feature_candidate_alpha_cong_blocked,feature_candidate_alpha_flow_progress,feature_candidate_alpha_flow_wait_or_nonprogress,feature_candidate_rho_cong,feature_candidate_rho_flow,feature_candidate_flow_shield_beta,feature_candidate_max_flow_shield,feature_candidate_c_only,feature_candidate_role_g518_retained,feature_candidate_role_g521_second_wave,feature_candidate_role_old14,feature_candidate_family_additive,feature_candidate_family_block_heavy,feature_candidate_family_commit_heavy,feature_candidate_family_flow_decay,feature_candidate_family_flow_shield,feature_candidate_family_high_beta,feature_candidate_family_static,feature_candidate_family_static_boundary_c_only,feature_candidate_family_wait_conservative,feature_interaction_rich_progress_ratio_x_alpha_flow_progress,feature_interaction_rich_blocked_per_committed_x_alpha_cong_blocked,feature_interaction_rich_wait_per_committed_x_alpha_flow_wait_or_nonprogress,feature_interaction_rich_cost_span_x_flow_shield_beta,nearest_old_candidate,nearest_old_param_distance,feature_nearest_old_param_distance,feature_nearest_old_param_distance_log,feature_centered_candidate_alpha_cong_committed,feature_centered_candidate_alpha_cong_blocked,feature_centered_candidate_alpha_flow_progress,feature_centered_candidate_alpha_flow_wait_or_nonprogress,feature_centered_candidate_rho_cong,feature_centered_candidate_rho_flow,feature_centered_candidate_flow_shield_beta,feature_centered_candidate_max_flow_shield,feature_centered_candidate_c_only,feature_family_local_centered_candidate_alpha_cong_committed,feature_family_local_centered_candidate_alpha_cong_blocked,feature_family_local_centered_candidate_alpha_flow_progress,feature_family_local_centered_candidate_alpha_flow_wait_or_nonprogress,feature_family_local_centered_candidate_rho_cong,feature_family_local_centered_candidate_rho_flow,feature_family_local_centered_candidate_flow_shield_beta,feature_family_local_centered_candidate_max_flow_shield,feature_family_local_centered_candidate_c_only
maze-32-32-4|a100|s146|it0|14650fb0739d0383,maze-32-32-4,100,146,0,14650fb0739d0383,repair5g59_additive_fallback,old14,additive,old14,1.42059868087,True,False,False,False,False,False,False,False,False,False,False,False,False,False,0.10958904109,0.13559107052,True,False,,,,,,,,,,False,False,False,False,False,100.0,4.615120516841,0.0,11247.0,112.47,9.32794561405,0.0,1.0,0.0,0.0,0.0,0.0,9200.0,1410.0,637.0,4884.0,4316.0,0.153260869565,0.069239130435,14.1,92.0,0.530869565217,0.0,0.0,0.0,0.0,0.0,2.0,2.0,0.0,100.0,4.61512051684126,0.0,1.0,1.0,0.0,1.0,1.0,1.0,0.0,0.0,0.0,0.0,0.0,1.0,1.0,0.0,0.0,0.0,0.0,0.0,0.0,0.0,0.0,0.0,0.153260869565,0.069239130435,0.0,,,,0.0,-0.163157894737,-0.282894736842,-0.940789473684,0.361842105263,0.051052631579,0.002631578947,-0.398684210526,-0.717105263158,-0.026315789474,0.0,0.0,0.0,0.0,0.0,0.0,0.0,0.0,0.0
maze-32-32-4|a100|s146|it0|14650fb0739d0383,maze-32-32-4,100,146,0,14650fb0739d0383,repair5g59_block_heavy_flow_guard,old14,block_heavy,old14,1.28970065956,True,False,True,False,False,False,False,False,False,False,False,False,False,False,-0.02130898022,0.00469304921,False,False,1.0,1.5,1.0,0.5,0.95,1.0,0.35,0.75,False,False,False,False,False,False,100.0,4.615120516841,0.0,11247.0,112.47,9.32794561405,0.0,1.0,0.0,0.0,0.0,0.0,9200.0,1410.0,637.0,4884.0,4316.0,0.153260869565,0.069239130435,14.1,92.0,0.530869565217,0.0,0.0,0.0,0.0,0.0,2.0,2.0,0.0,100.0,4.61512051684126,0.0,1.0,1.5,1.0,0.5,0.95,1.0,0.35,0.75,0.0,0.0,0.0,1.0,0.0,1.0,0.0,0.0,0.0,0.0,0.0,0.0,0.0,0.530869565217,0.229891304348,0.034619565218,0.0,repair5g59_block_heavy_flow_guard,0.0,0.0,0.0,-0.163157894737,0.217105263158,0.059210526316,-0.138157894737,0.001052631579,0.002631578947,-0.048684210526,0.032894736842,-0.026315789474,0.0875,-0.0125,0.0,0.04375,0.00625,0.0,-0.0375,0.0,0.0
maze-32-32-4|a100|s146|it0|14650fb0739d0383,maze-32-32-4,100,146,0,14650fb0739d0383,repair5g59_c_only_f_disabled,old14,static_boundary_c_only,old14,1.40943683409,True,False,False,False,False,False,False,False,False,False,False,False,False,False,0.09842719431,0.12442922374,True,False,1.25,1.25,0.0,0.75,0.95,1.0,0.0,0.0,True,False,False,False,False,False,100.0,4.615120516841,0.0,11247.0,112.47,9.32794561405,0.0,1.0,0.0,0.0,0.0,0.0,9200.0,1410.0,637.0,4884.0,4316.0,0.153260869565,0.069239130435,14.1,92.0,0.530869565217,0.0,0.0,0.0,0.0,0.0,2.0,2.0,0.0,100.0,4.61512051684126,0.0,1.25,1.25,0.0,0.75,0.95,1.0,0.0,0.0,1.0,0.0,0.0,1.0,0.0,0.0,0.0,0.0,0.0,0.0,0.0,1.0,0.0,0.0,0.191576086956,0.051929347826,0.0,repair5g59_c_only_f_disabled,0.0,0.0,0.0,0.086842105263,-0.032894736842,-0.940789473684,0.111842105263,0.001052631579,0.002631578947,-0.398684210526,-0.717105263158,0.973684210526,0.0,0.0,0.0,0.0,0.0,0.0,0.0,0.0,0.0
maze-32-32-4|a100|s146|it0|14650fb0739d0383,maze-32-32-4,100,146,0,14650fb0739d0383,repair5g59_commit_heavy_flow_guard,old14,commit_heavy,old14,1.31303906646,True,False,False,False,False,False,False,False,False,False,False,False,False,False,0.00202942668,0.02803145611,False,False,1.5,1.0,1.0,0.75,0.95,1.0,0.35,0.75,False,False,False,False,False,False,100.0,4.615120516841,0.0,11247.0,112.47,9.32794561405,0.0,1.0,0.0,0.0,0.0,0.0,9200.0,1410.0,637.0,4884.0,4316.0,0.153260869565,0.069239130435,14.1,92.0,0.530869565217,0.0,0.0,0.0,0.0,0.0,2.0,2.0,0.0,100.0,4.61512051684126,0.0,1.5,1.0,1.0,0.75,0.95,1.0,0.35,0.75,0.0,0.0,0.0,1.0,0.0,0.0,1.0,0.0,0.0,0.0,0.0,0.0,0.0,0.530869565217,0.153260869565,0.051929347826,0.0,repair5g59_commit_heavy_flow_guard,0.0,0.0,0.0,0.336842105263,-0.282894736842,0.059210526316,0.111842105263,0.001052631579,0.002631578947,-0.048684210526,0.032894736842,-0.026315789474,0.0,0.0,0.0,0.0,0.0,0.0,0.0,0.0,0.0
maze-32-32-4|a100|s146|it0|14650fb0739d0383,maze-32-32-4,100,146,0,14650fb0739d0383,repair5g59_fast_decay_low_shield,old14,flow_decay,old14,1.36377473364,True,False,False,False,False,False,False,False,False,False,False,False,False,False,0.05276509386,0.07876712329,True,False,1.25,1.25,1.0,0.75,0.9,1.0,0.2,0.5,False,False,False,False,False,False,100.0,4.615120516841,0.0,11247.0,112.47,9.32794561405,0.0,1.0,0.0,0.0,0.0,0.0,9200.0,1410.0,637.0,4884.0,4316.0,0.153260869565,0.069239130435,14.1,92.0,0.530869565217,0.0,0.0,0.0,0.0,0.0,2.0,2.0,0.0,100.0,4.61512051684126,0.0,1.25,1.25,1.0,0.75,0.9,1.0,0.2,0.5,0.0,0.0,0.0,1.0,0.0,0.0,0.0,1.0,0.0,0.0,0.0,0.0,0.0,0.530869565217,0.191576086956,0.051929347826,0.0,repair5g59_fast_decay_low_shield,0.0,0.0,0.0,0.086842105263,-0.032894736842,0.059210526316,0.111842105263,-0.048947368421,0.002631578947,-0.198684210526,-0.217105263158,-0.026315789474,0.05,0.05,0.05,0.0,-0.052,0.01,-0.1,-0.3,0.0
maze-32-32-4|a100|s146|it0|14650fb0739d0383,maze-32-32-4,100,146,0,14650fb0739d0383,repair5g59_flow_decay,old14,flow_decay,old14,1.31100963978,True,False,False,False,False,False,False,False,False,False,False,False,False,False,0.0,0.02600202943,False,False,1.25,1.25,1.0,0.75,0.95,0.95,0.35,0.75,False,False,False,False,False,False,100.0,4.615120516841,0.0,11247.0,112.47,9.32794561405,0.0,1.0,0.0,0.0,0.0,0.0,9200.0,1410.0,637.0,4884.0,4316.0,0.153260869565,0.069239130435,14.1,92.0,0.530869565217,0.0,0.0,0.0,0.0,0.0,2.0,2.0,0.0,100.0,4.61512051684126,0.0,1.25,1.25,1.0,0.75,0.95,0.95,0.35,0.75,0.0,0.0,0.0,1.0,0.0,0.0,0.0,1.0,0.0,0.0,0.0,0.0,0.0,0.530869565217,0.191576086956,0.051929347826,0.0,repair5g59_flow_decay,0.0,0.0,0.0,0.086842105263,-0.032894736842,0.059210526316,0.111842105263,0.001052631579,-0.047368421053,-0.048684210526,0.032894736842,-0.026315789474,0.05,0.05,0.05,0.0,-0.002,-0.04,0.05,-0.05,0.0
maze-32-32-4|a100|s146|it0|14650fb0739d0383,maze-32-32-4,100,146,0,14650fb0739d0383,repair5g59_high_beta_cap_safe,old14,high_beta,old14,1.34728564181,True,False,False,False,False,False,False,False,False,False,False,False,False,False,0.03627600203,0.06227803146,True,False,1.25,1.25,1.0,0.75,0.95,1.0,0.6,0.75,False,False,False,False,False,False,100.0,4.615120516841,0.0,11247.0,112.47,9.32794561405,0.0,1.0,0.0,0.0,0.0,0.0,9200.0,1410.0,637.0,4884.0,4316.0,0.153260869565,0.069239130435,14.1,92.0,0.530869565217,0.0,0.0,0.0,0.0,0.0,2.0,2.0,0.0,100.0,4.61512051684126,0.0,1.25,1.25,1.0,0.75,0.95,1.0,0.6,0.75,0.0,0.0,0.0,1.0,0.0,0.0,0.0,0.0,0.0,1.0,0.0,0.0,0.0,0.530869565217,0.191576086956,0.051929347826,0.0,repair5g59_high_beta_cap_safe,0.0,0.0,0.0,0.086842105263,-0.032894736842,0.059210526316,0.111842105263,0.001052631579,0.002631578947,0.201315789474,0.032894736842,-0.026315789474,0.029166666667,0.008333333333,0.0,0.029166666667,-0.0,0.004166666667,0.029166666667,0.0,0.0
maze-32-32-4|a100|s146|it0|14650fb0739d0383,maze-32-32-4,100,146,0,14650fb0739d0383,repair5g59_light_cong_light_flow,old14,flow_decay,old14,1.3635210553,True,False,False,False,False,False,False,False,False,False,False,False,False,False,0.05251141552,0.07851344495,True,False,1.0,1.0,0.75,0.75,0.98,1.0,0.25,0.5,False,False,False,False,False,False,100.0,4.615120516841,0.0,11247.0,112.47,9.32794561405,0.0,1.0,0.0,0.0,0.0,0.0,9200.0,1410.0,637.0,4884.0,4316.0,0.153260869565,0.069239130435,14.1,92.0,0.530869565217,0.0,0.0,0.0,0.0,0.0,2.0,2.0,0.0,100.0,4.61512051684126,0.0,1.0,1.0,0.75,0.75,0.98,1.0,0.25,0.5,0.0,0.0,0.0,1.0,0.0,0.0,0.0,1.0,0.0,0.0,0.0,0.0,0.0,0.398152173913,0.153260869565,0.051929347826,0.0,repair5g59_light_cong_light_flow,0.0,0.0,0.0,-0.163157894737,-0.282894736842,-0.190789473684,0.111842105263,0.031052631579,0.002631578947,-0.148684210526,-0.217105263158,-0.026315789474,-0.2,-0.2,-0.2,0.0,0.028,0.01,-0.05,-0.3,0.0
maze-32-32-4|a100|s146|it0|14650fb0739d0383,maze-32-32-4,100,146,0,14650fb0739d0383,repair5g59_low_beta_high_cap,old14,flow_decay,old14,1.400304414,True,False,False,False,False,False,False,False,False,False,False,False,False,False,0.08929477422,0.11529680365,True,False,1.25,1.25,1.0,0.75,0.95,1.0,0.2,1.25,False,False,False,False,False,False,100.0,4.615120516841,0.0,11247.0,112.47,9.32794561405,0.0,1.0,0.0,0.0,0.0,0.0,9200.0,1410.0,637.0,4884.0,4316.0,0.153260869565,0.069239130435,14.1,92.0,0.530869565217,0.0,0.0,0.0,0.0,0.0,2.0,2.0,0.0,100.0,4.61512051684126,0.0,1.25,1.25,1.0,0.75,0.95,1.0,0.2,1.25,0.0,0.0,0.0,1.0,0.0,0.0,0.0,1.0,0.0,0.0,0.0,0.0,0.0,0.530869565217,0.191576086956,0.051929347826,0.0,repair5g59_low_beta_high_cap,0.0,0.0,0.0,0.086842105263,-0.032894736842,0.059210526316,0.111842105263,0.001052631579,0.002631578947,-0.198684210526,0.532894736842,-0.026315789474,0.05,0.05,0.05,0.0,-0.002,0.01,-0.1,0.45,0.0
maze-32-32-4|a100|s146|it0|14650fb0739d0383,maze-32-32-4,100,146,0,14650fb0739d0383,repair5g59_slow_decay_high_shield,old14,flow_decay,old14,1.31709791984,True,False,False,False,False,False,False,False,False,False,False,False,False,False,0.00608828006,0.03209030949,True,False,1.25,1.25,1.0,0.75,0.98,1.0,0.5,1.0,False,False,False,False,False,False,100.0,4.615120516841,0.0,11247.0,112.47,9.32794561405,0.0,1.0,0.0,0.0,0.0,0.0,9200.0,1410.0,637.0,4884.0,4316.0,0.153260869565,0.069239130435,14.1,92.0,0.530869565217,0.0,0.0,0.0,0.0,0.0,2.0,2.0,0.0,100.0,4.61512051684126,0.0,1.25,1.25,1.0,0.75,0.98,1.0,0.5,1.0,0.0,0.0,0.0,1.0,0.0,0.0,0.0,1.0,0.0,0.0,0.0,0.0,0.0,0.530869565217,0.191576086956,0.051929347826,0.0,repair5g59_slow_decay_high_shield,0.0,0.0,0.0,0.086842105263,-0.032894736842,0.059210526316,0.111842105263,0.031052631579,0.002631578947,0.101315789474,0.282894736842,-0.026315789474,0.05,0.05,0.05,0.0,0.028,0.01,0.2,0.2,0.0
maze-32-32-4|a100|s146|it0|14650fb0739d0383,maze-32-32-4,100,146,0,14650fb0739d0383,repair5g59_static_abstain_candidate,old14,static,old14,1.31100963978,True,False,False,False,False,False,False,False,False,False,False,False,False,False,0.0,0.02600202943,False,False,1.25,1.25,1.0,0.75,0.95,1.0,0.35,0.75,False,False,False,False,False,False,100.0,4.615120516841,0.0,11247.0,112.47,9.32794561405,0.0,1.0,0.0,0.0,0.0,0.0,9200.0,1410.0,637.0,4884.0,4316.0,0.153260869565,0.069239130435,14.1,92.0,0.530869565217,0.0,0.0,0.0,0.0,0.0,2.0,2.0,0.0,100.0,4.61512051684126,0.0,1.25,1.25,1.0,0.75,0.95,1.0,0.35,0.75,0.0,0.0,0.0,1.0,0.0,0.0,0.0,0.0,0.0,0.0,1.0,0.0,0.0,0.530869565217,0.191576086956,0.051929347826,0.0,repair5g59_static_abstain_candidate,0.0,0.0,0.0,0.086842105263,-0.032894736842,0.059210526316,0.111842105263,0.001052631579,0.002631578947,-0.048684210526,0.032894736842,-0.026315789474,0.0,0.0,0.0,0.0,0.0,0.0,0.0,0.0,0.0
maze-32-32-4|a100|s146|it0|14650fb0739d0383,maze-32-32-4,100,146,0,14650fb0739d0383,repair5g59_static_flow_shield,old14,static,old14,1.31100963978,True,False,False,False,False,False,False,False,False,False,False,False,False,False,0.0,0.02600202943,False,False,1.25,1.25,1.0,0.75,0.95,1.0,0.35,0.75,False,False,False,False,False,False,100.0,4.615120516841,0.0,11247.0,112.47,9.32794561405,0.0,1.0,0.0,0.0,0.0,0.0,9200.0,1410.0,637.0,4884.0,4316.0,0.153260869565,0.069239130435,14.1,92.0,0.530869565217,0.0,0.0,0.0,0.0,0.0,2.0,2.0,0.0,100.0,4.61512051684126,0.0,1.25,1.25,1.0,0.75,0.95,1.0,0.35,0.75,0.0,0.0,0.0,1.0,0.0,0.0,0.0,0.0,0.0,0.0,1.0,0.0,0.0,0.530869565217,0.191576086956,0.051929347826,0.0,repair5g59_static_abstain_candidate,0.0,0.0,0.0,0.086842105263,-0.032894736842,0.059210526316,0.111842105263,0.001052631579,0.002631578947,-0.048684210526,0.032894736842,-0.026315789474,0.0,0.0,0.0,0.0,0.0,0.0,0.0,0.0,0.0
maze-32-32-4|a100|s146|it0|14650fb0739d0383,maze-32-32-4,100,146,0,14650fb0739d0383,repair5g59_wait_aggressive,old14,flow_shield,old14,1.29781836631,True,False,True,False,False,False,False,False,False,False,False,False,False,False,-0.01319127347,0.01281075596,False,False,1.25,1.25,1.0,1.0,0.95,1.0,0.35,0.75,False,False,False,False,False,False,100.0,4.615120516841,0.0,11247.0,112.47,9.32794561405,0.0,1.0,0.0,0.0,0.0,0.0,9200.0,1410.0,637.0,4884.0,4316.0,0.153260869565,0.069239130435,14.1,92.0,0.530869565217,0.0,0.0,0.0,0.0,0.0,2.0,2.0,0.0,100.0,4.61512051684126,0.0,1.25,1.25,1.0,1.0,0.95,1.0,0.35,0.75,0.0,0.0,0.0,1.0,0.0,0.0,0.0,0.0,1.0,0.0,0.0,0.0,0.0,0.530869565217,0.191576086956,0.069239130435,0.0,repair5g59_wait_aggressive,0.0,0.0,0.0,0.086842105263,-0.032894736842,0.059210526316,0.361842105263,0.001052631579,0.002631578947,-0.048684210526,0.032894736842,-0.026315789474,0.0,0.0,0.0,0.0,0.0,0.0,0.0,0.0,0.0
maze-32-32-4|a100|s146|it0|14650fb0739d0383,maze-32-32-4,100,146,0,14650fb0739d0383,repair5g59_wait_conservative,old14,wait_conservative,old14,1.28031456114,False,True,True,False,False,True,False,False,False,False,False,False,False,False,-0.03069507864,0.0,False,True,1.25,1.25,1.0,0.5,0.95,1.0,0.35,0.75,False,False,False,False,False,False,100.0,4.615120516841,0.0,11247.0,112.47,9.32794561405,0.0,1.0,0.0,0.0,0.0,0.0,9200.0,1410.0,637.0,4884.0,4316.0,0.153260869565,0.069239130435,14.1,92.0,0.530869565217,0.0,0.0,0.0,0.0,0.0,2.0,2.0,0.0,100.0,4.61512051684126,0.0,1.25,1.25,1.0,0.5,0.95,1.0,0.35,0.75,0.0,0.0,0.0,1.0,0.0,0.0,0.0,0.0,0.0,0.0,0.0,0.0,1.0,0.530869565217,0.191576086956,0.034619565218,0.0,repair5g59_wait_conservative,0.0,0.0,0.0,0.086842105263,-0.032894736842,0.059210526316,-0.138157894737,0.001052631579,0.002631578947,-0.048684210526,0.032894736842,-0.026315789474,0.0,0.0,0.0,0.042857142857,0.007142857143,0.0,0.021428571429,0.0,0.0
maze-32-32-4|a100|s146|it0|14650fb0739d0383,maze-32-32-4,100,146,0,14650fb0739d0383,repair5g518_grid_c1p25_b1p25_f1p00_w0p50_dc0p95_df1p00_beta0p35_max0p75_c0,g518_retained,wait_conservative,g518_retained,1.28031456114,False,True,True,False,False,True,False,False,True,False,False,False,True,True,-0.03069507864,0.0,False,True,1.25,1.25,1.0,0.5,0.95,1.0,0.35,0.75,False,False,False,False,False,False,100.0,4.615120516841,0.0,11247.0,112.47,9.32794561405,0.0,1.0,0.0,0.0,0.0,0.0,9200.0,1410.0,637.0,4884.0,4316.0,0.153260869565,0.069239130435,14.1,92.0,0.530869565217,0.0,0.0,0.0,0.0,0.0,2.0,2.0,0.0,100.0,4.61512051684126,0.0,1.25,1.25,1.0,0.5,0.95,1.0,0.35,0.75,0.0,1.0,0.0,0.0,0.0,0.0,0.0,0.0,0.0,0.0,0.0,0.0,1.0,0.530869565217,0.191576086956,0.034619565218,0.0,repair5g59_wait_conservative,0.0,0.0,0.0,0.086842105263,-0.032894736842,0.059210526316,-0.138157894737,0.001052631579,0.002631578947,-0.048684210526,0.032894736842,-0.026315789474,0.0,0.0,0.0,0.042857142857,0.007142857143,0.0,0.021428571429,0.0,0.0
maze-32-32-4|a100|s146|it0|14650fb0739d0383,maze-32-32-4,100,146,0,14650fb0739d0383,repair5g518_grid_c1p20_b1p35_f1p00_w0p70_dc0p95_df1p00_beta0p60_max0p75_c0,g518_retained,high_beta,g518_retained,1.33637747336,True,False,False,False,False,False,False,False,False,False,False,False,False,False,0.02536783358,0.05136986301,True,False,1.2,1.35,1.0,0.7,0.95,1.0,0.6,0.75,False,False,False,False,False,False,100.0,4.615120516841,0.0,11247.0,112.47,9.32794561405,0.0,1.0,0.0,0.0,0.0,0.0,9200.0,1410.0,637.0,4884.0,4316.0,0.153260869565,0.069239130435,14.1,92.0,0.530869565217,0.0,0.0,0.0,0.0,0.0,2.0,2.0,0.0,100.0,4.61512051684126,0.0,1.2,1.35,1.0,0.7,0.95,1.0,0.6,0.75,0.0,1.0,0.0,0.0,0.0,0.0,0.0,0.0,0.0,1.0,0.0,0.0,0.0,0.530869565217,0.206902173913,0.048467391305,0.0,repair5g59_high_beta_cap_safe,0.122474487139,0.122474487139,0.115535611769,0.036842105263,0.067105263158,0.059210526316,0.061842105263,0.001052631579,0.002631578947,0.201315789474,0.032894736842,-0.026315789474,-0.020833333333,0.108333333333,0.0,-0.020833333333,-0.0,0.004166666667,0.029166666667,0.0,0.0
maze-32-32-4|a100|s146|it0|14650fb0739d0383,maze-32-32-4,100,146,0,14650fb0739d0383,repair5g518_grid_c0p90_b1p50_f1p00_w0p45_dc0p95_df1p00_beta0p45_max0p75_c0,g518_retained,block_heavy,g518_retained,1.31100963978,True,False,False,False,False,False,False,False,False,False,False,False,False,False,0.0,0.02600202943,False,False,0.9,1.5,1.0,0.45,0.95,1.0,0.45,0.75,False,False,False,False,False,False,100.0,4.615120516841,0.0,11247.0,112.47,9.32794561405,0.0,1.0,0.0,0.0,0.0,0.0,9200.0,1410.0,637.0,4884.0,4316.0,0.153260869565,0.069239130435,14.1,92.0,0.530869565217,0.0,0.0,0.0,0.0,0.0,2.0,2.0,0.0,100.0,4.61512051684126,0.0,0.9,1.5,1.0,0.45,0.95,1.0,0.45,0.75,0.0,1.0,0.0,0.0,0.0,1.0,0.0,0.0,0.0,0.0,0.0,0.0,0.0,0.530869565217,0.229891304348,0.031157608696,0.0,repair5g59_block_heavy_flow_guard,0.15,0.15,0.139761942375,-0.263157894737,0.217105263158,0.059210526316,-0.188157894737,0.001052631579,0.002631578947,0.051315789474,0.032894736842,-0.026315789474,-0.0125,-0.0125,0.0,-0.00625,0.00625,0.0,0.0625,0.0,0.0
maze-32-32-4|a100|s146|it0|14650fb0739d0383,maze-32-32-4,100,146,0,14650fb0739d0383,repair5g518_grid_c1p25_b1p25_f1p00_w0p35_dc0p95_df1p00_beta0p30_max0p75_c0,g518_retained,wait_conservative,g518_retained,1.33688483004,True,False,False,False,False,False,False,False,False,False,False,False,False,False,0.02587519026,0.05187721969,True,False,1.25,1.25,1.0,0.35,0.95,1.0,0.3,0.75,False,False,False,False,False,False,100.0,4.615120516841,0.0,11247.0,112.47,9.32794561405,0.0,1.0,0.0,0.0,0.0,0.0,9200.0,1410.0,637.0,4884.0,4316.0,0.153260869565,0.069239130435,14.1,92.0,0.530869565217,0.0,0.0,0.0,0.0,0.0,2.0,2.0,0.0,100.0,4.61512051684126,0.0,1.25,1.25,1.0,0.35,0.95,1.0,0.3,0.75,0.0,1.0,0.0,0.0,0.0,0.0,0.0,0.0,0.0,0.0,0.0,0.0,1.0,0.530869565217,0.191576086956,0.024233695652,0.0,repair5g59_wait_conservative,0.158113883008,0.158113883008,0.146792718882,0.086842105263,-0.032894736842,0.059210526316,-0.288157894737,0.001052631579,0.002631578947,-0.098684210526,0.032894736842,-0.026315789474,0.0,0.0,0.0,-0.107142857143,0.007142857143,0.0,-0.028571428571,0.0,0.0
maze-32-32-4|a100|s146|it0|14650fb0739d0383,maze-32-32-4,100,146,0,14650fb0739d0383,repair5g518_grid_c0p90_b1p40_f1p00_w0p45_dc0p95_df1p00_beta0p35_max0p75_c0,g518_retained,block_heavy,g518_retained,1.30136986301,True,False,True,False,False,False,False,False,True,False,False,False,False,True,-0.00963977677,0.01636225266,False,False,0.9,1.4,1.0,0.45,0.95,1.0,0.35,0.75,False,False,False,False,False,False,100.0,4.615120516841,0.0,11247.0,112.47,9.32794561405,0.0,1.0,0.0,0.0,0.0,0.0,9200.0,1410.0,637.0,4884.0,4316.0,0.153260869565,0.069239130435,14.1,92.0,0.530869565217,0.0,0.0,0.0,0.0,0.0,2.0,2.0,0.0,100.0,4.61512051684126,0.0,0.9,1.4,1.0,0.45,0.95,1.0,0.35,0.75,0.0,1.0,0.0,0.0,0.0,1.0,0.0,0.0,0.0,0.0,0.0,0.0,0.0,0.530869565217,0.214565217391,0.031157608696,0.0,repair5g59_block_heavy_flow_guard,0.15,0.15,0.139761942375,-0.263157894737,0.117105263158,0.059210526316,-0.188157894737,0.001052631579,0.002631578947,-0.048684210526,0.032894736842,-0.026315789474,-0.0125,-0.1125,0.0,-0.00625,0.00625,0.0,-0.0375,0.0,0.0
maze-32-32-4|a100|s146|it0|14650fb0739d0383,maze-32-32-4,100,146,0,14650fb0739d0383,repair5g518_grid_c1p20_b1p15_f1p00_w0p70_dc0p95_df1p00_beta0p60_max0p75_c0,g518_retained,high_beta,g518_retained,1.32902080162,True,False,False,False,False,False,False,False,False,False,False,False,False,False,0.01801116184,0.04401319127,True,False,1.2,1.15,1.0,0.7,0.95,1.0,0.6,0.75,False,False,False,False,False,False,100.0,4.615120516841,0.0,11247.0,112.47,9.32794561405,0.0,1.0,0.0,0.0,0.0,0.0,9200.0,1410.0,637.0,4884.0,4316.0,0.153260869565,0.069239130435,14.1,92.0,0.530869565217,0.0,0.0,0.0,0.0,0.0,2.0,2.0,0.0,100.0,4.61512051684126,0.0,1.2,1.15,1.0,0.7,0.95,1.0,0.6,0.75,0.0,1.0,0.0,0.0,0.0,0.0,0.0,0.0,0.0,1.0,0.0,0.0,0.0,0.530869565217,0.17625,0.048467391305,0.0,repair5g59_high_beta_cap_safe,0.122474487139,0.122474487139,0.115535611769,0.036842105263,-0.132894736842,0.059210526316,0.061842105263,0.001052631579,0.002631578947,0.201315789474,0.032894736842,-0.026315789474,-0.020833333333,-0.091666666667,0.0,-0.020833333333,-0.0,0.004166666667,0.029166666667,0.0,0.0
maze-32-32-4|a100|s146|it0|14650fb0739d0383,maze-32-32-4,100,146,0,14650fb0739d0383,repair5g518_grid_c0p90_b1p65_f1p00_w0p45_dc0p95_df1p00_beta0p35_max0p75_c0,g518_retained,block_heavy,g518_retained,1.3097412481,True,False,False,False,False,False,False,False,False,False,False,False,False,False,-0.00126839168,0.02473363775,False,False,0.9,1.65,1.0,0.45,0.95,1.0,0.35,0.75,False,False,False,False,False,False,100.0,4.615120516841,0.0,11247.0,112.47,9.32794561405,0.0,1.0,0.0,0.0,0.0,0.0,9200.0,1410.0,637.0,4884.0,4316.0,0.153260869565,0.069239130435,14.1,92.0,0.530869565217,0.0,0.0,0.0,0.0,0.0,2.0,2.0,0.0,100.0,4.61512051684126,0.0,0.9,1.65,1.0,0.45,0.95,1.0,0.35,0.75,0.0,1.0,0.0,0.0,0.0,1.0,0.0,0.0,0.0,0.0,0.0,0.0,0.0,0.530869565217,0.252880434782,0.031157608696,0.0,repair5g59_block_heavy_flow_guard,0.187082869339,0.187082869339,0.171498927292,-0.263157894737,0.367105263158,0.059210526316,-0.188157894737,0.001052631579,0.002631578947,-0.048684210526,0.032894736842,-0.026315789474,-0.0125,0.1375,0.0,-0.00625,0.00625,0.0,-0.0375,0.0,0.0
maze-32-32-4|a100|s146|it0|14650fb0739d0383,maze-32-32-4,100,146,0,14650fb0739d0383,repair5g518_grid_c1p20_b1p15_f1p00_w0p70_dc0p95_df1p00_beta0p55_max0p75_c0,g518_retained,high_beta,g518_retained,1.33003551497,True,False,False,False,False,False,False,False,False,False,False,False,False,False,0.01902587519,0.04502790462,True,False,1.2,1.15,1.0,0.7,0.95,1.0,0.55,0.75,False,False,False,False,False,False,100.0,4.615120516841,0.0,11247.0,112.47,9.32794561405,0.0,1.0,0.0,0.0,0.0,0.0,9200.0,1410.0,637.0,4884.0,4316.0,0.153260869565,0.069239130435,14.1,92.0,0.530869565217,0.0,0.0,0.0,0.0,0.0,2.0,2.0,0.0,100.0,4.61512051684126,0.0,1.2,1.15,1.0,0.7,0.95,1.0,0.55,0.75,0.0,1.0,0.0,0.0,0.0,0.0,0.0,0.0,0.0,1.0,0.0,0.0,0.0,0.530869565217,0.17625,0.048467391305,0.0,repair5g59_high_beta_cap_safe,0.132287565553,0.132287565553,0.124239980694,0.036842105263,-0.132894736842,0.059210526316,0.061842105263,0.001052631579,0.002631578947,0.151315789474,0.032894736842,-0.026315789474,-0.020833333333,-0.091666666667,0.0,-0.020833333333,-0.0,0.004166666667,-0.020833333333,0.0,0.0
maze-32-32-4|a100|s146|it0|14650fb0739d0383,maze-32-32-4,100,146,0,14650fb0739d0383,repair5g521_grid_c0p90_b1p50_f1p00_w0p45_dc0p95_df1p00_beta0p45_max0p75_c0,g521_second_wave,block_heavy,g521_second_wave,1.31100963978,True,False,False,False,False,False,False,False,False,False,False,False,False,False,0.0,0.02600202943,False,False,0.9,1.5,1.0,0.45,0.95,1.0,0.45,0.75,False,False,False,False,False,False,100.0,4.615120516841,0.0,11247.0,112.47,9.32794561405,0.0,1.0,0.0,0.0,0.0,0.0,9200.0,1410.0,637.0,4884.0,4316.0,0.153260869565,0.069239130435,14.1,92.0,0.530869565217,0.0,0.0,0.0,0.0,0.0,2.0,2.0,0.0,100.0,4.61512051684126,0.0,0.9,1.5,1.0,0.45,0.95,1.0,0.45,0.75,0.0,0.0,1.0,0.0,0.0,1.0,0.0,0.0,0.0,0.0,0.0,0.0,0.0,0.530869565217,0.229891304348,0.031157608696,0.0,repair5g59_block_heavy_flow_guard,0.15,0.15,0.139761942375,-0.263157894737,0.217105263158,0.059210526316,-0.188157894737,0.001052631579,0.002631578947,0.051315789474,0.032894736842,-0.026315789474,-0.0125,-0.0125,0.0,-0.00625,0.00625,0.0,0.0625,0.0,0.0
maze-32-32-4|a100|s146|it0|14650fb0739d0383,maze-32-32-4,100,146,0,14650fb0739d0383,repair5g521_grid_c0p90_b1p40_f1p00_w0p45_dc0p95_df1p00_beta0p35_max0p75_c0,g521_second_wave,block_heavy,g521_second_wave,1.30136986301,True,False,True,False,False,False,False,False,True,False,False,False,False,True,-0.00963977677,0.01636225266,False,False,0.9,1.4,1.0,0.45,0.95,1.0,0.35,0.75,False,False,False,False,False,False,100.0,4.615120516841,0.0,11247.0,112.47,9.32794561405,0.0,1.0,0.0,0.0,0.0,0.0,9200.0,1410.0,637.0,4884.0,4316.0,0.153260869565,0.069239130435,14.1,92.0,0.530869565217,0.0,0.0,0.0,0.0,0.0,2.0,2.0,0.0,100.0,4.61512051684126,0.0,0.9,1.4,1.0,0.45,0.95,1.0,0.35,0.75,0.0,0.0,1.0,0.0,0.0,1.0,0.0,0.0,0.0,0.0,0.0,0.0,0.0,0.530869565217,0.214565217391,0.031157608696,0.0,repair5g59_block_heavy_flow_guard,0.15,0.15,0.139761942375,-0.263157894737,0.117105263158,0.059210526316,-0.188157894737,0.001052631579,0.002631578947,-0.048684210526,0.032894736842,-0.026315789474,-0.0125,-0.1125,0.0,-0.00625,0.00625,0.0,-0.0375,0.0,0.0
maze-32-32-4|a100|s146|it0|14650fb0739d0383,maze-32-32-4,100,146,0,14650fb0739d0383,repair5g521_grid_c0p90_b1p65_f1p00_w0p45_dc0p95_df1p00_beta0p35_max0p75_c0,g521_second_wave,block_heavy,g521_second_wave,1.3097412481,True,False,False,False,False,False,False,False,False,False,False,False,False,False,-0.00126839168,0.02473363775,False,False,0.9,1.65,1.0,0.45,0.95,1.0,0.35,0.75,False,False,False,False,False,False,100.0,4.615120516841,0.0,11247.0,112.47,9.32794561405,0.0,1.0,0.0,0.0,0.0,0.0,9200.0,1410.0,637.0,4884.0,4316.0,0.153260869565,0.069239130435,14.1,92.0,0.530869565217,0.0,0.0,0.0,0.0,0.0,2.0,2.0,0.0,100.0,4.61512051684126,0.0,0.9,1.65,1.0,0.45,0.95,1.0,0.35,0.75,0.0,0.0,1.0,0.0,0.0,1.0,0.0,0.0,0.0,0.0,0.0,0.0,0.0,0.530869565217,0.252880434782,0.031157608696,0.0,repair5g59_block_heavy_flow_guard,0.187082869339,0.187082869339,0.171498927292,-0.263157894737,0.367105263158,0.059210526316,-0.188157894737,0.001052631579,0.002631578947,-0.048684210526,0.032894736842,-0.026315789474,-0.0125,0.1375,0.0,-0.00625,0.00625,0.0,-0.0375,0.0,0.0
maze-32-32-4|a100|s146|it0|14650fb0739d0383,maze-32-32-4,100,146,0,14650fb0739d0383,repair5g521_grid_c0p90_b1p50_f1p00_w0p45_dc0p90_df1p00_beta0p45_max0p75_c0,g521_second_wave,block_heavy,g521_second_wave,1.31100963978,True,False,False,False,False,False,False,False,False,False,False,False,False,False,0.0,0.02600202943,False,False,0.9,1.5,1.0,0.45,0.9,1.0,0.45,0.75,False,False,False,False,False,False,100.0,4.615120516841,0.0,11247.0,112.47,9.32794561405,0.0,1.0,0.0,0.0,0.0,0.0,9200.0,1410.0,637.0,4884.0,4316.0,0.153260869565,0.069239130435,14.1,92.0,0.530869565217,0.0,0.0,0.0,0.0,0.0,2.0,2.0,0.0,100.0,4.61512051684126,0.0,0.9,1.5,1.0,0.45,0.9,1.0,0.45,0.75,0.0,0.0,1.0,0.0,0.0,1.0,0.0,0.0,0.0,0.0,0.0,0.0,0.0,0.530869565217,0.229891304348,0.031157608696,0.0,repair5g59_block_heavy_flow_guard,0.158113883008,0.158113883008,0.146792718882,-0.263157894737,0.217105263158,0.059210526316,-0.188157894737,-0.048947368421,0.002631578947,0.051315789474,0.032894736842,-0.026315789474,-0.0125,-0.0125,0.0,-0.00625,-0.04375,0.0,0.0625,0.0,0.0
maze-32-32-4|a100|s146|it0|14650fb0739d0383,maze-32-32-4,100,146,0,14650fb0739d0383,repair5g521_grid_c1p20_b1p35_f1p00_w0p70_dc0p95_df1p00_beta0p60_max0p75_c0,g521_second_wave,high_beta,g521_second_wave,1.33637747336,True,False,False,False,False,False,False,False,False,False,False,False,False,False,0.02536783358,0.05136986301,True,False,1.2,1.35,1.0,0.7,0.95,1.0,0.6,0.75,False,False,False,False,False,False,100.0,4.615120516841,0.0,11247.0,112.47,9.32794561405,0.0,1.0,0.0,0.0,0.0,0.0,9200.0,1410.0,637.0,4884.0,4316.0,0.153260869565,0.069239130435,14.1,92.0,0.530869565217,0.0,0.0,0.0,0.0,0.0,2.0,2.0,0.0,100.0,4.61512051684126,0.0,1.2,1.35,1.0,0.7,0.95,1.0,0.6,0.75,0.0,0.0,1.0,0.0,0.0,0.0,0.0,0.0,0.0,1.0,0.0,0.0,0.0,0.530869565217,0.206902173913,0.048467391305,0.0,repair5g59_high_beta_cap_safe,0.122474487139,0.122474487139,0.115535611769,0.036842105263,0.067105263158,0.059210526316,0.061842105263,0.001052631579,0.002631578947,0.201315789474,0.032894736842,-0.026315789474,-0.020833333333,0.108333333333,0.0,-0.020833333333,-0.0,0.004166666667,0.029166666667,0.0,0.0
maze-32-32-4|a100|s146|it0|14650fb0739d0383,maze-32-32-4,100,146,0,14650fb0739d0383,repair5g521_grid_c1p20_b1p15_f1p00_w0p70_dc0p95_df1p00_beta0p60_max0p75_c0,g521_second_wave,high_beta,g521_second_wave,1.32902080162,True,False,False,False,False,False,False,False,False,False,False,False,False,False,0.01801116184,0.04401319127,True,False,1.2,1.15,1.0,0.7,0.95,1.0,0.6,0.75,False,False,False,False,False,False,100.0,4.615120516841,0.0,11247.0,112.47,9.32794561405,0.0,1.0,0.0,0.0,0.0,0.0,9200.0,1410.0,637.0,4884.0,4316.0,0.153260869565,0.069239130435,14.1,92.0,0.530869565217,0.0,0.0,0.0,0.0,0.0,2.0,2.0,0.0,100.0,4.61512051684126,0.0,1.2,1.15,1.0,0.7,0.95,1.0,0.6,0.75,0.0,0.0,1.0,0.0,0.0,0.0,0.0,0.0,0.0,1.0,0.0,0.0,0.0,0.530869565217,0.17625,0.048467391305,0.0,repair5g59_high_beta_cap_safe,0.122474487139,0.122474487139,0.115535611769,0.036842105263,-0.132894736842,0.059210526316,0.061842105263,0.001052631579,0.002631578947,0.201315789474,0.032894736842,-0.026315789474,-0.020833333333,-0.091666666667,0.0,-0.020833333333,-0.0,0.004166666667,0.029166666667,0.0,0.0
maze-32-32-4|a100|s146|it0|14650fb0739d0383,maze-32-32-4,100,146,0,14650fb0739d0383,repair5g521_grid_c1p20_b1p15_f1p00_w0p70_dc0p95_df1p00_beta0p55_max0p75_c0,g521_second_wave,high_beta,g521_second_wave,1.33003551497,True,False,False,False,False,False,False,False,False,False,False,False,False,False,0.01902587519,0.04502790462,True,False,1.2,1.15,1.0,0.7,0.95,1.0,0.55,0.75,False,False,False,False,False,False,100.0,4.615120516841,0.0,11247.0,112.47,9.32794561405,0.0,1.0,0.0,0.0,0.0,0.0,9200.0,1410.0,637.0,4884.0,4316.0,0.153260869565,0.069239130435,14.1,92.0,0.530869565217,0.0,0.0,0.0,0.0,0.0,2.0,2.0,0.0,100.0,4.61512051684126,0.0,1.2,1.15,1.0,0.7,0.95,1.0,0.55,0.75,0.0,0.0,1.0,0.0,0.0,0.0,0.0,0.0,0.0,1.0,0.0,0.0,0.0,0.530869565217,0.17625,0.048467391305,0.0,repair5g59_high_beta_cap_safe,0.132287565553,0.132287565553,0.124239980694,0.036842105263,-0.132894736842,0.059210526316,0.061842105263,0.001052631579,0.002631578947,0.151315789474,0.032894736842,-0.026315789474,-0.020833333333,-0.091666666667,0.0,-0.020833333333,-0.0,0.004166666667,-0.020833333333,0.0,0.0
maze-32-32-4|a100|s146|it0|14650fb0739d0383,maze-32-32-4,100,146,0,14650fb0739d0383,repair5g521_grid_c1p20_b1p35_f1p00_w0p70_dc0p95_df1p00_beta0p55_max0p75_c0,g521_second_wave,high_beta,g521_second_wave,1.31887366819,True,False,False,False,False,False,False,False,False,False,False,False,False,False,0.00786402841,0.03386605784,True,False,1.2,1.35,1.0,0.7,0.95,1.0,0.55,0.75,False,False,False,False,False,False,100.0,4.615120516841,0.0,11247.0,112.47,9.32794561405,0.0,1.0,0.0,0.0,0.0,0.0,9200.0,1410.0,637.0,4884.0,4316.0,0.153260869565,0.069239130435,14.1,92.0,0.530869565217,0.0,0.0,0.0,0.0,0.0,2.0,2.0,0.0,100.0,4.61512051684126,0.0,1.2,1.35,1.0,0.7,0.95,1.0,0.55,0.75,0.0,0.0,1.0,0.0,0.0,0.0,0.0,0.0,0.0,1.0,0.0,0.0,0.0,0.530869565217,0.206902173913,0.048467391305,0.0,repair5g59_high_beta_cap_safe,0.132287565553,0.132287565553,0.124239980694,0.036842105263,0.067105263158,0.059210526316,0.061842105263,0.001052631579,0.002631578947,0.151315789474,0.032894736842,-0.026315789474,-0.020833333333,0.108333333333,0.0,-0.020833333333,-0.0,0.004166666667,-0.020833333333,0.0,0.0
maze-32-32-4|a100|s146|it0|14650fb0739d0383,maze-32-32-4,100,146,0,14650fb0739d0383,repair5g521_grid_c1p25_b1p25_f1p00_w0p50_dc0p95_df1p00_beta0p35_max0p75_c0,g521_second_wave,wait_conservative,g521_second_wave,1.28031456114,True,False,True,False,False,False,False,False,True,False,False,False,False,True,-0.03069507864,-0.00469304921,False,False,1.25,1.25,1.0,0.5,0.95,1.0,0.35,0.75,False,False,False,False,False,False,100.0,4.615120516841,0.0,11247.0,112.47,9.32794561405,0.0,1.0,0.0,0.0,0.0,0.0,9200.0,1410.0,637.0,4884.0,4316.0,0.153260869565,0.069239130435,14.1,92.0,0.530869565217,0.0,0.0,0.0,0.0,0.0,2.0,2.0,0.0,100.0,4.61512051684126,0.0,1.25,1.25,1.0,0.5,0.95,1.0,0.35,0.75,0.0,0.0,1.0,0.0,0.0,0.0,0.0,0.0,0.0,0.0,0.0,0.0,1.0,0.530869565217,0.191576086956,0.034619565218,0.0,repair5g59_wait_conservative,0.0,0.0,0.0,0.086842105263,-0.032894736842,0.059210526316,-0.138157894737,0.001052631579,0.002631578947,-0.048684210526,0.032894736842,-0.026315789474,0.0,0.0,0.0,0.042857142857,0.007142857143,0.0,0.021428571429,0.0,0.0
maze-32-32-4|a100|s146|it0|14650fb0739d0383,maze-32-32-4,100,146,0,14650fb0739d0383,repair5g521_grid_c1p25_b1p25_f1p00_w0p35_dc0p95_df1p00_beta0p30_max0p75_c0,g521_second_wave,wait_conservative,g521_second_wave,1.33688483004,True,False,False,False,False,False,False,False,False,False,False,False,False,False,0.02587519026,0.05187721969,True,False,1.25,1.25,1.0,0.35,0.95,1.0,0.3,0.75,False,False,False,False,False,False,100.0,4.615120516841,0.0,11247.0,112.47,9.32794561405,0.0,1.0,0.0,0.0,0.0,0.0,9200.0,1410.0,637.0,4884.0,4316.0,0.153260869565,0.069239130435,14.1,92.0,0.530869565217,0.0,0.0,0.0,0.0,0.0,2.0,2.0,0.0,100.0,4.61512051684126,0.0,1.25,1.25,1.0,0.35,0.95,1.0,0.3,0.75,0.0,0.0,1.0,0.0,0.0,0.0,0.0,0.0,0.0,0.0,0.0,0.0,1.0,0.530869565217,0.191576086956,0.024233695652,0.0,repair5g59_wait_conservative,0.158113883008,0.158113883008,0.146792718882,0.086842105263,-0.032894736842,0.059210526316,-0.288157894737,0.001052631579,0.002631578947,-0.098684210526,0.032894736842,-0.026315789474,0.0,0.0,0.0,-0.107142857143,0.007142857143,0.0,-0.028571428571,0.0,0.0
maze-32-32-4|a100|s146|it0|14650fb0739d0383,maze-32-32-4,100,146,0,14650fb0739d0383,repair5g521_grid_c1p25_b1p25_f1p00_w0p50_dc0p90_df1p00_beta0p35_max0p75_c0,g521_second_wave,wait_conservative,g521_second_wave,1.28031456114,True,False,True,False,True,False,False,False,True,False,True,False,False,True,-0.03069507864,-0.00469304921,False,False,1.25,1.25,1.0,0.5,0.9,1.0,0.35,0.75,False,False,False,False,False,False,100.0,4.615120516841,0.0,11247.0,112.47,9.32794561405,0.0,1.0,0.0,0.0,0.0,0.0,9200.0,1410.0,637.0,4884.0,4316.0,0.153260869565,0.069239130435,14.1,92.0,0.530869565217,0.0,0.0,0.0,0.0,0.0,2.0,2.0,0.0,100.0,4.61512051684126,0.0,1.25,1.25,1.0,0.5,0.9,1.0,0.35,0.75,0.0,0.0,1.0,0.0,0.0,0.0,0.0,0.0,0.0,0.0,0.0,0.0,1.0,0.530869565217,0.191576086956,0.034619565218,0.0,repair5g59_wait_conservative,0.05,0.05,0.048790164169,0.086842105263,-0.032894736842,0.059210526316,-0.138157894737,-0.048947368421,0.002631578947,-0.048684210526,0.032894736842,-0.026315789474,0.0,0.0,0.0,0.042857142857,-0.042857142857,0.0,0.021428571429,0.0,0.0
maze-32-32-4|a100|s146|it0|14650fb0739d0383,maze-32-32-4,100,146,0,14650fb0739d0383,repair5g521_grid_c1p25_b1p25_f1p00_w0p50_dc0p95_df1p00_beta0p30_max0p75_c0,g521_second_wave,wait_conservative,g521_second_wave,1.28538812785,True,False,True,False,False,False,False,False,True,False,False,False,False,True,-0.02562151193,0.0003805175,False,False,1.25,1.25,1.0,0.5,0.95,1.0,0.3,0.75,False,False,False,False,False,False,100.0,4.615120516841,0.0,11247.0,112.47,9.32794561405,0.0,1.0,0.0,0.0,0.0,0.0,9200.0,1410.0,637.0,4884.0,4316.0,0.153260869565,0.069239130435,14.1,92.0,0.530869565217,0.0,0.0,0.0,0.0,0.0,2.0,2.0,0.0,100.0,4.61512051684126,0.0,1.25,1.25,1.0,0.5,0.95,1.0,0.3,0.75,0.0,0.0,1.0,0.0,0.0,0.0,0.0,0.0,0.0,0.0,0.0,0.0,1.0,0.530869565217,0.191576086956,0.034619565218,0.0,repair5g59_wait_conservative,0.05,0.05,0.048790164169,0.086842105263,-0.032894736842,0.059210526316,-0.138157894737,0.001052631579,0.002631578947,-0.098684210526,0.032894736842,-0.026315789474,0.0,0.0,0.0,0.042857142857,0.007142857143,0.0,-0.028571428571,0.0,0.0
maze-32-32-4|a100|s146|it0|14650fb0739d0383,maze-32-32-4,100,146,0,14650fb0739d0383,repair5g521_grid_c1p25_b1p25_f1p00_w0p75_dc0p95_df1p00_beta0p55_max0p75_c0,g521_second_wave,high_beta,g521_second_wave,1.33536276002,True,False,False,False,False,False,False,False,False,False,False,False,False,False,0.02435312024,0.05035514967,True,False,1.25,1.25,1.0,0.75,0.95,1.0,0.55,0.75,False,False,False,False,False,False,100.0,4.615120516841,0.0,11247.0,112.47,9.32794561405,0.0,1.0,0.0,0.0,0.0,0.0,9200.0,1410.0,637.0,4884.0,4316.0,0.153260869565,0.069239130435,14.1,92.0,0.530869565217,0.0,0.0,0.0,0.0,0.0,2.0,2.0,0.0,100.0,4.61512051684126,0.0,1.25,1.25,1.0,0.75,0.95,1.0,0.55,0.75,0.0,0.0,1.0,0.0,0.0,0.0,0.0,0.0,0.0,1.0,0.0,0.0,0.0,0.530869565217,0.191576086956,0.051929347826,0.0,repair5g59_high_beta_cap_safe,0.05,0.05,0.048790164169,0.086842105263,-0.032894736842,0.059210526316,0.111842105263,0.001052631579,0.002631578947,0.151315789474,0.032894736842,-0.026315789474,0.029166666667,0.008333333333,0.0,0.029166666667,-0.0,0.004166666667,-0.020833333333,0.0,0.0
maze-32-32-4|a100|s146|it0|14650fb0739d0383,maze-32-32-4,100,146,0,14650fb0739d0383,repair5g521_grid_c1p25_b1p25_f1p00_w0p75_dc0p90_df1p00_beta0p55_max0p75_c0,g521_second_wave,high_beta,g521_second_wave,1.33536276002,True,False,False,False,False,False,False,False,False,False,False,False,False,False,0.02435312024,0.05035514967,True,False,1.25,1.25,1.0,0.75,0.9,1.0,0.55,0.75,False,False,False,False,False,False,100.0,4.615120516841,0.0,11247.0,112.47,9.32794561405,0.0,1.0,0.0,0.0,0.0,0.0,9200.0,1410.0,637.0,4884.0,4316.0,0.153260869565,0.069239130435,14.1,92.0,0.530869565217,0.0,0.0,0.0,0.0,0.0,2.0,2.0,0.0,100.0,4.61512051684126,0.0,1.25,1.25,1.0,0.75,0.9,1.0,0.55,0.75,0.0,0.0,1.0,0.0,0.0,0.0,0.0,0.0,0.0,1.0,0.0,0.0,0.0,0.530869565217,0.191576086956,0.051929347826,0.0,repair5g59_high_beta_cap_safe,0.070710678119,0.070710678119,0.068322613158,0.086842105263,-0.032894736842,0.059210526316,0.111842105263,-0.048947368421,0.002631578947,0.151315789474,0.032894736842,-0.026315789474,0.029166666667,0.008333333333,0.0,0.029166666667,-0.05,0.004166666667,-0.020833333333,0.0,0.0
maze-32-32-4|a100|s146|it0|14650fb0739d0383,maze-32-32-4,100,146,0,14650fb0739d0383,repair5g521_grid_c1p25_b1p25_f1p00_w0p75_dc0p95_df0p95_beta0p55_max0p75_c0,g521_second_wave,high_beta,g521_second_wave,1.33536276002,True,False,False,False,False,False,False,False,False,False,False,False,False,False,0.02435312024,0.05035514967,True,False,1.25,1.25,1.0,0.75,0.95,0.95,0.55,0.75,False,False,False,False,False,False,100.0,4.615120516841,0.0,11247.0,112.47,9.32794561405,0.0,1.0,0.0,0.0,0.0,0.0,9200.0,1410.0,637.0,4884.0,4316.0,0.153260869565,0.069239130435,14.1,92.0,0.530869565217,0.0,0.0,0.0,0.0,0.0,2.0,2.0,0.0,100.0,4.61512051684126,0.0,1.25,1.25,1.0,0.75,0.95,0.95,0.55,0.75,0.0,0.0,1.0,0.0,0.0,0.0,0.0,0.0,0.0,1.0,0.0,0.0,0.0,0.530869565217,0.191576086956,0.051929347826,0.0,repair5g59_high_beta_cap_safe,0.070710678119,0.070710678119,0.068322613158,0.086842105263,-0.032894736842,0.059210526316,0.111842105263,0.001052631579,-0.047368421053,0.151315789474,0.032894736842,-0.026315789474,0.029166666667,0.008333333333,0.0,0.029166666667,-0.0,-0.045833333333,-0.020833333333,0.0,0.0
maze-32-32-4|a100|s146|it0|14650fb0739d0383,maze-32-32-4,100,146,0,14650fb0739d0383,repair5g521_grid_c1p25_b1p25_f1p00_w0p75_dc1p00_df1p00_beta0p55_max0p75_c0,g521_second_wave,high_beta,g521_second_wave,1.33536276002,True,False,False,False,False,False,False,False,False,False,False,False,False,False,0.02435312024,0.05035514967,True,False,1.25,1.25,1.0,0.75,1.0,1.0,0.55,0.75,False,False,False,False,False,False,100.0,4.615120516841,0.0,11247.0,112.47,9.32794561405,0.0,1.0,0.0,0.0,0.0,0.0,9200.0,1410.0,637.0,4884.0,4316.0,0.153260869565,0.069239130435,14.1,92.0,0.530869565217,0.0,0.0,0.0,0.0,0.0,2.0,2.0,0.0,100.0,4.61512051684126,0.0,1.25,1.25,1.0,0.75,1.0,1.0,0.55,0.75,0.0,0.0,1.0,0.0,0.0,0.0,0.0,0.0,0.0,1.0,0.0,0.0,0.0,0.530869565217,0.191576086956,0.051929347826,0.0,repair5g59_high_beta_cap_safe,0.070710678119,0.070710678119,0.068322613158,0.086842105263,-0.032894736842,0.059210526316,0.111842105263,0.051052631579,0.002631578947,0.151315789474,0.032894736842,-0.026315789474,0.029166666667,0.008333333333,0.0,0.029166666667,0.05,0.004166666667,-0.020833333333,0.0,0.0
maze-32-32-4|a100|s148|it0|14650fb0739d0383,maze-32-32-4,100,148,0,14650fb0739d0383,repair5g59_additive_fallback,old14,additive,old14,1.45885928004,True,False,False,False,False,False,False,False,False,False,False,False,False,False,0.13604488079,0.206171108,True,False,,,,,,,,,,False,False,False,False,False,100.0,4.615120516841,0.0,13036.0,130.36,9.475546747663,0.0,1.0,0.0,0.0,0.0,0.0,10300.0,1886.0,850.0,5598.0,4702.0,0.183106796117,0.082524271845,18.86,103.0,0.543495145631,0.0,0.0,0.0,0.0,0.0,2.0,2.0,0.0,100.0,4.61512051684126,0.0,1.0,1.0,0.0,1.0,1.0,1.0,0.0,0.0,0.0,0.0,0.0,1.0,1.0,0.0,0.0,0.0,0.0,0.0,0.0,0.0,0.0,0.0,0.183106796117,0.082524271845,0.0,,,,0.0,-0.163157894737,-0.282894736842,-0.940789473684,0.361842105263,0.051052631579,0.002631578947,-0.398684210526,-0.717105263158,-0.026315789474,0.0,0.0,0.0,0.0,0.0,0.0,0.0,0.0,0.0
maze-32-32-4|a100|s148|it0|14650fb0739d0383,maze-32-32-4,100,148,0,14650fb0739d0383,repair5g59_block_heavy_flow_guard,old14,block_heavy,old14,1.25268817204,True,False,True,False,False,False,False,False,False,False,False,False,False,False,-0.07012622721,0.0,False,False,1.0,1.5,1.0,0.5,0.95,1.0,0.35,0.75,False,False,False,False,False,False,100.0,4.615120516841,0.0,13036.0,130.36,9.475546747663,0.0,1.0,0.0,0.0,0.0,0.0,10300.0,1886.0,850.0,5598.0,4702.0,0.183106796117,0.082524271845,18.86,103.0,0.543495145631,0.0,0.0,0.0,0.0,0.0,2.0,2.0,0.0,100.0,4.61512051684126,0.0,1.0,1.5,1.0,0.5,0.95,1.0,0.35,0.75,0.0,0.0,0.0,1.0,0.0,1.0,0.0,0.0,0.0,0.0,0.0,0.0,0.0,0.543495145631,0.274660194176,0.041262135922,0.0,repair5g59_block_heavy_flow_guard,0.0,0.0,0.0,-0.163157894737,0.217105263158,0.059210526316,-0.138157894737,0.001052631579,0.002631578947,-0.048684210526,0.032894736842,-0.026315789474,0.0875,-0.0125,0.0,0.04375,0.00625,0.0,-0.0375,0.0,0.0
maze-32-32-4|a100|s148|it0|14650fb0739d0383,maze-32-32-4,100,148,0,14650fb0739d0383,repair5g59_c_only_f_disabled,old14,static_boundary_c_only,old14,1.42940626461,True,False,False,False,False,False,False,False,False,False,False,False,False,False,0.10659186536,0.17671809257,True,False,1.25,1.25,0.0,0.75,0.95,1.0,0.0,0.0,True,False,False,False,False,False,100.0,4.615120516841,0.0,13036.0,130.36,9.475546747663,0.0,1.0,0.0,0.0,0.0,0.0,10300.0,1886.0,850.0,5598.0,4702.0,0.183106796117,0.082524271845,18.86,103.0,0.543495145631,0.0,0.0,0.0,0.0,0.0,2.0,2.0,0.0,100.0,4.61512051684126,0.0,1.25,1.25,0.0,0.75,0.95,1.0,0.0,0.0,1.0,0.0,0.0,1.0,0.0,0.0,0.0,0.0,0.0,0.0,0.0,1.0,0.0,0.0,0.228883495146,0.061893203884,0.0,repair5g59_c_only_f_disabled,0.0,0.0,0.0,0.086842105263,-0.032894736842,-0.940789473684,0.111842105263,0.001052631579,0.002631578947,-0.398684210526,-0.717105263158,0.973684210526,0.0,0.0,0.0,0.0,0.0,0.0,0.0,0.0,0.0
maze-32-32-4|a100|s148|it0|14650fb0739d0383,maze-32-32-4,100,148,0,14650fb0739d0383,repair5g59_commit_heavy_flow_guard,old14,commit_heavy,old14,1.33309957924,True,False,False,False,False,False,False,False,False,False,False,False,False,False,0.01028517999,0.0804114072,True,False,1.5,1.0,1.0,0.75,0.95,1.0,0.35,0.75,False,False,False,False,False,False,100.0,4.615120516841,0.0,13036.0,130.36,9.475546747663,0.0,1.0,0.0,0.0,0.0,0.0,10300.0,1886.0,850.0,5598.0,4702.0,0.183106796117,0.082524271845,18.86,103.0,0.543495145631,0.0,0.0,0.0,0.0,0.0,2.0,2.0,0.0,100.0,4.61512051684126,0.0,1.5,1.0,1.0,0.75,0.95,1.0,0.35,0.75,0.0,0.0,0.0,1.0,0.0,0.0,1.0,0.0,0.0,0.0,0.0,0.0,0.0,0.543495145631,0.183106796117,0.061893203884,0.0,repair5g59_commit_heavy_flow_guard,0.0,0.0,0.0,0.336842105263,-0.282894736842,0.059210526316,0.111842105263,0.001052631579,0.002631578947,-0.048684210526,0.032894736842,-0.026315789474,0.0,0.0,0.0,0.0,0.0,0.0,0.0,0.0,0.0
maze-32-32-4|a100|s148|it0|14650fb0739d0383,maze-32-32-4,100,148,0,14650fb0739d0383,repair5g59_fast_decay_low_shield,old14,flow_decay,old14,1.37634408602,True,False,False,False,False,False,False,False,False,False,False,False,False,False,0.05352968677,0.12365591398,True,False,1.25,1.25,1.0,0.75,0.9,1.0,0.2,0.5,False,False,False,False,False,False,100.0,4.615120516841,0.0,13036.0,130.36,9.475546747663,0.0,1.0,0.0,0.0,0.0,0.0,10300.0,1886.0,850.0,5598.0,4702.0,0.183106796117,0.082524271845,18.86,103.0,0.543495145631,0.0,0.0,0.0,0.0,0.0,2.0,2.0,0.0,100.0,4.61512051684126,0.0,1.25,1.25,1.0,0.75,0.9,1.0,0.2,0.5,0.0,0.0,0.0,1.0,0.0,0.0,0.0,1.0,0.0,0.0,0.0,0.0,0.0,0.543495145631,0.228883495146,0.061893203884,0.0,repair5g59_fast_decay_low_shield,0.0,0.0,0.0,0.086842105263,-0.032894736842,0.059210526316,0.111842105263,-0.048947368421,0.002631578947,-0.198684210526,-0.217105263158,-0.026315789474,0.05,0.05,0.05,0.0,-0.052,0.01,-0.1,-0.3,0.0
maze-32-32-4|a100|s148|it0|14650fb0739d0383,maze-32-32-4,100,148,0,14650fb0739d0383,repair5g59_flow_decay,old14,flow_decay,old14,1.32281439925,True,False,False,False,False,False,False,False,False,False,False,False,False,False,0.0,0.07012622721,False,False,1.25,1.25,1.0,0.75,0.95,0.95,0.35,0.75,False,False,False,False,False,False,100.0,4.615120516841,0.0,13036.0,130.36,9.475546747663,0.0,1.0,0.0,0.0,0.0,0.0,10300.0,1886.0,850.0,5598.0,4702.0,0.183106796117,0.082524271845,18.86,103.0,0.543495145631,0.0,0.0,0.0,0.0,0.0,2.0,2.0,0.0,100.0,4.61512051684126,0.0,1.25,1.25,1.0,0.75,0.95,0.95,0.35,0.75,0.0,0.0,0.0,1.0,0.0,0.0,0.0,1.0,0.0,0.0,0.0,0.0,0.0,0.543495145631,0.228883495146,0.061893203884,0.0,repair5g59_flow_decay,0.0,0.0,0.0,0.086842105263,-0.032894736842,0.059210526316,0.111842105263,0.001052631579,-0.047368421053,-0.048684210526,0.032894736842,-0.026315789474,0.05,0.05,0.05,0.0,-0.002,-0.04,0.05,-0.05,0.0
maze-32-32-4|a100|s148|it0|14650fb0739d0383,maze-32-32-4,100,148,0,14650fb0739d0383,repair5g59_high_beta_cap_safe,old14,high_beta,old14,1.31299672744,True,False,True,False,False,False,False,False,False,False,False,False,False,False,-0.00981767181,0.0603085554,False,False,1.25,1.25,1.0,0.75,0.95,1.0,0.6,0.75,False,False,False,False,False,False,100.0,4.615120516841,0.0,13036.0,130.36,9.475546747663,0.0,1.0,0.0,0.0,0.0,0.0,10300.0,1886.0,850.0,5598.0,4702.0,0.183106796117,0.082524271845,18.86,103.0,0.543495145631,0.0,0.0,0.0,0.0,0.0,2.0,2.0,0.0,100.0,4.61512051684126,0.0,1.25,1.25,1.0,0.75,0.95,1.0,0.6,0.75,0.0,0.0,0.0,1.0,0.0,0.0,0.0,0.0,0.0,1.0,0.0,0.0,0.0,0.543495145631,0.228883495146,0.061893203884,0.0,repair5g59_high_beta_cap_safe,0.0,0.0,0.0,0.086842105263,-0.032894736842,0.059210526316,0.111842105263,0.001052631579,0.002631578947,0.201315789474,0.032894736842,-0.026315789474,0.029166666667,0.008333333333,0.0,0.029166666667,-0.0,0.004166666667,0.029166666667,0.0,0.0
maze-32-32-4|a100|s148|it0|14650fb0739d0383,maze-32-32-4,100,148,0,14650fb0739d0383,repair5g59_light_cong_light_flow,old14,flow_decay,old14,1.37283777466,False,True,False,False,False,True,False,False,False,False,False,False,False,False,0.05002337541,0.12014960262,True,True,1.0,1.0,0.75,0.75,0.98,1.0,0.25,0.5,False,False,False,False,False,False,100.0,4.615120516841,0.0,13036.0,130.36,9.475546747663,0.0,1.0,0.0,0.0,0.0,0.0,10300.0,1886.0,850.0,5598.0,4702.0,0.183106796117,0.082524271845,18.86,103.0,0.543495145631,0.0,0.0,0.0,0.0,0.0,2.0,2.0,0.0,100.0,4.61512051684126,0.0,1.0,1.0,0.75,0.75,0.98,1.0,0.25,0.5,0.0,0.0,0.0,1.0,0.0,0.0,0.0,1.0,0.0,0.0,0.0,0.0,0.0,0.407621359223,0.183106796117,0.061893203884,0.0,repair5g59_light_cong_light_flow,0.0,0.0,0.0,-0.163157894737,-0.282894736842,-0.190789473684,0.111842105263,0.031052631579,0.002631578947,-0.148684210526,-0.217105263158,-0.026315789474,-0.2,-0.2,-0.2,0.0,0.028,0.01,-0.05,-0.3,0.0
maze-32-32-4|a100|s148|it0|14650fb0739d0383,maze-32-32-4,100,148,0,14650fb0739d0383,repair5g59_low_beta_high_cap,old14,flow_decay,old14,1.33076203834,False,True,False,False,False,True,False,False,False,False,False,False,False,False,0.00794763909,0.0780738663,True,True,1.25,1.25,1.0,0.75,0.95,1.0,0.2,1.25,False,False,False,False,False,False,100.0,4.615120516841,0.0,13036.0,130.36,9.475546747663,0.0,1.0,0.0,0.0,0.0,0.0,10300.0,1886.0,850.0,5598.0,4702.0,0.183106796117,0.082524271845,18.86,103.0,0.543495145631,0.0,0.0,0.0,0.0,0.0,2.0,2.0,0.0,100.0,4.61512051684126,0.0,1.25,1.25,1.0,0.75,0.95,1.0,0.2,1.25,0.0,0.0,0.0,1.0,0.0,0.0,0.0,1.0,0.0,0.0,0.0,0.0,0.0,0.543495145631,0.228883495146,0.061893203884,0.0,repair5g59_low_beta_high_cap,0.0,0.0,0.0,0.086842105263,-0.032894736842,0.059210526316,0.111842105263,0.001052631579,0.002631578947,-0.198684210526,0.532894736842,-0.026315789474,0.05,0.05,0.05,0.0,-0.002,0.01,-0.1,0.45,0.0
maze-32-32-4|a100|s148|it0|14650fb0739d0383,maze-32-32-4,100,148,0,14650fb0739d0383,repair5g59_slow_decay_high_shield,old14,flow_decay,old14,1.40509583918,False,True,False,False,False,True,False,False,False,False,False,False,False,False,0.08228143993,0.15240766714,True,True,1.25,1.25,1.0,0.75,0.98,1.0,0.5,1.0,False,False,False,False,False,False,100.0,4.615120516841,0.0,13036.0,130.36,9.475546747663,0.0,1.0,0.0,0.0,0.0,0.0,10300.0,1886.0,850.0,5598.0,4702.0,0.183106796117,0.082524271845,18.86,103.0,0.543495145631,0.0,0.0,0.0,0.0,0.0,2.0,2.0,0.0,100.0,4.61512051684126,0.0,1.25,1.25,1.0,0.75,0.98,1.0,0.5,1.0,0.0,0.0,0.0,1.0,0.0,0.0,0.0,1.0,0.0,0.0,0.0,0.0,0.0,0.543495145631,0.228883495146,0.061893203884,0.0,repair5g59_slow_decay_high_shield,0.0,0.0,0.0,0.086842105263,-0.032894736842,0.059210526316,0.111842105263,0.031052631579,0.002631578947,0.101315789474,0.282894736842,-0.026315789474,0.05,0.05,0.05,0.0,0.028,0.01,0.2,0.2,0.0
maze-32-32-4|a100|s148|it0|14650fb0739d0383,maze-32-32-4,100,148,0,14650fb0739d0383,repair5g59_static_abstain_candidate,old14,static,old14,1.32281439925,True,False,False,False,False,False,False,False,False,False,False,False,False,False,0.0,0.07012622721,False,False,1.25,1.25,1.0,0.75,0.95,1.0,0.35,0.75,False,False,False,False,False,False,100.0,4.615120516841,0.0,13036.0,130.36,9.475546747663,0.0,1.0,0.0,0.0,0.0,0.0,10300.0,1886.0,850.0,5598.0,4702.0,0.183106796117,0.082524271845,18.86,103.0,0.543495145631,0.0,0.0,0.0,0.0,0.0,2.0,2.0,0.0,100.0,4.61512051684126,0.0,1.25,1.25,1.0,0.75,0.95,1.0,0.35,0.75,0.0,0.0,0.0,1.0,0.0,0.0,0.0,0.0,0.0,0.0,1.0,0.0,0.0,0.543495145631,0.228883495146,0.061893203884,0.0,repair5g59_static_abstain_candidate,0.0,0.0,0.0,0.086842105263,-0.032894736842,0.059210526316,0.111842105263,0.001052631579,0.002631578947,-0.048684210526,0.032894736842,-0.026315789474,0.0,0.0,0.0,0.0,0.0,0.0,0.0,0.0,0.0
maze-32-32-4|a100|s148|it0|14650fb0739d0383,maze-32-32-4,100,148,0,14650fb0739d0383,repair5g59_static_flow_shield,old14,static,old14,1.32281439925,True,False,False,False,False,False,False,False,False,False,False,False,False,False,0.0,0.07012622721,False,False,1.25,1.25,1.0,0.75,0.95,1.0,0.35,0.75,False,False,False,False,False,False,100.0,4.615120516841,0.0,13036.0,130.36,9.475546747663,0.0,1.0,0.0,0.0,0.0,0.0,10300.0,1886.0,850.0,5598.0,4702.0,0.183106796117,0.082524271845,18.86,103.0,0.543495145631,0.0,0.0,0.0,0.0,0.0,2.0,2.0,0.0,100.0,4.61512051684126,0.0,1.25,1.25,1.0,0.75,0.95,1.0,0.35,0.75,0.0,0.0,0.0,1.0,0.0,0.0,0.0,0.0,0.0,0.0,1.0,0.0,0.0,0.543495145631,0.228883495146,0.061893203884,0.0,repair5g59_static_abstain_candidate,0.0,0.0,0.0,0.086842105263,-0.032894736842,0.059210526316,0.111842105263,0.001052631579,0.002631578947,-0.048684210526,0.032894736842,-0.026315789474,0.0,0.0,0.0,0.0,0.0,0.0,0.0,0.0,0.0
maze-32-32-4|a100|s148|it0|14650fb0739d0383,maze-32-32-4,100,148,0,14650fb0739d0383,repair5g59_wait_aggressive,old14,flow_shield,old14,1.33052828424,True,False,False,False,False,False,False,False,False,False,False,False,False,False,0.00771388499,0.0778401122,True,False,1.25,1.25,1.0,1.0,0.95,1.0,0.35,0.75,False,False,False,False,False,False,100.0,4.615120516841,0.0,13036.0,130.36,9.475546747663,0.0,1.0,0.0,0.0,0.0,0.0,10300.0,1886.0,850.0,5598.0,4702.0,0.183106796117,0.082524271845,18.86,103.0,0.543495145631,0.0,0.0,0.0,0.0,0.0,2.0,2.0,0.0,100.0,4.61512051684126,0.0,1.25,1.25,1.0,1.0,0.95,1.0,0.35,0.75,0.0,0.0,0.0,1.0,0.0,0.0,0.0,0.0,1.0,0.0,0.0,0.0,0.0,0.543495145631,0.228883495146,0.082524271845,0.0,repair5g59_wait_aggressive,0.0,0.0,0.0,0.086842105263,-0.032894736842,0.059210526316,0.361842105263,0.001052631579,0.002631578947,-0.048684210526,0.032894736842,-0.026315789474,0.0,0.0,0.0,0.0,0.0,0.0,0.0,0.0,0.0
maze-32-32-4|a100|s148|it0|14650fb0739d0383,maze-32-32-4,100,148,0,14650fb0739d0383,repair5g59_wait_conservative,old14,wait_conservative,old14,1.33146330061,True,False,False,False,False,False,False,False,False,False,False,False,False,False,0.00864890136,0.07877512857,True,False,1.25,1.25,1.0,0.5,0.95,1.0,0.35,0.75,False,False,False,False,False,False,100.0,4.615120516841,0.0,13036.0,130.36,9.475546747663,0.0,1.0,0.0,0.0,0.0,0.0,10300.0,1886.0,850.0,5598.0,4702.0,0.183106796117,0.082524271845,18.86,103.0,0.543495145631,0.0,0.0,0.0,0.0,0.0,2.0,2.0,0.0,100.0,4.61512051684126,0.0,1.25,1.25,1.0,0.5,0.95,1.0,0.35,0.75,0.0,0.0,0.0,1.0,0.0,0.0,0.0,0.0,0.0,0.0,0.0,0.0,1.0,0.543495145631,0.228883495146,0.041262135922,0.0,repair5g59_wait_conservative,0.0,0.0,0.0,0.086842105263,-0.032894736842,0.059210526316,-0.138157894737,0.001052631579,0.002631578947,-0.048684210526,0.032894736842,-0.026315789474,0.0,0.0,0.0,0.042857142857,0.007142857143,0.0,0.021428571429,0.0,0.0
maze-32-32-4|a100|s148|it0|14650fb0739d0383,maze-32-32-4,100,148,0,14650fb0739d0383,repair5g518_grid_c1p25_b1p25_f1p00_w0p50_dc0p95_df1p00_beta0p35_max0p75_c0,g518_retained,wait_conservative,g518_retained,1.33146330061,True,False,False,False,False,False,False,False,False,False,False,False,False,False,0.00864890136,0.07877512857,True,False,1.25,1.25,1.0,0.5,0.95,1.0,0.35,0.75,False,False,False,False,False,False,100.0,4.615120516841,0.0,13036.0,130.36,9.475546747663,0.0,1.0,0.0,0.0,0.0,0.0,10300.0,1886.0,850.0,5598.0,4702.0,0.183106796117,0.082524271845,18.86,103.0,0.543495145631,0.0,0.0,0.0,0.0,0.0,2.0,2.0,0.0,100.0,4.61512051684126,0.0,1.25,1.25,1.0,0.5,0.95,1.0,0.35,0.75,0.0,1.0,0.0,0.0,0.0,0.0,0.0,0.0,0.0,0.0,0.0,0.0,1.0,0.543495145631,0.228883495146,0.041262135922,0.0,repair5g59_wait_conservative,0.0,0.0,0.0,0.086842105263,-0.032894736842,0.059210526316,-0.138157894737,0.001052631579,0.002631578947,-0.048684210526,0.032894736842,-0.026315789474,0.0,0.0,0.0,0.042857142857,0.007142857143,0.0,0.021428571429,0.0,0.0
maze-32-32-4|a100|s148|it0|14650fb0739d0383,maze-32-32-4,100,148,0,14650fb0739d0383,repair5g518_grid_c1p20_b1p35_f1p00_w0p70_dc0p95_df1p00_beta0p60_max0p75_c0,g518_retained,high_beta,g518_retained,1.29850397382,True,False,True,False,False,False,False,False,True,False,False,False,False,True,-0.02431042543,0.04581580178,False,False,1.2,1.35,1.0,0.7,0.95,1.0,0.6,0.75,False,False,False,False,False,False,100.0,4.615120516841,0.0,13036.0,130.36,9.475546747663,0.0,1.0,0.0,0.0,0.0,0.0,10300.0,1886.0,850.0,5598.0,4702.0,0.183106796117,0.082524271845,18.86,103.0,0.543495145631,0.0,0.0,0.0,0.0,0.0,2.0,2.0,0.0,100.0,4.61512051684126,0.0,1.2,1.35,1.0,0.7,0.95,1.0,0.6,0.75,0.0,1.0,0.0,0.0,0.0,0.0,0.0,0.0,0.0,1.0,0.0,0.0,0.0,0.543495145631,0.247194174758,0.057766990291,0.0,repair5g59_high_beta_cap_safe,0.122474487139,0.122474487139,0.115535611769,0.036842105263,0.067105263158,0.059210526316,0.061842105263,0.001052631579,0.002631578947,0.201315789474,0.032894736842,-0.026315789474,-0.020833333333,0.108333333333,0.0,-0.020833333333,-0.0,0.004166666667,0.029166666667,0.0,0.0
maze-32-32-4|a100|s148|it0|14650fb0739d0383,maze-32-32-4,100,148,0,14650fb0739d0383,repair5g518_grid_c0p90_b1p50_f1p00_w0p45_dc0p95_df1p00_beta0p45_max0p75_c0,g518_retained,block_heavy,g518_retained,1.28915381019,True,False,True,False,False,False,False,False,True,False,False,False,False,True,-0.03366058906,0.03646563815,False,False,0.9,1.5,1.0,0.45,0.95,1.0,0.45,0.75,False,False,False,False,False,False,100.0,4.615120516841,0.0,13036.0,130.36,9.475546747663,0.0,1.0,0.0,0.0,0.0,0.0,10300.0,1886.0,850.0,5598.0,4702.0,0.183106796117,0.082524271845,18.86,103.0,0.543495145631,0.0,0.0,0.0,0.0,0.0,2.0,2.0,0.0,100.0,4.61512051684126,0.0,0.9,1.5,1.0,0.45,0.95,1.0,0.45,0.75,0.0,1.0,0.0,0.0,0.0,1.0,0.0,0.0,0.0,0.0,0.0,0.0,0.0,0.543495145631,0.274660194176,0.03713592233,0.0,repair5g59_block_heavy_flow_guard,0.15,0.15,0.139761942375,-0.263157894737,0.217105263158,0.059210526316,-0.188157894737,0.001052631579,0.002631578947,0.051315789474,0.032894736842,-0.026315789474,-0.0125,-0.0125,0.0,-0.00625,0.00625,0.0,0.0625,0.0,0.0
maze-32-32-4|a100|s148|it0|14650fb0739d0383,maze-32-32-4,100,148,0,14650fb0739d0383,repair5g518_grid_c1p25_b1p25_f1p00_w0p35_dc0p95_df1p00_beta0p30_max0p75_c0,g518_retained,wait_conservative,g518_retained,1.29967274427,True,False,True,False,False,False,False,False,True,False,False,False,False,True,-0.02314165498,0.04698457223,False,False,1.25,1.25,1.0,0.35,0.95,1.0,0.3,0.75,False,False,False,False,False,False,100.0,4.615120516841,0.0,13036.0,130.36,9.475546747663,0.0,1.0,0.0,0.0,0.0,0.0,10300.0,1886.0,850.0,5598.0,4702.0,0.183106796117,0.082524271845,18.86,103.0,0.543495145631,0.0,0.0,0.0,0.0,0.0,2.0,2.0,0.0,100.0,4.61512051684126,0.0,1.25,1.25,1.0,0.35,0.95,1.0,0.3,0.75,0.0,1.0,0.0,0.0,0.0,0.0,0.0,0.0,0.0,0.0,0.0,0.0,1.0,0.543495145631,0.228883495146,0.028883495146,0.0,repair5g59_wait_conservative,0.158113883008,0.158113883008,0.146792718882,0.086842105263,-0.032894736842,0.059210526316,-0.288157894737,0.001052631579,0.002631578947,-0.098684210526,0.032894736842,-0.026315789474,0.0,0.0,0.0,-0.107142857143,0.007142857143,0.0,-0.028571428571,0.0,0.0
maze-32-32-4|a100|s148|it0|14650fb0739d0383,maze-32-32-4,100,148,0,14650fb0739d0383,repair5g518_grid_c0p90_b1p40_f1p00_w0p45_dc0p95_df1p00_beta0p35_max0p75_c0,g518_retained,block_heavy,g518_retained,1.28471248247,True,False,True,False,False,False,False,False,True,False,False,False,False,True,-0.03810191678,0.03202431043,False,False,0.9,1.4,1.0,0.45,0.95,1.0,0.35,0.75,False,False,False,False,False,False,100.0,4.615120516841,0.0,13036.0,130.36,9.475546747663,0.0,1.0,0.0,0.0,0.0,0.0,10300.0,1886.0,850.0,5598.0,4702.0,0.183106796117,0.082524271845,18.86,103.0,0.543495145631,0.0,0.0,0.0,0.0,0.0,2.0,2.0,0.0,100.0,4.61512051684126,0.0,0.9,1.4,1.0,0.45,0.95,1.0,0.35,0.75,0.0,1.0,0.0,0.0,0.0,1.0,0.0,0.0,0.0,0.0,0.0,0.0,0.0,0.543495145631,0.256349514564,0.03713592233,0.0,repair5g59_block_heavy_flow_guard,0.15,0.15,0.139761942375,-0.263157894737,0.117105263158,0.059210526316,-0.188157894737,0.001052631579,0.002631578947,-0.048684210526,0.032894736842,-0.026315789474,-0.0125,-0.1125,0.0,-0.00625,0.00625,0.0,-0.0375,0.0,0.0
maze-32-32-4|a100|s148|it0|14650fb0739d0383,maze-32-32-4,100,148,0,14650fb0739d0383,repair5g518_grid_c1p20_b1p15_f1p00_w0p70_dc0p95_df1p00_beta0p60_max0p75_c0,g518_retained,high_beta,g518_retained,1.32398316971,True,False,False,False,False,False,False,False,False,False,False,False,False,False,0.00116877046,0.07129499767,False,False,1.2,1.15,1.0,0.7,0.95,1.0,0.6,0.75,False,False,False,False,False,False,100.0,4.615120516841,0.0,13036.0,130.36,9.475546747663,0.0,1.0,0.0,0.0,0.0,0.0,10300.0,1886.0,850.0,5598.0,4702.0,0.183106796117,0.082524271845,18.86,103.0,0.543495145631,0.0,0.0,0.0,0.0,0.0,2.0,2.0,0.0,100.0,4.61512051684126,0.0,1.2,1.15,1.0,0.7,0.95,1.0,0.6,0.75,0.0,1.0,0.0,0.0,0.0,0.0,0.0,0.0,0.0,1.0,0.0,0.0,0.0,0.543495145631,0.210572815535,0.057766990291,0.0,repair5g59_high_beta_cap_safe,0.122474487139,0.122474487139,0.115535611769,0.036842105263,-0.132894736842,0.059210526316,0.061842105263,0.001052631579,0.002631578947,0.201315789474,0.032894736842,-0.026315789474,-0.020833333333,-0.091666666667,0.0,-0.020833333333,-0.0,0.004166666667,0.029166666667,0.0,0.0
maze-32-32-4|a100|s148|it0|14650fb0739d0383,maze-32-32-4,100,148,0,14650fb0739d0383,repair5g518_grid_c0p90_b1p65_f1p00_w0p45_dc0p95_df1p00_beta0p35_max0p75_c0,g518_retained,block_heavy,g518_retained,1.30995792426,True,False,True,False,False,False,False,False,True,False,False,False,False,True,-0.01285647499,0.05726975222,False,False,0.9,1.65,1.0,0.45,0.95,1.0,0.35,0.75,False,False,False,False,False,False,100.0,4.615120516841,0.0,13036.0,130.36,9.475546747663,0.0,1.0,0.0,0.0,0.0,0.0,10300.0,1886.0,850.0,5598.0,4702.0,0.183106796117,0.082524271845,18.86,103.0,0.543495145631,0.0,0.0,0.0,0.0,0.0,2.0,2.0,0.0,100.0,4.61512051684126,0.0,0.9,1.65,1.0,0.45,0.95,1.0,0.35,0.75,0.0,1.0,0.0,0.0,0.0,1.0,0.0,0.0,0.0,0.0,0.0,0.0,0.0,0.543495145631,0.302126213593,0.03713592233,0.0,repair5g59_block_heavy_flow_guard,0.187082869339,0.187082869339,0.171498927292,-0.263157894737,0.367105263158,0.059210526316,-0.188157894737,0.001052631579,0.002631578947,-0.048684210526,0.032894736842,-0.026315789474,-0.0125,0.1375,0.0,-0.00625,0.00625,0.0,-0.0375,0.0,0.0
maze-32-32-4|a100|s148|it0|14650fb0739d0383,maze-32-32-4,100,148,0,14650fb0739d0383,repair5g518_grid_c1p20_b1p15_f1p00_w0p70_dc0p95_df1p00_beta0p55_max0p75_c0,g518_retained,high_beta,g518_retained,1.29125759701,True,False,True,False,False,False,False,False,True,False,False,False,False,True,-0.03155680224,0.03856942497,False,False,1.2,1.15,1.0,0.7,0.95,1.0,0.55,0.75,False,False,False,False,False,False,100.0,4.615120516841,0.0,13036.0,130.36,9.475546747663,0.0,1.0,0.0,0.0,0.0,0.0,10300.0,1886.0,850.0,5598.0,4702.0,0.183106796117,0.082524271845,18.86,103.0,0.543495145631,0.0,0.0,0.0,0.0,0.0,2.0,2.0,0.0,100.0,4.61512051684126,0.0,1.2,1.15,1.0,0.7,0.95,1.0,0.55,0.75,0.0,1.0,0.0,0.0,0.0,0.0,0.0,0.0,0.0,1.0,0.0,0.0,0.0,0.543495145631,0.210572815535,0.057766990291,0.0,repair5g59_high_beta_cap_safe,0.132287565553,0.132287565553,0.124239980694,0.036842105263,-0.132894736842,0.059210526316,0.061842105263,0.001052631579,0.002631578947,0.151315789474,0.032894736842,-0.026315789474,-0.020833333333,-0.091666666667,0.0,-0.020833333333,-0.0,0.004166666667,-0.020833333333,0.0,0.0
maze-32-32-4|a100|s148|it0|14650fb0739d0383,maze-32-32-4,100,148,0,14650fb0739d0383,repair5g521_grid_c0p90_b1p50_f1p00_w0p45_dc0p95_df1p00_beta0p45_max0p75_c0,g521_second_wave,block_heavy,g521_second_wave,1.28915381019,True,False,True,False,False,False,False,False,True,False,False,False,False,True,-0.03366058906,0.03646563815,False,False,0.9,1.5,1.0,0.45,0.95,1.0,0.45,0.75,False,False,False,False,False,False,100.0,4.615120516841,0.0,13036.0,130.36,9.475546747663,0.0,1.0,0.0,0.0,0.0,0.0,10300.0,1886.0,850.0,5598.0,4702.0,0.183106796117,0.082524271845,18.86,103.0,0.543495145631,0.0,0.0,0.0,0.0,0.0,2.0,2.0,0.0,100.0,4.61512051684126,0.0,0.9,1.5,1.0,0.45,0.95,1.0,0.45,0.75,0.0,0.0,1.0,0.0,0.0,1.0,0.0,0.0,0.0,0.0,0.0,0.0,0.0,0.543495145631,0.274660194176,0.03713592233,0.0,repair5g59_block_heavy_flow_guard,0.15,0.15,0.139761942375,-0.263157894737,0.217105263158,0.059210526316,-0.188157894737,0.001052631579,0.002631578947,0.051315789474,0.032894736842,-0.026315789474,-0.0125,-0.0125,0.0,-0.00625,0.00625,0.0,0.0625,0.0,0.0
maze-32-32-4|a100|s148|it0|14650fb0739d0383,maze-32-32-4,100,148,0,14650fb0739d0383,repair5g521_grid_c0p90_b1p40_f1p00_w0p45_dc0p95_df1p00_beta0p35_max0p75_c0,g521_second_wave,block_heavy,g521_second_wave,1.28471248247,True,False,True,False,False,False,False,False,True,False,False,False,False,True,-0.03810191678,0.03202431043,False,False,0.9,1.4,1.0,0.45,0.95,1.0,0.35,0.75,False,False,False,False,False,False,100.0,4.615120516841,0.0,13036.0,130.36,9.475546747663,0.0,1.0,0.0,0.0,0.0,0.0,10300.0,1886.0,850.0,5598.0,4702.0,0.183106796117,0.082524271845,18.86,103.0,0.543495145631,0.0,0.0,0.0,0.0,0.0,2.0,2.0,0.0,100.0,4.61512051684126,0.0,0.9,1.4,1.0,0.45,0.95,1.0,0.35,0.75,0.0,0.0,1.0,0.0,0.0,1.0,0.0,0.0,0.0,0.0,0.0,0.0,0.0,0.543495145631,0.256349514564,0.03713592233,0.0,repair5g59_block_heavy_flow_guard,0.15,0.15,0.139761942375,-0.263157894737,0.117105263158,0.059210526316,-0.188157894737,0.001052631579,0.002631578947,-0.048684210526,0.032894736842,-0.026315789474,-0.0125,-0.1125,0.0,-0.00625,0.00625,0.0,-0.0375,0.0,0.0
maze-32-32-4|a100|s148|it0|14650fb0739d0383,maze-32-32-4,100,148,0,14650fb0739d0383,repair5g521_grid_c0p90_b1p65_f1p00_w0p45_dc0p95_df1p00_beta0p35_max0p75_c0,g521_second_wave,block_heavy,g521_second_wave,1.30995792426,True,False,True,False,False,False,False,False,True,False,False,False,False,True,-0.01285647499,0.05726975222,False,False,0.9,1.65,1.0,0.45,0.95,1.0,0.35,0.75,False,False,False,False,False,False,100.0,4.615120516841,0.0,13036.0,130.36,9.475546747663,0.0,1.0,0.0,0.0,0.0,0.0,10300.0,1886.0,850.0,5598.0,4702.0,0.183106796117,0.082524271845,18.86,103.0,0.543495145631,0.0,0.0,0.0,0.0,0.0,2.0,2.0,0.0,100.0,4.61512051684126,0.0,0.9,1.65,1.0,0.45,0.95,1.0,0.35,0.75,0.0,0.0,1.0,0.0,0.0,1.0,0.0,0.0,0.0,0.0,0.0,0.0,0.0,0.543495145631,0.302126213593,0.03713592233,0.0,repair5g59_block_heavy_flow_guard,0.187082869339,0.187082869339,0.171498927292,-0.263157894737,0.367105263158,0.059210526316,-0.188157894737,0.001052631579,0.002631578947,-0.048684210526,0.032894736842,-0.026315789474,-0.0125,0.1375,0.0,-0.00625,0.00625,0.0,-0.0375,0.0,0.0
maze-32-32-4|a100|s148|it0|14650fb0739d0383,maze-32-32-4,100,148,0,14650fb0739d0383,repair5g521_grid_c0p90_b1p50_f1p00_w0p45_dc0p90_df1p00_beta0p45_max0p75_c0,g521_second_wave,block_heavy,g521_second_wave,1.28915381019,True,False,True,False,False,False,False,False,True,False,False,False,False,True,-0.03366058906,0.03646563815,False,False,0.9,1.5,1.0,0.45,0.9,1.0,0.45,0.75,False,False,False,False,False,False,100.0,4.615120516841,0.0,13036.0,130.36,9.475546747663,0.0,1.0,0.0,0.0,0.0,0.0,10300.0,1886.0,850.0,5598.0,4702.0,0.183106796117,0.082524271845,18.86,103.0,0.543495145631,0.0,0.0,0.0,0.0,0.0,2.0,2.0,0.0,100.0,4.61512051684126,0.0,0.9,1.5,1.0,0.45,0.9,1.0,0.45,0.75,0.0,0.0,1.0,0.0,0.0,1.0,0.0,0.0,0.0,0.0,0.0,0.0,0.0,0.543495145631,0.274660194176,0.03713592233,0.0,repair5g59_block_heavy_flow_guard,0.158113883008,0.158113883008,0.146792718882,-0.263157894737,0.217105263158,0.059210526316,-0.188157894737,-0.048947368421,0.002631578947,0.051315789474,0.032894736842,-0.026315789474,-0.0125,-0.0125,0.0,-0.00625,-0.04375,0.0,0.0625,0.0,0.0
maze-32-32-4|a100|s148|it0|14650fb0739d0383,maze-32-32-4,100,148,0,14650fb0739d0383,repair5g521_grid_c1p20_b1p35_f1p00_w0p70_dc0p95_df1p00_beta0p60_max0p75_c0,g521_second_wave,high_beta,g521_second_wave,1.29850397382,True,False,True,False,False,False,False,False,True,False,False,False,False,True,-0.02431042543,0.04581580178,False,False,1.2,1.35,1.0,0.7,0.95,1.0,0.6,0.75,False,False,False,False,False,False,100.0,4.615120516841,0.0,13036.0,130.36,9.475546747663,0.0,1.0,0.0,0.0,0.0,0.0,10300.0,1886.0,850.0,5598.0,4702.0,0.183106796117,0.082524271845,18.86,103.0,0.543495145631,0.0,0.0,0.0,0.0,0.0,2.0,2.0,0.0,100.0,4.61512051684126,0.0,1.2,1.35,1.0,0.7,0.95,1.0,0.6,0.75,0.0,0.0,1.0,0.0,0.0,0.0,0.0,0.0,0.0,1.0,0.0,0.0,0.0,0.543495145631,0.247194174758,0.057766990291,0.0,repair5g59_high_beta_cap_safe,0.122474487139,0.122474487139,0.115535611769,0.036842105263,0.067105263158,0.059210526316,0.061842105263,0.001052631579,0.002631578947,0.201315789474,0.032894736842,-0.026315789474,-0.020833333333,0.108333333333,0.0,-0.020833333333,-0.0,0.004166666667,0.029166666667,0.0,0.0
maze-32-32-4|a100|s148|it0|14650fb0739d0383,maze-32-32-4,100,148,0,14650fb0739d0383,repair5g521_grid_c1p20_b1p15_f1p00_w0p70_dc0p95_df1p00_beta0p60_max0p75_c0,g521_second_wave,high_beta,g521_second_wave,1.32398316971,True,False,False,False,False,False,False,False,False,False,False,False,False,False,0.00116877046,0.07129499767,False,False,1.2,1.15,1.0,0.7,0.95,1.0,0.6,0.75,False,False,False,False,False,False,100.0,4.615120516841,0.0,13036.0,130.36,9.475546747663,0.0,1.0,0.0,0.0,0.0,0.0,10300.0,1886.0,850.0,5598.0,4702.0,0.183106796117,0.082524271845,18.86,103.0,0.543495145631,0.0,0.0,0.0,0.0,0.0,2.0,2.0,0.0,100.0,4.61512051684126,0.0,1.2,1.15,1.0,0.7,0.95,1.0,0.6,0.75,0.0,0.0,1.0,0.0,0.0,0.0,0.0,0.0,0.0,1.0,0.0,0.0,0.0,0.543495145631,0.210572815535,0.057766990291,0.0,repair5g59_high_beta_cap_safe,0.122474487139,0.122474487139,0.115535611769,0.036842105263,-0.132894736842,0.059210526316,0.061842105263,0.001052631579,0.002631578947,0.201315789474,0.032894736842,-0.026315789474,-0.020833333333,-0.091666666667,0.0,-0.020833333333,-0.0,0.004166666667,0.029166666667,0.0,0.0
maze-32-32-4|a100|s148|it0|14650fb0739d0383,maze-32-32-4,100,148,0,14650fb0739d0383,repair5g521_grid_c1p20_b1p15_f1p00_w0p70_dc0p95_df1p00_beta0p55_max0p75_c0,g521_second_wave,high_beta,g521_second_wave,1.29125759701,True,False,True,False,False,False,False,False,True,False,False,False,False,True,-0.03155680224,0.03856942497,False,False,1.2,1.15,1.0,0.7,0.95,1.0,0.55,0.75,False,False,False,False,False,False,100.0,4.615120516841,0.0,13036.0,130.36,9.475546747663,0.0,1.0,0.0,0.0,0.0,0.0,10300.0,1886.0,850.0,5598.0,4702.0,0.183106796117,0.082524271845,18.86,103.0,0.543495145631,0.0,0.0,0.0,0.0,0.0,2.0,2.0,0.0,100.0,4.61512051684126,0.0,1.2,1.15,1.0,0.7,0.95,1.0,0.55,0.75,0.0,0.0,1.0,0.0,0.0,0.0,0.0,0.0,0.0,1.0,0.0,0.0,0.0,0.543495145631,0.210572815535,0.057766990291,0.0,repair5g59_high_beta_cap_safe,0.132287565553,0.132287565553,0.124239980694,0.036842105263,-0.132894736842,0.059210526316,0.061842105263,0.001052631579,0.002631578947,0.151315789474,0.032894736842,-0.026315789474,-0.020833333333,-0.091666666667,0.0,-0.020833333333,-0.0,0.004166666667,-0.020833333333,0.0,0.0
maze-32-32-4|a100|s148|it0|14650fb0739d0383,maze-32-32-4,100,148,0,14650fb0739d0383,repair5g521_grid_c1p20_b1p35_f1p00_w0p70_dc0p95_df1p00_beta0p55_max0p75_c0,g521_second_wave,high_beta,g521_second_wave,1.32445067789,True,False,False,False,False,False,False,False,False,False,False,False,False,False,0.00163627864,0.07176250585,False,False,1.2,1.35,1.0,0.7,0.95,1.0,0.55,0.75,False,False,False,False,False,False,100.0,4.615120516841,0.0,13036.0,130.36,9.475546747663,0.0,1.0,0.0,0.0,0.0,0.0,10300.0,1886.0,850.0,5598.0,4702.0,0.183106796117,0.082524271845,18.86,103.0,0.543495145631,0.0,0.0,0.0,0.0,0.0,2.0,2.0,0.0,100.0,4.61512051684126,0.0,1.2,1.35,1.0,0.7,0.95,1.0,0.55,0.75,0.0,0.0,1.0,0.0,0.0,0.0,0.0,0.0,0.0,1.0,0.0,0.0,0.0,0.543495145631,0.247194174758,0.057766990291,0.0,repair5g59_high_beta_cap_safe,0.132287565553,0.132287565553,0.124239980694,0.036842105263,0.067105263158,0.059210526316,0.061842105263,0.001052631579,0.002631578947,0.151315789474,0.032894736842,-0.026315789474,-0.020833333333,0.108333333333,0.0,-0.020833333333,-0.0,0.004166666667,-0.020833333333,0.0,0.0
maze-32-32-4|a100|s148|it0|14650fb0739d0383,maze-32-32-4,100,148,0,14650fb0739d0383,repair5g521_grid_c1p25_b1p25_f1p00_w0p50_dc0p95_df1p00_beta0p35_max0p75_c0,g521_second_wave,wait_conservative,g521_second_wave,1.33146330061,True,False,False,False,False,False,False,False,False,False,False,False,False,False,0.00864890136,0.07877512857,True,False,1.25,1.25,1.0,0.5,0.95,1.0,0.35,0.75,False,False,False,False,False,False,100.0,4.615120516841,0.0,13036.0,130.36,9.475546747663,0.0,1.0,0.0,0.0,0.0,0.0,10300.0,1886.0,850.0,5598.0,4702.0,0.183106796117,0.082524271845,18.86,103.0,0.543495145631,0.0,0.0,0.0,0.0,0.0,2.0,2.0,0.0,100.0,4.61512051684126,0.0,1.25,1.25,1.0,0.5,0.95,1.0,0.35,0.75,0.0,0.0,1.0,0.0,0.0,0.0,0.0,0.0,0.0,0.0,0.0,0.0,1.0,0.543495145631,0.228883495146,0.041262135922,0.0,repair5g59_wait_conservative,0.0,0.0,0.0,0.086842105263,-0.032894736842,0.059210526316,-0.138157894737,0.001052631579,0.002631578947,-0.048684210526,0.032894736842,-0.026315789474,0.0,0.0,0.0,0.042857142857,0.007142857143,0.0,0.021428571429,0.0,0.0
maze-32-32-4|a100|s148|it0|14650fb0739d0383,maze-32-32-4,100,148,0,14650fb0739d0383,repair5g521_grid_c1p25_b1p25_f1p00_w0p35_dc0p95_df1p00_beta0p30_max0p75_c0,g521_second_wave,wait_conservative,g521_second_wave,1.29967274427,False,True,True,False,False,True,False,False,True,False,False,False,True,True,-0.02314165498,0.04698457223,False,True,1.25,1.25,1.0,0.35,0.95,1.0,0.3,0.75,False,False,False,False,False,False,100.0,4.615120516841,0.0,13036.0,130.36,9.475546747663,0.0,1.0,0.0,0.0,0.0,0.0,10300.0,1886.0,850.0,5598.0,4702.0,0.183106796117,0.082524271845,18.86,103.0,0.543495145631,0.0,0.0,0.0,0.0,0.0,2.0,2.0,0.0,100.0,4.61512051684126,0.0,1.25,1.25,1.0,0.35,0.95,1.0,0.3,0.75,0.0,0.0,1.0,0.0,0.0,0.0,0.0,0.0,0.0,0.0,0.0,0.0,1.0,0.543495145631,0.228883495146,0.028883495146,0.0,repair5g59_wait_conservative,0.158113883008,0.158113883008,0.146792718882,0.086842105263,-0.032894736842,0.059210526316,-0.288157894737,0.001052631579,0.002631578947,-0.098684210526,0.032894736842,-0.026315789474,0.0,0.0,0.0,-0.107142857143,0.007142857143,0.0,-0.028571428571,0.0,0.0
maze-32-32-4|a100|s148|it0|14650fb0739d0383,maze-32-32-4,100,148,0,14650fb0739d0383,repair5g521_grid_c1p25_b1p25_f1p00_w0p50_dc0p90_df1p00_beta0p35_max0p75_c0,g521_second_wave,wait_conservative,g521_second_wave,1.33146330061,False,True,False,False,False,True,False,False,False,False,False,False,True,False,0.00864890136,0.07877512857,True,True,1.25,1.25,1.0,0.5,0.9,1.0,0.35,0.75,False,False,False,False,False,False,100.0,4.615120516841,0.0,13036.0,130.36,9.475546747663,0.0,1.0,0.0,0.0,0.0,0.0,10300.0,1886.0,850.0,5598.0,4702.0,0.183106796117,0.082524271845,18.86,103.0,0.543495145631,0.0,0.0,0.0,0.0,0.0,2.0,2.0,0.0,100.0,4.61512051684126,0.0,1.25,1.25,1.0,0.5,0.9,1.0,0.35,0.75,0.0,0.0,1.0,0.0,0.0,0.0,0.0,0.0,0.0,0.0,0.0,0.0,1.0,0.543495145631,0.228883495146,0.041262135922,0.0,repair5g59_wait_conservative,0.05,0.05,0.048790164169,0.086842105263,-0.032894736842,0.059210526316,-0.138157894737,-0.048947368421,0.002631578947,-0.048684210526,0.032894736842,-0.026315789474,0.0,0.0,0.0,0.042857142857,-0.042857142857,0.0,0.021428571429,0.0,0.0
maze-32-32-4|a100|s148|it0|14650fb0739d0383,maze-32-32-4,100,148,0,14650fb0739d0383,repair5g521_grid_c1p25_b1p25_f1p00_w0p50_dc0p95_df1p00_beta0p30_max0p75_c0,g521_second_wave,wait_conservative,g521_second_wave,1.32982702197,True,False,False,False,False,False,False,False,False,False,False,False,False,False,0.00701262272,0.07713884993,True,False,1.25,1.25,1.0,0.5,0.95,1.0,0.3,0.75,False,False,False,False,False,False,100.0,4.615120516841,0.0,13036.0,130.36,9.475546747663,0.0,1.0,0.0,0.0,0.0,0.0,10300.0,1886.0,850.0,5598.0,4702.0,0.183106796117,0.082524271845,18.86,103.0,0.543495145631,0.0,0.0,0.0,0.0,0.0,2.0,2.0,0.0,100.0,4.61512051684126,0.0,1.25,1.25,1.0,0.5,0.95,1.0,0.3,0.75,0.0,0.0,1.0,0.0,0.0,0.0,0.0,0.0,0.0,0.0,0.0,0.0,1.0,0.543495145631,0.228883495146,0.041262135922,0.0,repair5g59_wait_conservative,0.05,0.05,0.048790164169,0.086842105263,-0.032894736842,0.059210526316,-0.138157894737,0.001052631579,0.002631578947,-0.098684210526,0.032894736842,-0.026315789474,0.0,0.0,0.0,0.042857142857,0.007142857143,0.0,-0.028571428571,0.0,0.0
maze-32-32-4|a100|s148|it0|14650fb0739d0383,maze-32-32-4,100,148,0,14650fb0739d0383,repair5g521_grid_c1p25_b1p25_f1p00_w0p75_dc0p95_df1p00_beta0p55_max0p75_c0,g521_second_wave,high_beta,g521_second_wave,1.29453015428,True,False,True,False,False,False,False,False,True,False,False,False,False,True,-0.02828424497,0.04184198224,False,False,1.25,1.25,1.0,0.75,0.95,1.0,0.55,0.75,False,False,False,False,False,False,100.0,4.615120516841,0.0,13036.0,130.36,9.475546747663,0.0,1.0,0.0,0.0,0.0,0.0,10300.0,1886.0,850.0,5598.0,4702.0,0.183106796117,0.082524271845,18.86,103.0,0.543495145631,0.0,0.0,0.0,0.0,0.0,2.0,2.0,0.0,100.0,4.61512051684126,0.0,1.25,1.25,1.0,0.75,0.95,1.0,0.55,0.75,0.0,0.0,1.0,0.0,0.0,0.0,0.0,0.0,0.0,1.0,0.0,0.0,0.0,0.543495145631,0.228883495146,0.061893203884,0.0,repair5g59_high_beta_cap_safe,0.05,0.05,0.048790164169,0.086842105263,-0.032894736842,0.059210526316,0.111842105263,0.001052631579,0.002631578947,0.151315789474,0.032894736842,-0.026315789474,0.029166666667,0.008333333333,0.0,0.029166666667,-0.0,0.004166666667,-0.020833333333,0.0,0.0
maze-32-32-4|a100|s148|it0|14650fb0739d0383,maze-32-32-4,100,148,0,14650fb0739d0383,repair5g521_grid_c1p25_b1p25_f1p00_w0p75_dc0p90_df1p00_beta0p55_max0p75_c0,g521_second_wave,high_beta,g521_second_wave,1.29453015428,True,False,True,False,False,False,False,False,True,False,False,False,False,True,-0.02828424497,0.04184198224,False,False,1.25,1.25,1.0,0.75,0.9,1.0,0.55,0.75,False,False,False,False,False,False,100.0,4.615120516841,0.0,13036.0,130.36,9.475546747663,0.0,1.0,0.0,0.0,0.0,0.0,10300.0,1886.0,850.0,5598.0,4702.0,0.183106796117,0.082524271845,18.86,103.0,0.543495145631,0.0,0.0,0.0,0.0,0.0,2.0,2.0,0.0,100.0,4.61512051684126,0.0,1.25,1.25,1.0,0.75,0.9,1.0,0.55,0.75,0.0,0.0,1.0,0.0,0.0,0.0,0.0,0.0,0.0,1.0,0.0,0.0,0.0,0.543495145631,0.228883495146,0.061893203884,0.0,repair5g59_high_beta_cap_safe,0.070710678119,0.070710678119,0.068322613158,0.086842105263,-0.032894736842,0.059210526316,0.111842105263,-0.048947368421,0.002631578947,0.151315789474,0.032894736842,-0.026315789474,0.029166666667,0.008333333333,0.0,0.029166666667,-0.05,0.004166666667,-0.020833333333,0.0,0.0
maze-32-32-4|a100|s148|it0|14650fb0739d0383,maze-32-32-4,100,148,0,14650fb0739d0383,repair5g521_grid_c1p25_b1p25_f1p00_w0p75_dc0p95_df0p95_beta0p55_max0p75_c0,g521_second_wave,high_beta,g521_second_wave,1.29453015428,True,False,True,False,False,False,False,False,True,False,False,False,False,True,-0.02828424497,0.04184198224,False,False,1.25,1.25,1.0,0.75,0.95,0.95,0.55,0.75,False,False,False,False,False,False,100.0,4.615120516841,0.0,13036.0,130.36,9.475546747663,0.0,1.0,0.0,0.0,0.0,0.0,10300.0,1886.0,850.0,5598.0,4702.0,0.183106796117,0.082524271845,18.86,103.0,0.543495145631,0.0,0.0,0.0,0.0,0.0,2.0,2.0,0.0,100.0,4.61512051684126,0.0,1.25,1.25,1.0,0.75,0.95,0.95,0.55,0.75,0.0,0.0,1.0,0.0,0.0,0.0,0.0,0.0,0.0,1.0,0.0,0.0,0.0,0.543495145631,0.228883495146,0.061893203884,0.0,repair5g59_high_beta_cap_safe,0.070710678119,0.070710678119,0.068322613158,0.086842105263,-0.032894736842,0.059210526316,0.111842105263,0.001052631579,-0.047368421053,0.151315789474,0.032894736842,-0.026315789474,0.029166666667,0.008333333333,0.0,0.029166666667,-0.0,-0.045833333333,-0.020833333333,0.0,0.0
maze-32-32-4|a100|s148|it0|14650fb0739d0383,maze-32-32-4,100,148,0,14650fb0739d0383,repair5g521_grid_c1p25_b1p25_f1p00_w0p75_dc1p00_df1p00_beta0p55_max0p75_c0,g521_second_wave,high_beta,g521_second_wave,1.29453015428,True,False,True,False,False,False,False,False,True,False,False,False,False,True,-0.02828424497,0.04184198224,False,False,1.25,1.25,1.0,0.75,1.0,1.0,0.55,0.75,False,False,False,False,False,False,100.0,4.615120516841,0.0,13036.0,130.36,9.475546747663,0.0,1.0,0.0,0.0,0.0,0.0,10300.0,1886.0,850.0,5598.0,4702.0,0.183106796117,0.082524271845,18.86,103.0,0.543495145631,0.0,0.0,0.0,0.0,0.0,2.0,2.0,0.0,100.0,4.61512051684126,0.0,1.25,1.25,1.0,0.75,1.0,1.0,0.55,0.75,0.0,0.0,1.0,0.0,0.0,0.0,0.0,0.0,0.0,1.0,0.0,0.0,0.0,0.543495145631,0.228883495146,0.061893203884,0.0,repair5g59_high_beta_cap_safe,0.070710678119,0.070710678119,0.068322613158,0.086842105263,-0.032894736842,0.059210526316,0.111842105263,0.051052631579,0.002631578947,0.151315789474,0.032894736842,-0.026315789474,0.029166666667,0.008333333333,0.0,0.029166666667,0.05,0.004166666667,-0.020833333333,0.0,0.0
maze-32-32-4|a100|s150|it0|14650fb0739d0383,maze-32-32-4,100,150,0,14650fb0739d0383,repair5g59_additive_fallback,old14,additive,old14,1.50944346512,True,False,False,False,False,False,False,False,False,False,False,False,False,False,0.14756988164,0.18811382523,True,False,,,,,,,,,,False,False,False,False,False,100.0,4.615120516841,0.0,13167.0,131.67,9.485544922917,0.0,1.0,0.0,0.0,0.0,0.0,10800.0,1605.0,762.0,5041.0,5759.0,0.148611111111,0.070555555556,16.05,108.0,0.466759259259,0.0,0.0,0.0,0.0,0.0,2.0,2.0,0.0,100.0,4.61512051684126,0.0,1.0,1.0,0.0,1.0,1.0,1.0,0.0,0.0,0.0,0.0,0.0,1.0,1.0,0.0,0.0,0.0,0.0,0.0,0.0,0.0,0.0,0.0,0.148611111111,0.070555555556,0.0,,,,0.0,-0.163157894737,-0.282894736842,-0.940789473684,0.361842105263,0.051052631579,0.002631578947,-0.398684210526,-0.717105263158,-0.026315789474,0.0,0.0,0.0,0.0,0.0,0.0,0.0,0.0,0.0
maze-32-32-4|a100|s150|it0|14650fb0739d0383,maze-32-32-4,100,150,0,14650fb0739d0383,repair5g59_block_heavy_flow_guard,old14,block_heavy,old14,1.42860740368,True,False,False,False,False,False,False,False,False,False,False,False,False,False,0.0667338202,0.10727776379,True,False,1.0,1.5,1.0,0.5,0.95,1.0,0.35,0.75,False,False,False,False,False,False,100.0,4.615120516841,0.0,13167.0,131.67,9.485544922917,0.0,1.0,0.0,0.0,0.0,0.0,10800.0,1605.0,762.0,5041.0,5759.0,0.148611111111,0.070555555556,16.05,108.0,0.466759259259,0.0,0.0,0.0,0.0,0.0,2.0,2.0,0.0,100.0,4.61512051684126,0.0,1.0,1.5,1.0,0.5,0.95,1.0,0.35,0.75,0.0,0.0,0.0,1.0,0.0,1.0,0.0,0.0,0.0,0.0,0.0,0.0,0.0,0.466759259259,0.222916666667,0.035277777778,0.0,repair5g59_block_heavy_flow_guard,0.0,0.0,0.0,-0.163157894737,0.217105263158,0.059210526316,-0.138157894737,0.001052631579,0.002631578947,-0.048684210526,0.032894736842,-0.026315789474,0.0875,-0.0125,0.0,0.04375,0.00625,0.0,-0.0375,0.0,0.0
maze-32-32-4|a100|s150|it0|14650fb0739d0383,maze-32-32-4,100,150,0,14650fb0739d0383,repair5g59_c_only_f_disabled,old14,static_boundary_c_only,old14,1.47091412742,True,False,False,False,False,False,False,False,False,False,False,False,False,False,0.10904054394,0.14958448753,True,False,1.25,1.25,0.0,0.75,0.95,1.0,0.0,0.0,True,False,False,False,False,False,100.0,4.615120516841,0.0,13167.0,131.67,9.485544922917,0.0,1.0,0.0,0.0,0.0,0.0,10800.0,1605.0,762.0,5041.0,5759.0,0.148611111111,0.070555555556,16.05,108.0,0.466759259259,0.0,0.0,0.0,0.0,0.0,2.0,2.0,0.0,100.0,4.61512051684126,0.0,1.25,1.25,0.0,0.75,0.95,1.0,0.0,0.0,1.0,0.0,0.0,1.0,0.0,0.0,0.0,0.0,0.0,0.0,0.0,1.0,0.0,0.0,0.185763888889,0.052916666667,0.0,repair5g59_c_only_f_disabled,0.0,0.0,0.0,0.086842105263,-0.032894736842,-0.940789473684,0.111842105263,0.001052631579,0.002631578947,-0.398684210526,-0.717105263158,0.973684210526,0.0,0.0,0.0,0.0,0.0,0.0,0.0,0.0,0.0
maze-32-32-4|a100|s150|it0|14650fb0739d0383,maze-32-32-4,100,150,0,14650fb0739d0383,repair5g59_commit_heavy_flow_guard,old14,commit_heavy,old14,1.34424578192,True,False,True,False,False,False,False,False,False,False,False,False,False,False,-0.01762780156,0.02291614203,False,False,1.5,1.0,1.0,0.75,0.95,1.0,0.35,0.75,False,False,False,False,False,False,100.0,4.615120516841,0.0,13167.0,131.67,9.485544922917,0.0,1.0,0.0,0.0,0.0,0.0,10800.0,1605.0,762.0,5041.0,5759.0,0.148611111111,0.070555555556,16.05,108.0,0.466759259259,0.0,0.0,0.0,0.0,0.0,2.0,2.0,0.0,100.0,4.61512051684126,0.0,1.5,1.0,1.0,0.75,0.95,1.0,0.35,0.75,0.0,0.0,0.0,1.0,0.0,0.0,1.0,0.0,0.0,0.0,0.0,0.0,0.0,0.466759259259,0.148611111111,0.052916666667,0.0,repair5g59_commit_heavy_flow_guard,0.0,0.0,0.0,0.336842105263,-0.282894736842,0.059210526316,0.111842105263,0.001052631579,0.002631578947,-0.048684210526,0.032894736842,-0.026315789474,0.0,0.0,0.0,0.0,0.0,0.0,0.0,0.0,0.0
maze-32-32-4|a100|s150|it0|14650fb0739d0383,maze-32-32-4,100,150,0,14650fb0739d0383,repair5g59_fast_decay_low_shield,old14,flow_decay,old14,1.41954167716,True,False,False,False,False,False,False,False,False,False,False,False,False,False,0.05766809368,0.09821203727,True,False,1.25,1.25,1.0,0.75,0.9,1.0,0.2,0.5,False,False,False,False,False,False,100.0,4.615120516841,0.0,13167.0,131.67,9.485544922917,0.0,1.0,0.0,0.0,0.0,0.0,10800.0,1605.0,762.0,5041.0,5759.0,0.148611111111,0.070555555556,16.05,108.0,0.466759259259,0.0,0.0,0.0,0.0,0.0,2.0,2.0,0.0,100.0,4.61512051684126,0.0,1.25,1.25,1.0,0.75,0.9,1.0,0.2,0.5,0.0,0.0,0.0,1.0,0.0,0.0,0.0,1.0,0.0,0.0,0.0,0.0,0.0,0.466759259259,0.185763888889,0.052916666667,0.0,repair5g59_fast_decay_low_shield,0.0,0.0,0.0,0.086842105263,-0.032894736842,0.059210526316,0.111842105263,-0.048947368421,0.002631578947,-0.198684210526,-0.217105263158,-0.026315789474,0.05,0.05,0.05,0.0,-0.052,0.01,-0.1,-0.3,0.0
maze-32-32-4|a100|s150|it0|14650fb0739d0383,maze-32-32-4,100,150,0,14650fb0739d0383,repair5g59_flow_decay,old14,flow_decay,old14,1.36187358348,True,False,False,False,False,False,False,False,False,False,False,False,False,False,0.0,0.04054394359,False,False,1.25,1.25,1.0,0.75,0.95,0.95,0.35,0.75,False,False,False,False,False,False,100.0,4.615120516841,0.0,13167.0,131.67,9.485544922917,0.0,1.0,0.0,0.0,0.0,0.0,10800.0,1605.0,762.0,5041.0,5759.0,0.148611111111,0.070555555556,16.05,108.0,0.466759259259,0.0,0.0,0.0,0.0,0.0,2.0,2.0,0.0,100.0,4.61512051684126,0.0,1.25,1.25,1.0,0.75,0.95,0.95,0.35,0.75,0.0,0.0,0.0,1.0,0.0,0.0,0.0,1.0,0.0,0.0,0.0,0.0,0.0,0.466759259259,0.185763888889,0.052916666667,0.0,repair5g59_flow_decay,0.0,0.0,0.0,0.086842105263,-0.032894736842,0.059210526316,0.111842105263,0.001052631579,-0.047368421053,-0.048684210526,0.032894736842,-0.026315789474,0.05,0.05,0.05,0.0,-0.002,-0.04,0.05,-0.05,0.0
maze-32-32-4|a100|s150|it0|14650fb0739d0383,maze-32-32-4,100,150,0,14650fb0739d0383,repair5g59_high_beta_cap_safe,old14,high_beta,old14,1.3764794762,True,False,False,False,False,False,False,False,False,False,False,False,False,False,0.01460589272,0.05514983631,True,False,1.25,1.25,1.0,0.75,0.95,1.0,0.6,0.75,False,False,False,False,False,False,100.0,4.615120516841,0.0,13167.0,131.67,9.485544922917,0.0,1.0,0.0,0.0,0.0,0.0,10800.0,1605.0,762.0,5041.0,5759.0,0.148611111111,0.070555555556,16.05,108.0,0.466759259259,0.0,0.0,0.0,0.0,0.0,2.0,2.0,0.0,100.0,4.61512051684126,0.0,1.25,1.25,1.0,0.75,0.95,1.0,0.6,0.75,0.0,0.0,0.0,1.0,0.0,0.0,0.0,0.0,0.0,1.0,0.0,0.0,0.0,0.466759259259,0.185763888889,0.052916666667,0.0,repair5g59_high_beta_cap_safe,0.0,0.0,0.0,0.086842105263,-0.032894736842,0.059210526316,0.111842105263,0.001052631579,0.002631578947,0.201315789474,0.032894736842,-0.026315789474,0.029166666667,0.008333333333,0.0,0.029166666667,-0.0,0.004166666667,0.029166666667,0.0,0.0
maze-32-32-4|a100|s150|it0|14650fb0739d0383,maze-32-32-4,100,150,0,14650fb0739d0383,repair5g59_light_cong_light_flow,old14,flow_decay,old14,1.45101989423,True,False,False,False,False,False,False,False,False,False,False,False,False,False,0.08914631075,0.12969025434,True,False,1.0,1.0,0.75,0.75,0.98,1.0,0.25,0.5,False,False,False,False,False,False,100.0,4.615120516841,0.0,13167.0,131.67,9.485544922917,0.0,1.0,0.0,0.0,0.0,0.0,10800.0,1605.0,762.0,5041.0,5759.0,0.148611111111,0.070555555556,16.05,108.0,0.466759259259,0.0,0.0,0.0,0.0,0.0,2.0,2.0,0.0,100.0,4.61512051684126,0.0,1.0,1.0,0.75,0.75,0.98,1.0,0.25,0.5,0.0,0.0,0.0,1.0,0.0,0.0,0.0,1.0,0.0,0.0,0.0,0.0,0.0,0.350069444444,0.148611111111,0.052916666667,0.0,repair5g59_light_cong_light_flow,0.0,0.0,0.0,-0.163157894737,-0.282894736842,-0.190789473684,0.111842105263,0.031052631579,0.002631578947,-0.148684210526,-0.217105263158,-0.026315789474,-0.2,-0.2,-0.2,0.0,0.028,0.01,-0.05,-0.3,0.0
maze-32-32-4|a100|s150|it0|14650fb0739d0383,maze-32-32-4,100,150,0,14650fb0739d0383,repair5g59_low_beta_high_cap,old14,flow_decay,old14,1.32132963989,True,False,True,False,False,False,False,False,False,False,False,False,False,False,-0.04054394359,0.0,False,False,1.25,1.25,1.0,0.75,0.95,1.0,0.2,1.25,False,False,False,False,False,False,100.0,4.615120516841,0.0,13167.0,131.67,9.485544922917,0.0,1.0,0.0,0.0,0.0,0.0,10800.0,1605.0,762.0,5041.0,5759.0,0.148611111111,0.070555555556,16.05,108.0,0.466759259259,0.0,0.0,0.0,0.0,0.0,2.0,2.0,0.0,100.0,4.61512051684126,0.0,1.25,1.25,1.0,0.75,0.95,1.0,0.2,1.25,0.0,0.0,0.0,1.0,0.0,0.0,0.0,1.0,0.0,0.0,0.0,0.0,0.0,0.466759259259,0.185763888889,0.052916666667,0.0,repair5g59_low_beta_high_cap,0.0,0.0,0.0,0.086842105263,-0.032894736842,0.059210526316,0.111842105263,0.001052631579,0.002631578947,-0.198684210526,0.532894736842,-0.026315789474,0.05,0.05,0.05,0.0,-0.002,0.01,-0.1,0.45,0.0
maze-32-32-4|a100|s150|it0|14650fb0739d0383,maze-32-32-4,100,150,0,14650fb0739d0383,repair5g59_slow_decay_high_shield,old14,flow_decay,old14,1.39813648955,True,False,False,False,False,False,False,False,False,False,False,False,False,False,0.03626290607,0.07680684966,True,False,1.25,1.25,1.0,0.75,0.98,1.0,0.5,1.0,False,False,False,False,False,False,100.0,4.615120516841,0.0,13167.0,131.67,9.485544922917,0.0,1.0,0.0,0.0,0.0,0.0,10800.0,1605.0,762.0,5041.0,5759.0,0.148611111111,0.070555555556,16.05,108.0,0.466759259259,0.0,0.0,0.0,0.0,0.0,2.0,2.0,0.0,100.0,4.61512051684126,0.0,1.25,1.25,1.0,0.75,0.98,1.0,0.5,1.0,0.0,0.0,0.0,1.0,0.0,0.0,0.0,1.0,0.0,0.0,0.0,0.0,0.0,0.466759259259,0.185763888889,0.052916666667,0.0,repair5g59_slow_decay_high_shield,0.0,0.0,0.0,0.086842105263,-0.032894736842,0.059210526316,0.111842105263,0.031052631579,0.002631578947,0.101315789474,0.282894736842,-0.026315789474,0.05,0.05,0.05,0.0,0.028,0.01,0.2,0.2,0.0
maze-32-32-4|a100|s150|it0|14650fb0739d0383,maze-32-32-4,100,150,0,14650fb0739d0383,repair5g59_static_abstain_candidate,old14,static,old14,1.36187358348,True,False,False,False,False,False,False,False,False,False,False,False,False,False,0.0,0.04054394359,False,False,1.25,1.25,1.0,0.75,0.95,1.0,0.35,0.75,False,False,False,False,False,False,100.0,4.615120516841,0.0,13167.0,131.67,9.485544922917,0.0,1.0,0.0,0.0,0.0,0.0,10800.0,1605.0,762.0,5041.0,5759.0,0.148611111111,0.070555555556,16.05,108.0,0.466759259259,0.0,0.0,0.0,0.0,0.0,2.0,2.0,0.0,100.0,4.61512051684126,0.0,1.25,1.25,1.0,0.75,0.95,1.0,0.35,0.75,0.0,0.0,0.0,1.0,0.0,0.0,0.0,0.0,0.0,0.0,1.0,0.0,0.0,0.466759259259,0.185763888889,0.052916666667,0.0,repair5g59_static_abstain_candidate,0.0,0.0,0.0,0.086842105263,-0.032894736842,0.059210526316,0.111842105263,0.001052631579,0.002631578947,-0.048684210526,0.032894736842,-0.026315789474,0.0,0.0,0.0,0.0,0.0,0.0,0.0,0.0,0.0
maze-32-32-4|a100|s150|it0|14650fb0739d0383,maze-32-32-4,100,150,0,14650fb0739d0383,repair5g59_static_flow_shield,old14,static,old14,1.36187358348,True,False,False,False,False,False,False,False,False,False,False,False,False,False,0.0,0.04054394359,False,False,1.25,1.25,1.0,0.75,0.95,1.0,0.35,0.75,False,False,False,False,False,False,100.0,4.615120516841,0.0,13167.0,131.67,9.485544922917,0.0,1.0,0.0,0.0,0.0,0.0,10800.0,1605.0,762.0,5041.0,5759.0,0.148611111111,0.070555555556,16.05,108.0,0.466759259259,0.0,0.0,0.0,0.0,0.0,2.0,2.0,0.0,100.0,4.61512051684126,0.0,1.25,1.25,1.0,0.75,0.95,1.0,0.35,0.75,0.0,0.0,0.0,1.0,0.0,0.0,0.0,0.0,0.0,0.0,1.0,0.0,0.0,0.466759259259,0.185763888889,0.052916666667,0.0,repair5g59_static_abstain_candidate,0.0,0.0,0.0,0.086842105263,-0.032894736842,0.059210526316,0.111842105263,0.001052631579,0.002631578947,-0.048684210526,0.032894736842,-0.026315789474,0.0,0.0,0.0,0.0,0.0,0.0,0.0,0.0,0.0
maze-32-32-4|a100|s150|it0|14650fb0739d0383,maze-32-32-4,100,150,0,14650fb0739d0383,repair5g59_wait_aggressive,old14,flow_shield,old14,1.36741374969,True,False,False,False,False,False,False,False,False,False,False,False,False,False,0.00554016621,0.0460841098,True,False,1.25,1.25,1.0,1.0,0.95,1.0,0.35,0.75,False,False,False,False,False,False,100.0,4.615120516841,0.0,13167.0,131.67,9.485544922917,0.0,1.0,0.0,0.0,0.0,0.0,10800.0,1605.0,762.0,5041.0,5759.0,0.148611111111,0.070555555556,16.05,108.0,0.466759259259,0.0,0.0,0.0,0.0,0.0,2.0,2.0,0.0,100.0,4.61512051684126,0.0,1.25,1.25,1.0,1.0,0.95,1.0,0.35,0.75,0.0,0.0,0.0,1.0,0.0,0.0,0.0,0.0,1.0,0.0,0.0,0.0,0.0,0.466759259259,0.185763888889,0.070555555556,0.0,repair5g59_wait_aggressive,0.0,0.0,0.0,0.086842105263,-0.032894736842,0.059210526316,0.361842105263,0.001052631579,0.002631578947,-0.048684210526,0.032894736842,-0.026315789474,0.0,0.0,0.0,0.0,0.0,0.0,0.0,0.0,0.0
maze-32-32-4|a100|s150|it0|14650fb0739d0383,maze-32-32-4,100,150,0,14650fb0739d0383,repair5g59_wait_conservative,old14,wait_conservative,old14,1.38957441451,True,False,False,False,False,False,False,False,False,False,False,False,False,False,0.02770083103,0.06824477462,True,False,1.25,1.25,1.0,0.5,0.95,1.0,0.35,0.75,False,False,False,False,False,False,100.0,4.615120516841,0.0,13167.0,131.67,9.485544922917,0.0,1.0,0.0,0.0,0.0,0.0,10800.0,1605.0,762.0,5041.0,5759.0,0.148611111111,0.070555555556,16.05,108.0,0.466759259259,0.0,0.0,0.0,0.0,0.0,2.0,2.0,0.0,100.0,4.61512051684126,0.0,1.25,1.25,1.0,0.5,0.95,1.0,0.35,0.75,0.0,0.0,0.0,1.0,0.0,0.0,0.0,0.0,0.0,0.0,0.0,0.0,1.0,0.466759259259,0.185763888889,0.035277777778,0.0,repair5g59_wait_conservative,0.0,0.0,0.0,0.086842105263,-0.032894736842,0.059210526316,-0.138157894737,0.001052631579,0.002631578947,-0.048684210526,0.032894736842,-0.026315789474,0.0,0.0,0.0,0.042857142857,0.007142857143,0.0,0.021428571429,0.0,0.0
maze-32-32-4|a100|s150|it0|14650fb0739d0383,maze-32-32-4,100,150,0,14650fb0739d0383,repair5g518_grid_c1p25_b1p25_f1p00_w0p50_dc0p95_df1p00_beta0p35_max0p75_c0,g518_retained,wait_conservative,g518_retained,1.38957441451,True,False,False,False,False,False,False,False,False,False,False,False,False,False,0.02770083103,0.06824477462,True,False,1.25,1.25,1.0,0.5,0.95,1.0,0.35,0.75,False,False,False,False,False,False,100.0,4.615120516841,0.0,13167.0,131.67,9.485544922917,0.0,1.0,0.0,0.0,0.0,0.0,10800.0,1605.0,762.0,5041.0,5759.0,0.148611111111,0.070555555556,16.05,108.0,0.466759259259,0.0,0.0,0.0,0.0,0.0,2.0,2.0,0.0,100.0,4.61512051684126,0.0,1.25,1.25,1.0,0.5,0.95,1.0,0.35,0.75,0.0,1.0,0.0,0.0,0.0,0.0,0.0,0.0,0.0,0.0,0.0,0.0,1.0,0.466759259259,0.185763888889,0.035277777778,0.0,repair5g59_wait_conservative,0.0,0.0,0.0,0.086842105263,-0.032894736842,0.059210526316,-0.138157894737,0.001052631579,0.002631578947,-0.048684210526,0.032894736842,-0.026315789474,0.0,0.0,0.0,0.042857142857,0.007142857143,0.0,0.021428571429,0.0,0.0
maze-32-32-4|a100|s150|it0|14650fb0739d0383,maze-32-32-4,100,150,0,14650fb0739d0383,repair5g518_grid_c1p20_b1p35_f1p00_w0p70_dc0p95_df1p00_beta0p60_max0p75_c0,g518_retained,high_beta,g518_retained,1.3971291866,True,False,False,False,False,False,False,False,False,False,False,False,False,False,0.03525560312,0.07579954671,True,False,1.2,1.35,1.0,0.7,0.95,1.0,0.6,0.75,False,False,False,False,False,False,100.0,4.615120516841,0.0,13167.0,131.67,9.485544922917,0.0,1.0,0.0,0.0,0.0,0.0,10800.0,1605.0,762.0,5041.0,5759.0,0.148611111111,0.070555555556,16.05,108.0,0.466759259259,0.0,0.0,0.0,0.0,0.0,2.0,2.0,0.0,100.0,4.61512051684126,0.0,1.2,1.35,1.0,0.7,0.95,1.0,0.6,0.75,0.0,1.0,0.0,0.0,0.0,0.0,0.0,0.0,0.0,1.0,0.0,0.0,0.0,0.466759259259,0.200625,0.049388888889,0.0,repair5g59_high_beta_cap_safe,0.122474487139,0.122474487139,0.115535611769,0.036842105263,0.067105263158,0.059210526316,0.061842105263,0.001052631579,0.002631578947,0.201315789474,0.032894736842,-0.026315789474,-0.020833333333,0.108333333333,0.0,-0.020833333333,-0.0,0.004166666667,0.029166666667,0.0,0.0
maze-32-32-4|a100|s150|it0|14650fb0739d0383,maze-32-32-4,100,150,0,14650fb0739d0383,repair5g518_grid_c0p90_b1p50_f1p00_w0p45_dc0p95_df1p00_beta0p45_max0p75_c0,g518_retained,block_heavy,g518_retained,1.36691009821,True,False,False,False,False,False,False,False,False,False,False,False,False,False,0.00503651473,0.04558045832,True,False,0.9,1.5,1.0,0.45,0.95,1.0,0.45,0.75,False,False,False,False,False,False,100.0,4.615120516841,0.0,13167.0,131.67,9.485544922917,0.0,1.0,0.0,0.0,0.0,0.0,10800.0,1605.0,762.0,5041.0,5759.0,0.148611111111,0.070555555556,16.05,108.0,0.466759259259,0.0,0.0,0.0,0.0,0.0,2.0,2.0,0.0,100.0,4.61512051684126,0.0,0.9,1.5,1.0,0.45,0.95,1.0,0.45,0.75,0.0,1.0,0.0,0.0,0.0,1.0,0.0,0.0,0.0,0.0,0.0,0.0,0.0,0.466759259259,0.222916666667,0.03175,0.0,repair5g59_block_heavy_flow_guard,0.15,0.15,0.139761942375,-0.263157894737,0.217105263158,0.059210526316,-0.188157894737,0.001052631579,0.002631578947,0.051315789474,0.032894736842,-0.026315789474,-0.0125,-0.0125,0.0,-0.00625,0.00625,0.0,0.0625,0.0,0.0
maze-32-32-4|a100|s150|it0|14650fb0739d0383,maze-32-32-4,100,150,0,14650fb0739d0383,repair5g518_grid_c1p25_b1p25_f1p00_w0p35_dc0p95_df1p00_beta0p30_max0p75_c0,g518_retained,wait_conservative,g518_retained,1.34172752455,True,False,True,False,False,False,False,False,True,False,False,False,False,True,-0.02014605893,0.02039788466,False,False,1.25,1.25,1.0,0.35,0.95,1.0,0.3,0.75,False,False,False,False,False,False,100.0,4.615120516841,0.0,13167.0,131.67,9.485544922917,0.0,1.0,0.0,0.0,0.0,0.0,10800.0,1605.0,762.0,5041.0,5759.0,0.148611111111,0.070555555556,16.05,108.0,0.466759259259,0.0,0.0,0.0,0.0,0.0,2.0,2.0,0.0,100.0,4.61512051684126,0.0,1.25,1.25,1.0,0.35,0.95,1.0,0.3,0.75,0.0,1.0,0.0,0.0,0.0,0.0,0.0,0.0,0.0,0.0,0.0,0.0,1.0,0.466759259259,0.185763888889,0.024694444445,0.0,repair5g59_wait_conservative,0.158113883008,0.158113883008,0.146792718882,0.086842105263,-0.032894736842,0.059210526316,-0.288157894737,0.001052631579,0.002631578947,-0.098684210526,0.032894736842,-0.026315789474,0.0,0.0,0.0,-0.107142857143,0.007142857143,0.0,-0.028571428571,0.0,0.0
maze-32-32-4|a100|s150|it0|14650fb0739d0383,maze-32-32-4,100,150,0,14650fb0739d0383,repair5g518_grid_c0p90_b1p40_f1p00_w0p45_dc0p95_df1p00_beta0p35_max0p75_c0,g518_retained,block_heavy,g518_retained,1.34046839587,True,False,True,False,False,False,False,False,True,False,False,False,False,True,-0.02140518761,0.01913875598,False,False,0.9,1.4,1.0,0.45,0.95,1.0,0.35,0.75,False,False,False,False,False,False,100.0,4.615120516841,0.0,13167.0,131.67,9.485544922917,0.0,1.0,0.0,0.0,0.0,0.0,10800.0,1605.0,762.0,5041.0,5759.0,0.148611111111,0.070555555556,16.05,108.0,0.466759259259,0.0,0.0,0.0,0.0,0.0,2.0,2.0,0.0,100.0,4.61512051684126,0.0,0.9,1.4,1.0,0.45,0.95,1.0,0.35,0.75,0.0,1.0,0.0,0.0,0.0,1.0,0.0,0.0,0.0,0.0,0.0,0.0,0.0,0.466759259259,0.208055555555,0.03175,0.0,repair5g59_block_heavy_flow_guard,0.15,0.15,0.139761942375,-0.263157894737,0.117105263158,0.059210526316,-0.188157894737,0.001052631579,0.002631578947,-0.048684210526,0.032894736842,-0.026315789474,-0.0125,-0.1125,0.0,-0.00625,0.00625,0.0,-0.0375,0.0,0.0
maze-32-32-4|a100|s150|it0|14650fb0739d0383,maze-32-32-4,100,150,0,14650fb0739d0383,repair5g518_grid_c1p20_b1p15_f1p00_w0p70_dc0p95_df1p00_beta0p60_max0p75_c0,g518_retained,high_beta,g518_retained,1.41450516243,True,False,False,False,False,False,False,False,False,False,False,False,False,False,0.05263157895,0.09317552254,True,False,1.2,1.15,1.0,0.7,0.95,1.0,0.6,0.75,False,False,False,False,False,False,100.0,4.615120516841,0.0,13167.0,131.67,9.485544922917,0.0,1.0,0.0,0.0,0.0,0.0,10800.0,1605.0,762.0,5041.0,5759.0,0.148611111111,0.070555555556,16.05,108.0,0.466759259259,0.0,0.0,0.0,0.0,0.0,2.0,2.0,0.0,100.0,4.61512051684126,0.0,1.2,1.15,1.0,0.7,0.95,1.0,0.6,0.75,0.0,1.0,0.0,0.0,0.0,0.0,0.0,0.0,0.0,1.0,0.0,0.0,0.0,0.466759259259,0.170902777778,0.049388888889,0.0,repair5g59_high_beta_cap_safe,0.122474487139,0.122474487139,0.115535611769,0.036842105263,-0.132894736842,0.059210526316,0.061842105263,0.001052631579,0.002631578947,0.201315789474,0.032894736842,-0.026315789474,-0.020833333333,-0.091666666667,0.0,-0.020833333333,-0.0,0.004166666667,0.029166666667,0.0,0.0
maze-32-32-4|a100|s150|it0|14650fb0739d0383,maze-32-32-4,100,150,0,14650fb0739d0383,repair5g518_grid_c0p90_b1p65_f1p00_w0p45_dc0p95_df1p00_beta0p35_max0p75_c0,g518_retained,block_heavy,g518_retained,1.35658524301,True,False,True,False,False,False,False,False,True,False,False,False,False,True,-0.00528834047,0.03525560312,False,False,0.9,1.65,1.0,0.45,0.95,1.0,0.35,0.75,False,False,False,False,False,False,100.0,4.615120516841,0.0,13167.0,131.67,9.485544922917,0.0,1.0,0.0,0.0,0.0,0.0,10800.0,1605.0,762.0,5041.0,5759.0,0.148611111111,0.070555555556,16.05,108.0,0.466759259259,0.0,0.0,0.0,0.0,0.0,2.0,2.0,0.0,100.0,4.61512051684126,0.0,0.9,1.65,1.0,0.45,0.95,1.0,0.35,0.75,0.0,1.0,0.0,0.0,0.0,1.0,0.0,0.0,0.0,0.0,0.0,0.0,0.0,0.466759259259,0.245208333333,0.03175,0.0,repair5g59_block_heavy_flow_guard,0.187082869339,0.187082869339,0.171498927292,-0.263157894737,0.367105263158,0.059210526316,-0.188157894737,0.001052631579,0.002631578947,-0.048684210526,0.032894736842,-0.026315789474,-0.0125,0.1375,0.0,-0.00625,0.00625,0.0,-0.0375,0.0,0.0
maze-32-32-4|a100|s150|it0|14650fb0739d0383,maze-32-32-4,100,150,0,14650fb0739d0383,repair5g518_grid_c1p20_b1p15_f1p00_w0p70_dc0p95_df1p00_beta0p55_max0p75_c0,g518_retained,high_beta,g518_retained,1.37018383279,True,False,False,False,False,False,False,False,False,False,False,False,False,False,0.00831024931,0.0488541929,True,False,1.2,1.15,1.0,0.7,0.95,1.0,0.55,0.75,False,False,False,False,False,False,100.0,4.615120516841,0.0,13167.0,131.67,9.485544922917,0.0,1.0,0.0,0.0,0.0,0.0,10800.0,1605.0,762.0,5041.0,5759.0,0.148611111111,0.070555555556,16.05,108.0,0.466759259259,0.0,0.0,0.0,0.0,0.0,2.0,2.0,0.0,100.0,4.61512051684126,0.0,1.2,1.15,1.0,0.7,0.95,1.0,0.55,0.75,0.0,1.0,0.0,0.0,0.0,0.0,0.0,0.0,0.0,1.0,0.0,0.0,0.0,0.466759259259,0.170902777778,0.049388888889,0.0,repair5g59_high_beta_cap_safe,0.132287565553,0.132287565553,0.124239980694,0.036842105263,-0.132894736842,0.059210526316,0.061842105263,0.001052631579,0.002631578947,0.151315789474,0.032894736842,-0.026315789474,-0.020833333333,-0.091666666667,0.0,-0.020833333333,-0.0,0.004166666667,-0.020833333333,0.0,0.0
maze-32-32-4|a100|s150|it0|14650fb0739d0383,maze-32-32-4,100,150,0,14650fb0739d0383,repair5g521_grid_c0p90_b1p50_f1p00_w0p45_dc0p95_df1p00_beta0p45_max0p75_c0,g521_second_wave,block_heavy,g521_second_wave,1.36691009821,True,False,False,False,False,False,False,False,False,False,False,False,False,False,0.00503651473,0.04558045832,True,False,0.9,1.5,1.0,0.45,0.95,1.0,0.45,0.75,False,False,False,False,False,False,100.0,4.615120516841,0.0,13167.0,131.67,9.485544922917,0.0,1.0,0.0,0.0,0.0,0.0,10800.0,1605.0,762.0,5041.0,5759.0,0.148611111111,0.070555555556,16.05,108.0,0.466759259259,0.0,0.0,0.0,0.0,0.0,2.0,2.0,0.0,100.0,4.61512051684126,0.0,0.9,1.5,1.0,0.45,0.95,1.0,0.45,0.75,0.0,0.0,1.0,0.0,0.0,1.0,0.0,0.0,0.0,0.0,0.0,0.0,0.0,0.466759259259,0.222916666667,0.03175,0.0,repair5g59_block_heavy_flow_guard,0.15,0.15,0.139761942375,-0.263157894737,0.217105263158,0.059210526316,-0.188157894737,0.001052631579,0.002631578947,0.051315789474,0.032894736842,-0.026315789474,-0.0125,-0.0125,0.0,-0.00625,0.00625,0.0,0.0625,0.0,0.0
maze-32-32-4|a100|s150|it0|14650fb0739d0383,maze-32-32-4,100,150,0,14650fb0739d0383,repair5g521_grid_c0p90_b1p40_f1p00_w0p45_dc0p95_df1p00_beta0p35_max0p75_c0,g521_second_wave,block_heavy,g521_second_wave,1.34046839587,True,False,True,False,False,False,False,False,True,False,False,False,False,True,-0.02140518761,0.01913875598,False,False,0.9,1.4,1.0,0.45,0.95,1.0,0.35,0.75,False,False,False,False,False,False,100.0,4.615120516841,0.0,13167.0,131.67,9.485544922917,0.0,1.0,0.0,0.0,0.0,0.0,10800.0,1605.0,762.0,5041.0,5759.0,0.148611111111,0.070555555556,16.05,108.0,0.466759259259,0.0,0.0,0.0,0.0,0.0,2.0,2.0,0.0,100.0,4.61512051684126,0.0,0.9,1.4,1.0,0.45,0.95,1.0,0.35,0.75,0.0,0.0,1.0,0.0,0.0,1.0,0.0,0.0,0.0,0.0,0.0,0.0,0.0,0.466759259259,0.208055555555,0.03175,0.0,repair5g59_block_heavy_flow_guard,0.15,0.15,0.139761942375,-0.263157894737,0.117105263158,0.059210526316,-0.188157894737,0.001052631579,0.002631578947,-0.048684210526,0.032894736842,-0.026315789474,-0.0125,-0.1125,0.0,-0.00625,0.00625,0.0,-0.0375,0.0,0.0
maze-32-32-4|a100|s150|it0|14650fb0739d0383,maze-32-32-4,100,150,0,14650fb0739d0383,repair5g521_grid_c0p90_b1p65_f1p00_w0p45_dc0p95_df1p00_beta0p35_max0p75_c0,g521_second_wave,block_heavy,g521_second_wave,1.35658524301,True,False,True,False,False,False,False,False,True,False,False,False,False,True,-0.00528834047,0.03525560312,False,False,0.9,1.65,1.0,0.45,0.95,1.0,0.35,0.75,False,False,False,False,False,False,100.0,4.615120516841,0.0,13167.0,131.67,9.485544922917,0.0,1.0,0.0,0.0,0.0,0.0,10800.0,1605.0,762.0,5041.0,5759.0,0.148611111111,0.070555555556,16.05,108.0,0.466759259259,0.0,0.0,0.0,0.0,0.0,2.0,2.0,0.0,100.0,4.61512051684126,0.0,0.9,1.65,1.0,0.45,0.95,1.0,0.35,0.75,0.0,0.0,1.0,0.0,0.0,1.0,0.0,0.0,0.0,0.0,0.0,0.0,0.0,0.466759259259,0.245208333333,0.03175,0.0,repair5g59_block_heavy_flow_guard,0.187082869339,0.187082869339,0.171498927292,-0.263157894737,0.367105263158,0.059210526316,-0.188157894737,0.001052631579,0.002631578947,-0.048684210526,0.032894736842,-0.026315789474,-0.0125,0.1375,0.0,-0.00625,0.00625,0.0,-0.0375,0.0,0.0
maze-32-32-4|a100|s150|it0|14650fb0739d0383,maze-32-32-4,100,150,0,14650fb0739d0383,repair5g521_grid_c0p90_b1p50_f1p00_w0p45_dc0p90_df1p00_beta0p45_max0p75_c0,g521_second_wave,block_heavy,g521_second_wave,1.36691009821,True,False,False,False,False,False,False,False,False,False,False,False,False,False,0.00503651473,0.04558045832,True,False,0.9,1.5,1.0,0.45,0.9,1.0,0.45,0.75,False,False,False,False,False,False,100.0,4.615120516841,0.0,13167.0,131.67,9.485544922917,0.0,1.0,0.0,0.0,0.0,0.0,10800.0,1605.0,762.0,5041.0,5759.0,0.148611111111,0.070555555556,16.05,108.0,0.466759259259,0.0,0.0,0.0,0.0,0.0,2.0,2.0,0.0,100.0,4.61512051684126,0.0,0.9,1.5,1.0,0.45,0.9,1.0,0.45,0.75,0.0,0.0,1.0,0.0,0.0,1.0,0.0,0.0,0.0,0.0,0.0,0.0,0.0,0.466759259259,0.222916666667,0.03175,0.0,repair5g59_block_heavy_flow_guard,0.158113883008,0.158113883008,0.146792718882,-0.263157894737,0.217105263158,0.059210526316,-0.188157894737,-0.048947368421,0.002631578947,0.051315789474,0.032894736842,-0.026315789474,-0.0125,-0.0125,0.0,-0.00625,-0.04375,0.0,0.0625,0.0,0.0
maze-32-32-4|a100|s150|it0|14650fb0739d0383,maze-32-32-4,100,150,0,14650fb0739d0383,repair5g521_grid_c1p20_b1p35_f1p00_w0p70_dc0p95_df1p00_beta0p60_max0p75_c0,g521_second_wave,high_beta,g521_second_wave,1.3971291866,True,False,False,False,False,False,False,False,False,False,False,False,False,False,0.03525560312,0.07579954671,True,False,1.2,1.35,1.0,0.7,0.95,1.0,0.6,0.75,False,False,False,False,False,False,100.0,4.615120516841,0.0,13167.0,131.67,9.485544922917,0.0,1.0,0.0,0.0,0.0,0.0,10800.0,1605.0,762.0,5041.0,5759.0,0.148611111111,0.070555555556,16.05,108.0,0.466759259259,0.0,0.0,0.0,0.0,0.0,2.0,2.0,0.0,100.0,4.61512051684126,0.0,1.2,1.35,1.0,0.7,0.95,1.0,0.6,0.75,0.0,0.0,1.0,0.0,0.0,0.0,0.0,0.0,0.0,1.0,0.0,0.0,0.0,0.466759259259,0.200625,0.049388888889,0.0,repair5g59_high_beta_cap_safe,0.122474487139,0.122474487139,0.115535611769,0.036842105263,0.067105263158,0.059210526316,0.061842105263,0.001052631579,0.002631578947,0.201315789474,0.032894736842,-0.026315789474,-0.020833333333,0.108333333333,0.0,-0.020833333333,-0.0,0.004166666667,0.029166666667,0.0,0.0
maze-32-32-4|a100|s150|it0|14650fb0739d0383,maze-32-32-4,100,150,0,14650fb0739d0383,repair5g521_grid_c1p20_b1p15_f1p00_w0p70_dc0p95_df1p00_beta0p60_max0p75_c0,g521_second_wave,high_beta,g521_second_wave,1.41450516243,True,False,False,False,False,False,False,False,False,False,False,False,False,False,0.05263157895,0.09317552254,True,False,1.2,1.15,1.0,0.7,0.95,1.0,0.6,0.75,False,False,False,False,False,False,100.0,4.615120516841,0.0,13167.0,131.67,9.485544922917,0.0,1.0,0.0,0.0,0.0,0.0,10800.0,1605.0,762.0,5041.0,5759.0,0.148611111111,0.070555555556,16.05,108.0,0.466759259259,0.0,0.0,0.0,0.0,0.0,2.0,2.0,0.0,100.0,4.61512051684126,0.0,1.2,1.15,1.0,0.7,0.95,1.0,0.6,0.75,0.0,0.0,1.0,0.0,0.0,0.0,0.0,0.0,0.0,1.0,0.0,0.0,0.0,0.466759259259,0.170902777778,0.049388888889,0.0,repair5g59_high_beta_cap_safe,0.122474487139,0.122474487139,0.115535611769,0.036842105263,-0.132894736842,0.059210526316,0.061842105263,0.001052631579,0.002631578947,0.201315789474,0.032894736842,-0.026315789474,-0.020833333333,-0.091666666667,0.0,-0.020833333333,-0.0,0.004166666667,0.029166666667,0.0,0.0
maze-32-32-4|a100|s150|it0|14650fb0739d0383,maze-32-32-4,100,150,0,14650fb0739d0383,repair5g521_grid_c1p20_b1p15_f1p00_w0p70_dc0p95_df1p00_beta0p55_max0p75_c0,g521_second_wave,high_beta,g521_second_wave,1.37018383279,True,False,False,False,False,False,False,False,False,False,False,False,False,False,0.00831024931,0.0488541929,True,False,1.2,1.15,1.0,0.7,0.95,1.0,0.55,0.75,False,False,False,False,False,False,100.0,4.615120516841,0.0,13167.0,131.67,9.485544922917,0.0,1.0,0.0,0.0,0.0,0.0,10800.0,1605.0,762.0,5041.0,5759.0,0.148611111111,0.070555555556,16.05,108.0,0.466759259259,0.0,0.0,0.0,0.0,0.0,2.0,2.0,0.0,100.0,4.61512051684126,0.0,1.2,1.15,1.0,0.7,0.95,1.0,0.55,0.75,0.0,0.0,1.0,0.0,0.0,0.0,0.0,0.0,0.0,1.0,0.0,0.0,0.0,0.466759259259,0.170902777778,0.049388888889,0.0,repair5g59_high_beta_cap_safe,0.132287565553,0.132287565553,0.124239980694,0.036842105263,-0.132894736842,0.059210526316,0.061842105263,0.001052631579,0.002631578947,0.151315789474,0.032894736842,-0.026315789474,-0.020833333333,-0.091666666667,0.0,-0.020833333333,-0.0,0.004166666667,-0.020833333333,0.0,0.0
maze-32-32-4|a100|s150|it0|14650fb0739d0383,maze-32-32-4,100,150,0,14650fb0739d0383,repair5g521_grid_c1p20_b1p35_f1p00_w0p70_dc0p95_df1p00_beta0p55_max0p75_c0,g521_second_wave,high_beta,g521_second_wave,1.36539914379,True,False,False,False,False,False,False,False,False,False,False,False,False,False,0.00352556031,0.0440695039,False,False,1.2,1.35,1.0,0.7,0.95,1.0,0.55,0.75,False,False,False,False,False,False,100.0,4.615120516841,0.0,13167.0,131.67,9.485544922917,0.0,1.0,0.0,0.0,0.0,0.0,10800.0,1605.0,762.0,5041.0,5759.0,0.148611111111,0.070555555556,16.05,108.0,0.466759259259,0.0,0.0,0.0,0.0,0.0,2.0,2.0,0.0,100.0,4.61512051684126,0.0,1.2,1.35,1.0,0.7,0.95,1.0,0.55,0.75,0.0,0.0,1.0,0.0,0.0,0.0,0.0,0.0,0.0,1.0,0.0,0.0,0.0,0.466759259259,0.200625,0.049388888889,0.0,repair5g59_high_beta_cap_safe,0.132287565553,0.132287565553,0.124239980694,0.036842105263,0.067105263158,0.059210526316,0.061842105263,0.001052631579,0.002631578947,0.151315789474,0.032894736842,-0.026315789474,-0.020833333333,0.108333333333,0.0,-0.020833333333,-0.0,0.004166666667,-0.020833333333,0.0,0.0
maze-32-32-4|a100|s150|it0|14650fb0739d0383,maze-32-32-4,100,150,0,14650fb0739d0383,repair5g521_grid_c1p25_b1p25_f1p00_w0p50_dc0p95_df1p00_beta0p35_max0p75_c0,g521_second_wave,wait_conservative,g521_second_wave,1.38957441451,True,False,False,False,False,False,False,False,False,False,False,False,False,False,0.02770083103,0.06824477462,True,False,1.25,1.25,1.0,0.5,0.95,1.0,0.35,0.75,False,False,False,False,False,False,100.0,4.615120516841,0.0,13167.0,131.67,9.485544922917,0.0,1.0,0.0,0.0,0.0,0.0,10800.0,1605.0,762.0,5041.0,5759.0,0.148611111111,0.070555555556,16.05,108.0,0.466759259259,0.0,0.0,0.0,0.0,0.0,2.0,2.0,0.0,100.0,4.61512051684126,0.0,1.25,1.25,1.0,0.5,0.95,1.0,0.35,0.75,0.0,0.0,1.0,0.0,0.0,0.0,0.0,0.0,0.0,0.0,0.0,0.0,1.0,0.466759259259,0.185763888889,0.035277777778,0.0,repair5g59_wait_conservative,0.0,0.0,0.0,0.086842105263,-0.032894736842,0.059210526316,-0.138157894737,0.001052631579,0.002631578947,-0.048684210526,0.032894736842,-0.026315789474,0.0,0.0,0.0,0.042857142857,0.007142857143,0.0,0.021428571429,0.0,0.0
maze-32-32-4|a100|s150|it0|14650fb0739d0383,maze-32-32-4,100,150,0,14650fb0739d0383,repair5g521_grid_c1p25_b1p25_f1p00_w0p35_dc0p95_df1p00_beta0p30_max0p75_c0,g521_second_wave,wait_conservative,g521_second_wave,1.34172752455,True,False,True,False,False,False,False,False,True,False,False,False,False,True,-0.02014605893,0.02039788466,False,False,1.25,1.25,1.0,0.35,0.95,1.0,0.3,0.75,False,False,False,False,False,False,100.0,4.615120516841,0.0,13167.0,131.67,9.485544922917,0.0,1.0,0.0,0.0,0.0,0.0,10800.0,1605.0,762.0,5041.0,5759.0,0.148611111111,0.070555555556,16.05,108.0,0.466759259259,0.0,0.0,0.0,0.0,0.0,2.0,2.0,0.0,100.0,4.61512051684126,0.0,1.25,1.25,1.0,0.35,0.95,1.0,0.3,0.75,0.0,0.0,1.0,0.0,0.0,0.0,0.0,0.0,0.0,0.0,0.0,0.0,1.0,0.466759259259,0.185763888889,0.024694444445,0.0,repair5g59_wait_conservative,0.158113883008,0.158113883008,0.146792718882,0.086842105263,-0.032894736842,0.059210526316,-0.288157894737,0.001052631579,0.002631578947,-0.098684210526,0.032894736842,-0.026315789474,0.0,0.0,0.0,-0.107142857143,0.007142857143,0.0,-0.028571428571,0.0,0.0
maze-32-32-4|a100|s150|it0|14650fb0739d0383,maze-32-32-4,100,150,0,14650fb0739d0383,repair5g521_grid_c1p25_b1p25_f1p00_w0p50_dc0p90_df1p00_beta0p35_max0p75_c0,g521_second_wave,wait_conservative,g521_second_wave,1.38957441451,True,False,False,False,False,False,False,False,False,False,False,False,False,False,0.02770083103,0.06824477462,True,False,1.25,1.25,1.0,0.5,0.9,1.0,0.35,0.75,False,False,False,False,False,False,100.0,4.615120516841,0.0,13167.0,131.67,9.485544922917,0.0,1.0,0.0,0.0,0.0,0.0,10800.0,1605.0,762.0,5041.0,5759.0,0.148611111111,0.070555555556,16.05,108.0,0.466759259259,0.0,0.0,0.0,0.0,0.0,2.0,2.0,0.0,100.0,4.61512051684126,0.0,1.25,1.25,1.0,0.5,0.9,1.0,0.35,0.75,0.0,0.0,1.0,0.0,0.0,0.0,0.0,0.0,0.0,0.0,0.0,0.0,1.0,0.466759259259,0.185763888889,0.035277777778,0.0,repair5g59_wait_conservative,0.05,0.05,0.048790164169,0.086842105263,-0.032894736842,0.059210526316,-0.138157894737,-0.048947368421,0.002631578947,-0.048684210526,0.032894736842,-0.026315789474,0.0,0.0,0.0,0.042857142857,-0.042857142857,0.0,0.021428571429,0.0,0.0
maze-32-32-4|a100|s150|it0|14650fb0739d0383,maze-32-32-4,100,150,0,14650fb0739d0383,repair5g521_grid_c1p25_b1p25_f1p00_w0p50_dc0p95_df1p00_beta0p30_max0p75_c0,g521_second_wave,wait_conservative,g521_second_wave,1.37748677915,True,False,False,False,False,False,False,False,False,False,False,False,False,False,0.01561319567,0.05615713926,True,False,1.25,1.25,1.0,0.5,0.95,1.0,0.3,0.75,False,False,False,False,False,False,100.0,4.615120516841,0.0,13167.0,131.67,9.485544922917,0.0,1.0,0.0,0.0,0.0,0.0,10800.0,1605.0,762.0,5041.0,5759.0,0.148611111111,0.070555555556,16.05,108.0,0.466759259259,0.0,0.0,0.0,0.0,0.0,2.0,2.0,0.0,100.0,4.61512051684126,0.0,1.25,1.25,1.0,0.5,0.95,1.0,0.3,0.75,0.0,0.0,1.0,0.0,0.0,0.0,0.0,0.0,0.0,0.0,0.0,0.0,1.0,0.466759259259,0.185763888889,0.035277777778,0.0,repair5g59_wait_conservative,0.05,0.05,0.048790164169,0.086842105263,-0.032894736842,0.059210526316,-0.138157894737,0.001052631579,0.002631578947,-0.098684210526,0.032894736842,-0.026315789474,0.0,0.0,0.0,0.042857142857,0.007142857143,0.0,-0.028571428571,0.0,0.0
maze-32-32-4|a100|s150|it0|14650fb0739d0383,maze-32-32-4,100,150,0,14650fb0739d0383,repair5g521_grid_c1p25_b1p25_f1p00_w0p75_dc0p95_df1p00_beta0p55_max0p75_c0,g521_second_wave,high_beta,g521_second_wave,1.36363636364,True,False,False,False,False,False,False,False,False,False,False,False,False,False,0.00176278016,0.04230672375,False,False,1.25,1.25,1.0,0.75,0.95,1.0,0.55,0.75,False,False,False,False,False,False,100.0,4.615120516841,0.0,13167.0,131.67,9.485544922917,0.0,1.0,0.0,0.0,0.0,0.0,10800.0,1605.0,762.0,5041.0,5759.0,0.148611111111,0.070555555556,16.05,108.0,0.466759259259,0.0,0.0,0.0,0.0,0.0,2.0,2.0,0.0,100.0,4.61512051684126,0.0,1.25,1.25,1.0,0.75,0.95,1.0,0.55,0.75,0.0,0.0,1.0,0.0,0.0,0.0,0.0,0.0,0.0,1.0,0.0,0.0,0.0,0.466759259259,0.185763888889,0.052916666667,0.0,repair5g59_high_beta_cap_safe,0.05,0.05,0.048790164169,0.086842105263,-0.032894736842,0.059210526316,0.111842105263,0.001052631579,0.002631578947,0.151315789474,0.032894736842,-0.026315789474,0.029166666667,0.008333333333,0.0,0.029166666667,-0.0,0.004166666667,-0.020833333333,0.0,0.0
maze-32-32-4|a100|s150|it0|14650fb0739d0383,maze-32-32-4,100,150,0,14650fb0739d0383,repair5g521_grid_c1p25_b1p25_f1p00_w0p75_dc0p90_df1p00_beta0p55_max0p75_c0,g521_second_wave,high_beta,g521_second_wave,1.36363636364,True,False,False,False,False,False,False,False,False,False,False,False,False,False,0.00176278016,0.04230672375,False,False,1.25,1.25,1.0,0.75,0.9,1.0,0.55,0.75,False,False,False,False,False,False,100.0,4.615120516841,0.0,13167.0,131.67,9.485544922917,0.0,1.0,0.0,0.0,0.0,0.0,10800.0,1605.0,762.0,5041.0,5759.0,0.148611111111,0.070555555556,16.05,108.0,0.466759259259,0.0,0.0,0.0,0.0,0.0,2.0,2.0,0.0,100.0,4.61512051684126,0.0,1.25,1.25,1.0,0.75,0.9,1.0,0.55,0.75,0.0,0.0,1.0,0.0,0.0,0.0,0.0,0.0,0.0,1.0,0.0,0.0,0.0,0.466759259259,0.185763888889,0.052916666667,0.0,repair5g59_high_beta_cap_safe,0.070710678119,0.070710678119,0.068322613158,0.086842105263,-0.032894736842,0.059210526316,0.111842105263,-0.048947368421,0.002631578947,0.151315789474,0.032894736842,-0.026315789474,0.029166666667,0.008333333333,0.0,0.029166666667,-0.05,0.004166666667,-0.020833333333,0.0,0.0
maze-32-32-4|a100|s150|it0|14650fb0739d0383,maze-32-32-4,100,150,0,14650fb0739d0383,repair5g521_grid_c1p25_b1p25_f1p00_w0p75_dc0p95_df0p95_beta0p55_max0p75_c0,g521_second_wave,high_beta,g521_second_wave,1.36363636364,True,False,False,False,False,False,False,False,False,False,False,False,False,False,0.00176278016,0.04230672375,False,False,1.25,1.25,1.0,0.75,0.95,0.95,0.55,0.75,False,False,False,False,False,False,100.0,4.615120516841,0.0,13167.0,131.67,9.485544922917,0.0,1.0,0.0,0.0,0.0,0.0,10800.0,1605.0,762.0,5041.0,5759.0,0.148611111111,0.070555555556,16.05,108.0,0.466759259259,0.0,0.0,0.0,0.0,0.0,2.0,2.0,0.0,100.0,4.61512051684126,0.0,1.25,1.25,1.0,0.75,0.95,0.95,0.55,0.75,0.0,0.0,1.0,0.0,0.0,0.0,0.0,0.0,0.0,1.0,0.0,0.0,0.0,0.466759259259,0.185763888889,0.052916666667,0.0,repair5g59_high_beta_cap_safe,0.070710678119,0.070710678119,0.068322613158,0.086842105263,-0.032894736842,0.059210526316,0.111842105263,0.001052631579,-0.047368421053,0.151315789474,0.032894736842,-0.026315789474,0.029166666667,0.008333333333,0.0,0.029166666667,-0.0,-0.045833333333,-0.020833333333,0.0,0.0
maze-32-32-4|a100|s150|it0|14650fb0739d0383,maze-32-32-4,100,150,0,14650fb0739d0383,repair5g521_grid_c1p25_b1p25_f1p00_w0p75_dc1p00_df1p00_beta0p55_max0p75_c0,g521_second_wave,high_beta,g521_second_wave,1.36363636364,True,False,False,False,False,False,False,False,False,False,False,False,False,False,0.00176278016,0.04230672375,False,False,1.25,1.25,1.0,0.75,1.0,1.0,0.55,0.75,False,False,False,False,False,False,100.0,4.615120516841,0.0,13167.0,131.67,9.485544922917,0.0,1.0,0.0,0.0,0.0,0.0,10800.0,1605.0,762.0,5041.0,5759.0,0.148611111111,0.070555555556,16.05,108.0,0.466759259259,0.0,0.0,0.0,0.0,0.0,2.0,2.0,0.0,100.0,4.61512051684126,0.0,1.25,1.25,1.0,0.75,1.0,1.0,0.55,0.75,0.0,0.0,1.0,0.0,0.0,0.0,0.0,0.0,0.0,1.0,0.0,0.0,0.0,0.466759259259,0.185763888889,0.052916666667,0.0,repair5g59_high_beta_cap_safe,0.070710678119,0.070710678119,0.068322613158,0.086842105263,-0.032894736842,0.059210526316,0.111842105263,0.051052631579,0.002631578947,0.151315789474,0.032894736842,-0.026315789474,0.029166666667,0.008333333333,0.0,0.029166666667,0.05,0.004166666667,-0.020833333333,0.0,0.0
maze-32-32-4|a100|s151|it0|14650fb0739d0383,maze-32-32-4,100,151,0,14650fb0739d0383,repair5g59_additive_fallback,old14,additive,old14,1.37895005097,True,False,False,False,False,False,False,False,False,False,False,False,False,False,0.06855249745,0.13430173293,True,False,,,,,,,,,,False,False,False,False,False,100.0,4.615120516841,0.0,12013.0,120.13,9.39382791541,0.0,1.0,0.0,0.0,0.0,0.0,9800.0,1532.0,681.0,4983.0,4817.0,0.156326530612,0.069489795918,15.32,98.0,0.508469387755,0.0,0.0,0.0,0.0,0.0,2.0,2.0,0.0,100.0,4.61512051684126,0.0,1.0,1.0,0.0,1.0,1.0,1.0,0.0,0.0,0.0,0.0,0.0,1.0,1.0,0.0,0.0,0.0,0.0,0.0,0.0,0.0,0.0,0.0,0.156326530612,0.069489795918,0.0,,,,0.0,-0.163157894737,-0.282894736842,-0.940789473684,0.361842105263,0.051052631579,0.002631578947,-0.398684210526,-0.717105263158,-0.026315789474,0.0,0.0,0.0,0.0,0.0,0.0,0.0,0.0,0.0
maze-32-32-4|a100|s151|it0|14650fb0739d0383,maze-32-32-4,100,151,0,14650fb0739d0383,repair5g59_block_heavy_flow_guard,old14,block_heavy,old14,1.30071355759,True,False,True,False,False,False,False,False,False,False,False,False,False,False,-0.00968399593,0.05606523955,False,False,1.0,1.5,1.0,0.5,0.95,1.0,0.35,0.75,False,False,False,False,False,False,100.0,4.615120516841,0.0,12013.0,120.13,9.39382791541,0.0,1.0,0.0,0.0,0.0,0.0,9800.0,1532.0,681.0,4983.0,4817.0,0.156326530612,0.069489795918,15.32,98.0,0.508469387755,0.0,0.0,0.0,0.0,0.0,2.0,2.0,0.0,100.0,4.61512051684126,0.0,1.0,1.5,1.0,0.5,0.95,1.0,0.35,0.75,0.0,0.0,0.0,1.0,0.0,1.0,0.0,0.0,0.0,0.0,0.0,0.0,0.0,0.508469387755,0.234489795918,0.034744897959,0.0,repair5g59_block_heavy_flow_guard,0.0,0.0,0.0,-0.163157894737,0.217105263158,0.059210526316,-0.138157894737,0.001052631579,0.002631578947,-0.048684210526,0.032894736842,-0.026315789474,0.0875,-0.0125,0.0,0.04375,0.00625,0.0,-0.0375,0.0,0.0
maze-32-32-4|a100|s151|it0|14650fb0739d0383,maze-32-32-4,100,151,0,14650fb0739d0383,repair5g59_c_only_f_disabled,old14,static_boundary_c_only,old14,1.37589194699,True,False,False,False,False,False,False,False,False,False,False,False,False,False,0.06549439347,0.13124362895,True,False,1.25,1.25,0.0,0.75,0.95,1.0,0.0,0.0,True,False,False,False,False,False,100.0,4.615120516841,0.0,12013.0,120.13,9.39382791541,0.0,1.0,0.0,0.0,0.0,0.0,9800.0,1532.0,681.0,4983.0,4817.0,0.156326530612,0.069489795918,15.32,98.0,0.508469387755,0.0,0.0,0.0,0.0,0.0,2.0,2.0,0.0,100.0,4.61512051684126,0.0,1.25,1.25,0.0,0.75,0.95,1.0,0.0,0.0,1.0,0.0,0.0,1.0,0.0,0.0,0.0,0.0,0.0,0.0,0.0,1.0,0.0,0.0,0.195408163265,0.052117346939,0.0,repair5g59_c_only_f_disabled,0.0,0.0,0.0,0.086842105263,-0.032894736842,-0.940789473684,0.111842105263,0.001052631579,0.002631578947,-0.398684210526,-0.717105263158,0.973684210526,0.0,0.0,0.0,0.0,0.0,0.0,0.0,0.0,0.0
maze-32-32-4|a100|s151|it0|14650fb0739d0383,maze-32-32-4,100,151,0,14650fb0739d0383,repair5g59_commit_heavy_flow_guard,old14,commit_heavy,old14,1.26758409786,True,False,True,False,False,False,False,False,False,False,False,False,False,False,-0.04281345566,0.02293577982,False,False,1.5,1.0,1.0,0.75,0.95,1.0,0.35,0.75,False,False,False,False,False,False,100.0,4.615120516841,0.0,12013.0,120.13,9.39382791541,0.0,1.0,0.0,0.0,0.0,0.0,9800.0,1532.0,681.0,4983.0,4817.0,0.156326530612,0.069489795918,15.32,98.0,0.508469387755,0.0,0.0,0.0,0.0,0.0,2.0,2.0,0.0,100.0,4.61512051684126,0.0,1.5,1.0,1.0,0.75,0.95,1.0,0.35,0.75,0.0,0.0,0.0,1.0,0.0,0.0,1.0,0.0,0.0,0.0,0.0,0.0,0.0,0.508469387755,0.156326530612,0.052117346939,0.0,repair5g59_commit_heavy_flow_guard,0.0,0.0,0.0,0.336842105263,-0.282894736842,0.059210526316,0.111842105263,0.001052631579,0.002631578947,-0.048684210526,0.032894736842,-0.026315789474,0.0,0.0,0.0,0.0,0.0,0.0,0.0,0.0,0.0
maze-32-32-4|a100|s151|it0|14650fb0739d0383,maze-32-32-4,100,151,0,14650fb0739d0383,repair5g59_fast_decay_low_shield,old14,flow_decay,old14,1.32823649337,True,False,False,False,False,False,False,False,False,False,False,False,False,False,0.01783893985,0.08358817533,True,False,1.25,1.25,1.0,0.75,0.9,1.0,0.2,0.5,False,False,False,False,False,False,100.0,4.615120516841,0.0,12013.0,120.13,9.39382791541,0.0,1.0,0.0,0.0,0.0,0.0,9800.0,1532.0,681.0,4983.0,4817.0,0.156326530612,0.069489795918,15.32,98.0,0.508469387755,0.0,0.0,0.0,0.0,0.0,2.0,2.0,0.0,100.0,4.61512051684126,0.0,1.25,1.25,1.0,0.75,0.9,1.0,0.2,0.5,0.0,0.0,0.0,1.0,0.0,0.0,0.0,1.0,0.0,0.0,0.0,0.0,0.0,0.508469387755,0.195408163265,0.052117346939,0.0,repair5g59_fast_decay_low_shield,0.0,0.0,0.0,0.086842105263,-0.032894736842,0.059210526316,0.111842105263,-0.048947368421,0.002631578947,-0.198684210526,-0.217105263158,-0.026315789474,0.05,0.05,0.05,0.0,-0.052,0.01,-0.1,-0.3,0.0
maze-32-32-4|a100|s151|it0|14650fb0739d0383,maze-32-32-4,100,151,0,14650fb0739d0383,repair5g59_flow_decay,old14,flow_decay,old14,1.31039755352,True,False,False,False,False,False,False,False,False,False,False,False,False,False,0.0,0.06574923548,False,False,1.25,1.25,1.0,0.75,0.95,0.95,0.35,0.75,False,False,False,False,False,False,100.0,4.615120516841,0.0,12013.0,120.13,9.39382791541,0.0,1.0,0.0,0.0,0.0,0.0,9800.0,1532.0,681.0,4983.0,4817.0,0.156326530612,0.069489795918,15.32,98.0,0.508469387755,0.0,0.0,0.0,0.0,0.0,2.0,2.0,0.0,100.0,4.61512051684126,0.0,1.25,1.25,1.0,0.75,0.95,0.95,0.35,0.75,0.0,0.0,0.0,1.0,0.0,0.0,0.0,1.0,0.0,0.0,0.0,0.0,0.0,0.508469387755,0.195408163265,0.052117346939,0.0,repair5g59_flow_decay,0.0,0.0,0.0,0.086842105263,-0.032894736842,0.059210526316,0.111842105263,0.001052631579,-0.047368421053,-0.048684210526,0.032894736842,-0.026315789474,0.05,0.05,0.05,0.0,-0.002,-0.04,0.05,-0.05,0.0
maze-32-32-4|a100|s151|it0|14650fb0739d0383,maze-32-32-4,100,151,0,14650fb0739d0383,repair5g59_high_beta_cap_safe,old14,high_beta,old14,1.28669724771,True,False,True,False,False,False,False,False,False,False,False,False,False,False,-0.02370030581,0.04204892967,False,False,1.25,1.25,1.0,0.75,0.95,1.0,0.6,0.75,False,False,False,False,False,False,100.0,4.615120516841,0.0,12013.0,120.13,9.39382791541,0.0,1.0,0.0,0.0,0.0,0.0,9800.0,1532.0,681.0,4983.0,4817.0,0.156326530612,0.069489795918,15.32,98.0,0.508469387755,0.0,0.0,0.0,0.0,0.0,2.0,2.0,0.0,100.0,4.61512051684126,0.0,1.25,1.25,1.0,0.75,0.95,1.0,0.6,0.75,0.0,0.0,0.0,1.0,0.0,0.0,0.0,0.0,0.0,1.0,0.0,0.0,0.0,0.508469387755,0.195408163265,0.052117346939,0.0,repair5g59_high_beta_cap_safe,0.0,0.0,0.0,0.086842105263,-0.032894736842,0.059210526316,0.111842105263,0.001052631579,0.002631578947,0.201315789474,0.032894736842,-0.026315789474,0.029166666667,0.008333333333,0.0,0.029166666667,-0.0,0.004166666667,0.029166666667,0.0,0.0
maze-32-32-4|a100|s151|it0|14650fb0739d0383,maze-32-32-4,100,151,0,14650fb0739d0383,repair5g59_light_cong_light_flow,old14,flow_decay,old14,1.32212028542,True,False,False,False,False,False,False,False,False,False,False,False,False,False,0.0117227319,0.07747196738,True,False,1.0,1.0,0.75,0.75,0.98,1.0,0.25,0.5,False,False,False,False,False,False,100.0,4.615120516841,0.0,12013.0,120.13,9.39382791541,0.0,1.0,0.0,0.0,0.0,0.0,9800.0,1532.0,681.0,4983.0,4817.0,0.156326530612,0.069489795918,15.32,98.0,0.508469387755,0.0,0.0,0.0,0.0,0.0,2.0,2.0,0.0,100.0,4.61512051684126,0.0,1.0,1.0,0.75,0.75,0.98,1.0,0.25,0.5,0.0,0.0,0.0,1.0,0.0,0.0,0.0,1.0,0.0,0.0,0.0,0.0,0.0,0.381352040816,0.156326530612,0.052117346939,0.0,repair5g59_light_cong_light_flow,0.0,0.0,0.0,-0.163157894737,-0.282894736842,-0.190789473684,0.111842105263,0.031052631579,0.002631578947,-0.148684210526,-0.217105263158,-0.026315789474,-0.2,-0.2,-0.2,0.0,0.028,0.01,-0.05,-0.3,0.0
maze-32-32-4|a100|s151|it0|14650fb0739d0383,maze-32-32-4,100,151,0,14650fb0739d0383,repair5g59_low_beta_high_cap,old14,flow_decay,old14,1.36697247706,True,False,False,False,False,False,False,False,False,False,False,False,False,False,0.05657492354,0.12232415902,True,False,1.25,1.25,1.0,0.75,0.95,1.0,0.2,1.25,False,False,False,False,False,False,100.0,4.615120516841,0.0,12013.0,120.13,9.39382791541,0.0,1.0,0.0,0.0,0.0,0.0,9800.0,1532.0,681.0,4983.0,4817.0,0.156326530612,0.069489795918,15.32,98.0,0.508469387755,0.0,0.0,0.0,0.0,0.0,2.0,2.0,0.0,100.0,4.61512051684126,0.0,1.25,1.25,1.0,0.75,0.95,1.0,0.2,1.25,0.0,0.0,0.0,1.0,0.0,0.0,0.0,1.0,0.0,0.0,0.0,0.0,0.0,0.508469387755,0.195408163265,0.052117346939,0.0,repair5g59_low_beta_high_cap,0.0,0.0,0.0,0.086842105263,-0.032894736842,0.059210526316,0.111842105263,0.001052631579,0.002631578947,-0.198684210526,0.532894736842,-0.026315789474,0.05,0.05,0.05,0.0,-0.002,0.01,-0.1,0.45,0.0
maze-32-32-4|a100|s151|it0|14650fb0739d0383,maze-32-32-4,100,151,0,14650fb0739d0383,repair5g59_slow_decay_high_shield,old14,flow_decay,old14,1.32161060143,True,False,False,False,False,False,False,False,False,False,False,False,False,False,0.01121304791,0.07696228339,True,False,1.25,1.25,1.0,0.75,0.98,1.0,0.5,1.0,False,False,False,False,False,False,100.0,4.615120516841,0.0,12013.0,120.13,9.39382791541,0.0,1.0,0.0,0.0,0.0,0.0,9800.0,1532.0,681.0,4983.0,4817.0,0.156326530612,0.069489795918,15.32,98.0,0.508469387755,0.0,0.0,0.0,0.0,0.0,2.0,2.0,0.0,100.0,4.61512051684126,0.0,1.25,1.25,1.0,0.75,0.98,1.0,0.5,1.0,0.0,0.0,0.0,1.0,0.0,0.0,0.0,1.0,0.0,0.0,0.0,0.0,0.0,0.508469387755,0.195408163265,0.052117346939,0.0,repair5g59_slow_decay_high_shield,0.0,0.0,0.0,0.086842105263,-0.032894736842,0.059210526316,0.111842105263,0.031052631579,0.002631578947,0.101315789474,0.282894736842,-0.026315789474,0.05,0.05,0.05,0.0,0.028,0.01,0.2,0.2,0.0
maze-32-32-4|a100|s151|it0|14650fb0739d0383,maze-32-32-4,100,151,0,14650fb0739d0383,repair5g59_static_abstain_candidate,old14,static,old14,1.31039755352,True,False,False,False,False,False,False,False,False,False,False,False,False,False,0.0,0.06574923548,False,False,1.25,1.25,1.0,0.75,0.95,1.0,0.35,0.75,False,False,False,False,False,False,100.0,4.615120516841,0.0,12013.0,120.13,9.39382791541,0.0,1.0,0.0,0.0,0.0,0.0,9800.0,1532.0,681.0,4983.0,4817.0,0.156326530612,0.069489795918,15.32,98.0,0.508469387755,0.0,0.0,0.0,0.0,0.0,2.0,2.0,0.0,100.0,4.61512051684126,0.0,1.25,1.25,1.0,0.75,0.95,1.0,0.35,0.75,0.0,0.0,0.0,1.0,0.0,0.0,0.0,0.0,0.0,0.0,1.0,0.0,0.0,0.508469387755,0.195408163265,0.052117346939,0.0,repair5g59_static_abstain_candidate,0.0,0.0,0.0,0.086842105263,-0.032894736842,0.059210526316,0.111842105263,0.001052631579,0.002631578947,-0.048684210526,0.032894736842,-0.026315789474,0.0,0.0,0.0,0.0,0.0,0.0,0.0,0.0,0.0
maze-32-32-4|a100|s151|it0|14650fb0739d0383,maze-32-32-4,100,151,0,14650fb0739d0383,repair5g59_static_flow_shield,old14,static,old14,1.31039755352,True,False,False,False,False,False,False,False,False,False,False,False,False,False,0.0,0.06574923548,False,False,1.25,1.25,1.0,0.75,0.95,1.0,0.35,0.75,False,False,False,False,False,False,100.0,4.615120516841,0.0,12013.0,120.13,9.39382791541,0.0,1.0,0.0,0.0,0.0,0.0,9800.0,1532.0,681.0,4983.0,4817.0,0.156326530612,0.069489795918,15.32,98.0,0.508469387755,0.0,0.0,0.0,0.0,0.0,2.0,2.0,0.0,100.0,4.61512051684126,0.0,1.25,1.25,1.0,0.75,0.95,1.0,0.35,0.75,0.0,0.0,0.0,1.0,0.0,0.0,0.0,0.0,0.0,0.0,1.0,0.0,0.0,0.508469387755,0.195408163265,0.052117346939,0.0,repair5g59_static_abstain_candidate,0.0,0.0,0.0,0.086842105263,-0.032894736842,0.059210526316,0.111842105263,0.001052631579,0.002631578947,-0.048684210526,0.032894736842,-0.026315789474,0.0,0.0,0.0,0.0,0.0,0.0,0.0,0.0,0.0
maze-32-32-4|a100|s151|it0|14650fb0739d0383,maze-32-32-4,100,151,0,14650fb0739d0383,repair5g59_wait_aggressive,old14,flow_shield,old14,1.2624872579,True,False,True,False,False,False,False,False,False,False,False,False,False,False,-0.04791029562,0.01783893986,False,False,1.25,1.25,1.0,1.0,0.95,1.0,0.35,0.75,False,False,False,False,False,False,100.0,4.615120516841,0.0,12013.0,120.13,9.39382791541,0.0,1.0,0.0,0.0,0.0,0.0,9800.0,1532.0,681.0,4983.0,4817.0,0.156326530612,0.069489795918,15.32,98.0,0.508469387755,0.0,0.0,0.0,0.0,0.0,2.0,2.0,0.0,100.0,4.61512051684126,0.0,1.25,1.25,1.0,1.0,0.95,1.0,0.35,0.75,0.0,0.0,0.0,1.0,0.0,0.0,0.0,0.0,1.0,0.0,0.0,0.0,0.0,0.508469387755,0.195408163265,0.069489795918,0.0,repair5g59_wait_aggressive,0.0,0.0,0.0,0.086842105263,-0.032894736842,0.059210526316,0.361842105263,0.001052631579,0.002631578947,-0.048684210526,0.032894736842,-0.026315789474,0.0,0.0,0.0,0.0,0.0,0.0,0.0,0.0,0.0
maze-32-32-4|a100|s151|it0|14650fb0739d0383,maze-32-32-4,100,151,0,14650fb0739d0383,repair5g59_wait_conservative,old14,wait_conservative,old14,1.24464831804,True,False,True,False,False,False,False,False,False,False,False,False,False,False,-0.06574923548,0.0,False,False,1.25,1.25,1.0,0.5,0.95,1.0,0.35,0.75,False,False,False,False,False,False,100.0,4.615120516841,0.0,12013.0,120.13,9.39382791541,0.0,1.0,0.0,0.0,0.0,0.0,9800.0,1532.0,681.0,4983.0,4817.0,0.156326530612,0.069489795918,15.32,98.0,0.508469387755,0.0,0.0,0.0,0.0,0.0,2.0,2.0,0.0,100.0,4.61512051684126,0.0,1.25,1.25,1.0,0.5,0.95,1.0,0.35,0.75,0.0,0.0,0.0,1.0,0.0,0.0,0.0,0.0,0.0,0.0,0.0,0.0,1.0,0.508469387755,0.195408163265,0.034744897959,0.0,repair5g59_wait_conservative,0.0,0.0,0.0,0.086842105263,-0.032894736842,0.059210526316,-0.138157894737,0.001052631579,0.002631578947,-0.048684210526,0.032894736842,-0.026315789474,0.0,0.0,0.0,0.042857142857,0.007142857143,0.0,0.021428571429,0.0,0.0
maze-32-32-4|a100|s151|it0|14650fb0739d0383,maze-32-32-4,100,151,0,14650fb0739d0383,repair5g518_grid_c1p25_b1p25_f1p00_w0p50_dc0p95_df1p00_beta0p35_max0p75_c0,g518_retained,wait_conservative,g518_retained,1.24464831804,True,False,True,False,True,False,False,False,True,False,True,False,False,True,-0.06574923548,0.0,False,False,1.25,1.25,1.0,0.5,0.95,1.0,0.35,0.75,False,False,False,False,False,False,100.0,4.615120516841,0.0,12013.0,120.13,9.39382791541,0.0,1.0,0.0,0.0,0.0,0.0,9800.0,1532.0,681.0,4983.0,4817.0,0.156326530612,0.069489795918,15.32,98.0,0.508469387755,0.0,0.0,0.0,0.0,0.0,2.0,2.0,0.0,100.0,4.61512051684126,0.0,1.25,1.25,1.0,0.5,0.95,1.0,0.35,0.75,0.0,1.0,0.0,0.0,0.0,0.0,0.0,0.0,0.0,0.0,0.0,0.0,1.0,0.508469387755,0.195408163265,0.034744897959,0.0,repair5g59_wait_conservative,0.0,0.0,0.0,0.086842105263,-0.032894736842,0.059210526316,-0.138157894737,0.001052631579,0.002631578947,-0.048684210526,0.032894736842,-0.026315789474,0.0,0.0,0.0,0.042857142857,0.007142857143,0.0,0.021428571429,0.0,0.0
maze-32-32-4|a100|s151|it0|14650fb0739d0383,maze-32-32-4,100,151,0,14650fb0739d0383,repair5g518_grid_c1p20_b1p35_f1p00_w0p70_dc0p95_df1p00_beta0p60_max0p75_c0,g518_retained,high_beta,g518_retained,1.28185524975,True,False,True,False,False,False,False,False,True,False,False,False,False,True,-0.02854230377,0.03720693171,False,False,1.2,1.35,1.0,0.7,0.95,1.0,0.6,0.75,False,False,False,False,False,False,100.0,4.615120516841,0.0,12013.0,120.13,9.39382791541,0.0,1.0,0.0,0.0,0.0,0.0,9800.0,1532.0,681.0,4983.0,4817.0,0.156326530612,0.069489795918,15.32,98.0,0.508469387755,0.0,0.0,0.0,0.0,0.0,2.0,2.0,0.0,100.0,4.61512051684126,0.0,1.2,1.35,1.0,0.7,0.95,1.0,0.6,0.75,0.0,1.0,0.0,0.0,0.0,0.0,0.0,0.0,0.0,1.0,0.0,0.0,0.0,0.508469387755,0.211040816326,0.048642857143,0.0,repair5g59_high_beta_cap_safe,0.122474487139,0.122474487139,0.115535611769,0.036842105263,0.067105263158,0.059210526316,0.061842105263,0.001052631579,0.002631578947,0.201315789474,0.032894736842,-0.026315789474,-0.020833333333,0.108333333333,0.0,-0.020833333333,-0.0,0.004166666667,0.029166666667,0.0,0.0
maze-32-32-4|a100|s151|it0|14650fb0739d0383,maze-32-32-4,100,151,0,14650fb0739d0383,repair5g518_grid_c0p90_b1p50_f1p00_w0p45_dc0p95_df1p00_beta0p45_max0p75_c0,g518_retained,block_heavy,g518_retained,1.29281345566,True,False,True,False,False,False,False,False,True,False,False,False,False,True,-0.01758409786,0.04816513762,False,False,0.9,1.5,1.0,0.45,0.95,1.0,0.45,0.75,False,False,False,False,False,False,100.0,4.615120516841,0.0,12013.0,120.13,9.39382791541,0.0,1.0,0.0,0.0,0.0,0.0,9800.0,1532.0,681.0,4983.0,4817.0,0.156326530612,0.069489795918,15.32,98.0,0.508469387755,0.0,0.0,0.0,0.0,0.0,2.0,2.0,0.0,100.0,4.61512051684126,0.0,0.9,1.5,1.0,0.45,0.95,1.0,0.45,0.75,0.0,1.0,0.0,0.0,0.0,1.0,0.0,0.0,0.0,0.0,0.0,0.0,0.0,0.508469387755,0.234489795918,0.031270408163,0.0,repair5g59_block_heavy_flow_guard,0.15,0.15,0.139761942375,-0.263157894737,0.217105263158,0.059210526316,-0.188157894737,0.001052631579,0.002631578947,0.051315789474,0.032894736842,-0.026315789474,-0.0125,-0.0125,0.0,-0.00625,0.00625,0.0,0.0625,0.0,0.0
maze-32-32-4|a100|s151|it0|14650fb0739d0383,maze-32-32-4,100,151,0,14650fb0739d0383,repair5g518_grid_c1p25_b1p25_f1p00_w0p35_dc0p95_df1p00_beta0p30_max0p75_c0,g518_retained,wait_conservative,g518_retained,1.28567787971,True,False,True,False,False,False,False,False,True,False,False,False,False,True,-0.02471967381,0.04102956167,False,False,1.25,1.25,1.0,0.35,0.95,1.0,0.3,0.75,False,False,False,False,False,False,100.0,4.615120516841,0.0,12013.0,120.13,9.39382791541,0.0,1.0,0.0,0.0,0.0,0.0,9800.0,1532.0,681.0,4983.0,4817.0,0.156326530612,0.069489795918,15.32,98.0,0.508469387755,0.0,0.0,0.0,0.0,0.0,2.0,2.0,0.0,100.0,4.61512051684126,0.0,1.25,1.25,1.0,0.35,0.95,1.0,0.3,0.75,0.0,1.0,0.0,0.0,0.0,0.0,0.0,0.0,0.0,0.0,0.0,0.0,1.0,0.508469387755,0.195408163265,0.024321428571,0.0,repair5g59_wait_conservative,0.158113883008,0.158113883008,0.146792718882,0.086842105263,-0.032894736842,0.059210526316,-0.288157894737,0.001052631579,0.002631578947,-0.098684210526,0.032894736842,-0.026315789474,0.0,0.0,0.0,-0.107142857143,0.007142857143,0.0,-0.028571428571,0.0,0.0
maze-32-32-4|a100|s151|it0|14650fb0739d0383,maze-32-32-4,100,151,0,14650fb0739d0383,repair5g518_grid_c0p90_b1p40_f1p00_w0p45_dc0p95_df1p00_beta0p35_max0p75_c0,g518_retained,block_heavy,g518_retained,1.28440366972,True,False,True,False,False,False,False,False,True,False,False,False,False,True,-0.0259938838,0.03975535168,False,False,0.9,1.4,1.0,0.45,0.95,1.0,0.35,0.75,False,False,False,False,False,False,100.0,4.615120516841,0.0,12013.0,120.13,9.39382791541,0.0,1.0,0.0,0.0,0.0,0.0,9800.0,1532.0,681.0,4983.0,4817.0,0.156326530612,0.069489795918,15.32,98.0,0.508469387755,0.0,0.0,0.0,0.0,0.0,2.0,2.0,0.0,100.0,4.61512051684126,0.0,0.9,1.4,1.0,0.45,0.95,1.0,0.35,0.75,0.0,1.0,0.0,0.0,0.0,1.0,0.0,0.0,0.0,0.0,0.0,0.0,0.0,0.508469387755,0.218857142857,0.031270408163,0.0,repair5g59_block_heavy_flow_guard,0.15,0.15,0.139761942375,-0.263157894737,0.117105263158,0.059210526316,-0.188157894737,0.001052631579,0.002631578947,-0.048684210526,0.032894736842,-0.026315789474,-0.0125,-0.1125,0.0,-0.00625,0.00625,0.0,-0.0375,0.0,0.0
maze-32-32-4|a100|s151|it0|14650fb0739d0383,maze-32-32-4,100,151,0,14650fb0739d0383,repair5g518_grid_c1p20_b1p15_f1p00_w0p70_dc0p95_df1p00_beta0p60_max0p75_c0,g518_retained,high_beta,g518_retained,1.28644240571,True,False,True,False,False,False,False,False,True,False,False,False,False,True,-0.02395514781,0.04179408767,False,False,1.2,1.15,1.0,0.7,0.95,1.0,0.6,0.75,False,False,False,False,False,False,100.0,4.615120516841,0.0,12013.0,120.13,9.39382791541,0.0,1.0,0.0,0.0,0.0,0.0,9800.0,1532.0,681.0,4983.0,4817.0,0.156326530612,0.069489795918,15.32,98.0,0.508469387755,0.0,0.0,0.0,0.0,0.0,2.0,2.0,0.0,100.0,4.61512051684126,0.0,1.2,1.15,1.0,0.7,0.95,1.0,0.6,0.75,0.0,1.0,0.0,0.0,0.0,0.0,0.0,0.0,0.0,1.0,0.0,0.0,0.0,0.508469387755,0.179775510204,0.048642857143,0.0,repair5g59_high_beta_cap_safe,0.122474487139,0.122474487139,0.115535611769,0.036842105263,-0.132894736842,0.059210526316,0.061842105263,0.001052631579,0.002631578947,0.201315789474,0.032894736842,-0.026315789474,-0.020833333333,-0.091666666667,0.0,-0.020833333333,-0.0,0.004166666667,0.029166666667,0.0,0.0
maze-32-32-4|a100|s151|it0|14650fb0739d0383,maze-32-32-4,100,151,0,14650fb0739d0383,repair5g518_grid_c0p90_b1p65_f1p00_w0p45_dc0p95_df1p00_beta0p35_max0p75_c0,g518_retained,block_heavy,g518_retained,1.27268093782,True,False,True,False,False,False,False,False,True,False,False,False,False,True,-0.0377166157,0.02803261978,False,False,0.9,1.65,1.0,0.45,0.95,1.0,0.35,0.75,False,False,False,False,False,False,100.0,4.615120516841,0.0,12013.0,120.13,9.39382791541,0.0,1.0,0.0,0.0,0.0,0.0,9800.0,1532.0,681.0,4983.0,4817.0,0.156326530612,0.069489795918,15.32,98.0,0.508469387755,0.0,0.0,0.0,0.0,0.0,2.0,2.0,0.0,100.0,4.61512051684126,0.0,0.9,1.65,1.0,0.45,0.95,1.0,0.35,0.75,0.0,1.0,0.0,0.0,0.0,1.0,0.0,0.0,0.0,0.0,0.0,0.0,0.0,0.508469387755,0.25793877551,0.031270408163,0.0,repair5g59_block_heavy_flow_guard,0.187082869339,0.187082869339,0.171498927292,-0.263157894737,0.367105263158,0.059210526316,-0.188157894737,0.001052631579,0.002631578947,-0.048684210526,0.032894736842,-0.026315789474,-0.0125,0.1375,0.0,-0.00625,0.00625,0.0,-0.0375,0.0,0.0
maze-32-32-4|a100|s151|it0|14650fb0739d0383,maze-32-32-4,100,151,0,14650fb0739d0383,repair5g518_grid_c1p20_b1p15_f1p00_w0p70_dc0p95_df1p00_beta0p55_max0p75_c0,g518_retained,high_beta,g518_retained,1.29459734964,True,False,True,False,False,False,False,False,True,False,False,False,False,True,-0.01580020388,0.0499490316,False,False,1.2,1.15,1.0,0.7,0.95,1.0,0.55,0.75,False,False,False,False,False,False,100.0,4.615120516841,0.0,12013.0,120.13,9.39382791541,0.0,1.0,0.0,0.0,0.0,0.0,9800.0,1532.0,681.0,4983.0,4817.0,0.156326530612,0.069489795918,15.32,98.0,0.508469387755,0.0,0.0,0.0,0.0,0.0,2.0,2.0,0.0,100.0,4.61512051684126,0.0,1.2,1.15,1.0,0.7,0.95,1.0,0.55,0.75,0.0,1.0,0.0,0.0,0.0,0.0,0.0,0.0,0.0,1.0,0.0,0.0,0.0,0.508469387755,0.179775510204,0.048642857143,0.0,repair5g59_high_beta_cap_safe,0.132287565553,0.132287565553,0.124239980694,0.036842105263,-0.132894736842,0.059210526316,0.061842105263,0.001052631579,0.002631578947,0.151315789474,0.032894736842,-0.026315789474,-0.020833333333,-0.091666666667,0.0,-0.020833333333,-0.0,0.004166666667,-0.020833333333,0.0,0.0
maze-32-32-4|a100|s151|it0|14650fb0739d0383,maze-32-32-4,100,151,0,14650fb0739d0383,repair5g521_grid_c0p90_b1p50_f1p00_w0p45_dc0p95_df1p00_beta0p45_max0p75_c0,g521_second_wave,block_heavy,g521_second_wave,1.29281345566,True,False,True,False,False,False,False,False,True,False,False,False,False,True,-0.01758409786,0.04816513762,False,False,0.9,1.5,1.0,0.45,0.95,1.0,0.45,0.75,False,False,False,False,False,False,100.0,4.615120516841,0.0,12013.0,120.13,9.39382791541,0.0,1.0,0.0,0.0,0.0,0.0,9800.0,1532.0,681.0,4983.0,4817.0,0.156326530612,0.069489795918,15.32,98.0,0.508469387755,0.0,0.0,0.0,0.0,0.0,2.0,2.0,0.0,100.0,4.61512051684126,0.0,0.9,1.5,1.0,0.45,0.95,1.0,0.45,0.75,0.0,0.0,1.0,0.0,0.0,1.0,0.0,0.0,0.0,0.0,0.0,0.0,0.0,0.508469387755,0.234489795918,0.031270408163,0.0,repair5g59_block_heavy_flow_guard,0.15,0.15,0.139761942375,-0.263157894737,0.217105263158,0.059210526316,-0.188157894737,0.001052631579,0.002631578947,0.051315789474,0.032894736842,-0.026315789474,-0.0125,-0.0125,0.0,-0.00625,0.00625,0.0,0.0625,0.0,0.0
maze-32-32-4|a100|s151|it0|14650fb0739d0383,maze-32-32-4,100,151,0,14650fb0739d0383,repair5g521_grid_c0p90_b1p40_f1p00_w0p45_dc0p95_df1p00_beta0p35_max0p75_c0,g521_second_wave,block_heavy,g521_second_wave,1.28440366972,True,False,True,False,False,False,False,False,True,False,False,False,False,True,-0.0259938838,0.03975535168,False,False,0.9,1.4,1.0,0.45,0.95,1.0,0.35,0.75,False,False,False,False,False,False,100.0,4.615120516841,0.0,12013.0,120.13,9.39382791541,0.0,1.0,0.0,0.0,0.0,0.0,9800.0,1532.0,681.0,4983.0,4817.0,0.156326530612,0.069489795918,15.32,98.0,0.508469387755,0.0,0.0,0.0,0.0,0.0,2.0,2.0,0.0,100.0,4.61512051684126,0.0,0.9,1.4,1.0,0.45,0.95,1.0,0.35,0.75,0.0,0.0,1.0,0.0,0.0,1.0,0.0,0.0,0.0,0.0,0.0,0.0,0.0,0.508469387755,0.218857142857,0.031270408163,0.0,repair5g59_block_heavy_flow_guard,0.15,0.15,0.139761942375,-0.263157894737,0.117105263158,0.059210526316,-0.188157894737,0.001052631579,0.002631578947,-0.048684210526,0.032894736842,-0.026315789474,-0.0125,-0.1125,0.0,-0.00625,0.00625,0.0,-0.0375,0.0,0.0
maze-32-32-4|a100|s151|it0|14650fb0739d0383,maze-32-32-4,100,151,0,14650fb0739d0383,repair5g521_grid_c0p90_b1p65_f1p00_w0p45_dc0p95_df1p00_beta0p35_max0p75_c0,g521_second_wave,block_heavy,g521_second_wave,1.27268093782,True,False,True,False,False,False,False,False,True,False,False,False,False,True,-0.0377166157,0.02803261978,False,False,0.9,1.65,1.0,0.45,0.95,1.0,0.35,0.75,False,False,False,False,False,False,100.0,4.615120516841,0.0,12013.0,120.13,9.39382791541,0.0,1.0,0.0,0.0,0.0,0.0,9800.0,1532.0,681.0,4983.0,4817.0,0.156326530612,0.069489795918,15.32,98.0,0.508469387755,0.0,0.0,0.0,0.0,0.0,2.0,2.0,0.0,100.0,4.61512051684126,0.0,0.9,1.65,1.0,0.45,0.95,1.0,0.35,0.75,0.0,0.0,1.0,0.0,0.0,1.0,0.0,0.0,0.0,0.0,0.0,0.0,0.0,0.508469387755,0.25793877551,0.031270408163,0.0,repair5g59_block_heavy_flow_guard,0.187082869339,0.187082869339,0.171498927292,-0.263157894737,0.367105263158,0.059210526316,-0.188157894737,0.001052631579,0.002631578947,-0.048684210526,0.032894736842,-0.026315789474,-0.0125,0.1375,0.0,-0.00625,0.00625,0.0,-0.0375,0.0,0.0
maze-32-32-4|a100|s151|it0|14650fb0739d0383,maze-32-32-4,100,151,0,14650fb0739d0383,repair5g521_grid_c0p90_b1p50_f1p00_w0p45_dc0p90_df1p00_beta0p45_max0p75_c0,g521_second_wave,block_heavy,g521_second_wave,1.29281345566,True,False,True,False,False,False,False,False,True,False,False,False,False,True,-0.01758409786,0.04816513762,False,False,0.9,1.5,1.0,0.45,0.9,1.0,0.45,0.75,False,False,False,False,False,False,100.0,4.615120516841,0.0,12013.0,120.13,9.39382791541,0.0,1.0,0.0,0.0,0.0,0.0,9800.0,1532.0,681.0,4983.0,4817.0,0.156326530612,0.069489795918,15.32,98.0,0.508469387755,0.0,0.0,0.0,0.0,0.0,2.0,2.0,0.0,100.0,4.61512051684126,0.0,0.9,1.5,1.0,0.45,0.9,1.0,0.45,0.75,0.0,0.0,1.0,0.0,0.0,1.0,0.0,0.0,0.0,0.0,0.0,0.0,0.0,0.508469387755,0.234489795918,0.031270408163,0.0,repair5g59_block_heavy_flow_guard,0.158113883008,0.158113883008,0.146792718882,-0.263157894737,0.217105263158,0.059210526316,-0.188157894737,-0.048947368421,0.002631578947,0.051315789474,0.032894736842,-0.026315789474,-0.0125,-0.0125,0.0,-0.00625,-0.04375,0.0,0.0625,0.0,0.0
maze-32-32-4|a100|s151|it0|14650fb0739d0383,maze-32-32-4,100,151,0,14650fb0739d0383,repair5g521_grid_c1p20_b1p35_f1p00_w0p70_dc0p95_df1p00_beta0p60_max0p75_c0,g521_second_wave,high_beta,g521_second_wave,1.28185524975,True,False,True,False,False,False,False,False,True,False,False,False,False,True,-0.02854230377,0.03720693171,False,False,1.2,1.35,1.0,0.7,0.95,1.0,0.6,0.75,False,False,False,False,False,False,100.0,4.615120516841,0.0,12013.0,120.13,9.39382791541,0.0,1.0,0.0,0.0,0.0,0.0,9800.0,1532.0,681.0,4983.0,4817.0,0.156326530612,0.069489795918,15.32,98.0,0.508469387755,0.0,0.0,0.0,0.0,0.0,2.0,2.0,0.0,100.0,4.61512051684126,0.0,1.2,1.35,1.0,0.7,0.95,1.0,0.6,0.75,0.0,0.0,1.0,0.0,0.0,0.0,0.0,0.0,0.0,1.0,0.0,0.0,0.0,0.508469387755,0.211040816326,0.048642857143,0.0,repair5g59_high_beta_cap_safe,0.122474487139,0.122474487139,0.115535611769,0.036842105263,0.067105263158,0.059210526316,0.061842105263,0.001052631579,0.002631578947,0.201315789474,0.032894736842,-0.026315789474,-0.020833333333,0.108333333333,0.0,-0.020833333333,-0.0,0.004166666667,0.029166666667,0.0,0.0
maze-32-32-4|a100|s151|it0|14650fb0739d0383,maze-32-32-4,100,151,0,14650fb0739d0383,repair5g521_grid_c1p20_b1p15_f1p00_w0p70_dc0p95_df1p00_beta0p60_max0p75_c0,g521_second_wave,high_beta,g521_second_wave,1.28644240571,True,False,True,False,False,False,False,False,True,False,False,False,False,True,-0.02395514781,0.04179408767,False,False,1.2,1.15,1.0,0.7,0.95,1.0,0.6,0.75,False,False,False,False,False,False,100.0,4.615120516841,0.0,12013.0,120.13,9.39382791541,0.0,1.0,0.0,0.0,0.0,0.0,9800.0,1532.0,681.0,4983.0,4817.0,0.156326530612,0.069489795918,15.32,98.0,0.508469387755,0.0,0.0,0.0,0.0,0.0,2.0,2.0,0.0,100.0,4.61512051684126,0.0,1.2,1.15,1.0,0.7,0.95,1.0,0.6,0.75,0.0,0.0,1.0,0.0,0.0,0.0,0.0,0.0,0.0,1.0,0.0,0.0,0.0,0.508469387755,0.179775510204,0.048642857143,0.0,repair5g59_high_beta_cap_safe,0.122474487139,0.122474487139,0.115535611769,0.036842105263,-0.132894736842,0.059210526316,0.061842105263,0.001052631579,0.002631578947,0.201315789474,0.032894736842,-0.026315789474,-0.020833333333,-0.091666666667,0.0,-0.020833333333,-0.0,0.004166666667,0.029166666667,0.0,0.0
maze-32-32-4|a100|s151|it0|14650fb0739d0383,maze-32-32-4,100,151,0,14650fb0739d0383,repair5g521_grid_c1p20_b1p15_f1p00_w0p70_dc0p95_df1p00_beta0p55_max0p75_c0,g521_second_wave,high_beta,g521_second_wave,1.29459734964,True,False,True,False,False,False,False,False,True,False,False,False,False,True,-0.01580020388,0.0499490316,False,False,1.2,1.15,1.0,0.7,0.95,1.0,0.55,0.75,False,False,False,False,False,False,100.0,4.615120516841,0.0,12013.0,120.13,9.39382791541,0.0,1.0,0.0,0.0,0.0,0.0,9800.0,1532.0,681.0,4983.0,4817.0,0.156326530612,0.069489795918,15.32,98.0,0.508469387755,0.0,0.0,0.0,0.0,0.0,2.0,2.0,0.0,100.0,4.61512051684126,0.0,1.2,1.15,1.0,0.7,0.95,1.0,0.55,0.75,0.0,0.0,1.0,0.0,0.0,0.0,0.0,0.0,0.0,1.0,0.0,0.0,0.0,0.508469387755,0.179775510204,0.048642857143,0.0,repair5g59_high_beta_cap_safe,0.132287565553,0.132287565553,0.124239980694,0.036842105263,-0.132894736842,0.059210526316,0.061842105263,0.001052631579,0.002631578947,0.151315789474,0.032894736842,-0.026315789474,-0.020833333333,-0.091666666667,0.0,-0.020833333333,-0.0,0.004166666667,-0.020833333333,0.0,0.0
maze-32-32-4|a100|s151|it0|14650fb0739d0383,maze-32-32-4,100,151,0,14650fb0739d0383,repair5g521_grid_c1p20_b1p35_f1p00_w0p70_dc0p95_df1p00_beta0p55_max0p75_c0,g521_second_wave,high_beta,g521_second_wave,1.25917431193,True,False,True,False,False,False,False,False,True,False,False,False,False,True,-0.05122324159,0.01452599389,False,False,1.2,1.35,1.0,0.7,0.95,1.0,0.55,0.75,False,False,False,False,False,False,100.0,4.615120516841,0.0,12013.0,120.13,9.39382791541,0.0,1.0,0.0,0.0,0.0,0.0,9800.0,1532.0,681.0,4983.0,4817.0,0.156326530612,0.069489795918,15.32,98.0,0.508469387755,0.0,0.0,0.0,0.0,0.0,2.0,2.0,0.0,100.0,4.61512051684126,0.0,1.2,1.35,1.0,0.7,0.95,1.0,0.55,0.75,0.0,0.0,1.0,0.0,0.0,0.0,0.0,0.0,0.0,1.0,0.0,0.0,0.0,0.508469387755,0.211040816326,0.048642857143,0.0,repair5g59_high_beta_cap_safe,0.132287565553,0.132287565553,0.124239980694,0.036842105263,0.067105263158,0.059210526316,0.061842105263,0.001052631579,0.002631578947,0.151315789474,0.032894736842,-0.026315789474,-0.020833333333,0.108333333333,0.0,-0.020833333333,-0.0,0.004166666667,-0.020833333333,0.0,0.0
maze-32-32-4|a100|s151|it0|14650fb0739d0383,maze-32-32-4,100,151,0,14650fb0739d0383,repair5g521_grid_c1p25_b1p25_f1p00_w0p50_dc0p95_df1p00_beta0p35_max0p75_c0,g521_second_wave,wait_conservative,g521_second_wave,1.24464831804,True,False,True,False,False,False,False,False,True,False,False,False,False,True,-0.06574923548,0.0,False,False,1.25,1.25,1.0,0.5,0.95,1.0,0.35,0.75,False,False,False,False,False,False,100.0,4.615120516841,0.0,12013.0,120.13,9.39382791541,0.0,1.0,0.0,0.0,0.0,0.0,9800.0,1532.0,681.0,4983.0,4817.0,0.156326530612,0.069489795918,15.32,98.0,0.508469387755,0.0,0.0,0.0,0.0,0.0,2.0,2.0,0.0,100.0,4.61512051684126,0.0,1.25,1.25,1.0,0.5,0.95,1.0,0.35,0.75,0.0,0.0,1.0,0.0,0.0,0.0,0.0,0.0,0.0,0.0,0.0,0.0,1.0,0.508469387755,0.195408163265,0.034744897959,0.0,repair5g59_wait_conservative,0.0,0.0,0.0,0.086842105263,-0.032894736842,0.059210526316,-0.138157894737,0.001052631579,0.002631578947,-0.048684210526,0.032894736842,-0.026315789474,0.0,0.0,0.0,0.042857142857,0.007142857143,0.0,0.021428571429,0.0,0.0
maze-32-32-4|a100|s151|it0|14650fb0739d0383,maze-32-32-4,100,151,0,14650fb0739d0383,repair5g521_grid_c1p25_b1p25_f1p00_w0p35_dc0p95_df1p00_beta0p30_max0p75_c0,g521_second_wave,wait_conservative,g521_second_wave,1.28567787971,True,False,True,False,False,False,False,False,True,False,False,False,False,True,-0.02471967381,0.04102956167,False,False,1.25,1.25,1.0,0.35,0.95,1.0,0.3,0.75,False,False,False,False,False,False,100.0,4.615120516841,0.0,12013.0,120.13,9.39382791541,0.0,1.0,0.0,0.0,0.0,0.0,9800.0,1532.0,681.0,4983.0,4817.0,0.156326530612,0.069489795918,15.32,98.0,0.508469387755,0.0,0.0,0.0,0.0,0.0,2.0,2.0,0.0,100.0,4.61512051684126,0.0,1.25,1.25,1.0,0.35,0.95,1.0,0.3,0.75,0.0,0.0,1.0,0.0,0.0,0.0,0.0,0.0,0.0,0.0,0.0,0.0,1.0,0.508469387755,0.195408163265,0.024321428571,0.0,repair5g59_wait_conservative,0.158113883008,0.158113883008,0.146792718882,0.086842105263,-0.032894736842,0.059210526316,-0.288157894737,0.001052631579,0.002631578947,-0.098684210526,0.032894736842,-0.026315789474,0.0,0.0,0.0,-0.107142857143,0.007142857143,0.0,-0.028571428571,0.0,0.0
maze-32-32-4|a100|s151|it0|14650fb0739d0383,maze-32-32-4,100,151,0,14650fb0739d0383,repair5g521_grid_c1p25_b1p25_f1p00_w0p50_dc0p90_df1p00_beta0p35_max0p75_c0,g521_second_wave,wait_conservative,g521_second_wave,1.24464831804,True,False,True,False,False,False,False,False,True,False,False,False,False,True,-0.06574923548,0.0,False,False,1.25,1.25,1.0,0.5,0.9,1.0,0.35,0.75,False,False,False,False,False,False,100.0,4.615120516841,0.0,12013.0,120.13,9.39382791541,0.0,1.0,0.0,0.0,0.0,0.0,9800.0,1532.0,681.0,4983.0,4817.0,0.156326530612,0.069489795918,15.32,98.0,0.508469387755,0.0,0.0,0.0,0.0,0.0,2.0,2.0,0.0,100.0,4.61512051684126,0.0,1.25,1.25,1.0,0.5,0.9,1.0,0.35,0.75,0.0,0.0,1.0,0.0,0.0,0.0,0.0,0.0,0.0,0.0,0.0,0.0,1.0,0.508469387755,0.195408163265,0.034744897959,0.0,repair5g59_wait_conservative,0.05,0.05,0.048790164169,0.086842105263,-0.032894736842,0.059210526316,-0.138157894737,-0.048947368421,0.002631578947,-0.048684210526,0.032894736842,-0.026315789474,0.0,0.0,0.0,0.042857142857,-0.042857142857,0.0,0.021428571429,0.0,0.0
maze-32-32-4|a100|s151|it0|14650fb0739d0383,maze-32-32-4,100,151,0,14650fb0739d0383,repair5g521_grid_c1p25_b1p25_f1p00_w0p50_dc0p95_df1p00_beta0p30_max0p75_c0,g521_second_wave,wait_conservative,g521_second_wave,1.28924566769,True,False,True,False,False,False,False,False,True,False,False,False,False,True,-0.02115188583,0.04459734965,False,False,1.25,1.25,1.0,0.5,0.95,1.0,0.3,0.75,False,False,False,False,False,False,100.0,4.615120516841,0.0,12013.0,120.13,9.39382791541,0.0,1.0,0.0,0.0,0.0,0.0,9800.0,1532.0,681.0,4983.0,4817.0,0.156326530612,0.069489795918,15.32,98.0,0.508469387755,0.0,0.0,0.0,0.0,0.0,2.0,2.0,0.0,100.0,4.61512051684126,0.0,1.25,1.25,1.0,0.5,0.95,1.0,0.3,0.75,0.0,0.0,1.0,0.0,0.0,0.0,0.0,0.0,0.0,0.0,0.0,0.0,1.0,0.508469387755,0.195408163265,0.034744897959,0.0,repair5g59_wait_conservative,0.05,0.05,0.048790164169,0.086842105263,-0.032894736842,0.059210526316,-0.138157894737,0.001052631579,0.002631578947,-0.098684210526,0.032894736842,-0.026315789474,0.0,0.0,0.0,0.042857142857,0.007142857143,0.0,-0.028571428571,0.0,0.0
maze-32-32-4|a100|s151|it0|14650fb0739d0383,maze-32-32-4,100,151,0,14650fb0739d0383,repair5g521_grid_c1p25_b1p25_f1p00_w0p75_dc0p95_df1p00_beta0p55_max0p75_c0,g521_second_wave,high_beta,g521_second_wave,1.27650356779,True,False,True,False,False,False,False,False,True,False,False,False,False,True,-0.03389398573,0.03185524975,False,False,1.25,1.25,1.0,0.75,0.95,1.0,0.55,0.75,False,False,False,False,False,False,100.0,4.615120516841,0.0,12013.0,120.13,9.39382791541,0.0,1.0,0.0,0.0,0.0,0.0,9800.0,1532.0,681.0,4983.0,4817.0,0.156326530612,0.069489795918,15.32,98.0,0.508469387755,0.0,0.0,0.0,0.0,0.0,2.0,2.0,0.0,100.0,4.61512051684126,0.0,1.25,1.25,1.0,0.75,0.95,1.0,0.55,0.75,0.0,0.0,1.0,0.0,0.0,0.0,0.0,0.0,0.0,1.0,0.0,0.0,0.0,0.508469387755,0.195408163265,0.052117346939,0.0,repair5g59_high_beta_cap_safe,0.05,0.05,0.048790164169,0.086842105263,-0.032894736842,0.059210526316,0.111842105263,0.001052631579,0.002631578947,0.151315789474,0.032894736842,-0.026315789474,0.029166666667,0.008333333333,0.0,0.029166666667,-0.0,0.004166666667,-0.020833333333,0.0,0.0
maze-32-32-4|a100|s151|it0|14650fb0739d0383,maze-32-32-4,100,151,0,14650fb0739d0383,repair5g521_grid_c1p25_b1p25_f1p00_w0p75_dc0p90_df1p00_beta0p55_max0p75_c0,g521_second_wave,high_beta,g521_second_wave,1.27650356779,True,False,True,False,False,False,False,False,True,False,False,False,False,True,-0.03389398573,0.03185524975,False,False,1.25,1.25,1.0,0.75,0.9,1.0,0.55,0.75,False,False,False,False,False,False,100.0,4.615120516841,0.0,12013.0,120.13,9.39382791541,0.0,1.0,0.0,0.0,0.0,0.0,9800.0,1532.0,681.0,4983.0,4817.0,0.156326530612,0.069489795918,15.32,98.0,0.508469387755,0.0,0.0,0.0,0.0,0.0,2.0,2.0,0.0,100.0,4.61512051684126,0.0,1.25,1.25,1.0,0.75,0.9,1.0,0.55,0.75,0.0,0.0,1.0,0.0,0.0,0.0,0.0,0.0,0.0,1.0,0.0,0.0,0.0,0.508469387755,0.195408163265,0.052117346939,0.0,repair5g59_high_beta_cap_safe,0.070710678119,0.070710678119,0.068322613158,0.086842105263,-0.032894736842,0.059210526316,0.111842105263,-0.048947368421,0.002631578947,0.151315789474,0.032894736842,-0.026315789474,0.029166666667,0.008333333333,0.0,0.029166666667,-0.05,0.004166666667,-0.020833333333,0.0,0.0
maze-32-32-4|a100|s151|it0|14650fb0739d0383,maze-32-32-4,100,151,0,14650fb0739d0383,repair5g521_grid_c1p25_b1p25_f1p00_w0p75_dc0p95_df0p95_beta0p55_max0p75_c0,g521_second_wave,high_beta,g521_second_wave,1.27650356779,True,False,True,False,False,False,False,False,True,False,False,False,False,True,-0.03389398573,0.03185524975,False,False,1.25,1.25,1.0,0.75,0.95,0.95,0.55,0.75,False,False,False,False,False,False,100.0,4.615120516841,0.0,12013.0,120.13,9.39382791541,0.0,1.0,0.0,0.0,0.0,0.0,9800.0,1532.0,681.0,4983.0,4817.0,0.156326530612,0.069489795918,15.32,98.0,0.508469387755,0.0,0.0,0.0,0.0,0.0,2.0,2.0,0.0,100.0,4.61512051684126,0.0,1.25,1.25,1.0,0.75,0.95,0.95,0.55,0.75,0.0,0.0,1.0,0.0,0.0,0.0,0.0,0.0,0.0,1.0,0.0,0.0,0.0,0.508469387755,0.195408163265,0.052117346939,0.0,repair5g59_high_beta_cap_safe,0.070710678119,0.070710678119,0.068322613158,0.086842105263,-0.032894736842,0.059210526316,0.111842105263,0.001052631579,-0.047368421053,0.151315789474,0.032894736842,-0.026315789474,0.029166666667,0.008333333333,0.0,0.029166666667,-0.0,-0.045833333333,-0.020833333333,0.0,0.0
maze-32-32-4|a100|s151|it0|14650fb0739d0383,maze-32-32-4,100,151,0,14650fb0739d0383,repair5g521_grid_c1p25_b1p25_f1p00_w0p75_dc1p00_df1p00_beta0p55_max0p75_c0,g521_second_wave,high_beta,g521_second_wave,1.27650356779,True,False,True,False,False,False,False,False,True,False,False,False,False,True,-0.03389398573,0.03185524975,False,False,1.25,1.25,1.0,0.75,1.0,1.0,0.55,0.75,False,False,False,False,False,False,100.0,4.615120516841,0.0,12013.0,120.13,9.39382791541,0.0,1.0,0.0,0.0,0.0,0.0,9800.0,1532.0,681.0,4983.0,4817.0,0.156326530612,0.069489795918,15.32,98.0,0.508469387755,0.0,0.0,0.0,0.0,0.0,2.0,2.0,0.0,100.0,4.61512051684126,0.0,1.25,1.25,1.0,0.75,1.0,1.0,0.55,0.75,0.0,0.0,1.0,0.0,0.0,0.0,0.0,0.0,0.0,1.0,0.0,0.0,0.0,0.508469387755,0.195408163265,0.052117346939,0.0,repair5g59_high_beta_cap_safe,0.070710678119,0.070710678119,0.068322613158,0.086842105263,-0.032894736842,0.059210526316,0.111842105263,0.051052631579,0.002631578947,0.151315789474,0.032894736842,-0.026315789474,0.029166666667,0.008333333333,0.0,0.029166666667,0.05,0.004166666667,-0.020833333333,0.0,0.0
maze-32-32-4|a100|s153|it0|14650fb0739d0383,maze-32-32-4,100,153,0,14650fb0739d0383,repair5g59_additive_fallback,old14,additive,old14,1.58142255498,True,False,False,False,False,False,False,False,False,False,False,False,False,False,0.02760879738,0.15839962564,True,False,,,,,,,,,,False,False,False,False,False,100.0,4.615120516841,0.0,20116.0,201.16,9.909320507729,0.0,1.0,0.0,0.0,0.0,0.0,15900.0,2863.0,1353.0,6311.0,9589.0,0.180062893082,0.085094339623,28.63,159.0,0.396918238994,0.0,0.0,0.0,0.0,0.0,2.0,2.0,0.0,100.0,4.61512051684126,0.0,1.0,1.0,0.0,1.0,1.0,1.0,0.0,0.0,0.0,0.0,0.0,1.0,1.0,0.0,0.0,0.0,0.0,0.0,0.0,0.0,0.0,0.0,0.180062893082,0.085094339623,0.0,,,,0.0,-0.163157894737,-0.282894736842,-0.940789473684,0.361842105263,0.051052631579,0.002631578947,-0.398684210526,-0.717105263158,-0.026315789474,0.0,0.0,0.0,0.0,0.0,0.0,0.0,0.0,0.0
maze-32-32-4|a100|s153|it0|14650fb0739d0383,maze-32-32-4,100,153,0,14650fb0739d0383,repair5g59_block_heavy_flow_guard,old14,block_heavy,old14,1.44057089378,True,False,True,False,False,False,False,False,False,False,False,False,False,False,-0.11324286382,0.01754796444,False,False,1.0,1.5,1.0,0.5,0.95,1.0,0.35,0.75,False,False,False,False,False,False,100.0,4.615120516841,0.0,20116.0,201.16,9.909320507729,0.0,1.0,0.0,0.0,0.0,0.0,15900.0,2863.0,1353.0,6311.0,9589.0,0.180062893082,0.085094339623,28.63,159.0,0.396918238994,0.0,0.0,0.0,0.0,0.0,2.0,2.0,0.0,100.0,4.61512051684126,0.0,1.0,1.5,1.0,0.5,0.95,1.0,0.35,0.75,0.0,0.0,0.0,1.0,0.0,1.0,0.0,0.0,0.0,0.0,0.0,0.0,0.0,0.396918238994,0.270094339623,0.042547169812,0.0,repair5g59_block_heavy_flow_guard,0.0,0.0,0.0,-0.163157894737,0.217105263158,0.059210526316,-0.138157894737,0.001052631579,0.002631578947,-0.048684210526,0.032894736842,-0.026315789474,0.0875,-0.0125,0.0,0.04375,0.00625,0.0,-0.0375,0.0,0.0
maze-32-32-4|a100|s153|it0|14650fb0739d0383,maze-32-32-4,100,153,0,14650fb0739d0383,repair5g59_c_only_f_disabled,old14,static_boundary_c_only,old14,1.58001871783,True,False,False,False,False,False,False,False,False,False,False,False,False,False,0.02620496023,0.15699578849,True,False,1.25,1.25,0.0,0.75,0.95,1.0,0.0,0.0,True,False,False,False,False,False,100.0,4.615120516841,0.0,20116.0,201.16,9.909320507729,0.0,1.0,0.0,0.0,0.0,0.0,15900.0,2863.0,1353.0,6311.0,9589.0,0.180062893082,0.085094339623,28.63,159.0,0.396918238994,0.0,0.0,0.0,0.0,0.0,2.0,2.0,0.0,100.0,4.61512051684126,0.0,1.25,1.25,0.0,0.75,0.95,1.0,0.0,0.0,1.0,0.0,0.0,1.0,0.0,0.0,0.0,0.0,0.0,0.0,0.0,1.0,0.0,0.0,0.225078616352,0.063820754717,0.0,repair5g59_c_only_f_disabled,0.0,0.0,0.0,0.086842105263,-0.032894736842,-0.940789473684,0.111842105263,0.001052631579,0.002631578947,-0.398684210526,-0.717105263158,0.973684210526,0.0,0.0,0.0,0.0,0.0,0.0,0.0,0.0,0.0
maze-32-32-4|a100|s153|it0|14650fb0739d0383,maze-32-32-4,100,153,0,14650fb0739d0383,repair5g59_commit_heavy_flow_guard,old14,commit_heavy,old14,1.45273748245,True,False,True,False,False,False,False,False,False,False,False,False,False,False,-0.10107627515,0.02971455311,False,False,1.5,1.0,1.0,0.75,0.95,1.0,0.35,0.75,False,False,False,False,False,False,100.0,4.615120516841,0.0,20116.0,201.16,9.909320507729,0.0,1.0,0.0,0.0,0.0,0.0,15900.0,2863.0,1353.0,6311.0,9589.0,0.180062893082,0.085094339623,28.63,159.0,0.396918238994,0.0,0.0,0.0,0.0,0.0,2.0,2.0,0.0,100.0,4.61512051684126,0.0,1.5,1.0,1.0,0.75,0.95,1.0,0.35,0.75,0.0,0.0,0.0,1.0,0.0,0.0,1.0,0.0,0.0,0.0,0.0,0.0,0.0,0.396918238994,0.180062893082,0.063820754717,0.0,repair5g59_commit_heavy_flow_guard,0.0,0.0,0.0,0.336842105263,-0.282894736842,0.059210526316,0.111842105263,0.001052631579,0.002631578947,-0.048684210526,0.032894736842,-0.026315789474,0.0,0.0,0.0,0.0,0.0,0.0,0.0,0.0,0.0
maze-32-32-4|a100|s153|it0|14650fb0739d0383,maze-32-32-4,100,153,0,14650fb0739d0383,repair5g59_fast_decay_low_shield,old14,flow_decay,old14,1.49415067852,True,False,True,False,False,False,False,False,False,False,False,False,False,False,-0.05966307908,0.07112774918,False,False,1.25,1.25,1.0,0.75,0.9,1.0,0.2,0.5,False,False,False,False,False,False,100.0,4.615120516841,0.0,20116.0,201.16,9.909320507729,0.0,1.0,0.0,0.0,0.0,0.0,15900.0,2863.0,1353.0,6311.0,9589.0,0.180062893082,0.085094339623,28.63,159.0,0.396918238994,0.0,0.0,0.0,0.0,0.0,2.0,2.0,0.0,100.0,4.61512051684126,0.0,1.25,1.25,1.0,0.75,0.9,1.0,0.2,0.5,0.0,0.0,0.0,1.0,0.0,0.0,0.0,1.0,0.0,0.0,0.0,0.0,0.0,0.396918238994,0.225078616352,0.063820754717,0.0,repair5g59_fast_decay_low_shield,0.0,0.0,0.0,0.086842105263,-0.032894736842,0.059210526316,0.111842105263,-0.048947368421,0.002631578947,-0.198684210526,-0.217105263158,-0.026315789474,0.05,0.05,0.05,0.0,-0.052,0.01,-0.1,-0.3,0.0
maze-32-32-4|a100|s153|it0|14650fb0739d0383,maze-32-32-4,100,153,0,14650fb0739d0383,repair5g59_flow_decay,old14,flow_decay,old14,1.5538137576,True,False,False,False,False,False,False,False,False,False,False,False,False,False,0.0,0.13079082826,False,False,1.25,1.25,1.0,0.75,0.95,0.95,0.35,0.75,False,False,False,False,False,False,100.0,4.615120516841,0.0,20116.0,201.16,9.909320507729,0.0,1.0,0.0,0.0,0.0,0.0,15900.0,2863.0,1353.0,6311.0,9589.0,0.180062893082,0.085094339623,28.63,159.0,0.396918238994,0.0,0.0,0.0,0.0,0.0,2.0,2.0,0.0,100.0,4.61512051684126,0.0,1.25,1.25,1.0,0.75,0.95,0.95,0.35,0.75,0.0,0.0,0.0,1.0,0.0,0.0,0.0,1.0,0.0,0.0,0.0,0.0,0.0,0.396918238994,0.225078616352,0.063820754717,0.0,repair5g59_flow_decay,0.0,0.0,0.0,0.086842105263,-0.032894736842,0.059210526316,0.111842105263,0.001052631579,-0.047368421053,-0.048684210526,0.032894736842,-0.026315789474,0.05,0.05,0.05,0.0,-0.002,-0.04,0.05,-0.05,0.0
maze-32-32-4|a100|s153|it0|14650fb0739d0383,maze-32-32-4,100,153,0,14650fb0739d0383,repair5g59_high_beta_cap_safe,old14,high_beta,old14,1.50889096865,True,False,True,False,False,False,False,False,False,False,False,False,False,False,-0.04492278895,0.08586803931,False,False,1.25,1.25,1.0,0.75,0.95,1.0,0.6,0.75,False,False,False,False,False,False,100.0,4.615120516841,0.0,20116.0,201.16,9.909320507729,0.0,1.0,0.0,0.0,0.0,0.0,15900.0,2863.0,1353.0,6311.0,9589.0,0.180062893082,0.085094339623,28.63,159.0,0.396918238994,0.0,0.0,0.0,0.0,0.0,2.0,2.0,0.0,100.0,4.61512051684126,0.0,1.25,1.25,1.0,0.75,0.95,1.0,0.6,0.75,0.0,0.0,0.0,1.0,0.0,0.0,0.0,0.0,0.0,1.0,0.0,0.0,0.0,0.396918238994,0.225078616352,0.063820754717,0.0,repair5g59_high_beta_cap_safe,0.0,0.0,0.0,0.086842105263,-0.032894736842,0.059210526316,0.111842105263,0.001052631579,0.002631578947,0.201315789474,0.032894736842,-0.026315789474,0.029166666667,0.008333333333,0.0,0.029166666667,-0.0,0.004166666667,0.029166666667,0.0,0.0
maze-32-32-4|a100|s153|it0|14650fb0739d0383,maze-32-32-4,100,153,0,14650fb0739d0383,repair5g59_light_cong_light_flow,old14,flow_decay,old14,1.45952269537,True,False,True,False,False,False,False,False,False,False,False,False,False,False,-0.09429106223,0.03649976603,False,False,1.0,1.0,0.75,0.75,0.98,1.0,0.25,0.5,False,False,False,False,False,False,100.0,4.615120516841,0.0,20116.0,201.16,9.909320507729,0.0,1.0,0.0,0.0,0.0,0.0,15900.0,2863.0,1353.0,6311.0,9589.0,0.180062893082,0.085094339623,28.63,159.0,0.396918238994,0.0,0.0,0.0,0.0,0.0,2.0,2.0,0.0,100.0,4.61512051684126,0.0,1.0,1.0,0.75,0.75,0.98,1.0,0.25,0.5,0.0,0.0,0.0,1.0,0.0,0.0,0.0,1.0,0.0,0.0,0.0,0.0,0.0,0.297688679246,0.180062893082,0.063820754717,0.0,repair5g59_light_cong_light_flow,0.0,0.0,0.0,-0.163157894737,-0.282894736842,-0.190789473684,0.111842105263,0.031052631579,0.002631578947,-0.148684210526,-0.217105263158,-0.026315789474,-0.2,-0.2,-0.2,0.0,0.028,0.01,-0.05,-0.3,0.0
maze-32-32-4|a100|s153|it0|14650fb0739d0383,maze-32-32-4,100,153,0,14650fb0739d0383,repair5g59_low_beta_high_cap,old14,flow_decay,old14,1.66190921853,True,False,False,False,False,False,False,False,False,False,False,False,False,False,0.10809546093,0.23888628919,True,False,1.25,1.25,1.0,0.75,0.95,1.0,0.2,1.25,False,False,False,False,False,False,100.0,4.615120516841,0.0,20116.0,201.16,9.909320507729,0.0,1.0,0.0,0.0,0.0,0.0,15900.0,2863.0,1353.0,6311.0,9589.0,0.180062893082,0.085094339623,28.63,159.0,0.396918238994,0.0,0.0,0.0,0.0,0.0,2.0,2.0,0.0,100.0,4.61512051684126,0.0,1.25,1.25,1.0,0.75,0.95,1.0,0.2,1.25,0.0,0.0,0.0,1.0,0.0,0.0,0.0,1.0,0.0,0.0,0.0,0.0,0.0,0.396918238994,0.225078616352,0.063820754717,0.0,repair5g59_low_beta_high_cap,0.0,0.0,0.0,0.086842105263,-0.032894736842,0.059210526316,0.111842105263,0.001052631579,0.002631578947,-0.198684210526,0.532894736842,-0.026315789474,0.05,0.05,0.05,0.0,-0.002,0.01,-0.1,0.45,0.0
maze-32-32-4|a100|s153|it0|14650fb0739d0383,maze-32-32-4,100,153,0,14650fb0739d0383,repair5g59_slow_decay_high_shield,old14,flow_decay,old14,1.60411792232,True,False,False,False,False,False,False,False,False,False,False,False,False,False,0.05030416472,0.18109499298,True,False,1.25,1.25,1.0,0.75,0.98,1.0,0.5,1.0,False,False,False,False,False,False,100.0,4.615120516841,0.0,20116.0,201.16,9.909320507729,0.0,1.0,0.0,0.0,0.0,0.0,15900.0,2863.0,1353.0,6311.0,9589.0,0.180062893082,0.085094339623,28.63,159.0,0.396918238994,0.0,0.0,0.0,0.0,0.0,2.0,2.0,0.0,100.0,4.61512051684126,0.0,1.25,1.25,1.0,0.75,0.98,1.0,0.5,1.0,0.0,0.0,0.0,1.0,0.0,0.0,0.0,1.0,0.0,0.0,0.0,0.0,0.0,0.396918238994,0.225078616352,0.063820754717,0.0,repair5g59_slow_decay_high_shield,0.0,0.0,0.0,0.086842105263,-0.032894736842,0.059210526316,0.111842105263,0.031052631579,0.002631578947,0.101315789474,0.282894736842,-0.026315789474,0.05,0.05,0.05,0.0,0.028,0.01,0.2,0.2,0.0
maze-32-32-4|a100|s153|it0|14650fb0739d0383,maze-32-32-4,100,153,0,14650fb0739d0383,repair5g59_static_abstain_candidate,old14,static,old14,1.5538137576,True,False,False,False,False,False,False,False,False,False,False,False,False,False,0.0,0.13079082826,False,False,1.25,1.25,1.0,0.75,0.95,1.0,0.35,0.75,False,False,False,False,False,False,100.0,4.615120516841,0.0,20116.0,201.16,9.909320507729,0.0,1.0,0.0,0.0,0.0,0.0,15900.0,2863.0,1353.0,6311.0,9589.0,0.180062893082,0.085094339623,28.63,159.0,0.396918238994,0.0,0.0,0.0,0.0,0.0,2.0,2.0,0.0,100.0,4.61512051684126,0.0,1.25,1.25,1.0,0.75,0.95,1.0,0.35,0.75,0.0,0.0,0.0,1.0,0.0,0.0,0.0,0.0,0.0,0.0,1.0,0.0,0.0,0.396918238994,0.225078616352,0.063820754717,0.0,repair5g59_static_abstain_candidate,0.0,0.0,0.0,0.086842105263,-0.032894736842,0.059210526316,0.111842105263,0.001052631579,0.002631578947,-0.048684210526,0.032894736842,-0.026315789474,0.0,0.0,0.0,0.0,0.0,0.0,0.0,0.0,0.0
maze-32-32-4|a100|s153|it0|14650fb0739d0383,maze-32-32-4,100,153,0,14650fb0739d0383,repair5g59_static_flow_shield,old14,static,old14,1.5538137576,True,False,False,False,False,False,False,False,False,False,False,False,False,False,0.0,0.13079082826,False,False,1.25,1.25,1.0,0.75,0.95,1.0,0.35,0.75,False,False,False,False,False,False,100.0,4.615120516841,0.0,20116.0,201.16,9.909320507729,0.0,1.0,0.0,0.0,0.0,0.0,15900.0,2863.0,1353.0,6311.0,9589.0,0.180062893082,0.085094339623,28.63,159.0,0.396918238994,0.0,0.0,0.0,0.0,0.0,2.0,2.0,0.0,100.0,4.61512051684126,0.0,1.25,1.25,1.0,0.75,0.95,1.0,0.35,0.75,0.0,0.0,0.0,1.0,0.0,0.0,0.0,0.0,0.0,0.0,1.0,0.0,0.0,0.396918238994,0.225078616352,0.063820754717,0.0,repair5g59_static_abstain_candidate,0.0,0.0,0.0,0.086842105263,-0.032894736842,0.059210526316,0.111842105263,0.001052631579,0.002631578947,-0.048684210526,0.032894736842,-0.026315789474,0.0,0.0,0.0,0.0,0.0,0.0,0.0,0.0,0.0
maze-32-32-4|a100|s153|it0|14650fb0739d0383,maze-32-32-4,100,153,0,14650fb0739d0383,repair5g59_wait_aggressive,old14,flow_shield,old14,1.42302292934,True,False,True,False,False,False,False,False,False,False,False,False,False,False,-0.13079082826,0.0,False,False,1.25,1.25,1.0,1.0,0.95,1.0,0.35,0.75,False,False,False,False,False,False,100.0,4.615120516841,0.0,20116.0,201.16,9.909320507729,0.0,1.0,0.0,0.0,0.0,0.0,15900.0,2863.0,1353.0,6311.0,9589.0,0.180062893082,0.085094339623,28.63,159.0,0.396918238994,0.0,0.0,0.0,0.0,0.0,2.0,2.0,0.0,100.0,4.61512051684126,0.0,1.25,1.25,1.0,1.0,0.95,1.0,0.35,0.75,0.0,0.0,0.0,1.0,0.0,0.0,0.0,0.0,1.0,0.0,0.0,0.0,0.0,0.396918238994,0.225078616352,0.085094339623,0.0,repair5g59_wait_aggressive,0.0,0.0,0.0,0.086842105263,-0.032894736842,0.059210526316,0.361842105263,0.001052631579,0.002631578947,-0.048684210526,0.032894736842,-0.026315789474,0.0,0.0,0.0,0.0,0.0,0.0,0.0,0.0,0.0
maze-32-32-4|a100|s153|it0|14650fb0739d0383,maze-32-32-4,100,153,0,14650fb0739d0383,repair5g59_wait_conservative,old14,wait_conservative,old14,1.44759007955,True,False,True,False,False,False,False,False,False,False,False,False,False,False,-0.10622367805,0.02456715021,False,False,1.25,1.25,1.0,0.5,0.95,1.0,0.35,0.75,False,False,False,False,False,False,100.0,4.615120516841,0.0,20116.0,201.16,9.909320507729,0.0,1.0,0.0,0.0,0.0,0.0,15900.0,2863.0,1353.0,6311.0,9589.0,0.180062893082,0.085094339623,28.63,159.0,0.396918238994,0.0,0.0,0.0,0.0,0.0,2.0,2.0,0.0,100.0,4.61512051684126,0.0,1.25,1.25,1.0,0.5,0.95,1.0,0.35,0.75,0.0,0.0,0.0,1.0,0.0,0.0,0.0,0.0,0.0,0.0,0.0,0.0,1.0,0.396918238994,0.225078616352,0.042547169812,0.0,repair5g59_wait_conservative,0.0,0.0,0.0,0.086842105263,-0.032894736842,0.059210526316,-0.138157894737,0.001052631579,0.002631578947,-0.048684210526,0.032894736842,-0.026315789474,0.0,0.0,0.0,0.042857142857,0.007142857143,0.0,0.021428571429,0.0,0.0
maze-32-32-4|a100|s153|it0|14650fb0739d0383,maze-32-32-4,100,153,0,14650fb0739d0383,repair5g518_grid_c1p25_b1p25_f1p00_w0p50_dc0p95_df1p00_beta0p35_max0p75_c0,g518_retained,wait_conservative,g518_retained,1.44759007955,False,True,True,False,False,True,False,False,True,False,False,False,True,True,-0.10622367805,0.02456715021,False,True,1.25,1.25,1.0,0.5,0.95,1.0,0.35,0.75,False,False,False,False,False,False,100.0,4.615120516841,0.0,20116.0,201.16,9.909320507729,0.0,1.0,0.0,0.0,0.0,0.0,15900.0,2863.0,1353.0,6311.0,9589.0,0.180062893082,0.085094339623,28.63,159.0,0.396918238994,0.0,0.0,0.0,0.0,0.0,2.0,2.0,0.0,100.0,4.61512051684126,0.0,1.25,1.25,1.0,0.5,0.95,1.0,0.35,0.75,0.0,1.0,0.0,0.0,0.0,0.0,0.0,0.0,0.0,0.0,0.0,0.0,1.0,0.396918238994,0.225078616352,0.042547169812,0.0,repair5g59_wait_conservative,0.0,0.0,0.0,0.086842105263,-0.032894736842,0.059210526316,-0.138157894737,0.001052631579,0.002631578947,-0.048684210526,0.032894736842,-0.026315789474,0.0,0.0,0.0,0.042857142857,0.007142857143,0.0,0.021428571429,0.0,0.0
maze-32-32-4|a100|s153|it0|14650fb0739d0383,maze-32-32-4,100,153,0,14650fb0739d0383,repair5g518_grid_c1p20_b1p35_f1p00_w0p70_dc0p95_df1p00_beta0p60_max0p75_c0,g518_retained,high_beta,g518_retained,1.56036499766,False,True,False,False,False,True,False,False,False,False,False,False,True,False,0.00655124006,0.13734206832,True,True,1.2,1.35,1.0,0.7,0.95,1.0,0.6,0.75,False,False,False,False,False,False,100.0,4.615120516841,0.0,20116.0,201.16,9.909320507729,0.0,1.0,0.0,0.0,0.0,0.0,15900.0,2863.0,1353.0,6311.0,9589.0,0.180062893082,0.085094339623,28.63,159.0,0.396918238994,0.0,0.0,0.0,0.0,0.0,2.0,2.0,0.0,100.0,4.61512051684126,0.0,1.2,1.35,1.0,0.7,0.95,1.0,0.6,0.75,0.0,1.0,0.0,0.0,0.0,0.0,0.0,0.0,0.0,1.0,0.0,0.0,0.0,0.396918238994,0.243084905661,0.059566037736,0.0,repair5g59_high_beta_cap_safe,0.122474487139,0.122474487139,0.115535611769,0.036842105263,0.067105263158,0.059210526316,0.061842105263,0.001052631579,0.002631578947,0.201315789474,0.032894736842,-0.026315789474,-0.020833333333,0.108333333333,0.0,-0.020833333333,-0.0,0.004166666667,0.029166666667,0.0,0.0
maze-32-32-4|a100|s153|it0|14650fb0739d0383,maze-32-32-4,100,153,0,14650fb0739d0383,repair5g518_grid_c0p90_b1p50_f1p00_w0p45_dc0p95_df1p00_beta0p45_max0p75_c0,g518_retained,block_heavy,g518_retained,1.44782405241,True,False,True,False,False,False,False,False,True,False,False,False,False,True,-0.10598970519,0.02480112307,False,False,0.9,1.5,1.0,0.45,0.95,1.0,0.45,0.75,False,False,False,False,False,False,100.0,4.615120516841,0.0,20116.0,201.16,9.909320507729,0.0,1.0,0.0,0.0,0.0,0.0,15900.0,2863.0,1353.0,6311.0,9589.0,0.180062893082,0.085094339623,28.63,159.0,0.396918238994,0.0,0.0,0.0,0.0,0.0,2.0,2.0,0.0,100.0,4.61512051684126,0.0,0.9,1.5,1.0,0.45,0.95,1.0,0.45,0.75,0.0,1.0,0.0,0.0,0.0,1.0,0.0,0.0,0.0,0.0,0.0,0.0,0.0,0.396918238994,0.270094339623,0.03829245283,0.0,repair5g59_block_heavy_flow_guard,0.15,0.15,0.139761942375,-0.263157894737,0.217105263158,0.059210526316,-0.188157894737,0.001052631579,0.002631578947,0.051315789474,0.032894736842,-0.026315789474,-0.0125,-0.0125,0.0,-0.00625,0.00625,0.0,0.0625,0.0,0.0
maze-32-32-4|a100|s153|it0|14650fb0739d0383,maze-32-32-4,100,153,0,14650fb0739d0383,repair5g518_grid_c1p25_b1p25_f1p00_w0p35_dc0p95_df1p00_beta0p30_max0p75_c0,g518_retained,wait_conservative,g518_retained,1.44431445952,True,False,True,False,False,False,False,False,True,False,False,False,False,True,-0.10949929808,0.02129153018,False,False,1.25,1.25,1.0,0.35,0.95,1.0,0.3,0.75,False,False,False,False,False,False,100.0,4.615120516841,0.0,20116.0,201.16,9.909320507729,0.0,1.0,0.0,0.0,0.0,0.0,15900.0,2863.0,1353.0,6311.0,9589.0,0.180062893082,0.085094339623,28.63,159.0,0.396918238994,0.0,0.0,0.0,0.0,0.0,2.0,2.0,0.0,100.0,4.61512051684126,0.0,1.25,1.25,1.0,0.35,0.95,1.0,0.3,0.75,0.0,1.0,0.0,0.0,0.0,0.0,0.0,0.0,0.0,0.0,0.0,0.0,1.0,0.396918238994,0.225078616352,0.029783018868,0.0,repair5g59_wait_conservative,0.158113883008,0.158113883008,0.146792718882,0.086842105263,-0.032894736842,0.059210526316,-0.288157894737,0.001052631579,0.002631578947,-0.098684210526,0.032894736842,-0.026315789474,0.0,0.0,0.0,-0.107142857143,0.007142857143,0.0,-0.028571428571,0.0,0.0
maze-32-32-4|a100|s153|it0|14650fb0739d0383,maze-32-32-4,100,153,0,14650fb0739d0383,repair5g518_grid_c0p90_b1p40_f1p00_w0p45_dc0p95_df1p00_beta0p35_max0p75_c0,g518_retained,block_heavy,g518_retained,1.56878802059,False,True,False,False,False,True,False,False,False,False,False,False,True,False,0.01497426299,0.14576509125,True,True,0.9,1.4,1.0,0.45,0.95,1.0,0.35,0.75,False,False,False,False,False,False,100.0,4.615120516841,0.0,20116.0,201.16,9.909320507729,0.0,1.0,0.0,0.0,0.0,0.0,15900.0,2863.0,1353.0,6311.0,9589.0,0.180062893082,0.085094339623,28.63,159.0,0.396918238994,0.0,0.0,0.0,0.0,0.0,2.0,2.0,0.0,100.0,4.61512051684126,0.0,0.9,1.4,1.0,0.45,0.95,1.0,0.35,0.75,0.0,1.0,0.0,0.0,0.0,1.0,0.0,0.0,0.0,0.0,0.0,0.0,0.0,0.396918238994,0.252088050315,0.03829245283,0.0,repair5g59_block_heavy_flow_guard,0.15,0.15,0.139761942375,-0.263157894737,0.117105263158,0.059210526316,-0.188157894737,0.001052631579,0.002631578947,-0.048684210526,0.032894736842,-0.026315789474,-0.0125,-0.1125,0.0,-0.00625,0.00625,0.0,-0.0375,0.0,0.0
maze-32-32-4|a100|s153|it0|14650fb0739d0383,maze-32-32-4,100,153,0,14650fb0739d0383,repair5g518_grid_c1p20_b1p15_f1p00_w0p70_dc0p95_df1p00_beta0p60_max0p75_c0,g518_retained,high_beta,g518_retained,1.52082358446,False,True,True,False,False,True,False,False,True,False,False,False,True,True,-0.03299017314,0.09780065512,False,True,1.2,1.15,1.0,0.7,0.95,1.0,0.6,0.75,False,False,False,False,False,False,100.0,4.615120516841,0.0,20116.0,201.16,9.909320507729,0.0,1.0,0.0,0.0,0.0,0.0,15900.0,2863.0,1353.0,6311.0,9589.0,0.180062893082,0.085094339623,28.63,159.0,0.396918238994,0.0,0.0,0.0,0.0,0.0,2.0,2.0,0.0,100.0,4.61512051684126,0.0,1.2,1.15,1.0,0.7,0.95,1.0,0.6,0.75,0.0,1.0,0.0,0.0,0.0,0.0,0.0,0.0,0.0,1.0,0.0,0.0,0.0,0.396918238994,0.207072327044,0.059566037736,0.0,repair5g59_high_beta_cap_safe,0.122474487139,0.122474487139,0.115535611769,0.036842105263,-0.132894736842,0.059210526316,0.061842105263,0.001052631579,0.002631578947,0.201315789474,0.032894736842,-0.026315789474,-0.020833333333,-0.091666666667,0.0,-0.020833333333,-0.0,0.004166666667,0.029166666667,0.0,0.0
maze-32-32-4|a100|s153|it0|14650fb0739d0383,maze-32-32-4,100,153,0,14650fb0739d0383,repair5g518_grid_c0p90_b1p65_f1p00_w0p45_dc0p95_df1p00_beta0p35_max0p75_c0,g518_retained,block_heavy,g518_retained,1.5177819373,True,False,True,False,False,False,False,False,True,False,False,False,False,True,-0.0360318203,0.09475900796,False,False,0.9,1.65,1.0,0.45,0.95,1.0,0.35,0.75,False,False,False,False,False,False,100.0,4.615120516841,0.0,20116.0,201.16,9.909320507729,0.0,1.0,0.0,0.0,0.0,0.0,15900.0,2863.0,1353.0,6311.0,9589.0,0.180062893082,0.085094339623,28.63,159.0,0.396918238994,0.0,0.0,0.0,0.0,0.0,2.0,2.0,0.0,100.0,4.61512051684126,0.0,0.9,1.65,1.0,0.45,0.95,1.0,0.35,0.75,0.0,1.0,0.0,0.0,0.0,1.0,0.0,0.0,0.0,0.0,0.0,0.0,0.0,0.396918238994,0.297103773585,0.03829245283,0.0,repair5g59_block_heavy_flow_guard,0.187082869339,0.187082869339,0.171498927292,-0.263157894737,0.367105263158,0.059210526316,-0.188157894737,0.001052631579,0.002631578947,-0.048684210526,0.032894736842,-0.026315789474,-0.0125,0.1375,0.0,-0.00625,0.00625,0.0,-0.0375,0.0,0.0
maze-32-32-4|a100|s153|it0|14650fb0739d0383,maze-32-32-4,100,153,0,14650fb0739d0383,repair5g518_grid_c1p20_b1p15_f1p00_w0p70_dc0p95_df1p00_beta0p55_max0p75_c0,g518_retained,high_beta,g518_retained,1.43004211511,True,False,True,False,False,False,False,False,True,False,False,False,False,True,-0.12377164249,0.00701918577,False,False,1.2,1.15,1.0,0.7,0.95,1.0,0.55,0.75,False,False,False,False,False,False,100.0,4.615120516841,0.0,20116.0,201.16,9.909320507729,0.0,1.0,0.0,0.0,0.0,0.0,15900.0,2863.0,1353.0,6311.0,9589.0,0.180062893082,0.085094339623,28.63,159.0,0.396918238994,0.0,0.0,0.0,0.0,0.0,2.0,2.0,0.0,100.0,4.61512051684126,0.0,1.2,1.15,1.0,0.7,0.95,1.0,0.55,0.75,0.0,1.0,0.0,0.0,0.0,0.0,0.0,0.0,0.0,1.0,0.0,0.0,0.0,0.396918238994,0.207072327044,0.059566037736,0.0,repair5g59_high_beta_cap_safe,0.132287565553,0.132287565553,0.124239980694,0.036842105263,-0.132894736842,0.059210526316,0.061842105263,0.001052631579,0.002631578947,0.151315789474,0.032894736842,-0.026315789474,-0.020833333333,-0.091666666667,0.0,-0.020833333333,-0.0,0.004166666667,-0.020833333333,0.0,0.0
maze-32-32-4|a100|s153|it0|14650fb0739d0383,maze-32-32-4,100,153,0,14650fb0739d0383,repair5g521_grid_c0p90_b1p50_f1p00_w0p45_dc0p95_df1p00_beta0p45_max0p75_c0,g521_second_wave,block_heavy,g521_second_wave,1.44782405241,True,False,True,False,False,False,False,False,True,False,False,False,False,True,-0.10598970519,0.02480112307,False,False,0.9,1.5,1.0,0.45,0.95,1.0,0.45,0.75,False,False,False,False,False,False,100.0,4.615120516841,0.0,20116.0,201.16,9.909320507729,0.0,1.0,0.0,0.0,0.0,0.0,15900.0,2863.0,1353.0,6311.0,9589.0,0.180062893082,0.085094339623,28.63,159.0,0.396918238994,0.0,0.0,0.0,0.0,0.0,2.0,2.0,0.0,100.0,4.61512051684126,0.0,0.9,1.5,1.0,0.45,0.95,1.0,0.45,0.75,0.0,0.0,1.0,0.0,0.0,1.0,0.0,0.0,0.0,0.0,0.0,0.0,0.0,0.396918238994,0.270094339623,0.03829245283,0.0,repair5g59_block_heavy_flow_guard,0.15,0.15,0.139761942375,-0.263157894737,0.217105263158,0.059210526316,-0.188157894737,0.001052631579,0.002631578947,0.051315789474,0.032894736842,-0.026315789474,-0.0125,-0.0125,0.0,-0.00625,0.00625,0.0,0.0625,0.0,0.0
maze-32-32-4|a100|s153|it0|14650fb0739d0383,maze-32-32-4,100,153,0,14650fb0739d0383,repair5g521_grid_c0p90_b1p40_f1p00_w0p45_dc0p95_df1p00_beta0p35_max0p75_c0,g521_second_wave,block_heavy,g521_second_wave,1.56878802059,True,False,False,False,False,False,False,False,False,False,False,False,False,False,0.01497426299,0.14576509125,True,False,0.9,1.4,1.0,0.45,0.95,1.0,0.35,0.75,False,False,False,False,False,False,100.0,4.615120516841,0.0,20116.0,201.16,9.909320507729,0.0,1.0,0.0,0.0,0.0,0.0,15900.0,2863.0,1353.0,6311.0,9589.0,0.180062893082,0.085094339623,28.63,159.0,0.396918238994,0.0,0.0,0.0,0.0,0.0,2.0,2.0,0.0,100.0,4.61512051684126,0.0,0.9,1.4,1.0,0.45,0.95,1.0,0.35,0.75,0.0,0.0,1.0,0.0,0.0,1.0,0.0,0.0,0.0,0.0,0.0,0.0,0.0,0.396918238994,0.252088050315,0.03829245283,0.0,repair5g59_block_heavy_flow_guard,0.15,0.15,0.139761942375,-0.263157894737,0.117105263158,0.059210526316,-0.188157894737,0.001052631579,0.002631578947,-0.048684210526,0.032894736842,-0.026315789474,-0.0125,-0.1125,0.0,-0.00625,0.00625,0.0,-0.0375,0.0,0.0
maze-32-32-4|a100|s153|it0|14650fb0739d0383,maze-32-32-4,100,153,0,14650fb0739d0383,repair5g521_grid_c0p90_b1p65_f1p00_w0p45_dc0p95_df1p00_beta0p35_max0p75_c0,g521_second_wave,block_heavy,g521_second_wave,1.5177819373,True,False,True,False,False,False,False,False,True,False,False,False,False,True,-0.0360318203,0.09475900796,False,False,0.9,1.65,1.0,0.45,0.95,1.0,0.35,0.75,False,False,False,False,False,False,100.0,4.615120516841,0.0,20116.0,201.16,9.909320507729,0.0,1.0,0.0,0.0,0.0,0.0,15900.0,2863.0,1353.0,6311.0,9589.0,0.180062893082,0.085094339623,28.63,159.0,0.396918238994,0.0,0.0,0.0,0.0,0.0,2.0,2.0,0.0,100.0,4.61512051684126,0.0,0.9,1.65,1.0,0.45,0.95,1.0,0.35,0.75,0.0,0.0,1.0,0.0,0.0,1.0,0.0,0.0,0.0,0.0,0.0,0.0,0.0,0.396918238994,0.297103773585,0.03829245283,0.0,repair5g59_block_heavy_flow_guard,0.187082869339,0.187082869339,0.171498927292,-0.263157894737,0.367105263158,0.059210526316,-0.188157894737,0.001052631579,0.002631578947,-0.048684210526,0.032894736842,-0.026315789474,-0.0125,0.1375,0.0,-0.00625,0.00625,0.0,-0.0375,0.0,0.0
maze-32-32-4|a100|s153|it0|14650fb0739d0383,maze-32-32-4,100,153,0,14650fb0739d0383,repair5g521_grid_c0p90_b1p50_f1p00_w0p45_dc0p90_df1p00_beta0p45_max0p75_c0,g521_second_wave,block_heavy,g521_second_wave,1.44782405241,True,False,True,False,False,False,False,False,True,False,False,False,False,True,-0.10598970519,0.02480112307,False,False,0.9,1.5,1.0,0.45,0.9,1.0,0.45,0.75,False,False,False,False,False,False,100.0,4.615120516841,0.0,20116.0,201.16,9.909320507729,0.0,1.0,0.0,0.0,0.0,0.0,15900.0,2863.0,1353.0,6311.0,9589.0,0.180062893082,0.085094339623,28.63,159.0,0.396918238994,0.0,0.0,0.0,0.0,0.0,2.0,2.0,0.0,100.0,4.61512051684126,0.0,0.9,1.5,1.0,0.45,0.9,1.0,0.45,0.75,0.0,0.0,1.0,0.0,0.0,1.0,0.0,0.0,0.0,0.0,0.0,0.0,0.0,0.396918238994,0.270094339623,0.03829245283,0.0,repair5g59_block_heavy_flow_guard,0.158113883008,0.158113883008,0.146792718882,-0.263157894737,0.217105263158,0.059210526316,-0.188157894737,-0.048947368421,0.002631578947,0.051315789474,0.032894736842,-0.026315789474,-0.0125,-0.0125,0.0,-0.00625,-0.04375,0.0,0.0625,0.0,0.0
maze-32-32-4|a100|s153|it0|14650fb0739d0383,maze-32-32-4,100,153,0,14650fb0739d0383,repair5g521_grid_c1p20_b1p35_f1p00_w0p70_dc0p95_df1p00_beta0p60_max0p75_c0,g521_second_wave,high_beta,g521_second_wave,1.56036499766,True,False,False,False,False,False,False,False,False,False,False,False,False,False,0.00655124006,0.13734206832,True,False,1.2,1.35,1.0,0.7,0.95,1.0,0.6,0.75,False,False,False,False,False,False,100.0,4.615120516841,0.0,20116.0,201.16,9.909320507729,0.0,1.0,0.0,0.0,0.0,0.0,15900.0,2863.0,1353.0,6311.0,9589.0,0.180062893082,0.085094339623,28.63,159.0,0.396918238994,0.0,0.0,0.0,0.0,0.0,2.0,2.0,0.0,100.0,4.61512051684126,0.0,1.2,1.35,1.0,0.7,0.95,1.0,0.6,0.75,0.0,0.0,1.0,0.0,0.0,0.0,0.0,0.0,0.0,1.0,0.0,0.0,0.0,0.396918238994,0.243084905661,0.059566037736,0.0,repair5g59_high_beta_cap_safe,0.122474487139,0.122474487139,0.115535611769,0.036842105263,0.067105263158,0.059210526316,0.061842105263,0.001052631579,0.002631578947,0.201315789474,0.032894736842,-0.026315789474,-0.020833333333,0.108333333333,0.0,-0.020833333333,-0.0,0.004166666667,0.029166666667,0.0,0.0
maze-32-32-4|a100|s153|it0|14650fb0739d0383,maze-32-32-4,100,153,0,14650fb0739d0383,repair5g521_grid_c1p20_b1p15_f1p00_w0p70_dc0p95_df1p00_beta0p60_max0p75_c0,g521_second_wave,high_beta,g521_second_wave,1.52082358446,False,True,True,False,False,True,False,False,True,False,False,False,True,True,-0.03299017314,0.09780065512,False,True,1.2,1.15,1.0,0.7,0.95,1.0,0.6,0.75,False,False,False,False,False,False,100.0,4.615120516841,0.0,20116.0,201.16,9.909320507729,0.0,1.0,0.0,0.0,0.0,0.0,15900.0,2863.0,1353.0,6311.0,9589.0,0.180062893082,0.085094339623,28.63,159.0,0.396918238994,0.0,0.0,0.0,0.0,0.0,2.0,2.0,0.0,100.0,4.61512051684126,0.0,1.2,1.15,1.0,0.7,0.95,1.0,0.6,0.75,0.0,0.0,1.0,0.0,0.0,0.0,0.0,0.0,0.0,1.0,0.0,0.0,0.0,0.396918238994,0.207072327044,0.059566037736,0.0,repair5g59_high_beta_cap_safe,0.122474487139,0.122474487139,0.115535611769,0.036842105263,-0.132894736842,0.059210526316,0.061842105263,0.001052631579,0.002631578947,0.201315789474,0.032894736842,-0.026315789474,-0.020833333333,-0.091666666667,0.0,-0.020833333333,-0.0,0.004166666667,0.029166666667,0.0,0.0
maze-32-32-4|a100|s153|it0|14650fb0739d0383,maze-32-32-4,100,153,0,14650fb0739d0383,repair5g521_grid_c1p20_b1p15_f1p00_w0p70_dc0p95_df1p00_beta0p55_max0p75_c0,g521_second_wave,high_beta,g521_second_wave,1.43004211511,True,False,True,False,False,False,False,False,True,False,False,False,False,True,-0.12377164249,0.00701918577,False,False,1.2,1.15,1.0,0.7,0.95,1.0,0.55,0.75,False,False,False,False,False,False,100.0,4.615120516841,0.0,20116.0,201.16,9.909320507729,0.0,1.0,0.0,0.0,0.0,0.0,15900.0,2863.0,1353.0,6311.0,9589.0,0.180062893082,0.085094339623,28.63,159.0,0.396918238994,0.0,0.0,0.0,0.0,0.0,2.0,2.0,0.0,100.0,4.61512051684126,0.0,1.2,1.15,1.0,0.7,0.95,1.0,0.55,0.75,0.0,0.0,1.0,0.0,0.0,0.0,0.0,0.0,0.0,1.0,0.0,0.0,0.0,0.396918238994,0.207072327044,0.059566037736,0.0,repair5g59_high_beta_cap_safe,0.132287565553,0.132287565553,0.124239980694,0.036842105263,-0.132894736842,0.059210526316,0.061842105263,0.001052631579,0.002631578947,0.151315789474,0.032894736842,-0.026315789474,-0.020833333333,-0.091666666667,0.0,-0.020833333333,-0.0,0.004166666667,-0.020833333333,0.0,0.0
maze-32-32-4|a100|s153|it0|14650fb0739d0383,maze-32-32-4,100,153,0,14650fb0739d0383,repair5g521_grid_c1p20_b1p35_f1p00_w0p70_dc0p95_df1p00_beta0p55_max0p75_c0,g521_second_wave,high_beta,g521_second_wave,1.48642957417,True,False,True,False,False,False,False,False,True,False,False,False,False,True,-0.06738418343,0.06340664483,False,False,1.2,1.35,1.0,0.7,0.95,1.0,0.55,0.75,False,False,False,False,False,False,100.0,4.615120516841,0.0,20116.0,201.16,9.909320507729,0.0,1.0,0.0,0.0,0.0,0.0,15900.0,2863.0,1353.0,6311.0,9589.0,0.180062893082,0.085094339623,28.63,159.0,0.396918238994,0.0,0.0,0.0,0.0,0.0,2.0,2.0,0.0,100.0,4.61512051684126,0.0,1.2,1.35,1.0,0.7,0.95,1.0,0.55,0.75,0.0,0.0,1.0,0.0,0.0,0.0,0.0,0.0,0.0,1.0,0.0,0.0,0.0,0.396918238994,0.243084905661,0.059566037736,0.0,repair5g59_high_beta_cap_safe,0.132287565553,0.132287565553,0.124239980694,0.036842105263,0.067105263158,0.059210526316,0.061842105263,0.001052631579,0.002631578947,0.151315789474,0.032894736842,-0.026315789474,-0.020833333333,0.108333333333,0.0,-0.020833333333,-0.0,0.004166666667,-0.020833333333,0.0,0.0
maze-32-32-4|a100|s153|it0|14650fb0739d0383,maze-32-32-4,100,153,0,14650fb0739d0383,repair5g521_grid_c1p25_b1p25_f1p00_w0p50_dc0p95_df1p00_beta0p35_max0p75_c0,g521_second_wave,wait_conservative,g521_second_wave,1.44759007955,True,False,True,False,False,False,False,False,True,False,False,False,False,True,-0.10622367805,0.02456715021,False,False,1.25,1.25,1.0,0.5,0.95,1.0,0.35,0.75,False,False,False,False,False,False,100.0,4.615120516841,0.0,20116.0,201.16,9.909320507729,0.0,1.0,0.0,0.0,0.0,0.0,15900.0,2863.0,1353.0,6311.0,9589.0,0.180062893082,0.085094339623,28.63,159.0,0.396918238994,0.0,0.0,0.0,0.0,0.0,2.0,2.0,0.0,100.0,4.61512051684126,0.0,1.25,1.25,1.0,0.5,0.95,1.0,0.35,0.75,0.0,0.0,1.0,0.0,0.0,0.0,0.0,0.0,0.0,0.0,0.0,0.0,1.0,0.396918238994,0.225078616352,0.042547169812,0.0,repair5g59_wait_conservative,0.0,0.0,0.0,0.086842105263,-0.032894736842,0.059210526316,-0.138157894737,0.001052631579,0.002631578947,-0.048684210526,0.032894736842,-0.026315789474,0.0,0.0,0.0,0.042857142857,0.007142857143,0.0,0.021428571429,0.0,0.0
maze-32-32-4|a100|s153|it0|14650fb0739d0383,maze-32-32-4,100,153,0,14650fb0739d0383,repair5g521_grid_c1p25_b1p25_f1p00_w0p35_dc0p95_df1p00_beta0p30_max0p75_c0,g521_second_wave,wait_conservative,g521_second_wave,1.44431445952,True,False,True,False,False,False,False,False,True,False,False,False,False,True,-0.10949929808,0.02129153018,False,False,1.25,1.25,1.0,0.35,0.95,1.0,0.3,0.75,False,False,False,False,False,False,100.0,4.615120516841,0.0,20116.0,201.16,9.909320507729,0.0,1.0,0.0,0.0,0.0,0.0,15900.0,2863.0,1353.0,6311.0,9589.0,0.180062893082,0.085094339623,28.63,159.0,0.396918238994,0.0,0.0,0.0,0.0,0.0,2.0,2.0,0.0,100.0,4.61512051684126,0.0,1.25,1.25,1.0,0.35,0.95,1.0,0.3,0.75,0.0,0.0,1.0,0.0,0.0,0.0,0.0,0.0,0.0,0.0,0.0,0.0,1.0,0.396918238994,0.225078616352,0.029783018868,0.0,repair5g59_wait_conservative,0.158113883008,0.158113883008,0.146792718882,0.086842105263,-0.032894736842,0.059210526316,-0.288157894737,0.001052631579,0.002631578947,-0.098684210526,0.032894736842,-0.026315789474,0.0,0.0,0.0,-0.107142857143,0.007142857143,0.0,-0.028571428571,0.0,0.0
maze-32-32-4|a100|s153|it0|14650fb0739d0383,maze-32-32-4,100,153,0,14650fb0739d0383,repair5g521_grid_c1p25_b1p25_f1p00_w0p50_dc0p90_df1p00_beta0p35_max0p75_c0,g521_second_wave,wait_conservative,g521_second_wave,1.44759007955,True,False,True,False,False,False,False,False,True,False,False,False,False,True,-0.10622367805,0.02456715021,False,False,1.25,1.25,1.0,0.5,0.9,1.0,0.35,0.75,False,False,False,False,False,False,100.0,4.615120516841,0.0,20116.0,201.16,9.909320507729,0.0,1.0,0.0,0.0,0.0,0.0,15900.0,2863.0,1353.0,6311.0,9589.0,0.180062893082,0.085094339623,28.63,159.0,0.396918238994,0.0,0.0,0.0,0.0,0.0,2.0,2.0,0.0,100.0,4.61512051684126,0.0,1.25,1.25,1.0,0.5,0.9,1.0,0.35,0.75,0.0,0.0,1.0,0.0,0.0,0.0,0.0,0.0,0.0,0.0,0.0,0.0,1.0,0.396918238994,0.225078616352,0.042547169812,0.0,repair5g59_wait_conservative,0.05,0.05,0.048790164169,0.086842105263,-0.032894736842,0.059210526316,-0.138157894737,-0.048947368421,0.002631578947,-0.048684210526,0.032894736842,-0.026315789474,0.0,0.0,0.0,0.042857142857,-0.042857142857,0.0,0.021428571429,0.0,0.0
maze-32-32-4|a100|s153|it0|14650fb0739d0383,maze-32-32-4,100,153,0,14650fb0739d0383,repair5g521_grid_c1p25_b1p25_f1p00_w0p50_dc0p95_df1p00_beta0p30_max0p75_c0,g521_second_wave,wait_conservative,g521_second_wave,1.50725315863,True,False,True,False,False,False,False,False,True,False,False,False,False,True,-0.04656059897,0.08423022929,False,False,1.25,1.25,1.0,0.5,0.95,1.0,0.3,0.75,False,False,False,False,False,False,100.0,4.615120516841,0.0,20116.0,201.16,9.909320507729,0.0,1.0,0.0,0.0,0.0,0.0,15900.0,2863.0,1353.0,6311.0,9589.0,0.180062893082,0.085094339623,28.63,159.0,0.396918238994,0.0,0.0,0.0,0.0,0.0,2.0,2.0,0.0,100.0,4.61512051684126,0.0,1.25,1.25,1.0,0.5,0.95,1.0,0.3,0.75,0.0,0.0,1.0,0.0,0.0,0.0,0.0,0.0,0.0,0.0,0.0,0.0,1.0,0.396918238994,0.225078616352,0.042547169812,0.0,repair5g59_wait_conservative,0.05,0.05,0.048790164169,0.086842105263,-0.032894736842,0.059210526316,-0.138157894737,0.001052631579,0.002631578947,-0.098684210526,0.032894736842,-0.026315789474,0.0,0.0,0.0,0.042857142857,0.007142857143,0.0,-0.028571428571,0.0,0.0
maze-32-32-4|a100|s153|it0|14650fb0739d0383,maze-32-32-4,100,153,0,14650fb0739d0383,repair5g521_grid_c1p25_b1p25_f1p00_w0p75_dc0p95_df1p00_beta0p55_max0p75_c0,g521_second_wave,high_beta,g521_second_wave,1.53649976603,True,False,True,False,False,False,False,False,True,False,False,False,False,True,-0.01731399157,0.11347683669,False,False,1.25,1.25,1.0,0.75,0.95,1.0,0.55,0.75,False,False,False,False,False,False,100.0,4.615120516841,0.0,20116.0,201.16,9.909320507729,0.0,1.0,0.0,0.0,0.0,0.0,15900.0,2863.0,1353.0,6311.0,9589.0,0.180062893082,0.085094339623,28.63,159.0,0.396918238994,0.0,0.0,0.0,0.0,0.0,2.0,2.0,0.0,100.0,4.61512051684126,0.0,1.25,1.25,1.0,0.75,0.95,1.0,0.55,0.75,0.0,0.0,1.0,0.0,0.0,0.0,0.0,0.0,0.0,1.0,0.0,0.0,0.0,0.396918238994,0.225078616352,0.063820754717,0.0,repair5g59_high_beta_cap_safe,0.05,0.05,0.048790164169,0.086842105263,-0.032894736842,0.059210526316,0.111842105263,0.001052631579,0.002631578947,0.151315789474,0.032894736842,-0.026315789474,0.029166666667,0.008333333333,0.0,0.029166666667,-0.0,0.004166666667,-0.020833333333,0.0,0.0
maze-32-32-4|a100|s153|it0|14650fb0739d0383,maze-32-32-4,100,153,0,14650fb0739d0383,repair5g521_grid_c1p25_b1p25_f1p00_w0p75_dc0p90_df1p00_beta0p55_max0p75_c0,g521_second_wave,high_beta,g521_second_wave,1.53649976603,True,False,True,False,False,False,False,False,True,False,False,False,False,True,-0.01731399157,0.11347683669,False,False,1.25,1.25,1.0,0.75,0.9,1.0,0.55,0.75,False,False,False,False,False,False,100.0,4.615120516841,0.0,20116.0,201.16,9.909320507729,0.0,1.0,0.0,0.0,0.0,0.0,15900.0,2863.0,1353.0,6311.0,9589.0,0.180062893082,0.085094339623,28.63,159.0,0.396918238994,0.0,0.0,0.0,0.0,0.0,2.0,2.0,0.0,100.0,4.61512051684126,0.0,1.25,1.25,1.0,0.75,0.9,1.0,0.55,0.75,0.0,0.0,1.0,0.0,0.0,0.0,0.0,0.0,0.0,1.0,0.0,0.0,0.0,0.396918238994,0.225078616352,0.063820754717,0.0,repair5g59_high_beta_cap_safe,0.070710678119,0.070710678119,0.068322613158,0.086842105263,-0.032894736842,0.059210526316,0.111842105263,-0.048947368421,0.002631578947,0.151315789474,0.032894736842,-0.026315789474,0.029166666667,0.008333333333,0.0,0.029166666667,-0.05,0.004166666667,-0.020833333333,0.0,0.0
maze-32-32-4|a100|s153|it0|14650fb0739d0383,maze-32-32-4,100,153,0,14650fb0739d0383,repair5g521_grid_c1p25_b1p25_f1p00_w0p75_dc0p95_df0p95_beta0p55_max0p75_c0,g521_second_wave,high_beta,g521_second_wave,1.53649976603,True,False,True,False,False,False,False,False,True,False,False,False,False,True,-0.01731399157,0.11347683669,False,False,1.25,1.25,1.0,0.75,0.95,0.95,0.55,0.75,False,False,False,False,False,False,100.0,4.615120516841,0.0,20116.0,201.16,9.909320507729,0.0,1.0,0.0,0.0,0.0,0.0,15900.0,2863.0,1353.0,6311.0,9589.0,0.180062893082,0.085094339623,28.63,159.0,0.396918238994,0.0,0.0,0.0,0.0,0.0,2.0,2.0,0.0,100.0,4.61512051684126,0.0,1.25,1.25,1.0,0.75,0.95,0.95,0.55,0.75,0.0,0.0,1.0,0.0,0.0,0.0,0.0,0.0,0.0,1.0,0.0,0.0,0.0,0.396918238994,0.225078616352,0.063820754717,0.0,repair5g59_high_beta_cap_safe,0.070710678119,0.070710678119,0.068322613158,0.086842105263,-0.032894736842,0.059210526316,0.111842105263,0.001052631579,-0.047368421053,0.151315789474,0.032894736842,-0.026315789474,0.029166666667,0.008333333333,0.0,0.029166666667,-0.0,-0.045833333333,-0.020833333333,0.0,0.0
maze-32-32-4|a100|s153|it0|14650fb0739d0383,maze-32-32-4,100,153,0,14650fb0739d0383,repair5g521_grid_c1p25_b1p25_f1p00_w0p75_dc1p00_df1p00_beta0p55_max0p75_c0,g521_second_wave,high_beta,g521_second_wave,1.53649976603,True,False,True,False,False,False,False,False,True,False,False,False,False,True,-0.01731399157,0.11347683669,False,False,1.25,1.25,1.0,0.75,1.0,1.0,0.55,0.75,False,False,False,False,False,False,100.0,4.615120516841,0.0,20116.0,201.16,9.909320507729,0.0,1.0,0.0,0.0,0.0,0.0,15900.0,2863.0,1353.0,6311.0,9589.0,0.180062893082,0.085094339623,28.63,159.0,0.396918238994,0.0,0.0,0.0,0.0,0.0,2.0,2.0,0.0,100.0,4.61512051684126,0.0,1.25,1.25,1.0,0.75,1.0,1.0,0.55,0.75,0.0,0.0,1.0,0.0,0.0,0.0,0.0,0.0,0.0,1.0,0.0,0.0,0.0,0.396918238994,0.225078616352,0.063820754717,0.0,repair5g59_high_beta_cap_safe,0.070710678119,0.070710678119,0.068322613158,0.086842105263,-0.032894736842,0.059210526316,0.111842105263,0.051052631579,0.002631578947,0.151315789474,0.032894736842,-0.026315789474,0.029166666667,0.008333333333,0.0,0.029166666667,0.05,0.004166666667,-0.020833333333,0.0,0.0
maze-32-32-4|a100|s155|it0|14650fb0739d0383,maze-32-32-4,100,155,0,14650fb0739d0383,repair5g59_additive_fallback,old14,additive,old14,1.39877613463,True,False,False,False,False,False,False,False,False,False,False,False,False,False,0.11983681795,0.11983681795,True,False,,,,,,,,,,False,False,False,False,False,100.0,4.615120516841,0.0,12908.0,129.08,9.465680021507,0.0,1.0,0.0,0.0,0.0,0.0,10500.0,1642.0,766.0,5032.0,5468.0,0.156380952381,0.072952380952,16.42,105.0,0.479238095238,0.0,0.0,0.0,0.0,0.0,2.0,2.0,0.0,100.0,4.61512051684126,0.0,1.0,1.0,0.0,1.0,1.0,1.0,0.0,0.0,0.0,0.0,0.0,1.0,1.0,0.0,0.0,0.0,0.0,0.0,0.0,0.0,0.0,0.0,0.156380952381,0.072952380952,0.0,,,,0.0,-0.163157894737,-0.282894736842,-0.940789473684,0.361842105263,0.051052631579,0.002631578947,-0.398684210526,-0.717105263158,-0.026315789474,0.0,0.0,0.0,0.0,0.0,0.0,0.0,0.0,0.0
maze-32-32-4|a100|s155|it0|14650fb0739d0383,maze-32-32-4,100,155,0,14650fb0739d0383,repair5g59_block_heavy_flow_guard,old14,block_heavy,old14,1.2891381948,True,False,False,False,False,False,False,False,False,False,False,False,False,False,0.01019887812,0.01019887812,True,False,1.0,1.5,1.0,0.5,0.95,1.0,0.35,0.75,False,False,False,False,False,False,100.0,4.615120516841,0.0,12908.0,129.08,9.465680021507,0.0,1.0,0.0,0.0,0.0,0.0,10500.0,1642.0,766.0,5032.0,5468.0,0.156380952381,0.072952380952,16.42,105.0,0.479238095238,0.0,0.0,0.0,0.0,0.0,2.0,2.0,0.0,100.0,4.61512051684126,0.0,1.0,1.5,1.0,0.5,0.95,1.0,0.35,0.75,0.0,0.0,0.0,1.0,0.0,1.0,0.0,0.0,0.0,0.0,0.0,0.0,0.0,0.479238095238,0.234571428571,0.036476190476,0.0,repair5g59_block_heavy_flow_guard,0.0,0.0,0.0,-0.163157894737,0.217105263158,0.059210526316,-0.138157894737,0.001052631579,0.002631578947,-0.048684210526,0.032894736842,-0.026315789474,0.0875,-0.0125,0.0,0.04375,0.00625,0.0,-0.0375,0.0,0.0
maze-32-32-4|a100|s155|it0|14650fb0739d0383,maze-32-32-4,100,155,0,14650fb0739d0383,repair5g59_c_only_f_disabled,old14,static_boundary_c_only,old14,1.39367669556,True,False,False,False,False,False,False,False,False,False,False,False,False,False,0.11473737888,0.11473737888,True,False,1.25,1.25,0.0,0.75,0.95,1.0,0.0,0.0,True,False,False,False,False,False,100.0,4.615120516841,0.0,12908.0,129.08,9.465680021507,0.0,1.0,0.0,0.0,0.0,0.0,10500.0,1642.0,766.0,5032.0,5468.0,0.156380952381,0.072952380952,16.42,105.0,0.479238095238,0.0,0.0,0.0,0.0,0.0,2.0,2.0,0.0,100.0,4.61512051684126,0.0,1.25,1.25,0.0,0.75,0.95,1.0,0.0,0.0,1.0,0.0,0.0,1.0,0.0,0.0,0.0,0.0,0.0,0.0,0.0,1.0,0.0,0.0,0.195476190476,0.054714285714,0.0,repair5g59_c_only_f_disabled,0.0,0.0,0.0,0.086842105263,-0.032894736842,-0.940789473684,0.111842105263,0.001052631579,0.002631578947,-0.398684210526,-0.717105263158,0.973684210526,0.0,0.0,0.0,0.0,0.0,0.0,0.0,0.0,0.0
maze-32-32-4|a100|s155|it0|14650fb0739d0383,maze-32-32-4,100,155,0,14650fb0739d0383,repair5g59_commit_heavy_flow_guard,old14,commit_heavy,old14,1.28990311066,True,False,False,False,False,False,False,False,False,False,False,False,False,False,0.01096379398,0.01096379398,True,False,1.5,1.0,1.0,0.75,0.95,1.0,0.35,0.75,False,False,False,False,False,False,100.0,4.615120516841,0.0,12908.0,129.08,9.465680021507,0.0,1.0,0.0,0.0,0.0,0.0,10500.0,1642.0,766.0,5032.0,5468.0,0.156380952381,0.072952380952,16.42,105.0,0.479238095238,0.0,0.0,0.0,0.0,0.0,2.0,2.0,0.0,100.0,4.61512051684126,0.0,1.5,1.0,1.0,0.75,0.95,1.0,0.35,0.75,0.0,0.0,0.0,1.0,0.0,0.0,1.0,0.0,0.0,0.0,0.0,0.0,0.0,0.479238095238,0.156380952381,0.054714285714,0.0,repair5g59_commit_heavy_flow_guard,0.0,0.0,0.0,0.336842105263,-0.282894736842,0.059210526316,0.111842105263,0.001052631579,0.002631578947,-0.048684210526,0.032894736842,-0.026315789474,0.0,0.0,0.0,0.0,0.0,0.0,0.0,0.0,0.0
maze-32-32-4|a100|s155|it0|14650fb0739d0383,maze-32-32-4,100,155,0,14650fb0739d0383,repair5g59_fast_decay_low_shield,old14,flow_decay,old14,1.35415604284,True,False,False,False,False,False,False,False,False,False,False,False,False,False,0.07521672616,0.07521672616,True,False,1.25,1.25,1.0,0.75,0.9,1.0,0.2,0.5,False,False,False,False,False,False,100.0,4.615120516841,0.0,12908.0,129.08,9.465680021507,0.0,1.0,0.0,0.0,0.0,0.0,10500.0,1642.0,766.0,5032.0,5468.0,0.156380952381,0.072952380952,16.42,105.0,0.479238095238,0.0,0.0,0.0,0.0,0.0,2.0,2.0,0.0,100.0,4.61512051684126,0.0,1.25,1.25,1.0,0.75,0.9,1.0,0.2,0.5,0.0,0.0,0.0,1.0,0.0,0.0,0.0,1.0,0.0,0.0,0.0,0.0,0.0,0.479238095238,0.195476190476,0.054714285714,0.0,repair5g59_fast_decay_low_shield,0.0,0.0,0.0,0.086842105263,-0.032894736842,0.059210526316,0.111842105263,-0.048947368421,0.002631578947,-0.198684210526,-0.217105263158,-0.026315789474,0.05,0.05,0.05,0.0,-0.052,0.01,-0.1,-0.3,0.0
maze-32-32-4|a100|s155|it0|14650fb0739d0383,maze-32-32-4,100,155,0,14650fb0739d0383,repair5g59_flow_decay,old14,flow_decay,old14,1.27893931668,True,False,False,False,False,False,False,False,False,False,False,False,False,False,0.0,0.0,False,False,1.25,1.25,1.0,0.75,0.95,0.95,0.35,0.75,False,False,False,False,False,False,100.0,4.615120516841,0.0,12908.0,129.08,9.465680021507,0.0,1.0,0.0,0.0,0.0,0.0,10500.0,1642.0,766.0,5032.0,5468.0,0.156380952381,0.072952380952,16.42,105.0,0.479238095238,0.0,0.0,0.0,0.0,0.0,2.0,2.0,0.0,100.0,4.61512051684126,0.0,1.25,1.25,1.0,0.75,0.95,0.95,0.35,0.75,0.0,0.0,0.0,1.0,0.0,0.0,0.0,1.0,0.0,0.0,0.0,0.0,0.0,0.479238095238,0.195476190476,0.054714285714,0.0,repair5g59_flow_decay,0.0,0.0,0.0,0.086842105263,-0.032894736842,0.059210526316,0.111842105263,0.001052631579,-0.047368421053,-0.048684210526,0.032894736842,-0.026315789474,0.05,0.05,0.05,0.0,-0.002,-0.04,0.05,-0.05,0.0
maze-32-32-4|a100|s155|it0|14650fb0739d0383,maze-32-32-4,100,155,0,14650fb0739d0383,repair5g59_high_beta_cap_safe,old14,high_beta,old14,1.30035696073,True,False,False,False,False,False,False,False,False,False,False,False,False,False,0.02141764405,0.02141764405,True,False,1.25,1.25,1.0,0.75,0.95,1.0,0.6,0.75,False,False,False,False,False,False,100.0,4.615120516841,0.0,12908.0,129.08,9.465680021507,0.0,1.0,0.0,0.0,0.0,0.0,10500.0,1642.0,766.0,5032.0,5468.0,0.156380952381,0.072952380952,16.42,105.0,0.479238095238,0.0,0.0,0.0,0.0,0.0,2.0,2.0,0.0,100.0,4.61512051684126,0.0,1.25,1.25,1.0,0.75,0.95,1.0,0.6,0.75,0.0,0.0,0.0,1.0,0.0,0.0,0.0,0.0,0.0,1.0,0.0,0.0,0.0,0.479238095238,0.195476190476,0.054714285714,0.0,repair5g59_high_beta_cap_safe,0.0,0.0,0.0,0.086842105263,-0.032894736842,0.059210526316,0.111842105263,0.001052631579,0.002631578947,0.201315789474,0.032894736842,-0.026315789474,0.029166666667,0.008333333333,0.0,0.029166666667,-0.0,0.004166666667,0.029166666667,0.0,0.0
maze-32-32-4|a100|s155|it0|14650fb0739d0383,maze-32-32-4,100,155,0,14650fb0739d0383,repair5g59_light_cong_light_flow,old14,flow_decay,old14,1.35670576237,True,False,False,False,False,False,False,False,False,False,False,False,False,False,0.07776644569,0.07776644569,True,False,1.0,1.0,0.75,0.75,0.98,1.0,0.25,0.5,False,False,False,False,False,False,100.0,4.615120516841,0.0,12908.0,129.08,9.465680021507,0.0,1.0,0.0,0.0,0.0,0.0,10500.0,1642.0,766.0,5032.0,5468.0,0.156380952381,0.072952380952,16.42,105.0,0.479238095238,0.0,0.0,0.0,0.0,0.0,2.0,2.0,0.0,100.0,4.61512051684126,0.0,1.0,1.0,0.75,0.75,0.98,1.0,0.25,0.5,0.0,0.0,0.0,1.0,0.0,0.0,0.0,1.0,0.0,0.0,0.0,0.0,0.0,0.359428571428,0.156380952381,0.054714285714,0.0,repair5g59_light_cong_light_flow,0.0,0.0,0.0,-0.163157894737,-0.282894736842,-0.190789473684,0.111842105263,0.031052631579,0.002631578947,-0.148684210526,-0.217105263158,-0.026315789474,-0.2,-0.2,-0.2,0.0,0.028,0.01,-0.05,-0.3,0.0
maze-32-32-4|a100|s155|it0|14650fb0739d0383,maze-32-32-4,100,155,0,14650fb0739d0383,repair5g59_low_beta_high_cap,old14,flow_decay,old14,1.27995920449,True,False,False,False,False,False,False,False,False,False,False,False,False,False,0.00101988781,0.00101988781,False,False,1.25,1.25,1.0,0.75,0.95,1.0,0.2,1.25,False,False,False,False,False,False,100.0,4.615120516841,0.0,12908.0,129.08,9.465680021507,0.0,1.0,0.0,0.0,0.0,0.0,10500.0,1642.0,766.0,5032.0,5468.0,0.156380952381,0.072952380952,16.42,105.0,0.479238095238,0.0,0.0,0.0,0.0,0.0,2.0,2.0,0.0,100.0,4.61512051684126,0.0,1.25,1.25,1.0,0.75,0.95,1.0,0.2,1.25,0.0,0.0,0.0,1.0,0.0,0.0,0.0,1.0,0.0,0.0,0.0,0.0,0.0,0.479238095238,0.195476190476,0.054714285714,0.0,repair5g59_low_beta_high_cap,0.0,0.0,0.0,0.086842105263,-0.032894736842,0.059210526316,0.111842105263,0.001052631579,0.002631578947,-0.198684210526,0.532894736842,-0.026315789474,0.05,0.05,0.05,0.0,-0.002,0.01,-0.1,0.45,0.0
maze-32-32-4|a100|s155|it0|14650fb0739d0383,maze-32-32-4,100,155,0,14650fb0739d0383,repair5g59_slow_decay_high_shield,old14,flow_decay,old14,1.33554309026,True,False,False,False,False,False,False,False,False,False,False,False,False,False,0.05660377358,0.05660377358,True,False,1.25,1.25,1.0,0.75,0.98,1.0,0.5,1.0,False,False,False,False,False,False,100.0,4.615120516841,0.0,12908.0,129.08,9.465680021507,0.0,1.0,0.0,0.0,0.0,0.0,10500.0,1642.0,766.0,5032.0,5468.0,0.156380952381,0.072952380952,16.42,105.0,0.479238095238,0.0,0.0,0.0,0.0,0.0,2.0,2.0,0.0,100.0,4.61512051684126,0.0,1.25,1.25,1.0,0.75,0.98,1.0,0.5,1.0,0.0,0.0,0.0,1.0,0.0,0.0,0.0,1.0,0.0,0.0,0.0,0.0,0.0,0.479238095238,0.195476190476,0.054714285714,0.0,repair5g59_slow_decay_high_shield,0.0,0.0,0.0,0.086842105263,-0.032894736842,0.059210526316,0.111842105263,0.031052631579,0.002631578947,0.101315789474,0.282894736842,-0.026315789474,0.05,0.05,0.05,0.0,0.028,0.01,0.2,0.2,0.0
maze-32-32-4|a100|s155|it0|14650fb0739d0383,maze-32-32-4,100,155,0,14650fb0739d0383,repair5g59_static_abstain_candidate,old14,static,old14,1.27893931668,True,False,False,False,False,False,False,False,False,False,False,False,False,False,0.0,0.0,False,False,1.25,1.25,1.0,0.75,0.95,1.0,0.35,0.75,False,False,False,False,False,False,100.0,4.615120516841,0.0,12908.0,129.08,9.465680021507,0.0,1.0,0.0,0.0,0.0,0.0,10500.0,1642.0,766.0,5032.0,5468.0,0.156380952381,0.072952380952,16.42,105.0,0.479238095238,0.0,0.0,0.0,0.0,0.0,2.0,2.0,0.0,100.0,4.61512051684126,0.0,1.25,1.25,1.0,0.75,0.95,1.0,0.35,0.75,0.0,0.0,0.0,1.0,0.0,0.0,0.0,0.0,0.0,0.0,1.0,0.0,0.0,0.479238095238,0.195476190476,0.054714285714,0.0,repair5g59_static_abstain_candidate,0.0,0.0,0.0,0.086842105263,-0.032894736842,0.059210526316,0.111842105263,0.001052631579,0.002631578947,-0.048684210526,0.032894736842,-0.026315789474,0.0,0.0,0.0,0.0,0.0,0.0,0.0,0.0,0.0
maze-32-32-4|a100|s155|it0|14650fb0739d0383,maze-32-32-4,100,155,0,14650fb0739d0383,repair5g59_static_flow_shield,old14,static,old14,1.27893931668,True,False,False,False,False,False,False,False,False,False,False,False,False,False,0.0,0.0,False,False,1.25,1.25,1.0,0.75,0.95,1.0,0.35,0.75,False,False,False,False,False,False,100.0,4.615120516841,0.0,12908.0,129.08,9.465680021507,0.0,1.0,0.0,0.0,0.0,0.0,10500.0,1642.0,766.0,5032.0,5468.0,0.156380952381,0.072952380952,16.42,105.0,0.479238095238,0.0,0.0,0.0,0.0,0.0,2.0,2.0,0.0,100.0,4.61512051684126,0.0,1.25,1.25,1.0,0.75,0.95,1.0,0.35,0.75,0.0,0.0,0.0,1.0,0.0,0.0,0.0,0.0,0.0,0.0,1.0,0.0,0.0,0.479238095238,0.195476190476,0.054714285714,0.0,repair5g59_static_abstain_candidate,0.0,0.0,0.0,0.086842105263,-0.032894736842,0.059210526316,0.111842105263,0.001052631579,0.002631578947,-0.048684210526,0.032894736842,-0.026315789474,0.0,0.0,0.0,0.0,0.0,0.0,0.0,0.0,0.0
maze-32-32-4|a100|s155|it0|14650fb0739d0383,maze-32-32-4,100,155,0,14650fb0739d0383,repair5g59_wait_aggressive,old14,flow_shield,old14,1.2891381948,True,False,False,False,False,False,False,False,False,False,False,False,False,False,0.01019887812,0.01019887812,True,False,1.25,1.25,1.0,1.0,0.95,1.0,0.35,0.75,False,False,False,False,False,False,100.0,4.615120516841,0.0,12908.0,129.08,9.465680021507,0.0,1.0,0.0,0.0,0.0,0.0,10500.0,1642.0,766.0,5032.0,5468.0,0.156380952381,0.072952380952,16.42,105.0,0.479238095238,0.0,0.0,0.0,0.0,0.0,2.0,2.0,0.0,100.0,4.61512051684126,0.0,1.25,1.25,1.0,1.0,0.95,1.0,0.35,0.75,0.0,0.0,0.0,1.0,0.0,0.0,0.0,0.0,1.0,0.0,0.0,0.0,0.0,0.479238095238,0.195476190476,0.072952380952,0.0,repair5g59_wait_aggressive,0.0,0.0,0.0,0.086842105263,-0.032894736842,0.059210526316,0.361842105263,0.001052631579,0.002631578947,-0.048684210526,0.032894736842,-0.026315789474,0.0,0.0,0.0,0.0,0.0,0.0,0.0,0.0,0.0
maze-32-32-4|a100|s155|it0|14650fb0739d0383,maze-32-32-4,100,155,0,14650fb0739d0383,repair5g59_wait_conservative,old14,wait_conservative,old14,1.3016318205,True,False,False,False,False,False,False,False,False,False,False,False,False,False,0.02269250382,0.02269250382,True,False,1.25,1.25,1.0,0.5,0.95,1.0,0.35,0.75,False,False,False,False,False,False,100.0,4.615120516841,0.0,12908.0,129.08,9.465680021507,0.0,1.0,0.0,0.0,0.0,0.0,10500.0,1642.0,766.0,5032.0,5468.0,0.156380952381,0.072952380952,16.42,105.0,0.479238095238,0.0,0.0,0.0,0.0,0.0,2.0,2.0,0.0,100.0,4.61512051684126,0.0,1.25,1.25,1.0,0.5,0.95,1.0,0.35,0.75,0.0,0.0,0.0,1.0,0.0,0.0,0.0,0.0,0.0,0.0,0.0,0.0,1.0,0.479238095238,0.195476190476,0.036476190476,0.0,repair5g59_wait_conservative,0.0,0.0,0.0,0.086842105263,-0.032894736842,0.059210526316,-0.138157894737,0.001052631579,0.002631578947,-0.048684210526,0.032894736842,-0.026315789474,0.0,0.0,0.0,0.042857142857,0.007142857143,0.0,0.021428571429,0.0,0.0
maze-32-32-4|a100|s155|it0|14650fb0739d0383,maze-32-32-4,100,155,0,14650fb0739d0383,repair5g518_grid_c1p25_b1p25_f1p00_w0p50_dc0p95_df1p00_beta0p35_max0p75_c0,g518_retained,wait_conservative,g518_retained,1.3016318205,True,False,False,False,False,False,False,False,False,False,False,False,False,False,0.02269250382,0.02269250382,True,False,1.25,1.25,1.0,0.5,0.95,1.0,0.35,0.75,False,False,False,False,False,False,100.0,4.615120516841,0.0,12908.0,129.08,9.465680021507,0.0,1.0,0.0,0.0,0.0,0.0,10500.0,1642.0,766.0,5032.0,5468.0,0.156380952381,0.072952380952,16.42,105.0,0.479238095238,0.0,0.0,0.0,0.0,0.0,2.0,2.0,0.0,100.0,4.61512051684126,0.0,1.25,1.25,1.0,0.5,0.95,1.0,0.35,0.75,0.0,1.0,0.0,0.0,0.0,0.0,0.0,0.0,0.0,0.0,0.0,0.0,1.0,0.479238095238,0.195476190476,0.036476190476,0.0,repair5g59_wait_conservative,0.0,0.0,0.0,0.086842105263,-0.032894736842,0.059210526316,-0.138157894737,0.001052631579,0.002631578947,-0.048684210526,0.032894736842,-0.026315789474,0.0,0.0,0.0,0.042857142857,0.007142857143,0.0,0.021428571429,0.0,0.0
maze-32-32-4|a100|s155|it0|14650fb0739d0383,maze-32-32-4,100,155,0,14650fb0739d0383,repair5g518_grid_c1p20_b1p35_f1p00_w0p70_dc0p95_df1p00_beta0p60_max0p75_c0,g518_retained,high_beta,g518_retained,1.29219785824,True,False,False,False,False,False,False,False,False,False,False,False,False,False,0.01325854156,0.01325854156,True,False,1.2,1.35,1.0,0.7,0.95,1.0,0.6,0.75,False,False,False,False,False,False,100.0,4.615120516841,0.0,12908.0,129.08,9.465680021507,0.0,1.0,0.0,0.0,0.0,0.0,10500.0,1642.0,766.0,5032.0,5468.0,0.156380952381,0.072952380952,16.42,105.0,0.479238095238,0.0,0.0,0.0,0.0,0.0,2.0,2.0,0.0,100.0,4.61512051684126,0.0,1.2,1.35,1.0,0.7,0.95,1.0,0.6,0.75,0.0,1.0,0.0,0.0,0.0,0.0,0.0,0.0,0.0,1.0,0.0,0.0,0.0,0.479238095238,0.211114285714,0.051066666666,0.0,repair5g59_high_beta_cap_safe,0.122474487139,0.122474487139,0.115535611769,0.036842105263,0.067105263158,0.059210526316,0.061842105263,0.001052631579,0.002631578947,0.201315789474,0.032894736842,-0.026315789474,-0.020833333333,0.108333333333,0.0,-0.020833333333,-0.0,0.004166666667,0.029166666667,0.0,0.0
maze-32-32-4|a100|s155|it0|14650fb0739d0383,maze-32-32-4,100,155,0,14650fb0739d0383,repair5g518_grid_c0p90_b1p50_f1p00_w0p45_dc0p95_df1p00_beta0p45_max0p75_c0,g518_retained,block_heavy,g518_retained,1.29449260581,True,False,False,False,False,False,False,False,False,False,False,False,False,False,0.01555328913,0.01555328913,True,False,0.9,1.5,1.0,0.45,0.95,1.0,0.45,0.75,False,False,False,False,False,False,100.0,4.615120516841,0.0,12908.0,129.08,9.465680021507,0.0,1.0,0.0,0.0,0.0,0.0,10500.0,1642.0,766.0,5032.0,5468.0,0.156380952381,0.072952380952,16.42,105.0,0.479238095238,0.0,0.0,0.0,0.0,0.0,2.0,2.0,0.0,100.0,4.61512051684126,0.0,0.9,1.5,1.0,0.45,0.95,1.0,0.45,0.75,0.0,1.0,0.0,0.0,0.0,1.0,0.0,0.0,0.0,0.0,0.0,0.0,0.0,0.479238095238,0.234571428571,0.032828571428,0.0,repair5g59_block_heavy_flow_guard,0.15,0.15,0.139761942375,-0.263157894737,0.217105263158,0.059210526316,-0.188157894737,0.001052631579,0.002631578947,0.051315789474,0.032894736842,-0.026315789474,-0.0125,-0.0125,0.0,-0.00625,0.00625,0.0,0.0625,0.0,0.0
maze-32-32-4|a100|s155|it0|14650fb0739d0383,maze-32-32-4,100,155,0,14650fb0739d0383,repair5g518_grid_c1p25_b1p25_f1p00_w0p35_dc0p95_df1p00_beta0p30_max0p75_c0,g518_retained,wait_conservative,g518_retained,1.30877103519,True,False,False,False,False,False,False,False,False,False,False,False,False,False,0.02983171851,0.02983171851,True,False,1.25,1.25,1.0,0.35,0.95,1.0,0.3,0.75,False,False,False,False,False,False,100.0,4.615120516841,0.0,12908.0,129.08,9.465680021507,0.0,1.0,0.0,0.0,0.0,0.0,10500.0,1642.0,766.0,5032.0,5468.0,0.156380952381,0.072952380952,16.42,105.0,0.479238095238,0.0,0.0,0.0,0.0,0.0,2.0,2.0,0.0,100.0,4.61512051684126,0.0,1.25,1.25,1.0,0.35,0.95,1.0,0.3,0.75,0.0,1.0,0.0,0.0,0.0,0.0,0.0,0.0,0.0,0.0,0.0,0.0,1.0,0.479238095238,0.195476190476,0.025533333333,0.0,repair5g59_wait_conservative,0.158113883008,0.158113883008,0.146792718882,0.086842105263,-0.032894736842,0.059210526316,-0.288157894737,0.001052631579,0.002631578947,-0.098684210526,0.032894736842,-0.026315789474,0.0,0.0,0.0,-0.107142857143,0.007142857143,0.0,-0.028571428571,0.0,0.0
maze-32-32-4|a100|s155|it0|14650fb0739d0383,maze-32-32-4,100,155,0,14650fb0739d0383,repair5g518_grid_c0p90_b1p40_f1p00_w0p45_dc0p95_df1p00_beta0p35_max0p75_c0,g518_retained,block_heavy,g518_retained,1.28939316675,True,False,False,False,False,False,False,False,False,False,False,False,False,False,0.01045385007,0.01045385007,True,False,0.9,1.4,1.0,0.45,0.95,1.0,0.35,0.75,False,False,False,False,False,False,100.0,4.615120516841,0.0,12908.0,129.08,9.465680021507,0.0,1.0,0.0,0.0,0.0,0.0,10500.0,1642.0,766.0,5032.0,5468.0,0.156380952381,0.072952380952,16.42,105.0,0.479238095238,0.0,0.0,0.0,0.0,0.0,2.0,2.0,0.0,100.0,4.61512051684126,0.0,0.9,1.4,1.0,0.45,0.95,1.0,0.35,0.75,0.0,1.0,0.0,0.0,0.0,1.0,0.0,0.0,0.0,0.0,0.0,0.0,0.0,0.479238095238,0.218933333333,0.032828571428,0.0,repair5g59_block_heavy_flow_guard,0.15,0.15,0.139761942375,-0.263157894737,0.117105263158,0.059210526316,-0.188157894737,0.001052631579,0.002631578947,-0.048684210526,0.032894736842,-0.026315789474,-0.0125,-0.1125,0.0,-0.00625,0.00625,0.0,-0.0375,0.0,0.0
maze-32-32-4|a100|s155|it0|14650fb0739d0383,maze-32-32-4,100,155,0,14650fb0739d0383,repair5g518_grid_c1p20_b1p15_f1p00_w0p70_dc0p95_df1p00_beta0p60_max0p75_c0,g518_retained,high_beta,g518_retained,1.3266190719,True,False,False,False,False,False,False,False,False,False,False,False,False,False,0.04767975522,0.04767975522,True,False,1.2,1.15,1.0,0.7,0.95,1.0,0.6,0.75,False,False,False,False,False,False,100.0,4.615120516841,0.0,12908.0,129.08,9.465680021507,0.0,1.0,0.0,0.0,0.0,0.0,10500.0,1642.0,766.0,5032.0,5468.0,0.156380952381,0.072952380952,16.42,105.0,0.479238095238,0.0,0.0,0.0,0.0,0.0,2.0,2.0,0.0,100.0,4.61512051684126,0.0,1.2,1.15,1.0,0.7,0.95,1.0,0.6,0.75,0.0,1.0,0.0,0.0,0.0,0.0,0.0,0.0,0.0,1.0,0.0,0.0,0.0,0.479238095238,0.179838095238,0.051066666666,0.0,repair5g59_high_beta_cap_safe,0.122474487139,0.122474487139,0.115535611769,0.036842105263,-0.132894736842,0.059210526316,0.061842105263,0.001052631579,0.002631578947,0.201315789474,0.032894736842,-0.026315789474,-0.020833333333,-0.091666666667,0.0,-0.020833333333,-0.0,0.004166666667,0.029166666667,0.0,0.0
maze-32-32-4|a100|s155|it0|14650fb0739d0383,maze-32-32-4,100,155,0,14650fb0739d0383,repair5g518_grid_c0p90_b1p65_f1p00_w0p45_dc0p95_df1p00_beta0p35_max0p75_c0,g518_retained,block_heavy,g518_retained,1.28633350331,False,True,False,False,False,True,False,False,False,False,False,False,True,False,0.00739418663,0.00739418663,True,True,0.9,1.65,1.0,0.45,0.95,1.0,0.35,0.75,False,False,False,False,False,False,100.0,4.615120516841,0.0,12908.0,129.08,9.465680021507,0.0,1.0,0.0,0.0,0.0,0.0,10500.0,1642.0,766.0,5032.0,5468.0,0.156380952381,0.072952380952,16.42,105.0,0.479238095238,0.0,0.0,0.0,0.0,0.0,2.0,2.0,0.0,100.0,4.61512051684126,0.0,0.9,1.65,1.0,0.45,0.95,1.0,0.35,0.75,0.0,1.0,0.0,0.0,0.0,1.0,0.0,0.0,0.0,0.0,0.0,0.0,0.0,0.479238095238,0.258028571429,0.032828571428,0.0,repair5g59_block_heavy_flow_guard,0.187082869339,0.187082869339,0.171498927292,-0.263157894737,0.367105263158,0.059210526316,-0.188157894737,0.001052631579,0.002631578947,-0.048684210526,0.032894736842,-0.026315789474,-0.0125,0.1375,0.0,-0.00625,0.00625,0.0,-0.0375,0.0,0.0
maze-32-32-4|a100|s155|it0|14650fb0739d0383,maze-32-32-4,100,155,0,14650fb0739d0383,repair5g518_grid_c1p20_b1p15_f1p00_w0p70_dc0p95_df1p00_beta0p55_max0p75_c0,g518_retained,high_beta,g518_retained,1.31234064253,False,True,False,False,False,True,False,False,False,False,False,False,True,False,0.03340132585,0.03340132585,True,True,1.2,1.15,1.0,0.7,0.95,1.0,0.55,0.75,False,False,False,False,False,False,100.0,4.615120516841,0.0,12908.0,129.08,9.465680021507,0.0,1.0,0.0,0.0,0.0,0.0,10500.0,1642.0,766.0,5032.0,5468.0,0.156380952381,0.072952380952,16.42,105.0,0.479238095238,0.0,0.0,0.0,0.0,0.0,2.0,2.0,0.0,100.0,4.61512051684126,0.0,1.2,1.15,1.0,0.7,0.95,1.0,0.55,0.75,0.0,1.0,0.0,0.0,0.0,0.0,0.0,0.0,0.0,1.0,0.0,0.0,0.0,0.479238095238,0.179838095238,0.051066666666,0.0,repair5g59_high_beta_cap_safe,0.132287565553,0.132287565553,0.124239980694,0.036842105263,-0.132894736842,0.059210526316,0.061842105263,0.001052631579,0.002631578947,0.151315789474,0.032894736842,-0.026315789474,-0.020833333333,-0.091666666667,0.0,-0.020833333333,-0.0,0.004166666667,-0.020833333333,0.0,0.0
maze-32-32-4|a100|s155|it0|14650fb0739d0383,maze-32-32-4,100,155,0,14650fb0739d0383,repair5g521_grid_c0p90_b1p50_f1p00_w0p45_dc0p95_df1p00_beta0p45_max0p75_c0,g521_second_wave,block_heavy,g521_second_wave,1.29449260581,True,False,False,False,False,False,False,False,False,False,False,False,False,False,0.01555328913,0.01555328913,True,False,0.9,1.5,1.0,0.45,0.95,1.0,0.45,0.75,False,False,False,False,False,False,100.0,4.615120516841,0.0,12908.0,129.08,9.465680021507,0.0,1.0,0.0,0.0,0.0,0.0,10500.0,1642.0,766.0,5032.0,5468.0,0.156380952381,0.072952380952,16.42,105.0,0.479238095238,0.0,0.0,0.0,0.0,0.0,2.0,2.0,0.0,100.0,4.61512051684126,0.0,0.9,1.5,1.0,0.45,0.95,1.0,0.45,0.75,0.0,0.0,1.0,0.0,0.0,1.0,0.0,0.0,0.0,0.0,0.0,0.0,0.0,0.479238095238,0.234571428571,0.032828571428,0.0,repair5g59_block_heavy_flow_guard,0.15,0.15,0.139761942375,-0.263157894737,0.217105263158,0.059210526316,-0.188157894737,0.001052631579,0.002631578947,0.051315789474,0.032894736842,-0.026315789474,-0.0125,-0.0125,0.0,-0.00625,0.00625,0.0,0.0625,0.0,0.0
maze-32-32-4|a100|s155|it0|14650fb0739d0383,maze-32-32-4,100,155,0,14650fb0739d0383,repair5g521_grid_c0p90_b1p40_f1p00_w0p45_dc0p95_df1p00_beta0p35_max0p75_c0,g521_second_wave,block_heavy,g521_second_wave,1.28939316675,True,False,False,False,False,False,False,False,False,False,False,False,False,False,0.01045385007,0.01045385007,True,False,0.9,1.4,1.0,0.45,0.95,1.0,0.35,0.75,False,False,False,False,False,False,100.0,4.615120516841,0.0,12908.0,129.08,9.465680021507,0.0,1.0,0.0,0.0,0.0,0.0,10500.0,1642.0,766.0,5032.0,5468.0,0.156380952381,0.072952380952,16.42,105.0,0.479238095238,0.0,0.0,0.0,0.0,0.0,2.0,2.0,0.0,100.0,4.61512051684126,0.0,0.9,1.4,1.0,0.45,0.95,1.0,0.35,0.75,0.0,0.0,1.0,0.0,0.0,1.0,0.0,0.0,0.0,0.0,0.0,0.0,0.0,0.479238095238,0.218933333333,0.032828571428,0.0,repair5g59_block_heavy_flow_guard,0.15,0.15,0.139761942375,-0.263157894737,0.117105263158,0.059210526316,-0.188157894737,0.001052631579,0.002631578947,-0.048684210526,0.032894736842,-0.026315789474,-0.0125,-0.1125,0.0,-0.00625,0.00625,0.0,-0.0375,0.0,0.0
maze-32-32-4|a100|s155|it0|14650fb0739d0383,maze-32-32-4,100,155,0,14650fb0739d0383,repair5g521_grid_c0p90_b1p65_f1p00_w0p45_dc0p95_df1p00_beta0p35_max0p75_c0,g521_second_wave,block_heavy,g521_second_wave,1.28633350331,True,False,False,False,False,False,False,False,False,False,False,False,False,False,0.00739418663,0.00739418663,True,False,0.9,1.65,1.0,0.45,0.95,1.0,0.35,0.75,False,False,False,False,False,False,100.0,4.615120516841,0.0,12908.0,129.08,9.465680021507,0.0,1.0,0.0,0.0,0.0,0.0,10500.0,1642.0,766.0,5032.0,5468.0,0.156380952381,0.072952380952,16.42,105.0,0.479238095238,0.0,0.0,0.0,0.0,0.0,2.0,2.0,0.0,100.0,4.61512051684126,0.0,0.9,1.65,1.0,0.45,0.95,1.0,0.35,0.75,0.0,0.0,1.0,0.0,0.0,1.0,0.0,0.0,0.0,0.0,0.0,0.0,0.0,0.479238095238,0.258028571429,0.032828571428,0.0,repair5g59_block_heavy_flow_guard,0.187082869339,0.187082869339,0.171498927292,-0.263157894737,0.367105263158,0.059210526316,-0.188157894737,0.001052631579,0.002631578947,-0.048684210526,0.032894736842,-0.026315789474,-0.0125,0.1375,0.0,-0.00625,0.00625,0.0,-0.0375,0.0,0.0
maze-32-32-4|a100|s155|it0|14650fb0739d0383,maze-32-32-4,100,155,0,14650fb0739d0383,repair5g521_grid_c0p90_b1p50_f1p00_w0p45_dc0p90_df1p00_beta0p45_max0p75_c0,g521_second_wave,block_heavy,g521_second_wave,1.29449260581,True,False,False,False,False,False,False,False,False,False,False,False,False,False,0.01555328913,0.01555328913,True,False,0.9,1.5,1.0,0.45,0.9,1.0,0.45,0.75,False,False,False,False,False,False,100.0,4.615120516841,0.0,12908.0,129.08,9.465680021507,0.0,1.0,0.0,0.0,0.0,0.0,10500.0,1642.0,766.0,5032.0,5468.0,0.156380952381,0.072952380952,16.42,105.0,0.479238095238,0.0,0.0,0.0,0.0,0.0,2.0,2.0,0.0,100.0,4.61512051684126,0.0,0.9,1.5,1.0,0.45,0.9,1.0,0.45,0.75,0.0,0.0,1.0,0.0,0.0,1.0,0.0,0.0,0.0,0.0,0.0,0.0,0.0,0.479238095238,0.234571428571,0.032828571428,0.0,repair5g59_block_heavy_flow_guard,0.158113883008,0.158113883008,0.146792718882,-0.263157894737,0.217105263158,0.059210526316,-0.188157894737,-0.048947368421,0.002631578947,0.051315789474,0.032894736842,-0.026315789474,-0.0125,-0.0125,0.0,-0.00625,-0.04375,0.0,0.0625,0.0,0.0
maze-32-32-4|a100|s155|it0|14650fb0739d0383,maze-32-32-4,100,155,0,14650fb0739d0383,repair5g521_grid_c1p20_b1p35_f1p00_w0p70_dc0p95_df1p00_beta0p60_max0p75_c0,g521_second_wave,high_beta,g521_second_wave,1.29219785824,True,False,False,False,False,False,False,False,False,False,False,False,False,False,0.01325854156,0.01325854156,True,False,1.2,1.35,1.0,0.7,0.95,1.0,0.6,0.75,False,False,False,False,False,False,100.0,4.615120516841,0.0,12908.0,129.08,9.465680021507,0.0,1.0,0.0,0.0,0.0,0.0,10500.0,1642.0,766.0,5032.0,5468.0,0.156380952381,0.072952380952,16.42,105.0,0.479238095238,0.0,0.0,0.0,0.0,0.0,2.0,2.0,0.0,100.0,4.61512051684126,0.0,1.2,1.35,1.0,0.7,0.95,1.0,0.6,0.75,0.0,0.0,1.0,0.0,0.0,0.0,0.0,0.0,0.0,1.0,0.0,0.0,0.0,0.479238095238,0.211114285714,0.051066666666,0.0,repair5g59_high_beta_cap_safe,0.122474487139,0.122474487139,0.115535611769,0.036842105263,0.067105263158,0.059210526316,0.061842105263,0.001052631579,0.002631578947,0.201315789474,0.032894736842,-0.026315789474,-0.020833333333,0.108333333333,0.0,-0.020833333333,-0.0,0.004166666667,0.029166666667,0.0,0.0
maze-32-32-4|a100|s155|it0|14650fb0739d0383,maze-32-32-4,100,155,0,14650fb0739d0383,repair5g521_grid_c1p20_b1p15_f1p00_w0p70_dc0p95_df1p00_beta0p60_max0p75_c0,g521_second_wave,high_beta,g521_second_wave,1.3266190719,False,True,False,False,False,True,False,False,False,False,False,False,True,False,0.04767975522,0.04767975522,True,True,1.2,1.15,1.0,0.7,0.95,1.0,0.6,0.75,False,False,False,False,False,False,100.0,4.615120516841,0.0,12908.0,129.08,9.465680021507,0.0,1.0,0.0,0.0,0.0,0.0,10500.0,1642.0,766.0,5032.0,5468.0,0.156380952381,0.072952380952,16.42,105.0,0.479238095238,0.0,0.0,0.0,0.0,0.0,2.0,2.0,0.0,100.0,4.61512051684126,0.0,1.2,1.15,1.0,0.7,0.95,1.0,0.6,0.75,0.0,0.0,1.0,0.0,0.0,0.0,0.0,0.0,0.0,1.0,0.0,0.0,0.0,0.479238095238,0.179838095238,0.051066666666,0.0,repair5g59_high_beta_cap_safe,0.122474487139,0.122474487139,0.115535611769,0.036842105263,-0.132894736842,0.059210526316,0.061842105263,0.001052631579,0.002631578947,0.201315789474,0.032894736842,-0.026315789474,-0.020833333333,-0.091666666667,0.0,-0.020833333333,-0.0,0.004166666667,0.029166666667,0.0,0.0
maze-32-32-4|a100|s155|it0|14650fb0739d0383,maze-32-32-4,100,155,0,14650fb0739d0383,repair5g521_grid_c1p20_b1p15_f1p00_w0p70_dc0p95_df1p00_beta0p55_max0p75_c0,g521_second_wave,high_beta,g521_second_wave,1.31234064253,True,False,False,False,False,False,False,False,False,False,False,False,False,False,0.03340132585,0.03340132585,True,False,1.2,1.15,1.0,0.7,0.95,1.0,0.55,0.75,False,False,False,False,False,False,100.0,4.615120516841,0.0,12908.0,129.08,9.465680021507,0.0,1.0,0.0,0.0,0.0,0.0,10500.0,1642.0,766.0,5032.0,5468.0,0.156380952381,0.072952380952,16.42,105.0,0.479238095238,0.0,0.0,0.0,0.0,0.0,2.0,2.0,0.0,100.0,4.61512051684126,0.0,1.2,1.15,1.0,0.7,0.95,1.0,0.55,0.75,0.0,0.0,1.0,0.0,0.0,0.0,0.0,0.0,0.0,1.0,0.0,0.0,0.0,0.479238095238,0.179838095238,0.051066666666,0.0,repair5g59_high_beta_cap_safe,0.132287565553,0.132287565553,0.124239980694,0.036842105263,-0.132894736842,0.059210526316,0.061842105263,0.001052631579,0.002631578947,0.151315789474,0.032894736842,-0.026315789474,-0.020833333333,-0.091666666667,0.0,-0.020833333333,-0.0,0.004166666667,-0.020833333333,0.0,0.0
maze-32-32-4|a100|s155|it0|14650fb0739d0383,maze-32-32-4,100,155,0,14650fb0739d0383,repair5g521_grid_c1p20_b1p35_f1p00_w0p70_dc0p95_df1p00_beta0p55_max0p75_c0,g521_second_wave,high_beta,g521_second_wave,1.31565527792,True,False,False,False,False,False,False,False,False,False,False,False,False,False,0.03671596124,0.03671596124,True,False,1.2,1.35,1.0,0.7,0.95,1.0,0.55,0.75,False,False,False,False,False,False,100.0,4.615120516841,0.0,12908.0,129.08,9.465680021507,0.0,1.0,0.0,0.0,0.0,0.0,10500.0,1642.0,766.0,5032.0,5468.0,0.156380952381,0.072952380952,16.42,105.0,0.479238095238,0.0,0.0,0.0,0.0,0.0,2.0,2.0,0.0,100.0,4.61512051684126,0.0,1.2,1.35,1.0,0.7,0.95,1.0,0.55,0.75,0.0,0.0,1.0,0.0,0.0,0.0,0.0,0.0,0.0,1.0,0.0,0.0,0.0,0.479238095238,0.211114285714,0.051066666666,0.0,repair5g59_high_beta_cap_safe,0.132287565553,0.132287565553,0.124239980694,0.036842105263,0.067105263158,0.059210526316,0.061842105263,0.001052631579,0.002631578947,0.151315789474,0.032894736842,-0.026315789474,-0.020833333333,0.108333333333,0.0,-0.020833333333,-0.0,0.004166666667,-0.020833333333,0.0,0.0
maze-32-32-4|a100|s155|it0|14650fb0739d0383,maze-32-32-4,100,155,0,14650fb0739d0383,repair5g521_grid_c1p25_b1p25_f1p00_w0p50_dc0p95_df1p00_beta0p35_max0p75_c0,g521_second_wave,wait_conservative,g521_second_wave,1.3016318205,True,False,False,False,False,False,False,False,False,False,False,False,False,False,0.02269250382,0.02269250382,True,False,1.25,1.25,1.0,0.5,0.95,1.0,0.35,0.75,False,False,False,False,False,False,100.0,4.615120516841,0.0,12908.0,129.08,9.465680021507,0.0,1.0,0.0,0.0,0.0,0.0,10500.0,1642.0,766.0,5032.0,5468.0,0.156380952381,0.072952380952,16.42,105.0,0.479238095238,0.0,0.0,0.0,0.0,0.0,2.0,2.0,0.0,100.0,4.61512051684126,0.0,1.25,1.25,1.0,0.5,0.95,1.0,0.35,0.75,0.0,0.0,1.0,0.0,0.0,0.0,0.0,0.0,0.0,0.0,0.0,0.0,1.0,0.479238095238,0.195476190476,0.036476190476,0.0,repair5g59_wait_conservative,0.0,0.0,0.0,0.086842105263,-0.032894736842,0.059210526316,-0.138157894737,0.001052631579,0.002631578947,-0.048684210526,0.032894736842,-0.026315789474,0.0,0.0,0.0,0.042857142857,0.007142857143,0.0,0.021428571429,0.0,0.0
maze-32-32-4|a100|s155|it0|14650fb0739d0383,maze-32-32-4,100,155,0,14650fb0739d0383,repair5g521_grid_c1p25_b1p25_f1p00_w0p35_dc0p95_df1p00_beta0p30_max0p75_c0,g521_second_wave,wait_conservative,g521_second_wave,1.30877103519,True,False,False,False,False,False,False,False,False,False,False,False,False,False,0.02983171851,0.02983171851,True,False,1.25,1.25,1.0,0.35,0.95,1.0,0.3,0.75,False,False,False,False,False,False,100.0,4.615120516841,0.0,12908.0,129.08,9.465680021507,0.0,1.0,0.0,0.0,0.0,0.0,10500.0,1642.0,766.0,5032.0,5468.0,0.156380952381,0.072952380952,16.42,105.0,0.479238095238,0.0,0.0,0.0,0.0,0.0,2.0,2.0,0.0,100.0,4.61512051684126,0.0,1.25,1.25,1.0,0.35,0.95,1.0,0.3,0.75,0.0,0.0,1.0,0.0,0.0,0.0,0.0,0.0,0.0,0.0,0.0,0.0,1.0,0.479238095238,0.195476190476,0.025533333333,0.0,repair5g59_wait_conservative,0.158113883008,0.158113883008,0.146792718882,0.086842105263,-0.032894736842,0.059210526316,-0.288157894737,0.001052631579,0.002631578947,-0.098684210526,0.032894736842,-0.026315789474,0.0,0.0,0.0,-0.107142857143,0.007142857143,0.0,-0.028571428571,0.0,0.0
maze-32-32-4|a100|s155|it0|14650fb0739d0383,maze-32-32-4,100,155,0,14650fb0739d0383,repair5g521_grid_c1p25_b1p25_f1p00_w0p50_dc0p90_df1p00_beta0p35_max0p75_c0,g521_second_wave,wait_conservative,g521_second_wave,1.3016318205,True,False,False,False,False,False,False,False,False,False,False,False,False,False,0.02269250382,0.02269250382,True,False,1.25,1.25,1.0,0.5,0.9,1.0,0.35,0.75,False,False,False,False,False,False,100.0,4.615120516841,0.0,12908.0,129.08,9.465680021507,0.0,1.0,0.0,0.0,0.0,0.0,10500.0,1642.0,766.0,5032.0,5468.0,0.156380952381,0.072952380952,16.42,105.0,0.479238095238,0.0,0.0,0.0,0.0,0.0,2.0,2.0,0.0,100.0,4.61512051684126,0.0,1.25,1.25,1.0,0.5,0.9,1.0,0.35,0.75,0.0,0.0,1.0,0.0,0.0,0.0,0.0,0.0,0.0,0.0,0.0,0.0,1.0,0.479238095238,0.195476190476,0.036476190476,0.0,repair5g59_wait_conservative,0.05,0.05,0.048790164169,0.086842105263,-0.032894736842,0.059210526316,-0.138157894737,-0.048947368421,0.002631578947,-0.048684210526,0.032894736842,-0.026315789474,0.0,0.0,0.0,0.042857142857,-0.042857142857,0.0,0.021428571429,0.0,0.0
maze-32-32-4|a100|s155|it0|14650fb0739d0383,maze-32-32-4,100,155,0,14650fb0739d0383,repair5g521_grid_c1p25_b1p25_f1p00_w0p50_dc0p95_df1p00_beta0p30_max0p75_c0,g521_second_wave,wait_conservative,g521_second_wave,1.29117797042,True,False,False,False,False,False,False,False,False,False,False,False,False,False,0.01223865374,0.01223865374,True,False,1.25,1.25,1.0,0.5,0.95,1.0,0.3,0.75,False,False,False,False,False,False,100.0,4.615120516841,0.0,12908.0,129.08,9.465680021507,0.0,1.0,0.0,0.0,0.0,0.0,10500.0,1642.0,766.0,5032.0,5468.0,0.156380952381,0.072952380952,16.42,105.0,0.479238095238,0.0,0.0,0.0,0.0,0.0,2.0,2.0,0.0,100.0,4.61512051684126,0.0,1.25,1.25,1.0,0.5,0.95,1.0,0.3,0.75,0.0,0.0,1.0,0.0,0.0,0.0,0.0,0.0,0.0,0.0,0.0,0.0,1.0,0.479238095238,0.195476190476,0.036476190476,0.0,repair5g59_wait_conservative,0.05,0.05,0.048790164169,0.086842105263,-0.032894736842,0.059210526316,-0.138157894737,0.001052631579,0.002631578947,-0.098684210526,0.032894736842,-0.026315789474,0.0,0.0,0.0,0.042857142857,0.007142857143,0.0,-0.028571428571,0.0,0.0
maze-32-32-4|a100|s155|it0|14650fb0739d0383,maze-32-32-4,100,155,0,14650fb0739d0383,repair5g521_grid_c1p25_b1p25_f1p00_w0p75_dc0p95_df1p00_beta0p55_max0p75_c0,g521_second_wave,high_beta,g521_second_wave,1.31234064253,True,False,False,False,False,False,False,False,False,False,False,False,False,False,0.03340132585,0.03340132585,True,False,1.25,1.25,1.0,0.75,0.95,1.0,0.55,0.75,False,False,False,False,False,False,100.0,4.615120516841,0.0,12908.0,129.08,9.465680021507,0.0,1.0,0.0,0.0,0.0,0.0,10500.0,1642.0,766.0,5032.0,5468.0,0.156380952381,0.072952380952,16.42,105.0,0.479238095238,0.0,0.0,0.0,0.0,0.0,2.0,2.0,0.0,100.0,4.61512051684126,0.0,1.25,1.25,1.0,0.75,0.95,1.0,0.55,0.75,0.0,0.0,1.0,0.0,0.0,0.0,0.0,0.0,0.0,1.0,0.0,0.0,0.0,0.479238095238,0.195476190476,0.054714285714,0.0,repair5g59_high_beta_cap_safe,0.05,0.05,0.048790164169,0.086842105263,-0.032894736842,0.059210526316,0.111842105263,0.001052631579,0.002631578947,0.151315789474,0.032894736842,-0.026315789474,0.029166666667,0.008333333333,0.0,0.029166666667,-0.0,0.004166666667,-0.020833333333,0.0,0.0
maze-32-32-4|a100|s155|it0|14650fb0739d0383,maze-32-32-4,100,155,0,14650fb0739d0383,repair5g521_grid_c1p25_b1p25_f1p00_w0p75_dc0p90_df1p00_beta0p55_max0p75_c0,g521_second_wave,high_beta,g521_second_wave,1.31234064253,True,False,False,False,False,False,False,False,False,False,False,False,False,False,0.03340132585,0.03340132585,True,False,1.25,1.25,1.0,0.75,0.9,1.0,0.55,0.75,False,False,False,False,False,False,100.0,4.615120516841,0.0,12908.0,129.08,9.465680021507,0.0,1.0,0.0,0.0,0.0,0.0,10500.0,1642.0,766.0,5032.0,5468.0,0.156380952381,0.072952380952,16.42,105.0,0.479238095238,0.0,0.0,0.0,0.0,0.0,2.0,2.0,0.0,100.0,4.61512051684126,0.0,1.25,1.25,1.0,0.75,0.9,1.0,0.55,0.75,0.0,0.0,1.0,0.0,0.0,0.0,0.0,0.0,0.0,1.0,0.0,0.0,0.0,0.479238095238,0.195476190476,0.054714285714,0.0,repair5g59_high_beta_cap_safe,0.070710678119,0.070710678119,0.068322613158,0.086842105263,-0.032894736842,0.059210526316,0.111842105263,-0.048947368421,0.002631578947,0.151315789474,0.032894736842,-0.026315789474,0.029166666667,0.008333333333,0.0,0.029166666667,-0.05,0.004166666667,-0.020833333333,0.0,0.0
maze-32-32-4|a100|s155|it0|14650fb0739d0383,maze-32-32-4,100,155,0,14650fb0739d0383,repair5g521_grid_c1p25_b1p25_f1p00_w0p75_dc0p95_df0p95_beta0p55_max0p75_c0,g521_second_wave,high_beta,g521_second_wave,1.31234064253,True,False,False,False,False,False,False,False,False,False,False,False,False,False,0.03340132585,0.03340132585,True,False,1.25,1.25,1.0,0.75,0.95,0.95,0.55,0.75,False,False,False,False,False,False,100.0,4.615120516841,0.0,12908.0,129.08,9.465680021507,0.0,1.0,0.0,0.0,0.0,0.0,10500.0,1642.0,766.0,5032.0,5468.0,0.156380952381,0.072952380952,16.42,105.0,0.479238095238,0.0,0.0,0.0,0.0,0.0,2.0,2.0,0.0,100.0,4.61512051684126,0.0,1.25,1.25,1.0,0.75,0.95,0.95,0.55,0.75,0.0,0.0,1.0,0.0,0.0,0.0,0.0,0.0,0.0,1.0,0.0,0.0,0.0,0.479238095238,0.195476190476,0.054714285714,0.0,repair5g59_high_beta_cap_safe,0.070710678119,0.070710678119,0.068322613158,0.086842105263,-0.032894736842,0.059210526316,0.111842105263,0.001052631579,-0.047368421053,0.151315789474,0.032894736842,-0.026315789474,0.029166666667,0.008333333333,0.0,0.029166666667,-0.0,-0.045833333333,-0.020833333333,0.0,0.0
maze-32-32-4|a100|s155|it0|14650fb0739d0383,maze-32-32-4,100,155,0,14650fb0739d0383,repair5g521_grid_c1p25_b1p25_f1p00_w0p75_dc1p00_df1p00_beta0p55_max0p75_c0,g521_second_wave,high_beta,g521_second_wave,1.31234064253,True,False,False,False,False,False,False,False,False,False,False,False,False,False,0.03340132585,0.03340132585,True,False,1.25,1.25,1.0,0.75,1.0,1.0,0.55,0.75,False,False,False,False,False,False,100.0,4.615120516841,0.0,12908.0,129.08,9.465680021507,0.0,1.0,0.0,0.0,0.0,0.0,10500.0,1642.0,766.0,5032.0,5468.0,0.156380952381,0.072952380952,16.42,105.0,0.479238095238,0.0,0.0,0.0,0.0,0.0,2.0,2.0,0.0,100.0,4.61512051684126,0.0,1.25,1.25,1.0,0.75,1.0,1.0,0.55,0.75,0.0,0.0,1.0,0.0,0.0,0.0,0.0,0.0,0.0,1.0,0.0,0.0,0.0,0.479238095238,0.195476190476,0.054714285714,0.0,repair5g59_high_beta_cap_safe,0.070710678119,0.070710678119,0.068322613158,0.086842105263,-0.032894736842,0.059210526316,0.111842105263,0.051052631579,0.002631578947,0.151315789474,0.032894736842,-0.026315789474,0.029166666667,0.008333333333,0.0,0.029166666667,0.05,0.004166666667,-0.020833333333,0.0,0.0
maze-32-32-4|a50|s150|it0|14650fb0739d0383,maze-32-32-4,50,150,0,14650fb0739d0383,repair5g59_additive_fallback,old14,additive,old14,1.244,True,False,False,False,False,False,False,False,False,False,False,False,False,False,0.07257142857,0.07714285714,True,False,,,,,,,,,,False,False,False,False,False,50.0,3.931825632724,0.0,5785.0,115.7,8.663196485536,0.0,1.0,0.0,0.0,0.0,0.0,5300.0,328.0,157.0,2036.0,3264.0,0.061886792453,0.029622641509,6.56,106.0,0.384150943396,0.0,0.0,0.0,0.0,0.0,2.0,2.0,0.0,50.0,3.9318256327243257,0.0,1.0,1.0,0.0,1.0,1.0,1.0,0.0,0.0,0.0,0.0,0.0,1.0,1.0,0.0,0.0,0.0,0.0,0.0,0.0,0.0,0.0,0.0,0.061886792453,0.029622641509,0.0,,,,0.0,-0.163157894737,-0.282894736842,-0.940789473684,0.361842105263,0.051052631579,0.002631578947,-0.398684210526,-0.717105263158,-0.026315789474,0.0,0.0,0.0,0.0,0.0,0.0,0.0,0.0,0.0
maze-32-32-4|a50|s150|it0|14650fb0739d0383,maze-32-32-4,50,150,0,14650fb0739d0383,repair5g59_block_heavy_flow_guard,old14,block_heavy,old14,1.20857142857,True,False,False,False,False,False,False,False,False,False,False,False,False,False,0.03714285714,0.04171428571,True,False,1.0,1.5,1.0,0.5,0.95,1.0,0.35,0.75,False,False,False,False,False,False,50.0,3.931825632724,0.0,5785.0,115.7,8.663196485536,0.0,1.0,0.0,0.0,0.0,0.0,5300.0,328.0,157.0,2036.0,3264.0,0.061886792453,0.029622641509,6.56,106.0,0.384150943396,0.0,0.0,0.0,0.0,0.0,2.0,2.0,0.0,50.0,3.9318256327243257,0.0,1.0,1.5,1.0,0.5,0.95,1.0,0.35,0.75,0.0,0.0,0.0,1.0,0.0,1.0,0.0,0.0,0.0,0.0,0.0,0.0,0.0,0.384150943396,0.09283018868,0.014811320755,0.0,repair5g59_block_heavy_flow_guard,0.0,0.0,0.0,-0.163157894737,0.217105263158,0.059210526316,-0.138157894737,0.001052631579,0.002631578947,-0.048684210526,0.032894736842,-0.026315789474,0.0875,-0.0125,0.0,0.04375,0.00625,0.0,-0.0375,0.0,0.0
maze-32-32-4|a50|s150|it0|14650fb0739d0383,maze-32-32-4,50,150,0,14650fb0739d0383,repair5g59_c_only_f_disabled,old14,static_boundary_c_only,old14,1.23542857143,True,False,False,False,False,False,False,False,False,False,False,False,False,False,0.064,0.06857142857,True,False,1.25,1.25,0.0,0.75,0.95,1.0,0.0,0.0,True,False,False,False,False,False,50.0,3.931825632724,0.0,5785.0,115.7,8.663196485536,0.0,1.0,0.0,0.0,0.0,0.0,5300.0,328.0,157.0,2036.0,3264.0,0.061886792453,0.029622641509,6.56,106.0,0.384150943396,0.0,0.0,0.0,0.0,0.0,2.0,2.0,0.0,50.0,3.9318256327243257,0.0,1.25,1.25,0.0,0.75,0.95,1.0,0.0,0.0,1.0,0.0,0.0,1.0,0.0,0.0,0.0,0.0,0.0,0.0,0.0,1.0,0.0,0.0,0.077358490566,0.022216981132,0.0,repair5g59_c_only_f_disabled,0.0,0.0,0.0,0.086842105263,-0.032894736842,-0.940789473684,0.111842105263,0.001052631579,0.002631578947,-0.398684210526,-0.717105263158,0.973684210526,0.0,0.0,0.0,0.0,0.0,0.0,0.0,0.0,0.0
maze-32-32-4|a50|s150|it0|14650fb0739d0383,maze-32-32-4,50,150,0,14650fb0739d0383,repair5g59_commit_heavy_flow_guard,old14,commit_heavy,old14,1.20742857143,True,False,False,False,False,False,False,False,False,False,False,False,False,False,0.036,0.04057142857,True,False,1.5,1.0,1.0,0.75,0.95,1.0,0.35,0.75,False,False,False,False,False,False,50.0,3.931825632724,0.0,5785.0,115.7,8.663196485536,0.0,1.0,0.0,0.0,0.0,0.0,5300.0,328.0,157.0,2036.0,3264.0,0.061886792453,0.029622641509,6.56,106.0,0.384150943396,0.0,0.0,0.0,0.0,0.0,2.0,2.0,0.0,50.0,3.9318256327243257,0.0,1.5,1.0,1.0,0.75,0.95,1.0,0.35,0.75,0.0,0.0,0.0,1.0,0.0,0.0,1.0,0.0,0.0,0.0,0.0,0.0,0.0,0.384150943396,0.061886792453,0.022216981132,0.0,repair5g59_commit_heavy_flow_guard,0.0,0.0,0.0,0.336842105263,-0.282894736842,0.059210526316,0.111842105263,0.001052631579,0.002631578947,-0.048684210526,0.032894736842,-0.026315789474,0.0,0.0,0.0,0.0,0.0,0.0,0.0,0.0,0.0
maze-32-32-4|a50|s150|it0|14650fb0739d0383,maze-32-32-4,50,150,0,14650fb0739d0383,repair5g59_fast_decay_low_shield,old14,flow_decay,old14,1.22114285714,True,False,False,False,False,False,False,False,False,False,False,False,False,False,0.04971428571,0.05428571428,True,False,1.25,1.25,1.0,0.75,0.9,1.0,0.2,0.5,False,False,False,False,False,False,50.0,3.931825632724,0.0,5785.0,115.7,8.663196485536,0.0,1.0,0.0,0.0,0.0,0.0,5300.0,328.0,157.0,2036.0,3264.0,0.061886792453,0.029622641509,6.56,106.0,0.384150943396,0.0,0.0,0.0,0.0,0.0,2.0,2.0,0.0,50.0,3.9318256327243257,0.0,1.25,1.25,1.0,0.75,0.9,1.0,0.2,0.5,0.0,0.0,0.0,1.0,0.0,0.0,0.0,1.0,0.0,0.0,0.0,0.0,0.0,0.384150943396,0.077358490566,0.022216981132,0.0,repair5g59_fast_decay_low_shield,0.0,0.0,0.0,0.086842105263,-0.032894736842,0.059210526316,0.111842105263,-0.048947368421,0.002631578947,-0.198684210526,-0.217105263158,-0.026315789474,0.05,0.05,0.05,0.0,-0.052,0.01,-0.1,-0.3,0.0
maze-32-32-4|a50|s150|it0|14650fb0739d0383,maze-32-32-4,50,150,0,14650fb0739d0383,repair5g59_flow_decay,old14,flow_decay,old14,1.17142857143,True,False,False,False,False,False,False,False,False,False,False,False,False,False,0.0,0.00457142857,False,False,1.25,1.25,1.0,0.75,0.95,0.95,0.35,0.75,False,False,False,False,False,False,50.0,3.931825632724,0.0,5785.0,115.7,8.663196485536,0.0,1.0,0.0,0.0,0.0,0.0,5300.0,328.0,157.0,2036.0,3264.0,0.061886792453,0.029622641509,6.56,106.0,0.384150943396,0.0,0.0,0.0,0.0,0.0,2.0,2.0,0.0,50.0,3.9318256327243257,0.0,1.25,1.25,1.0,0.75,0.95,0.95,0.35,0.75,0.0,0.0,0.0,1.0,0.0,0.0,0.0,1.0,0.0,0.0,0.0,0.0,0.0,0.384150943396,0.077358490566,0.022216981132,0.0,repair5g59_flow_decay,0.0,0.0,0.0,0.086842105263,-0.032894736842,0.059210526316,0.111842105263,0.001052631579,-0.047368421053,-0.048684210526,0.032894736842,-0.026315789474,0.05,0.05,0.05,0.0,-0.002,-0.04,0.05,-0.05,0.0
maze-32-32-4|a50|s150|it0|14650fb0739d0383,maze-32-32-4,50,150,0,14650fb0739d0383,repair5g59_high_beta_cap_safe,old14,high_beta,old14,1.184,True,False,False,False,False,False,False,False,False,False,False,False,False,False,0.01257142857,0.01714285714,True,False,1.25,1.25,1.0,0.75,0.95,1.0,0.6,0.75,False,False,False,False,False,False,50.0,3.931825632724,0.0,5785.0,115.7,8.663196485536,0.0,1.0,0.0,0.0,0.0,0.0,5300.0,328.0,157.0,2036.0,3264.0,0.061886792453,0.029622641509,6.56,106.0,0.384150943396,0.0,0.0,0.0,0.0,0.0,2.0,2.0,0.0,50.0,3.9318256327243257,0.0,1.25,1.25,1.0,0.75,0.95,1.0,0.6,0.75,0.0,0.0,0.0,1.0,0.0,0.0,0.0,0.0,0.0,1.0,0.0,0.0,0.0,0.384150943396,0.077358490566,0.022216981132,0.0,repair5g59_high_beta_cap_safe,0.0,0.0,0.0,0.086842105263,-0.032894736842,0.059210526316,0.111842105263,0.001052631579,0.002631578947,0.201315789474,0.032894736842,-0.026315789474,0.029166666667,0.008333333333,0.0,0.029166666667,-0.0,0.004166666667,0.029166666667,0.0,0.0
maze-32-32-4|a50|s150|it0|14650fb0739d0383,maze-32-32-4,50,150,0,14650fb0739d0383,repair5g59_light_cong_light_flow,old14,flow_decay,old14,1.22571428571,True,False,False,False,False,False,False,False,False,False,False,False,False,False,0.05428571428,0.05885714285,True,False,1.0,1.0,0.75,0.75,0.98,1.0,0.25,0.5,False,False,False,False,False,False,50.0,3.931825632724,0.0,5785.0,115.7,8.663196485536,0.0,1.0,0.0,0.0,0.0,0.0,5300.0,328.0,157.0,2036.0,3264.0,0.061886792453,0.029622641509,6.56,106.0,0.384150943396,0.0,0.0,0.0,0.0,0.0,2.0,2.0,0.0,50.0,3.9318256327243257,0.0,1.0,1.0,0.75,0.75,0.98,1.0,0.25,0.5,0.0,0.0,0.0,1.0,0.0,0.0,0.0,1.0,0.0,0.0,0.0,0.0,0.0,0.288113207547,0.061886792453,0.022216981132,0.0,repair5g59_light_cong_light_flow,0.0,0.0,0.0,-0.163157894737,-0.282894736842,-0.190789473684,0.111842105263,0.031052631579,0.002631578947,-0.148684210526,-0.217105263158,-0.026315789474,-0.2,-0.2,-0.2,0.0,0.028,0.01,-0.05,-0.3,0.0
maze-32-32-4|a50|s150|it0|14650fb0739d0383,maze-32-32-4,50,150,0,14650fb0739d0383,repair5g59_low_beta_high_cap,old14,flow_decay,old14,1.18571428571,True,False,False,False,False,False,False,False,False,False,False,False,False,False,0.01428571428,0.01885714285,True,False,1.25,1.25,1.0,0.75,0.95,1.0,0.2,1.25,False,False,False,False,False,False,50.0,3.931825632724,0.0,5785.0,115.7,8.663196485536,0.0,1.0,0.0,0.0,0.0,0.0,5300.0,328.0,157.0,2036.0,3264.0,0.061886792453,0.029622641509,6.56,106.0,0.384150943396,0.0,0.0,0.0,0.0,0.0,2.0,2.0,0.0,50.0,3.9318256327243257,0.0,1.25,1.25,1.0,0.75,0.95,1.0,0.2,1.25,0.0,0.0,0.0,1.0,0.0,0.0,0.0,1.0,0.0,0.0,0.0,0.0,0.0,0.384150943396,0.077358490566,0.022216981132,0.0,repair5g59_low_beta_high_cap,0.0,0.0,0.0,0.086842105263,-0.032894736842,0.059210526316,0.111842105263,0.001052631579,0.002631578947,-0.198684210526,0.532894736842,-0.026315789474,0.05,0.05,0.05,0.0,-0.002,0.01,-0.1,0.45,0.0
maze-32-32-4|a50|s150|it0|14650fb0739d0383,maze-32-32-4,50,150,0,14650fb0739d0383,repair5g59_slow_decay_high_shield,old14,flow_decay,old14,1.192,True,False,False,False,False,False,False,False,False,False,False,False,False,False,0.02057142857,0.02514285714,True,False,1.25,1.25,1.0,0.75,0.98,1.0,0.5,1.0,False,False,False,False,False,False,50.0,3.931825632724,0.0,5785.0,115.7,8.663196485536,0.0,1.0,0.0,0.0,0.0,0.0,5300.0,328.0,157.0,2036.0,3264.0,0.061886792453,0.029622641509,6.56,106.0,0.384150943396,0.0,0.0,0.0,0.0,0.0,2.0,2.0,0.0,50.0,3.9318256327243257,0.0,1.25,1.25,1.0,0.75,0.98,1.0,0.5,1.0,0.0,0.0,0.0,1.0,0.0,0.0,0.0,1.0,0.0,0.0,0.0,0.0,0.0,0.384150943396,0.077358490566,0.022216981132,0.0,repair5g59_slow_decay_high_shield,0.0,0.0,0.0,0.086842105263,-0.032894736842,0.059210526316,0.111842105263,0.031052631579,0.002631578947,0.101315789474,0.282894736842,-0.026315789474,0.05,0.05,0.05,0.0,0.028,0.01,0.2,0.2,0.0
maze-32-32-4|a50|s150|it0|14650fb0739d0383,maze-32-32-4,50,150,0,14650fb0739d0383,repair5g59_static_abstain_candidate,old14,static,old14,1.17142857143,True,False,False,False,False,False,False,False,False,False,False,False,False,False,0.0,0.00457142857,False,False,1.25,1.25,1.0,0.75,0.95,1.0,0.35,0.75,False,False,False,False,False,False,50.0,3.931825632724,0.0,5785.0,115.7,8.663196485536,0.0,1.0,0.0,0.0,0.0,0.0,5300.0,328.0,157.0,2036.0,3264.0,0.061886792453,0.029622641509,6.56,106.0,0.384150943396,0.0,0.0,0.0,0.0,0.0,2.0,2.0,0.0,50.0,3.9318256327243257,0.0,1.25,1.25,1.0,0.75,0.95,1.0,0.35,0.75,0.0,0.0,0.0,1.0,0.0,0.0,0.0,0.0,0.0,0.0,1.0,0.0,0.0,0.384150943396,0.077358490566,0.022216981132,0.0,repair5g59_static_abstain_candidate,0.0,0.0,0.0,0.086842105263,-0.032894736842,0.059210526316,0.111842105263,0.001052631579,0.002631578947,-0.048684210526,0.032894736842,-0.026315789474,0.0,0.0,0.0,0.0,0.0,0.0,0.0,0.0,0.0
maze-32-32-4|a50|s150|it0|14650fb0739d0383,maze-32-32-4,50,150,0,14650fb0739d0383,repair5g59_static_flow_shield,old14,static,old14,1.17142857143,True,False,False,False,False,False,False,False,False,False,False,False,False,False,0.0,0.00457142857,False,False,1.25,1.25,1.0,0.75,0.95,1.0,0.35,0.75,False,False,False,False,False,False,50.0,3.931825632724,0.0,5785.0,115.7,8.663196485536,0.0,1.0,0.0,0.0,0.0,0.0,5300.0,328.0,157.0,2036.0,3264.0,0.061886792453,0.029622641509,6.56,106.0,0.384150943396,0.0,0.0,0.0,0.0,0.0,2.0,2.0,0.0,50.0,3.9318256327243257,0.0,1.25,1.25,1.0,0.75,0.95,1.0,0.35,0.75,0.0,0.0,0.0,1.0,0.0,0.0,0.0,0.0,0.0,0.0,1.0,0.0,0.0,0.384150943396,0.077358490566,0.022216981132,0.0,repair5g59_static_abstain_candidate,0.0,0.0,0.0,0.086842105263,-0.032894736842,0.059210526316,0.111842105263,0.001052631579,0.002631578947,-0.048684210526,0.032894736842,-0.026315789474,0.0,0.0,0.0,0.0,0.0,0.0,0.0,0.0,0.0
maze-32-32-4|a50|s150|it0|14650fb0739d0383,maze-32-32-4,50,150,0,14650fb0739d0383,repair5g59_wait_aggressive,old14,flow_shield,old14,1.16685714286,True,False,False,False,False,False,False,False,False,False,False,False,False,False,-0.00457142857,0.0,False,False,1.25,1.25,1.0,1.0,0.95,1.0,0.35,0.75,False,False,False,False,False,False,50.0,3.931825632724,0.0,5785.0,115.7,8.663196485536,0.0,1.0,0.0,0.0,0.0,0.0,5300.0,328.0,157.0,2036.0,3264.0,0.061886792453,0.029622641509,6.56,106.0,0.384150943396,0.0,0.0,0.0,0.0,0.0,2.0,2.0,0.0,50.0,3.9318256327243257,0.0,1.25,1.25,1.0,1.0,0.95,1.0,0.35,0.75,0.0,0.0,0.0,1.0,0.0,0.0,0.0,0.0,1.0,0.0,0.0,0.0,0.0,0.384150943396,0.077358490566,0.029622641509,0.0,repair5g59_wait_aggressive,0.0,0.0,0.0,0.086842105263,-0.032894736842,0.059210526316,0.361842105263,0.001052631579,0.002631578947,-0.048684210526,0.032894736842,-0.026315789474,0.0,0.0,0.0,0.0,0.0,0.0,0.0,0.0,0.0
maze-32-32-4|a50|s150|it0|14650fb0739d0383,maze-32-32-4,50,150,0,14650fb0739d0383,repair5g59_wait_conservative,old14,wait_conservative,old14,1.184,True,False,False,False,False,False,False,False,False,False,False,False,False,False,0.01257142857,0.01714285714,True,False,1.25,1.25,1.0,0.5,0.95,1.0,0.35,0.75,False,False,False,False,False,False,50.0,3.931825632724,0.0,5785.0,115.7,8.663196485536,0.0,1.0,0.0,0.0,0.0,0.0,5300.0,328.0,157.0,2036.0,3264.0,0.061886792453,0.029622641509,6.56,106.0,0.384150943396,0.0,0.0,0.0,0.0,0.0,2.0,2.0,0.0,50.0,3.9318256327243257,0.0,1.25,1.25,1.0,0.5,0.95,1.0,0.35,0.75,0.0,0.0,0.0,1.0,0.0,0.0,0.0,0.0,0.0,0.0,0.0,0.0,1.0,0.384150943396,0.077358490566,0.014811320755,0.0,repair5g59_wait_conservative,0.0,0.0,0.0,0.086842105263,-0.032894736842,0.059210526316,-0.138157894737,0.001052631579,0.002631578947,-0.048684210526,0.032894736842,-0.026315789474,0.0,0.0,0.0,0.042857142857,0.007142857143,0.0,0.021428571429,0.0,0.0
maze-32-32-4|a50|s150|it0|14650fb0739d0383,maze-32-32-4,50,150,0,14650fb0739d0383,repair5g518_grid_c1p25_b1p25_f1p00_w0p50_dc0p95_df1p00_beta0p35_max0p75_c0,g518_retained,wait_conservative,g518_retained,1.184,True,False,False,False,False,False,False,False,False,False,False,False,False,False,0.01257142857,0.01714285714,True,False,1.25,1.25,1.0,0.5,0.95,1.0,0.35,0.75,False,False,False,False,False,False,50.0,3.931825632724,0.0,5785.0,115.7,8.663196485536,0.0,1.0,0.0,0.0,0.0,0.0,5300.0,328.0,157.0,2036.0,3264.0,0.061886792453,0.029622641509,6.56,106.0,0.384150943396,0.0,0.0,0.0,0.0,0.0,2.0,2.0,0.0,50.0,3.9318256327243257,0.0,1.25,1.25,1.0,0.5,0.95,1.0,0.35,0.75,0.0,1.0,0.0,0.0,0.0,0.0,0.0,0.0,0.0,0.0,0.0,0.0,1.0,0.384150943396,0.077358490566,0.014811320755,0.0,repair5g59_wait_conservative,0.0,0.0,0.0,0.086842105263,-0.032894736842,0.059210526316,-0.138157894737,0.001052631579,0.002631578947,-0.048684210526,0.032894736842,-0.026315789474,0.0,0.0,0.0,0.042857142857,0.007142857143,0.0,0.021428571429,0.0,0.0
maze-32-32-4|a50|s150|it0|14650fb0739d0383,maze-32-32-4,50,150,0,14650fb0739d0383,repair5g518_grid_c1p20_b1p35_f1p00_w0p70_dc0p95_df1p00_beta0p60_max0p75_c0,g518_retained,high_beta,g518_retained,1.17142857143,True,False,False,False,False,False,False,False,False,False,False,False,False,False,0.0,0.00457142857,False,False,1.2,1.35,1.0,0.7,0.95,1.0,0.6,0.75,False,False,False,False,False,False,50.0,3.931825632724,0.0,5785.0,115.7,8.663196485536,0.0,1.0,0.0,0.0,0.0,0.0,5300.0,328.0,157.0,2036.0,3264.0,0.061886792453,0.029622641509,6.56,106.0,0.384150943396,0.0,0.0,0.0,0.0,0.0,2.0,2.0,0.0,50.0,3.9318256327243257,0.0,1.2,1.35,1.0,0.7,0.95,1.0,0.6,0.75,0.0,1.0,0.0,0.0,0.0,0.0,0.0,0.0,0.0,1.0,0.0,0.0,0.0,0.384150943396,0.083547169812,0.020735849056,0.0,repair5g59_high_beta_cap_safe,0.122474487139,0.122474487139,0.115535611769,0.036842105263,0.067105263158,0.059210526316,0.061842105263,0.001052631579,0.002631578947,0.201315789474,0.032894736842,-0.026315789474,-0.020833333333,0.108333333333,0.0,-0.020833333333,-0.0,0.004166666667,0.029166666667,0.0,0.0
maze-32-32-4|a50|s150|it0|14650fb0739d0383,maze-32-32-4,50,150,0,14650fb0739d0383,repair5g518_grid_c0p90_b1p50_f1p00_w0p45_dc0p95_df1p00_beta0p45_max0p75_c0,g518_retained,block_heavy,g518_retained,1.17942857143,True,False,False,False,False,False,False,False,False,False,False,False,False,False,0.008,0.01257142857,True,False,0.9,1.5,1.0,0.45,0.95,1.0,0.45,0.75,False,False,False,False,False,False,50.0,3.931825632724,0.0,5785.0,115.7,8.663196485536,0.0,1.0,0.0,0.0,0.0,0.0,5300.0,328.0,157.0,2036.0,3264.0,0.061886792453,0.029622641509,6.56,106.0,0.384150943396,0.0,0.0,0.0,0.0,0.0,2.0,2.0,0.0,50.0,3.9318256327243257,0.0,0.9,1.5,1.0,0.45,0.95,1.0,0.45,0.75,0.0,1.0,0.0,0.0,0.0,1.0,0.0,0.0,0.0,0.0,0.0,0.0,0.0,0.384150943396,0.09283018868,0.013330188679,0.0,repair5g59_block_heavy_flow_guard,0.15,0.15,0.139761942375,-0.263157894737,0.217105263158,0.059210526316,-0.188157894737,0.001052631579,0.002631578947,0.051315789474,0.032894736842,-0.026315789474,-0.0125,-0.0125,0.0,-0.00625,0.00625,0.0,0.0625,0.0,0.0
maze-32-32-4|a50|s150|it0|14650fb0739d0383,maze-32-32-4,50,150,0,14650fb0739d0383,repair5g518_grid_c1p25_b1p25_f1p00_w0p35_dc0p95_df1p00_beta0p30_max0p75_c0,g518_retained,wait_conservative,g518_retained,1.18457142857,True,False,False,False,False,False,False,False,False,False,False,False,False,False,0.01314285714,0.01771428571,True,False,1.25,1.25,1.0,0.35,0.95,1.0,0.3,0.75,False,False,False,False,False,False,50.0,3.931825632724,0.0,5785.0,115.7,8.663196485536,0.0,1.0,0.0,0.0,0.0,0.0,5300.0,328.0,157.0,2036.0,3264.0,0.061886792453,0.029622641509,6.56,106.0,0.384150943396,0.0,0.0,0.0,0.0,0.0,2.0,2.0,0.0,50.0,3.9318256327243257,0.0,1.25,1.25,1.0,0.35,0.95,1.0,0.3,0.75,0.0,1.0,0.0,0.0,0.0,0.0,0.0,0.0,0.0,0.0,0.0,0.0,1.0,0.384150943396,0.077358490566,0.010367924528,0.0,repair5g59_wait_conservative,0.158113883008,0.158113883008,0.146792718882,0.086842105263,-0.032894736842,0.059210526316,-0.288157894737,0.001052631579,0.002631578947,-0.098684210526,0.032894736842,-0.026315789474,0.0,0.0,0.0,-0.107142857143,0.007142857143,0.0,-0.028571428571,0.0,0.0
maze-32-32-4|a50|s150|it0|14650fb0739d0383,maze-32-32-4,50,150,0,14650fb0739d0383,repair5g518_grid_c0p90_b1p40_f1p00_w0p45_dc0p95_df1p00_beta0p35_max0p75_c0,g518_retained,block_heavy,g518_retained,1.196,True,False,False,False,False,False,False,False,False,False,False,False,False,False,0.02457142857,0.02914285714,True,False,0.9,1.4,1.0,0.45,0.95,1.0,0.35,0.75,False,False,False,False,False,False,50.0,3.931825632724,0.0,5785.0,115.7,8.663196485536,0.0,1.0,0.0,0.0,0.0,0.0,5300.0,328.0,157.0,2036.0,3264.0,0.061886792453,0.029622641509,6.56,106.0,0.384150943396,0.0,0.0,0.0,0.0,0.0,2.0,2.0,0.0,50.0,3.9318256327243257,0.0,0.9,1.4,1.0,0.45,0.95,1.0,0.35,0.75,0.0,1.0,0.0,0.0,0.0,1.0,0.0,0.0,0.0,0.0,0.0,0.0,0.0,0.384150943396,0.086641509434,0.013330188679,0.0,repair5g59_block_heavy_flow_guard,0.15,0.15,0.139761942375,-0.263157894737,0.117105263158,0.059210526316,-0.188157894737,0.001052631579,0.002631578947,-0.048684210526,0.032894736842,-0.026315789474,-0.0125,-0.1125,0.0,-0.00625,0.00625,0.0,-0.0375,0.0,0.0
maze-32-32-4|a50|s150|it0|14650fb0739d0383,maze-32-32-4,50,150,0,14650fb0739d0383,repair5g518_grid_c1p20_b1p15_f1p00_w0p70_dc0p95_df1p00_beta0p60_max0p75_c0,g518_retained,high_beta,g518_retained,1.16571428571,True,False,True,False,True,False,False,False,True,False,True,False,False,True,-0.00571428572,-0.00114285715,False,False,1.2,1.15,1.0,0.7,0.95,1.0,0.6,0.75,False,False,False,False,False,False,50.0,3.931825632724,0.0,5785.0,115.7,8.663196485536,0.0,1.0,0.0,0.0,0.0,0.0,5300.0,328.0,157.0,2036.0,3264.0,0.061886792453,0.029622641509,6.56,106.0,0.384150943396,0.0,0.0,0.0,0.0,0.0,2.0,2.0,0.0,50.0,3.9318256327243257,0.0,1.2,1.15,1.0,0.7,0.95,1.0,0.6,0.75,0.0,1.0,0.0,0.0,0.0,0.0,0.0,0.0,0.0,1.0,0.0,0.0,0.0,0.384150943396,0.071169811321,0.020735849056,0.0,repair5g59_high_beta_cap_safe,0.122474487139,0.122474487139,0.115535611769,0.036842105263,-0.132894736842,0.059210526316,0.061842105263,0.001052631579,0.002631578947,0.201315789474,0.032894736842,-0.026315789474,-0.020833333333,-0.091666666667,0.0,-0.020833333333,-0.0,0.004166666667,0.029166666667,0.0,0.0
maze-32-32-4|a50|s150|it0|14650fb0739d0383,maze-32-32-4,50,150,0,14650fb0739d0383,repair5g518_grid_c0p90_b1p65_f1p00_w0p45_dc0p95_df1p00_beta0p35_max0p75_c0,g518_retained,block_heavy,g518_retained,1.2,True,False,False,False,False,False,False,False,False,False,False,False,False,False,0.02857142857,0.03314285714,True,False,0.9,1.65,1.0,0.45,0.95,1.0,0.35,0.75,False,False,False,False,False,False,50.0,3.931825632724,0.0,5785.0,115.7,8.663196485536,0.0,1.0,0.0,0.0,0.0,0.0,5300.0,328.0,157.0,2036.0,3264.0,0.061886792453,0.029622641509,6.56,106.0,0.384150943396,0.0,0.0,0.0,0.0,0.0,2.0,2.0,0.0,50.0,3.9318256327243257,0.0,0.9,1.65,1.0,0.45,0.95,1.0,0.35,0.75,0.0,1.0,0.0,0.0,0.0,1.0,0.0,0.0,0.0,0.0,0.0,0.0,0.0,0.384150943396,0.102113207547,0.013330188679,0.0,repair5g59_block_heavy_flow_guard,0.187082869339,0.187082869339,0.171498927292,-0.263157894737,0.367105263158,0.059210526316,-0.188157894737,0.001052631579,0.002631578947,-0.048684210526,0.032894736842,-0.026315789474,-0.0125,0.1375,0.0,-0.00625,0.00625,0.0,-0.0375,0.0,0.0
maze-32-32-4|a50|s150|it0|14650fb0739d0383,maze-32-32-4,50,150,0,14650fb0739d0383,repair5g518_grid_c1p20_b1p15_f1p00_w0p70_dc0p95_df1p00_beta0p55_max0p75_c0,g518_retained,high_beta,g518_retained,1.16685714286,True,False,False,False,False,False,False,False,False,False,False,False,False,False,-0.00457142857,0.0,False,False,1.2,1.15,1.0,0.7,0.95,1.0,0.55,0.75,False,False,False,False,False,False,50.0,3.931825632724,0.0,5785.0,115.7,8.663196485536,0.0,1.0,0.0,0.0,0.0,0.0,5300.0,328.0,157.0,2036.0,3264.0,0.061886792453,0.029622641509,6.56,106.0,0.384150943396,0.0,0.0,0.0,0.0,0.0,2.0,2.0,0.0,50.0,3.9318256327243257,0.0,1.2,1.15,1.0,0.7,0.95,1.0,0.55,0.75,0.0,1.0,0.0,0.0,0.0,0.0,0.0,0.0,0.0,1.0,0.0,0.0,0.0,0.384150943396,0.071169811321,0.020735849056,0.0,repair5g59_high_beta_cap_safe,0.132287565553,0.132287565553,0.124239980694,0.036842105263,-0.132894736842,0.059210526316,0.061842105263,0.001052631579,0.002631578947,0.151315789474,0.032894736842,-0.026315789474,-0.020833333333,-0.091666666667,0.0,-0.020833333333,-0.0,0.004166666667,-0.020833333333,0.0,0.0
maze-32-32-4|a50|s150|it0|14650fb0739d0383,maze-32-32-4,50,150,0,14650fb0739d0383,repair5g521_grid_c0p90_b1p50_f1p00_w0p45_dc0p95_df1p00_beta0p45_max0p75_c0,g521_second_wave,block_heavy,g521_second_wave,1.17942857143,True,False,False,False,False,False,False,False,False,False,False,False,False,False,0.008,0.01257142857,True,False,0.9,1.5,1.0,0.45,0.95,1.0,0.45,0.75,False,False,False,False,False,False,50.0,3.931825632724,0.0,5785.0,115.7,8.663196485536,0.0,1.0,0.0,0.0,0.0,0.0,5300.0,328.0,157.0,2036.0,3264.0,0.061886792453,0.029622641509,6.56,106.0,0.384150943396,0.0,0.0,0.0,0.0,0.0,2.0,2.0,0.0,50.0,3.9318256327243257,0.0,0.9,1.5,1.0,0.45,0.95,1.0,0.45,0.75,0.0,0.0,1.0,0.0,0.0,1.0,0.0,0.0,0.0,0.0,0.0,0.0,0.0,0.384150943396,0.09283018868,0.013330188679,0.0,repair5g59_block_heavy_flow_guard,0.15,0.15,0.139761942375,-0.263157894737,0.217105263158,0.059210526316,-0.188157894737,0.001052631579,0.002631578947,0.051315789474,0.032894736842,-0.026315789474,-0.0125,-0.0125,0.0,-0.00625,0.00625,0.0,0.0625,0.0,0.0
maze-32-32-4|a50|s150|it0|14650fb0739d0383,maze-32-32-4,50,150,0,14650fb0739d0383,repair5g521_grid_c0p90_b1p40_f1p00_w0p45_dc0p95_df1p00_beta0p35_max0p75_c0,g521_second_wave,block_heavy,g521_second_wave,1.196,True,False,False,False,False,False,False,False,False,False,False,False,False,False,0.02457142857,0.02914285714,True,False,0.9,1.4,1.0,0.45,0.95,1.0,0.35,0.75,False,False,False,False,False,False,50.0,3.931825632724,0.0,5785.0,115.7,8.663196485536,0.0,1.0,0.0,0.0,0.0,0.0,5300.0,328.0,157.0,2036.0,3264.0,0.061886792453,0.029622641509,6.56,106.0,0.384150943396,0.0,0.0,0.0,0.0,0.0,2.0,2.0,0.0,50.0,3.9318256327243257,0.0,0.9,1.4,1.0,0.45,0.95,1.0,0.35,0.75,0.0,0.0,1.0,0.0,0.0,1.0,0.0,0.0,0.0,0.0,0.0,0.0,0.0,0.384150943396,0.086641509434,0.013330188679,0.0,repair5g59_block_heavy_flow_guard,0.15,0.15,0.139761942375,-0.263157894737,0.117105263158,0.059210526316,-0.188157894737,0.001052631579,0.002631578947,-0.048684210526,0.032894736842,-0.026315789474,-0.0125,-0.1125,0.0,-0.00625,0.00625,0.0,-0.0375,0.0,0.0
maze-32-32-4|a50|s150|it0|14650fb0739d0383,maze-32-32-4,50,150,0,14650fb0739d0383,repair5g521_grid_c0p90_b1p65_f1p00_w0p45_dc0p95_df1p00_beta0p35_max0p75_c0,g521_second_wave,block_heavy,g521_second_wave,1.2,True,False,False,False,False,False,False,False,False,False,False,False,False,False,0.02857142857,0.03314285714,True,False,0.9,1.65,1.0,0.45,0.95,1.0,0.35,0.75,False,False,False,False,False,False,50.0,3.931825632724,0.0,5785.0,115.7,8.663196485536,0.0,1.0,0.0,0.0,0.0,0.0,5300.0,328.0,157.0,2036.0,3264.0,0.061886792453,0.029622641509,6.56,106.0,0.384150943396,0.0,0.0,0.0,0.0,0.0,2.0,2.0,0.0,50.0,3.9318256327243257,0.0,0.9,1.65,1.0,0.45,0.95,1.0,0.35,0.75,0.0,0.0,1.0,0.0,0.0,1.0,0.0,0.0,0.0,0.0,0.0,0.0,0.0,0.384150943396,0.102113207547,0.013330188679,0.0,repair5g59_block_heavy_flow_guard,0.187082869339,0.187082869339,0.171498927292,-0.263157894737,0.367105263158,0.059210526316,-0.188157894737,0.001052631579,0.002631578947,-0.048684210526,0.032894736842,-0.026315789474,-0.0125,0.1375,0.0,-0.00625,0.00625,0.0,-0.0375,0.0,0.0
maze-32-32-4|a50|s150|it0|14650fb0739d0383,maze-32-32-4,50,150,0,14650fb0739d0383,repair5g521_grid_c0p90_b1p50_f1p00_w0p45_dc0p90_df1p00_beta0p45_max0p75_c0,g521_second_wave,block_heavy,g521_second_wave,1.17942857143,True,False,False,False,False,False,False,False,False,False,False,False,False,False,0.008,0.01257142857,True,False,0.9,1.5,1.0,0.45,0.9,1.0,0.45,0.75,False,False,False,False,False,False,50.0,3.931825632724,0.0,5785.0,115.7,8.663196485536,0.0,1.0,0.0,0.0,0.0,0.0,5300.0,328.0,157.0,2036.0,3264.0,0.061886792453,0.029622641509,6.56,106.0,0.384150943396,0.0,0.0,0.0,0.0,0.0,2.0,2.0,0.0,50.0,3.9318256327243257,0.0,0.9,1.5,1.0,0.45,0.9,1.0,0.45,0.75,0.0,0.0,1.0,0.0,0.0,1.0,0.0,0.0,0.0,0.0,0.0,0.0,0.0,0.384150943396,0.09283018868,0.013330188679,0.0,repair5g59_block_heavy_flow_guard,0.158113883008,0.158113883008,0.146792718882,-0.263157894737,0.217105263158,0.059210526316,-0.188157894737,-0.048947368421,0.002631578947,0.051315789474,0.032894736842,-0.026315789474,-0.0125,-0.0125,0.0,-0.00625,-0.04375,0.0,0.0625,0.0,0.0
maze-32-32-4|a50|s150|it0|14650fb0739d0383,maze-32-32-4,50,150,0,14650fb0739d0383,repair5g521_grid_c1p20_b1p35_f1p00_w0p70_dc0p95_df1p00_beta0p60_max0p75_c0,g521_second_wave,high_beta,g521_second_wave,1.17142857143,True,False,False,False,False,False,False,False,False,False,False,False,False,False,0.0,0.00457142857,False,False,1.2,1.35,1.0,0.7,0.95,1.0,0.6,0.75,False,False,False,False,False,False,50.0,3.931825632724,0.0,5785.0,115.7,8.663196485536,0.0,1.0,0.0,0.0,0.0,0.0,5300.0,328.0,157.0,2036.0,3264.0,0.061886792453,0.029622641509,6.56,106.0,0.384150943396,0.0,0.0,0.0,0.0,0.0,2.0,2.0,0.0,50.0,3.9318256327243257,0.0,1.2,1.35,1.0,0.7,0.95,1.0,0.6,0.75,0.0,0.0,1.0,0.0,0.0,0.0,0.0,0.0,0.0,1.0,0.0,0.0,0.0,0.384150943396,0.083547169812,0.020735849056,0.0,repair5g59_high_beta_cap_safe,0.122474487139,0.122474487139,0.115535611769,0.036842105263,0.067105263158,0.059210526316,0.061842105263,0.001052631579,0.002631578947,0.201315789474,0.032894736842,-0.026315789474,-0.020833333333,0.108333333333,0.0,-0.020833333333,-0.0,0.004166666667,0.029166666667,0.0,0.0
maze-32-32-4|a50|s150|it0|14650fb0739d0383,maze-32-32-4,50,150,0,14650fb0739d0383,repair5g521_grid_c1p20_b1p15_f1p00_w0p70_dc0p95_df1p00_beta0p60_max0p75_c0,g521_second_wave,high_beta,g521_second_wave,1.16571428571,True,False,True,False,False,False,False,False,True,False,False,False,False,True,-0.00571428572,-0.00114285715,False,False,1.2,1.15,1.0,0.7,0.95,1.0,0.6,0.75,False,False,False,False,False,False,50.0,3.931825632724,0.0,5785.0,115.7,8.663196485536,0.0,1.0,0.0,0.0,0.0,0.0,5300.0,328.0,157.0,2036.0,3264.0,0.061886792453,0.029622641509,6.56,106.0,0.384150943396,0.0,0.0,0.0,0.0,0.0,2.0,2.0,0.0,50.0,3.9318256327243257,0.0,1.2,1.15,1.0,0.7,0.95,1.0,0.6,0.75,0.0,0.0,1.0,0.0,0.0,0.0,0.0,0.0,0.0,1.0,0.0,0.0,0.0,0.384150943396,0.071169811321,0.020735849056,0.0,repair5g59_high_beta_cap_safe,0.122474487139,0.122474487139,0.115535611769,0.036842105263,-0.132894736842,0.059210526316,0.061842105263,0.001052631579,0.002631578947,0.201315789474,0.032894736842,-0.026315789474,-0.020833333333,-0.091666666667,0.0,-0.020833333333,-0.0,0.004166666667,0.029166666667,0.0,0.0
maze-32-32-4|a50|s150|it0|14650fb0739d0383,maze-32-32-4,50,150,0,14650fb0739d0383,repair5g521_grid_c1p20_b1p15_f1p00_w0p70_dc0p95_df1p00_beta0p55_max0p75_c0,g521_second_wave,high_beta,g521_second_wave,1.16685714286,True,False,False,False,False,False,False,False,False,False,False,False,False,False,-0.00457142857,0.0,False,False,1.2,1.15,1.0,0.7,0.95,1.0,0.55,0.75,False,False,False,False,False,False,50.0,3.931825632724,0.0,5785.0,115.7,8.663196485536,0.0,1.0,0.0,0.0,0.0,0.0,5300.0,328.0,157.0,2036.0,3264.0,0.061886792453,0.029622641509,6.56,106.0,0.384150943396,0.0,0.0,0.0,0.0,0.0,2.0,2.0,0.0,50.0,3.9318256327243257,0.0,1.2,1.15,1.0,0.7,0.95,1.0,0.55,0.75,0.0,0.0,1.0,0.0,0.0,0.0,0.0,0.0,0.0,1.0,0.0,0.0,0.0,0.384150943396,0.071169811321,0.020735849056,0.0,repair5g59_high_beta_cap_safe,0.132287565553,0.132287565553,0.124239980694,0.036842105263,-0.132894736842,0.059210526316,0.061842105263,0.001052631579,0.002631578947,0.151315789474,0.032894736842,-0.026315789474,-0.020833333333,-0.091666666667,0.0,-0.020833333333,-0.0,0.004166666667,-0.020833333333,0.0,0.0
maze-32-32-4|a50|s150|it0|14650fb0739d0383,maze-32-32-4,50,150,0,14650fb0739d0383,repair5g521_grid_c1p20_b1p35_f1p00_w0p70_dc0p95_df1p00_beta0p55_max0p75_c0,g521_second_wave,high_beta,g521_second_wave,1.17085714286,True,False,False,False,False,False,False,False,False,False,False,False,False,False,-0.00057142857,0.004,False,False,1.2,1.35,1.0,0.7,0.95,1.0,0.55,0.75,False,False,False,False,False,False,50.0,3.931825632724,0.0,5785.0,115.7,8.663196485536,0.0,1.0,0.0,0.0,0.0,0.0,5300.0,328.0,157.0,2036.0,3264.0,0.061886792453,0.029622641509,6.56,106.0,0.384150943396,0.0,0.0,0.0,0.0,0.0,2.0,2.0,0.0,50.0,3.9318256327243257,0.0,1.2,1.35,1.0,0.7,0.95,1.0,0.55,0.75,0.0,0.0,1.0,0.0,0.0,0.0,0.0,0.0,0.0,1.0,0.0,0.0,0.0,0.384150943396,0.083547169812,0.020735849056,0.0,repair5g59_high_beta_cap_safe,0.132287565553,0.132287565553,0.124239980694,0.036842105263,0.067105263158,0.059210526316,0.061842105263,0.001052631579,0.002631578947,0.151315789474,0.032894736842,-0.026315789474,-0.020833333333,0.108333333333,0.0,-0.020833333333,-0.0,0.004166666667,-0.020833333333,0.0,0.0
maze-32-32-4|a50|s150|it0|14650fb0739d0383,maze-32-32-4,50,150,0,14650fb0739d0383,repair5g521_grid_c1p25_b1p25_f1p00_w0p50_dc0p95_df1p00_beta0p35_max0p75_c0,g521_second_wave,wait_conservative,g521_second_wave,1.184,True,False,False,False,False,False,False,False,False,False,False,False,False,False,0.01257142857,0.01714285714,True,False,1.25,1.25,1.0,0.5,0.95,1.0,0.35,0.75,False,False,False,False,False,False,50.0,3.931825632724,0.0,5785.0,115.7,8.663196485536,0.0,1.0,0.0,0.0,0.0,0.0,5300.0,328.0,157.0,2036.0,3264.0,0.061886792453,0.029622641509,6.56,106.0,0.384150943396,0.0,0.0,0.0,0.0,0.0,2.0,2.0,0.0,50.0,3.9318256327243257,0.0,1.25,1.25,1.0,0.5,0.95,1.0,0.35,0.75,0.0,0.0,1.0,0.0,0.0,0.0,0.0,0.0,0.0,0.0,0.0,0.0,1.0,0.384150943396,0.077358490566,0.014811320755,0.0,repair5g59_wait_conservative,0.0,0.0,0.0,0.086842105263,-0.032894736842,0.059210526316,-0.138157894737,0.001052631579,0.002631578947,-0.048684210526,0.032894736842,-0.026315789474,0.0,0.0,0.0,0.042857142857,0.007142857143,0.0,0.021428571429,0.0,0.0
maze-32-32-4|a50|s150|it0|14650fb0739d0383,maze-32-32-4,50,150,0,14650fb0739d0383,repair5g521_grid_c1p25_b1p25_f1p00_w0p35_dc0p95_df1p00_beta0p30_max0p75_c0,g521_second_wave,wait_conservative,g521_second_wave,1.18457142857,True,False,False,False,False,False,False,False,False,False,False,False,False,False,0.01314285714,0.01771428571,True,False,1.25,1.25,1.0,0.35,0.95,1.0,0.3,0.75,False,False,False,False,False,False,50.0,3.931825632724,0.0,5785.0,115.7,8.663196485536,0.0,1.0,0.0,0.0,0.0,0.0,5300.0,328.0,157.0,2036.0,3264.0,0.061886792453,0.029622641509,6.56,106.0,0.384150943396,0.0,0.0,0.0,0.0,0.0,2.0,2.0,0.0,50.0,3.9318256327243257,0.0,1.25,1.25,1.0,0.35,0.95,1.0,0.3,0.75,0.0,0.0,1.0,0.0,0.0,0.0,0.0,0.0,0.0,0.0,0.0,0.0,1.0,0.384150943396,0.077358490566,0.010367924528,0.0,repair5g59_wait_conservative,0.158113883008,0.158113883008,0.146792718882,0.086842105263,-0.032894736842,0.059210526316,-0.288157894737,0.001052631579,0.002631578947,-0.098684210526,0.032894736842,-0.026315789474,0.0,0.0,0.0,-0.107142857143,0.007142857143,0.0,-0.028571428571,0.0,0.0
maze-32-32-4|a50|s150|it0|14650fb0739d0383,maze-32-32-4,50,150,0,14650fb0739d0383,repair5g521_grid_c1p25_b1p25_f1p00_w0p50_dc0p90_df1p00_beta0p35_max0p75_c0,g521_second_wave,wait_conservative,g521_second_wave,1.184,True,False,False,False,False,False,False,False,False,False,False,False,False,False,0.01257142857,0.01714285714,True,False,1.25,1.25,1.0,0.5,0.9,1.0,0.35,0.75,False,False,False,False,False,False,50.0,3.931825632724,0.0,5785.0,115.7,8.663196485536,0.0,1.0,0.0,0.0,0.0,0.0,5300.0,328.0,157.0,2036.0,3264.0,0.061886792453,0.029622641509,6.56,106.0,0.384150943396,0.0,0.0,0.0,0.0,0.0,2.0,2.0,0.0,50.0,3.9318256327243257,0.0,1.25,1.25,1.0,0.5,0.9,1.0,0.35,0.75,0.0,0.0,1.0,0.0,0.0,0.0,0.0,0.0,0.0,0.0,0.0,0.0,1.0,0.384150943396,0.077358490566,0.014811320755,0.0,repair5g59_wait_conservative,0.05,0.05,0.048790164169,0.086842105263,-0.032894736842,0.059210526316,-0.138157894737,-0.048947368421,0.002631578947,-0.048684210526,0.032894736842,-0.026315789474,0.0,0.0,0.0,0.042857142857,-0.042857142857,0.0,0.021428571429,0.0,0.0
maze-32-32-4|a50|s150|it0|14650fb0739d0383,maze-32-32-4,50,150,0,14650fb0739d0383,repair5g521_grid_c1p25_b1p25_f1p00_w0p50_dc0p95_df1p00_beta0p30_max0p75_c0,g521_second_wave,wait_conservative,g521_second_wave,1.20457142857,True,False,False,False,False,False,False,False,False,False,False,False,False,False,0.03314285714,0.03771428571,True,False,1.25,1.25,1.0,0.5,0.95,1.0,0.3,0.75,False,False,False,False,False,False,50.0,3.931825632724,0.0,5785.0,115.7,8.663196485536,0.0,1.0,0.0,0.0,0.0,0.0,5300.0,328.0,157.0,2036.0,3264.0,0.061886792453,0.029622641509,6.56,106.0,0.384150943396,0.0,0.0,0.0,0.0,0.0,2.0,2.0,0.0,50.0,3.9318256327243257,0.0,1.25,1.25,1.0,0.5,0.95,1.0,0.3,0.75,0.0,0.0,1.0,0.0,0.0,0.0,0.0,0.0,0.0,0.0,0.0,0.0,1.0,0.384150943396,0.077358490566,0.014811320755,0.0,repair5g59_wait_conservative,0.05,0.05,0.048790164169,0.086842105263,-0.032894736842,0.059210526316,-0.138157894737,0.001052631579,0.002631578947,-0.098684210526,0.032894736842,-0.026315789474,0.0,0.0,0.0,0.042857142857,0.007142857143,0.0,-0.028571428571,0.0,0.0
maze-32-32-4|a50|s150|it0|14650fb0739d0383,maze-32-32-4,50,150,0,14650fb0739d0383,repair5g521_grid_c1p25_b1p25_f1p00_w0p75_dc0p95_df1p00_beta0p55_max0p75_c0,g521_second_wave,high_beta,g521_second_wave,1.17771428571,True,False,False,False,False,False,False,False,False,False,False,False,False,False,0.00628571428,0.01085714285,True,False,1.25,1.25,1.0,0.75,0.95,1.0,0.55,0.75,False,False,False,False,False,False,50.0,3.931825632724,0.0,5785.0,115.7,8.663196485536,0.0,1.0,0.0,0.0,0.0,0.0,5300.0,328.0,157.0,2036.0,3264.0,0.061886792453,0.029622641509,6.56,106.0,0.384150943396,0.0,0.0,0.0,0.0,0.0,2.0,2.0,0.0,50.0,3.9318256327243257,0.0,1.25,1.25,1.0,0.75,0.95,1.0,0.55,0.75,0.0,0.0,1.0,0.0,0.0,0.0,0.0,0.0,0.0,1.0,0.0,0.0,0.0,0.384150943396,0.077358490566,0.022216981132,0.0,repair5g59_high_beta_cap_safe,0.05,0.05,0.048790164169,0.086842105263,-0.032894736842,0.059210526316,0.111842105263,0.001052631579,0.002631578947,0.151315789474,0.032894736842,-0.026315789474,0.029166666667,0.008333333333,0.0,0.029166666667,-0.0,0.004166666667,-0.020833333333,0.0,0.0
maze-32-32-4|a50|s150|it0|14650fb0739d0383,maze-32-32-4,50,150,0,14650fb0739d0383,repair5g521_grid_c1p25_b1p25_f1p00_w0p75_dc0p90_df1p00_beta0p55_max0p75_c0,g521_second_wave,high_beta,g521_second_wave,1.17771428571,True,False,False,False,False,False,False,False,False,False,False,False,False,False,0.00628571428,0.01085714285,True,False,1.25,1.25,1.0,0.75,0.9,1.0,0.55,0.75,False,False,False,False,False,False,50.0,3.931825632724,0.0,5785.0,115.7,8.663196485536,0.0,1.0,0.0,0.0,0.0,0.0,5300.0,328.0,157.0,2036.0,3264.0,0.061886792453,0.029622641509,6.56,106.0,0.384150943396,0.0,0.0,0.0,0.0,0.0,2.0,2.0,0.0,50.0,3.9318256327243257,0.0,1.25,1.25,1.0,0.75,0.9,1.0,0.55,0.75,0.0,0.0,1.0,0.0,0.0,0.0,0.0,0.0,0.0,1.0,0.0,0.0,0.0,0.384150943396,0.077358490566,0.022216981132,0.0,repair5g59_high_beta_cap_safe,0.070710678119,0.070710678119,0.068322613158,0.086842105263,-0.032894736842,0.059210526316,0.111842105263,-0.048947368421,0.002631578947,0.151315789474,0.032894736842,-0.026315789474,0.029166666667,0.008333333333,0.0,0.029166666667,-0.05,0.004166666667,-0.020833333333,0.0,0.0
maze-32-32-4|a50|s150|it0|14650fb0739d0383,maze-32-32-4,50,150,0,14650fb0739d0383,repair5g521_grid_c1p25_b1p25_f1p00_w0p75_dc0p95_df0p95_beta0p55_max0p75_c0,g521_second_wave,high_beta,g521_second_wave,1.17771428571,True,False,False,False,False,False,False,False,False,False,False,False,False,False,0.00628571428,0.01085714285,True,False,1.25,1.25,1.0,0.75,0.95,0.95,0.55,0.75,False,False,False,False,False,False,50.0,3.931825632724,0.0,5785.0,115.7,8.663196485536,0.0,1.0,0.0,0.0,0.0,0.0,5300.0,328.0,157.0,2036.0,3264.0,0.061886792453,0.029622641509,6.56,106.0,0.384150943396,0.0,0.0,0.0,0.0,0.0,2.0,2.0,0.0,50.0,3.9318256327243257,0.0,1.25,1.25,1.0,0.75,0.95,0.95,0.55,0.75,0.0,0.0,1.0,0.0,0.0,0.0,0.0,0.0,0.0,1.0,0.0,0.0,0.0,0.384150943396,0.077358490566,0.022216981132,0.0,repair5g59_high_beta_cap_safe,0.070710678119,0.070710678119,0.068322613158,0.086842105263,-0.032894736842,0.059210526316,0.111842105263,0.001052631579,-0.047368421053,0.151315789474,0.032894736842,-0.026315789474,0.029166666667,0.008333333333,0.0,0.029166666667,-0.0,-0.045833333333,-0.020833333333,0.0,0.0
maze-32-32-4|a50|s150|it0|14650fb0739d0383,maze-32-32-4,50,150,0,14650fb0739d0383,repair5g521_grid_c1p25_b1p25_f1p00_w0p75_dc1p00_df1p00_beta0p55_max0p75_c0,g521_second_wave,high_beta,g521_second_wave,1.17771428571,True,False,False,False,False,False,False,False,False,False,False,False,False,False,0.00628571428,0.01085714285,True,False,1.25,1.25,1.0,0.75,1.0,1.0,0.55,0.75,False,False,False,False,False,False,50.0,3.931825632724,0.0,5785.0,115.7,8.663196485536,0.0,1.0,0.0,0.0,0.0,0.0,5300.0,328.0,157.0,2036.0,3264.0,0.061886792453,0.029622641509,6.56,106.0,0.384150943396,0.0,0.0,0.0,0.0,0.0,2.0,2.0,0.0,50.0,3.9318256327243257,0.0,1.25,1.25,1.0,0.75,1.0,1.0,0.55,0.75,0.0,0.0,1.0,0.0,0.0,0.0,0.0,0.0,0.0,1.0,0.0,0.0,0.0,0.384150943396,0.077358490566,0.022216981132,0.0,repair5g59_high_beta_cap_safe,0.070710678119,0.070710678119,0.068322613158,0.086842105263,-0.032894736842,0.059210526316,0.111842105263,0.051052631579,0.002631578947,0.151315789474,0.032894736842,-0.026315789474,0.029166666667,0.008333333333,0.0,0.029166666667,0.05,0.004166666667,-0.020833333333,0.0,0.0
maze-32-32-4|a50|s151|it0|14650fb0739d0383,maze-32-32-4,50,151,0,14650fb0739d0383,repair5g59_additive_fallback,old14,additive,old14,1.24961558175,True,False,False,False,False,False,False,False,False,False,False,False,False,False,0.09431060994,0.09431060994,True,False,,,,,,,,,,False,False,False,False,False,50.0,3.931825632724,0.0,5357.0,107.14,8.586346050105,0.0,1.0,0.0,0.0,0.0,0.0,4750.0,418.0,189.0,2303.0,2447.0,0.088,0.039789473684,8.36,95.0,0.484842105263,0.0,0.0,0.0,0.0,0.0,2.0,2.0,0.0,50.0,3.9318256327243257,0.0,1.0,1.0,0.0,1.0,1.0,1.0,0.0,0.0,0.0,0.0,0.0,1.0,1.0,0.0,0.0,0.0,0.0,0.0,0.0,0.0,0.0,0.0,0.088,0.039789473684,0.0,,,,0.0,-0.163157894737,-0.282894736842,-0.940789473684,0.361842105263,0.051052631579,0.002631578947,-0.398684210526,-0.717105263158,-0.026315789474,0.0,0.0,0.0,0.0,0.0,0.0,0.0,0.0,0.0
maze-32-32-4|a50|s151|it0|14650fb0739d0383,maze-32-32-4,50,151,0,14650fb0739d0383,repair5g59_block_heavy_flow_guard,old14,block_heavy,old14,1.16196822142,True,False,False,False,False,False,False,False,False,False,False,False,False,False,0.00666324961,0.00666324961,True,False,1.0,1.5,1.0,0.5,0.95,1.0,0.35,0.75,False,False,False,False,False,False,50.0,3.931825632724,0.0,5357.0,107.14,8.586346050105,0.0,1.0,0.0,0.0,0.0,0.0,4750.0,418.0,189.0,2303.0,2447.0,0.088,0.039789473684,8.36,95.0,0.484842105263,0.0,0.0,0.0,0.0,0.0,2.0,2.0,0.0,50.0,3.9318256327243257,0.0,1.0,1.5,1.0,0.5,0.95,1.0,0.35,0.75,0.0,0.0,0.0,1.0,0.0,1.0,0.0,0.0,0.0,0.0,0.0,0.0,0.0,0.484842105263,0.132,0.019894736842,0.0,repair5g59_block_heavy_flow_guard,0.0,0.0,0.0,-0.163157894737,0.217105263158,0.059210526316,-0.138157894737,0.001052631579,0.002631578947,-0.048684210526,0.032894736842,-0.026315789474,0.0875,-0.0125,0.0,0.04375,0.00625,0.0,-0.0375,0.0,0.0
maze-32-32-4|a50|s151|it0|14650fb0739d0383,maze-32-32-4,50,151,0,14650fb0739d0383,repair5g59_c_only_f_disabled,old14,static_boundary_c_only,old14,1.20963608406,True,False,False,False,False,False,False,False,False,False,False,False,False,False,0.05433111225,0.05433111225,True,False,1.25,1.25,0.0,0.75,0.95,1.0,0.0,0.0,True,False,False,False,False,False,50.0,3.931825632724,0.0,5357.0,107.14,8.586346050105,0.0,1.0,0.0,0.0,0.0,0.0,4750.0,418.0,189.0,2303.0,2447.0,0.088,0.039789473684,8.36,95.0,0.484842105263,0.0,0.0,0.0,0.0,0.0,2.0,2.0,0.0,50.0,3.9318256327243257,0.0,1.25,1.25,0.0,0.75,0.95,1.0,0.0,0.0,1.0,0.0,0.0,1.0,0.0,0.0,0.0,0.0,0.0,0.0,0.0,1.0,0.0,0.0,0.11,0.029842105263,0.0,repair5g59_c_only_f_disabled,0.0,0.0,0.0,0.086842105263,-0.032894736842,-0.940789473684,0.111842105263,0.001052631579,0.002631578947,-0.398684210526,-0.717105263158,0.973684210526,0.0,0.0,0.0,0.0,0.0,0.0,0.0,0.0,0.0
maze-32-32-4|a50|s151|it0|14650fb0739d0383,maze-32-32-4,50,151,0,14650fb0739d0383,repair5g59_commit_heavy_flow_guard,old14,commit_heavy,old14,1.15530497181,True,False,False,False,False,False,False,False,False,False,False,False,False,False,0.0,0.0,False,False,1.5,1.0,1.0,0.75,0.95,1.0,0.35,0.75,False,False,False,False,False,False,50.0,3.931825632724,0.0,5357.0,107.14,8.586346050105,0.0,1.0,0.0,0.0,0.0,0.0,4750.0,418.0,189.0,2303.0,2447.0,0.088,0.039789473684,8.36,95.0,0.484842105263,0.0,0.0,0.0,0.0,0.0,2.0,2.0,0.0,50.0,3.9318256327243257,0.0,1.5,1.0,1.0,0.75,0.95,1.0,0.35,0.75,0.0,0.0,0.0,1.0,0.0,0.0,1.0,0.0,0.0,0.0,0.0,0.0,0.0,0.484842105263,0.088,0.029842105263,0.0,repair5g59_commit_heavy_flow_guard,0.0,0.0,0.0,0.336842105263,-0.282894736842,0.059210526316,0.111842105263,0.001052631579,0.002631578947,-0.048684210526,0.032894736842,-0.026315789474,0.0,0.0,0.0,0.0,0.0,0.0,0.0,0.0,0.0
maze-32-32-4|a50|s151|it0|14650fb0739d0383,maze-32-32-4,50,151,0,14650fb0739d0383,repair5g59_fast_decay_low_shield,old14,flow_decay,old14,1.1911840082,True,False,False,False,False,False,False,False,False,False,False,False,False,False,0.03587903639,0.03587903639,True,False,1.25,1.25,1.0,0.75,0.9,1.0,0.2,0.5,False,False,False,False,False,False,50.0,3.931825632724,0.0,5357.0,107.14,8.586346050105,0.0,1.0,0.0,0.0,0.0,0.0,4750.0,418.0,189.0,2303.0,2447.0,0.088,0.039789473684,8.36,95.0,0.484842105263,0.0,0.0,0.0,0.0,0.0,2.0,2.0,0.0,50.0,3.9318256327243257,0.0,1.25,1.25,1.0,0.75,0.9,1.0,0.2,0.5,0.0,0.0,0.0,1.0,0.0,0.0,0.0,1.0,0.0,0.0,0.0,0.0,0.0,0.484842105263,0.11,0.029842105263,0.0,repair5g59_fast_decay_low_shield,0.0,0.0,0.0,0.086842105263,-0.032894736842,0.059210526316,0.111842105263,-0.048947368421,0.002631578947,-0.198684210526,-0.217105263158,-0.026315789474,0.05,0.05,0.05,0.0,-0.052,0.01,-0.1,-0.3,0.0
maze-32-32-4|a50|s151|it0|14650fb0739d0383,maze-32-32-4,50,151,0,14650fb0739d0383,repair5g59_flow_decay,old14,flow_decay,old14,1.15530497181,True,False,False,False,False,False,False,False,False,False,False,False,False,False,0.0,0.0,False,False,1.25,1.25,1.0,0.75,0.95,0.95,0.35,0.75,False,False,False,False,False,False,50.0,3.931825632724,0.0,5357.0,107.14,8.586346050105,0.0,1.0,0.0,0.0,0.0,0.0,4750.0,418.0,189.0,2303.0,2447.0,0.088,0.039789473684,8.36,95.0,0.484842105263,0.0,0.0,0.0,0.0,0.0,2.0,2.0,0.0,50.0,3.9318256327243257,0.0,1.25,1.25,1.0,0.75,0.95,0.95,0.35,0.75,0.0,0.0,0.0,1.0,0.0,0.0,0.0,1.0,0.0,0.0,0.0,0.0,0.0,0.484842105263,0.11,0.029842105263,0.0,repair5g59_flow_decay,0.0,0.0,0.0,0.086842105263,-0.032894736842,0.059210526316,0.111842105263,0.001052631579,-0.047368421053,-0.048684210526,0.032894736842,-0.026315789474,0.05,0.05,0.05,0.0,-0.002,-0.04,0.05,-0.05,0.0
maze-32-32-4|a50|s151|it0|14650fb0739d0383,maze-32-32-4,50,151,0,14650fb0739d0383,repair5g59_high_beta_cap_safe,old14,high_beta,old14,1.15633008713,True,False,False,False,False,False,False,False,False,False,False,False,False,False,0.00102511532,0.00102511532,False,False,1.25,1.25,1.0,0.75,0.95,1.0,0.6,0.75,False,False,False,False,False,False,50.0,3.931825632724,0.0,5357.0,107.14,8.586346050105,0.0,1.0,0.0,0.0,0.0,0.0,4750.0,418.0,189.0,2303.0,2447.0,0.088,0.039789473684,8.36,95.0,0.484842105263,0.0,0.0,0.0,0.0,0.0,2.0,2.0,0.0,50.0,3.9318256327243257,0.0,1.25,1.25,1.0,0.75,0.95,1.0,0.6,0.75,0.0,0.0,0.0,1.0,0.0,0.0,0.0,0.0,0.0,1.0,0.0,0.0,0.0,0.484842105263,0.11,0.029842105263,0.0,repair5g59_high_beta_cap_safe,0.0,0.0,0.0,0.086842105263,-0.032894736842,0.059210526316,0.111842105263,0.001052631579,0.002631578947,0.201315789474,0.032894736842,-0.026315789474,0.029166666667,0.008333333333,0.0,0.029166666667,-0.0,0.004166666667,0.029166666667,0.0,0.0
maze-32-32-4|a50|s151|it0|14650fb0739d0383,maze-32-32-4,50,151,0,14650fb0739d0383,repair5g59_light_cong_light_flow,old14,flow_decay,old14,1.1870835469,True,False,False,False,False,False,False,False,False,False,False,False,False,False,0.03177857509,0.03177857509,True,False,1.0,1.0,0.75,0.75,0.98,1.0,0.25,0.5,False,False,False,False,False,False,50.0,3.931825632724,0.0,5357.0,107.14,8.586346050105,0.0,1.0,0.0,0.0,0.0,0.0,4750.0,418.0,189.0,2303.0,2447.0,0.088,0.039789473684,8.36,95.0,0.484842105263,0.0,0.0,0.0,0.0,0.0,2.0,2.0,0.0,50.0,3.9318256327243257,0.0,1.0,1.0,0.75,0.75,0.98,1.0,0.25,0.5,0.0,0.0,0.0,1.0,0.0,0.0,0.0,1.0,0.0,0.0,0.0,0.0,0.0,0.363631578947,0.088,0.029842105263,0.0,repair5g59_light_cong_light_flow,0.0,0.0,0.0,-0.163157894737,-0.282894736842,-0.190789473684,0.111842105263,0.031052631579,0.002631578947,-0.148684210526,-0.217105263158,-0.026315789474,-0.2,-0.2,-0.2,0.0,0.028,0.01,-0.05,-0.3,0.0
maze-32-32-4|a50|s151|it0|14650fb0739d0383,maze-32-32-4,50,151,0,14650fb0739d0383,repair5g59_low_beta_high_cap,old14,flow_decay,old14,1.16248077909,True,False,False,False,False,False,False,False,False,False,False,False,False,False,0.00717580728,0.00717580728,True,False,1.25,1.25,1.0,0.75,0.95,1.0,0.2,1.25,False,False,False,False,False,False,50.0,3.931825632724,0.0,5357.0,107.14,8.586346050105,0.0,1.0,0.0,0.0,0.0,0.0,4750.0,418.0,189.0,2303.0,2447.0,0.088,0.039789473684,8.36,95.0,0.484842105263,0.0,0.0,0.0,0.0,0.0,2.0,2.0,0.0,50.0,3.9318256327243257,0.0,1.25,1.25,1.0,0.75,0.95,1.0,0.2,1.25,0.0,0.0,0.0,1.0,0.0,0.0,0.0,1.0,0.0,0.0,0.0,0.0,0.0,0.484842105263,0.11,0.029842105263,0.0,repair5g59_low_beta_high_cap,0.0,0.0,0.0,0.086842105263,-0.032894736842,0.059210526316,0.111842105263,0.001052631579,0.002631578947,-0.198684210526,0.532894736842,-0.026315789474,0.05,0.05,0.05,0.0,-0.002,0.01,-0.1,0.45,0.0
maze-32-32-4|a50|s151|it0|14650fb0739d0383,maze-32-32-4,50,151,0,14650fb0739d0383,repair5g59_slow_decay_high_shield,old14,flow_decay,old14,1.43259866735,True,False,False,False,False,False,False,False,False,False,False,False,False,False,0.27729369554,0.27729369554,True,False,1.25,1.25,1.0,0.75,0.98,1.0,0.5,1.0,False,False,False,False,False,False,50.0,3.931825632724,0.0,5357.0,107.14,8.586346050105,0.0,1.0,0.0,0.0,0.0,0.0,4750.0,418.0,189.0,2303.0,2447.0,0.088,0.039789473684,8.36,95.0,0.484842105263,0.0,0.0,0.0,0.0,0.0,2.0,2.0,0.0,50.0,3.9318256327243257,0.0,1.25,1.25,1.0,0.75,0.98,1.0,0.5,1.0,0.0,0.0,0.0,1.0,0.0,0.0,0.0,1.0,0.0,0.0,0.0,0.0,0.0,0.484842105263,0.11,0.029842105263,0.0,repair5g59_slow_decay_high_shield,0.0,0.0,0.0,0.086842105263,-0.032894736842,0.059210526316,0.111842105263,0.031052631579,0.002631578947,0.101315789474,0.282894736842,-0.026315789474,0.05,0.05,0.05,0.0,0.028,0.01,0.2,0.2,0.0
maze-32-32-4|a50|s151|it0|14650fb0739d0383,maze-32-32-4,50,151,0,14650fb0739d0383,repair5g59_static_abstain_candidate,old14,static,old14,1.15530497181,True,False,False,False,False,False,False,False,False,False,False,False,False,False,0.0,0.0,False,False,1.25,1.25,1.0,0.75,0.95,1.0,0.35,0.75,False,False,False,False,False,False,50.0,3.931825632724,0.0,5357.0,107.14,8.586346050105,0.0,1.0,0.0,0.0,0.0,0.0,4750.0,418.0,189.0,2303.0,2447.0,0.088,0.039789473684,8.36,95.0,0.484842105263,0.0,0.0,0.0,0.0,0.0,2.0,2.0,0.0,50.0,3.9318256327243257,0.0,1.25,1.25,1.0,0.75,0.95,1.0,0.35,0.75,0.0,0.0,0.0,1.0,0.0,0.0,0.0,0.0,0.0,0.0,1.0,0.0,0.0,0.484842105263,0.11,0.029842105263,0.0,repair5g59_static_abstain_candidate,0.0,0.0,0.0,0.086842105263,-0.032894736842,0.059210526316,0.111842105263,0.001052631579,0.002631578947,-0.048684210526,0.032894736842,-0.026315789474,0.0,0.0,0.0,0.0,0.0,0.0,0.0,0.0,0.0
maze-32-32-4|a50|s151|it0|14650fb0739d0383,maze-32-32-4,50,151,0,14650fb0739d0383,repair5g59_static_flow_shield,old14,static,old14,1.15530497181,True,False,False,False,False,False,False,False,False,False,False,False,False,False,0.0,0.0,False,False,1.25,1.25,1.0,0.75,0.95,1.0,0.35,0.75,False,False,False,False,False,False,50.0,3.931825632724,0.0,5357.0,107.14,8.586346050105,0.0,1.0,0.0,0.0,0.0,0.0,4750.0,418.0,189.0,2303.0,2447.0,0.088,0.039789473684,8.36,95.0,0.484842105263,0.0,0.0,0.0,0.0,0.0,2.0,2.0,0.0,50.0,3.9318256327243257,0.0,1.25,1.25,1.0,0.75,0.95,1.0,0.35,0.75,0.0,0.0,0.0,1.0,0.0,0.0,0.0,0.0,0.0,0.0,1.0,0.0,0.0,0.484842105263,0.11,0.029842105263,0.0,repair5g59_static_abstain_candidate,0.0,0.0,0.0,0.086842105263,-0.032894736842,0.059210526316,0.111842105263,0.001052631579,0.002631578947,-0.048684210526,0.032894736842,-0.026315789474,0.0,0.0,0.0,0.0,0.0,0.0,0.0,0.0,0.0
maze-32-32-4|a50|s151|it0|14650fb0739d0383,maze-32-32-4,50,151,0,14650fb0739d0383,repair5g59_wait_aggressive,old14,flow_shield,old14,1.16453100974,True,False,False,False,False,False,False,False,False,False,False,False,False,False,0.00922603793,0.00922603793,True,False,1.25,1.25,1.0,1.0,0.95,1.0,0.35,0.75,False,False,False,False,False,False,50.0,3.931825632724,0.0,5357.0,107.14,8.586346050105,0.0,1.0,0.0,0.0,0.0,0.0,4750.0,418.0,189.0,2303.0,2447.0,0.088,0.039789473684,8.36,95.0,0.484842105263,0.0,0.0,0.0,0.0,0.0,2.0,2.0,0.0,50.0,3.9318256327243257,0.0,1.25,1.25,1.0,1.0,0.95,1.0,0.35,0.75,0.0,0.0,0.0,1.0,0.0,0.0,0.0,0.0,1.0,0.0,0.0,0.0,0.0,0.484842105263,0.11,0.039789473684,0.0,repair5g59_wait_aggressive,0.0,0.0,0.0,0.086842105263,-0.032894736842,0.059210526316,0.361842105263,0.001052631579,0.002631578947,-0.048684210526,0.032894736842,-0.026315789474,0.0,0.0,0.0,0.0,0.0,0.0,0.0,0.0,0.0
maze-32-32-4|a50|s151|it0|14650fb0739d0383,maze-32-32-4,50,151,0,14650fb0739d0383,repair5g59_wait_conservative,old14,wait_conservative,old14,1.17426960533,True,False,False,False,False,False,False,False,False,False,False,False,False,False,0.01896463352,0.01896463352,True,False,1.25,1.25,1.0,0.5,0.95,1.0,0.35,0.75,False,False,False,False,False,False,50.0,3.931825632724,0.0,5357.0,107.14,8.586346050105,0.0,1.0,0.0,0.0,0.0,0.0,4750.0,418.0,189.0,2303.0,2447.0,0.088,0.039789473684,8.36,95.0,0.484842105263,0.0,0.0,0.0,0.0,0.0,2.0,2.0,0.0,50.0,3.9318256327243257,0.0,1.25,1.25,1.0,0.5,0.95,1.0,0.35,0.75,0.0,0.0,0.0,1.0,0.0,0.0,0.0,0.0,0.0,0.0,0.0,0.0,1.0,0.484842105263,0.11,0.019894736842,0.0,repair5g59_wait_conservative,0.0,0.0,0.0,0.086842105263,-0.032894736842,0.059210526316,-0.138157894737,0.001052631579,0.002631578947,-0.048684210526,0.032894736842,-0.026315789474,0.0,0.0,0.0,0.042857142857,0.007142857143,0.0,0.021428571429,0.0,0.0
maze-32-32-4|a50|s151|it0|14650fb0739d0383,maze-32-32-4,50,151,0,14650fb0739d0383,repair5g518_grid_c1p25_b1p25_f1p00_w0p50_dc0p95_df1p00_beta0p35_max0p75_c0,g518_retained,wait_conservative,g518_retained,1.17426960533,True,False,False,False,False,False,False,False,False,False,False,False,False,False,0.01896463352,0.01896463352,True,False,1.25,1.25,1.0,0.5,0.95,1.0,0.35,0.75,False,False,False,False,False,False,50.0,3.931825632724,0.0,5357.0,107.14,8.586346050105,0.0,1.0,0.0,0.0,0.0,0.0,4750.0,418.0,189.0,2303.0,2447.0,0.088,0.039789473684,8.36,95.0,0.484842105263,0.0,0.0,0.0,0.0,0.0,2.0,2.0,0.0,50.0,3.9318256327243257,0.0,1.25,1.25,1.0,0.5,0.95,1.0,0.35,0.75,0.0,1.0,0.0,0.0,0.0,0.0,0.0,0.0,0.0,0.0,0.0,0.0,1.0,0.484842105263,0.11,0.019894736842,0.0,repair5g59_wait_conservative,0.0,0.0,0.0,0.086842105263,-0.032894736842,0.059210526316,-0.138157894737,0.001052631579,0.002631578947,-0.048684210526,0.032894736842,-0.026315789474,0.0,0.0,0.0,0.042857142857,0.007142857143,0.0,0.021428571429,0.0,0.0
maze-32-32-4|a50|s151|it0|14650fb0739d0383,maze-32-32-4,50,151,0,14650fb0739d0383,repair5g518_grid_c1p20_b1p35_f1p00_w0p70_dc0p95_df1p00_beta0p60_max0p75_c0,g518_retained,high_beta,g518_retained,1.14402870323,True,False,True,True,True,False,False,True,True,True,True,False,False,False,-0.01127626858,-0.01127626858,False,False,1.2,1.35,1.0,0.7,0.95,1.0,0.6,0.75,False,False,False,False,False,False,50.0,3.931825632724,0.0,5357.0,107.14,8.586346050105,0.0,1.0,0.0,0.0,0.0,0.0,4750.0,418.0,189.0,2303.0,2447.0,0.088,0.039789473684,8.36,95.0,0.484842105263,0.0,0.0,0.0,0.0,0.0,2.0,2.0,0.0,50.0,3.9318256327243257,0.0,1.2,1.35,1.0,0.7,0.95,1.0,0.6,0.75,0.0,1.0,0.0,0.0,0.0,0.0,0.0,0.0,0.0,1.0,0.0,0.0,0.0,0.484842105263,0.1188,0.027852631579,0.0,repair5g59_high_beta_cap_safe,0.122474487139,0.122474487139,0.115535611769,0.036842105263,0.067105263158,0.059210526316,0.061842105263,0.001052631579,0.002631578947,0.201315789474,0.032894736842,-0.026315789474,-0.020833333333,0.108333333333,0.0,-0.020833333333,-0.0,0.004166666667,0.029166666667,0.0,0.0
maze-32-32-4|a50|s151|it0|14650fb0739d0383,maze-32-32-4,50,151,0,14650fb0739d0383,repair5g518_grid_c0p90_b1p50_f1p00_w0p45_dc0p95_df1p00_beta0p45_max0p75_c0,g518_retained,block_heavy,g518_retained,1.15427985648,True,False,False,False,False,False,False,False,False,False,False,False,False,False,-0.00102511533,-0.00102511533,False,False,0.9,1.5,1.0,0.45,0.95,1.0,0.45,0.75,False,False,False,False,False,False,50.0,3.931825632724,0.0,5357.0,107.14,8.586346050105,0.0,1.0,0.0,0.0,0.0,0.0,4750.0,418.0,189.0,2303.0,2447.0,0.088,0.039789473684,8.36,95.0,0.484842105263,0.0,0.0,0.0,0.0,0.0,2.0,2.0,0.0,50.0,3.9318256327243257,0.0,0.9,1.5,1.0,0.45,0.95,1.0,0.45,0.75,0.0,1.0,0.0,0.0,0.0,1.0,0.0,0.0,0.0,0.0,0.0,0.0,0.0,0.484842105263,0.132,0.017905263158,0.0,repair5g59_block_heavy_flow_guard,0.15,0.15,0.139761942375,-0.263157894737,0.217105263158,0.059210526316,-0.188157894737,0.001052631579,0.002631578947,0.051315789474,0.032894736842,-0.026315789474,-0.0125,-0.0125,0.0,-0.00625,0.00625,0.0,0.0625,0.0,0.0
maze-32-32-4|a50|s151|it0|14650fb0739d0383,maze-32-32-4,50,151,0,14650fb0739d0383,repair5g518_grid_c1p25_b1p25_f1p00_w0p35_dc0p95_df1p00_beta0p30_max0p75_c0,g518_retained,wait_conservative,g518_retained,1.15889287545,True,False,False,False,False,False,False,False,False,False,False,False,False,False,0.00358790364,0.00358790364,False,False,1.25,1.25,1.0,0.35,0.95,1.0,0.3,0.75,False,False,False,False,False,False,50.0,3.931825632724,0.0,5357.0,107.14,8.586346050105,0.0,1.0,0.0,0.0,0.0,0.0,4750.0,418.0,189.0,2303.0,2447.0,0.088,0.039789473684,8.36,95.0,0.484842105263,0.0,0.0,0.0,0.0,0.0,2.0,2.0,0.0,50.0,3.9318256327243257,0.0,1.25,1.25,1.0,0.35,0.95,1.0,0.3,0.75,0.0,1.0,0.0,0.0,0.0,0.0,0.0,0.0,0.0,0.0,0.0,0.0,1.0,0.484842105263,0.11,0.013926315789,0.0,repair5g59_wait_conservative,0.158113883008,0.158113883008,0.146792718882,0.086842105263,-0.032894736842,0.059210526316,-0.288157894737,0.001052631579,0.002631578947,-0.098684210526,0.032894736842,-0.026315789474,0.0,0.0,0.0,-0.107142857143,0.007142857143,0.0,-0.028571428571,0.0,0.0
maze-32-32-4|a50|s151|it0|14650fb0739d0383,maze-32-32-4,50,151,0,14650fb0739d0383,repair5g518_grid_c0p90_b1p40_f1p00_w0p45_dc0p95_df1p00_beta0p35_max0p75_c0,g518_retained,block_heavy,g518_retained,1.15838031779,True,False,False,False,False,False,False,False,False,False,False,False,False,False,0.00307534598,0.00307534598,False,False,0.9,1.4,1.0,0.45,0.95,1.0,0.35,0.75,False,False,False,False,False,False,50.0,3.931825632724,0.0,5357.0,107.14,8.586346050105,0.0,1.0,0.0,0.0,0.0,0.0,4750.0,418.0,189.0,2303.0,2447.0,0.088,0.039789473684,8.36,95.0,0.484842105263,0.0,0.0,0.0,0.0,0.0,2.0,2.0,0.0,50.0,3.9318256327243257,0.0,0.9,1.4,1.0,0.45,0.95,1.0,0.35,0.75,0.0,1.0,0.0,0.0,0.0,1.0,0.0,0.0,0.0,0.0,0.0,0.0,0.0,0.484842105263,0.1232,0.017905263158,0.0,repair5g59_block_heavy_flow_guard,0.15,0.15,0.139761942375,-0.263157894737,0.117105263158,0.059210526316,-0.188157894737,0.001052631579,0.002631578947,-0.048684210526,0.032894736842,-0.026315789474,-0.0125,-0.1125,0.0,-0.00625,0.00625,0.0,-0.0375,0.0,0.0
maze-32-32-4|a50|s151|it0|14650fb0739d0383,maze-32-32-4,50,151,0,14650fb0739d0383,repair5g518_grid_c1p20_b1p15_f1p00_w0p70_dc0p95_df1p00_beta0p60_max0p75_c0,g518_retained,high_beta,g518_retained,1.16709379805,True,False,False,False,False,False,False,False,False,False,False,False,False,False,0.01178882624,0.01178882624,True,False,1.2,1.15,1.0,0.7,0.95,1.0,0.6,0.75,False,False,False,False,False,False,50.0,3.931825632724,0.0,5357.0,107.14,8.586346050105,0.0,1.0,0.0,0.0,0.0,0.0,4750.0,418.0,189.0,2303.0,2447.0,0.088,0.039789473684,8.36,95.0,0.484842105263,0.0,0.0,0.0,0.0,0.0,2.0,2.0,0.0,50.0,3.9318256327243257,0.0,1.2,1.15,1.0,0.7,0.95,1.0,0.6,0.75,0.0,1.0,0.0,0.0,0.0,0.0,0.0,0.0,0.0,1.0,0.0,0.0,0.0,0.484842105263,0.1012,0.027852631579,0.0,repair5g59_high_beta_cap_safe,0.122474487139,0.122474487139,0.115535611769,0.036842105263,-0.132894736842,0.059210526316,0.061842105263,0.001052631579,0.002631578947,0.201315789474,0.032894736842,-0.026315789474,-0.020833333333,-0.091666666667,0.0,-0.020833333333,-0.0,0.004166666667,0.029166666667,0.0,0.0
maze-32-32-4|a50|s151|it0|14650fb0739d0383,maze-32-32-4,50,151,0,14650fb0739d0383,repair5g518_grid_c0p90_b1p65_f1p00_w0p45_dc0p95_df1p00_beta0p35_max0p75_c0,g518_retained,block_heavy,g518_retained,1.17016914403,True,False,False,False,False,False,False,False,False,False,False,False,False,False,0.01486417222,0.01486417222,True,False,0.9,1.65,1.0,0.45,0.95,1.0,0.35,0.75,False,False,False,False,False,False,50.0,3.931825632724,0.0,5357.0,107.14,8.586346050105,0.0,1.0,0.0,0.0,0.0,0.0,4750.0,418.0,189.0,2303.0,2447.0,0.088,0.039789473684,8.36,95.0,0.484842105263,0.0,0.0,0.0,0.0,0.0,2.0,2.0,0.0,50.0,3.9318256327243257,0.0,0.9,1.65,1.0,0.45,0.95,1.0,0.35,0.75,0.0,1.0,0.0,0.0,0.0,1.0,0.0,0.0,0.0,0.0,0.0,0.0,0.0,0.484842105263,0.1452,0.017905263158,0.0,repair5g59_block_heavy_flow_guard,0.187082869339,0.187082869339,0.171498927292,-0.263157894737,0.367105263158,0.059210526316,-0.188157894737,0.001052631579,0.002631578947,-0.048684210526,0.032894736842,-0.026315789474,-0.0125,0.1375,0.0,-0.00625,0.00625,0.0,-0.0375,0.0,0.0
maze-32-32-4|a50|s151|it0|14650fb0739d0383,maze-32-32-4,50,151,0,14650fb0739d0383,repair5g518_grid_c1p20_b1p15_f1p00_w0p70_dc0p95_df1p00_beta0p55_max0p75_c0,g518_retained,high_beta,g518_retained,1.14864172219,True,False,True,True,False,False,False,True,True,True,False,False,False,False,-0.00666324962,-0.00666324962,False,False,1.2,1.15,1.0,0.7,0.95,1.0,0.55,0.75,False,False,False,False,False,False,50.0,3.931825632724,0.0,5357.0,107.14,8.586346050105,0.0,1.0,0.0,0.0,0.0,0.0,4750.0,418.0,189.0,2303.0,2447.0,0.088,0.039789473684,8.36,95.0,0.484842105263,0.0,0.0,0.0,0.0,0.0,2.0,2.0,0.0,50.0,3.9318256327243257,0.0,1.2,1.15,1.0,0.7,0.95,1.0,0.55,0.75,0.0,1.0,0.0,0.0,0.0,0.0,0.0,0.0,0.0,1.0,0.0,0.0,0.0,0.484842105263,0.1012,0.027852631579,0.0,repair5g59_high_beta_cap_safe,0.132287565553,0.132287565553,0.124239980694,0.036842105263,-0.132894736842,0.059210526316,0.061842105263,0.001052631579,0.002631578947,0.151315789474,0.032894736842,-0.026315789474,-0.020833333333,-0.091666666667,0.0,-0.020833333333,-0.0,0.004166666667,-0.020833333333,0.0,0.0
maze-32-32-4|a50|s151|it0|14650fb0739d0383,maze-32-32-4,50,151,0,14650fb0739d0383,repair5g521_grid_c0p90_b1p50_f1p00_w0p45_dc0p95_df1p00_beta0p45_max0p75_c0,g521_second_wave,block_heavy,g521_second_wave,1.15427985648,True,False,False,False,False,False,False,False,False,False,False,False,False,False,-0.00102511533,-0.00102511533,False,False,0.9,1.5,1.0,0.45,0.95,1.0,0.45,0.75,False,False,False,False,False,False,50.0,3.931825632724,0.0,5357.0,107.14,8.586346050105,0.0,1.0,0.0,0.0,0.0,0.0,4750.0,418.0,189.0,2303.0,2447.0,0.088,0.039789473684,8.36,95.0,0.484842105263,0.0,0.0,0.0,0.0,0.0,2.0,2.0,0.0,50.0,3.9318256327243257,0.0,0.9,1.5,1.0,0.45,0.95,1.0,0.45,0.75,0.0,0.0,1.0,0.0,0.0,1.0,0.0,0.0,0.0,0.0,0.0,0.0,0.0,0.484842105263,0.132,0.017905263158,0.0,repair5g59_block_heavy_flow_guard,0.15,0.15,0.139761942375,-0.263157894737,0.217105263158,0.059210526316,-0.188157894737,0.001052631579,0.002631578947,0.051315789474,0.032894736842,-0.026315789474,-0.0125,-0.0125,0.0,-0.00625,0.00625,0.0,0.0625,0.0,0.0
maze-32-32-4|a50|s151|it0|14650fb0739d0383,maze-32-32-4,50,151,0,14650fb0739d0383,repair5g521_grid_c0p90_b1p40_f1p00_w0p45_dc0p95_df1p00_beta0p35_max0p75_c0,g521_second_wave,block_heavy,g521_second_wave,1.15838031779,True,False,False,False,False,False,False,False,False,False,False,False,False,False,0.00307534598,0.00307534598,False,False,0.9,1.4,1.0,0.45,0.95,1.0,0.35,0.75,False,False,False,False,False,False,50.0,3.931825632724,0.0,5357.0,107.14,8.586346050105,0.0,1.0,0.0,0.0,0.0,0.0,4750.0,418.0,189.0,2303.0,2447.0,0.088,0.039789473684,8.36,95.0,0.484842105263,0.0,0.0,0.0,0.0,0.0,2.0,2.0,0.0,50.0,3.9318256327243257,0.0,0.9,1.4,1.0,0.45,0.95,1.0,0.35,0.75,0.0,0.0,1.0,0.0,0.0,1.0,0.0,0.0,0.0,0.0,0.0,0.0,0.0,0.484842105263,0.1232,0.017905263158,0.0,repair5g59_block_heavy_flow_guard,0.15,0.15,0.139761942375,-0.263157894737,0.117105263158,0.059210526316,-0.188157894737,0.001052631579,0.002631578947,-0.048684210526,0.032894736842,-0.026315789474,-0.0125,-0.1125,0.0,-0.00625,0.00625,0.0,-0.0375,0.0,0.0
maze-32-32-4|a50|s151|it0|14650fb0739d0383,maze-32-32-4,50,151,0,14650fb0739d0383,repair5g521_grid_c0p90_b1p65_f1p00_w0p45_dc0p95_df1p00_beta0p35_max0p75_c0,g521_second_wave,block_heavy,g521_second_wave,1.17016914403,True,False,False,False,False,False,False,False,False,False,False,False,False,False,0.01486417222,0.01486417222,True,False,0.9,1.65,1.0,0.45,0.95,1.0,0.35,0.75,False,False,False,False,False,False,50.0,3.931825632724,0.0,5357.0,107.14,8.586346050105,0.0,1.0,0.0,0.0,0.0,0.0,4750.0,418.0,189.0,2303.0,2447.0,0.088,0.039789473684,8.36,95.0,0.484842105263,0.0,0.0,0.0,0.0,0.0,2.0,2.0,0.0,50.0,3.9318256327243257,0.0,0.9,1.65,1.0,0.45,0.95,1.0,0.35,0.75,0.0,0.0,1.0,0.0,0.0,1.0,0.0,0.0,0.0,0.0,0.0,0.0,0.0,0.484842105263,0.1452,0.017905263158,0.0,repair5g59_block_heavy_flow_guard,0.187082869339,0.187082869339,0.171498927292,-0.263157894737,0.367105263158,0.059210526316,-0.188157894737,0.001052631579,0.002631578947,-0.048684210526,0.032894736842,-0.026315789474,-0.0125,0.1375,0.0,-0.00625,0.00625,0.0,-0.0375,0.0,0.0
maze-32-32-4|a50|s151|it0|14650fb0739d0383,maze-32-32-4,50,151,0,14650fb0739d0383,repair5g521_grid_c0p90_b1p50_f1p00_w0p45_dc0p90_df1p00_beta0p45_max0p75_c0,g521_second_wave,block_heavy,g521_second_wave,1.15427985648,True,False,False,False,False,False,False,False,False,False,False,False,False,False,-0.00102511533,-0.00102511533,False,False,0.9,1.5,1.0,0.45,0.9,1.0,0.45,0.75,False,False,False,False,False,False,50.0,3.931825632724,0.0,5357.0,107.14,8.586346050105,0.0,1.0,0.0,0.0,0.0,0.0,4750.0,418.0,189.0,2303.0,2447.0,0.088,0.039789473684,8.36,95.0,0.484842105263,0.0,0.0,0.0,0.0,0.0,2.0,2.0,0.0,50.0,3.9318256327243257,0.0,0.9,1.5,1.0,0.45,0.9,1.0,0.45,0.75,0.0,0.0,1.0,0.0,0.0,1.0,0.0,0.0,0.0,0.0,0.0,0.0,0.0,0.484842105263,0.132,0.017905263158,0.0,repair5g59_block_heavy_flow_guard,0.158113883008,0.158113883008,0.146792718882,-0.263157894737,0.217105263158,0.059210526316,-0.188157894737,-0.048947368421,0.002631578947,0.051315789474,0.032894736842,-0.026315789474,-0.0125,-0.0125,0.0,-0.00625,-0.04375,0.0,0.0625,0.0,0.0
maze-32-32-4|a50|s151|it0|14650fb0739d0383,maze-32-32-4,50,151,0,14650fb0739d0383,repair5g521_grid_c1p20_b1p35_f1p00_w0p70_dc0p95_df1p00_beta0p60_max0p75_c0,g521_second_wave,high_beta,g521_second_wave,1.14402870323,True,False,True,True,False,False,False,True,True,True,False,False,False,False,-0.01127626858,-0.01127626858,False,False,1.2,1.35,1.0,0.7,0.95,1.0,0.6,0.75,False,False,False,False,False,False,50.0,3.931825632724,0.0,5357.0,107.14,8.586346050105,0.0,1.0,0.0,0.0,0.0,0.0,4750.0,418.0,189.0,2303.0,2447.0,0.088,0.039789473684,8.36,95.0,0.484842105263,0.0,0.0,0.0,0.0,0.0,2.0,2.0,0.0,50.0,3.9318256327243257,0.0,1.2,1.35,1.0,0.7,0.95,1.0,0.6,0.75,0.0,0.0,1.0,0.0,0.0,0.0,0.0,0.0,0.0,1.0,0.0,0.0,0.0,0.484842105263,0.1188,0.027852631579,0.0,repair5g59_high_beta_cap_safe,0.122474487139,0.122474487139,0.115535611769,0.036842105263,0.067105263158,0.059210526316,0.061842105263,0.001052631579,0.002631578947,0.201315789474,0.032894736842,-0.026315789474,-0.020833333333,0.108333333333,0.0,-0.020833333333,-0.0,0.004166666667,0.029166666667,0.0,0.0
maze-32-32-4|a50|s151|it0|14650fb0739d0383,maze-32-32-4,50,151,0,14650fb0739d0383,repair5g521_grid_c1p20_b1p15_f1p00_w0p70_dc0p95_df1p00_beta0p60_max0p75_c0,g521_second_wave,high_beta,g521_second_wave,1.16709379805,True,False,False,False,False,False,False,False,False,False,False,False,False,False,0.01178882624,0.01178882624,True,False,1.2,1.15,1.0,0.7,0.95,1.0,0.6,0.75,False,False,False,False,False,False,50.0,3.931825632724,0.0,5357.0,107.14,8.586346050105,0.0,1.0,0.0,0.0,0.0,0.0,4750.0,418.0,189.0,2303.0,2447.0,0.088,0.039789473684,8.36,95.0,0.484842105263,0.0,0.0,0.0,0.0,0.0,2.0,2.0,0.0,50.0,3.9318256327243257,0.0,1.2,1.15,1.0,0.7,0.95,1.0,0.6,0.75,0.0,0.0,1.0,0.0,0.0,0.0,0.0,0.0,0.0,1.0,0.0,0.0,0.0,0.484842105263,0.1012,0.027852631579,0.0,repair5g59_high_beta_cap_safe,0.122474487139,0.122474487139,0.115535611769,0.036842105263,-0.132894736842,0.059210526316,0.061842105263,0.001052631579,0.002631578947,0.201315789474,0.032894736842,-0.026315789474,-0.020833333333,-0.091666666667,0.0,-0.020833333333,-0.0,0.004166666667,0.029166666667,0.0,0.0
maze-32-32-4|a50|s151|it0|14650fb0739d0383,maze-32-32-4,50,151,0,14650fb0739d0383,repair5g521_grid_c1p20_b1p15_f1p00_w0p70_dc0p95_df1p00_beta0p55_max0p75_c0,g521_second_wave,high_beta,g521_second_wave,1.14864172219,True,False,True,True,False,False,False,True,True,True,False,False,False,False,-0.00666324962,-0.00666324962,False,False,1.2,1.15,1.0,0.7,0.95,1.0,0.55,0.75,False,False,False,False,False,False,50.0,3.931825632724,0.0,5357.0,107.14,8.586346050105,0.0,1.0,0.0,0.0,0.0,0.0,4750.0,418.0,189.0,2303.0,2447.0,0.088,0.039789473684,8.36,95.0,0.484842105263,0.0,0.0,0.0,0.0,0.0,2.0,2.0,0.0,50.0,3.9318256327243257,0.0,1.2,1.15,1.0,0.7,0.95,1.0,0.55,0.75,0.0,0.0,1.0,0.0,0.0,0.0,0.0,0.0,0.0,1.0,0.0,0.0,0.0,0.484842105263,0.1012,0.027852631579,0.0,repair5g59_high_beta_cap_safe,0.132287565553,0.132287565553,0.124239980694,0.036842105263,-0.132894736842,0.059210526316,0.061842105263,0.001052631579,0.002631578947,0.151315789474,0.032894736842,-0.026315789474,-0.020833333333,-0.091666666667,0.0,-0.020833333333,-0.0,0.004166666667,-0.020833333333,0.0,0.0
maze-32-32-4|a50|s151|it0|14650fb0739d0383,maze-32-32-4,50,151,0,14650fb0739d0383,repair5g521_grid_c1p20_b1p35_f1p00_w0p70_dc0p95_df1p00_beta0p55_max0p75_c0,g521_second_wave,high_beta,g521_second_wave,1.17119425935,True,False,False,False,False,False,False,False,False,False,False,False,False,False,0.01588928754,0.01588928754,True,False,1.2,1.35,1.0,0.7,0.95,1.0,0.55,0.75,False,False,False,False,False,False,50.0,3.931825632724,0.0,5357.0,107.14,8.586346050105,0.0,1.0,0.0,0.0,0.0,0.0,4750.0,418.0,189.0,2303.0,2447.0,0.088,0.039789473684,8.36,95.0,0.484842105263,0.0,0.0,0.0,0.0,0.0,2.0,2.0,0.0,50.0,3.9318256327243257,0.0,1.2,1.35,1.0,0.7,0.95,1.0,0.55,0.75,0.0,0.0,1.0,0.0,0.0,0.0,0.0,0.0,0.0,1.0,0.0,0.0,0.0,0.484842105263,0.1188,0.027852631579,0.0,repair5g59_high_beta_cap_safe,0.132287565553,0.132287565553,0.124239980694,0.036842105263,0.067105263158,0.059210526316,0.061842105263,0.001052631579,0.002631578947,0.151315789474,0.032894736842,-0.026315789474,-0.020833333333,0.108333333333,0.0,-0.020833333333,-0.0,0.004166666667,-0.020833333333,0.0,0.0
maze-32-32-4|a50|s151|it0|14650fb0739d0383,maze-32-32-4,50,151,0,14650fb0739d0383,repair5g521_grid_c1p25_b1p25_f1p00_w0p50_dc0p95_df1p00_beta0p35_max0p75_c0,g521_second_wave,wait_conservative,g521_second_wave,1.17426960533,True,False,False,False,False,False,False,False,False,False,False,False,False,False,0.01896463352,0.01896463352,True,False,1.25,1.25,1.0,0.5,0.95,1.0,0.35,0.75,False,False,False,False,False,False,50.0,3.931825632724,0.0,5357.0,107.14,8.586346050105,0.0,1.0,0.0,0.0,0.0,0.0,4750.0,418.0,189.0,2303.0,2447.0,0.088,0.039789473684,8.36,95.0,0.484842105263,0.0,0.0,0.0,0.0,0.0,2.0,2.0,0.0,50.0,3.9318256327243257,0.0,1.25,1.25,1.0,0.5,0.95,1.0,0.35,0.75,0.0,0.0,1.0,0.0,0.0,0.0,0.0,0.0,0.0,0.0,0.0,0.0,1.0,0.484842105263,0.11,0.019894736842,0.0,repair5g59_wait_conservative,0.0,0.0,0.0,0.086842105263,-0.032894736842,0.059210526316,-0.138157894737,0.001052631579,0.002631578947,-0.048684210526,0.032894736842,-0.026315789474,0.0,0.0,0.0,0.042857142857,0.007142857143,0.0,0.021428571429,0.0,0.0
maze-32-32-4|a50|s151|it0|14650fb0739d0383,maze-32-32-4,50,151,0,14650fb0739d0383,repair5g521_grid_c1p25_b1p25_f1p00_w0p35_dc0p95_df1p00_beta0p30_max0p75_c0,g521_second_wave,wait_conservative,g521_second_wave,1.15889287545,True,False,False,False,False,False,False,False,False,False,False,False,False,False,0.00358790364,0.00358790364,False,False,1.25,1.25,1.0,0.35,0.95,1.0,0.3,0.75,False,False,False,False,False,False,50.0,3.931825632724,0.0,5357.0,107.14,8.586346050105,0.0,1.0,0.0,0.0,0.0,0.0,4750.0,418.0,189.0,2303.0,2447.0,0.088,0.039789473684,8.36,95.0,0.484842105263,0.0,0.0,0.0,0.0,0.0,2.0,2.0,0.0,50.0,3.9318256327243257,0.0,1.25,1.25,1.0,0.35,0.95,1.0,0.3,0.75,0.0,0.0,1.0,0.0,0.0,0.0,0.0,0.0,0.0,0.0,0.0,0.0,1.0,0.484842105263,0.11,0.013926315789,0.0,repair5g59_wait_conservative,0.158113883008,0.158113883008,0.146792718882,0.086842105263,-0.032894736842,0.059210526316,-0.288157894737,0.001052631579,0.002631578947,-0.098684210526,0.032894736842,-0.026315789474,0.0,0.0,0.0,-0.107142857143,0.007142857143,0.0,-0.028571428571,0.0,0.0
maze-32-32-4|a50|s151|it0|14650fb0739d0383,maze-32-32-4,50,151,0,14650fb0739d0383,repair5g521_grid_c1p25_b1p25_f1p00_w0p50_dc0p90_df1p00_beta0p35_max0p75_c0,g521_second_wave,wait_conservative,g521_second_wave,1.17426960533,True,False,False,False,False,False,False,False,False,False,False,False,False,False,0.01896463352,0.01896463352,True,False,1.25,1.25,1.0,0.5,0.9,1.0,0.35,0.75,False,False,False,False,False,False,50.0,3.931825632724,0.0,5357.0,107.14,8.586346050105,0.0,1.0,0.0,0.0,0.0,0.0,4750.0,418.0,189.0,2303.0,2447.0,0.088,0.039789473684,8.36,95.0,0.484842105263,0.0,0.0,0.0,0.0,0.0,2.0,2.0,0.0,50.0,3.9318256327243257,0.0,1.25,1.25,1.0,0.5,0.9,1.0,0.35,0.75,0.0,0.0,1.0,0.0,0.0,0.0,0.0,0.0,0.0,0.0,0.0,0.0,1.0,0.484842105263,0.11,0.019894736842,0.0,repair5g59_wait_conservative,0.05,0.05,0.048790164169,0.086842105263,-0.032894736842,0.059210526316,-0.138157894737,-0.048947368421,0.002631578947,-0.048684210526,0.032894736842,-0.026315789474,0.0,0.0,0.0,0.042857142857,-0.042857142857,0.0,0.021428571429,0.0,0.0
maze-32-32-4|a50|s151|it0|14650fb0739d0383,maze-32-32-4,50,151,0,14650fb0739d0383,repair5g521_grid_c1p25_b1p25_f1p00_w0p50_dc0p95_df1p00_beta0p30_max0p75_c0,g521_second_wave,wait_conservative,g521_second_wave,1.16760635572,True,False,False,False,False,False,False,False,False,False,False,False,False,False,0.01230138391,0.01230138391,True,False,1.25,1.25,1.0,0.5,0.95,1.0,0.3,0.75,False,False,False,False,False,False,50.0,3.931825632724,0.0,5357.0,107.14,8.586346050105,0.0,1.0,0.0,0.0,0.0,0.0,4750.0,418.0,189.0,2303.0,2447.0,0.088,0.039789473684,8.36,95.0,0.484842105263,0.0,0.0,0.0,0.0,0.0,2.0,2.0,0.0,50.0,3.9318256327243257,0.0,1.25,1.25,1.0,0.5,0.95,1.0,0.3,0.75,0.0,0.0,1.0,0.0,0.0,0.0,0.0,0.0,0.0,0.0,0.0,0.0,1.0,0.484842105263,0.11,0.019894736842,0.0,repair5g59_wait_conservative,0.05,0.05,0.048790164169,0.086842105263,-0.032894736842,0.059210526316,-0.138157894737,0.001052631579,0.002631578947,-0.098684210526,0.032894736842,-0.026315789474,0.0,0.0,0.0,0.042857142857,0.007142857143,0.0,-0.028571428571,0.0,0.0
maze-32-32-4|a50|s151|it0|14650fb0739d0383,maze-32-32-4,50,151,0,14650fb0739d0383,repair5g521_grid_c1p25_b1p25_f1p00_w0p75_dc0p95_df1p00_beta0p55_max0p75_c0,g521_second_wave,high_beta,g521_second_wave,1.16299333675,True,False,False,False,False,False,False,False,False,False,False,False,False,False,0.00768836494,0.00768836494,True,False,1.25,1.25,1.0,0.75,0.95,1.0,0.55,0.75,False,False,False,False,False,False,50.0,3.931825632724,0.0,5357.0,107.14,8.586346050105,0.0,1.0,0.0,0.0,0.0,0.0,4750.0,418.0,189.0,2303.0,2447.0,0.088,0.039789473684,8.36,95.0,0.484842105263,0.0,0.0,0.0,0.0,0.0,2.0,2.0,0.0,50.0,3.9318256327243257,0.0,1.25,1.25,1.0,0.75,0.95,1.0,0.55,0.75,0.0,0.0,1.0,0.0,0.0,0.0,0.0,0.0,0.0,1.0,0.0,0.0,0.0,0.484842105263,0.11,0.029842105263,0.0,repair5g59_high_beta_cap_safe,0.05,0.05,0.048790164169,0.086842105263,-0.032894736842,0.059210526316,0.111842105263,0.001052631579,0.002631578947,0.151315789474,0.032894736842,-0.026315789474,0.029166666667,0.008333333333,0.0,0.029166666667,-0.0,0.004166666667,-0.020833333333,0.0,0.0
maze-32-32-4|a50|s151|it0|14650fb0739d0383,maze-32-32-4,50,151,0,14650fb0739d0383,repair5g521_grid_c1p25_b1p25_f1p00_w0p75_dc0p90_df1p00_beta0p55_max0p75_c0,g521_second_wave,high_beta,g521_second_wave,1.16299333675,True,False,False,False,False,False,False,False,False,False,False,False,False,False,0.00768836494,0.00768836494,True,False,1.25,1.25,1.0,0.75,0.9,1.0,0.55,0.75,False,False,False,False,False,False,50.0,3.931825632724,0.0,5357.0,107.14,8.586346050105,0.0,1.0,0.0,0.0,0.0,0.0,4750.0,418.0,189.0,2303.0,2447.0,0.088,0.039789473684,8.36,95.0,0.484842105263,0.0,0.0,0.0,0.0,0.0,2.0,2.0,0.0,50.0,3.9318256327243257,0.0,1.25,1.25,1.0,0.75,0.9,1.0,0.55,0.75,0.0,0.0,1.0,0.0,0.0,0.0,0.0,0.0,0.0,1.0,0.0,0.0,0.0,0.484842105263,0.11,0.029842105263,0.0,repair5g59_high_beta_cap_safe,0.070710678119,0.070710678119,0.068322613158,0.086842105263,-0.032894736842,0.059210526316,0.111842105263,-0.048947368421,0.002631578947,0.151315789474,0.032894736842,-0.026315789474,0.029166666667,0.008333333333,0.0,0.029166666667,-0.05,0.004166666667,-0.020833333333,0.0,0.0
maze-32-32-4|a50|s151|it0|14650fb0739d0383,maze-32-32-4,50,151,0,14650fb0739d0383,repair5g521_grid_c1p25_b1p25_f1p00_w0p75_dc0p95_df0p95_beta0p55_max0p75_c0,g521_second_wave,high_beta,g521_second_wave,1.16299333675,True,False,False,False,False,False,False,False,False,False,False,False,False,False,0.00768836494,0.00768836494,True,False,1.25,1.25,1.0,0.75,0.95,0.95,0.55,0.75,False,False,False,False,False,False,50.0,3.931825632724,0.0,5357.0,107.14,8.586346050105,0.0,1.0,0.0,0.0,0.0,0.0,4750.0,418.0,189.0,2303.0,2447.0,0.088,0.039789473684,8.36,95.0,0.484842105263,0.0,0.0,0.0,0.0,0.0,2.0,2.0,0.0,50.0,3.9318256327243257,0.0,1.25,1.25,1.0,0.75,0.95,0.95,0.55,0.75,0.0,0.0,1.0,0.0,0.0,0.0,0.0,0.0,0.0,1.0,0.0,0.0,0.0,0.484842105263,0.11,0.029842105263,0.0,repair5g59_high_beta_cap_safe,0.070710678119,0.070710678119,0.068322613158,0.086842105263,-0.032894736842,0.059210526316,0.111842105263,0.001052631579,-0.047368421053,0.151315789474,0.032894736842,-0.026315789474,0.029166666667,0.008333333333,0.0,0.029166666667,-0.0,-0.045833333333,-0.020833333333,0.0,0.0
maze-32-32-4|a50|s151|it0|14650fb0739d0383,maze-32-32-4,50,151,0,14650fb0739d0383,repair5g521_grid_c1p25_b1p25_f1p00_w0p75_dc1p00_df1p00_beta0p55_max0p75_c0,g521_second_wave,high_beta,g521_second_wave,1.16299333675,True,False,False,False,False,False,False,False,False,False,False,False,False,False,0.00768836494,0.00768836494,True,False,1.25,1.25,1.0,0.75,1.0,1.0,0.55,0.75,False,False,False,False,False,False,50.0,3.931825632724,0.0,5357.0,107.14,8.586346050105,0.0,1.0,0.0,0.0,0.0,0.0,4750.0,418.0,189.0,2303.0,2447.0,0.088,0.039789473684,8.36,95.0,0.484842105263,0.0,0.0,0.0,0.0,0.0,2.0,2.0,0.0,50.0,3.9318256327243257,0.0,1.25,1.25,1.0,0.75,1.0,1.0,0.55,0.75,0.0,0.0,1.0,0.0,0.0,0.0,0.0,0.0,0.0,1.0,0.0,0.0,0.0,0.484842105263,0.11,0.029842105263,0.0,repair5g59_high_beta_cap_safe,0.070710678119,0.070710678119,0.068322613158,0.086842105263,-0.032894736842,0.059210526316,0.111842105263,0.051052631579,0.002631578947,0.151315789474,0.032894736842,-0.026315789474,0.029166666667,0.008333333333,0.0,0.029166666667,0.05,0.004166666667,-0.020833333333,0.0,0.0
maze-32-32-4|a50|s152|it0|14650fb0739d0383,maze-32-32-4,50,152,0,14650fb0739d0383,repair5g59_additive_fallback,old14,additive,old14,1.3515625,True,False,False,False,False,False,False,False,False,False,False,False,False,False,0.11979166667,0.13020833333,True,False,,,,,,,,,,False,False,False,False,False,50.0,3.931825632724,0.0,5802.0,116.04,8.666130304191,0.0,1.0,0.0,0.0,0.0,0.0,5100.0,475.0,227.0,2332.0,2768.0,0.093137254902,0.044509803922,9.5,102.0,0.457254901961,0.0,0.0,0.0,0.0,0.0,2.0,2.0,0.0,50.0,3.9318256327243257,0.0,1.0,1.0,0.0,1.0,1.0,1.0,0.0,0.0,0.0,0.0,0.0,1.0,1.0,0.0,0.0,0.0,0.0,0.0,0.0,0.0,0.0,0.0,0.093137254902,0.044509803922,0.0,,,,0.0,-0.163157894737,-0.282894736842,-0.940789473684,0.361842105263,0.051052631579,0.002631578947,-0.398684210526,-0.717105263158,-0.026315789474,0.0,0.0,0.0,0.0,0.0,0.0,0.0,0.0,0.0
maze-32-32-4|a50|s152|it0|14650fb0739d0383,maze-32-32-4,50,152,0,14650fb0739d0383,repair5g59_block_heavy_flow_guard,old14,block_heavy,old14,1.234375,True,False,False,False,False,False,False,False,False,False,False,False,False,False,0.00260416667,0.01302083333,False,False,1.0,1.5,1.0,0.5,0.95,1.0,0.35,0.75,False,False,False,False,False,False,50.0,3.931825632724,0.0,5802.0,116.04,8.666130304191,0.0,1.0,0.0,0.0,0.0,0.0,5100.0,475.0,227.0,2332.0,2768.0,0.093137254902,0.044509803922,9.5,102.0,0.457254901961,0.0,0.0,0.0,0.0,0.0,2.0,2.0,0.0,50.0,3.9318256327243257,0.0,1.0,1.5,1.0,0.5,0.95,1.0,0.35,0.75,0.0,0.0,0.0,1.0,0.0,1.0,0.0,0.0,0.0,0.0,0.0,0.0,0.0,0.457254901961,0.139705882353,0.022254901961,0.0,repair5g59_block_heavy_flow_guard,0.0,0.0,0.0,-0.163157894737,0.217105263158,0.059210526316,-0.138157894737,0.001052631579,0.002631578947,-0.048684210526,0.032894736842,-0.026315789474,0.0875,-0.0125,0.0,0.04375,0.00625,0.0,-0.0375,0.0,0.0
maze-32-32-4|a50|s152|it0|14650fb0739d0383,maze-32-32-4,50,152,0,14650fb0739d0383,repair5g59_c_only_f_disabled,old14,static_boundary_c_only,old14,1.31302083333,True,False,False,False,False,False,False,False,False,False,False,False,False,False,0.08125,0.09166666666,True,False,1.25,1.25,0.0,0.75,0.95,1.0,0.0,0.0,True,False,False,False,False,False,50.0,3.931825632724,0.0,5802.0,116.04,8.666130304191,0.0,1.0,0.0,0.0,0.0,0.0,5100.0,475.0,227.0,2332.0,2768.0,0.093137254902,0.044509803922,9.5,102.0,0.457254901961,0.0,0.0,0.0,0.0,0.0,2.0,2.0,0.0,50.0,3.9318256327243257,0.0,1.25,1.25,0.0,0.75,0.95,1.0,0.0,0.0,1.0,0.0,0.0,1.0,0.0,0.0,0.0,0.0,0.0,0.0,0.0,1.0,0.0,0.0,0.116421568627,0.033382352942,0.0,repair5g59_c_only_f_disabled,0.0,0.0,0.0,0.086842105263,-0.032894736842,-0.940789473684,0.111842105263,0.001052631579,0.002631578947,-0.398684210526,-0.717105263158,0.973684210526,0.0,0.0,0.0,0.0,0.0,0.0,0.0,0.0,0.0
maze-32-32-4|a50|s152|it0|14650fb0739d0383,maze-32-32-4,50,152,0,14650fb0739d0383,repair5g59_commit_heavy_flow_guard,old14,commit_heavy,old14,1.24947916667,True,False,False,False,False,False,False,False,False,False,False,False,False,False,0.01770833334,0.028125,True,False,1.5,1.0,1.0,0.75,0.95,1.0,0.35,0.75,False,False,False,False,False,False,50.0,3.931825632724,0.0,5802.0,116.04,8.666130304191,0.0,1.0,0.0,0.0,0.0,0.0,5100.0,475.0,227.0,2332.0,2768.0,0.093137254902,0.044509803922,9.5,102.0,0.457254901961,0.0,0.0,0.0,0.0,0.0,2.0,2.0,0.0,50.0,3.9318256327243257,0.0,1.5,1.0,1.0,0.75,0.95,1.0,0.35,0.75,0.0,0.0,0.0,1.0,0.0,0.0,1.0,0.0,0.0,0.0,0.0,0.0,0.0,0.457254901961,0.093137254902,0.033382352942,0.0,repair5g59_commit_heavy_flow_guard,0.0,0.0,0.0,0.336842105263,-0.282894736842,0.059210526316,0.111842105263,0.001052631579,0.002631578947,-0.048684210526,0.032894736842,-0.026315789474,0.0,0.0,0.0,0.0,0.0,0.0,0.0,0.0,0.0
maze-32-32-4|a50|s152|it0|14650fb0739d0383,maze-32-32-4,50,152,0,14650fb0739d0383,repair5g59_fast_decay_low_shield,old14,flow_decay,old14,1.2796875,True,False,False,False,False,False,False,False,False,False,False,False,False,False,0.04791666667,0.05833333333,True,False,1.25,1.25,1.0,0.75,0.9,1.0,0.2,0.5,False,False,False,False,False,False,50.0,3.931825632724,0.0,5802.0,116.04,8.666130304191,0.0,1.0,0.0,0.0,0.0,0.0,5100.0,475.0,227.0,2332.0,2768.0,0.093137254902,0.044509803922,9.5,102.0,0.457254901961,0.0,0.0,0.0,0.0,0.0,2.0,2.0,0.0,50.0,3.9318256327243257,0.0,1.25,1.25,1.0,0.75,0.9,1.0,0.2,0.5,0.0,0.0,0.0,1.0,0.0,0.0,0.0,1.0,0.0,0.0,0.0,0.0,0.0,0.457254901961,0.116421568627,0.033382352942,0.0,repair5g59_fast_decay_low_shield,0.0,0.0,0.0,0.086842105263,-0.032894736842,0.059210526316,0.111842105263,-0.048947368421,0.002631578947,-0.198684210526,-0.217105263158,-0.026315789474,0.05,0.05,0.05,0.0,-0.052,0.01,-0.1,-0.3,0.0
maze-32-32-4|a50|s152|it0|14650fb0739d0383,maze-32-32-4,50,152,0,14650fb0739d0383,repair5g59_flow_decay,old14,flow_decay,old14,1.23177083333,True,False,False,False,False,False,False,False,False,False,False,False,False,False,0.0,0.01041666666,False,False,1.25,1.25,1.0,0.75,0.95,0.95,0.35,0.75,False,False,False,False,False,False,50.0,3.931825632724,0.0,5802.0,116.04,8.666130304191,0.0,1.0,0.0,0.0,0.0,0.0,5100.0,475.0,227.0,2332.0,2768.0,0.093137254902,0.044509803922,9.5,102.0,0.457254901961,0.0,0.0,0.0,0.0,0.0,2.0,2.0,0.0,50.0,3.9318256327243257,0.0,1.25,1.25,1.0,0.75,0.95,0.95,0.35,0.75,0.0,0.0,0.0,1.0,0.0,0.0,0.0,1.0,0.0,0.0,0.0,0.0,0.0,0.457254901961,0.116421568627,0.033382352942,0.0,repair5g59_flow_decay,0.0,0.0,0.0,0.086842105263,-0.032894736842,0.059210526316,0.111842105263,0.001052631579,-0.047368421053,-0.048684210526,0.032894736842,-0.026315789474,0.05,0.05,0.05,0.0,-0.002,-0.04,0.05,-0.05,0.0
maze-32-32-4|a50|s152|it0|14650fb0739d0383,maze-32-32-4,50,152,0,14650fb0739d0383,repair5g59_high_beta_cap_safe,old14,high_beta,old14,1.22552083333,True,False,True,False,False,False,False,False,False,False,False,False,False,False,-0.00625,0.00416666666,False,False,1.25,1.25,1.0,0.75,0.95,1.0,0.6,0.75,False,False,False,False,False,False,50.0,3.931825632724,0.0,5802.0,116.04,8.666130304191,0.0,1.0,0.0,0.0,0.0,0.0,5100.0,475.0,227.0,2332.0,2768.0,0.093137254902,0.044509803922,9.5,102.0,0.457254901961,0.0,0.0,0.0,0.0,0.0,2.0,2.0,0.0,50.0,3.9318256327243257,0.0,1.25,1.25,1.0,0.75,0.95,1.0,0.6,0.75,0.0,0.0,0.0,1.0,0.0,0.0,0.0,0.0,0.0,1.0,0.0,0.0,0.0,0.457254901961,0.116421568627,0.033382352942,0.0,repair5g59_high_beta_cap_safe,0.0,0.0,0.0,0.086842105263,-0.032894736842,0.059210526316,0.111842105263,0.001052631579,0.002631578947,0.201315789474,0.032894736842,-0.026315789474,0.029166666667,0.008333333333,0.0,0.029166666667,-0.0,0.004166666667,0.029166666667,0.0,0.0
maze-32-32-4|a50|s152|it0|14650fb0739d0383,maze-32-32-4,50,152,0,14650fb0739d0383,repair5g59_light_cong_light_flow,old14,flow_decay,old14,1.32239583333,True,False,False,False,False,False,False,False,False,False,False,False,False,False,0.090625,0.10104166666,True,False,1.0,1.0,0.75,0.75,0.98,1.0,0.25,0.5,False,False,False,False,False,False,50.0,3.931825632724,0.0,5802.0,116.04,8.666130304191,0.0,1.0,0.0,0.0,0.0,0.0,5100.0,475.0,227.0,2332.0,2768.0,0.093137254902,0.044509803922,9.5,102.0,0.457254901961,0.0,0.0,0.0,0.0,0.0,2.0,2.0,0.0,50.0,3.9318256327243257,0.0,1.0,1.0,0.75,0.75,0.98,1.0,0.25,0.5,0.0,0.0,0.0,1.0,0.0,0.0,0.0,1.0,0.0,0.0,0.0,0.0,0.0,0.342941176471,0.093137254902,0.033382352942,0.0,repair5g59_light_cong_light_flow,0.0,0.0,0.0,-0.163157894737,-0.282894736842,-0.190789473684,0.111842105263,0.031052631579,0.002631578947,-0.148684210526,-0.217105263158,-0.026315789474,-0.2,-0.2,-0.2,0.0,0.028,0.01,-0.05,-0.3,0.0
maze-32-32-4|a50|s152|it0|14650fb0739d0383,maze-32-32-4,50,152,0,14650fb0739d0383,repair5g59_low_beta_high_cap,old14,flow_decay,old14,1.38020833333,True,False,False,False,False,False,False,False,False,False,False,False,False,False,0.1484375,0.15885416666,True,False,1.25,1.25,1.0,0.75,0.95,1.0,0.2,1.25,False,False,False,False,False,False,50.0,3.931825632724,0.0,5802.0,116.04,8.666130304191,0.0,1.0,0.0,0.0,0.0,0.0,5100.0,475.0,227.0,2332.0,2768.0,0.093137254902,0.044509803922,9.5,102.0,0.457254901961,0.0,0.0,0.0,0.0,0.0,2.0,2.0,0.0,50.0,3.9318256327243257,0.0,1.25,1.25,1.0,0.75,0.95,1.0,0.2,1.25,0.0,0.0,0.0,1.0,0.0,0.0,0.0,1.0,0.0,0.0,0.0,0.0,0.0,0.457254901961,0.116421568627,0.033382352942,0.0,repair5g59_low_beta_high_cap,0.0,0.0,0.0,0.086842105263,-0.032894736842,0.059210526316,0.111842105263,0.001052631579,0.002631578947,-0.198684210526,0.532894736842,-0.026315789474,0.05,0.05,0.05,0.0,-0.002,0.01,-0.1,0.45,0.0
maze-32-32-4|a50|s152|it0|14650fb0739d0383,maze-32-32-4,50,152,0,14650fb0739d0383,repair5g59_slow_decay_high_shield,old14,flow_decay,old14,1.29427083333,True,False,False,False,False,False,False,False,False,False,False,False,False,False,0.0625,0.07291666666,True,False,1.25,1.25,1.0,0.75,0.98,1.0,0.5,1.0,False,False,False,False,False,False,50.0,3.931825632724,0.0,5802.0,116.04,8.666130304191,0.0,1.0,0.0,0.0,0.0,0.0,5100.0,475.0,227.0,2332.0,2768.0,0.093137254902,0.044509803922,9.5,102.0,0.457254901961,0.0,0.0,0.0,0.0,0.0,2.0,2.0,0.0,50.0,3.9318256327243257,0.0,1.25,1.25,1.0,0.75,0.98,1.0,0.5,1.0,0.0,0.0,0.0,1.0,0.0,0.0,0.0,1.0,0.0,0.0,0.0,0.0,0.0,0.457254901961,0.116421568627,0.033382352942,0.0,repair5g59_slow_decay_high_shield,0.0,0.0,0.0,0.086842105263,-0.032894736842,0.059210526316,0.111842105263,0.031052631579,0.002631578947,0.101315789474,0.282894736842,-0.026315789474,0.05,0.05,0.05,0.0,0.028,0.01,0.2,0.2,0.0
maze-32-32-4|a50|s152|it0|14650fb0739d0383,maze-32-32-4,50,152,0,14650fb0739d0383,repair5g59_static_abstain_candidate,old14,static,old14,1.23177083333,True,False,False,False,False,False,False,False,False,False,False,False,False,False,0.0,0.01041666666,False,False,1.25,1.25,1.0,0.75,0.95,1.0,0.35,0.75,False,False,False,False,False,False,50.0,3.931825632724,0.0,5802.0,116.04,8.666130304191,0.0,1.0,0.0,0.0,0.0,0.0,5100.0,475.0,227.0,2332.0,2768.0,0.093137254902,0.044509803922,9.5,102.0,0.457254901961,0.0,0.0,0.0,0.0,0.0,2.0,2.0,0.0,50.0,3.9318256327243257,0.0,1.25,1.25,1.0,0.75,0.95,1.0,0.35,0.75,0.0,0.0,0.0,1.0,0.0,0.0,0.0,0.0,0.0,0.0,1.0,0.0,0.0,0.457254901961,0.116421568627,0.033382352942,0.0,repair5g59_static_abstain_candidate,0.0,0.0,0.0,0.086842105263,-0.032894736842,0.059210526316,0.111842105263,0.001052631579,0.002631578947,-0.048684210526,0.032894736842,-0.026315789474,0.0,0.0,0.0,0.0,0.0,0.0,0.0,0.0,0.0
maze-32-32-4|a50|s152|it0|14650fb0739d0383,maze-32-32-4,50,152,0,14650fb0739d0383,repair5g59_static_flow_shield,old14,static,old14,1.23177083333,True,False,False,False,False,False,False,False,False,False,False,False,False,False,0.0,0.01041666666,False,False,1.25,1.25,1.0,0.75,0.95,1.0,0.35,0.75,False,False,False,False,False,False,50.0,3.931825632724,0.0,5802.0,116.04,8.666130304191,0.0,1.0,0.0,0.0,0.0,0.0,5100.0,475.0,227.0,2332.0,2768.0,0.093137254902,0.044509803922,9.5,102.0,0.457254901961,0.0,0.0,0.0,0.0,0.0,2.0,2.0,0.0,50.0,3.9318256327243257,0.0,1.25,1.25,1.0,0.75,0.95,1.0,0.35,0.75,0.0,0.0,0.0,1.0,0.0,0.0,0.0,0.0,0.0,0.0,1.0,0.0,0.0,0.457254901961,0.116421568627,0.033382352942,0.0,repair5g59_static_abstain_candidate,0.0,0.0,0.0,0.086842105263,-0.032894736842,0.059210526316,0.111842105263,0.001052631579,0.002631578947,-0.048684210526,0.032894736842,-0.026315789474,0.0,0.0,0.0,0.0,0.0,0.0,0.0,0.0,0.0
maze-32-32-4|a50|s152|it0|14650fb0739d0383,maze-32-32-4,50,152,0,14650fb0739d0383,repair5g59_wait_aggressive,old14,flow_shield,old14,1.2265625,True,False,True,False,False,False,False,False,False,False,False,False,False,False,-0.00520833333,0.00520833333,False,False,1.25,1.25,1.0,1.0,0.95,1.0,0.35,0.75,False,False,False,False,False,False,50.0,3.931825632724,0.0,5802.0,116.04,8.666130304191,0.0,1.0,0.0,0.0,0.0,0.0,5100.0,475.0,227.0,2332.0,2768.0,0.093137254902,0.044509803922,9.5,102.0,0.457254901961,0.0,0.0,0.0,0.0,0.0,2.0,2.0,0.0,50.0,3.9318256327243257,0.0,1.25,1.25,1.0,1.0,0.95,1.0,0.35,0.75,0.0,0.0,0.0,1.0,0.0,0.0,0.0,0.0,1.0,0.0,0.0,0.0,0.0,0.457254901961,0.116421568627,0.044509803922,0.0,repair5g59_wait_aggressive,0.0,0.0,0.0,0.086842105263,-0.032894736842,0.059210526316,0.361842105263,0.001052631579,0.002631578947,-0.048684210526,0.032894736842,-0.026315789474,0.0,0.0,0.0,0.0,0.0,0.0,0.0,0.0,0.0
maze-32-32-4|a50|s152|it0|14650fb0739d0383,maze-32-32-4,50,152,0,14650fb0739d0383,repair5g59_wait_conservative,old14,wait_conservative,old14,1.22135416667,True,False,True,False,False,False,False,False,False,False,False,False,False,False,-0.01041666666,0.0,False,False,1.25,1.25,1.0,0.5,0.95,1.0,0.35,0.75,False,False,False,False,False,False,50.0,3.931825632724,0.0,5802.0,116.04,8.666130304191,0.0,1.0,0.0,0.0,0.0,0.0,5100.0,475.0,227.0,2332.0,2768.0,0.093137254902,0.044509803922,9.5,102.0,0.457254901961,0.0,0.0,0.0,0.0,0.0,2.0,2.0,0.0,50.0,3.9318256327243257,0.0,1.25,1.25,1.0,0.5,0.95,1.0,0.35,0.75,0.0,0.0,0.0,1.0,0.0,0.0,0.0,0.0,0.0,0.0,0.0,0.0,1.0,0.457254901961,0.116421568627,0.022254901961,0.0,repair5g59_wait_conservative,0.0,0.0,0.0,0.086842105263,-0.032894736842,0.059210526316,-0.138157894737,0.001052631579,0.002631578947,-0.048684210526,0.032894736842,-0.026315789474,0.0,0.0,0.0,0.042857142857,0.007142857143,0.0,0.021428571429,0.0,0.0
maze-32-32-4|a50|s152|it0|14650fb0739d0383,maze-32-32-4,50,152,0,14650fb0739d0383,repair5g518_grid_c1p25_b1p25_f1p00_w0p50_dc0p95_df1p00_beta0p35_max0p75_c0,g518_retained,wait_conservative,g518_retained,1.22135416667,True,False,True,False,False,False,False,False,True,False,False,False,False,True,-0.01041666666,0.0,False,False,1.25,1.25,1.0,0.5,0.95,1.0,0.35,0.75,False,False,False,False,False,False,50.0,3.931825632724,0.0,5802.0,116.04,8.666130304191,0.0,1.0,0.0,0.0,0.0,0.0,5100.0,475.0,227.0,2332.0,2768.0,0.093137254902,0.044509803922,9.5,102.0,0.457254901961,0.0,0.0,0.0,0.0,0.0,2.0,2.0,0.0,50.0,3.9318256327243257,0.0,1.25,1.25,1.0,0.5,0.95,1.0,0.35,0.75,0.0,1.0,0.0,0.0,0.0,0.0,0.0,0.0,0.0,0.0,0.0,0.0,1.0,0.457254901961,0.116421568627,0.022254901961,0.0,repair5g59_wait_conservative,0.0,0.0,0.0,0.086842105263,-0.032894736842,0.059210526316,-0.138157894737,0.001052631579,0.002631578947,-0.048684210526,0.032894736842,-0.026315789474,0.0,0.0,0.0,0.042857142857,0.007142857143,0.0,0.021428571429,0.0,0.0
maze-32-32-4|a50|s152|it0|14650fb0739d0383,maze-32-32-4,50,152,0,14650fb0739d0383,repair5g518_grid_c1p20_b1p35_f1p00_w0p70_dc0p95_df1p00_beta0p60_max0p75_c0,g518_retained,high_beta,g518_retained,1.209375,True,False,True,True,True,False,False,True,True,True,True,False,False,False,-0.02239583333,-0.01197916667,False,False,1.2,1.35,1.0,0.7,0.95,1.0,0.6,0.75,False,False,False,False,False,False,50.0,3.931825632724,0.0,5802.0,116.04,8.666130304191,0.0,1.0,0.0,0.0,0.0,0.0,5100.0,475.0,227.0,2332.0,2768.0,0.093137254902,0.044509803922,9.5,102.0,0.457254901961,0.0,0.0,0.0,0.0,0.0,2.0,2.0,0.0,50.0,3.9318256327243257,0.0,1.2,1.35,1.0,0.7,0.95,1.0,0.6,0.75,0.0,1.0,0.0,0.0,0.0,0.0,0.0,0.0,0.0,1.0,0.0,0.0,0.0,0.457254901961,0.125735294118,0.031156862745,0.0,repair5g59_high_beta_cap_safe,0.122474487139,0.122474487139,0.115535611769,0.036842105263,0.067105263158,0.059210526316,0.061842105263,0.001052631579,0.002631578947,0.201315789474,0.032894736842,-0.026315789474,-0.020833333333,0.108333333333,0.0,-0.020833333333,-0.0,0.004166666667,0.029166666667,0.0,0.0
maze-32-32-4|a50|s152|it0|14650fb0739d0383,maze-32-32-4,50,152,0,14650fb0739d0383,repair5g518_grid_c0p90_b1p50_f1p00_w0p45_dc0p95_df1p00_beta0p45_max0p75_c0,g518_retained,block_heavy,g518_retained,1.22552083333,True,False,True,False,False,False,False,False,True,False,False,False,False,True,-0.00625,0.00416666666,False,False,0.9,1.5,1.0,0.45,0.95,1.0,0.45,0.75,False,False,False,False,False,False,50.0,3.931825632724,0.0,5802.0,116.04,8.666130304191,0.0,1.0,0.0,0.0,0.0,0.0,5100.0,475.0,227.0,2332.0,2768.0,0.093137254902,0.044509803922,9.5,102.0,0.457254901961,0.0,0.0,0.0,0.0,0.0,2.0,2.0,0.0,50.0,3.9318256327243257,0.0,0.9,1.5,1.0,0.45,0.95,1.0,0.45,0.75,0.0,1.0,0.0,0.0,0.0,1.0,0.0,0.0,0.0,0.0,0.0,0.0,0.0,0.457254901961,0.139705882353,0.020029411765,0.0,repair5g59_block_heavy_flow_guard,0.15,0.15,0.139761942375,-0.263157894737,0.217105263158,0.059210526316,-0.188157894737,0.001052631579,0.002631578947,0.051315789474,0.032894736842,-0.026315789474,-0.0125,-0.0125,0.0,-0.00625,0.00625,0.0,0.0625,0.0,0.0
maze-32-32-4|a50|s152|it0|14650fb0739d0383,maze-32-32-4,50,152,0,14650fb0739d0383,repair5g518_grid_c1p25_b1p25_f1p00_w0p35_dc0p95_df1p00_beta0p30_max0p75_c0,g518_retained,wait_conservative,g518_retained,1.23854166667,True,False,False,False,False,False,False,False,False,False,False,False,False,False,0.00677083334,0.0171875,True,False,1.25,1.25,1.0,0.35,0.95,1.0,0.3,0.75,False,False,False,False,False,False,50.0,3.931825632724,0.0,5802.0,116.04,8.666130304191,0.0,1.0,0.0,0.0,0.0,0.0,5100.0,475.0,227.0,2332.0,2768.0,0.093137254902,0.044509803922,9.5,102.0,0.457254901961,0.0,0.0,0.0,0.0,0.0,2.0,2.0,0.0,50.0,3.9318256327243257,0.0,1.25,1.25,1.0,0.35,0.95,1.0,0.3,0.75,0.0,1.0,0.0,0.0,0.0,0.0,0.0,0.0,0.0,0.0,0.0,0.0,1.0,0.457254901961,0.116421568627,0.015578431373,0.0,repair5g59_wait_conservative,0.158113883008,0.158113883008,0.146792718882,0.086842105263,-0.032894736842,0.059210526316,-0.288157894737,0.001052631579,0.002631578947,-0.098684210526,0.032894736842,-0.026315789474,0.0,0.0,0.0,-0.107142857143,0.007142857143,0.0,-0.028571428571,0.0,0.0
maze-32-32-4|a50|s152|it0|14650fb0739d0383,maze-32-32-4,50,152,0,14650fb0739d0383,repair5g518_grid_c0p90_b1p40_f1p00_w0p45_dc0p95_df1p00_beta0p35_max0p75_c0,g518_retained,block_heavy,g518_retained,1.24114583333,True,False,False,False,False,False,False,False,False,False,False,False,False,False,0.009375,0.01979166666,True,False,0.9,1.4,1.0,0.45,0.95,1.0,0.35,0.75,False,False,False,False,False,False,50.0,3.931825632724,0.0,5802.0,116.04,8.666130304191,0.0,1.0,0.0,0.0,0.0,0.0,5100.0,475.0,227.0,2332.0,2768.0,0.093137254902,0.044509803922,9.5,102.0,0.457254901961,0.0,0.0,0.0,0.0,0.0,2.0,2.0,0.0,50.0,3.9318256327243257,0.0,0.9,1.4,1.0,0.45,0.95,1.0,0.35,0.75,0.0,1.0,0.0,0.0,0.0,1.0,0.0,0.0,0.0,0.0,0.0,0.0,0.0,0.457254901961,0.130392156863,0.020029411765,0.0,repair5g59_block_heavy_flow_guard,0.15,0.15,0.139761942375,-0.263157894737,0.117105263158,0.059210526316,-0.188157894737,0.001052631579,0.002631578947,-0.048684210526,0.032894736842,-0.026315789474,-0.0125,-0.1125,0.0,-0.00625,0.00625,0.0,-0.0375,0.0,0.0
maze-32-32-4|a50|s152|it0|14650fb0739d0383,maze-32-32-4,50,152,0,14650fb0739d0383,repair5g518_grid_c1p20_b1p15_f1p00_w0p70_dc0p95_df1p00_beta0p60_max0p75_c0,g518_retained,high_beta,g518_retained,1.23020833333,True,False,False,False,False,False,False,False,False,False,False,False,False,False,-0.0015625,0.00885416666,False,False,1.2,1.15,1.0,0.7,0.95,1.0,0.6,0.75,False,False,False,False,False,False,50.0,3.931825632724,0.0,5802.0,116.04,8.666130304191,0.0,1.0,0.0,0.0,0.0,0.0,5100.0,475.0,227.0,2332.0,2768.0,0.093137254902,0.044509803922,9.5,102.0,0.457254901961,0.0,0.0,0.0,0.0,0.0,2.0,2.0,0.0,50.0,3.9318256327243257,0.0,1.2,1.15,1.0,0.7,0.95,1.0,0.6,0.75,0.0,1.0,0.0,0.0,0.0,0.0,0.0,0.0,0.0,1.0,0.0,0.0,0.0,0.457254901961,0.107107843137,0.031156862745,0.0,repair5g59_high_beta_cap_safe,0.122474487139,0.122474487139,0.115535611769,0.036842105263,-0.132894736842,0.059210526316,0.061842105263,0.001052631579,0.002631578947,0.201315789474,0.032894736842,-0.026315789474,-0.020833333333,-0.091666666667,0.0,-0.020833333333,-0.0,0.004166666667,0.029166666667,0.0,0.0
maze-32-32-4|a50|s152|it0|14650fb0739d0383,maze-32-32-4,50,152,0,14650fb0739d0383,repair5g518_grid_c0p90_b1p65_f1p00_w0p45_dc0p95_df1p00_beta0p35_max0p75_c0,g518_retained,block_heavy,g518_retained,1.22760416667,True,False,False,False,False,False,False,False,False,False,False,False,False,False,-0.00416666666,0.00625,False,False,0.9,1.65,1.0,0.45,0.95,1.0,0.35,0.75,False,False,False,False,False,False,50.0,3.931825632724,0.0,5802.0,116.04,8.666130304191,0.0,1.0,0.0,0.0,0.0,0.0,5100.0,475.0,227.0,2332.0,2768.0,0.093137254902,0.044509803922,9.5,102.0,0.457254901961,0.0,0.0,0.0,0.0,0.0,2.0,2.0,0.0,50.0,3.9318256327243257,0.0,0.9,1.65,1.0,0.45,0.95,1.0,0.35,0.75,0.0,1.0,0.0,0.0,0.0,1.0,0.0,0.0,0.0,0.0,0.0,0.0,0.0,0.457254901961,0.153676470588,0.020029411765,0.0,repair5g59_block_heavy_flow_guard,0.187082869339,0.187082869339,0.171498927292,-0.263157894737,0.367105263158,0.059210526316,-0.188157894737,0.001052631579,0.002631578947,-0.048684210526,0.032894736842,-0.026315789474,-0.0125,0.1375,0.0,-0.00625,0.00625,0.0,-0.0375,0.0,0.0
maze-32-32-4|a50|s152|it0|14650fb0739d0383,maze-32-32-4,50,152,0,14650fb0739d0383,repair5g518_grid_c1p20_b1p15_f1p00_w0p70_dc0p95_df1p00_beta0p55_max0p75_c0,g518_retained,high_beta,g518_retained,1.23802083333,True,False,False,False,False,False,False,False,False,False,False,False,False,False,0.00625,0.01666666666,True,False,1.2,1.15,1.0,0.7,0.95,1.0,0.55,0.75,False,False,False,False,False,False,50.0,3.931825632724,0.0,5802.0,116.04,8.666130304191,0.0,1.0,0.0,0.0,0.0,0.0,5100.0,475.0,227.0,2332.0,2768.0,0.093137254902,0.044509803922,9.5,102.0,0.457254901961,0.0,0.0,0.0,0.0,0.0,2.0,2.0,0.0,50.0,3.9318256327243257,0.0,1.2,1.15,1.0,0.7,0.95,1.0,0.55,0.75,0.0,1.0,0.0,0.0,0.0,0.0,0.0,0.0,0.0,1.0,0.0,0.0,0.0,0.457254901961,0.107107843137,0.031156862745,0.0,repair5g59_high_beta_cap_safe,0.132287565553,0.132287565553,0.124239980694,0.036842105263,-0.132894736842,0.059210526316,0.061842105263,0.001052631579,0.002631578947,0.151315789474,0.032894736842,-0.026315789474,-0.020833333333,-0.091666666667,0.0,-0.020833333333,-0.0,0.004166666667,-0.020833333333,0.0,0.0
maze-32-32-4|a50|s152|it0|14650fb0739d0383,maze-32-32-4,50,152,0,14650fb0739d0383,repair5g521_grid_c0p90_b1p50_f1p00_w0p45_dc0p95_df1p00_beta0p45_max0p75_c0,g521_second_wave,block_heavy,g521_second_wave,1.22552083333,True,False,True,False,False,False,False,False,True,False,False,False,False,True,-0.00625,0.00416666666,False,False,0.9,1.5,1.0,0.45,0.95,1.0,0.45,0.75,False,False,False,False,False,False,50.0,3.931825632724,0.0,5802.0,116.04,8.666130304191,0.0,1.0,0.0,0.0,0.0,0.0,5100.0,475.0,227.0,2332.0,2768.0,0.093137254902,0.044509803922,9.5,102.0,0.457254901961,0.0,0.0,0.0,0.0,0.0,2.0,2.0,0.0,50.0,3.9318256327243257,0.0,0.9,1.5,1.0,0.45,0.95,1.0,0.45,0.75,0.0,0.0,1.0,0.0,0.0,1.0,0.0,0.0,0.0,0.0,0.0,0.0,0.0,0.457254901961,0.139705882353,0.020029411765,0.0,repair5g59_block_heavy_flow_guard,0.15,0.15,0.139761942375,-0.263157894737,0.217105263158,0.059210526316,-0.188157894737,0.001052631579,0.002631578947,0.051315789474,0.032894736842,-0.026315789474,-0.0125,-0.0125,0.0,-0.00625,0.00625,0.0,0.0625,0.0,0.0
maze-32-32-4|a50|s152|it0|14650fb0739d0383,maze-32-32-4,50,152,0,14650fb0739d0383,repair5g521_grid_c0p90_b1p40_f1p00_w0p45_dc0p95_df1p00_beta0p35_max0p75_c0,g521_second_wave,block_heavy,g521_second_wave,1.24114583333,True,False,False,False,False,False,False,False,False,False,False,False,False,False,0.009375,0.01979166666,True,False,0.9,1.4,1.0,0.45,0.95,1.0,0.35,0.75,False,False,False,False,False,False,50.0,3.931825632724,0.0,5802.0,116.04,8.666130304191,0.0,1.0,0.0,0.0,0.0,0.0,5100.0,475.0,227.0,2332.0,2768.0,0.093137254902,0.044509803922,9.5,102.0,0.457254901961,0.0,0.0,0.0,0.0,0.0,2.0,2.0,0.0,50.0,3.9318256327243257,0.0,0.9,1.4,1.0,0.45,0.95,1.0,0.35,0.75,0.0,0.0,1.0,0.0,0.0,1.0,0.0,0.0,0.0,0.0,0.0,0.0,0.0,0.457254901961,0.130392156863,0.020029411765,0.0,repair5g59_block_heavy_flow_guard,0.15,0.15,0.139761942375,-0.263157894737,0.117105263158,0.059210526316,-0.188157894737,0.001052631579,0.002631578947,-0.048684210526,0.032894736842,-0.026315789474,-0.0125,-0.1125,0.0,-0.00625,0.00625,0.0,-0.0375,0.0,0.0
maze-32-32-4|a50|s152|it0|14650fb0739d0383,maze-32-32-4,50,152,0,14650fb0739d0383,repair5g521_grid_c0p90_b1p65_f1p00_w0p45_dc0p95_df1p00_beta0p35_max0p75_c0,g521_second_wave,block_heavy,g521_second_wave,1.22760416667,True,False,False,False,False,False,False,False,False,False,False,False,False,False,-0.00416666666,0.00625,False,False,0.9,1.65,1.0,0.45,0.95,1.0,0.35,0.75,False,False,False,False,False,False,50.0,3.931825632724,0.0,5802.0,116.04,8.666130304191,0.0,1.0,0.0,0.0,0.0,0.0,5100.0,475.0,227.0,2332.0,2768.0,0.093137254902,0.044509803922,9.5,102.0,0.457254901961,0.0,0.0,0.0,0.0,0.0,2.0,2.0,0.0,50.0,3.9318256327243257,0.0,0.9,1.65,1.0,0.45,0.95,1.0,0.35,0.75,0.0,0.0,1.0,0.0,0.0,1.0,0.0,0.0,0.0,0.0,0.0,0.0,0.0,0.457254901961,0.153676470588,0.020029411765,0.0,repair5g59_block_heavy_flow_guard,0.187082869339,0.187082869339,0.171498927292,-0.263157894737,0.367105263158,0.059210526316,-0.188157894737,0.001052631579,0.002631578947,-0.048684210526,0.032894736842,-0.026315789474,-0.0125,0.1375,0.0,-0.00625,0.00625,0.0,-0.0375,0.0,0.0
maze-32-32-4|a50|s152|it0|14650fb0739d0383,maze-32-32-4,50,152,0,14650fb0739d0383,repair5g521_grid_c0p90_b1p50_f1p00_w0p45_dc0p90_df1p00_beta0p45_max0p75_c0,g521_second_wave,block_heavy,g521_second_wave,1.22552083333,True,False,True,False,False,False,False,False,True,False,False,False,False,True,-0.00625,0.00416666666,False,False,0.9,1.5,1.0,0.45,0.9,1.0,0.45,0.75,False,False,False,False,False,False,50.0,3.931825632724,0.0,5802.0,116.04,8.666130304191,0.0,1.0,0.0,0.0,0.0,0.0,5100.0,475.0,227.0,2332.0,2768.0,0.093137254902,0.044509803922,9.5,102.0,0.457254901961,0.0,0.0,0.0,0.0,0.0,2.0,2.0,0.0,50.0,3.9318256327243257,0.0,0.9,1.5,1.0,0.45,0.9,1.0,0.45,0.75,0.0,0.0,1.0,0.0,0.0,1.0,0.0,0.0,0.0,0.0,0.0,0.0,0.0,0.457254901961,0.139705882353,0.020029411765,0.0,repair5g59_block_heavy_flow_guard,0.158113883008,0.158113883008,0.146792718882,-0.263157894737,0.217105263158,0.059210526316,-0.188157894737,-0.048947368421,0.002631578947,0.051315789474,0.032894736842,-0.026315789474,-0.0125,-0.0125,0.0,-0.00625,-0.04375,0.0,0.0625,0.0,0.0
maze-32-32-4|a50|s152|it0|14650fb0739d0383,maze-32-32-4,50,152,0,14650fb0739d0383,repair5g521_grid_c1p20_b1p35_f1p00_w0p70_dc0p95_df1p00_beta0p60_max0p75_c0,g521_second_wave,high_beta,g521_second_wave,1.209375,True,False,True,True,False,False,False,True,True,True,False,False,False,False,-0.02239583333,-0.01197916667,False,False,1.2,1.35,1.0,0.7,0.95,1.0,0.6,0.75,False,False,False,False,False,False,50.0,3.931825632724,0.0,5802.0,116.04,8.666130304191,0.0,1.0,0.0,0.0,0.0,0.0,5100.0,475.0,227.0,2332.0,2768.0,0.093137254902,0.044509803922,9.5,102.0,0.457254901961,0.0,0.0,0.0,0.0,0.0,2.0,2.0,0.0,50.0,3.9318256327243257,0.0,1.2,1.35,1.0,0.7,0.95,1.0,0.6,0.75,0.0,0.0,1.0,0.0,0.0,0.0,0.0,0.0,0.0,1.0,0.0,0.0,0.0,0.457254901961,0.125735294118,0.031156862745,0.0,repair5g59_high_beta_cap_safe,0.122474487139,0.122474487139,0.115535611769,0.036842105263,0.067105263158,0.059210526316,0.061842105263,0.001052631579,0.002631578947,0.201315789474,0.032894736842,-0.026315789474,-0.020833333333,0.108333333333,0.0,-0.020833333333,-0.0,0.004166666667,0.029166666667,0.0,0.0
maze-32-32-4|a50|s152|it0|14650fb0739d0383,maze-32-32-4,50,152,0,14650fb0739d0383,repair5g521_grid_c1p20_b1p15_f1p00_w0p70_dc0p95_df1p00_beta0p60_max0p75_c0,g521_second_wave,high_beta,g521_second_wave,1.23020833333,True,False,False,False,False,False,False,False,False,False,False,False,False,False,-0.0015625,0.00885416666,False,False,1.2,1.15,1.0,0.7,0.95,1.0,0.6,0.75,False,False,False,False,False,False,50.0,3.931825632724,0.0,5802.0,116.04,8.666130304191,0.0,1.0,0.0,0.0,0.0,0.0,5100.0,475.0,227.0,2332.0,2768.0,0.093137254902,0.044509803922,9.5,102.0,0.457254901961,0.0,0.0,0.0,0.0,0.0,2.0,2.0,0.0,50.0,3.9318256327243257,0.0,1.2,1.15,1.0,0.7,0.95,1.0,0.6,0.75,0.0,0.0,1.0,0.0,0.0,0.0,0.0,0.0,0.0,1.0,0.0,0.0,0.0,0.457254901961,0.107107843137,0.031156862745,0.0,repair5g59_high_beta_cap_safe,0.122474487139,0.122474487139,0.115535611769,0.036842105263,-0.132894736842,0.059210526316,0.061842105263,0.001052631579,0.002631578947,0.201315789474,0.032894736842,-0.026315789474,-0.020833333333,-0.091666666667,0.0,-0.020833333333,-0.0,0.004166666667,0.029166666667,0.0,0.0
maze-32-32-4|a50|s152|it0|14650fb0739d0383,maze-32-32-4,50,152,0,14650fb0739d0383,repair5g521_grid_c1p20_b1p15_f1p00_w0p70_dc0p95_df1p00_beta0p55_max0p75_c0,g521_second_wave,high_beta,g521_second_wave,1.23802083333,True,False,False,False,False,False,False,False,False,False,False,False,False,False,0.00625,0.01666666666,True,False,1.2,1.15,1.0,0.7,0.95,1.0,0.55,0.75,False,False,False,False,False,False,50.0,3.931825632724,0.0,5802.0,116.04,8.666130304191,0.0,1.0,0.0,0.0,0.0,0.0,5100.0,475.0,227.0,2332.0,2768.0,0.093137254902,0.044509803922,9.5,102.0,0.457254901961,0.0,0.0,0.0,0.0,0.0,2.0,2.0,0.0,50.0,3.9318256327243257,0.0,1.2,1.15,1.0,0.7,0.95,1.0,0.55,0.75,0.0,0.0,1.0,0.0,0.0,0.0,0.0,0.0,0.0,1.0,0.0,0.0,0.0,0.457254901961,0.107107843137,0.031156862745,0.0,repair5g59_high_beta_cap_safe,0.132287565553,0.132287565553,0.124239980694,0.036842105263,-0.132894736842,0.059210526316,0.061842105263,0.001052631579,0.002631578947,0.151315789474,0.032894736842,-0.026315789474,-0.020833333333,-0.091666666667,0.0,-0.020833333333,-0.0,0.004166666667,-0.020833333333,0.0,0.0
maze-32-32-4|a50|s152|it0|14650fb0739d0383,maze-32-32-4,50,152,0,14650fb0739d0383,repair5g521_grid_c1p20_b1p35_f1p00_w0p70_dc0p95_df1p00_beta0p55_max0p75_c0,g521_second_wave,high_beta,g521_second_wave,1.21458333333,True,False,True,True,False,False,False,True,True,True,False,False,False,False,-0.0171875,-0.00677083334,False,False,1.2,1.35,1.0,0.7,0.95,1.0,0.55,0.75,False,False,False,False,False,False,50.0,3.931825632724,0.0,5802.0,116.04,8.666130304191,0.0,1.0,0.0,0.0,0.0,0.0,5100.0,475.0,227.0,2332.0,2768.0,0.093137254902,0.044509803922,9.5,102.0,0.457254901961,0.0,0.0,0.0,0.0,0.0,2.0,2.0,0.0,50.0,3.9318256327243257,0.0,1.2,1.35,1.0,0.7,0.95,1.0,0.55,0.75,0.0,0.0,1.0,0.0,0.0,0.0,0.0,0.0,0.0,1.0,0.0,0.0,0.0,0.457254901961,0.125735294118,0.031156862745,0.0,repair5g59_high_beta_cap_safe,0.132287565553,0.132287565553,0.124239980694,0.036842105263,0.067105263158,0.059210526316,0.061842105263,0.001052631579,0.002631578947,0.151315789474,0.032894736842,-0.026315789474,-0.020833333333,0.108333333333,0.0,-0.020833333333,-0.0,0.004166666667,-0.020833333333,0.0,0.0
maze-32-32-4|a50|s152|it0|14650fb0739d0383,maze-32-32-4,50,152,0,14650fb0739d0383,repair5g521_grid_c1p25_b1p25_f1p00_w0p50_dc0p95_df1p00_beta0p35_max0p75_c0,g521_second_wave,wait_conservative,g521_second_wave,1.22135416667,True,False,True,False,False,False,False,False,True,False,False,False,False,True,-0.01041666666,0.0,False,False,1.25,1.25,1.0,0.5,0.95,1.0,0.35,0.75,False,False,False,False,False,False,50.0,3.931825632724,0.0,5802.0,116.04,8.666130304191,0.0,1.0,0.0,0.0,0.0,0.0,5100.0,475.0,227.0,2332.0,2768.0,0.093137254902,0.044509803922,9.5,102.0,0.457254901961,0.0,0.0,0.0,0.0,0.0,2.0,2.0,0.0,50.0,3.9318256327243257,0.0,1.25,1.25,1.0,0.5,0.95,1.0,0.35,0.75,0.0,0.0,1.0,0.0,0.0,0.0,0.0,0.0,0.0,0.0,0.0,0.0,1.0,0.457254901961,0.116421568627,0.022254901961,0.0,repair5g59_wait_conservative,0.0,0.0,0.0,0.086842105263,-0.032894736842,0.059210526316,-0.138157894737,0.001052631579,0.002631578947,-0.048684210526,0.032894736842,-0.026315789474,0.0,0.0,0.0,0.042857142857,0.007142857143,0.0,0.021428571429,0.0,0.0
maze-32-32-4|a50|s152|it0|14650fb0739d0383,maze-32-32-4,50,152,0,14650fb0739d0383,repair5g521_grid_c1p25_b1p25_f1p00_w0p35_dc0p95_df1p00_beta0p30_max0p75_c0,g521_second_wave,wait_conservative,g521_second_wave,1.23854166667,True,False,False,False,False,False,False,False,False,False,False,False,False,False,0.00677083334,0.0171875,True,False,1.25,1.25,1.0,0.35,0.95,1.0,0.3,0.75,False,False,False,False,False,False,50.0,3.931825632724,0.0,5802.0,116.04,8.666130304191,0.0,1.0,0.0,0.0,0.0,0.0,5100.0,475.0,227.0,2332.0,2768.0,0.093137254902,0.044509803922,9.5,102.0,0.457254901961,0.0,0.0,0.0,0.0,0.0,2.0,2.0,0.0,50.0,3.9318256327243257,0.0,1.25,1.25,1.0,0.35,0.95,1.0,0.3,0.75,0.0,0.0,1.0,0.0,0.0,0.0,0.0,0.0,0.0,0.0,0.0,0.0,1.0,0.457254901961,0.116421568627,0.015578431373,0.0,repair5g59_wait_conservative,0.158113883008,0.158113883008,0.146792718882,0.086842105263,-0.032894736842,0.059210526316,-0.288157894737,0.001052631579,0.002631578947,-0.098684210526,0.032894736842,-0.026315789474,0.0,0.0,0.0,-0.107142857143,0.007142857143,0.0,-0.028571428571,0.0,0.0
maze-32-32-4|a50|s152|it0|14650fb0739d0383,maze-32-32-4,50,152,0,14650fb0739d0383,repair5g521_grid_c1p25_b1p25_f1p00_w0p50_dc0p90_df1p00_beta0p35_max0p75_c0,g521_second_wave,wait_conservative,g521_second_wave,1.22135416667,True,False,True,False,False,False,False,False,True,False,False,False,False,True,-0.01041666666,0.0,False,False,1.25,1.25,1.0,0.5,0.9,1.0,0.35,0.75,False,False,False,False,False,False,50.0,3.931825632724,0.0,5802.0,116.04,8.666130304191,0.0,1.0,0.0,0.0,0.0,0.0,5100.0,475.0,227.0,2332.0,2768.0,0.093137254902,0.044509803922,9.5,102.0,0.457254901961,0.0,0.0,0.0,0.0,0.0,2.0,2.0,0.0,50.0,3.9318256327243257,0.0,1.25,1.25,1.0,0.5,0.9,1.0,0.35,0.75,0.0,0.0,1.0,0.0,0.0,0.0,0.0,0.0,0.0,0.0,0.0,0.0,1.0,0.457254901961,0.116421568627,0.022254901961,0.0,repair5g59_wait_conservative,0.05,0.05,0.048790164169,0.086842105263,-0.032894736842,0.059210526316,-0.138157894737,-0.048947368421,0.002631578947,-0.048684210526,0.032894736842,-0.026315789474,0.0,0.0,0.0,0.042857142857,-0.042857142857,0.0,0.021428571429,0.0,0.0
maze-32-32-4|a50|s152|it0|14650fb0739d0383,maze-32-32-4,50,152,0,14650fb0739d0383,repair5g521_grid_c1p25_b1p25_f1p00_w0p50_dc0p95_df1p00_beta0p30_max0p75_c0,g521_second_wave,wait_conservative,g521_second_wave,1.24114583333,True,False,False,False,False,False,False,False,False,False,False,False,False,False,0.009375,0.01979166666,True,False,1.25,1.25,1.0,0.5,0.95,1.0,0.3,0.75,False,False,False,False,False,False,50.0,3.931825632724,0.0,5802.0,116.04,8.666130304191,0.0,1.0,0.0,0.0,0.0,0.0,5100.0,475.0,227.0,2332.0,2768.0,0.093137254902,0.044509803922,9.5,102.0,0.457254901961,0.0,0.0,0.0,0.0,0.0,2.0,2.0,0.0,50.0,3.9318256327243257,0.0,1.25,1.25,1.0,0.5,0.95,1.0,0.3,0.75,0.0,0.0,1.0,0.0,0.0,0.0,0.0,0.0,0.0,0.0,0.0,0.0,1.0,0.457254901961,0.116421568627,0.022254901961,0.0,repair5g59_wait_conservative,0.05,0.05,0.048790164169,0.086842105263,-0.032894736842,0.059210526316,-0.138157894737,0.001052631579,0.002631578947,-0.098684210526,0.032894736842,-0.026315789474,0.0,0.0,0.0,0.042857142857,0.007142857143,0.0,-0.028571428571,0.0,0.0
maze-32-32-4|a50|s152|it0|14650fb0739d0383,maze-32-32-4,50,152,0,14650fb0739d0383,repair5g521_grid_c1p25_b1p25_f1p00_w0p75_dc0p95_df1p00_beta0p55_max0p75_c0,g521_second_wave,high_beta,g521_second_wave,1.259375,True,False,False,False,False,False,False,False,False,False,False,False,False,False,0.02760416667,0.03802083333,True,False,1.25,1.25,1.0,0.75,0.95,1.0,0.55,0.75,False,False,False,False,False,False,50.0,3.931825632724,0.0,5802.0,116.04,8.666130304191,0.0,1.0,0.0,0.0,0.0,0.0,5100.0,475.0,227.0,2332.0,2768.0,0.093137254902,0.044509803922,9.5,102.0,0.457254901961,0.0,0.0,0.0,0.0,0.0,2.0,2.0,0.0,50.0,3.9318256327243257,0.0,1.25,1.25,1.0,0.75,0.95,1.0,0.55,0.75,0.0,0.0,1.0,0.0,0.0,0.0,0.0,0.0,0.0,1.0,0.0,0.0,0.0,0.457254901961,0.116421568627,0.033382352942,0.0,repair5g59_high_beta_cap_safe,0.05,0.05,0.048790164169,0.086842105263,-0.032894736842,0.059210526316,0.111842105263,0.001052631579,0.002631578947,0.151315789474,0.032894736842,-0.026315789474,0.029166666667,0.008333333333,0.0,0.029166666667,-0.0,0.004166666667,-0.020833333333,0.0,0.0
maze-32-32-4|a50|s152|it0|14650fb0739d0383,maze-32-32-4,50,152,0,14650fb0739d0383,repair5g521_grid_c1p25_b1p25_f1p00_w0p75_dc0p90_df1p00_beta0p55_max0p75_c0,g521_second_wave,high_beta,g521_second_wave,1.259375,True,False,False,False,False,False,False,False,False,False,False,False,False,False,0.02760416667,0.03802083333,True,False,1.25,1.25,1.0,0.75,0.9,1.0,0.55,0.75,False,False,False,False,False,False,50.0,3.931825632724,0.0,5802.0,116.04,8.666130304191,0.0,1.0,0.0,0.0,0.0,0.0,5100.0,475.0,227.0,2332.0,2768.0,0.093137254902,0.044509803922,9.5,102.0,0.457254901961,0.0,0.0,0.0,0.0,0.0,2.0,2.0,0.0,50.0,3.9318256327243257,0.0,1.25,1.25,1.0,0.75,0.9,1.0,0.55,0.75,0.0,0.0,1.0,0.0,0.0,0.0,0.0,0.0,0.0,1.0,0.0,0.0,0.0,0.457254901961,0.116421568627,0.033382352942,0.0,repair5g59_high_beta_cap_safe,0.070710678119,0.070710678119,0.068322613158,0.086842105263,-0.032894736842,0.059210526316,0.111842105263,-0.048947368421,0.002631578947,0.151315789474,0.032894736842,-0.026315789474,0.029166666667,0.008333333333,0.0,0.029166666667,-0.05,0.004166666667,-0.020833333333,0.0,0.0
maze-32-32-4|a50|s152|it0|14650fb0739d0383,maze-32-32-4,50,152,0,14650fb0739d0383,repair5g521_grid_c1p25_b1p25_f1p00_w0p75_dc0p95_df0p95_beta0p55_max0p75_c0,g521_second_wave,high_beta,g521_second_wave,1.259375,True,False,False,False,False,False,False,False,False,False,False,False,False,False,0.02760416667,0.03802083333,True,False,1.25,1.25,1.0,0.75,0.95,0.95,0.55,0.75,False,False,False,False,False,False,50.0,3.931825632724,0.0,5802.0,116.04,8.666130304191,0.0,1.0,0.0,0.0,0.0,0.0,5100.0,475.0,227.0,2332.0,2768.0,0.093137254902,0.044509803922,9.5,102.0,0.457254901961,0.0,0.0,0.0,0.0,0.0,2.0,2.0,0.0,50.0,3.9318256327243257,0.0,1.25,1.25,1.0,0.75,0.95,0.95,0.55,0.75,0.0,0.0,1.0,0.0,0.0,0.0,0.0,0.0,0.0,1.0,0.0,0.0,0.0,0.457254901961,0.116421568627,0.033382352942,0.0,repair5g59_high_beta_cap_safe,0.070710678119,0.070710678119,0.068322613158,0.086842105263,-0.032894736842,0.059210526316,0.111842105263,0.001052631579,-0.047368421053,0.151315789474,0.032894736842,-0.026315789474,0.029166666667,0.008333333333,0.0,0.029166666667,-0.0,-0.045833333333,-0.020833333333,0.0,0.0
maze-32-32-4|a50|s152|it0|14650fb0739d0383,maze-32-32-4,50,152,0,14650fb0739d0383,repair5g521_grid_c1p25_b1p25_f1p00_w0p75_dc1p00_df1p00_beta0p55_max0p75_c0,g521_second_wave,high_beta,g521_second_wave,1.259375,True,False,False,False,False,False,False,False,False,False,False,False,False,False,0.02760416667,0.03802083333,True,False,1.25,1.25,1.0,0.75,1.0,1.0,0.55,0.75,False,False,False,False,False,False,50.0,3.931825632724,0.0,5802.0,116.04,8.666130304191,0.0,1.0,0.0,0.0,0.0,0.0,5100.0,475.0,227.0,2332.0,2768.0,0.093137254902,0.044509803922,9.5,102.0,0.457254901961,0.0,0.0,0.0,0.0,0.0,2.0,2.0,0.0,50.0,3.9318256327243257,0.0,1.25,1.25,1.0,0.75,1.0,1.0,0.55,0.75,0.0,0.0,1.0,0.0,0.0,0.0,0.0,0.0,0.0,1.0,0.0,0.0,0.0,0.457254901961,0.116421568627,0.033382352942,0.0,repair5g59_high_beta_cap_safe,0.070710678119,0.070710678119,0.068322613158,0.086842105263,-0.032894736842,0.059210526316,0.111842105263,0.051052631579,0.002631578947,0.151315789474,0.032894736842,-0.026315789474,0.029166666667,0.008333333333,0.0,0.029166666667,0.05,0.004166666667,-0.020833333333,0.0,0.0
maze-32-32-4|a50|s153|it0|14650fb0739d0383,maze-32-32-4,50,153,0,14650fb0739d0383,repair5g59_additive_fallback,old14,additive,old14,1.31532663317,True,False,False,False,False,False,False,False,False,False,False,False,False,False,0.04983249582,0.06867671692,True,False,,,,,,,,,,False,False,False,False,False,50.0,3.931825632724,0.0,7924.0,158.48,8.977777598745,0.0,1.0,0.0,0.0,0.0,0.0,6850.0,722.0,352.0,3012.0,3838.0,0.105401459854,0.051386861314,14.44,137.0,0.439708029197,0.0,0.0,0.0,0.0,0.0,2.0,2.0,0.0,50.0,3.9318256327243257,0.0,1.0,1.0,0.0,1.0,1.0,1.0,0.0,0.0,0.0,0.0,0.0,1.0,1.0,0.0,0.0,0.0,0.0,0.0,0.0,0.0,0.0,0.0,0.105401459854,0.051386861314,0.0,,,,0.0,-0.163157894737,-0.282894736842,-0.940789473684,0.361842105263,0.051052631579,0.002631578947,-0.398684210526,-0.717105263158,-0.026315789474,0.0,0.0,0.0,0.0,0.0,0.0,0.0,0.0,0.0
maze-32-32-4|a50|s153|it0|14650fb0739d0383,maze-32-32-4,50,153,0,14650fb0739d0383,repair5g59_block_heavy_flow_guard,old14,block_heavy,old14,1.25376884422,True,False,True,False,False,False,False,False,False,False,False,False,False,False,-0.01172529313,0.00711892797,False,False,1.0,1.5,1.0,0.5,0.95,1.0,0.35,0.75,False,False,False,False,False,False,50.0,3.931825632724,0.0,7924.0,158.48,8.977777598745,0.0,1.0,0.0,0.0,0.0,0.0,6850.0,722.0,352.0,3012.0,3838.0,0.105401459854,0.051386861314,14.44,137.0,0.439708029197,0.0,0.0,0.0,0.0,0.0,2.0,2.0,0.0,50.0,3.9318256327243257,0.0,1.0,1.5,1.0,0.5,0.95,1.0,0.35,0.75,0.0,0.0,0.0,1.0,0.0,1.0,0.0,0.0,0.0,0.0,0.0,0.0,0.0,0.439708029197,0.158102189781,0.025693430657,0.0,repair5g59_block_heavy_flow_guard,0.0,0.0,0.0,-0.163157894737,0.217105263158,0.059210526316,-0.138157894737,0.001052631579,0.002631578947,-0.048684210526,0.032894736842,-0.026315789474,0.0875,-0.0125,0.0,0.04375,0.00625,0.0,-0.0375,0.0,0.0
maze-32-32-4|a50|s153|it0|14650fb0739d0383,maze-32-32-4,50,153,0,14650fb0739d0383,repair5g59_c_only_f_disabled,old14,static_boundary_c_only,old14,1.28685092127,True,False,False,False,False,False,False,False,False,False,False,False,False,False,0.02135678392,0.04020100502,True,False,1.25,1.25,0.0,0.75,0.95,1.0,0.0,0.0,True,False,False,False,False,False,50.0,3.931825632724,0.0,7924.0,158.48,8.977777598745,0.0,1.0,0.0,0.0,0.0,0.0,6850.0,722.0,352.0,3012.0,3838.0,0.105401459854,0.051386861314,14.44,137.0,0.439708029197,0.0,0.0,0.0,0.0,0.0,2.0,2.0,0.0,50.0,3.9318256327243257,0.0,1.25,1.25,0.0,0.75,0.95,1.0,0.0,0.0,1.0,0.0,0.0,1.0,0.0,0.0,0.0,0.0,0.0,0.0,0.0,1.0,0.0,0.0,0.131751824818,0.038540145985,0.0,repair5g59_c_only_f_disabled,0.0,0.0,0.0,0.086842105263,-0.032894736842,-0.940789473684,0.111842105263,0.001052631579,0.002631578947,-0.398684210526,-0.717105263158,0.973684210526,0.0,0.0,0.0,0.0,0.0,0.0,0.0,0.0,0.0
maze-32-32-4|a50|s153|it0|14650fb0739d0383,maze-32-32-4,50,153,0,14650fb0739d0383,repair5g59_commit_heavy_flow_guard,old14,commit_heavy,old14,1.24664991625,True,False,True,False,False,False,False,False,False,False,False,False,False,False,-0.0188442211,0.0,False,False,1.5,1.0,1.0,0.75,0.95,1.0,0.35,0.75,False,False,False,False,False,False,50.0,3.931825632724,0.0,7924.0,158.48,8.977777598745,0.0,1.0,0.0,0.0,0.0,0.0,6850.0,722.0,352.0,3012.0,3838.0,0.105401459854,0.051386861314,14.44,137.0,0.439708029197,0.0,0.0,0.0,0.0,0.0,2.0,2.0,0.0,50.0,3.9318256327243257,0.0,1.5,1.0,1.0,0.75,0.95,1.0,0.35,0.75,0.0,0.0,0.0,1.0,0.0,0.0,1.0,0.0,0.0,0.0,0.0,0.0,0.0,0.439708029197,0.105401459854,0.038540145985,0.0,repair5g59_commit_heavy_flow_guard,0.0,0.0,0.0,0.336842105263,-0.282894736842,0.059210526316,0.111842105263,0.001052631579,0.002631578947,-0.048684210526,0.032894736842,-0.026315789474,0.0,0.0,0.0,0.0,0.0,0.0,0.0,0.0,0.0
maze-32-32-4|a50|s153|it0|14650fb0739d0383,maze-32-32-4,50,153,0,14650fb0739d0383,repair5g59_fast_decay_low_shield,old14,flow_decay,old14,1.27010050251,True,False,False,False,False,False,False,False,False,False,False,False,False,False,0.00460636516,0.02345058626,False,False,1.25,1.25,1.0,0.75,0.9,1.0,0.2,0.5,False,False,False,False,False,False,50.0,3.931825632724,0.0,7924.0,158.48,8.977777598745,0.0,1.0,0.0,0.0,0.0,0.0,6850.0,722.0,352.0,3012.0,3838.0,0.105401459854,0.051386861314,14.44,137.0,0.439708029197,0.0,0.0,0.0,0.0,0.0,2.0,2.0,0.0,50.0,3.9318256327243257,0.0,1.25,1.25,1.0,0.75,0.9,1.0,0.2,0.5,0.0,0.0,0.0,1.0,0.0,0.0,0.0,1.0,0.0,0.0,0.0,0.0,0.0,0.439708029197,0.131751824818,0.038540145985,0.0,repair5g59_fast_decay_low_shield,0.0,0.0,0.0,0.086842105263,-0.032894736842,0.059210526316,0.111842105263,-0.048947368421,0.002631578947,-0.198684210526,-0.217105263158,-0.026315789474,0.05,0.05,0.05,0.0,-0.052,0.01,-0.1,-0.3,0.0
maze-32-32-4|a50|s153|it0|14650fb0739d0383,maze-32-32-4,50,153,0,14650fb0739d0383,repair5g59_flow_decay,old14,flow_decay,old14,1.26549413735,True,False,False,False,False,False,False,False,False,False,False,False,False,False,0.0,0.0188442211,False,False,1.25,1.25,1.0,0.75,0.95,0.95,0.35,0.75,False,False,False,False,False,False,50.0,3.931825632724,0.0,7924.0,158.48,8.977777598745,0.0,1.0,0.0,0.0,0.0,0.0,6850.0,722.0,352.0,3012.0,3838.0,0.105401459854,0.051386861314,14.44,137.0,0.439708029197,0.0,0.0,0.0,0.0,0.0,2.0,2.0,0.0,50.0,3.9318256327243257,0.0,1.25,1.25,1.0,0.75,0.95,0.95,0.35,0.75,0.0,0.0,0.0,1.0,0.0,0.0,0.0,1.0,0.0,0.0,0.0,0.0,0.0,0.439708029197,0.131751824818,0.038540145985,0.0,repair5g59_flow_decay,0.0,0.0,0.0,0.086842105263,-0.032894736842,0.059210526316,0.111842105263,0.001052631579,-0.047368421053,-0.048684210526,0.032894736842,-0.026315789474,0.05,0.05,0.05,0.0,-0.002,-0.04,0.05,-0.05,0.0
maze-32-32-4|a50|s153|it0|14650fb0739d0383,maze-32-32-4,50,153,0,14650fb0739d0383,repair5g59_high_beta_cap_safe,old14,high_beta,old14,1.27345058626,True,False,False,False,False,False,False,False,False,False,False,False,False,False,0.00795644891,0.02680067001,True,False,1.25,1.25,1.0,0.75,0.95,1.0,0.6,0.75,False,False,False,False,False,False,50.0,3.931825632724,0.0,7924.0,158.48,8.977777598745,0.0,1.0,0.0,0.0,0.0,0.0,6850.0,722.0,352.0,3012.0,3838.0,0.105401459854,0.051386861314,14.44,137.0,0.439708029197,0.0,0.0,0.0,0.0,0.0,2.0,2.0,0.0,50.0,3.9318256327243257,0.0,1.25,1.25,1.0,0.75,0.95,1.0,0.6,0.75,0.0,0.0,0.0,1.0,0.0,0.0,0.0,0.0,0.0,1.0,0.0,0.0,0.0,0.439708029197,0.131751824818,0.038540145985,0.0,repair5g59_high_beta_cap_safe,0.0,0.0,0.0,0.086842105263,-0.032894736842,0.059210526316,0.111842105263,0.001052631579,0.002631578947,0.201315789474,0.032894736842,-0.026315789474,0.029166666667,0.008333333333,0.0,0.029166666667,-0.0,0.004166666667,0.029166666667,0.0,0.0
maze-32-32-4|a50|s153|it0|14650fb0739d0383,maze-32-32-4,50,153,0,14650fb0739d0383,repair5g59_light_cong_light_flow,old14,flow_decay,old14,1.26340033501,True,False,False,False,False,False,False,False,False,False,False,False,False,False,-0.00209380234,0.01675041876,False,False,1.0,1.0,0.75,0.75,0.98,1.0,0.25,0.5,False,False,False,False,False,False,50.0,3.931825632724,0.0,7924.0,158.48,8.977777598745,0.0,1.0,0.0,0.0,0.0,0.0,6850.0,722.0,352.0,3012.0,3838.0,0.105401459854,0.051386861314,14.44,137.0,0.439708029197,0.0,0.0,0.0,0.0,0.0,2.0,2.0,0.0,50.0,3.9318256327243257,0.0,1.0,1.0,0.75,0.75,0.98,1.0,0.25,0.5,0.0,0.0,0.0,1.0,0.0,0.0,0.0,1.0,0.0,0.0,0.0,0.0,0.0,0.329781021898,0.105401459854,0.038540145985,0.0,repair5g59_light_cong_light_flow,0.0,0.0,0.0,-0.163157894737,-0.282894736842,-0.190789473684,0.111842105263,0.031052631579,0.002631578947,-0.148684210526,-0.217105263158,-0.026315789474,-0.2,-0.2,-0.2,0.0,0.028,0.01,-0.05,-0.3,0.0
maze-32-32-4|a50|s153|it0|14650fb0739d0383,maze-32-32-4,50,153,0,14650fb0739d0383,repair5g59_low_beta_high_cap,old14,flow_decay,old14,1.37102177554,True,False,False,False,False,False,False,False,False,False,False,False,False,False,0.10552763819,0.12437185929,True,False,1.25,1.25,1.0,0.75,0.95,1.0,0.2,1.25,False,False,False,False,False,False,50.0,3.931825632724,0.0,7924.0,158.48,8.977777598745,0.0,1.0,0.0,0.0,0.0,0.0,6850.0,722.0,352.0,3012.0,3838.0,0.105401459854,0.051386861314,14.44,137.0,0.439708029197,0.0,0.0,0.0,0.0,0.0,2.0,2.0,0.0,50.0,3.9318256327243257,0.0,1.25,1.25,1.0,0.75,0.95,1.0,0.2,1.25,0.0,0.0,0.0,1.0,0.0,0.0,0.0,1.0,0.0,0.0,0.0,0.0,0.0,0.439708029197,0.131751824818,0.038540145985,0.0,repair5g59_low_beta_high_cap,0.0,0.0,0.0,0.086842105263,-0.032894736842,0.059210526316,0.111842105263,0.001052631579,0.002631578947,-0.198684210526,0.532894736842,-0.026315789474,0.05,0.05,0.05,0.0,-0.002,0.01,-0.1,0.45,0.0
maze-32-32-4|a50|s153|it0|14650fb0739d0383,maze-32-32-4,50,153,0,14650fb0739d0383,repair5g59_slow_decay_high_shield,old14,flow_decay,old14,1.38693467337,True,False,False,False,False,False,False,False,False,False,False,False,False,False,0.12144053602,0.14028475712,True,False,1.25,1.25,1.0,0.75,0.98,1.0,0.5,1.0,False,False,False,False,False,False,50.0,3.931825632724,0.0,7924.0,158.48,8.977777598745,0.0,1.0,0.0,0.0,0.0,0.0,6850.0,722.0,352.0,3012.0,3838.0,0.105401459854,0.051386861314,14.44,137.0,0.439708029197,0.0,0.0,0.0,0.0,0.0,2.0,2.0,0.0,50.0,3.9318256327243257,0.0,1.25,1.25,1.0,0.75,0.98,1.0,0.5,1.0,0.0,0.0,0.0,1.0,0.0,0.0,0.0,1.0,0.0,0.0,0.0,0.0,0.0,0.439708029197,0.131751824818,0.038540145985,0.0,repair5g59_slow_decay_high_shield,0.0,0.0,0.0,0.086842105263,-0.032894736842,0.059210526316,0.111842105263,0.031052631579,0.002631578947,0.101315789474,0.282894736842,-0.026315789474,0.05,0.05,0.05,0.0,0.028,0.01,0.2,0.2,0.0
maze-32-32-4|a50|s153|it0|14650fb0739d0383,maze-32-32-4,50,153,0,14650fb0739d0383,repair5g59_static_abstain_candidate,old14,static,old14,1.26549413735,True,False,False,False,False,False,False,False,False,False,False,False,False,False,0.0,0.0188442211,False,False,1.25,1.25,1.0,0.75,0.95,1.0,0.35,0.75,False,False,False,False,False,False,50.0,3.931825632724,0.0,7924.0,158.48,8.977777598745,0.0,1.0,0.0,0.0,0.0,0.0,6850.0,722.0,352.0,3012.0,3838.0,0.105401459854,0.051386861314,14.44,137.0,0.439708029197,0.0,0.0,0.0,0.0,0.0,2.0,2.0,0.0,50.0,3.9318256327243257,0.0,1.25,1.25,1.0,0.75,0.95,1.0,0.35,0.75,0.0,0.0,0.0,1.0,0.0,0.0,0.0,0.0,0.0,0.0,1.0,0.0,0.0,0.439708029197,0.131751824818,0.038540145985,0.0,repair5g59_static_abstain_candidate,0.0,0.0,0.0,0.086842105263,-0.032894736842,0.059210526316,0.111842105263,0.001052631579,0.002631578947,-0.048684210526,0.032894736842,-0.026315789474,0.0,0.0,0.0,0.0,0.0,0.0,0.0,0.0,0.0
maze-32-32-4|a50|s153|it0|14650fb0739d0383,maze-32-32-4,50,153,0,14650fb0739d0383,repair5g59_static_flow_shield,old14,static,old14,1.26549413735,True,False,False,False,False,False,False,False,False,False,False,False,False,False,0.0,0.0188442211,False,False,1.25,1.25,1.0,0.75,0.95,1.0,0.35,0.75,False,False,False,False,False,False,50.0,3.931825632724,0.0,7924.0,158.48,8.977777598745,0.0,1.0,0.0,0.0,0.0,0.0,6850.0,722.0,352.0,3012.0,3838.0,0.105401459854,0.051386861314,14.44,137.0,0.439708029197,0.0,0.0,0.0,0.0,0.0,2.0,2.0,0.0,50.0,3.9318256327243257,0.0,1.25,1.25,1.0,0.75,0.95,1.0,0.35,0.75,0.0,0.0,0.0,1.0,0.0,0.0,0.0,0.0,0.0,0.0,1.0,0.0,0.0,0.439708029197,0.131751824818,0.038540145985,0.0,repair5g59_static_abstain_candidate,0.0,0.0,0.0,0.086842105263,-0.032894736842,0.059210526316,0.111842105263,0.001052631579,0.002631578947,-0.048684210526,0.032894736842,-0.026315789474,0.0,0.0,0.0,0.0,0.0,0.0,0.0,0.0,0.0
maze-32-32-4|a50|s153|it0|14650fb0739d0383,maze-32-32-4,50,153,0,14650fb0739d0383,repair5g59_wait_aggressive,old14,flow_shield,old14,1.27763819095,True,False,False,False,False,False,False,False,False,False,False,False,False,False,0.0121440536,0.0309882747,True,False,1.25,1.25,1.0,1.0,0.95,1.0,0.35,0.75,False,False,False,False,False,False,50.0,3.931825632724,0.0,7924.0,158.48,8.977777598745,0.0,1.0,0.0,0.0,0.0,0.0,6850.0,722.0,352.0,3012.0,3838.0,0.105401459854,0.051386861314,14.44,137.0,0.439708029197,0.0,0.0,0.0,0.0,0.0,2.0,2.0,0.0,50.0,3.9318256327243257,0.0,1.25,1.25,1.0,1.0,0.95,1.0,0.35,0.75,0.0,0.0,0.0,1.0,0.0,0.0,0.0,0.0,1.0,0.0,0.0,0.0,0.0,0.439708029197,0.131751824818,0.051386861314,0.0,repair5g59_wait_aggressive,0.0,0.0,0.0,0.086842105263,-0.032894736842,0.059210526316,0.361842105263,0.001052631579,0.002631578947,-0.048684210526,0.032894736842,-0.026315789474,0.0,0.0,0.0,0.0,0.0,0.0,0.0,0.0,0.0
maze-32-32-4|a50|s153|it0|14650fb0739d0383,maze-32-32-4,50,153,0,14650fb0739d0383,repair5g59_wait_conservative,old14,wait_conservative,old14,1.25586264657,True,False,True,False,False,False,False,False,False,False,False,False,False,False,-0.00963149078,0.00921273032,False,False,1.25,1.25,1.0,0.5,0.95,1.0,0.35,0.75,False,False,False,False,False,False,50.0,3.931825632724,0.0,7924.0,158.48,8.977777598745,0.0,1.0,0.0,0.0,0.0,0.0,6850.0,722.0,352.0,3012.0,3838.0,0.105401459854,0.051386861314,14.44,137.0,0.439708029197,0.0,0.0,0.0,0.0,0.0,2.0,2.0,0.0,50.0,3.9318256327243257,0.0,1.25,1.25,1.0,0.5,0.95,1.0,0.35,0.75,0.0,0.0,0.0,1.0,0.0,0.0,0.0,0.0,0.0,0.0,0.0,0.0,1.0,0.439708029197,0.131751824818,0.025693430657,0.0,repair5g59_wait_conservative,0.0,0.0,0.0,0.086842105263,-0.032894736842,0.059210526316,-0.138157894737,0.001052631579,0.002631578947,-0.048684210526,0.032894736842,-0.026315789474,0.0,0.0,0.0,0.042857142857,0.007142857143,0.0,0.021428571429,0.0,0.0
maze-32-32-4|a50|s153|it0|14650fb0739d0383,maze-32-32-4,50,153,0,14650fb0739d0383,repair5g518_grid_c1p25_b1p25_f1p00_w0p50_dc0p95_df1p00_beta0p35_max0p75_c0,g518_retained,wait_conservative,g518_retained,1.25586264657,True,False,True,False,False,False,False,False,True,False,False,False,False,True,-0.00963149078,0.00921273032,False,False,1.25,1.25,1.0,0.5,0.95,1.0,0.35,0.75,False,False,False,False,False,False,50.0,3.931825632724,0.0,7924.0,158.48,8.977777598745,0.0,1.0,0.0,0.0,0.0,0.0,6850.0,722.0,352.0,3012.0,3838.0,0.105401459854,0.051386861314,14.44,137.0,0.439708029197,0.0,0.0,0.0,0.0,0.0,2.0,2.0,0.0,50.0,3.9318256327243257,0.0,1.25,1.25,1.0,0.5,0.95,1.0,0.35,0.75,0.0,1.0,0.0,0.0,0.0,0.0,0.0,0.0,0.0,0.0,0.0,0.0,1.0,0.439708029197,0.131751824818,0.025693430657,0.0,repair5g59_wait_conservative,0.0,0.0,0.0,0.086842105263,-0.032894736842,0.059210526316,-0.138157894737,0.001052631579,0.002631578947,-0.048684210526,0.032894736842,-0.026315789474,0.0,0.0,0.0,0.042857142857,0.007142857143,0.0,0.021428571429,0.0,0.0
maze-32-32-4|a50|s153|it0|14650fb0739d0383,maze-32-32-4,50,153,0,14650fb0739d0383,repair5g518_grid_c1p20_b1p35_f1p00_w0p70_dc0p95_df1p00_beta0p60_max0p75_c0,g518_retained,high_beta,g518_retained,1.27386934673,True,False,False,False,False,False,False,False,False,False,False,False,False,False,0.00837520938,0.02721943048,True,False,1.2,1.35,1.0,0.7,0.95,1.0,0.6,0.75,False,False,False,False,False,False,50.0,3.931825632724,0.0,7924.0,158.48,8.977777598745,0.0,1.0,0.0,0.0,0.0,0.0,6850.0,722.0,352.0,3012.0,3838.0,0.105401459854,0.051386861314,14.44,137.0,0.439708029197,0.0,0.0,0.0,0.0,0.0,2.0,2.0,0.0,50.0,3.9318256327243257,0.0,1.2,1.35,1.0,0.7,0.95,1.0,0.6,0.75,0.0,1.0,0.0,0.0,0.0,0.0,0.0,0.0,0.0,1.0,0.0,0.0,0.0,0.439708029197,0.142291970803,0.03597080292,0.0,repair5g59_high_beta_cap_safe,0.122474487139,0.122474487139,0.115535611769,0.036842105263,0.067105263158,0.059210526316,0.061842105263,0.001052631579,0.002631578947,0.201315789474,0.032894736842,-0.026315789474,-0.020833333333,0.108333333333,0.0,-0.020833333333,-0.0,0.004166666667,0.029166666667,0.0,0.0
maze-32-32-4|a50|s153|it0|14650fb0739d0383,maze-32-32-4,50,153,0,14650fb0739d0383,repair5g518_grid_c0p90_b1p50_f1p00_w0p45_dc0p95_df1p00_beta0p45_max0p75_c0,g518_retained,block_heavy,g518_retained,1.27805695142,True,False,False,False,False,False,False,False,False,False,False,False,False,False,0.01256281407,0.03140703517,True,False,0.9,1.5,1.0,0.45,0.95,1.0,0.45,0.75,False,False,False,False,False,False,50.0,3.931825632724,0.0,7924.0,158.48,8.977777598745,0.0,1.0,0.0,0.0,0.0,0.0,6850.0,722.0,352.0,3012.0,3838.0,0.105401459854,0.051386861314,14.44,137.0,0.439708029197,0.0,0.0,0.0,0.0,0.0,2.0,2.0,0.0,50.0,3.9318256327243257,0.0,0.9,1.5,1.0,0.45,0.95,1.0,0.45,0.75,0.0,1.0,0.0,0.0,0.0,1.0,0.0,0.0,0.0,0.0,0.0,0.0,0.0,0.439708029197,0.158102189781,0.023124087591,0.0,repair5g59_block_heavy_flow_guard,0.15,0.15,0.139761942375,-0.263157894737,0.217105263158,0.059210526316,-0.188157894737,0.001052631579,0.002631578947,0.051315789474,0.032894736842,-0.026315789474,-0.0125,-0.0125,0.0,-0.00625,0.00625,0.0,0.0625,0.0,0.0
maze-32-32-4|a50|s153|it0|14650fb0739d0383,maze-32-32-4,50,153,0,14650fb0739d0383,repair5g518_grid_c1p25_b1p25_f1p00_w0p35_dc0p95_df1p00_beta0p30_max0p75_c0,g518_retained,wait_conservative,g518_retained,1.24204355109,True,False,True,False,False,False,False,False,True,False,False,False,False,True,-0.02345058626,-0.00460636516,False,False,1.25,1.25,1.0,0.35,0.95,1.0,0.3,0.75,False,False,False,False,False,False,50.0,3.931825632724,0.0,7924.0,158.48,8.977777598745,0.0,1.0,0.0,0.0,0.0,0.0,6850.0,722.0,352.0,3012.0,3838.0,0.105401459854,0.051386861314,14.44,137.0,0.439708029197,0.0,0.0,0.0,0.0,0.0,2.0,2.0,0.0,50.0,3.9318256327243257,0.0,1.25,1.25,1.0,0.35,0.95,1.0,0.3,0.75,0.0,1.0,0.0,0.0,0.0,0.0,0.0,0.0,0.0,0.0,0.0,0.0,1.0,0.439708029197,0.131751824818,0.01798540146,0.0,repair5g59_wait_conservative,0.158113883008,0.158113883008,0.146792718882,0.086842105263,-0.032894736842,0.059210526316,-0.288157894737,0.001052631579,0.002631578947,-0.098684210526,0.032894736842,-0.026315789474,0.0,0.0,0.0,-0.107142857143,0.007142857143,0.0,-0.028571428571,0.0,0.0
maze-32-32-4|a50|s153|it0|14650fb0739d0383,maze-32-32-4,50,153,0,14650fb0739d0383,repair5g518_grid_c0p90_b1p40_f1p00_w0p45_dc0p95_df1p00_beta0p35_max0p75_c0,g518_retained,block_heavy,g518_retained,1.29103852596,True,False,False,False,False,False,False,False,False,False,False,False,False,False,0.02554438861,0.04438860971,True,False,0.9,1.4,1.0,0.45,0.95,1.0,0.35,0.75,False,False,False,False,False,False,50.0,3.931825632724,0.0,7924.0,158.48,8.977777598745,0.0,1.0,0.0,0.0,0.0,0.0,6850.0,722.0,352.0,3012.0,3838.0,0.105401459854,0.051386861314,14.44,137.0,0.439708029197,0.0,0.0,0.0,0.0,0.0,2.0,2.0,0.0,50.0,3.9318256327243257,0.0,0.9,1.4,1.0,0.45,0.95,1.0,0.35,0.75,0.0,1.0,0.0,0.0,0.0,1.0,0.0,0.0,0.0,0.0,0.0,0.0,0.0,0.439708029197,0.147562043796,0.023124087591,0.0,repair5g59_block_heavy_flow_guard,0.15,0.15,0.139761942375,-0.263157894737,0.117105263158,0.059210526316,-0.188157894737,0.001052631579,0.002631578947,-0.048684210526,0.032894736842,-0.026315789474,-0.0125,-0.1125,0.0,-0.00625,0.00625,0.0,-0.0375,0.0,0.0
maze-32-32-4|a50|s153|it0|14650fb0739d0383,maze-32-32-4,50,153,0,14650fb0739d0383,repair5g518_grid_c1p20_b1p15_f1p00_w0p70_dc0p95_df1p00_beta0p60_max0p75_c0,g518_retained,high_beta,g518_retained,1.24497487437,True,False,True,False,False,False,False,False,True,False,False,False,False,True,-0.02051926298,-0.00167504188,False,False,1.2,1.15,1.0,0.7,0.95,1.0,0.6,0.75,False,False,False,False,False,False,50.0,3.931825632724,0.0,7924.0,158.48,8.977777598745,0.0,1.0,0.0,0.0,0.0,0.0,6850.0,722.0,352.0,3012.0,3838.0,0.105401459854,0.051386861314,14.44,137.0,0.439708029197,0.0,0.0,0.0,0.0,0.0,2.0,2.0,0.0,50.0,3.9318256327243257,0.0,1.2,1.15,1.0,0.7,0.95,1.0,0.6,0.75,0.0,1.0,0.0,0.0,0.0,0.0,0.0,0.0,0.0,1.0,0.0,0.0,0.0,0.439708029197,0.121211678832,0.03597080292,0.0,repair5g59_high_beta_cap_safe,0.122474487139,0.122474487139,0.115535611769,0.036842105263,-0.132894736842,0.059210526316,0.061842105263,0.001052631579,0.002631578947,0.201315789474,0.032894736842,-0.026315789474,-0.020833333333,-0.091666666667,0.0,-0.020833333333,-0.0,0.004166666667,0.029166666667,0.0,0.0
maze-32-32-4|a50|s153|it0|14650fb0739d0383,maze-32-32-4,50,153,0,14650fb0739d0383,repair5g518_grid_c0p90_b1p65_f1p00_w0p45_dc0p95_df1p00_beta0p35_max0p75_c0,g518_retained,block_heavy,g518_retained,1.22361809045,True,False,True,True,True,False,False,True,True,True,True,False,False,False,-0.0418760469,-0.0230318258,False,False,0.9,1.65,1.0,0.45,0.95,1.0,0.35,0.75,False,False,False,False,False,False,50.0,3.931825632724,0.0,7924.0,158.48,8.977777598745,0.0,1.0,0.0,0.0,0.0,0.0,6850.0,722.0,352.0,3012.0,3838.0,0.105401459854,0.051386861314,14.44,137.0,0.439708029197,0.0,0.0,0.0,0.0,0.0,2.0,2.0,0.0,50.0,3.9318256327243257,0.0,0.9,1.65,1.0,0.45,0.95,1.0,0.35,0.75,0.0,1.0,0.0,0.0,0.0,1.0,0.0,0.0,0.0,0.0,0.0,0.0,0.0,0.439708029197,0.173912408759,0.023124087591,0.0,repair5g59_block_heavy_flow_guard,0.187082869339,0.187082869339,0.171498927292,-0.263157894737,0.367105263158,0.059210526316,-0.188157894737,0.001052631579,0.002631578947,-0.048684210526,0.032894736842,-0.026315789474,-0.0125,0.1375,0.0,-0.00625,0.00625,0.0,-0.0375,0.0,0.0
maze-32-32-4|a50|s153|it0|14650fb0739d0383,maze-32-32-4,50,153,0,14650fb0739d0383,repair5g518_grid_c1p20_b1p15_f1p00_w0p70_dc0p95_df1p00_beta0p55_max0p75_c0,g518_retained,high_beta,g518_retained,1.26591289782,True,False,False,False,False,False,False,False,False,False,False,False,False,False,0.00041876047,0.01926298157,False,False,1.2,1.15,1.0,0.7,0.95,1.0,0.55,0.75,False,False,False,False,False,False,50.0,3.931825632724,0.0,7924.0,158.48,8.977777598745,0.0,1.0,0.0,0.0,0.0,0.0,6850.0,722.0,352.0,3012.0,3838.0,0.105401459854,0.051386861314,14.44,137.0,0.439708029197,0.0,0.0,0.0,0.0,0.0,2.0,2.0,0.0,50.0,3.9318256327243257,0.0,1.2,1.15,1.0,0.7,0.95,1.0,0.55,0.75,0.0,1.0,0.0,0.0,0.0,0.0,0.0,0.0,0.0,1.0,0.0,0.0,0.0,0.439708029197,0.121211678832,0.03597080292,0.0,repair5g59_high_beta_cap_safe,0.132287565553,0.132287565553,0.124239980694,0.036842105263,-0.132894736842,0.059210526316,0.061842105263,0.001052631579,0.002631578947,0.151315789474,0.032894736842,-0.026315789474,-0.020833333333,-0.091666666667,0.0,-0.020833333333,-0.0,0.004166666667,-0.020833333333,0.0,0.0
maze-32-32-4|a50|s153|it0|14650fb0739d0383,maze-32-32-4,50,153,0,14650fb0739d0383,repair5g521_grid_c0p90_b1p50_f1p00_w0p45_dc0p95_df1p00_beta0p45_max0p75_c0,g521_second_wave,block_heavy,g521_second_wave,1.27805695142,True,False,False,False,False,False,False,False,False,False,False,False,False,False,0.01256281407,0.03140703517,True,False,0.9,1.5,1.0,0.45,0.95,1.0,0.45,0.75,False,False,False,False,False,False,50.0,3.931825632724,0.0,7924.0,158.48,8.977777598745,0.0,1.0,0.0,0.0,0.0,0.0,6850.0,722.0,352.0,3012.0,3838.0,0.105401459854,0.051386861314,14.44,137.0,0.439708029197,0.0,0.0,0.0,0.0,0.0,2.0,2.0,0.0,50.0,3.9318256327243257,0.0,0.9,1.5,1.0,0.45,0.95,1.0,0.45,0.75,0.0,0.0,1.0,0.0,0.0,1.0,0.0,0.0,0.0,0.0,0.0,0.0,0.0,0.439708029197,0.158102189781,0.023124087591,0.0,repair5g59_block_heavy_flow_guard,0.15,0.15,0.139761942375,-0.263157894737,0.217105263158,0.059210526316,-0.188157894737,0.001052631579,0.002631578947,0.051315789474,0.032894736842,-0.026315789474,-0.0125,-0.0125,0.0,-0.00625,0.00625,0.0,0.0625,0.0,0.0
maze-32-32-4|a50|s153|it0|14650fb0739d0383,maze-32-32-4,50,153,0,14650fb0739d0383,repair5g521_grid_c0p90_b1p40_f1p00_w0p45_dc0p95_df1p00_beta0p35_max0p75_c0,g521_second_wave,block_heavy,g521_second_wave,1.29103852596,True,False,False,False,False,False,False,False,False,False,False,False,False,False,0.02554438861,0.04438860971,True,False,0.9,1.4,1.0,0.45,0.95,1.0,0.35,0.75,False,False,False,False,False,False,50.0,3.931825632724,0.0,7924.0,158.48,8.977777598745,0.0,1.0,0.0,0.0,0.0,0.0,6850.0,722.0,352.0,3012.0,3838.0,0.105401459854,0.051386861314,14.44,137.0,0.439708029197,0.0,0.0,0.0,0.0,0.0,2.0,2.0,0.0,50.0,3.9318256327243257,0.0,0.9,1.4,1.0,0.45,0.95,1.0,0.35,0.75,0.0,0.0,1.0,0.0,0.0,1.0,0.0,0.0,0.0,0.0,0.0,0.0,0.0,0.439708029197,0.147562043796,0.023124087591,0.0,repair5g59_block_heavy_flow_guard,0.15,0.15,0.139761942375,-0.263157894737,0.117105263158,0.059210526316,-0.188157894737,0.001052631579,0.002631578947,-0.048684210526,0.032894736842,-0.026315789474,-0.0125,-0.1125,0.0,-0.00625,0.00625,0.0,-0.0375,0.0,0.0
maze-32-32-4|a50|s153|it0|14650fb0739d0383,maze-32-32-4,50,153,0,14650fb0739d0383,repair5g521_grid_c0p90_b1p65_f1p00_w0p45_dc0p95_df1p00_beta0p35_max0p75_c0,g521_second_wave,block_heavy,g521_second_wave,1.22361809045,True,False,True,True,False,False,False,True,True,True,False,False,False,False,-0.0418760469,-0.0230318258,False,False,0.9,1.65,1.0,0.45,0.95,1.0,0.35,0.75,False,False,False,False,False,False,50.0,3.931825632724,0.0,7924.0,158.48,8.977777598745,0.0,1.0,0.0,0.0,0.0,0.0,6850.0,722.0,352.0,3012.0,3838.0,0.105401459854,0.051386861314,14.44,137.0,0.439708029197,0.0,0.0,0.0,0.0,0.0,2.0,2.0,0.0,50.0,3.9318256327243257,0.0,0.9,1.65,1.0,0.45,0.95,1.0,0.35,0.75,0.0,0.0,1.0,0.0,0.0,1.0,0.0,0.0,0.0,0.0,0.0,0.0,0.0,0.439708029197,0.173912408759,0.023124087591,0.0,repair5g59_block_heavy_flow_guard,0.187082869339,0.187082869339,0.171498927292,-0.263157894737,0.367105263158,0.059210526316,-0.188157894737,0.001052631579,0.002631578947,-0.048684210526,0.032894736842,-0.026315789474,-0.0125,0.1375,0.0,-0.00625,0.00625,0.0,-0.0375,0.0,0.0
maze-32-32-4|a50|s153|it0|14650fb0739d0383,maze-32-32-4,50,153,0,14650fb0739d0383,repair5g521_grid_c0p90_b1p50_f1p00_w0p45_dc0p90_df1p00_beta0p45_max0p75_c0,g521_second_wave,block_heavy,g521_second_wave,1.27805695142,True,False,False,False,False,False,False,False,False,False,False,False,False,False,0.01256281407,0.03140703517,True,False,0.9,1.5,1.0,0.45,0.9,1.0,0.45,0.75,False,False,False,False,False,False,50.0,3.931825632724,0.0,7924.0,158.48,8.977777598745,0.0,1.0,0.0,0.0,0.0,0.0,6850.0,722.0,352.0,3012.0,3838.0,0.105401459854,0.051386861314,14.44,137.0,0.439708029197,0.0,0.0,0.0,0.0,0.0,2.0,2.0,0.0,50.0,3.9318256327243257,0.0,0.9,1.5,1.0,0.45,0.9,1.0,0.45,0.75,0.0,0.0,1.0,0.0,0.0,1.0,0.0,0.0,0.0,0.0,0.0,0.0,0.0,0.439708029197,0.158102189781,0.023124087591,0.0,repair5g59_block_heavy_flow_guard,0.158113883008,0.158113883008,0.146792718882,-0.263157894737,0.217105263158,0.059210526316,-0.188157894737,-0.048947368421,0.002631578947,0.051315789474,0.032894736842,-0.026315789474,-0.0125,-0.0125,0.0,-0.00625,-0.04375,0.0,0.0625,0.0,0.0
maze-32-32-4|a50|s153|it0|14650fb0739d0383,maze-32-32-4,50,153,0,14650fb0739d0383,repair5g521_grid_c1p20_b1p35_f1p00_w0p70_dc0p95_df1p00_beta0p60_max0p75_c0,g521_second_wave,high_beta,g521_second_wave,1.27386934673,True,False,False,False,False,False,False,False,False,False,False,False,False,False,0.00837520938,0.02721943048,True,False,1.2,1.35,1.0,0.7,0.95,1.0,0.6,0.75,False,False,False,False,False,False,50.0,3.931825632724,0.0,7924.0,158.48,8.977777598745,0.0,1.0,0.0,0.0,0.0,0.0,6850.0,722.0,352.0,3012.0,3838.0,0.105401459854,0.051386861314,14.44,137.0,0.439708029197,0.0,0.0,0.0,0.0,0.0,2.0,2.0,0.0,50.0,3.9318256327243257,0.0,1.2,1.35,1.0,0.7,0.95,1.0,0.6,0.75,0.0,0.0,1.0,0.0,0.0,0.0,0.0,0.0,0.0,1.0,0.0,0.0,0.0,0.439708029197,0.142291970803,0.03597080292,0.0,repair5g59_high_beta_cap_safe,0.122474487139,0.122474487139,0.115535611769,0.036842105263,0.067105263158,0.059210526316,0.061842105263,0.001052631579,0.002631578947,0.201315789474,0.032894736842,-0.026315789474,-0.020833333333,0.108333333333,0.0,-0.020833333333,-0.0,0.004166666667,0.029166666667,0.0,0.0
maze-32-32-4|a50|s153|it0|14650fb0739d0383,maze-32-32-4,50,153,0,14650fb0739d0383,repair5g521_grid_c1p20_b1p15_f1p00_w0p70_dc0p95_df1p00_beta0p60_max0p75_c0,g521_second_wave,high_beta,g521_second_wave,1.24497487437,True,False,True,False,False,False,False,False,True,False,False,False,False,True,-0.02051926298,-0.00167504188,False,False,1.2,1.15,1.0,0.7,0.95,1.0,0.6,0.75,False,False,False,False,False,False,50.0,3.931825632724,0.0,7924.0,158.48,8.977777598745,0.0,1.0,0.0,0.0,0.0,0.0,6850.0,722.0,352.0,3012.0,3838.0,0.105401459854,0.051386861314,14.44,137.0,0.439708029197,0.0,0.0,0.0,0.0,0.0,2.0,2.0,0.0,50.0,3.9318256327243257,0.0,1.2,1.15,1.0,0.7,0.95,1.0,0.6,0.75,0.0,0.0,1.0,0.0,0.0,0.0,0.0,0.0,0.0,1.0,0.0,0.0,0.0,0.439708029197,0.121211678832,0.03597080292,0.0,repair5g59_high_beta_cap_safe,0.122474487139,0.122474487139,0.115535611769,0.036842105263,-0.132894736842,0.059210526316,0.061842105263,0.001052631579,0.002631578947,0.201315789474,0.032894736842,-0.026315789474,-0.020833333333,-0.091666666667,0.0,-0.020833333333,-0.0,0.004166666667,0.029166666667,0.0,0.0
maze-32-32-4|a50|s153|it0|14650fb0739d0383,maze-32-32-4,50,153,0,14650fb0739d0383,repair5g521_grid_c1p20_b1p15_f1p00_w0p70_dc0p95_df1p00_beta0p55_max0p75_c0,g521_second_wave,high_beta,g521_second_wave,1.26591289782,True,False,False,False,False,False,False,False,False,False,False,False,False,False,0.00041876047,0.01926298157,False,False,1.2,1.15,1.0,0.7,0.95,1.0,0.55,0.75,False,False,False,False,False,False,50.0,3.931825632724,0.0,7924.0,158.48,8.977777598745,0.0,1.0,0.0,0.0,0.0,0.0,6850.0,722.0,352.0,3012.0,3838.0,0.105401459854,0.051386861314,14.44,137.0,0.439708029197,0.0,0.0,0.0,0.0,0.0,2.0,2.0,0.0,50.0,3.9318256327243257,0.0,1.2,1.15,1.0,0.7,0.95,1.0,0.55,0.75,0.0,0.0,1.0,0.0,0.0,0.0,0.0,0.0,0.0,1.0,0.0,0.0,0.0,0.439708029197,0.121211678832,0.03597080292,0.0,repair5g59_high_beta_cap_safe,0.132287565553,0.132287565553,0.124239980694,0.036842105263,-0.132894736842,0.059210526316,0.061842105263,0.001052631579,0.002631578947,0.151315789474,0.032894736842,-0.026315789474,-0.020833333333,-0.091666666667,0.0,-0.020833333333,-0.0,0.004166666667,-0.020833333333,0.0,0.0
maze-32-32-4|a50|s153|it0|14650fb0739d0383,maze-32-32-4,50,153,0,14650fb0739d0383,repair5g521_grid_c1p20_b1p35_f1p00_w0p70_dc0p95_df1p00_beta0p55_max0p75_c0,g521_second_wave,high_beta,g521_second_wave,1.25460636516,True,False,True,False,False,False,False,False,True,False,False,False,False,True,-0.01088777219,0.00795644891,False,False,1.2,1.35,1.0,0.7,0.95,1.0,0.55,0.75,False,False,False,False,False,False,50.0,3.931825632724,0.0,7924.0,158.48,8.977777598745,0.0,1.0,0.0,0.0,0.0,0.0,6850.0,722.0,352.0,3012.0,3838.0,0.105401459854,0.051386861314,14.44,137.0,0.439708029197,0.0,0.0,0.0,0.0,0.0,2.0,2.0,0.0,50.0,3.9318256327243257,0.0,1.2,1.35,1.0,0.7,0.95,1.0,0.55,0.75,0.0,0.0,1.0,0.0,0.0,0.0,0.0,0.0,0.0,1.0,0.0,0.0,0.0,0.439708029197,0.142291970803,0.03597080292,0.0,repair5g59_high_beta_cap_safe,0.132287565553,0.132287565553,0.124239980694,0.036842105263,0.067105263158,0.059210526316,0.061842105263,0.001052631579,0.002631578947,0.151315789474,0.032894736842,-0.026315789474,-0.020833333333,0.108333333333,0.0,-0.020833333333,-0.0,0.004166666667,-0.020833333333,0.0,0.0
maze-32-32-4|a50|s153|it0|14650fb0739d0383,maze-32-32-4,50,153,0,14650fb0739d0383,repair5g521_grid_c1p25_b1p25_f1p00_w0p50_dc0p95_df1p00_beta0p35_max0p75_c0,g521_second_wave,wait_conservative,g521_second_wave,1.25586264657,True,False,True,False,False,False,False,False,True,False,False,False,False,True,-0.00963149078,0.00921273032,False,False,1.25,1.25,1.0,0.5,0.95,1.0,0.35,0.75,False,False,False,False,False,False,50.0,3.931825632724,0.0,7924.0,158.48,8.977777598745,0.0,1.0,0.0,0.0,0.0,0.0,6850.0,722.0,352.0,3012.0,3838.0,0.105401459854,0.051386861314,14.44,137.0,0.439708029197,0.0,0.0,0.0,0.0,0.0,2.0,2.0,0.0,50.0,3.9318256327243257,0.0,1.25,1.25,1.0,0.5,0.95,1.0,0.35,0.75,0.0,0.0,1.0,0.0,0.0,0.0,0.0,0.0,0.0,0.0,0.0,0.0,1.0,0.439708029197,0.131751824818,0.025693430657,0.0,repair5g59_wait_conservative,0.0,0.0,0.0,0.086842105263,-0.032894736842,0.059210526316,-0.138157894737,0.001052631579,0.002631578947,-0.048684210526,0.032894736842,-0.026315789474,0.0,0.0,0.0,0.042857142857,0.007142857143,0.0,0.021428571429,0.0,0.0
maze-32-32-4|a50|s153|it0|14650fb0739d0383,maze-32-32-4,50,153,0,14650fb0739d0383,repair5g521_grid_c1p25_b1p25_f1p00_w0p35_dc0p95_df1p00_beta0p30_max0p75_c0,g521_second_wave,wait_conservative,g521_second_wave,1.24204355109,True,False,True,False,False,False,False,False,True,False,False,False,False,True,-0.02345058626,-0.00460636516,False,False,1.25,1.25,1.0,0.35,0.95,1.0,0.3,0.75,False,False,False,False,False,False,50.0,3.931825632724,0.0,7924.0,158.48,8.977777598745,0.0,1.0,0.0,0.0,0.0,0.0,6850.0,722.0,352.0,3012.0,3838.0,0.105401459854,0.051386861314,14.44,137.0,0.439708029197,0.0,0.0,0.0,0.0,0.0,2.0,2.0,0.0,50.0,3.9318256327243257,0.0,1.25,1.25,1.0,0.35,0.95,1.0,0.3,0.75,0.0,0.0,1.0,0.0,0.0,0.0,0.0,0.0,0.0,0.0,0.0,0.0,1.0,0.439708029197,0.131751824818,0.01798540146,0.0,repair5g59_wait_conservative,0.158113883008,0.158113883008,0.146792718882,0.086842105263,-0.032894736842,0.059210526316,-0.288157894737,0.001052631579,0.002631578947,-0.098684210526,0.032894736842,-0.026315789474,0.0,0.0,0.0,-0.107142857143,0.007142857143,0.0,-0.028571428571,0.0,0.0
maze-32-32-4|a50|s153|it0|14650fb0739d0383,maze-32-32-4,50,153,0,14650fb0739d0383,repair5g521_grid_c1p25_b1p25_f1p00_w0p50_dc0p90_df1p00_beta0p35_max0p75_c0,g521_second_wave,wait_conservative,g521_second_wave,1.25586264657,True,False,True,False,False,False,False,False,True,False,False,False,False,True,-0.00963149078,0.00921273032,False,False,1.25,1.25,1.0,0.5,0.9,1.0,0.35,0.75,False,False,False,False,False,False,50.0,3.931825632724,0.0,7924.0,158.48,8.977777598745,0.0,1.0,0.0,0.0,0.0,0.0,6850.0,722.0,352.0,3012.0,3838.0,0.105401459854,0.051386861314,14.44,137.0,0.439708029197,0.0,0.0,0.0,0.0,0.0,2.0,2.0,0.0,50.0,3.9318256327243257,0.0,1.25,1.25,1.0,0.5,0.9,1.0,0.35,0.75,0.0,0.0,1.0,0.0,0.0,0.0,0.0,0.0,0.0,0.0,0.0,0.0,1.0,0.439708029197,0.131751824818,0.025693430657,0.0,repair5g59_wait_conservative,0.05,0.05,0.048790164169,0.086842105263,-0.032894736842,0.059210526316,-0.138157894737,-0.048947368421,0.002631578947,-0.048684210526,0.032894736842,-0.026315789474,0.0,0.0,0.0,0.042857142857,-0.042857142857,0.0,0.021428571429,0.0,0.0
maze-32-32-4|a50|s153|it0|14650fb0739d0383,maze-32-32-4,50,153,0,14650fb0739d0383,repair5g521_grid_c1p25_b1p25_f1p00_w0p50_dc0p95_df1p00_beta0p30_max0p75_c0,g521_second_wave,wait_conservative,g521_second_wave,1.3040201005,True,False,False,False,False,False,False,False,False,False,False,False,False,False,0.03852596315,0.05737018425,True,False,1.25,1.25,1.0,0.5,0.95,1.0,0.3,0.75,False,False,False,False,False,False,50.0,3.931825632724,0.0,7924.0,158.48,8.977777598745,0.0,1.0,0.0,0.0,0.0,0.0,6850.0,722.0,352.0,3012.0,3838.0,0.105401459854,0.051386861314,14.44,137.0,0.439708029197,0.0,0.0,0.0,0.0,0.0,2.0,2.0,0.0,50.0,3.9318256327243257,0.0,1.25,1.25,1.0,0.5,0.95,1.0,0.3,0.75,0.0,0.0,1.0,0.0,0.0,0.0,0.0,0.0,0.0,0.0,0.0,0.0,1.0,0.439708029197,0.131751824818,0.025693430657,0.0,repair5g59_wait_conservative,0.05,0.05,0.048790164169,0.086842105263,-0.032894736842,0.059210526316,-0.138157894737,0.001052631579,0.002631578947,-0.098684210526,0.032894736842,-0.026315789474,0.0,0.0,0.0,0.042857142857,0.007142857143,0.0,-0.028571428571,0.0,0.0
maze-32-32-4|a50|s153|it0|14650fb0739d0383,maze-32-32-4,50,153,0,14650fb0739d0383,repair5g521_grid_c1p25_b1p25_f1p00_w0p75_dc0p95_df1p00_beta0p55_max0p75_c0,g521_second_wave,high_beta,g521_second_wave,1.23157453936,True,False,True,True,False,False,False,True,True,True,False,False,False,False,-0.03391959799,-0.01507537689,False,False,1.25,1.25,1.0,0.75,0.95,1.0,0.55,0.75,False,False,False,False,False,False,50.0,3.931825632724,0.0,7924.0,158.48,8.977777598745,0.0,1.0,0.0,0.0,0.0,0.0,6850.0,722.0,352.0,3012.0,3838.0,0.105401459854,0.051386861314,14.44,137.0,0.439708029197,0.0,0.0,0.0,0.0,0.0,2.0,2.0,0.0,50.0,3.9318256327243257,0.0,1.25,1.25,1.0,0.75,0.95,1.0,0.55,0.75,0.0,0.0,1.0,0.0,0.0,0.0,0.0,0.0,0.0,1.0,0.0,0.0,0.0,0.439708029197,0.131751824818,0.038540145985,0.0,repair5g59_high_beta_cap_safe,0.05,0.05,0.048790164169,0.086842105263,-0.032894736842,0.059210526316,0.111842105263,0.001052631579,0.002631578947,0.151315789474,0.032894736842,-0.026315789474,0.029166666667,0.008333333333,0.0,0.029166666667,-0.0,0.004166666667,-0.020833333333,0.0,0.0
maze-32-32-4|a50|s153|it0|14650fb0739d0383,maze-32-32-4,50,153,0,14650fb0739d0383,repair5g521_grid_c1p25_b1p25_f1p00_w0p75_dc0p90_df1p00_beta0p55_max0p75_c0,g521_second_wave,high_beta,g521_second_wave,1.23157453936,True,False,True,True,False,False,False,True,True,True,False,False,False,False,-0.03391959799,-0.01507537689,False,False,1.25,1.25,1.0,0.75,0.9,1.0,0.55,0.75,False,False,False,False,False,False,50.0,3.931825632724,0.0,7924.0,158.48,8.977777598745,0.0,1.0,0.0,0.0,0.0,0.0,6850.0,722.0,352.0,3012.0,3838.0,0.105401459854,0.051386861314,14.44,137.0,0.439708029197,0.0,0.0,0.0,0.0,0.0,2.0,2.0,0.0,50.0,3.9318256327243257,0.0,1.25,1.25,1.0,0.75,0.9,1.0,0.55,0.75,0.0,0.0,1.0,0.0,0.0,0.0,0.0,0.0,0.0,1.0,0.0,0.0,0.0,0.439708029197,0.131751824818,0.038540145985,0.0,repair5g59_high_beta_cap_safe,0.070710678119,0.070710678119,0.068322613158,0.086842105263,-0.032894736842,0.059210526316,0.111842105263,-0.048947368421,0.002631578947,0.151315789474,0.032894736842,-0.026315789474,0.029166666667,0.008333333333,0.0,0.029166666667,-0.05,0.004166666667,-0.020833333333,0.0,0.0
maze-32-32-4|a50|s153|it0|14650fb0739d0383,maze-32-32-4,50,153,0,14650fb0739d0383,repair5g521_grid_c1p25_b1p25_f1p00_w0p75_dc0p95_df0p95_beta0p55_max0p75_c0,g521_second_wave,high_beta,g521_second_wave,1.23157453936,True,False,True,True,False,False,False,True,True,True,False,False,False,False,-0.03391959799,-0.01507537689,False,False,1.25,1.25,1.0,0.75,0.95,0.95,0.55,0.75,False,False,False,False,False,False,50.0,3.931825632724,0.0,7924.0,158.48,8.977777598745,0.0,1.0,0.0,0.0,0.0,0.0,6850.0,722.0,352.0,3012.0,3838.0,0.105401459854,0.051386861314,14.44,137.0,0.439708029197,0.0,0.0,0.0,0.0,0.0,2.0,2.0,0.0,50.0,3.9318256327243257,0.0,1.25,1.25,1.0,0.75,0.95,0.95,0.55,0.75,0.0,0.0,1.0,0.0,0.0,0.0,0.0,0.0,0.0,1.0,0.0,0.0,0.0,0.439708029197,0.131751824818,0.038540145985,0.0,repair5g59_high_beta_cap_safe,0.070710678119,0.070710678119,0.068322613158,0.086842105263,-0.032894736842,0.059210526316,0.111842105263,0.001052631579,-0.047368421053,0.151315789474,0.032894736842,-0.026315789474,0.029166666667,0.008333333333,0.0,0.029166666667,-0.0,-0.045833333333,-0.020833333333,0.0,0.0
maze-32-32-4|a50|s153|it0|14650fb0739d0383,maze-32-32-4,50,153,0,14650fb0739d0383,repair5g521_grid_c1p25_b1p25_f1p00_w0p75_dc1p00_df1p00_beta0p55_max0p75_c0,g521_second_wave,high_beta,g521_second_wave,1.23157453936,True,False,True,True,False,False,False,True,True,True,False,False,False,False,-0.03391959799,-0.01507537689,False,False,1.25,1.25,1.0,0.75,1.0,1.0,0.55,0.75,False,False,False,False,False,False,50.0,3.931825632724,0.0,7924.0,158.48,8.977777598745,0.0,1.0,0.0,0.0,0.0,0.0,6850.0,722.0,352.0,3012.0,3838.0,0.105401459854,0.051386861314,14.44,137.0,0.439708029197,0.0,0.0,0.0,0.0,0.0,2.0,2.0,0.0,50.0,3.9318256327243257,0.0,1.25,1.25,1.0,0.75,1.0,1.0,0.55,0.75,0.0,0.0,1.0,0.0,0.0,0.0,0.0,0.0,0.0,1.0,0.0,0.0,0.0,0.439708029197,0.131751824818,0.038540145985,0.0,repair5g59_high_beta_cap_safe,0.070710678119,0.070710678119,0.068322613158,0.086842105263,-0.032894736842,0.059210526316,0.111842105263,0.051052631579,0.002631578947,0.151315789474,0.032894736842,-0.026315789474,0.029166666667,0.008333333333,0.0,0.029166666667,0.05,0.004166666667,-0.020833333333,0.0,0.0
maze-32-32-4|a50|s155|it0|14650fb0739d0383,maze-32-32-4,50,155,0,14650fb0739d0383,repair5g59_additive_fallback,old14,additive,old14,1.23828317711,True,False,False,False,False,False,False,False,False,False,False,False,False,False,0.06512086828,0.08041440553,True,False,,,,,,,,,,False,False,False,False,False,50.0,3.931825632724,0.0,5370.0,107.4,8.588769389905,0.0,1.0,0.0,0.0,0.0,0.0,4800.0,385.0,185.0,2329.0,2471.0,0.080208333333,0.038541666667,7.7,96.0,0.485208333333,0.0,0.0,0.0,0.0,0.0,2.0,2.0,0.0,50.0,3.9318256327243257,0.0,1.0,1.0,0.0,1.0,1.0,1.0,0.0,0.0,0.0,0.0,0.0,1.0,1.0,0.0,0.0,0.0,0.0,0.0,0.0,0.0,0.0,0.0,0.080208333333,0.038541666667,0.0,,,,0.0,-0.163157894737,-0.282894736842,-0.940789473684,0.361842105263,0.051052631579,0.002631578947,-0.398684210526,-0.717105263158,-0.026315789474,0.0,0.0,0.0,0.0,0.0,0.0,0.0,0.0,0.0
maze-32-32-4|a50|s155|it0|14650fb0739d0383,maze-32-32-4,50,155,0,14650fb0739d0383,repair5g59_block_heavy_flow_guard,old14,block_heavy,old14,1.20424272324,True,False,False,False,False,False,False,False,False,False,False,False,False,False,0.03108041441,0.04637395166,True,False,1.0,1.5,1.0,0.5,0.95,1.0,0.35,0.75,False,False,False,False,False,False,50.0,3.931825632724,0.0,5370.0,107.4,8.588769389905,0.0,1.0,0.0,0.0,0.0,0.0,4800.0,385.0,185.0,2329.0,2471.0,0.080208333333,0.038541666667,7.7,96.0,0.485208333333,0.0,0.0,0.0,0.0,0.0,2.0,2.0,0.0,50.0,3.9318256327243257,0.0,1.0,1.5,1.0,0.5,0.95,1.0,0.35,0.75,0.0,0.0,0.0,1.0,0.0,1.0,0.0,0.0,0.0,0.0,0.0,0.0,0.0,0.485208333333,0.120312499999,0.019270833333,0.0,repair5g59_block_heavy_flow_guard,0.0,0.0,0.0,-0.163157894737,0.217105263158,0.059210526316,-0.138157894737,0.001052631579,0.002631578947,-0.048684210526,0.032894736842,-0.026315789474,0.0875,-0.0125,0.0,0.04375,0.00625,0.0,-0.0375,0.0,0.0
maze-32-32-4|a50|s155|it0|14650fb0739d0383,maze-32-32-4,50,155,0,14650fb0739d0383,repair5g59_c_only_f_disabled,old14,static_boundary_c_only,old14,1.24173655649,True,False,False,False,False,False,False,False,False,False,False,False,False,False,0.06857424766,0.08386778491,True,False,1.25,1.25,0.0,0.75,0.95,1.0,0.0,0.0,True,False,False,False,False,False,50.0,3.931825632724,0.0,5370.0,107.4,8.588769389905,0.0,1.0,0.0,0.0,0.0,0.0,4800.0,385.0,185.0,2329.0,2471.0,0.080208333333,0.038541666667,7.7,96.0,0.485208333333,0.0,0.0,0.0,0.0,0.0,2.0,2.0,0.0,50.0,3.9318256327243257,0.0,1.25,1.25,0.0,0.75,0.95,1.0,0.0,0.0,1.0,0.0,0.0,1.0,0.0,0.0,0.0,0.0,0.0,0.0,0.0,1.0,0.0,0.0,0.100260416666,0.02890625,0.0,repair5g59_c_only_f_disabled,0.0,0.0,0.0,0.086842105263,-0.032894736842,-0.940789473684,0.111842105263,0.001052631579,0.002631578947,-0.398684210526,-0.717105263158,0.973684210526,0.0,0.0,0.0,0.0,0.0,0.0,0.0,0.0,0.0
maze-32-32-4|a50|s155|it0|14650fb0739d0383,maze-32-32-4,50,155,0,14650fb0739d0383,repair5g59_commit_heavy_flow_guard,old14,commit_heavy,old14,1.16921558954,True,False,False,False,False,False,False,False,False,False,False,False,False,False,-0.00394671929,0.01134681796,False,False,1.5,1.0,1.0,0.75,0.95,1.0,0.35,0.75,False,False,False,False,False,False,50.0,3.931825632724,0.0,5370.0,107.4,8.588769389905,0.0,1.0,0.0,0.0,0.0,0.0,4800.0,385.0,185.0,2329.0,2471.0,0.080208333333,0.038541666667,7.7,96.0,0.485208333333,0.0,0.0,0.0,0.0,0.0,2.0,2.0,0.0,50.0,3.9318256327243257,0.0,1.5,1.0,1.0,0.75,0.95,1.0,0.35,0.75,0.0,0.0,0.0,1.0,0.0,0.0,1.0,0.0,0.0,0.0,0.0,0.0,0.0,0.485208333333,0.080208333333,0.02890625,0.0,repair5g59_commit_heavy_flow_guard,0.0,0.0,0.0,0.336842105263,-0.282894736842,0.059210526316,0.111842105263,0.001052631579,0.002631578947,-0.048684210526,0.032894736842,-0.026315789474,0.0,0.0,0.0,0.0,0.0,0.0,0.0,0.0,0.0
maze-32-32-4|a50|s155|it0|14650fb0739d0383,maze-32-32-4,50,155,0,14650fb0739d0383,repair5g59_fast_decay_low_shield,old14,flow_decay,old14,1.22348297977,True,False,False,False,False,False,False,False,False,False,False,False,False,False,0.05032067094,0.06561420819,True,False,1.25,1.25,1.0,0.75,0.9,1.0,0.2,0.5,False,False,False,False,False,False,50.0,3.931825632724,0.0,5370.0,107.4,8.588769389905,0.0,1.0,0.0,0.0,0.0,0.0,4800.0,385.0,185.0,2329.0,2471.0,0.080208333333,0.038541666667,7.7,96.0,0.485208333333,0.0,0.0,0.0,0.0,0.0,2.0,2.0,0.0,50.0,3.9318256327243257,0.0,1.25,1.25,1.0,0.75,0.9,1.0,0.2,0.5,0.0,0.0,0.0,1.0,0.0,0.0,0.0,1.0,0.0,0.0,0.0,0.0,0.0,0.485208333333,0.100260416666,0.02890625,0.0,repair5g59_fast_decay_low_shield,0.0,0.0,0.0,0.086842105263,-0.032894736842,0.059210526316,0.111842105263,-0.048947368421,0.002631578947,-0.198684210526,-0.217105263158,-0.026315789474,0.05,0.05,0.05,0.0,-0.052,0.01,-0.1,-0.3,0.0
maze-32-32-4|a50|s155|it0|14650fb0739d0383,maze-32-32-4,50,155,0,14650fb0739d0383,repair5g59_flow_decay,old14,flow_decay,old14,1.17316230883,True,False,False,False,False,False,False,False,False,False,False,False,False,False,0.0,0.01529353725,False,False,1.25,1.25,1.0,0.75,0.95,0.95,0.35,0.75,False,False,False,False,False,False,50.0,3.931825632724,0.0,5370.0,107.4,8.588769389905,0.0,1.0,0.0,0.0,0.0,0.0,4800.0,385.0,185.0,2329.0,2471.0,0.080208333333,0.038541666667,7.7,96.0,0.485208333333,0.0,0.0,0.0,0.0,0.0,2.0,2.0,0.0,50.0,3.9318256327243257,0.0,1.25,1.25,1.0,0.75,0.95,0.95,0.35,0.75,0.0,0.0,0.0,1.0,0.0,0.0,0.0,1.0,0.0,0.0,0.0,0.0,0.0,0.485208333333,0.100260416666,0.02890625,0.0,repair5g59_flow_decay,0.0,0.0,0.0,0.086842105263,-0.032894736842,0.059210526316,0.111842105263,0.001052631579,-0.047368421053,-0.048684210526,0.032894736842,-0.026315789474,0.05,0.05,0.05,0.0,-0.002,-0.04,0.05,-0.05,0.0
maze-32-32-4|a50|s155|it0|14650fb0739d0383,maze-32-32-4,50,155,0,14650fb0739d0383,repair5g59_high_beta_cap_safe,old14,high_beta,old14,1.1672422299,True,False,True,False,False,False,False,False,False,False,False,False,False,False,-0.00592007893,0.00937345832,False,False,1.25,1.25,1.0,0.75,0.95,1.0,0.6,0.75,False,False,False,False,False,False,50.0,3.931825632724,0.0,5370.0,107.4,8.588769389905,0.0,1.0,0.0,0.0,0.0,0.0,4800.0,385.0,185.0,2329.0,2471.0,0.080208333333,0.038541666667,7.7,96.0,0.485208333333,0.0,0.0,0.0,0.0,0.0,2.0,2.0,0.0,50.0,3.9318256327243257,0.0,1.25,1.25,1.0,0.75,0.95,1.0,0.6,0.75,0.0,0.0,0.0,1.0,0.0,0.0,0.0,0.0,0.0,1.0,0.0,0.0,0.0,0.485208333333,0.100260416666,0.02890625,0.0,repair5g59_high_beta_cap_safe,0.0,0.0,0.0,0.086842105263,-0.032894736842,0.059210526316,0.111842105263,0.001052631579,0.002631578947,0.201315789474,0.032894736842,-0.026315789474,0.029166666667,0.008333333333,0.0,0.029166666667,-0.0,0.004166666667,0.029166666667,0.0,0.0
maze-32-32-4|a50|s155|it0|14650fb0739d0383,maze-32-32-4,50,155,0,14650fb0739d0383,repair5g59_light_cong_light_flow,old14,flow_decay,old14,1.21904292057,True,False,False,False,False,False,False,False,False,False,False,False,False,False,0.04588061174,0.06117414899,True,False,1.0,1.0,0.75,0.75,0.98,1.0,0.25,0.5,False,False,False,False,False,False,50.0,3.931825632724,0.0,5370.0,107.4,8.588769389905,0.0,1.0,0.0,0.0,0.0,0.0,4800.0,385.0,185.0,2329.0,2471.0,0.080208333333,0.038541666667,7.7,96.0,0.485208333333,0.0,0.0,0.0,0.0,0.0,2.0,2.0,0.0,50.0,3.9318256327243257,0.0,1.0,1.0,0.75,0.75,0.98,1.0,0.25,0.5,0.0,0.0,0.0,1.0,0.0,0.0,0.0,1.0,0.0,0.0,0.0,0.0,0.0,0.36390625,0.080208333333,0.02890625,0.0,repair5g59_light_cong_light_flow,0.0,0.0,0.0,-0.163157894737,-0.282894736842,-0.190789473684,0.111842105263,0.031052631579,0.002631578947,-0.148684210526,-0.217105263158,-0.026315789474,-0.2,-0.2,-0.2,0.0,0.028,0.01,-0.05,-0.3,0.0
maze-32-32-4|a50|s155|it0|14650fb0739d0383,maze-32-32-4,50,155,0,14650fb0739d0383,repair5g59_low_beta_high_cap,old14,flow_decay,old14,1.17464232856,True,False,False,False,False,False,False,False,False,False,False,False,False,False,0.00148001973,0.01677355698,False,False,1.25,1.25,1.0,0.75,0.95,1.0,0.2,1.25,False,False,False,False,False,False,50.0,3.931825632724,0.0,5370.0,107.4,8.588769389905,0.0,1.0,0.0,0.0,0.0,0.0,4800.0,385.0,185.0,2329.0,2471.0,0.080208333333,0.038541666667,7.7,96.0,0.485208333333,0.0,0.0,0.0,0.0,0.0,2.0,2.0,0.0,50.0,3.9318256327243257,0.0,1.25,1.25,1.0,0.75,0.95,1.0,0.2,1.25,0.0,0.0,0.0,1.0,0.0,0.0,0.0,1.0,0.0,0.0,0.0,0.0,0.0,0.485208333333,0.100260416666,0.02890625,0.0,repair5g59_low_beta_high_cap,0.0,0.0,0.0,0.086842105263,-0.032894736842,0.059210526316,0.111842105263,0.001052631579,0.002631578947,-0.198684210526,0.532894736842,-0.026315789474,0.05,0.05,0.05,0.0,-0.002,0.01,-0.1,0.45,0.0
maze-32-32-4|a50|s155|it0|14650fb0739d0383,maze-32-32-4,50,155,0,14650fb0739d0383,repair5g59_slow_decay_high_shield,old14,flow_decay,old14,1.22693635915,True,False,False,False,False,False,False,False,False,False,False,False,False,False,0.05377405032,0.06906758757,True,False,1.25,1.25,1.0,0.75,0.98,1.0,0.5,1.0,False,False,False,False,False,False,50.0,3.931825632724,0.0,5370.0,107.4,8.588769389905,0.0,1.0,0.0,0.0,0.0,0.0,4800.0,385.0,185.0,2329.0,2471.0,0.080208333333,0.038541666667,7.7,96.0,0.485208333333,0.0,0.0,0.0,0.0,0.0,2.0,2.0,0.0,50.0,3.9318256327243257,0.0,1.25,1.25,1.0,0.75,0.98,1.0,0.5,1.0,0.0,0.0,0.0,1.0,0.0,0.0,0.0,1.0,0.0,0.0,0.0,0.0,0.0,0.485208333333,0.100260416666,0.02890625,0.0,repair5g59_slow_decay_high_shield,0.0,0.0,0.0,0.086842105263,-0.032894736842,0.059210526316,0.111842105263,0.031052631579,0.002631578947,0.101315789474,0.282894736842,-0.026315789474,0.05,0.05,0.05,0.0,0.028,0.01,0.2,0.2,0.0
maze-32-32-4|a50|s155|it0|14650fb0739d0383,maze-32-32-4,50,155,0,14650fb0739d0383,repair5g59_static_abstain_candidate,old14,static,old14,1.17316230883,True,False,False,False,False,False,False,False,False,False,False,False,False,False,0.0,0.01529353725,False,False,1.25,1.25,1.0,0.75,0.95,1.0,0.35,0.75,False,False,False,False,False,False,50.0,3.931825632724,0.0,5370.0,107.4,8.588769389905,0.0,1.0,0.0,0.0,0.0,0.0,4800.0,385.0,185.0,2329.0,2471.0,0.080208333333,0.038541666667,7.7,96.0,0.485208333333,0.0,0.0,0.0,0.0,0.0,2.0,2.0,0.0,50.0,3.9318256327243257,0.0,1.25,1.25,1.0,0.75,0.95,1.0,0.35,0.75,0.0,0.0,0.0,1.0,0.0,0.0,0.0,0.0,0.0,0.0,1.0,0.0,0.0,0.485208333333,0.100260416666,0.02890625,0.0,repair5g59_static_abstain_candidate,0.0,0.0,0.0,0.086842105263,-0.032894736842,0.059210526316,0.111842105263,0.001052631579,0.002631578947,-0.048684210526,0.032894736842,-0.026315789474,0.0,0.0,0.0,0.0,0.0,0.0,0.0,0.0,0.0
maze-32-32-4|a50|s155|it0|14650fb0739d0383,maze-32-32-4,50,155,0,14650fb0739d0383,repair5g59_static_flow_shield,old14,static,old14,1.17316230883,True,False,False,False,False,False,False,False,False,False,False,False,False,False,0.0,0.01529353725,False,False,1.25,1.25,1.0,0.75,0.95,1.0,0.35,0.75,False,False,False,False,False,False,50.0,3.931825632724,0.0,5370.0,107.4,8.588769389905,0.0,1.0,0.0,0.0,0.0,0.0,4800.0,385.0,185.0,2329.0,2471.0,0.080208333333,0.038541666667,7.7,96.0,0.485208333333,0.0,0.0,0.0,0.0,0.0,2.0,2.0,0.0,50.0,3.9318256327243257,0.0,1.25,1.25,1.0,0.75,0.95,1.0,0.35,0.75,0.0,0.0,0.0,1.0,0.0,0.0,0.0,0.0,0.0,0.0,1.0,0.0,0.0,0.485208333333,0.100260416666,0.02890625,0.0,repair5g59_static_abstain_candidate,0.0,0.0,0.0,0.086842105263,-0.032894736842,0.059210526316,0.111842105263,0.001052631579,0.002631578947,-0.048684210526,0.032894736842,-0.026315789474,0.0,0.0,0.0,0.0,0.0,0.0,0.0,0.0,0.0
maze-32-32-4|a50|s155|it0|14650fb0739d0383,maze-32-32-4,50,155,0,14650fb0739d0383,repair5g59_wait_aggressive,old14,flow_shield,old14,1.19240256537,True,False,False,False,False,False,False,False,False,False,False,False,False,False,0.01924025654,0.03453379379,True,False,1.25,1.25,1.0,1.0,0.95,1.0,0.35,0.75,False,False,False,False,False,False,50.0,3.931825632724,0.0,5370.0,107.4,8.588769389905,0.0,1.0,0.0,0.0,0.0,0.0,4800.0,385.0,185.0,2329.0,2471.0,0.080208333333,0.038541666667,7.7,96.0,0.485208333333,0.0,0.0,0.0,0.0,0.0,2.0,2.0,0.0,50.0,3.9318256327243257,0.0,1.25,1.25,1.0,1.0,0.95,1.0,0.35,0.75,0.0,0.0,0.0,1.0,0.0,0.0,0.0,0.0,1.0,0.0,0.0,0.0,0.0,0.485208333333,0.100260416666,0.038541666667,0.0,repair5g59_wait_aggressive,0.0,0.0,0.0,0.086842105263,-0.032894736842,0.059210526316,0.361842105263,0.001052631579,0.002631578947,-0.048684210526,0.032894736842,-0.026315789474,0.0,0.0,0.0,0.0,0.0,0.0,0.0,0.0,0.0
maze-32-32-4|a50|s155|it0|14650fb0739d0383,maze-32-32-4,50,155,0,14650fb0739d0383,repair5g59_wait_conservative,old14,wait_conservative,old14,1.15786877158,True,False,True,False,False,False,False,False,False,False,False,False,False,False,-0.01529353725,0.0,False,False,1.25,1.25,1.0,0.5,0.95,1.0,0.35,0.75,False,False,False,False,False,False,50.0,3.931825632724,0.0,5370.0,107.4,8.588769389905,0.0,1.0,0.0,0.0,0.0,0.0,4800.0,385.0,185.0,2329.0,2471.0,0.080208333333,0.038541666667,7.7,96.0,0.485208333333,0.0,0.0,0.0,0.0,0.0,2.0,2.0,0.0,50.0,3.9318256327243257,0.0,1.25,1.25,1.0,0.5,0.95,1.0,0.35,0.75,0.0,0.0,0.0,1.0,0.0,0.0,0.0,0.0,0.0,0.0,0.0,0.0,1.0,0.485208333333,0.100260416666,0.019270833333,0.0,repair5g59_wait_conservative,0.0,0.0,0.0,0.086842105263,-0.032894736842,0.059210526316,-0.138157894737,0.001052631579,0.002631578947,-0.048684210526,0.032894736842,-0.026315789474,0.0,0.0,0.0,0.042857142857,0.007142857143,0.0,0.021428571429,0.0,0.0
maze-32-32-4|a50|s155|it0|14650fb0739d0383,maze-32-32-4,50,155,0,14650fb0739d0383,repair5g518_grid_c1p25_b1p25_f1p00_w0p50_dc0p95_df1p00_beta0p35_max0p75_c0,g518_retained,wait_conservative,g518_retained,1.15786877158,True,False,True,False,True,False,False,False,True,False,True,False,False,True,-0.01529353725,0.0,False,False,1.25,1.25,1.0,0.5,0.95,1.0,0.35,0.75,False,False,False,False,False,False,50.0,3.931825632724,0.0,5370.0,107.4,8.588769389905,0.0,1.0,0.0,0.0,0.0,0.0,4800.0,385.0,185.0,2329.0,2471.0,0.080208333333,0.038541666667,7.7,96.0,0.485208333333,0.0,0.0,0.0,0.0,0.0,2.0,2.0,0.0,50.0,3.9318256327243257,0.0,1.25,1.25,1.0,0.5,0.95,1.0,0.35,0.75,0.0,1.0,0.0,0.0,0.0,0.0,0.0,0.0,0.0,0.0,0.0,0.0,1.0,0.485208333333,0.100260416666,0.019270833333,0.0,repair5g59_wait_conservative,0.0,0.0,0.0,0.086842105263,-0.032894736842,0.059210526316,-0.138157894737,0.001052631579,0.002631578947,-0.048684210526,0.032894736842,-0.026315789474,0.0,0.0,0.0,0.042857142857,0.007142857143,0.0,0.021428571429,0.0,0.0
maze-32-32-4|a50|s155|it0|14650fb0739d0383,maze-32-32-4,50,155,0,14650fb0739d0383,repair5g518_grid_c1p20_b1p35_f1p00_w0p70_dc0p95_df1p00_beta0p60_max0p75_c0,g518_retained,high_beta,g518_retained,1.18006906759,True,False,False,False,False,False,False,False,False,False,False,False,False,False,0.00690675876,0.02220029601,True,False,1.2,1.35,1.0,0.7,0.95,1.0,0.6,0.75,False,False,False,False,False,False,50.0,3.931825632724,0.0,5370.0,107.4,8.588769389905,0.0,1.0,0.0,0.0,0.0,0.0,4800.0,385.0,185.0,2329.0,2471.0,0.080208333333,0.038541666667,7.7,96.0,0.485208333333,0.0,0.0,0.0,0.0,0.0,2.0,2.0,0.0,50.0,3.9318256327243257,0.0,1.2,1.35,1.0,0.7,0.95,1.0,0.6,0.75,0.0,1.0,0.0,0.0,0.0,0.0,0.0,0.0,0.0,1.0,0.0,0.0,0.0,0.485208333333,0.10828125,0.026979166667,0.0,repair5g59_high_beta_cap_safe,0.122474487139,0.122474487139,0.115535611769,0.036842105263,0.067105263158,0.059210526316,0.061842105263,0.001052631579,0.002631578947,0.201315789474,0.032894736842,-0.026315789474,-0.020833333333,0.108333333333,0.0,-0.020833333333,-0.0,0.004166666667,0.029166666667,0.0,0.0
maze-32-32-4|a50|s155|it0|14650fb0739d0383,maze-32-32-4,50,155,0,14650fb0739d0383,repair5g518_grid_c0p90_b1p50_f1p00_w0p45_dc0p95_df1p00_beta0p45_max0p75_c0,g518_retained,block_heavy,g518_retained,1.17858904785,True,False,False,False,False,False,False,False,False,False,False,False,False,False,0.00542673902,0.02072027627,True,False,0.9,1.5,1.0,0.45,0.95,1.0,0.45,0.75,False,False,False,False,False,False,50.0,3.931825632724,0.0,5370.0,107.4,8.588769389905,0.0,1.0,0.0,0.0,0.0,0.0,4800.0,385.0,185.0,2329.0,2471.0,0.080208333333,0.038541666667,7.7,96.0,0.485208333333,0.0,0.0,0.0,0.0,0.0,2.0,2.0,0.0,50.0,3.9318256327243257,0.0,0.9,1.5,1.0,0.45,0.95,1.0,0.45,0.75,0.0,1.0,0.0,0.0,0.0,1.0,0.0,0.0,0.0,0.0,0.0,0.0,0.0,0.485208333333,0.120312499999,0.01734375,0.0,repair5g59_block_heavy_flow_guard,0.15,0.15,0.139761942375,-0.263157894737,0.217105263158,0.059210526316,-0.188157894737,0.001052631579,0.002631578947,0.051315789474,0.032894736842,-0.026315789474,-0.0125,-0.0125,0.0,-0.00625,0.00625,0.0,0.0625,0.0,0.0
maze-32-32-4|a50|s155|it0|14650fb0739d0383,maze-32-32-4,50,155,0,14650fb0739d0383,repair5g518_grid_c1p25_b1p25_f1p00_w0p35_dc0p95_df1p00_beta0p30_max0p75_c0,g518_retained,wait_conservative,g518_retained,1.17118894919,True,False,False,False,False,False,False,False,False,False,False,False,False,False,-0.00197335964,0.01332017761,False,False,1.25,1.25,1.0,0.35,0.95,1.0,0.3,0.75,False,False,False,False,False,False,50.0,3.931825632724,0.0,5370.0,107.4,8.588769389905,0.0,1.0,0.0,0.0,0.0,0.0,4800.0,385.0,185.0,2329.0,2471.0,0.080208333333,0.038541666667,7.7,96.0,0.485208333333,0.0,0.0,0.0,0.0,0.0,2.0,2.0,0.0,50.0,3.9318256327243257,0.0,1.25,1.25,1.0,0.35,0.95,1.0,0.3,0.75,0.0,1.0,0.0,0.0,0.0,0.0,0.0,0.0,0.0,0.0,0.0,0.0,1.0,0.485208333333,0.100260416666,0.013489583333,0.0,repair5g59_wait_conservative,0.158113883008,0.158113883008,0.146792718882,0.086842105263,-0.032894736842,0.059210526316,-0.288157894737,0.001052631579,0.002631578947,-0.098684210526,0.032894736842,-0.026315789474,0.0,0.0,0.0,-0.107142857143,0.007142857143,0.0,-0.028571428571,0.0,0.0
maze-32-32-4|a50|s155|it0|14650fb0739d0383,maze-32-32-4,50,155,0,14650fb0739d0383,repair5g518_grid_c0p90_b1p40_f1p00_w0p45_dc0p95_df1p00_beta0p35_max0p75_c0,g518_retained,block_heavy,g518_retained,1.18648248643,True,False,False,False,False,False,False,False,False,False,False,False,False,False,0.0133201776,0.02861371485,True,False,0.9,1.4,1.0,0.45,0.95,1.0,0.35,0.75,False,False,False,False,False,False,50.0,3.931825632724,0.0,5370.0,107.4,8.588769389905,0.0,1.0,0.0,0.0,0.0,0.0,4800.0,385.0,185.0,2329.0,2471.0,0.080208333333,0.038541666667,7.7,96.0,0.485208333333,0.0,0.0,0.0,0.0,0.0,2.0,2.0,0.0,50.0,3.9318256327243257,0.0,0.9,1.4,1.0,0.45,0.95,1.0,0.35,0.75,0.0,1.0,0.0,0.0,0.0,1.0,0.0,0.0,0.0,0.0,0.0,0.0,0.0,0.485208333333,0.112291666666,0.01734375,0.0,repair5g59_block_heavy_flow_guard,0.15,0.15,0.139761942375,-0.263157894737,0.117105263158,0.059210526316,-0.188157894737,0.001052631579,0.002631578947,-0.048684210526,0.032894736842,-0.026315789474,-0.0125,-0.1125,0.0,-0.00625,0.00625,0.0,-0.0375,0.0,0.0
maze-32-32-4|a50|s155|it0|14650fb0739d0383,maze-32-32-4,50,155,0,14650fb0739d0383,repair5g518_grid_c1p20_b1p15_f1p00_w0p70_dc0p95_df1p00_beta0p60_max0p75_c0,g518_retained,high_beta,g518_retained,1.18993586581,True,False,False,False,False,False,False,False,False,False,False,False,False,False,0.01677355698,0.03206709423,True,False,1.2,1.15,1.0,0.7,0.95,1.0,0.6,0.75,False,False,False,False,False,False,50.0,3.931825632724,0.0,5370.0,107.4,8.588769389905,0.0,1.0,0.0,0.0,0.0,0.0,4800.0,385.0,185.0,2329.0,2471.0,0.080208333333,0.038541666667,7.7,96.0,0.485208333333,0.0,0.0,0.0,0.0,0.0,2.0,2.0,0.0,50.0,3.9318256327243257,0.0,1.2,1.15,1.0,0.7,0.95,1.0,0.6,0.75,0.0,1.0,0.0,0.0,0.0,0.0,0.0,0.0,0.0,1.0,0.0,0.0,0.0,0.485208333333,0.092239583333,0.026979166667,0.0,repair5g59_high_beta_cap_safe,0.122474487139,0.122474487139,0.115535611769,0.036842105263,-0.132894736842,0.059210526316,0.061842105263,0.001052631579,0.002631578947,0.201315789474,0.032894736842,-0.026315789474,-0.020833333333,-0.091666666667,0.0,-0.020833333333,-0.0,0.004166666667,0.029166666667,0.0,0.0
maze-32-32-4|a50|s155|it0|14650fb0739d0383,maze-32-32-4,50,155,0,14650fb0739d0383,repair5g518_grid_c0p90_b1p65_f1p00_w0p45_dc0p95_df1p00_beta0p35_max0p75_c0,g518_retained,block_heavy,g518_retained,1.1850024667,True,False,False,False,False,False,False,False,False,False,False,False,False,False,0.01184015787,0.02713369512,True,False,0.9,1.65,1.0,0.45,0.95,1.0,0.35,0.75,False,False,False,False,False,False,50.0,3.931825632724,0.0,5370.0,107.4,8.588769389905,0.0,1.0,0.0,0.0,0.0,0.0,4800.0,385.0,185.0,2329.0,2471.0,0.080208333333,0.038541666667,7.7,96.0,0.485208333333,0.0,0.0,0.0,0.0,0.0,2.0,2.0,0.0,50.0,3.9318256327243257,0.0,0.9,1.65,1.0,0.45,0.95,1.0,0.35,0.75,0.0,1.0,0.0,0.0,0.0,1.0,0.0,0.0,0.0,0.0,0.0,0.0,0.0,0.485208333333,0.132343749999,0.01734375,0.0,repair5g59_block_heavy_flow_guard,0.187082869339,0.187082869339,0.171498927292,-0.263157894737,0.367105263158,0.059210526316,-0.188157894737,0.001052631579,0.002631578947,-0.048684210526,0.032894736842,-0.026315789474,-0.0125,0.1375,0.0,-0.00625,0.00625,0.0,-0.0375,0.0,0.0
maze-32-32-4|a50|s155|it0|14650fb0739d0383,maze-32-32-4,50,155,0,14650fb0739d0383,repair5g518_grid_c1p20_b1p15_f1p00_w0p70_dc0p95_df1p00_beta0p55_max0p75_c0,g518_retained,high_beta,g518_retained,1.17069560927,True,False,False,False,False,False,False,False,False,False,False,False,False,False,-0.00246669956,0.01282683769,False,False,1.2,1.15,1.0,0.7,0.95,1.0,0.55,0.75,False,False,False,False,False,False,50.0,3.931825632724,0.0,5370.0,107.4,8.588769389905,0.0,1.0,0.0,0.0,0.0,0.0,4800.0,385.0,185.0,2329.0,2471.0,0.080208333333,0.038541666667,7.7,96.0,0.485208333333,0.0,0.0,0.0,0.0,0.0,2.0,2.0,0.0,50.0,3.9318256327243257,0.0,1.2,1.15,1.0,0.7,0.95,1.0,0.55,0.75,0.0,1.0,0.0,0.0,0.0,0.0,0.0,0.0,0.0,1.0,0.0,0.0,0.0,0.485208333333,0.092239583333,0.026979166667,0.0,repair5g59_high_beta_cap_safe,0.132287565553,0.132287565553,0.124239980694,0.036842105263,-0.132894736842,0.059210526316,0.061842105263,0.001052631579,0.002631578947,0.151315789474,0.032894736842,-0.026315789474,-0.020833333333,-0.091666666667,0.0,-0.020833333333,-0.0,0.004166666667,-0.020833333333,0.0,0.0
maze-32-32-4|a50|s155|it0|14650fb0739d0383,maze-32-32-4,50,155,0,14650fb0739d0383,repair5g521_grid_c0p90_b1p50_f1p00_w0p45_dc0p95_df1p00_beta0p45_max0p75_c0,g521_second_wave,block_heavy,g521_second_wave,1.17858904785,True,False,False,False,False,False,False,False,False,False,False,False,False,False,0.00542673902,0.02072027627,True,False,0.9,1.5,1.0,0.45,0.95,1.0,0.45,0.75,False,False,False,False,False,False,50.0,3.931825632724,0.0,5370.0,107.4,8.588769389905,0.0,1.0,0.0,0.0,0.0,0.0,4800.0,385.0,185.0,2329.0,2471.0,0.080208333333,0.038541666667,7.7,96.0,0.485208333333,0.0,0.0,0.0,0.0,0.0,2.0,2.0,0.0,50.0,3.9318256327243257,0.0,0.9,1.5,1.0,0.45,0.95,1.0,0.45,0.75,0.0,0.0,1.0,0.0,0.0,1.0,0.0,0.0,0.0,0.0,0.0,0.0,0.0,0.485208333333,0.120312499999,0.01734375,0.0,repair5g59_block_heavy_flow_guard,0.15,0.15,0.139761942375,-0.263157894737,0.217105263158,0.059210526316,-0.188157894737,0.001052631579,0.002631578947,0.051315789474,0.032894736842,-0.026315789474,-0.0125,-0.0125,0.0,-0.00625,0.00625,0.0,0.0625,0.0,0.0
maze-32-32-4|a50|s155|it0|14650fb0739d0383,maze-32-32-4,50,155,0,14650fb0739d0383,repair5g521_grid_c0p90_b1p40_f1p00_w0p45_dc0p95_df1p00_beta0p35_max0p75_c0,g521_second_wave,block_heavy,g521_second_wave,1.18648248643,True,False,False,False,False,False,False,False,False,False,False,False,False,False,0.0133201776,0.02861371485,True,False,0.9,1.4,1.0,0.45,0.95,1.0,0.35,0.75,False,False,False,False,False,False,50.0,3.931825632724,0.0,5370.0,107.4,8.588769389905,0.0,1.0,0.0,0.0,0.0,0.0,4800.0,385.0,185.0,2329.0,2471.0,0.080208333333,0.038541666667,7.7,96.0,0.485208333333,0.0,0.0,0.0,0.0,0.0,2.0,2.0,0.0,50.0,3.9318256327243257,0.0,0.9,1.4,1.0,0.45,0.95,1.0,0.35,0.75,0.0,0.0,1.0,0.0,0.0,1.0,0.0,0.0,0.0,0.0,0.0,0.0,0.0,0.485208333333,0.112291666666,0.01734375,0.0,repair5g59_block_heavy_flow_guard,0.15,0.15,0.139761942375,-0.263157894737,0.117105263158,0.059210526316,-0.188157894737,0.001052631579,0.002631578947,-0.048684210526,0.032894736842,-0.026315789474,-0.0125,-0.1125,0.0,-0.00625,0.00625,0.0,-0.0375,0.0,0.0
maze-32-32-4|a50|s155|it0|14650fb0739d0383,maze-32-32-4,50,155,0,14650fb0739d0383,repair5g521_grid_c0p90_b1p65_f1p00_w0p45_dc0p95_df1p00_beta0p35_max0p75_c0,g521_second_wave,block_heavy,g521_second_wave,1.1850024667,True,False,False,False,False,False,False,False,False,False,False,False,False,False,0.01184015787,0.02713369512,True,False,0.9,1.65,1.0,0.45,0.95,1.0,0.35,0.75,False,False,False,False,False,False,50.0,3.931825632724,0.0,5370.0,107.4,8.588769389905,0.0,1.0,0.0,0.0,0.0,0.0,4800.0,385.0,185.0,2329.0,2471.0,0.080208333333,0.038541666667,7.7,96.0,0.485208333333,0.0,0.0,0.0,0.0,0.0,2.0,2.0,0.0,50.0,3.9318256327243257,0.0,0.9,1.65,1.0,0.45,0.95,1.0,0.35,0.75,0.0,0.0,1.0,0.0,0.0,1.0,0.0,0.0,0.0,0.0,0.0,0.0,0.0,0.485208333333,0.132343749999,0.01734375,0.0,repair5g59_block_heavy_flow_guard,0.187082869339,0.187082869339,0.171498927292,-0.263157894737,0.367105263158,0.059210526316,-0.188157894737,0.001052631579,0.002631578947,-0.048684210526,0.032894736842,-0.026315789474,-0.0125,0.1375,0.0,-0.00625,0.00625,0.0,-0.0375,0.0,0.0
maze-32-32-4|a50|s155|it0|14650fb0739d0383,maze-32-32-4,50,155,0,14650fb0739d0383,repair5g521_grid_c0p90_b1p50_f1p00_w0p45_dc0p90_df1p00_beta0p45_max0p75_c0,g521_second_wave,block_heavy,g521_second_wave,1.17858904785,True,False,False,False,False,False,False,False,False,False,False,False,False,False,0.00542673902,0.02072027627,True,False,0.9,1.5,1.0,0.45,0.9,1.0,0.45,0.75,False,False,False,False,False,False,50.0,3.931825632724,0.0,5370.0,107.4,8.588769389905,0.0,1.0,0.0,0.0,0.0,0.0,4800.0,385.0,185.0,2329.0,2471.0,0.080208333333,0.038541666667,7.7,96.0,0.485208333333,0.0,0.0,0.0,0.0,0.0,2.0,2.0,0.0,50.0,3.9318256327243257,0.0,0.9,1.5,1.0,0.45,0.9,1.0,0.45,0.75,0.0,0.0,1.0,0.0,0.0,1.0,0.0,0.0,0.0,0.0,0.0,0.0,0.0,0.485208333333,0.120312499999,0.01734375,0.0,repair5g59_block_heavy_flow_guard,0.158113883008,0.158113883008,0.146792718882,-0.263157894737,0.217105263158,0.059210526316,-0.188157894737,-0.048947368421,0.002631578947,0.051315789474,0.032894736842,-0.026315789474,-0.0125,-0.0125,0.0,-0.00625,-0.04375,0.0,0.0625,0.0,0.0
maze-32-32-4|a50|s155|it0|14650fb0739d0383,maze-32-32-4,50,155,0,14650fb0739d0383,repair5g521_grid_c1p20_b1p35_f1p00_w0p70_dc0p95_df1p00_beta0p60_max0p75_c0,g521_second_wave,high_beta,g521_second_wave,1.18006906759,True,False,False,False,False,False,False,False,False,False,False,False,False,False,0.00690675876,0.02220029601,True,False,1.2,1.35,1.0,0.7,0.95,1.0,0.6,0.75,False,False,False,False,False,False,50.0,3.931825632724,0.0,5370.0,107.4,8.588769389905,0.0,1.0,0.0,0.0,0.0,0.0,4800.0,385.0,185.0,2329.0,2471.0,0.080208333333,0.038541666667,7.7,96.0,0.485208333333,0.0,0.0,0.0,0.0,0.0,2.0,2.0,0.0,50.0,3.9318256327243257,0.0,1.2,1.35,1.0,0.7,0.95,1.0,0.6,0.75,0.0,0.0,1.0,0.0,0.0,0.0,0.0,0.0,0.0,1.0,0.0,0.0,0.0,0.485208333333,0.10828125,0.026979166667,0.0,repair5g59_high_beta_cap_safe,0.122474487139,0.122474487139,0.115535611769,0.036842105263,0.067105263158,0.059210526316,0.061842105263,0.001052631579,0.002631578947,0.201315789474,0.032894736842,-0.026315789474,-0.020833333333,0.108333333333,0.0,-0.020833333333,-0.0,0.004166666667,0.029166666667,0.0,0.0
maze-32-32-4|a50|s155|it0|14650fb0739d0383,maze-32-32-4,50,155,0,14650fb0739d0383,repair5g521_grid_c1p20_b1p15_f1p00_w0p70_dc0p95_df1p00_beta0p60_max0p75_c0,g521_second_wave,high_beta,g521_second_wave,1.18993586581,True,False,False,False,False,False,False,False,False,False,False,False,False,False,0.01677355698,0.03206709423,True,False,1.2,1.15,1.0,0.7,0.95,1.0,0.6,0.75,False,False,False,False,False,False,50.0,3.931825632724,0.0,5370.0,107.4,8.588769389905,0.0,1.0,0.0,0.0,0.0,0.0,4800.0,385.0,185.0,2329.0,2471.0,0.080208333333,0.038541666667,7.7,96.0,0.485208333333,0.0,0.0,0.0,0.0,0.0,2.0,2.0,0.0,50.0,3.9318256327243257,0.0,1.2,1.15,1.0,0.7,0.95,1.0,0.6,0.75,0.0,0.0,1.0,0.0,0.0,0.0,0.0,0.0,0.0,1.0,0.0,0.0,0.0,0.485208333333,0.092239583333,0.026979166667,0.0,repair5g59_high_beta_cap_safe,0.122474487139,0.122474487139,0.115535611769,0.036842105263,-0.132894736842,0.059210526316,0.061842105263,0.001052631579,0.002631578947,0.201315789474,0.032894736842,-0.026315789474,-0.020833333333,-0.091666666667,0.0,-0.020833333333,-0.0,0.004166666667,0.029166666667,0.0,0.0
maze-32-32-4|a50|s155|it0|14650fb0739d0383,maze-32-32-4,50,155,0,14650fb0739d0383,repair5g521_grid_c1p20_b1p15_f1p00_w0p70_dc0p95_df1p00_beta0p55_max0p75_c0,g521_second_wave,high_beta,g521_second_wave,1.17069560927,True,False,False,False,False,False,False,False,False,False,False,False,False,False,-0.00246669956,0.01282683769,False,False,1.2,1.15,1.0,0.7,0.95,1.0,0.55,0.75,False,False,False,False,False,False,50.0,3.931825632724,0.0,5370.0,107.4,8.588769389905,0.0,1.0,0.0,0.0,0.0,0.0,4800.0,385.0,185.0,2329.0,2471.0,0.080208333333,0.038541666667,7.7,96.0,0.485208333333,0.0,0.0,0.0,0.0,0.0,2.0,2.0,0.0,50.0,3.9318256327243257,0.0,1.2,1.15,1.0,0.7,0.95,1.0,0.55,0.75,0.0,0.0,1.0,0.0,0.0,0.0,0.0,0.0,0.0,1.0,0.0,0.0,0.0,0.485208333333,0.092239583333,0.026979166667,0.0,repair5g59_high_beta_cap_safe,0.132287565553,0.132287565553,0.124239980694,0.036842105263,-0.132894736842,0.059210526316,0.061842105263,0.001052631579,0.002631578947,0.151315789474,0.032894736842,-0.026315789474,-0.020833333333,-0.091666666667,0.0,-0.020833333333,-0.0,0.004166666667,-0.020833333333,0.0,0.0
maze-32-32-4|a50|s155|it0|14650fb0739d0383,maze-32-32-4,50,155,0,14650fb0739d0383,repair5g521_grid_c1p20_b1p35_f1p00_w0p70_dc0p95_df1p00_beta0p55_max0p75_c0,g521_second_wave,high_beta,g521_second_wave,1.17217562901,True,False,False,False,False,False,False,False,False,False,False,False,False,False,-0.00098667982,0.01430685743,False,False,1.2,1.35,1.0,0.7,0.95,1.0,0.55,0.75,False,False,False,False,False,False,50.0,3.931825632724,0.0,5370.0,107.4,8.588769389905,0.0,1.0,0.0,0.0,0.0,0.0,4800.0,385.0,185.0,2329.0,2471.0,0.080208333333,0.038541666667,7.7,96.0,0.485208333333,0.0,0.0,0.0,0.0,0.0,2.0,2.0,0.0,50.0,3.9318256327243257,0.0,1.2,1.35,1.0,0.7,0.95,1.0,0.55,0.75,0.0,0.0,1.0,0.0,0.0,0.0,0.0,0.0,0.0,1.0,0.0,0.0,0.0,0.485208333333,0.10828125,0.026979166667,0.0,repair5g59_high_beta_cap_safe,0.132287565553,0.132287565553,0.124239980694,0.036842105263,0.067105263158,0.059210526316,0.061842105263,0.001052631579,0.002631578947,0.151315789474,0.032894736842,-0.026315789474,-0.020833333333,0.108333333333,0.0,-0.020833333333,-0.0,0.004166666667,-0.020833333333,0.0,0.0
maze-32-32-4|a50|s155|it0|14650fb0739d0383,maze-32-32-4,50,155,0,14650fb0739d0383,repair5g521_grid_c1p25_b1p25_f1p00_w0p50_dc0p95_df1p00_beta0p35_max0p75_c0,g521_second_wave,wait_conservative,g521_second_wave,1.15786877158,True,False,True,False,False,False,False,False,True,False,False,False,False,True,-0.01529353725,0.0,False,False,1.25,1.25,1.0,0.5,0.95,1.0,0.35,0.75,False,False,False,False,False,False,50.0,3.931825632724,0.0,5370.0,107.4,8.588769389905,0.0,1.0,0.0,0.0,0.0,0.0,4800.0,385.0,185.0,2329.0,2471.0,0.080208333333,0.038541666667,7.7,96.0,0.485208333333,0.0,0.0,0.0,0.0,0.0,2.0,2.0,0.0,50.0,3.9318256327243257,0.0,1.25,1.25,1.0,0.5,0.95,1.0,0.35,0.75,0.0,0.0,1.0,0.0,0.0,0.0,0.0,0.0,0.0,0.0,0.0,0.0,1.0,0.485208333333,0.100260416666,0.019270833333,0.0,repair5g59_wait_conservative,0.0,0.0,0.0,0.086842105263,-0.032894736842,0.059210526316,-0.138157894737,0.001052631579,0.002631578947,-0.048684210526,0.032894736842,-0.026315789474,0.0,0.0,0.0,0.042857142857,0.007142857143,0.0,0.021428571429,0.0,0.0
maze-32-32-4|a50|s155|it0|14650fb0739d0383,maze-32-32-4,50,155,0,14650fb0739d0383,repair5g521_grid_c1p25_b1p25_f1p00_w0p35_dc0p95_df1p00_beta0p30_max0p75_c0,g521_second_wave,wait_conservative,g521_second_wave,1.17118894919,True,False,False,False,False,False,False,False,False,False,False,False,False,False,-0.00197335964,0.01332017761,False,False,1.25,1.25,1.0,0.35,0.95,1.0,0.3,0.75,False,False,False,False,False,False,50.0,3.931825632724,0.0,5370.0,107.4,8.588769389905,0.0,1.0,0.0,0.0,0.0,0.0,4800.0,385.0,185.0,2329.0,2471.0,0.080208333333,0.038541666667,7.7,96.0,0.485208333333,0.0,0.0,0.0,0.0,0.0,2.0,2.0,0.0,50.0,3.9318256327243257,0.0,1.25,1.25,1.0,0.35,0.95,1.0,0.3,0.75,0.0,0.0,1.0,0.0,0.0,0.0,0.0,0.0,0.0,0.0,0.0,0.0,1.0,0.485208333333,0.100260416666,0.013489583333,0.0,repair5g59_wait_conservative,0.158113883008,0.158113883008,0.146792718882,0.086842105263,-0.032894736842,0.059210526316,-0.288157894737,0.001052631579,0.002631578947,-0.098684210526,0.032894736842,-0.026315789474,0.0,0.0,0.0,-0.107142857143,0.007142857143,0.0,-0.028571428571,0.0,0.0
maze-32-32-4|a50|s155|it0|14650fb0739d0383,maze-32-32-4,50,155,0,14650fb0739d0383,repair5g521_grid_c1p25_b1p25_f1p00_w0p50_dc0p90_df1p00_beta0p35_max0p75_c0,g521_second_wave,wait_conservative,g521_second_wave,1.15786877158,True,False,True,False,False,False,False,False,True,False,False,False,False,True,-0.01529353725,0.0,False,False,1.25,1.25,1.0,0.5,0.9,1.0,0.35,0.75,False,False,False,False,False,False,50.0,3.931825632724,0.0,5370.0,107.4,8.588769389905,0.0,1.0,0.0,0.0,0.0,0.0,4800.0,385.0,185.0,2329.0,2471.0,0.080208333333,0.038541666667,7.7,96.0,0.485208333333,0.0,0.0,0.0,0.0,0.0,2.0,2.0,0.0,50.0,3.9318256327243257,0.0,1.25,1.25,1.0,0.5,0.9,1.0,0.35,0.75,0.0,0.0,1.0,0.0,0.0,0.0,0.0,0.0,0.0,0.0,0.0,0.0,1.0,0.485208333333,0.100260416666,0.019270833333,0.0,repair5g59_wait_conservative,0.05,0.05,0.048790164169,0.086842105263,-0.032894736842,0.059210526316,-0.138157894737,-0.048947368421,0.002631578947,-0.048684210526,0.032894736842,-0.026315789474,0.0,0.0,0.0,0.042857142857,-0.042857142857,0.0,0.021428571429,0.0,0.0
maze-32-32-4|a50|s155|it0|14650fb0739d0383,maze-32-32-4,50,155,0,14650fb0739d0383,repair5g521_grid_c1p25_b1p25_f1p00_w0p50_dc0p95_df1p00_beta0p30_max0p75_c0,g521_second_wave,wait_conservative,g521_second_wave,1.18796250617,True,False,False,False,False,False,False,False,False,False,False,False,False,False,0.01480019734,0.03009373459,True,False,1.25,1.25,1.0,0.5,0.95,1.0,0.3,0.75,False,False,False,False,False,False,50.0,3.931825632724,0.0,5370.0,107.4,8.588769389905,0.0,1.0,0.0,0.0,0.0,0.0,4800.0,385.0,185.0,2329.0,2471.0,0.080208333333,0.038541666667,7.7,96.0,0.485208333333,0.0,0.0,0.0,0.0,0.0,2.0,2.0,0.0,50.0,3.9318256327243257,0.0,1.25,1.25,1.0,0.5,0.95,1.0,0.3,0.75,0.0,0.0,1.0,0.0,0.0,0.0,0.0,0.0,0.0,0.0,0.0,0.0,1.0,0.485208333333,0.100260416666,0.019270833333,0.0,repair5g59_wait_conservative,0.05,0.05,0.048790164169,0.086842105263,-0.032894736842,0.059210526316,-0.138157894737,0.001052631579,0.002631578947,-0.098684210526,0.032894736842,-0.026315789474,0.0,0.0,0.0,0.042857142857,0.007142857143,0.0,-0.028571428571,0.0,0.0
maze-32-32-4|a50|s155|it0|14650fb0739d0383,maze-32-32-4,50,155,0,14650fb0739d0383,repair5g521_grid_c1p25_b1p25_f1p00_w0p75_dc0p95_df1p00_beta0p55_max0p75_c0,g521_second_wave,high_beta,g521_second_wave,1.15934879132,True,False,True,False,False,False,False,False,True,False,False,False,False,True,-0.01381351751,0.00148001974,False,False,1.25,1.25,1.0,0.75,0.95,1.0,0.55,0.75,False,False,False,False,False,False,50.0,3.931825632724,0.0,5370.0,107.4,8.588769389905,0.0,1.0,0.0,0.0,0.0,0.0,4800.0,385.0,185.0,2329.0,2471.0,0.080208333333,0.038541666667,7.7,96.0,0.485208333333,0.0,0.0,0.0,0.0,0.0,2.0,2.0,0.0,50.0,3.9318256327243257,0.0,1.25,1.25,1.0,0.75,0.95,1.0,0.55,0.75,0.0,0.0,1.0,0.0,0.0,0.0,0.0,0.0,0.0,1.0,0.0,0.0,0.0,0.485208333333,0.100260416666,0.02890625,0.0,repair5g59_high_beta_cap_safe,0.05,0.05,0.048790164169,0.086842105263,-0.032894736842,0.059210526316,0.111842105263,0.001052631579,0.002631578947,0.151315789474,0.032894736842,-0.026315789474,0.029166666667,0.008333333333,0.0,0.029166666667,-0.0,0.004166666667,-0.020833333333,0.0,0.0
maze-32-32-4|a50|s155|it0|14650fb0739d0383,maze-32-32-4,50,155,0,14650fb0739d0383,repair5g521_grid_c1p25_b1p25_f1p00_w0p75_dc0p90_df1p00_beta0p55_max0p75_c0,g521_second_wave,high_beta,g521_second_wave,1.15934879132,True,False,True,False,False,False,False,False,True,False,False,False,False,True,-0.01381351751,0.00148001974,False,False,1.25,1.25,1.0,0.75,0.9,1.0,0.55,0.75,False,False,False,False,False,False,50.0,3.931825632724,0.0,5370.0,107.4,8.588769389905,0.0,1.0,0.0,0.0,0.0,0.0,4800.0,385.0,185.0,2329.0,2471.0,0.080208333333,0.038541666667,7.7,96.0,0.485208333333,0.0,0.0,0.0,0.0,0.0,2.0,2.0,0.0,50.0,3.9318256327243257,0.0,1.25,1.25,1.0,0.75,0.9,1.0,0.55,0.75,0.0,0.0,1.0,0.0,0.0,0.0,0.0,0.0,0.0,1.0,0.0,0.0,0.0,0.485208333333,0.100260416666,0.02890625,0.0,repair5g59_high_beta_cap_safe,0.070710678119,0.070710678119,0.068322613158,0.086842105263,-0.032894736842,0.059210526316,0.111842105263,-0.048947368421,0.002631578947,0.151315789474,0.032894736842,-0.026315789474,0.029166666667,0.008333333333,0.0,0.029166666667,-0.05,0.004166666667,-0.020833333333,0.0,0.0
maze-32-32-4|a50|s155|it0|14650fb0739d0383,maze-32-32-4,50,155,0,14650fb0739d0383,repair5g521_grid_c1p25_b1p25_f1p00_w0p75_dc0p95_df0p95_beta0p55_max0p75_c0,g521_second_wave,high_beta,g521_second_wave,1.15934879132,True,False,True,False,False,False,False,False,True,False,False,False,False,True,-0.01381351751,0.00148001974,False,False,1.25,1.25,1.0,0.75,0.95,0.95,0.55,0.75,False,False,False,False,False,False,50.0,3.931825632724,0.0,5370.0,107.4,8.588769389905,0.0,1.0,0.0,0.0,0.0,0.0,4800.0,385.0,185.0,2329.0,2471.0,0.080208333333,0.038541666667,7.7,96.0,0.485208333333,0.0,0.0,0.0,0.0,0.0,2.0,2.0,0.0,50.0,3.9318256327243257,0.0,1.25,1.25,1.0,0.75,0.95,0.95,0.55,0.75,0.0,0.0,1.0,0.0,0.0,0.0,0.0,0.0,0.0,1.0,0.0,0.0,0.0,0.485208333333,0.100260416666,0.02890625,0.0,repair5g59_high_beta_cap_safe,0.070710678119,0.070710678119,0.068322613158,0.086842105263,-0.032894736842,0.059210526316,0.111842105263,0.001052631579,-0.047368421053,0.151315789474,0.032894736842,-0.026315789474,0.029166666667,0.008333333333,0.0,0.029166666667,-0.0,-0.045833333333,-0.020833333333,0.0,0.0
maze-32-32-4|a50|s155|it0|14650fb0739d0383,maze-32-32-4,50,155,0,14650fb0739d0383,repair5g521_grid_c1p25_b1p25_f1p00_w0p75_dc1p00_df1p00_beta0p55_max0p75_c0,g521_second_wave,high_beta,g521_second_wave,1.15934879132,True,False,True,False,False,False,False,False,True,False,False,False,False,True,-0.01381351751,0.00148001974,False,False,1.25,1.25,1.0,0.75,1.0,1.0,0.55,0.75,False,False,False,False,False,False,50.0,3.931825632724,0.0,5370.0,107.4,8.588769389905,0.0,1.0,0.0,0.0,0.0,0.0,4800.0,385.0,185.0,2329.0,2471.0,0.080208333333,0.038541666667,7.7,96.0,0.485208333333,0.0,0.0,0.0,0.0,0.0,2.0,2.0,0.0,50.0,3.9318256327243257,0.0,1.25,1.25,1.0,0.75,1.0,1.0,0.55,0.75,0.0,0.0,1.0,0.0,0.0,0.0,0.0,0.0,0.0,1.0,0.0,0.0,0.0,0.485208333333,0.100260416666,0.02890625,0.0,repair5g59_high_beta_cap_safe,0.070710678119,0.070710678119,0.068322613158,0.086842105263,-0.032894736842,0.059210526316,0.111842105263,0.051052631579,0.002631578947,0.151315789474,0.032894736842,-0.026315789474,0.029166666667,0.008333333333,0.0,0.029166666667,0.05,0.004166666667,-0.020833333333,0.0,0.0
random-32-32-20|a100|s147|it0|14650fb0739d0383,random-32-32-20,100,147,0,14650fb0739d0383,repair5g59_additive_fallback,old14,additive,old14,1.39749328559,True,False,False,False,False,False,False,False,False,False,False,False,False,False,0.13965980305,0.13965980305,True,False,,,,,,,,,,False,False,False,False,False,100.0,4.615120516841,0.0,7219.0,72.19,8.884610231887,0.0,0.0,1.0,0.0,0.0,0.0,6400.0,562.0,257.0,2680.0,3720.0,0.0878125,0.04015625,5.62,64.0,0.41875,0.0,0.0,0.0,0.0,0.0,2.0,2.0,0.0,100.0,4.61512051684126,0.0,1.0,1.0,0.0,1.0,1.0,1.0,0.0,0.0,0.0,0.0,0.0,1.0,1.0,0.0,0.0,0.0,0.0,0.0,0.0,0.0,0.0,0.0,0.0878125,0.04015625,0.0,,,,0.0,-0.163157894737,-0.282894736842,-0.940789473684,0.361842105263,0.051052631579,0.002631578947,-0.398684210526,-0.717105263158,-0.026315789474,0.0,0.0,0.0,0.0,0.0,0.0,0.0,0.0,0.0
random-32-32-20|a100|s147|it0|14650fb0739d0383,random-32-32-20,100,147,0,14650fb0739d0383,repair5g59_block_heavy_flow_guard,old14,block_heavy,old14,1.28111011638,True,False,False,False,False,False,False,False,False,False,False,False,False,False,0.02327663384,0.02327663384,True,False,1.0,1.5,1.0,0.5,0.95,1.0,0.35,0.75,False,False,False,False,False,False,100.0,4.615120516841,0.0,7219.0,72.19,8.884610231887,0.0,0.0,1.0,0.0,0.0,0.0,6400.0,562.0,257.0,2680.0,3720.0,0.0878125,0.04015625,5.62,64.0,0.41875,0.0,0.0,0.0,0.0,0.0,2.0,2.0,0.0,100.0,4.61512051684126,0.0,1.0,1.5,1.0,0.5,0.95,1.0,0.35,0.75,0.0,0.0,0.0,1.0,0.0,1.0,0.0,0.0,0.0,0.0,0.0,0.0,0.0,0.41875,0.13171875,0.020078125,0.0,repair5g59_block_heavy_flow_guard,0.0,0.0,0.0,-0.163157894737,0.217105263158,0.059210526316,-0.138157894737,0.001052631579,0.002631578947,-0.048684210526,0.032894736842,-0.026315789474,0.0875,-0.0125,0.0,0.04375,0.00625,0.0,-0.0375,0.0,0.0
random-32-32-20|a100|s147|it0|14650fb0739d0383,random-32-32-20,100,147,0,14650fb0739d0383,repair5g59_c_only_f_disabled,old14,static_boundary_c_only,old14,1.40913160251,True,False,False,False,False,False,False,False,False,False,False,False,False,False,0.15129811997,0.15129811997,True,False,1.25,1.25,0.0,0.75,0.95,1.0,0.0,0.0,True,False,False,False,False,False,100.0,4.615120516841,0.0,7219.0,72.19,8.884610231887,0.0,0.0,1.0,0.0,0.0,0.0,6400.0,562.0,257.0,2680.0,3720.0,0.0878125,0.04015625,5.62,64.0,0.41875,0.0,0.0,0.0,0.0,0.0,2.0,2.0,0.0,100.0,4.61512051684126,0.0,1.25,1.25,0.0,0.75,0.95,1.0,0.0,0.0,1.0,0.0,0.0,1.0,0.0,0.0,0.0,0.0,0.0,0.0,0.0,1.0,0.0,0.0,0.109765625,0.0301171875,0.0,repair5g59_c_only_f_disabled,0.0,0.0,0.0,0.086842105263,-0.032894736842,-0.940789473684,0.111842105263,0.001052631579,0.002631578947,-0.398684210526,-0.717105263158,0.973684210526,0.0,0.0,0.0,0.0,0.0,0.0,0.0,0.0,0.0
random-32-32-20|a100|s147|it0|14650fb0739d0383,random-32-32-20,100,147,0,14650fb0739d0383,repair5g59_commit_heavy_flow_guard,old14,commit_heavy,old14,1.35183527305,True,False,False,False,False,False,False,False,False,False,False,False,False,False,0.09400179051,0.09400179051,True,False,1.5,1.0,1.0,0.75,0.95,1.0,0.35,0.75,False,False,False,False,False,False,100.0,4.615120516841,0.0,7219.0,72.19,8.884610231887,0.0,0.0,1.0,0.0,0.0,0.0,6400.0,562.0,257.0,2680.0,3720.0,0.0878125,0.04015625,5.62,64.0,0.41875,0.0,0.0,0.0,0.0,0.0,2.0,2.0,0.0,100.0,4.61512051684126,0.0,1.5,1.0,1.0,0.75,0.95,1.0,0.35,0.75,0.0,0.0,0.0,1.0,0.0,0.0,1.0,0.0,0.0,0.0,0.0,0.0,0.0,0.41875,0.0878125,0.0301171875,0.0,repair5g59_commit_heavy_flow_guard,0.0,0.0,0.0,0.336842105263,-0.282894736842,0.059210526316,0.111842105263,0.001052631579,0.002631578947,-0.048684210526,0.032894736842,-0.026315789474,0.0,0.0,0.0,0.0,0.0,0.0,0.0,0.0,0.0
random-32-32-20|a100|s147|it0|14650fb0739d0383,random-32-32-20,100,147,0,14650fb0739d0383,repair5g59_fast_decay_low_shield,old14,flow_decay,old14,1.31244404655,True,False,False,False,False,False,False,False,False,False,False,False,False,False,0.05461056401,0.05461056401,True,False,1.25,1.25,1.0,0.75,0.9,1.0,0.2,0.5,False,False,False,False,False,False,100.0,4.615120516841,0.0,7219.0,72.19,8.884610231887,0.0,0.0,1.0,0.0,0.0,0.0,6400.0,562.0,257.0,2680.0,3720.0,0.0878125,0.04015625,5.62,64.0,0.41875,0.0,0.0,0.0,0.0,0.0,2.0,2.0,0.0,100.0,4.61512051684126,0.0,1.25,1.25,1.0,0.75,0.9,1.0,0.2,0.5,0.0,0.0,0.0,1.0,0.0,0.0,0.0,1.0,0.0,0.0,0.0,0.0,0.0,0.41875,0.109765625,0.0301171875,0.0,repair5g59_fast_decay_low_shield,0.0,0.0,0.0,0.086842105263,-0.032894736842,0.059210526316,0.111842105263,-0.048947368421,0.002631578947,-0.198684210526,-0.217105263158,-0.026315789474,0.05,0.05,0.05,0.0,-0.052,0.01,-0.1,-0.3,0.0
random-32-32-20|a100|s147|it0|14650fb0739d0383,random-32-32-20,100,147,0,14650fb0739d0383,repair5g59_flow_decay,old14,flow_decay,old14,1.25783348254,True,False,False,False,False,False,False,False,False,False,False,False,False,False,0.0,0.0,False,False,1.25,1.25,1.0,0.75,0.95,0.95,0.35,0.75,False,False,False,False,False,False,100.0,4.615120516841,0.0,7219.0,72.19,8.884610231887,0.0,0.0,1.0,0.0,0.0,0.0,6400.0,562.0,257.0,2680.0,3720.0,0.0878125,0.04015625,5.62,64.0,0.41875,0.0,0.0,0.0,0.0,0.0,2.0,2.0,0.0,100.0,4.61512051684126,0.0,1.25,1.25,1.0,0.75,0.95,0.95,0.35,0.75,0.0,0.0,0.0,1.0,0.0,0.0,0.0,1.0,0.0,0.0,0.0,0.0,0.0,0.41875,0.109765625,0.0301171875,0.0,repair5g59_flow_decay,0.0,0.0,0.0,0.086842105263,-0.032894736842,0.059210526316,0.111842105263,0.001052631579,-0.047368421053,-0.048684210526,0.032894736842,-0.026315789474,0.05,0.05,0.05,0.0,-0.002,-0.04,0.05,-0.05,0.0
random-32-32-20|a100|s147|it0|14650fb0739d0383,random-32-32-20,100,147,0,14650fb0739d0383,repair5g59_high_beta_cap_safe,old14,high_beta,old14,1.28379588183,True,False,False,False,False,False,False,False,False,False,False,False,False,False,0.02596239929,0.02596239929,True,False,1.25,1.25,1.0,0.75,0.95,1.0,0.6,0.75,False,False,False,False,False,False,100.0,4.615120516841,0.0,7219.0,72.19,8.884610231887,0.0,0.0,1.0,0.0,0.0,0.0,6400.0,562.0,257.0,2680.0,3720.0,0.0878125,0.04015625,5.62,64.0,0.41875,0.0,0.0,0.0,0.0,0.0,2.0,2.0,0.0,100.0,4.61512051684126,0.0,1.25,1.25,1.0,0.75,0.95,1.0,0.6,0.75,0.0,0.0,0.0,1.0,0.0,0.0,0.0,0.0,0.0,1.0,0.0,0.0,0.0,0.41875,0.109765625,0.0301171875,0.0,repair5g59_high_beta_cap_safe,0.0,0.0,0.0,0.086842105263,-0.032894736842,0.059210526316,0.111842105263,0.001052631579,0.002631578947,0.201315789474,0.032894736842,-0.026315789474,0.029166666667,0.008333333333,0.0,0.029166666667,-0.0,0.004166666667,0.029166666667,0.0,0.0
random-32-32-20|a100|s147|it0|14650fb0739d0383,random-32-32-20,100,147,0,14650fb0739d0383,repair5g59_light_cong_light_flow,old14,flow_decay,old14,1.33930170098,True,False,False,False,False,False,False,False,False,False,False,False,False,False,0.08146821844,0.08146821844,True,False,1.0,1.0,0.75,0.75,0.98,1.0,0.25,0.5,False,False,False,False,False,False,100.0,4.615120516841,0.0,7219.0,72.19,8.884610231887,0.0,0.0,1.0,0.0,0.0,0.0,6400.0,562.0,257.0,2680.0,3720.0,0.0878125,0.04015625,5.62,64.0,0.41875,0.0,0.0,0.0,0.0,0.0,2.0,2.0,0.0,100.0,4.61512051684126,0.0,1.0,1.0,0.75,0.75,0.98,1.0,0.25,0.5,0.0,0.0,0.0,1.0,0.0,0.0,0.0,1.0,0.0,0.0,0.0,0.0,0.0,0.3140625,0.0878125,0.0301171875,0.0,repair5g59_light_cong_light_flow,0.0,0.0,0.0,-0.163157894737,-0.282894736842,-0.190789473684,0.111842105263,0.031052631579,0.002631578947,-0.148684210526,-0.217105263158,-0.026315789474,-0.2,-0.2,-0.2,0.0,0.028,0.01,-0.05,-0.3,0.0
random-32-32-20|a100|s147|it0|14650fb0739d0383,random-32-32-20,100,147,0,14650fb0739d0383,repair5g59_low_beta_high_cap,old14,flow_decay,old14,1.27126230976,True,False,False,False,False,False,False,False,False,False,False,False,False,False,0.01342882722,0.01342882722,True,False,1.25,1.25,1.0,0.75,0.95,1.0,0.2,1.25,False,False,False,False,False,False,100.0,4.615120516841,0.0,7219.0,72.19,8.884610231887,0.0,0.0,1.0,0.0,0.0,0.0,6400.0,562.0,257.0,2680.0,3720.0,0.0878125,0.04015625,5.62,64.0,0.41875,0.0,0.0,0.0,0.0,0.0,2.0,2.0,0.0,100.0,4.61512051684126,0.0,1.25,1.25,1.0,0.75,0.95,1.0,0.2,1.25,0.0,0.0,0.0,1.0,0.0,0.0,0.0,1.0,0.0,0.0,0.0,0.0,0.0,0.41875,0.109765625,0.0301171875,0.0,repair5g59_low_beta_high_cap,0.0,0.0,0.0,0.086842105263,-0.032894736842,0.059210526316,0.111842105263,0.001052631579,0.002631578947,-0.198684210526,0.532894736842,-0.026315789474,0.05,0.05,0.05,0.0,-0.002,0.01,-0.1,0.45,0.0
random-32-32-20|a100|s147|it0|14650fb0739d0383,random-32-32-20,100,147,0,14650fb0739d0383,repair5g59_slow_decay_high_shield,old14,flow_decay,old14,1.26991942704,True,False,False,False,False,False,False,False,False,False,False,False,False,False,0.0120859445,0.0120859445,True,False,1.25,1.25,1.0,0.75,0.98,1.0,0.5,1.0,False,False,False,False,False,False,100.0,4.615120516841,0.0,7219.0,72.19,8.884610231887,0.0,0.0,1.0,0.0,0.0,0.0,6400.0,562.0,257.0,2680.0,3720.0,0.0878125,0.04015625,5.62,64.0,0.41875,0.0,0.0,0.0,0.0,0.0,2.0,2.0,0.0,100.0,4.61512051684126,0.0,1.25,1.25,1.0,0.75,0.98,1.0,0.5,1.0,0.0,0.0,0.0,1.0,0.0,0.0,0.0,1.0,0.0,0.0,0.0,0.0,0.0,0.41875,0.109765625,0.0301171875,0.0,repair5g59_slow_decay_high_shield,0.0,0.0,0.0,0.086842105263,-0.032894736842,0.059210526316,0.111842105263,0.031052631579,0.002631578947,0.101315789474,0.282894736842,-0.026315789474,0.05,0.05,0.05,0.0,0.028,0.01,0.2,0.2,0.0
random-32-32-20|a100|s147|it0|14650fb0739d0383,random-32-32-20,100,147,0,14650fb0739d0383,repair5g59_static_abstain_candidate,old14,static,old14,1.25783348254,True,False,False,False,False,False,False,False,False,False,False,False,False,False,0.0,0.0,False,False,1.25,1.25,1.0,0.75,0.95,1.0,0.35,0.75,False,False,False,False,False,False,100.0,4.615120516841,0.0,7219.0,72.19,8.884610231887,0.0,0.0,1.0,0.0,0.0,0.0,6400.0,562.0,257.0,2680.0,3720.0,0.0878125,0.04015625,5.62,64.0,0.41875,0.0,0.0,0.0,0.0,0.0,2.0,2.0,0.0,100.0,4.61512051684126,0.0,1.25,1.25,1.0,0.75,0.95,1.0,0.35,0.75,0.0,0.0,0.0,1.0,0.0,0.0,0.0,0.0,0.0,0.0,1.0,0.0,0.0,0.41875,0.109765625,0.0301171875,0.0,repair5g59_static_abstain_candidate,0.0,0.0,0.0,0.086842105263,-0.032894736842,0.059210526316,0.111842105263,0.001052631579,0.002631578947,-0.048684210526,0.032894736842,-0.026315789474,0.0,0.0,0.0,0.0,0.0,0.0,0.0,0.0,0.0
random-32-32-20|a100|s147|it0|14650fb0739d0383,random-32-32-20,100,147,0,14650fb0739d0383,repair5g59_static_flow_shield,old14,static,old14,1.25783348254,True,False,False,False,False,False,False,False,False,False,False,False,False,False,0.0,0.0,False,False,1.25,1.25,1.0,0.75,0.95,1.0,0.35,0.75,False,False,False,False,False,False,100.0,4.615120516841,0.0,7219.0,72.19,8.884610231887,0.0,0.0,1.0,0.0,0.0,0.0,6400.0,562.0,257.0,2680.0,3720.0,0.0878125,0.04015625,5.62,64.0,0.41875,0.0,0.0,0.0,0.0,0.0,2.0,2.0,0.0,100.0,4.61512051684126,0.0,1.25,1.25,1.0,0.75,0.95,1.0,0.35,0.75,0.0,0.0,0.0,1.0,0.0,0.0,0.0,0.0,0.0,0.0,1.0,0.0,0.0,0.41875,0.109765625,0.0301171875,0.0,repair5g59_static_abstain_candidate,0.0,0.0,0.0,0.086842105263,-0.032894736842,0.059210526316,0.111842105263,0.001052631579,0.002631578947,-0.048684210526,0.032894736842,-0.026315789474,0.0,0.0,0.0,0.0,0.0,0.0,0.0,0.0,0.0
random-32-32-20|a100|s147|it0|14650fb0739d0383,random-32-32-20,100,147,0,14650fb0739d0383,repair5g59_wait_aggressive,old14,flow_shield,old14,1.30975828111,True,False,False,False,False,False,False,False,False,False,False,False,False,False,0.05192479857,0.05192479857,True,False,1.25,1.25,1.0,1.0,0.95,1.0,0.35,0.75,False,False,False,False,False,False,100.0,4.615120516841,0.0,7219.0,72.19,8.884610231887,0.0,0.0,1.0,0.0,0.0,0.0,6400.0,562.0,257.0,2680.0,3720.0,0.0878125,0.04015625,5.62,64.0,0.41875,0.0,0.0,0.0,0.0,0.0,2.0,2.0,0.0,100.0,4.61512051684126,0.0,1.25,1.25,1.0,1.0,0.95,1.0,0.35,0.75,0.0,0.0,0.0,1.0,0.0,0.0,0.0,0.0,1.0,0.0,0.0,0.0,0.0,0.41875,0.109765625,0.04015625,0.0,repair5g59_wait_aggressive,0.0,0.0,0.0,0.086842105263,-0.032894736842,0.059210526316,0.361842105263,0.001052631579,0.002631578947,-0.048684210526,0.032894736842,-0.026315789474,0.0,0.0,0.0,0.0,0.0,0.0,0.0,0.0,0.0
random-32-32-20|a100|s147|it0|14650fb0739d0383,random-32-32-20,100,147,0,14650fb0739d0383,repair5g59_wait_conservative,old14,wait_conservative,old14,1.27350044763,True,False,False,False,False,False,False,False,False,False,False,False,False,False,0.01566696509,0.01566696509,True,False,1.25,1.25,1.0,0.5,0.95,1.0,0.35,0.75,False,False,False,False,False,False,100.0,4.615120516841,0.0,7219.0,72.19,8.884610231887,0.0,0.0,1.0,0.0,0.0,0.0,6400.0,562.0,257.0,2680.0,3720.0,0.0878125,0.04015625,5.62,64.0,0.41875,0.0,0.0,0.0,0.0,0.0,2.0,2.0,0.0,100.0,4.61512051684126,0.0,1.25,1.25,1.0,0.5,0.95,1.0,0.35,0.75,0.0,0.0,0.0,1.0,0.0,0.0,0.0,0.0,0.0,0.0,0.0,0.0,1.0,0.41875,0.109765625,0.020078125,0.0,repair5g59_wait_conservative,0.0,0.0,0.0,0.086842105263,-0.032894736842,0.059210526316,-0.138157894737,0.001052631579,0.002631578947,-0.048684210526,0.032894736842,-0.026315789474,0.0,0.0,0.0,0.042857142857,0.007142857143,0.0,0.021428571429,0.0,0.0
random-32-32-20|a100|s147|it0|14650fb0739d0383,random-32-32-20,100,147,0,14650fb0739d0383,repair5g518_grid_c1p25_b1p25_f1p00_w0p50_dc0p95_df1p00_beta0p35_max0p75_c0,g518_retained,wait_conservative,g518_retained,1.27350044763,True,False,False,False,False,False,False,False,False,False,False,False,False,False,0.01566696509,0.01566696509,True,False,1.25,1.25,1.0,0.5,0.95,1.0,0.35,0.75,False,False,False,False,False,False,100.0,4.615120516841,0.0,7219.0,72.19,8.884610231887,0.0,0.0,1.0,0.0,0.0,0.0,6400.0,562.0,257.0,2680.0,3720.0,0.0878125,0.04015625,5.62,64.0,0.41875,0.0,0.0,0.0,0.0,0.0,2.0,2.0,0.0,100.0,4.61512051684126,0.0,1.25,1.25,1.0,0.5,0.95,1.0,0.35,0.75,0.0,1.0,0.0,0.0,0.0,0.0,0.0,0.0,0.0,0.0,0.0,0.0,1.0,0.41875,0.109765625,0.020078125,0.0,repair5g59_wait_conservative,0.0,0.0,0.0,0.086842105263,-0.032894736842,0.059210526316,-0.138157894737,0.001052631579,0.002631578947,-0.048684210526,0.032894736842,-0.026315789474,0.0,0.0,0.0,0.042857142857,0.007142857143,0.0,0.021428571429,0.0,0.0
random-32-32-20|a100|s147|it0|14650fb0739d0383,random-32-32-20,100,147,0,14650fb0739d0383,repair5g518_grid_c1p20_b1p35_f1p00_w0p70_dc0p95_df1p00_beta0p60_max0p75_c0,g518_retained,high_beta,g518_retained,1.29095792301,True,False,False,False,False,False,False,False,False,False,False,False,False,False,0.03312444047,0.03312444047,True,False,1.2,1.35,1.0,0.7,0.95,1.0,0.6,0.75,False,False,False,False,False,False,100.0,4.615120516841,0.0,7219.0,72.19,8.884610231887,0.0,0.0,1.0,0.0,0.0,0.0,6400.0,562.0,257.0,2680.0,3720.0,0.0878125,0.04015625,5.62,64.0,0.41875,0.0,0.0,0.0,0.0,0.0,2.0,2.0,0.0,100.0,4.61512051684126,0.0,1.2,1.35,1.0,0.7,0.95,1.0,0.6,0.75,0.0,1.0,0.0,0.0,0.0,0.0,0.0,0.0,0.0,1.0,0.0,0.0,0.0,0.41875,0.118546875,0.028109375,0.0,repair5g59_high_beta_cap_safe,0.122474487139,0.122474487139,0.115535611769,0.036842105263,0.067105263158,0.059210526316,0.061842105263,0.001052631579,0.002631578947,0.201315789474,0.032894736842,-0.026315789474,-0.020833333333,0.108333333333,0.0,-0.020833333333,-0.0,0.004166666667,0.029166666667,0.0,0.0
random-32-32-20|a100|s147|it0|14650fb0739d0383,random-32-32-20,100,147,0,14650fb0739d0383,repair5g518_grid_c0p90_b1p50_f1p00_w0p45_dc0p95_df1p00_beta0p45_max0p75_c0,g518_retained,block_heavy,g518_retained,1.30572963295,True,False,False,False,False,False,False,False,False,False,False,False,False,False,0.04789615041,0.04789615041,True,False,0.9,1.5,1.0,0.45,0.95,1.0,0.45,0.75,False,False,False,False,False,False,100.0,4.615120516841,0.0,7219.0,72.19,8.884610231887,0.0,0.0,1.0,0.0,0.0,0.0,6400.0,562.0,257.0,2680.0,3720.0,0.0878125,0.04015625,5.62,64.0,0.41875,0.0,0.0,0.0,0.0,0.0,2.0,2.0,0.0,100.0,4.61512051684126,0.0,0.9,1.5,1.0,0.45,0.95,1.0,0.45,0.75,0.0,1.0,0.0,0.0,0.0,1.0,0.0,0.0,0.0,0.0,0.0,0.0,0.0,0.41875,0.13171875,0.0180703125,0.0,repair5g59_block_heavy_flow_guard,0.15,0.15,0.139761942375,-0.263157894737,0.217105263158,0.059210526316,-0.188157894737,0.001052631579,0.002631578947,0.051315789474,0.032894736842,-0.026315789474,-0.0125,-0.0125,0.0,-0.00625,0.00625,0.0,0.0625,0.0,0.0
random-32-32-20|a100|s147|it0|14650fb0739d0383,random-32-32-20,100,147,0,14650fb0739d0383,repair5g518_grid_c1p25_b1p25_f1p00_w0p35_dc0p95_df1p00_beta0p30_max0p75_c0,g518_retained,wait_conservative,g518_retained,1.25022381379,True,False,True,True,True,False,False,True,True,True,True,False,False,False,-0.00760966875,-0.00760966875,False,False,1.25,1.25,1.0,0.35,0.95,1.0,0.3,0.75,False,False,False,False,False,False,100.0,4.615120516841,0.0,7219.0,72.19,8.884610231887,0.0,0.0,1.0,0.0,0.0,0.0,6400.0,562.0,257.0,2680.0,3720.0,0.0878125,0.04015625,5.62,64.0,0.41875,0.0,0.0,0.0,0.0,0.0,2.0,2.0,0.0,100.0,4.61512051684126,0.0,1.25,1.25,1.0,0.35,0.95,1.0,0.3,0.75,0.0,1.0,0.0,0.0,0.0,0.0,0.0,0.0,0.0,0.0,0.0,0.0,1.0,0.41875,0.109765625,0.0140546875,0.0,repair5g59_wait_conservative,0.158113883008,0.158113883008,0.146792718882,0.086842105263,-0.032894736842,0.059210526316,-0.288157894737,0.001052631579,0.002631578947,-0.098684210526,0.032894736842,-0.026315789474,0.0,0.0,0.0,-0.107142857143,0.007142857143,0.0,-0.028571428571,0.0,0.0
random-32-32-20|a100|s147|it0|14650fb0739d0383,random-32-32-20,100,147,0,14650fb0739d0383,repair5g518_grid_c0p90_b1p40_f1p00_w0p45_dc0p95_df1p00_beta0p35_max0p75_c0,g518_retained,block_heavy,g518_retained,1.29543419875,True,False,False,False,False,False,False,False,False,False,False,False,False,False,0.03760071621,0.03760071621,True,False,0.9,1.4,1.0,0.45,0.95,1.0,0.35,0.75,False,False,False,False,False,False,100.0,4.615120516841,0.0,7219.0,72.19,8.884610231887,0.0,0.0,1.0,0.0,0.0,0.0,6400.0,562.0,257.0,2680.0,3720.0,0.0878125,0.04015625,5.62,64.0,0.41875,0.0,0.0,0.0,0.0,0.0,2.0,2.0,0.0,100.0,4.61512051684126,0.0,0.9,1.4,1.0,0.45,0.95,1.0,0.35,0.75,0.0,1.0,0.0,0.0,0.0,1.0,0.0,0.0,0.0,0.0,0.0,0.0,0.0,0.41875,0.1229375,0.0180703125,0.0,repair5g59_block_heavy_flow_guard,0.15,0.15,0.139761942375,-0.263157894737,0.117105263158,0.059210526316,-0.188157894737,0.001052631579,0.002631578947,-0.048684210526,0.032894736842,-0.026315789474,-0.0125,-0.1125,0.0,-0.00625,0.00625,0.0,-0.0375,0.0,0.0
random-32-32-20|a100|s147|it0|14650fb0739d0383,random-32-32-20,100,147,0,14650fb0739d0383,repair5g518_grid_c1p20_b1p15_f1p00_w0p70_dc0p95_df1p00_beta0p60_max0p75_c0,g518_retained,high_beta,g518_retained,1.28916741271,True,False,False,False,False,False,False,False,False,False,False,False,False,False,0.03133393017,0.03133393017,True,False,1.2,1.15,1.0,0.7,0.95,1.0,0.6,0.75,False,False,False,False,False,False,100.0,4.615120516841,0.0,7219.0,72.19,8.884610231887,0.0,0.0,1.0,0.0,0.0,0.0,6400.0,562.0,257.0,2680.0,3720.0,0.0878125,0.04015625,5.62,64.0,0.41875,0.0,0.0,0.0,0.0,0.0,2.0,2.0,0.0,100.0,4.61512051684126,0.0,1.2,1.15,1.0,0.7,0.95,1.0,0.6,0.75,0.0,1.0,0.0,0.0,0.0,0.0,0.0,0.0,0.0,1.0,0.0,0.0,0.0,0.41875,0.100984375,0.028109375,0.0,repair5g59_high_beta_cap_safe,0.122474487139,0.122474487139,0.115535611769,0.036842105263,-0.132894736842,0.059210526316,0.061842105263,0.001052631579,0.002631578947,0.201315789474,0.032894736842,-0.026315789474,-0.020833333333,-0.091666666667,0.0,-0.020833333333,-0.0,0.004166666667,0.029166666667,0.0,0.0
random-32-32-20|a100|s147|it0|14650fb0739d0383,random-32-32-20,100,147,0,14650fb0739d0383,repair5g518_grid_c0p90_b1p65_f1p00_w0p45_dc0p95_df1p00_beta0p35_max0p75_c0,g518_retained,block_heavy,g518_retained,1.25470008953,True,False,False,False,False,False,False,False,False,False,False,False,False,False,-0.00313339301,-0.00313339301,False,False,0.9,1.65,1.0,0.45,0.95,1.0,0.35,0.75,False,False,False,False,False,False,100.0,4.615120516841,0.0,7219.0,72.19,8.884610231887,0.0,0.0,1.0,0.0,0.0,0.0,6400.0,562.0,257.0,2680.0,3720.0,0.0878125,0.04015625,5.62,64.0,0.41875,0.0,0.0,0.0,0.0,0.0,2.0,2.0,0.0,100.0,4.61512051684126,0.0,0.9,1.65,1.0,0.45,0.95,1.0,0.35,0.75,0.0,1.0,0.0,0.0,0.0,1.0,0.0,0.0,0.0,0.0,0.0,0.0,0.0,0.41875,0.144890625,0.0180703125,0.0,repair5g59_block_heavy_flow_guard,0.187082869339,0.187082869339,0.171498927292,-0.263157894737,0.367105263158,0.059210526316,-0.188157894737,0.001052631579,0.002631578947,-0.048684210526,0.032894736842,-0.026315789474,-0.0125,0.1375,0.0,-0.00625,0.00625,0.0,-0.0375,0.0,0.0
random-32-32-20|a100|s147|it0|14650fb0739d0383,random-32-32-20,100,147,0,14650fb0739d0383,repair5g518_grid_c1p20_b1p15_f1p00_w0p70_dc0p95_df1p00_beta0p55_max0p75_c0,g518_retained,high_beta,g518_retained,1.26902417189,True,False,False,False,False,False,False,False,False,False,False,False,False,False,0.01119068935,0.01119068935,True,False,1.2,1.15,1.0,0.7,0.95,1.0,0.55,0.75,False,False,False,False,False,False,100.0,4.615120516841,0.0,7219.0,72.19,8.884610231887,0.0,0.0,1.0,0.0,0.0,0.0,6400.0,562.0,257.0,2680.0,3720.0,0.0878125,0.04015625,5.62,64.0,0.41875,0.0,0.0,0.0,0.0,0.0,2.0,2.0,0.0,100.0,4.61512051684126,0.0,1.2,1.15,1.0,0.7,0.95,1.0,0.55,0.75,0.0,1.0,0.0,0.0,0.0,0.0,0.0,0.0,0.0,1.0,0.0,0.0,0.0,0.41875,0.100984375,0.028109375,0.0,repair5g59_high_beta_cap_safe,0.132287565553,0.132287565553,0.124239980694,0.036842105263,-0.132894736842,0.059210526316,0.061842105263,0.001052631579,0.002631578947,0.151315789474,0.032894736842,-0.026315789474,-0.020833333333,-0.091666666667,0.0,-0.020833333333,-0.0,0.004166666667,-0.020833333333,0.0,0.0
random-32-32-20|a100|s147|it0|14650fb0739d0383,random-32-32-20,100,147,0,14650fb0739d0383,repair5g521_grid_c0p90_b1p50_f1p00_w0p45_dc0p95_df1p00_beta0p45_max0p75_c0,g521_second_wave,block_heavy,g521_second_wave,1.30572963295,True,False,False,False,False,False,False,False,False,False,False,False,False,False,0.04789615041,0.04789615041,True,False,0.9,1.5,1.0,0.45,0.95,1.0,0.45,0.75,False,False,False,False,False,False,100.0,4.615120516841,0.0,7219.0,72.19,8.884610231887,0.0,0.0,1.0,0.0,0.0,0.0,6400.0,562.0,257.0,2680.0,3720.0,0.0878125,0.04015625,5.62,64.0,0.41875,0.0,0.0,0.0,0.0,0.0,2.0,2.0,0.0,100.0,4.61512051684126,0.0,0.9,1.5,1.0,0.45,0.95,1.0,0.45,0.75,0.0,0.0,1.0,0.0,0.0,1.0,0.0,0.0,0.0,0.0,0.0,0.0,0.0,0.41875,0.13171875,0.0180703125,0.0,repair5g59_block_heavy_flow_guard,0.15,0.15,0.139761942375,-0.263157894737,0.217105263158,0.059210526316,-0.188157894737,0.001052631579,0.002631578947,0.051315789474,0.032894736842,-0.026315789474,-0.0125,-0.0125,0.0,-0.00625,0.00625,0.0,0.0625,0.0,0.0
random-32-32-20|a100|s147|it0|14650fb0739d0383,random-32-32-20,100,147,0,14650fb0739d0383,repair5g521_grid_c0p90_b1p40_f1p00_w0p45_dc0p95_df1p00_beta0p35_max0p75_c0,g521_second_wave,block_heavy,g521_second_wave,1.29543419875,True,False,False,False,False,False,False,False,False,False,False,False,False,False,0.03760071621,0.03760071621,True,False,0.9,1.4,1.0,0.45,0.95,1.0,0.35,0.75,False,False,False,False,False,False,100.0,4.615120516841,0.0,7219.0,72.19,8.884610231887,0.0,0.0,1.0,0.0,0.0,0.0,6400.0,562.0,257.0,2680.0,3720.0,0.0878125,0.04015625,5.62,64.0,0.41875,0.0,0.0,0.0,0.0,0.0,2.0,2.0,0.0,100.0,4.61512051684126,0.0,0.9,1.4,1.0,0.45,0.95,1.0,0.35,0.75,0.0,0.0,1.0,0.0,0.0,1.0,0.0,0.0,0.0,0.0,0.0,0.0,0.0,0.41875,0.1229375,0.0180703125,0.0,repair5g59_block_heavy_flow_guard,0.15,0.15,0.139761942375,-0.263157894737,0.117105263158,0.059210526316,-0.188157894737,0.001052631579,0.002631578947,-0.048684210526,0.032894736842,-0.026315789474,-0.0125,-0.1125,0.0,-0.00625,0.00625,0.0,-0.0375,0.0,0.0
random-32-32-20|a100|s147|it0|14650fb0739d0383,random-32-32-20,100,147,0,14650fb0739d0383,repair5g521_grid_c0p90_b1p65_f1p00_w0p45_dc0p95_df1p00_beta0p35_max0p75_c0,g521_second_wave,block_heavy,g521_second_wave,1.25470008953,True,False,False,False,False,False,False,False,False,False,False,False,False,False,-0.00313339301,-0.00313339301,False,False,0.9,1.65,1.0,0.45,0.95,1.0,0.35,0.75,False,False,False,False,False,False,100.0,4.615120516841,0.0,7219.0,72.19,8.884610231887,0.0,0.0,1.0,0.0,0.0,0.0,6400.0,562.0,257.0,2680.0,3720.0,0.0878125,0.04015625,5.62,64.0,0.41875,0.0,0.0,0.0,0.0,0.0,2.0,2.0,0.0,100.0,4.61512051684126,0.0,0.9,1.65,1.0,0.45,0.95,1.0,0.35,0.75,0.0,0.0,1.0,0.0,0.0,1.0,0.0,0.0,0.0,0.0,0.0,0.0,0.0,0.41875,0.144890625,0.0180703125,0.0,repair5g59_block_heavy_flow_guard,0.187082869339,0.187082869339,0.171498927292,-0.263157894737,0.367105263158,0.059210526316,-0.188157894737,0.001052631579,0.002631578947,-0.048684210526,0.032894736842,-0.026315789474,-0.0125,0.1375,0.0,-0.00625,0.00625,0.0,-0.0375,0.0,0.0
random-32-32-20|a100|s147|it0|14650fb0739d0383,random-32-32-20,100,147,0,14650fb0739d0383,repair5g521_grid_c0p90_b1p50_f1p00_w0p45_dc0p90_df1p00_beta0p45_max0p75_c0,g521_second_wave,block_heavy,g521_second_wave,1.30572963295,True,False,False,False,False,False,False,False,False,False,False,False,False,False,0.04789615041,0.04789615041,True,False,0.9,1.5,1.0,0.45,0.9,1.0,0.45,0.75,False,False,False,False,False,False,100.0,4.615120516841,0.0,7219.0,72.19,8.884610231887,0.0,0.0,1.0,0.0,0.0,0.0,6400.0,562.0,257.0,2680.0,3720.0,0.0878125,0.04015625,5.62,64.0,0.41875,0.0,0.0,0.0,0.0,0.0,2.0,2.0,0.0,100.0,4.61512051684126,0.0,0.9,1.5,1.0,0.45,0.9,1.0,0.45,0.75,0.0,0.0,1.0,0.0,0.0,1.0,0.0,0.0,0.0,0.0,0.0,0.0,0.0,0.41875,0.13171875,0.0180703125,0.0,repair5g59_block_heavy_flow_guard,0.158113883008,0.158113883008,0.146792718882,-0.263157894737,0.217105263158,0.059210526316,-0.188157894737,-0.048947368421,0.002631578947,0.051315789474,0.032894736842,-0.026315789474,-0.0125,-0.0125,0.0,-0.00625,-0.04375,0.0,0.0625,0.0,0.0
random-32-32-20|a100|s147|it0|14650fb0739d0383,random-32-32-20,100,147,0,14650fb0739d0383,repair5g521_grid_c1p20_b1p35_f1p00_w0p70_dc0p95_df1p00_beta0p60_max0p75_c0,g521_second_wave,high_beta,g521_second_wave,1.29095792301,True,False,False,False,False,False,False,False,False,False,False,False,False,False,0.03312444047,0.03312444047,True,False,1.2,1.35,1.0,0.7,0.95,1.0,0.6,0.75,False,False,False,False,False,False,100.0,4.615120516841,0.0,7219.0,72.19,8.884610231887,0.0,0.0,1.0,0.0,0.0,0.0,6400.0,562.0,257.0,2680.0,3720.0,0.0878125,0.04015625,5.62,64.0,0.41875,0.0,0.0,0.0,0.0,0.0,2.0,2.0,0.0,100.0,4.61512051684126,0.0,1.2,1.35,1.0,0.7,0.95,1.0,0.6,0.75,0.0,0.0,1.0,0.0,0.0,0.0,0.0,0.0,0.0,1.0,0.0,0.0,0.0,0.41875,0.118546875,0.028109375,0.0,repair5g59_high_beta_cap_safe,0.122474487139,0.122474487139,0.115535611769,0.036842105263,0.067105263158,0.059210526316,0.061842105263,0.001052631579,0.002631578947,0.201315789474,0.032894736842,-0.026315789474,-0.020833333333,0.108333333333,0.0,-0.020833333333,-0.0,0.004166666667,0.029166666667,0.0,0.0
random-32-32-20|a100|s147|it0|14650fb0739d0383,random-32-32-20,100,147,0,14650fb0739d0383,repair5g521_grid_c1p20_b1p15_f1p00_w0p70_dc0p95_df1p00_beta0p60_max0p75_c0,g521_second_wave,high_beta,g521_second_wave,1.28916741271,False,True,False,False,False,True,False,False,False,False,False,False,True,False,0.03133393017,0.03133393017,True,True,1.2,1.15,1.0,0.7,0.95,1.0,0.6,0.75,False,False,False,False,False,False,100.0,4.615120516841,0.0,7219.0,72.19,8.884610231887,0.0,0.0,1.0,0.0,0.0,0.0,6400.0,562.0,257.0,2680.0,3720.0,0.0878125,0.04015625,5.62,64.0,0.41875,0.0,0.0,0.0,0.0,0.0,2.0,2.0,0.0,100.0,4.61512051684126,0.0,1.2,1.15,1.0,0.7,0.95,1.0,0.6,0.75,0.0,0.0,1.0,0.0,0.0,0.0,0.0,0.0,0.0,1.0,0.0,0.0,0.0,0.41875,0.100984375,0.028109375,0.0,repair5g59_high_beta_cap_safe,0.122474487139,0.122474487139,0.115535611769,0.036842105263,-0.132894736842,0.059210526316,0.061842105263,0.001052631579,0.002631578947,0.201315789474,0.032894736842,-0.026315789474,-0.020833333333,-0.091666666667,0.0,-0.020833333333,-0.0,0.004166666667,0.029166666667,0.0,0.0
random-32-32-20|a100|s147|it0|14650fb0739d0383,random-32-32-20,100,147,0,14650fb0739d0383,repair5g521_grid_c1p20_b1p15_f1p00_w0p70_dc0p95_df1p00_beta0p55_max0p75_c0,g521_second_wave,high_beta,g521_second_wave,1.26902417189,False,True,False,False,False,True,False,False,False,False,False,False,True,False,0.01119068935,0.01119068935,True,True,1.2,1.15,1.0,0.7,0.95,1.0,0.55,0.75,False,False,False,False,False,False,100.0,4.615120516841,0.0,7219.0,72.19,8.884610231887,0.0,0.0,1.0,0.0,0.0,0.0,6400.0,562.0,257.0,2680.0,3720.0,0.0878125,0.04015625,5.62,64.0,0.41875,0.0,0.0,0.0,0.0,0.0,2.0,2.0,0.0,100.0,4.61512051684126,0.0,1.2,1.15,1.0,0.7,0.95,1.0,0.55,0.75,0.0,0.0,1.0,0.0,0.0,0.0,0.0,0.0,0.0,1.0,0.0,0.0,0.0,0.41875,0.100984375,0.028109375,0.0,repair5g59_high_beta_cap_safe,0.132287565553,0.132287565553,0.124239980694,0.036842105263,-0.132894736842,0.059210526316,0.061842105263,0.001052631579,0.002631578947,0.151315789474,0.032894736842,-0.026315789474,-0.020833333333,-0.091666666667,0.0,-0.020833333333,-0.0,0.004166666667,-0.020833333333,0.0,0.0
random-32-32-20|a100|s147|it0|14650fb0739d0383,random-32-32-20,100,147,0,14650fb0739d0383,repair5g521_grid_c1p20_b1p35_f1p00_w0p70_dc0p95_df1p00_beta0p55_max0p75_c0,g521_second_wave,high_beta,g521_second_wave,1.29319606088,False,True,False,False,False,True,False,False,False,False,False,False,True,False,0.03536257834,0.03536257834,True,True,1.2,1.35,1.0,0.7,0.95,1.0,0.55,0.75,False,False,False,False,False,False,100.0,4.615120516841,0.0,7219.0,72.19,8.884610231887,0.0,0.0,1.0,0.0,0.0,0.0,6400.0,562.0,257.0,2680.0,3720.0,0.0878125,0.04015625,5.62,64.0,0.41875,0.0,0.0,0.0,0.0,0.0,2.0,2.0,0.0,100.0,4.61512051684126,0.0,1.2,1.35,1.0,0.7,0.95,1.0,0.55,0.75,0.0,0.0,1.0,0.0,0.0,0.0,0.0,0.0,0.0,1.0,0.0,0.0,0.0,0.41875,0.118546875,0.028109375,0.0,repair5g59_high_beta_cap_safe,0.132287565553,0.132287565553,0.124239980694,0.036842105263,0.067105263158,0.059210526316,0.061842105263,0.001052631579,0.002631578947,0.151315789474,0.032894736842,-0.026315789474,-0.020833333333,0.108333333333,0.0,-0.020833333333,-0.0,0.004166666667,-0.020833333333,0.0,0.0
random-32-32-20|a100|s147|it0|14650fb0739d0383,random-32-32-20,100,147,0,14650fb0739d0383,repair5g521_grid_c1p25_b1p25_f1p00_w0p50_dc0p95_df1p00_beta0p35_max0p75_c0,g521_second_wave,wait_conservative,g521_second_wave,1.27350044763,True,False,False,False,False,False,False,False,False,False,False,False,False,False,0.01566696509,0.01566696509,True,False,1.25,1.25,1.0,0.5,0.95,1.0,0.35,0.75,False,False,False,False,False,False,100.0,4.615120516841,0.0,7219.0,72.19,8.884610231887,0.0,0.0,1.0,0.0,0.0,0.0,6400.0,562.0,257.0,2680.0,3720.0,0.0878125,0.04015625,5.62,64.0,0.41875,0.0,0.0,0.0,0.0,0.0,2.0,2.0,0.0,100.0,4.61512051684126,0.0,1.25,1.25,1.0,0.5,0.95,1.0,0.35,0.75,0.0,0.0,1.0,0.0,0.0,0.0,0.0,0.0,0.0,0.0,0.0,0.0,1.0,0.41875,0.109765625,0.020078125,0.0,repair5g59_wait_conservative,0.0,0.0,0.0,0.086842105263,-0.032894736842,0.059210526316,-0.138157894737,0.001052631579,0.002631578947,-0.048684210526,0.032894736842,-0.026315789474,0.0,0.0,0.0,0.042857142857,0.007142857143,0.0,0.021428571429,0.0,0.0
random-32-32-20|a100|s147|it0|14650fb0739d0383,random-32-32-20,100,147,0,14650fb0739d0383,repair5g521_grid_c1p25_b1p25_f1p00_w0p35_dc0p95_df1p00_beta0p30_max0p75_c0,g521_second_wave,wait_conservative,g521_second_wave,1.25022381379,True,False,True,True,False,False,False,True,True,True,False,False,False,False,-0.00760966875,-0.00760966875,False,False,1.25,1.25,1.0,0.35,0.95,1.0,0.3,0.75,False,False,False,False,False,False,100.0,4.615120516841,0.0,7219.0,72.19,8.884610231887,0.0,0.0,1.0,0.0,0.0,0.0,6400.0,562.0,257.0,2680.0,3720.0,0.0878125,0.04015625,5.62,64.0,0.41875,0.0,0.0,0.0,0.0,0.0,2.0,2.0,0.0,100.0,4.61512051684126,0.0,1.25,1.25,1.0,0.35,0.95,1.0,0.3,0.75,0.0,0.0,1.0,0.0,0.0,0.0,0.0,0.0,0.0,0.0,0.0,0.0,1.0,0.41875,0.109765625,0.0140546875,0.0,repair5g59_wait_conservative,0.158113883008,0.158113883008,0.146792718882,0.086842105263,-0.032894736842,0.059210526316,-0.288157894737,0.001052631579,0.002631578947,-0.098684210526,0.032894736842,-0.026315789474,0.0,0.0,0.0,-0.107142857143,0.007142857143,0.0,-0.028571428571,0.0,0.0
random-32-32-20|a100|s147|it0|14650fb0739d0383,random-32-32-20,100,147,0,14650fb0739d0383,repair5g521_grid_c1p25_b1p25_f1p00_w0p50_dc0p90_df1p00_beta0p35_max0p75_c0,g521_second_wave,wait_conservative,g521_second_wave,1.27350044763,True,False,False,False,False,False,False,False,False,False,False,False,False,False,0.01566696509,0.01566696509,True,False,1.25,1.25,1.0,0.5,0.9,1.0,0.35,0.75,False,False,False,False,False,False,100.0,4.615120516841,0.0,7219.0,72.19,8.884610231887,0.0,0.0,1.0,0.0,0.0,0.0,6400.0,562.0,257.0,2680.0,3720.0,0.0878125,0.04015625,5.62,64.0,0.41875,0.0,0.0,0.0,0.0,0.0,2.0,2.0,0.0,100.0,4.61512051684126,0.0,1.25,1.25,1.0,0.5,0.9,1.0,0.35,0.75,0.0,0.0,1.0,0.0,0.0,0.0,0.0,0.0,0.0,0.0,0.0,0.0,1.0,0.41875,0.109765625,0.020078125,0.0,repair5g59_wait_conservative,0.05,0.05,0.048790164169,0.086842105263,-0.032894736842,0.059210526316,-0.138157894737,-0.048947368421,0.002631578947,-0.048684210526,0.032894736842,-0.026315789474,0.0,0.0,0.0,0.042857142857,-0.042857142857,0.0,0.021428571429,0.0,0.0
random-32-32-20|a100|s147|it0|14650fb0739d0383,random-32-32-20,100,147,0,14650fb0739d0383,repair5g521_grid_c1p25_b1p25_f1p00_w0p50_dc0p95_df1p00_beta0p30_max0p75_c0,g521_second_wave,wait_conservative,g521_second_wave,1.25693822739,True,False,False,False,False,False,False,False,False,False,False,False,False,False,-0.00089525515,-0.00089525515,False,False,1.25,1.25,1.0,0.5,0.95,1.0,0.3,0.75,False,False,False,False,False,False,100.0,4.615120516841,0.0,7219.0,72.19,8.884610231887,0.0,0.0,1.0,0.0,0.0,0.0,6400.0,562.0,257.0,2680.0,3720.0,0.0878125,0.04015625,5.62,64.0,0.41875,0.0,0.0,0.0,0.0,0.0,2.0,2.0,0.0,100.0,4.61512051684126,0.0,1.25,1.25,1.0,0.5,0.95,1.0,0.3,0.75,0.0,0.0,1.0,0.0,0.0,0.0,0.0,0.0,0.0,0.0,0.0,0.0,1.0,0.41875,0.109765625,0.020078125,0.0,repair5g59_wait_conservative,0.05,0.05,0.048790164169,0.086842105263,-0.032894736842,0.059210526316,-0.138157894737,0.001052631579,0.002631578947,-0.098684210526,0.032894736842,-0.026315789474,0.0,0.0,0.0,0.042857142857,0.007142857143,0.0,-0.028571428571,0.0,0.0
random-32-32-20|a100|s147|it0|14650fb0739d0383,random-32-32-20,100,147,0,14650fb0739d0383,repair5g521_grid_c1p25_b1p25_f1p00_w0p75_dc0p95_df1p00_beta0p55_max0p75_c0,g521_second_wave,high_beta,g521_second_wave,1.26230975828,True,False,False,False,False,False,False,False,False,False,False,False,False,False,0.00447627574,0.00447627574,False,False,1.25,1.25,1.0,0.75,0.95,1.0,0.55,0.75,False,False,False,False,False,False,100.0,4.615120516841,0.0,7219.0,72.19,8.884610231887,0.0,0.0,1.0,0.0,0.0,0.0,6400.0,562.0,257.0,2680.0,3720.0,0.0878125,0.04015625,5.62,64.0,0.41875,0.0,0.0,0.0,0.0,0.0,2.0,2.0,0.0,100.0,4.61512051684126,0.0,1.25,1.25,1.0,0.75,0.95,1.0,0.55,0.75,0.0,0.0,1.0,0.0,0.0,0.0,0.0,0.0,0.0,1.0,0.0,0.0,0.0,0.41875,0.109765625,0.0301171875,0.0,repair5g59_high_beta_cap_safe,0.05,0.05,0.048790164169,0.086842105263,-0.032894736842,0.059210526316,0.111842105263,0.001052631579,0.002631578947,0.151315789474,0.032894736842,-0.026315789474,0.029166666667,0.008333333333,0.0,0.029166666667,-0.0,0.004166666667,-0.020833333333,0.0,0.0
random-32-32-20|a100|s147|it0|14650fb0739d0383,random-32-32-20,100,147,0,14650fb0739d0383,repair5g521_grid_c1p25_b1p25_f1p00_w0p75_dc0p90_df1p00_beta0p55_max0p75_c0,g521_second_wave,high_beta,g521_second_wave,1.26230975828,True,False,False,False,False,False,False,False,False,False,False,False,False,False,0.00447627574,0.00447627574,False,False,1.25,1.25,1.0,0.75,0.9,1.0,0.55,0.75,False,False,False,False,False,False,100.0,4.615120516841,0.0,7219.0,72.19,8.884610231887,0.0,0.0,1.0,0.0,0.0,0.0,6400.0,562.0,257.0,2680.0,3720.0,0.0878125,0.04015625,5.62,64.0,0.41875,0.0,0.0,0.0,0.0,0.0,2.0,2.0,0.0,100.0,4.61512051684126,0.0,1.25,1.25,1.0,0.75,0.9,1.0,0.55,0.75,0.0,0.0,1.0,0.0,0.0,0.0,0.0,0.0,0.0,1.0,0.0,0.0,0.0,0.41875,0.109765625,0.0301171875,0.0,repair5g59_high_beta_cap_safe,0.070710678119,0.070710678119,0.068322613158,0.086842105263,-0.032894736842,0.059210526316,0.111842105263,-0.048947368421,0.002631578947,0.151315789474,0.032894736842,-0.026315789474,0.029166666667,0.008333333333,0.0,0.029166666667,-0.05,0.004166666667,-0.020833333333,0.0,0.0
random-32-32-20|a100|s147|it0|14650fb0739d0383,random-32-32-20,100,147,0,14650fb0739d0383,repair5g521_grid_c1p25_b1p25_f1p00_w0p75_dc0p95_df0p95_beta0p55_max0p75_c0,g521_second_wave,high_beta,g521_second_wave,1.26230975828,True,False,False,False,False,False,False,False,False,False,False,False,False,False,0.00447627574,0.00447627574,False,False,1.25,1.25,1.0,0.75,0.95,0.95,0.55,0.75,False,False,False,False,False,False,100.0,4.615120516841,0.0,7219.0,72.19,8.884610231887,0.0,0.0,1.0,0.0,0.0,0.0,6400.0,562.0,257.0,2680.0,3720.0,0.0878125,0.04015625,5.62,64.0,0.41875,0.0,0.0,0.0,0.0,0.0,2.0,2.0,0.0,100.0,4.61512051684126,0.0,1.25,1.25,1.0,0.75,0.95,0.95,0.55,0.75,0.0,0.0,1.0,0.0,0.0,0.0,0.0,0.0,0.0,1.0,0.0,0.0,0.0,0.41875,0.109765625,0.0301171875,0.0,repair5g59_high_beta_cap_safe,0.070710678119,0.070710678119,0.068322613158,0.086842105263,-0.032894736842,0.059210526316,0.111842105263,0.001052631579,-0.047368421053,0.151315789474,0.032894736842,-0.026315789474,0.029166666667,0.008333333333,0.0,0.029166666667,-0.0,-0.045833333333,-0.020833333333,0.0,0.0
random-32-32-20|a100|s147|it0|14650fb0739d0383,random-32-32-20,100,147,0,14650fb0739d0383,repair5g521_grid_c1p25_b1p25_f1p00_w0p75_dc1p00_df1p00_beta0p55_max0p75_c0,g521_second_wave,high_beta,g521_second_wave,1.26230975828,True,False,False,False,False,False,False,False,False,False,False,False,False,False,0.00447627574,0.00447627574,False,False,1.25,1.25,1.0,0.75,1.0,1.0,0.55,0.75,False,False,False,False,False,False,100.0,4.615120516841,0.0,7219.0,72.19,8.884610231887,0.0,0.0,1.0,0.0,0.0,0.0,6400.0,562.0,257.0,2680.0,3720.0,0.0878125,0.04015625,5.62,64.0,0.41875,0.0,0.0,0.0,0.0,0.0,2.0,2.0,0.0,100.0,4.61512051684126,0.0,1.25,1.25,1.0,0.75,1.0,1.0,0.55,0.75,0.0,0.0,1.0,0.0,0.0,0.0,0.0,0.0,0.0,1.0,0.0,0.0,0.0,0.41875,0.109765625,0.0301171875,0.0,repair5g59_high_beta_cap_safe,0.070710678119,0.070710678119,0.068322613158,0.086842105263,-0.032894736842,0.059210526316,0.111842105263,0.051052631579,0.002631578947,0.151315789474,0.032894736842,-0.026315789474,0.029166666667,0.008333333333,0.0,0.029166666667,0.05,0.004166666667,-0.020833333333,0.0,0.0
random-32-32-20|a100|s149|it0|14650fb0739d0383,random-32-32-20,100,149,0,14650fb0739d0383,repair5g59_additive_fallback,old14,additive,old14,1.32587412587,True,False,False,False,False,False,False,False,False,False,False,False,False,False,0.1006993007,0.10769230769,True,False,,,,,,,,,,False,False,False,False,False,100.0,4.615120516841,0.0,6597.0,65.97,8.794521851789,0.0,0.0,1.0,0.0,0.0,0.0,5700.0,604.0,293.0,2623.0,3077.0,0.105964912281,0.051403508772,6.04,57.0,0.460175438596,0.0,0.0,0.0,0.0,0.0,2.0,2.0,0.0,100.0,4.61512051684126,0.0,1.0,1.0,0.0,1.0,1.0,1.0,0.0,0.0,0.0,0.0,0.0,1.0,1.0,0.0,0.0,0.0,0.0,0.0,0.0,0.0,0.0,0.0,0.105964912281,0.051403508772,0.0,,,,0.0,-0.163157894737,-0.282894736842,-0.940789473684,0.361842105263,0.051052631579,0.002631578947,-0.398684210526,-0.717105263158,-0.026315789474,0.0,0.0,0.0,0.0,0.0,0.0,0.0,0.0,0.0
random-32-32-20|a100|s149|it0|14650fb0739d0383,random-32-32-20,100,149,0,14650fb0739d0383,repair5g59_block_heavy_flow_guard,old14,block_heavy,old14,1.23076923077,True,False,False,False,False,False,False,False,False,False,False,False,False,False,0.0055944056,0.01258741259,True,False,1.0,1.5,1.0,0.5,0.95,1.0,0.35,0.75,False,False,False,False,False,False,100.0,4.615120516841,0.0,6597.0,65.97,8.794521851789,0.0,0.0,1.0,0.0,0.0,0.0,5700.0,604.0,293.0,2623.0,3077.0,0.105964912281,0.051403508772,6.04,57.0,0.460175438596,0.0,0.0,0.0,0.0,0.0,2.0,2.0,0.0,100.0,4.61512051684126,0.0,1.0,1.5,1.0,0.5,0.95,1.0,0.35,0.75,0.0,0.0,0.0,1.0,0.0,1.0,0.0,0.0,0.0,0.0,0.0,0.0,0.0,0.460175438596,0.158947368421,0.025701754386,0.0,repair5g59_block_heavy_flow_guard,0.0,0.0,0.0,-0.163157894737,0.217105263158,0.059210526316,-0.138157894737,0.001052631579,0.002631578947,-0.048684210526,0.032894736842,-0.026315789474,0.0875,-0.0125,0.0,0.04375,0.00625,0.0,-0.0375,0.0,0.0
random-32-32-20|a100|s149|it0|14650fb0739d0383,random-32-32-20,100,149,0,14650fb0739d0383,repair5g59_c_only_f_disabled,old14,static_boundary_c_only,old14,1.3655011655,True,False,False,False,False,False,False,False,False,False,False,False,False,False,0.14032634033,0.14731934732,True,False,1.25,1.25,0.0,0.75,0.95,1.0,0.0,0.0,True,False,False,False,False,False,100.0,4.615120516841,0.0,6597.0,65.97,8.794521851789,0.0,0.0,1.0,0.0,0.0,0.0,5700.0,604.0,293.0,2623.0,3077.0,0.105964912281,0.051403508772,6.04,57.0,0.460175438596,0.0,0.0,0.0,0.0,0.0,2.0,2.0,0.0,100.0,4.61512051684126,0.0,1.25,1.25,0.0,0.75,0.95,1.0,0.0,0.0,1.0,0.0,0.0,1.0,0.0,0.0,0.0,0.0,0.0,0.0,0.0,1.0,0.0,0.0,0.132456140351,0.038552631579,0.0,repair5g59_c_only_f_disabled,0.0,0.0,0.0,0.086842105263,-0.032894736842,-0.940789473684,0.111842105263,0.001052631579,0.002631578947,-0.398684210526,-0.717105263158,0.973684210526,0.0,0.0,0.0,0.0,0.0,0.0,0.0,0.0,0.0
random-32-32-20|a100|s149|it0|14650fb0739d0383,random-32-32-20,100,149,0,14650fb0739d0383,repair5g59_commit_heavy_flow_guard,old14,commit_heavy,old14,1.23216783217,True,False,False,False,False,False,False,False,False,False,False,False,False,False,0.006993007,0.01398601399,True,False,1.5,1.0,1.0,0.75,0.95,1.0,0.35,0.75,False,False,False,False,False,False,100.0,4.615120516841,0.0,6597.0,65.97,8.794521851789,0.0,0.0,1.0,0.0,0.0,0.0,5700.0,604.0,293.0,2623.0,3077.0,0.105964912281,0.051403508772,6.04,57.0,0.460175438596,0.0,0.0,0.0,0.0,0.0,2.0,2.0,0.0,100.0,4.61512051684126,0.0,1.5,1.0,1.0,0.75,0.95,1.0,0.35,0.75,0.0,0.0,0.0,1.0,0.0,0.0,1.0,0.0,0.0,0.0,0.0,0.0,0.0,0.460175438596,0.105964912281,0.038552631579,0.0,repair5g59_commit_heavy_flow_guard,0.0,0.0,0.0,0.336842105263,-0.282894736842,0.059210526316,0.111842105263,0.001052631579,0.002631578947,-0.048684210526,0.032894736842,-0.026315789474,0.0,0.0,0.0,0.0,0.0,0.0,0.0,0.0,0.0
random-32-32-20|a100|s149|it0|14650fb0739d0383,random-32-32-20,100,149,0,14650fb0739d0383,repair5g59_fast_decay_low_shield,old14,flow_decay,old14,1.30675990676,True,False,False,False,False,False,False,False,False,False,False,False,False,False,0.08158508159,0.08857808858,True,False,1.25,1.25,1.0,0.75,0.9,1.0,0.2,0.5,False,False,False,False,False,False,100.0,4.615120516841,0.0,6597.0,65.97,8.794521851789,0.0,0.0,1.0,0.0,0.0,0.0,5700.0,604.0,293.0,2623.0,3077.0,0.105964912281,0.051403508772,6.04,57.0,0.460175438596,0.0,0.0,0.0,0.0,0.0,2.0,2.0,0.0,100.0,4.61512051684126,0.0,1.25,1.25,1.0,0.75,0.9,1.0,0.2,0.5,0.0,0.0,0.0,1.0,0.0,0.0,0.0,1.0,0.0,0.0,0.0,0.0,0.0,0.460175438596,0.132456140351,0.038552631579,0.0,repair5g59_fast_decay_low_shield,0.0,0.0,0.0,0.086842105263,-0.032894736842,0.059210526316,0.111842105263,-0.048947368421,0.002631578947,-0.198684210526,-0.217105263158,-0.026315789474,0.05,0.05,0.05,0.0,-0.052,0.01,-0.1,-0.3,0.0
random-32-32-20|a100|s149|it0|14650fb0739d0383,random-32-32-20,100,149,0,14650fb0739d0383,repair5g59_flow_decay,old14,flow_decay,old14,1.22517482517,True,False,False,False,False,False,False,False,False,False,False,False,False,False,0.0,0.00699300699,False,False,1.25,1.25,1.0,0.75,0.95,0.95,0.35,0.75,False,False,False,False,False,False,100.0,4.615120516841,0.0,6597.0,65.97,8.794521851789,0.0,0.0,1.0,0.0,0.0,0.0,5700.0,604.0,293.0,2623.0,3077.0,0.105964912281,0.051403508772,6.04,57.0,0.460175438596,0.0,0.0,0.0,0.0,0.0,2.0,2.0,0.0,100.0,4.61512051684126,0.0,1.25,1.25,1.0,0.75,0.95,0.95,0.35,0.75,0.0,0.0,0.0,1.0,0.0,0.0,0.0,1.0,0.0,0.0,0.0,0.0,0.0,0.460175438596,0.132456140351,0.038552631579,0.0,repair5g59_flow_decay,0.0,0.0,0.0,0.086842105263,-0.032894736842,0.059210526316,0.111842105263,0.001052631579,-0.047368421053,-0.048684210526,0.032894736842,-0.026315789474,0.05,0.05,0.05,0.0,-0.002,-0.04,0.05,-0.05,0.0
random-32-32-20|a100|s149|it0|14650fb0739d0383,random-32-32-20,100,149,0,14650fb0739d0383,repair5g59_high_beta_cap_safe,old14,high_beta,old14,1.21818181818,True,False,True,False,False,False,False,False,False,False,False,False,False,False,-0.00699300699,0.0,False,False,1.25,1.25,1.0,0.75,0.95,1.0,0.6,0.75,False,False,False,False,False,False,100.0,4.615120516841,0.0,6597.0,65.97,8.794521851789,0.0,0.0,1.0,0.0,0.0,0.0,5700.0,604.0,293.0,2623.0,3077.0,0.105964912281,0.051403508772,6.04,57.0,0.460175438596,0.0,0.0,0.0,0.0,0.0,2.0,2.0,0.0,100.0,4.61512051684126,0.0,1.25,1.25,1.0,0.75,0.95,1.0,0.6,0.75,0.0,0.0,0.0,1.0,0.0,0.0,0.0,0.0,0.0,1.0,0.0,0.0,0.0,0.460175438596,0.132456140351,0.038552631579,0.0,repair5g59_high_beta_cap_safe,0.0,0.0,0.0,0.086842105263,-0.032894736842,0.059210526316,0.111842105263,0.001052631579,0.002631578947,0.201315789474,0.032894736842,-0.026315789474,0.029166666667,0.008333333333,0.0,0.029166666667,-0.0,0.004166666667,0.029166666667,0.0,0.0
random-32-32-20|a100|s149|it0|14650fb0739d0383,random-32-32-20,100,149,0,14650fb0739d0383,repair5g59_light_cong_light_flow,old14,flow_decay,old14,1.28158508159,True,False,False,False,False,False,False,False,False,False,False,False,False,False,0.05641025642,0.06340326341,True,False,1.0,1.0,0.75,0.75,0.98,1.0,0.25,0.5,False,False,False,False,False,False,100.0,4.615120516841,0.0,6597.0,65.97,8.794521851789,0.0,0.0,1.0,0.0,0.0,0.0,5700.0,604.0,293.0,2623.0,3077.0,0.105964912281,0.051403508772,6.04,57.0,0.460175438596,0.0,0.0,0.0,0.0,0.0,2.0,2.0,0.0,100.0,4.61512051684126,0.0,1.0,1.0,0.75,0.75,0.98,1.0,0.25,0.5,0.0,0.0,0.0,1.0,0.0,0.0,0.0,1.0,0.0,0.0,0.0,0.0,0.0,0.345131578947,0.105964912281,0.038552631579,0.0,repair5g59_light_cong_light_flow,0.0,0.0,0.0,-0.163157894737,-0.282894736842,-0.190789473684,0.111842105263,0.031052631579,0.002631578947,-0.148684210526,-0.217105263158,-0.026315789474,-0.2,-0.2,-0.2,0.0,0.028,0.01,-0.05,-0.3,0.0
random-32-32-20|a100|s149|it0|14650fb0739d0383,random-32-32-20,100,149,0,14650fb0739d0383,repair5g59_low_beta_high_cap,old14,flow_decay,old14,1.25361305361,True,False,False,False,False,False,False,False,False,False,False,False,False,False,0.02843822844,0.03543123543,True,False,1.25,1.25,1.0,0.75,0.95,1.0,0.2,1.25,False,False,False,False,False,False,100.0,4.615120516841,0.0,6597.0,65.97,8.794521851789,0.0,0.0,1.0,0.0,0.0,0.0,5700.0,604.0,293.0,2623.0,3077.0,0.105964912281,0.051403508772,6.04,57.0,0.460175438596,0.0,0.0,0.0,0.0,0.0,2.0,2.0,0.0,100.0,4.61512051684126,0.0,1.25,1.25,1.0,0.75,0.95,1.0,0.2,1.25,0.0,0.0,0.0,1.0,0.0,0.0,0.0,1.0,0.0,0.0,0.0,0.0,0.0,0.460175438596,0.132456140351,0.038552631579,0.0,repair5g59_low_beta_high_cap,0.0,0.0,0.0,0.086842105263,-0.032894736842,0.059210526316,0.111842105263,0.001052631579,0.002631578947,-0.198684210526,0.532894736842,-0.026315789474,0.05,0.05,0.05,0.0,-0.002,0.01,-0.1,0.45,0.0
random-32-32-20|a100|s149|it0|14650fb0739d0383,random-32-32-20,100,149,0,14650fb0739d0383,repair5g59_slow_decay_high_shield,old14,flow_decay,old14,1.29743589744,True,False,False,False,False,False,False,False,False,False,False,False,False,False,0.07226107227,0.07925407926,True,False,1.25,1.25,1.0,0.75,0.98,1.0,0.5,1.0,False,False,False,False,False,False,100.0,4.615120516841,0.0,6597.0,65.97,8.794521851789,0.0,0.0,1.0,0.0,0.0,0.0,5700.0,604.0,293.0,2623.0,3077.0,0.105964912281,0.051403508772,6.04,57.0,0.460175438596,0.0,0.0,0.0,0.0,0.0,2.0,2.0,0.0,100.0,4.61512051684126,0.0,1.25,1.25,1.0,0.75,0.98,1.0,0.5,1.0,0.0,0.0,0.0,1.0,0.0,0.0,0.0,1.0,0.0,0.0,0.0,0.0,0.0,0.460175438596,0.132456140351,0.038552631579,0.0,repair5g59_slow_decay_high_shield,0.0,0.0,0.0,0.086842105263,-0.032894736842,0.059210526316,0.111842105263,0.031052631579,0.002631578947,0.101315789474,0.282894736842,-0.026315789474,0.05,0.05,0.05,0.0,0.028,0.01,0.2,0.2,0.0
random-32-32-20|a100|s149|it0|14650fb0739d0383,random-32-32-20,100,149,0,14650fb0739d0383,repair5g59_static_abstain_candidate,old14,static,old14,1.22517482517,True,False,False,False,False,False,False,False,False,False,False,False,False,False,0.0,0.00699300699,False,False,1.25,1.25,1.0,0.75,0.95,1.0,0.35,0.75,False,False,False,False,False,False,100.0,4.615120516841,0.0,6597.0,65.97,8.794521851789,0.0,0.0,1.0,0.0,0.0,0.0,5700.0,604.0,293.0,2623.0,3077.0,0.105964912281,0.051403508772,6.04,57.0,0.460175438596,0.0,0.0,0.0,0.0,0.0,2.0,2.0,0.0,100.0,4.61512051684126,0.0,1.25,1.25,1.0,0.75,0.95,1.0,0.35,0.75,0.0,0.0,0.0,1.0,0.0,0.0,0.0,0.0,0.0,0.0,1.0,0.0,0.0,0.460175438596,0.132456140351,0.038552631579,0.0,repair5g59_static_abstain_candidate,0.0,0.0,0.0,0.086842105263,-0.032894736842,0.059210526316,0.111842105263,0.001052631579,0.002631578947,-0.048684210526,0.032894736842,-0.026315789474,0.0,0.0,0.0,0.0,0.0,0.0,0.0,0.0,0.0
random-32-32-20|a100|s149|it0|14650fb0739d0383,random-32-32-20,100,149,0,14650fb0739d0383,repair5g59_static_flow_shield,old14,static,old14,1.22517482517,True,False,False,False,False,False,False,False,False,False,False,False,False,False,0.0,0.00699300699,False,False,1.25,1.25,1.0,0.75,0.95,1.0,0.35,0.75,False,False,False,False,False,False,100.0,4.615120516841,0.0,6597.0,65.97,8.794521851789,0.0,0.0,1.0,0.0,0.0,0.0,5700.0,604.0,293.0,2623.0,3077.0,0.105964912281,0.051403508772,6.04,57.0,0.460175438596,0.0,0.0,0.0,0.0,0.0,2.0,2.0,0.0,100.0,4.61512051684126,0.0,1.25,1.25,1.0,0.75,0.95,1.0,0.35,0.75,0.0,0.0,0.0,1.0,0.0,0.0,0.0,0.0,0.0,0.0,1.0,0.0,0.0,0.460175438596,0.132456140351,0.038552631579,0.0,repair5g59_static_abstain_candidate,0.0,0.0,0.0,0.086842105263,-0.032894736842,0.059210526316,0.111842105263,0.001052631579,0.002631578947,-0.048684210526,0.032894736842,-0.026315789474,0.0,0.0,0.0,0.0,0.0,0.0,0.0,0.0,0.0
random-32-32-20|a100|s149|it0|14650fb0739d0383,random-32-32-20,100,149,0,14650fb0739d0383,repair5g59_wait_aggressive,old14,flow_shield,old14,1.23216783217,True,False,False,False,False,False,False,False,False,False,False,False,False,False,0.006993007,0.01398601399,True,False,1.25,1.25,1.0,1.0,0.95,1.0,0.35,0.75,False,False,False,False,False,False,100.0,4.615120516841,0.0,6597.0,65.97,8.794521851789,0.0,0.0,1.0,0.0,0.0,0.0,5700.0,604.0,293.0,2623.0,3077.0,0.105964912281,0.051403508772,6.04,57.0,0.460175438596,0.0,0.0,0.0,0.0,0.0,2.0,2.0,0.0,100.0,4.61512051684126,0.0,1.25,1.25,1.0,1.0,0.95,1.0,0.35,0.75,0.0,0.0,0.0,1.0,0.0,0.0,0.0,0.0,1.0,0.0,0.0,0.0,0.0,0.460175438596,0.132456140351,0.051403508772,0.0,repair5g59_wait_aggressive,0.0,0.0,0.0,0.086842105263,-0.032894736842,0.059210526316,0.361842105263,0.001052631579,0.002631578947,-0.048684210526,0.032894736842,-0.026315789474,0.0,0.0,0.0,0.0,0.0,0.0,0.0,0.0,0.0
random-32-32-20|a100|s149|it0|14650fb0739d0383,random-32-32-20,100,149,0,14650fb0739d0383,repair5g59_wait_conservative,old14,wait_conservative,old14,1.22750582751,True,False,False,False,False,False,False,False,False,False,False,False,False,False,0.00233100234,0.00932400933,False,False,1.25,1.25,1.0,0.5,0.95,1.0,0.35,0.75,False,False,False,False,False,False,100.0,4.615120516841,0.0,6597.0,65.97,8.794521851789,0.0,0.0,1.0,0.0,0.0,0.0,5700.0,604.0,293.0,2623.0,3077.0,0.105964912281,0.051403508772,6.04,57.0,0.460175438596,0.0,0.0,0.0,0.0,0.0,2.0,2.0,0.0,100.0,4.61512051684126,0.0,1.25,1.25,1.0,0.5,0.95,1.0,0.35,0.75,0.0,0.0,0.0,1.0,0.0,0.0,0.0,0.0,0.0,0.0,0.0,0.0,1.0,0.460175438596,0.132456140351,0.025701754386,0.0,repair5g59_wait_conservative,0.0,0.0,0.0,0.086842105263,-0.032894736842,0.059210526316,-0.138157894737,0.001052631579,0.002631578947,-0.048684210526,0.032894736842,-0.026315789474,0.0,0.0,0.0,0.042857142857,0.007142857143,0.0,0.021428571429,0.0,0.0
random-32-32-20|a100|s149|it0|14650fb0739d0383,random-32-32-20,100,149,0,14650fb0739d0383,repair5g518_grid_c1p25_b1p25_f1p00_w0p50_dc0p95_df1p00_beta0p35_max0p75_c0,g518_retained,wait_conservative,g518_retained,1.22750582751,True,False,False,False,False,False,False,False,False,False,False,False,False,False,0.00233100234,0.00932400933,False,False,1.25,1.25,1.0,0.5,0.95,1.0,0.35,0.75,False,False,False,False,False,False,100.0,4.615120516841,0.0,6597.0,65.97,8.794521851789,0.0,0.0,1.0,0.0,0.0,0.0,5700.0,604.0,293.0,2623.0,3077.0,0.105964912281,0.051403508772,6.04,57.0,0.460175438596,0.0,0.0,0.0,0.0,0.0,2.0,2.0,0.0,100.0,4.61512051684126,0.0,1.25,1.25,1.0,0.5,0.95,1.0,0.35,0.75,0.0,1.0,0.0,0.0,0.0,0.0,0.0,0.0,0.0,0.0,0.0,0.0,1.0,0.460175438596,0.132456140351,0.025701754386,0.0,repair5g59_wait_conservative,0.0,0.0,0.0,0.086842105263,-0.032894736842,0.059210526316,-0.138157894737,0.001052631579,0.002631578947,-0.048684210526,0.032894736842,-0.026315789474,0.0,0.0,0.0,0.042857142857,0.007142857143,0.0,0.021428571429,0.0,0.0
random-32-32-20|a100|s149|it0|14650fb0739d0383,random-32-32-20,100,149,0,14650fb0739d0383,repair5g518_grid_c1p20_b1p35_f1p00_w0p70_dc0p95_df1p00_beta0p60_max0p75_c0,g518_retained,high_beta,g518_retained,1.2303030303,True,False,False,False,False,False,False,False,False,False,False,False,False,False,0.00512820513,0.01212121212,True,False,1.2,1.35,1.0,0.7,0.95,1.0,0.6,0.75,False,False,False,False,False,False,100.0,4.615120516841,0.0,6597.0,65.97,8.794521851789,0.0,0.0,1.0,0.0,0.0,0.0,5700.0,604.0,293.0,2623.0,3077.0,0.105964912281,0.051403508772,6.04,57.0,0.460175438596,0.0,0.0,0.0,0.0,0.0,2.0,2.0,0.0,100.0,4.61512051684126,0.0,1.2,1.35,1.0,0.7,0.95,1.0,0.6,0.75,0.0,1.0,0.0,0.0,0.0,0.0,0.0,0.0,0.0,1.0,0.0,0.0,0.0,0.460175438596,0.143052631579,0.03598245614,0.0,repair5g59_high_beta_cap_safe,0.122474487139,0.122474487139,0.115535611769,0.036842105263,0.067105263158,0.059210526316,0.061842105263,0.001052631579,0.002631578947,0.201315789474,0.032894736842,-0.026315789474,-0.020833333333,0.108333333333,0.0,-0.020833333333,-0.0,0.004166666667,0.029166666667,0.0,0.0
random-32-32-20|a100|s149|it0|14650fb0739d0383,random-32-32-20,100,149,0,14650fb0739d0383,repair5g518_grid_c0p90_b1p50_f1p00_w0p45_dc0p95_df1p00_beta0p45_max0p75_c0,g518_retained,block_heavy,g518_retained,1.22424242424,True,False,False,False,False,False,False,False,False,False,False,False,False,False,-0.00093240093,0.00606060606,False,False,0.9,1.5,1.0,0.45,0.95,1.0,0.45,0.75,False,False,False,False,False,False,100.0,4.615120516841,0.0,6597.0,65.97,8.794521851789,0.0,0.0,1.0,0.0,0.0,0.0,5700.0,604.0,293.0,2623.0,3077.0,0.105964912281,0.051403508772,6.04,57.0,0.460175438596,0.0,0.0,0.0,0.0,0.0,2.0,2.0,0.0,100.0,4.61512051684126,0.0,0.9,1.5,1.0,0.45,0.95,1.0,0.45,0.75,0.0,1.0,0.0,0.0,0.0,1.0,0.0,0.0,0.0,0.0,0.0,0.0,0.0,0.460175438596,0.158947368421,0.023131578947,0.0,repair5g59_block_heavy_flow_guard,0.15,0.15,0.139761942375,-0.263157894737,0.217105263158,0.059210526316,-0.188157894737,0.001052631579,0.002631578947,0.051315789474,0.032894736842,-0.026315789474,-0.0125,-0.0125,0.0,-0.00625,0.00625,0.0,0.0625,0.0,0.0
random-32-32-20|a100|s149|it0|14650fb0739d0383,random-32-32-20,100,149,0,14650fb0739d0383,repair5g518_grid_c1p25_b1p25_f1p00_w0p35_dc0p95_df1p00_beta0p30_max0p75_c0,g518_retained,wait_conservative,g518_retained,1.24382284382,True,False,False,False,False,False,False,False,False,False,False,False,False,False,0.01864801865,0.02564102564,True,False,1.25,1.25,1.0,0.35,0.95,1.0,0.3,0.75,False,False,False,False,False,False,100.0,4.615120516841,0.0,6597.0,65.97,8.794521851789,0.0,0.0,1.0,0.0,0.0,0.0,5700.0,604.0,293.0,2623.0,3077.0,0.105964912281,0.051403508772,6.04,57.0,0.460175438596,0.0,0.0,0.0,0.0,0.0,2.0,2.0,0.0,100.0,4.61512051684126,0.0,1.25,1.25,1.0,0.35,0.95,1.0,0.3,0.75,0.0,1.0,0.0,0.0,0.0,0.0,0.0,0.0,0.0,0.0,0.0,0.0,1.0,0.460175438596,0.132456140351,0.01799122807,0.0,repair5g59_wait_conservative,0.158113883008,0.158113883008,0.146792718882,0.086842105263,-0.032894736842,0.059210526316,-0.288157894737,0.001052631579,0.002631578947,-0.098684210526,0.032894736842,-0.026315789474,0.0,0.0,0.0,-0.107142857143,0.007142857143,0.0,-0.028571428571,0.0,0.0
random-32-32-20|a100|s149|it0|14650fb0739d0383,random-32-32-20,100,149,0,14650fb0739d0383,repair5g518_grid_c0p90_b1p40_f1p00_w0p45_dc0p95_df1p00_beta0p35_max0p75_c0,g518_retained,block_heavy,g518_retained,1.25967365967,True,False,False,False,False,False,False,False,False,False,False,False,False,False,0.0344988345,0.04149184149,True,False,0.9,1.4,1.0,0.45,0.95,1.0,0.35,0.75,False,False,False,False,False,False,100.0,4.615120516841,0.0,6597.0,65.97,8.794521851789,0.0,0.0,1.0,0.0,0.0,0.0,5700.0,604.0,293.0,2623.0,3077.0,0.105964912281,0.051403508772,6.04,57.0,0.460175438596,0.0,0.0,0.0,0.0,0.0,2.0,2.0,0.0,100.0,4.61512051684126,0.0,0.9,1.4,1.0,0.45,0.95,1.0,0.35,0.75,0.0,1.0,0.0,0.0,0.0,1.0,0.0,0.0,0.0,0.0,0.0,0.0,0.0,0.460175438596,0.148350877193,0.023131578947,0.0,repair5g59_block_heavy_flow_guard,0.15,0.15,0.139761942375,-0.263157894737,0.117105263158,0.059210526316,-0.188157894737,0.001052631579,0.002631578947,-0.048684210526,0.032894736842,-0.026315789474,-0.0125,-0.1125,0.0,-0.00625,0.00625,0.0,-0.0375,0.0,0.0
random-32-32-20|a100|s149|it0|14650fb0739d0383,random-32-32-20,100,149,0,14650fb0739d0383,repair5g518_grid_c1p20_b1p15_f1p00_w0p70_dc0p95_df1p00_beta0p60_max0p75_c0,g518_retained,high_beta,g518_retained,1.21678321678,True,False,True,False,False,False,False,False,True,False,False,False,False,True,-0.00839160839,-0.0013986014,False,False,1.2,1.15,1.0,0.7,0.95,1.0,0.6,0.75,False,False,False,False,False,False,100.0,4.615120516841,0.0,6597.0,65.97,8.794521851789,0.0,0.0,1.0,0.0,0.0,0.0,5700.0,604.0,293.0,2623.0,3077.0,0.105964912281,0.051403508772,6.04,57.0,0.460175438596,0.0,0.0,0.0,0.0,0.0,2.0,2.0,0.0,100.0,4.61512051684126,0.0,1.2,1.15,1.0,0.7,0.95,1.0,0.6,0.75,0.0,1.0,0.0,0.0,0.0,0.0,0.0,0.0,0.0,1.0,0.0,0.0,0.0,0.460175438596,0.121859649123,0.03598245614,0.0,repair5g59_high_beta_cap_safe,0.122474487139,0.122474487139,0.115535611769,0.036842105263,-0.132894736842,0.059210526316,0.061842105263,0.001052631579,0.002631578947,0.201315789474,0.032894736842,-0.026315789474,-0.020833333333,-0.091666666667,0.0,-0.020833333333,-0.0,0.004166666667,0.029166666667,0.0,0.0
random-32-32-20|a100|s149|it0|14650fb0739d0383,random-32-32-20,100,149,0,14650fb0739d0383,repair5g518_grid_c0p90_b1p65_f1p00_w0p45_dc0p95_df1p00_beta0p35_max0p75_c0,g518_retained,block_heavy,g518_retained,1.25081585082,True,False,False,False,False,False,False,False,False,False,False,False,False,False,0.02564102565,0.03263403264,True,False,0.9,1.65,1.0,0.45,0.95,1.0,0.35,0.75,False,False,False,False,False,False,100.0,4.615120516841,0.0,6597.0,65.97,8.794521851789,0.0,0.0,1.0,0.0,0.0,0.0,5700.0,604.0,293.0,2623.0,3077.0,0.105964912281,0.051403508772,6.04,57.0,0.460175438596,0.0,0.0,0.0,0.0,0.0,2.0,2.0,0.0,100.0,4.61512051684126,0.0,0.9,1.65,1.0,0.45,0.95,1.0,0.35,0.75,0.0,1.0,0.0,0.0,0.0,1.0,0.0,0.0,0.0,0.0,0.0,0.0,0.0,0.460175438596,0.174842105264,0.023131578947,0.0,repair5g59_block_heavy_flow_guard,0.187082869339,0.187082869339,0.171498927292,-0.263157894737,0.367105263158,0.059210526316,-0.188157894737,0.001052631579,0.002631578947,-0.048684210526,0.032894736842,-0.026315789474,-0.0125,0.1375,0.0,-0.00625,0.00625,0.0,-0.0375,0.0,0.0
random-32-32-20|a100|s149|it0|14650fb0739d0383,random-32-32-20,100,149,0,14650fb0739d0383,repair5g518_grid_c1p20_b1p15_f1p00_w0p70_dc0p95_df1p00_beta0p55_max0p75_c0,g518_retained,high_beta,g518_retained,1.21631701632,True,False,True,False,True,False,False,False,True,False,True,False,False,True,-0.00885780885,-0.00186480186,False,False,1.2,1.15,1.0,0.7,0.95,1.0,0.55,0.75,False,False,False,False,False,False,100.0,4.615120516841,0.0,6597.0,65.97,8.794521851789,0.0,0.0,1.0,0.0,0.0,0.0,5700.0,604.0,293.0,2623.0,3077.0,0.105964912281,0.051403508772,6.04,57.0,0.460175438596,0.0,0.0,0.0,0.0,0.0,2.0,2.0,0.0,100.0,4.61512051684126,0.0,1.2,1.15,1.0,0.7,0.95,1.0,0.55,0.75,0.0,1.0,0.0,0.0,0.0,0.0,0.0,0.0,0.0,1.0,0.0,0.0,0.0,0.460175438596,0.121859649123,0.03598245614,0.0,repair5g59_high_beta_cap_safe,0.132287565553,0.132287565553,0.124239980694,0.036842105263,-0.132894736842,0.059210526316,0.061842105263,0.001052631579,0.002631578947,0.151315789474,0.032894736842,-0.026315789474,-0.020833333333,-0.091666666667,0.0,-0.020833333333,-0.0,0.004166666667,-0.020833333333,0.0,0.0
random-32-32-20|a100|s149|it0|14650fb0739d0383,random-32-32-20,100,149,0,14650fb0739d0383,repair5g521_grid_c0p90_b1p50_f1p00_w0p45_dc0p95_df1p00_beta0p45_max0p75_c0,g521_second_wave,block_heavy,g521_second_wave,1.22424242424,True,False,False,False,False,False,False,False,False,False,False,False,False,False,-0.00093240093,0.00606060606,False,False,0.9,1.5,1.0,0.45,0.95,1.0,0.45,0.75,False,False,False,False,False,False,100.0,4.615120516841,0.0,6597.0,65.97,8.794521851789,0.0,0.0,1.0,0.0,0.0,0.0,5700.0,604.0,293.0,2623.0,3077.0,0.105964912281,0.051403508772,6.04,57.0,0.460175438596,0.0,0.0,0.0,0.0,0.0,2.0,2.0,0.0,100.0,4.61512051684126,0.0,0.9,1.5,1.0,0.45,0.95,1.0,0.45,0.75,0.0,0.0,1.0,0.0,0.0,1.0,0.0,0.0,0.0,0.0,0.0,0.0,0.0,0.460175438596,0.158947368421,0.023131578947,0.0,repair5g59_block_heavy_flow_guard,0.15,0.15,0.139761942375,-0.263157894737,0.217105263158,0.059210526316,-0.188157894737,0.001052631579,0.002631578947,0.051315789474,0.032894736842,-0.026315789474,-0.0125,-0.0125,0.0,-0.00625,0.00625,0.0,0.0625,0.0,0.0
random-32-32-20|a100|s149|it0|14650fb0739d0383,random-32-32-20,100,149,0,14650fb0739d0383,repair5g521_grid_c0p90_b1p40_f1p00_w0p45_dc0p95_df1p00_beta0p35_max0p75_c0,g521_second_wave,block_heavy,g521_second_wave,1.25967365967,True,False,False,False,False,False,False,False,False,False,False,False,False,False,0.0344988345,0.04149184149,True,False,0.9,1.4,1.0,0.45,0.95,1.0,0.35,0.75,False,False,False,False,False,False,100.0,4.615120516841,0.0,6597.0,65.97,8.794521851789,0.0,0.0,1.0,0.0,0.0,0.0,5700.0,604.0,293.0,2623.0,3077.0,0.105964912281,0.051403508772,6.04,57.0,0.460175438596,0.0,0.0,0.0,0.0,0.0,2.0,2.0,0.0,100.0,4.61512051684126,0.0,0.9,1.4,1.0,0.45,0.95,1.0,0.35,0.75,0.0,0.0,1.0,0.0,0.0,1.0,0.0,0.0,0.0,0.0,0.0,0.0,0.0,0.460175438596,0.148350877193,0.023131578947,0.0,repair5g59_block_heavy_flow_guard,0.15,0.15,0.139761942375,-0.263157894737,0.117105263158,0.059210526316,-0.188157894737,0.001052631579,0.002631578947,-0.048684210526,0.032894736842,-0.026315789474,-0.0125,-0.1125,0.0,-0.00625,0.00625,0.0,-0.0375,0.0,0.0
random-32-32-20|a100|s149|it0|14650fb0739d0383,random-32-32-20,100,149,0,14650fb0739d0383,repair5g521_grid_c0p90_b1p65_f1p00_w0p45_dc0p95_df1p00_beta0p35_max0p75_c0,g521_second_wave,block_heavy,g521_second_wave,1.25081585082,True,False,False,False,False,False,False,False,False,False,False,False,False,False,0.02564102565,0.03263403264,True,False,0.9,1.65,1.0,0.45,0.95,1.0,0.35,0.75,False,False,False,False,False,False,100.0,4.615120516841,0.0,6597.0,65.97,8.794521851789,0.0,0.0,1.0,0.0,0.0,0.0,5700.0,604.0,293.0,2623.0,3077.0,0.105964912281,0.051403508772,6.04,57.0,0.460175438596,0.0,0.0,0.0,0.0,0.0,2.0,2.0,0.0,100.0,4.61512051684126,0.0,0.9,1.65,1.0,0.45,0.95,1.0,0.35,0.75,0.0,0.0,1.0,0.0,0.0,1.0,0.0,0.0,0.0,0.0,0.0,0.0,0.0,0.460175438596,0.174842105264,0.023131578947,0.0,repair5g59_block_heavy_flow_guard,0.187082869339,0.187082869339,0.171498927292,-0.263157894737,0.367105263158,0.059210526316,-0.188157894737,0.001052631579,0.002631578947,-0.048684210526,0.032894736842,-0.026315789474,-0.0125,0.1375,0.0,-0.00625,0.00625,0.0,-0.0375,0.0,0.0
random-32-32-20|a100|s149|it0|14650fb0739d0383,random-32-32-20,100,149,0,14650fb0739d0383,repair5g521_grid_c0p90_b1p50_f1p00_w0p45_dc0p90_df1p00_beta0p45_max0p75_c0,g521_second_wave,block_heavy,g521_second_wave,1.22424242424,True,False,False,False,False,False,False,False,False,False,False,False,False,False,-0.00093240093,0.00606060606,False,False,0.9,1.5,1.0,0.45,0.9,1.0,0.45,0.75,False,False,False,False,False,False,100.0,4.615120516841,0.0,6597.0,65.97,8.794521851789,0.0,0.0,1.0,0.0,0.0,0.0,5700.0,604.0,293.0,2623.0,3077.0,0.105964912281,0.051403508772,6.04,57.0,0.460175438596,0.0,0.0,0.0,0.0,0.0,2.0,2.0,0.0,100.0,4.61512051684126,0.0,0.9,1.5,1.0,0.45,0.9,1.0,0.45,0.75,0.0,0.0,1.0,0.0,0.0,1.0,0.0,0.0,0.0,0.0,0.0,0.0,0.0,0.460175438596,0.158947368421,0.023131578947,0.0,repair5g59_block_heavy_flow_guard,0.158113883008,0.158113883008,0.146792718882,-0.263157894737,0.217105263158,0.059210526316,-0.188157894737,-0.048947368421,0.002631578947,0.051315789474,0.032894736842,-0.026315789474,-0.0125,-0.0125,0.0,-0.00625,-0.04375,0.0,0.0625,0.0,0.0
random-32-32-20|a100|s149|it0|14650fb0739d0383,random-32-32-20,100,149,0,14650fb0739d0383,repair5g521_grid_c1p20_b1p35_f1p00_w0p70_dc0p95_df1p00_beta0p60_max0p75_c0,g521_second_wave,high_beta,g521_second_wave,1.2303030303,True,False,False,False,False,False,False,False,False,False,False,False,False,False,0.00512820513,0.01212121212,True,False,1.2,1.35,1.0,0.7,0.95,1.0,0.6,0.75,False,False,False,False,False,False,100.0,4.615120516841,0.0,6597.0,65.97,8.794521851789,0.0,0.0,1.0,0.0,0.0,0.0,5700.0,604.0,293.0,2623.0,3077.0,0.105964912281,0.051403508772,6.04,57.0,0.460175438596,0.0,0.0,0.0,0.0,0.0,2.0,2.0,0.0,100.0,4.61512051684126,0.0,1.2,1.35,1.0,0.7,0.95,1.0,0.6,0.75,0.0,0.0,1.0,0.0,0.0,0.0,0.0,0.0,0.0,1.0,0.0,0.0,0.0,0.460175438596,0.143052631579,0.03598245614,0.0,repair5g59_high_beta_cap_safe,0.122474487139,0.122474487139,0.115535611769,0.036842105263,0.067105263158,0.059210526316,0.061842105263,0.001052631579,0.002631578947,0.201315789474,0.032894736842,-0.026315789474,-0.020833333333,0.108333333333,0.0,-0.020833333333,-0.0,0.004166666667,0.029166666667,0.0,0.0
random-32-32-20|a100|s149|it0|14650fb0739d0383,random-32-32-20,100,149,0,14650fb0739d0383,repair5g521_grid_c1p20_b1p15_f1p00_w0p70_dc0p95_df1p00_beta0p60_max0p75_c0,g521_second_wave,high_beta,g521_second_wave,1.21678321678,True,False,True,False,False,False,False,False,True,False,False,False,False,True,-0.00839160839,-0.0013986014,False,False,1.2,1.15,1.0,0.7,0.95,1.0,0.6,0.75,False,False,False,False,False,False,100.0,4.615120516841,0.0,6597.0,65.97,8.794521851789,0.0,0.0,1.0,0.0,0.0,0.0,5700.0,604.0,293.0,2623.0,3077.0,0.105964912281,0.051403508772,6.04,57.0,0.460175438596,0.0,0.0,0.0,0.0,0.0,2.0,2.0,0.0,100.0,4.61512051684126,0.0,1.2,1.15,1.0,0.7,0.95,1.0,0.6,0.75,0.0,0.0,1.0,0.0,0.0,0.0,0.0,0.0,0.0,1.0,0.0,0.0,0.0,0.460175438596,0.121859649123,0.03598245614,0.0,repair5g59_high_beta_cap_safe,0.122474487139,0.122474487139,0.115535611769,0.036842105263,-0.132894736842,0.059210526316,0.061842105263,0.001052631579,0.002631578947,0.201315789474,0.032894736842,-0.026315789474,-0.020833333333,-0.091666666667,0.0,-0.020833333333,-0.0,0.004166666667,0.029166666667,0.0,0.0
random-32-32-20|a100|s149|it0|14650fb0739d0383,random-32-32-20,100,149,0,14650fb0739d0383,repair5g521_grid_c1p20_b1p15_f1p00_w0p70_dc0p95_df1p00_beta0p55_max0p75_c0,g521_second_wave,high_beta,g521_second_wave,1.21631701632,True,False,True,False,False,False,False,False,True,False,False,False,False,True,-0.00885780885,-0.00186480186,False,False,1.2,1.15,1.0,0.7,0.95,1.0,0.55,0.75,False,False,False,False,False,False,100.0,4.615120516841,0.0,6597.0,65.97,8.794521851789,0.0,0.0,1.0,0.0,0.0,0.0,5700.0,604.0,293.0,2623.0,3077.0,0.105964912281,0.051403508772,6.04,57.0,0.460175438596,0.0,0.0,0.0,0.0,0.0,2.0,2.0,0.0,100.0,4.61512051684126,0.0,1.2,1.15,1.0,0.7,0.95,1.0,0.55,0.75,0.0,0.0,1.0,0.0,0.0,0.0,0.0,0.0,0.0,1.0,0.0,0.0,0.0,0.460175438596,0.121859649123,0.03598245614,0.0,repair5g59_high_beta_cap_safe,0.132287565553,0.132287565553,0.124239980694,0.036842105263,-0.132894736842,0.059210526316,0.061842105263,0.001052631579,0.002631578947,0.151315789474,0.032894736842,-0.026315789474,-0.020833333333,-0.091666666667,0.0,-0.020833333333,-0.0,0.004166666667,-0.020833333333,0.0,0.0
random-32-32-20|a100|s149|it0|14650fb0739d0383,random-32-32-20,100,149,0,14650fb0739d0383,repair5g521_grid_c1p20_b1p35_f1p00_w0p70_dc0p95_df1p00_beta0p55_max0p75_c0,g521_second_wave,high_beta,g521_second_wave,1.24941724942,True,False,False,False,False,False,False,False,False,False,False,False,False,False,0.02424242425,0.03123543124,True,False,1.2,1.35,1.0,0.7,0.95,1.0,0.55,0.75,False,False,False,False,False,False,100.0,4.615120516841,0.0,6597.0,65.97,8.794521851789,0.0,0.0,1.0,0.0,0.0,0.0,5700.0,604.0,293.0,2623.0,3077.0,0.105964912281,0.051403508772,6.04,57.0,0.460175438596,0.0,0.0,0.0,0.0,0.0,2.0,2.0,0.0,100.0,4.61512051684126,0.0,1.2,1.35,1.0,0.7,0.95,1.0,0.55,0.75,0.0,0.0,1.0,0.0,0.0,0.0,0.0,0.0,0.0,1.0,0.0,0.0,0.0,0.460175438596,0.143052631579,0.03598245614,0.0,repair5g59_high_beta_cap_safe,0.132287565553,0.132287565553,0.124239980694,0.036842105263,0.067105263158,0.059210526316,0.061842105263,0.001052631579,0.002631578947,0.151315789474,0.032894736842,-0.026315789474,-0.020833333333,0.108333333333,0.0,-0.020833333333,-0.0,0.004166666667,-0.020833333333,0.0,0.0
random-32-32-20|a100|s149|it0|14650fb0739d0383,random-32-32-20,100,149,0,14650fb0739d0383,repair5g521_grid_c1p25_b1p25_f1p00_w0p50_dc0p95_df1p00_beta0p35_max0p75_c0,g521_second_wave,wait_conservative,g521_second_wave,1.22750582751,True,False,False,False,False,False,False,False,False,False,False,False,False,False,0.00233100234,0.00932400933,False,False,1.25,1.25,1.0,0.5,0.95,1.0,0.35,0.75,False,False,False,False,False,False,100.0,4.615120516841,0.0,6597.0,65.97,8.794521851789,0.0,0.0,1.0,0.0,0.0,0.0,5700.0,604.0,293.0,2623.0,3077.0,0.105964912281,0.051403508772,6.04,57.0,0.460175438596,0.0,0.0,0.0,0.0,0.0,2.0,2.0,0.0,100.0,4.61512051684126,0.0,1.25,1.25,1.0,0.5,0.95,1.0,0.35,0.75,0.0,0.0,1.0,0.0,0.0,0.0,0.0,0.0,0.0,0.0,0.0,0.0,1.0,0.460175438596,0.132456140351,0.025701754386,0.0,repair5g59_wait_conservative,0.0,0.0,0.0,0.086842105263,-0.032894736842,0.059210526316,-0.138157894737,0.001052631579,0.002631578947,-0.048684210526,0.032894736842,-0.026315789474,0.0,0.0,0.0,0.042857142857,0.007142857143,0.0,0.021428571429,0.0,0.0
random-32-32-20|a100|s149|it0|14650fb0739d0383,random-32-32-20,100,149,0,14650fb0739d0383,repair5g521_grid_c1p25_b1p25_f1p00_w0p35_dc0p95_df1p00_beta0p30_max0p75_c0,g521_second_wave,wait_conservative,g521_second_wave,1.24382284382,True,False,False,False,False,False,False,False,False,False,False,False,False,False,0.01864801865,0.02564102564,True,False,1.25,1.25,1.0,0.35,0.95,1.0,0.3,0.75,False,False,False,False,False,False,100.0,4.615120516841,0.0,6597.0,65.97,8.794521851789,0.0,0.0,1.0,0.0,0.0,0.0,5700.0,604.0,293.0,2623.0,3077.0,0.105964912281,0.051403508772,6.04,57.0,0.460175438596,0.0,0.0,0.0,0.0,0.0,2.0,2.0,0.0,100.0,4.61512051684126,0.0,1.25,1.25,1.0,0.35,0.95,1.0,0.3,0.75,0.0,0.0,1.0,0.0,0.0,0.0,0.0,0.0,0.0,0.0,0.0,0.0,1.0,0.460175438596,0.132456140351,0.01799122807,0.0,repair5g59_wait_conservative,0.158113883008,0.158113883008,0.146792718882,0.086842105263,-0.032894736842,0.059210526316,-0.288157894737,0.001052631579,0.002631578947,-0.098684210526,0.032894736842,-0.026315789474,0.0,0.0,0.0,-0.107142857143,0.007142857143,0.0,-0.028571428571,0.0,0.0
random-32-32-20|a100|s149|it0|14650fb0739d0383,random-32-32-20,100,149,0,14650fb0739d0383,repair5g521_grid_c1p25_b1p25_f1p00_w0p50_dc0p90_df1p00_beta0p35_max0p75_c0,g521_second_wave,wait_conservative,g521_second_wave,1.22750582751,True,False,False,False,False,False,False,False,False,False,False,False,False,False,0.00233100234,0.00932400933,False,False,1.25,1.25,1.0,0.5,0.9,1.0,0.35,0.75,False,False,False,False,False,False,100.0,4.615120516841,0.0,6597.0,65.97,8.794521851789,0.0,0.0,1.0,0.0,0.0,0.0,5700.0,604.0,293.0,2623.0,3077.0,0.105964912281,0.051403508772,6.04,57.0,0.460175438596,0.0,0.0,0.0,0.0,0.0,2.0,2.0,0.0,100.0,4.61512051684126,0.0,1.25,1.25,1.0,0.5,0.9,1.0,0.35,0.75,0.0,0.0,1.0,0.0,0.0,0.0,0.0,0.0,0.0,0.0,0.0,0.0,1.0,0.460175438596,0.132456140351,0.025701754386,0.0,repair5g59_wait_conservative,0.05,0.05,0.048790164169,0.086842105263,-0.032894736842,0.059210526316,-0.138157894737,-0.048947368421,0.002631578947,-0.048684210526,0.032894736842,-0.026315789474,0.0,0.0,0.0,0.042857142857,-0.042857142857,0.0,0.021428571429,0.0,0.0
random-32-32-20|a100|s149|it0|14650fb0739d0383,random-32-32-20,100,149,0,14650fb0739d0383,repair5g521_grid_c1p25_b1p25_f1p00_w0p50_dc0p95_df1p00_beta0p30_max0p75_c0,g521_second_wave,wait_conservative,g521_second_wave,1.2372960373,False,True,False,False,False,True,False,False,False,False,False,False,True,False,0.01212121213,0.01911421912,True,True,1.25,1.25,1.0,0.5,0.95,1.0,0.3,0.75,False,False,False,False,False,False,100.0,4.615120516841,0.0,6597.0,65.97,8.794521851789,0.0,0.0,1.0,0.0,0.0,0.0,5700.0,604.0,293.0,2623.0,3077.0,0.105964912281,0.051403508772,6.04,57.0,0.460175438596,0.0,0.0,0.0,0.0,0.0,2.0,2.0,0.0,100.0,4.61512051684126,0.0,1.25,1.25,1.0,0.5,0.95,1.0,0.3,0.75,0.0,0.0,1.0,0.0,0.0,0.0,0.0,0.0,0.0,0.0,0.0,0.0,1.0,0.460175438596,0.132456140351,0.025701754386,0.0,repair5g59_wait_conservative,0.05,0.05,0.048790164169,0.086842105263,-0.032894736842,0.059210526316,-0.138157894737,0.001052631579,0.002631578947,-0.098684210526,0.032894736842,-0.026315789474,0.0,0.0,0.0,0.042857142857,0.007142857143,0.0,-0.028571428571,0.0,0.0
random-32-32-20|a100|s149|it0|14650fb0739d0383,random-32-32-20,100,149,0,14650fb0739d0383,repair5g521_grid_c1p25_b1p25_f1p00_w0p75_dc0p95_df1p00_beta0p55_max0p75_c0,g521_second_wave,high_beta,g521_second_wave,1.21631701632,False,True,True,False,False,True,False,False,True,False,False,False,True,True,-0.00885780885,-0.00186480186,False,True,1.25,1.25,1.0,0.75,0.95,1.0,0.55,0.75,False,False,False,False,False,False,100.0,4.615120516841,0.0,6597.0,65.97,8.794521851789,0.0,0.0,1.0,0.0,0.0,0.0,5700.0,604.0,293.0,2623.0,3077.0,0.105964912281,0.051403508772,6.04,57.0,0.460175438596,0.0,0.0,0.0,0.0,0.0,2.0,2.0,0.0,100.0,4.61512051684126,0.0,1.25,1.25,1.0,0.75,0.95,1.0,0.55,0.75,0.0,0.0,1.0,0.0,0.0,0.0,0.0,0.0,0.0,1.0,0.0,0.0,0.0,0.460175438596,0.132456140351,0.038552631579,0.0,repair5g59_high_beta_cap_safe,0.05,0.05,0.048790164169,0.086842105263,-0.032894736842,0.059210526316,0.111842105263,0.001052631579,0.002631578947,0.151315789474,0.032894736842,-0.026315789474,0.029166666667,0.008333333333,0.0,0.029166666667,-0.0,0.004166666667,-0.020833333333,0.0,0.0
random-32-32-20|a100|s149|it0|14650fb0739d0383,random-32-32-20,100,149,0,14650fb0739d0383,repair5g521_grid_c1p25_b1p25_f1p00_w0p75_dc0p90_df1p00_beta0p55_max0p75_c0,g521_second_wave,high_beta,g521_second_wave,1.21631701632,True,False,True,False,False,False,False,False,True,False,False,False,False,True,-0.00885780885,-0.00186480186,False,False,1.25,1.25,1.0,0.75,0.9,1.0,0.55,0.75,False,False,False,False,False,False,100.0,4.615120516841,0.0,6597.0,65.97,8.794521851789,0.0,0.0,1.0,0.0,0.0,0.0,5700.0,604.0,293.0,2623.0,3077.0,0.105964912281,0.051403508772,6.04,57.0,0.460175438596,0.0,0.0,0.0,0.0,0.0,2.0,2.0,0.0,100.0,4.61512051684126,0.0,1.25,1.25,1.0,0.75,0.9,1.0,0.55,0.75,0.0,0.0,1.0,0.0,0.0,0.0,0.0,0.0,0.0,1.0,0.0,0.0,0.0,0.460175438596,0.132456140351,0.038552631579,0.0,repair5g59_high_beta_cap_safe,0.070710678119,0.070710678119,0.068322613158,0.086842105263,-0.032894736842,0.059210526316,0.111842105263,-0.048947368421,0.002631578947,0.151315789474,0.032894736842,-0.026315789474,0.029166666667,0.008333333333,0.0,0.029166666667,-0.05,0.004166666667,-0.020833333333,0.0,0.0
random-32-32-20|a100|s149|it0|14650fb0739d0383,random-32-32-20,100,149,0,14650fb0739d0383,repair5g521_grid_c1p25_b1p25_f1p00_w0p75_dc0p95_df0p95_beta0p55_max0p75_c0,g521_second_wave,high_beta,g521_second_wave,1.21631701632,True,False,True,False,False,False,False,False,True,False,False,False,False,True,-0.00885780885,-0.00186480186,False,False,1.25,1.25,1.0,0.75,0.95,0.95,0.55,0.75,False,False,False,False,False,False,100.0,4.615120516841,0.0,6597.0,65.97,8.794521851789,0.0,0.0,1.0,0.0,0.0,0.0,5700.0,604.0,293.0,2623.0,3077.0,0.105964912281,0.051403508772,6.04,57.0,0.460175438596,0.0,0.0,0.0,0.0,0.0,2.0,2.0,0.0,100.0,4.61512051684126,0.0,1.25,1.25,1.0,0.75,0.95,0.95,0.55,0.75,0.0,0.0,1.0,0.0,0.0,0.0,0.0,0.0,0.0,1.0,0.0,0.0,0.0,0.460175438596,0.132456140351,0.038552631579,0.0,repair5g59_high_beta_cap_safe,0.070710678119,0.070710678119,0.068322613158,0.086842105263,-0.032894736842,0.059210526316,0.111842105263,0.001052631579,-0.047368421053,0.151315789474,0.032894736842,-0.026315789474,0.029166666667,0.008333333333,0.0,0.029166666667,-0.0,-0.045833333333,-0.020833333333,0.0,0.0
random-32-32-20|a100|s149|it0|14650fb0739d0383,random-32-32-20,100,149,0,14650fb0739d0383,repair5g521_grid_c1p25_b1p25_f1p00_w0p75_dc1p00_df1p00_beta0p55_max0p75_c0,g521_second_wave,high_beta,g521_second_wave,1.21631701632,True,False,True,False,False,False,False,False,True,False,False,False,False,True,-0.00885780885,-0.00186480186,False,False,1.25,1.25,1.0,0.75,1.0,1.0,0.55,0.75,False,False,False,False,False,False,100.0,4.615120516841,0.0,6597.0,65.97,8.794521851789,0.0,0.0,1.0,0.0,0.0,0.0,5700.0,604.0,293.0,2623.0,3077.0,0.105964912281,0.051403508772,6.04,57.0,0.460175438596,0.0,0.0,0.0,0.0,0.0,2.0,2.0,0.0,100.0,4.61512051684126,0.0,1.25,1.25,1.0,0.75,1.0,1.0,0.55,0.75,0.0,0.0,1.0,0.0,0.0,0.0,0.0,0.0,0.0,1.0,0.0,0.0,0.0,0.460175438596,0.132456140351,0.038552631579,0.0,repair5g59_high_beta_cap_safe,0.070710678119,0.070710678119,0.068322613158,0.086842105263,-0.032894736842,0.059210526316,0.111842105263,0.051052631579,0.002631578947,0.151315789474,0.032894736842,-0.026315789474,0.029166666667,0.008333333333,0.0,0.029166666667,0.05,0.004166666667,-0.020833333333,0.0,0.0
random-32-32-20|a100|s153|it0|14650fb0739d0383,random-32-32-20,100,153,0,14650fb0739d0383,repair5g59_additive_fallback,old14,additive,old14,1.48401826484,True,False,False,False,False,False,False,False,False,False,False,False,False,False,0.17077625571,0.19178082192,True,False,,,,,,,,,,False,False,False,False,False,100.0,4.615120516841,0.0,7183.0,71.83,8.879611609982,0.0,0.0,1.0,0.0,0.0,0.0,6000.0,800.0,383.0,2798.0,3202.0,0.133333333333,0.063833333333,8.0,60.0,0.466333333333,0.0,0.0,0.0,0.0,0.0,2.0,2.0,0.0,100.0,4.61512051684126,0.0,1.0,1.0,0.0,1.0,1.0,1.0,0.0,0.0,0.0,0.0,0.0,1.0,1.0,0.0,0.0,0.0,0.0,0.0,0.0,0.0,0.0,0.0,0.133333333333,0.063833333333,0.0,,,,0.0,-0.163157894737,-0.282894736842,-0.940789473684,0.361842105263,0.051052631579,0.002631578947,-0.398684210526,-0.717105263158,-0.026315789474,0.0,0.0,0.0,0.0,0.0,0.0,0.0,0.0,0.0
random-32-32-20|a100|s153|it0|14650fb0739d0383,random-32-32-20,100,153,0,14650fb0739d0383,repair5g59_block_heavy_flow_guard,old14,block_heavy,old14,1.29543378995,True,False,True,False,False,False,False,False,False,False,False,False,False,False,-0.01780821918,0.00319634703,False,False,1.0,1.5,1.0,0.5,0.95,1.0,0.35,0.75,False,False,False,False,False,False,100.0,4.615120516841,0.0,7183.0,71.83,8.879611609982,0.0,0.0,1.0,0.0,0.0,0.0,6000.0,800.0,383.0,2798.0,3202.0,0.133333333333,0.063833333333,8.0,60.0,0.466333333333,0.0,0.0,0.0,0.0,0.0,2.0,2.0,0.0,100.0,4.61512051684126,0.0,1.0,1.5,1.0,0.5,0.95,1.0,0.35,0.75,0.0,0.0,0.0,1.0,0.0,1.0,0.0,0.0,0.0,0.0,0.0,0.0,0.0,0.466333333333,0.199999999999,0.031916666666,0.0,repair5g59_block_heavy_flow_guard,0.0,0.0,0.0,-0.163157894737,0.217105263158,0.059210526316,-0.138157894737,0.001052631579,0.002631578947,-0.048684210526,0.032894736842,-0.026315789474,0.0875,-0.0125,0.0,0.04375,0.00625,0.0,-0.0375,0.0,0.0
random-32-32-20|a100|s153|it0|14650fb0739d0383,random-32-32-20,100,153,0,14650fb0739d0383,repair5g59_c_only_f_disabled,old14,static_boundary_c_only,old14,1.43561643836,True,False,False,False,False,False,False,False,False,False,False,False,False,False,0.12237442923,0.14337899544,True,False,1.25,1.25,0.0,0.75,0.95,1.0,0.0,0.0,True,False,False,False,False,False,100.0,4.615120516841,0.0,7183.0,71.83,8.879611609982,0.0,0.0,1.0,0.0,0.0,0.0,6000.0,800.0,383.0,2798.0,3202.0,0.133333333333,0.063833333333,8.0,60.0,0.466333333333,0.0,0.0,0.0,0.0,0.0,2.0,2.0,0.0,100.0,4.61512051684126,0.0,1.25,1.25,0.0,0.75,0.95,1.0,0.0,0.0,1.0,0.0,0.0,1.0,0.0,0.0,0.0,0.0,0.0,0.0,0.0,1.0,0.0,0.0,0.166666666666,0.047875,0.0,repair5g59_c_only_f_disabled,0.0,0.0,0.0,0.086842105263,-0.032894736842,-0.940789473684,0.111842105263,0.001052631579,0.002631578947,-0.398684210526,-0.717105263158,0.973684210526,0.0,0.0,0.0,0.0,0.0,0.0,0.0,0.0,0.0
random-32-32-20|a100|s153|it0|14650fb0739d0383,random-32-32-20,100,153,0,14650fb0739d0383,repair5g59_commit_heavy_flow_guard,old14,commit_heavy,old14,1.34200913242,True,False,False,False,False,False,False,False,False,False,False,False,False,False,0.02876712329,0.0497716895,True,False,1.5,1.0,1.0,0.75,0.95,1.0,0.35,0.75,False,False,False,False,False,False,100.0,4.615120516841,0.0,7183.0,71.83,8.879611609982,0.0,0.0,1.0,0.0,0.0,0.0,6000.0,800.0,383.0,2798.0,3202.0,0.133333333333,0.063833333333,8.0,60.0,0.466333333333,0.0,0.0,0.0,0.0,0.0,2.0,2.0,0.0,100.0,4.61512051684126,0.0,1.5,1.0,1.0,0.75,0.95,1.0,0.35,0.75,0.0,0.0,0.0,1.0,0.0,0.0,1.0,0.0,0.0,0.0,0.0,0.0,0.0,0.466333333333,0.133333333333,0.047875,0.0,repair5g59_commit_heavy_flow_guard,0.0,0.0,0.0,0.336842105263,-0.282894736842,0.059210526316,0.111842105263,0.001052631579,0.002631578947,-0.048684210526,0.032894736842,-0.026315789474,0.0,0.0,0.0,0.0,0.0,0.0,0.0,0.0,0.0
random-32-32-20|a100|s153|it0|14650fb0739d0383,random-32-32-20,100,153,0,14650fb0739d0383,repair5g59_fast_decay_low_shield,old14,flow_decay,old14,1.37625570776,True,False,False,False,False,False,False,False,False,False,False,False,False,False,0.06301369863,0.08401826484,True,False,1.25,1.25,1.0,0.75,0.9,1.0,0.2,0.5,False,False,False,False,False,False,100.0,4.615120516841,0.0,7183.0,71.83,8.879611609982,0.0,0.0,1.0,0.0,0.0,0.0,6000.0,800.0,383.0,2798.0,3202.0,0.133333333333,0.063833333333,8.0,60.0,0.466333333333,0.0,0.0,0.0,0.0,0.0,2.0,2.0,0.0,100.0,4.61512051684126,0.0,1.25,1.25,1.0,0.75,0.9,1.0,0.2,0.5,0.0,0.0,0.0,1.0,0.0,0.0,0.0,1.0,0.0,0.0,0.0,0.0,0.0,0.466333333333,0.166666666666,0.047875,0.0,repair5g59_fast_decay_low_shield,0.0,0.0,0.0,0.086842105263,-0.032894736842,0.059210526316,0.111842105263,-0.048947368421,0.002631578947,-0.198684210526,-0.217105263158,-0.026315789474,0.05,0.05,0.05,0.0,-0.052,0.01,-0.1,-0.3,0.0
random-32-32-20|a100|s153|it0|14650fb0739d0383,random-32-32-20,100,153,0,14650fb0739d0383,repair5g59_flow_decay,old14,flow_decay,old14,1.31324200913,True,False,False,False,False,False,False,False,False,False,False,False,False,False,0.0,0.02100456621,False,False,1.25,1.25,1.0,0.75,0.95,0.95,0.35,0.75,False,False,False,False,False,False,100.0,4.615120516841,0.0,7183.0,71.83,8.879611609982,0.0,0.0,1.0,0.0,0.0,0.0,6000.0,800.0,383.0,2798.0,3202.0,0.133333333333,0.063833333333,8.0,60.0,0.466333333333,0.0,0.0,0.0,0.0,0.0,2.0,2.0,0.0,100.0,4.61512051684126,0.0,1.25,1.25,1.0,0.75,0.95,0.95,0.35,0.75,0.0,0.0,0.0,1.0,0.0,0.0,0.0,1.0,0.0,0.0,0.0,0.0,0.0,0.466333333333,0.166666666666,0.047875,0.0,repair5g59_flow_decay,0.0,0.0,0.0,0.086842105263,-0.032894736842,0.059210526316,0.111842105263,0.001052631579,-0.047368421053,-0.048684210526,0.032894736842,-0.026315789474,0.05,0.05,0.05,0.0,-0.002,-0.04,0.05,-0.05,0.0
random-32-32-20|a100|s153|it0|14650fb0739d0383,random-32-32-20,100,153,0,14650fb0739d0383,repair5g59_high_beta_cap_safe,old14,high_beta,old14,1.33287671233,True,False,False,False,False,False,False,False,False,False,False,False,False,False,0.0196347032,0.04063926941,True,False,1.25,1.25,1.0,0.75,0.95,1.0,0.6,0.75,False,False,False,False,False,False,100.0,4.615120516841,0.0,7183.0,71.83,8.879611609982,0.0,0.0,1.0,0.0,0.0,0.0,6000.0,800.0,383.0,2798.0,3202.0,0.133333333333,0.063833333333,8.0,60.0,0.466333333333,0.0,0.0,0.0,0.0,0.0,2.0,2.0,0.0,100.0,4.61512051684126,0.0,1.25,1.25,1.0,0.75,0.95,1.0,0.6,0.75,0.0,0.0,0.0,1.0,0.0,0.0,0.0,0.0,0.0,1.0,0.0,0.0,0.0,0.466333333333,0.166666666666,0.047875,0.0,repair5g59_high_beta_cap_safe,0.0,0.0,0.0,0.086842105263,-0.032894736842,0.059210526316,0.111842105263,0.001052631579,0.002631578947,0.201315789474,0.032894736842,-0.026315789474,0.029166666667,0.008333333333,0.0,0.029166666667,-0.0,0.004166666667,0.029166666667,0.0,0.0
random-32-32-20|a100|s153|it0|14650fb0739d0383,random-32-32-20,100,153,0,14650fb0739d0383,repair5g59_light_cong_light_flow,old14,flow_decay,old14,1.37853881279,True,False,False,False,False,False,False,False,False,False,False,False,False,False,0.06529680366,0.08630136987,True,False,1.0,1.0,0.75,0.75,0.98,1.0,0.25,0.5,False,False,False,False,False,False,100.0,4.615120516841,0.0,7183.0,71.83,8.879611609982,0.0,0.0,1.0,0.0,0.0,0.0,6000.0,800.0,383.0,2798.0,3202.0,0.133333333333,0.063833333333,8.0,60.0,0.466333333333,0.0,0.0,0.0,0.0,0.0,2.0,2.0,0.0,100.0,4.61512051684126,0.0,1.0,1.0,0.75,0.75,0.98,1.0,0.25,0.5,0.0,0.0,0.0,1.0,0.0,0.0,0.0,1.0,0.0,0.0,0.0,0.0,0.0,0.34975,0.133333333333,0.047875,0.0,repair5g59_light_cong_light_flow,0.0,0.0,0.0,-0.163157894737,-0.282894736842,-0.190789473684,0.111842105263,0.031052631579,0.002631578947,-0.148684210526,-0.217105263158,-0.026315789474,-0.2,-0.2,-0.2,0.0,0.028,0.01,-0.05,-0.3,0.0
random-32-32-20|a100|s153|it0|14650fb0739d0383,random-32-32-20,100,153,0,14650fb0739d0383,repair5g59_low_beta_high_cap,old14,flow_decay,old14,1.31872146119,True,False,False,False,False,False,False,False,False,False,False,False,False,False,0.00547945206,0.02648401827,True,False,1.25,1.25,1.0,0.75,0.95,1.0,0.2,1.25,False,False,False,False,False,False,100.0,4.615120516841,0.0,7183.0,71.83,8.879611609982,0.0,0.0,1.0,0.0,0.0,0.0,6000.0,800.0,383.0,2798.0,3202.0,0.133333333333,0.063833333333,8.0,60.0,0.466333333333,0.0,0.0,0.0,0.0,0.0,2.0,2.0,0.0,100.0,4.61512051684126,0.0,1.25,1.25,1.0,0.75,0.95,1.0,0.2,1.25,0.0,0.0,0.0,1.0,0.0,0.0,0.0,1.0,0.0,0.0,0.0,0.0,0.0,0.466333333333,0.166666666666,0.047875,0.0,repair5g59_low_beta_high_cap,0.0,0.0,0.0,0.086842105263,-0.032894736842,0.059210526316,0.111842105263,0.001052631579,0.002631578947,-0.198684210526,0.532894736842,-0.026315789474,0.05,0.05,0.05,0.0,-0.002,0.01,-0.1,0.45,0.0
random-32-32-20|a100|s153|it0|14650fb0739d0383,random-32-32-20,100,153,0,14650fb0739d0383,repair5g59_slow_decay_high_shield,old14,flow_decay,old14,1.36118721461,True,False,False,False,False,False,False,False,False,False,False,False,False,False,0.04794520548,0.06894977169,True,False,1.25,1.25,1.0,0.75,0.98,1.0,0.5,1.0,False,False,False,False,False,False,100.0,4.615120516841,0.0,7183.0,71.83,8.879611609982,0.0,0.0,1.0,0.0,0.0,0.0,6000.0,800.0,383.0,2798.0,3202.0,0.133333333333,0.063833333333,8.0,60.0,0.466333333333,0.0,0.0,0.0,0.0,0.0,2.0,2.0,0.0,100.0,4.61512051684126,0.0,1.25,1.25,1.0,0.75,0.98,1.0,0.5,1.0,0.0,0.0,0.0,1.0,0.0,0.0,0.0,1.0,0.0,0.0,0.0,0.0,0.0,0.466333333333,0.166666666666,0.047875,0.0,repair5g59_slow_decay_high_shield,0.0,0.0,0.0,0.086842105263,-0.032894736842,0.059210526316,0.111842105263,0.031052631579,0.002631578947,0.101315789474,0.282894736842,-0.026315789474,0.05,0.05,0.05,0.0,0.028,0.01,0.2,0.2,0.0
random-32-32-20|a100|s153|it0|14650fb0739d0383,random-32-32-20,100,153,0,14650fb0739d0383,repair5g59_static_abstain_candidate,old14,static,old14,1.31324200913,True,False,False,False,False,False,False,False,False,False,False,False,False,False,0.0,0.02100456621,False,False,1.25,1.25,1.0,0.75,0.95,1.0,0.35,0.75,False,False,False,False,False,False,100.0,4.615120516841,0.0,7183.0,71.83,8.879611609982,0.0,0.0,1.0,0.0,0.0,0.0,6000.0,800.0,383.0,2798.0,3202.0,0.133333333333,0.063833333333,8.0,60.0,0.466333333333,0.0,0.0,0.0,0.0,0.0,2.0,2.0,0.0,100.0,4.61512051684126,0.0,1.25,1.25,1.0,0.75,0.95,1.0,0.35,0.75,0.0,0.0,0.0,1.0,0.0,0.0,0.0,0.0,0.0,0.0,1.0,0.0,0.0,0.466333333333,0.166666666666,0.047875,0.0,repair5g59_static_abstain_candidate,0.0,0.0,0.0,0.086842105263,-0.032894736842,0.059210526316,0.111842105263,0.001052631579,0.002631578947,-0.048684210526,0.032894736842,-0.026315789474,0.0,0.0,0.0,0.0,0.0,0.0,0.0,0.0,0.0
random-32-32-20|a100|s153|it0|14650fb0739d0383,random-32-32-20,100,153,0,14650fb0739d0383,repair5g59_static_flow_shield,old14,static,old14,1.31324200913,True,False,False,False,False,False,False,False,False,False,False,False,False,False,0.0,0.02100456621,False,False,1.25,1.25,1.0,0.75,0.95,1.0,0.35,0.75,False,False,False,False,False,False,100.0,4.615120516841,0.0,7183.0,71.83,8.879611609982,0.0,0.0,1.0,0.0,0.0,0.0,6000.0,800.0,383.0,2798.0,3202.0,0.133333333333,0.063833333333,8.0,60.0,0.466333333333,0.0,0.0,0.0,0.0,0.0,2.0,2.0,0.0,100.0,4.61512051684126,0.0,1.25,1.25,1.0,0.75,0.95,1.0,0.35,0.75,0.0,0.0,0.0,1.0,0.0,0.0,0.0,0.0,0.0,0.0,1.0,0.0,0.0,0.466333333333,0.166666666666,0.047875,0.0,repair5g59_static_abstain_candidate,0.0,0.0,0.0,0.086842105263,-0.032894736842,0.059210526316,0.111842105263,0.001052631579,0.002631578947,-0.048684210526,0.032894736842,-0.026315789474,0.0,0.0,0.0,0.0,0.0,0.0,0.0,0.0,0.0
random-32-32-20|a100|s153|it0|14650fb0739d0383,random-32-32-20,100,153,0,14650fb0739d0383,repair5g59_wait_aggressive,old14,flow_shield,old14,1.32283105023,True,False,False,False,False,False,False,False,False,False,False,False,False,False,0.0095890411,0.03059360731,True,False,1.25,1.25,1.0,1.0,0.95,1.0,0.35,0.75,False,False,False,False,False,False,100.0,4.615120516841,0.0,7183.0,71.83,8.879611609982,0.0,0.0,1.0,0.0,0.0,0.0,6000.0,800.0,383.0,2798.0,3202.0,0.133333333333,0.063833333333,8.0,60.0,0.466333333333,0.0,0.0,0.0,0.0,0.0,2.0,2.0,0.0,100.0,4.61512051684126,0.0,1.25,1.25,1.0,1.0,0.95,1.0,0.35,0.75,0.0,0.0,0.0,1.0,0.0,0.0,0.0,0.0,1.0,0.0,0.0,0.0,0.0,0.466333333333,0.166666666666,0.063833333333,0.0,repair5g59_wait_aggressive,0.0,0.0,0.0,0.086842105263,-0.032894736842,0.059210526316,0.361842105263,0.001052631579,0.002631578947,-0.048684210526,0.032894736842,-0.026315789474,0.0,0.0,0.0,0.0,0.0,0.0,0.0,0.0,0.0
random-32-32-20|a100|s153|it0|14650fb0739d0383,random-32-32-20,100,153,0,14650fb0739d0383,repair5g59_wait_conservative,old14,wait_conservative,old14,1.29223744292,True,False,True,False,False,False,False,False,False,False,False,False,False,False,-0.02100456621,0.0,False,False,1.25,1.25,1.0,0.5,0.95,1.0,0.35,0.75,False,False,False,False,False,False,100.0,4.615120516841,0.0,7183.0,71.83,8.879611609982,0.0,0.0,1.0,0.0,0.0,0.0,6000.0,800.0,383.0,2798.0,3202.0,0.133333333333,0.063833333333,8.0,60.0,0.466333333333,0.0,0.0,0.0,0.0,0.0,2.0,2.0,0.0,100.0,4.61512051684126,0.0,1.25,1.25,1.0,0.5,0.95,1.0,0.35,0.75,0.0,0.0,0.0,1.0,0.0,0.0,0.0,0.0,0.0,0.0,0.0,0.0,1.0,0.466333333333,0.166666666666,0.031916666666,0.0,repair5g59_wait_conservative,0.0,0.0,0.0,0.086842105263,-0.032894736842,0.059210526316,-0.138157894737,0.001052631579,0.002631578947,-0.048684210526,0.032894736842,-0.026315789474,0.0,0.0,0.0,0.042857142857,0.007142857143,0.0,0.021428571429,0.0,0.0
random-32-32-20|a100|s153|it0|14650fb0739d0383,random-32-32-20,100,153,0,14650fb0739d0383,repair5g518_grid_c1p25_b1p25_f1p00_w0p50_dc0p95_df1p00_beta0p35_max0p75_c0,g518_retained,wait_conservative,g518_retained,1.29223744292,True,False,True,False,True,False,False,False,True,False,True,False,False,True,-0.02100456621,0.0,False,False,1.25,1.25,1.0,0.5,0.95,1.0,0.35,0.75,False,False,False,False,False,False,100.0,4.615120516841,0.0,7183.0,71.83,8.879611609982,0.0,0.0,1.0,0.0,0.0,0.0,6000.0,800.0,383.0,2798.0,3202.0,0.133333333333,0.063833333333,8.0,60.0,0.466333333333,0.0,0.0,0.0,0.0,0.0,2.0,2.0,0.0,100.0,4.61512051684126,0.0,1.25,1.25,1.0,0.5,0.95,1.0,0.35,0.75,0.0,1.0,0.0,0.0,0.0,0.0,0.0,0.0,0.0,0.0,0.0,0.0,1.0,0.466333333333,0.166666666666,0.031916666666,0.0,repair5g59_wait_conservative,0.0,0.0,0.0,0.086842105263,-0.032894736842,0.059210526316,-0.138157894737,0.001052631579,0.002631578947,-0.048684210526,0.032894736842,-0.026315789474,0.0,0.0,0.0,0.042857142857,0.007142857143,0.0,0.021428571429,0.0,0.0
random-32-32-20|a100|s153|it0|14650fb0739d0383,random-32-32-20,100,153,0,14650fb0739d0383,repair5g518_grid_c1p20_b1p35_f1p00_w0p70_dc0p95_df1p00_beta0p60_max0p75_c0,g518_retained,high_beta,g518_retained,1.3196347032,True,False,False,False,False,False,False,False,False,False,False,False,False,False,0.00639269407,0.02739726028,True,False,1.2,1.35,1.0,0.7,0.95,1.0,0.6,0.75,False,False,False,False,False,False,100.0,4.615120516841,0.0,7183.0,71.83,8.879611609982,0.0,0.0,1.0,0.0,0.0,0.0,6000.0,800.0,383.0,2798.0,3202.0,0.133333333333,0.063833333333,8.0,60.0,0.466333333333,0.0,0.0,0.0,0.0,0.0,2.0,2.0,0.0,100.0,4.61512051684126,0.0,1.2,1.35,1.0,0.7,0.95,1.0,0.6,0.75,0.0,1.0,0.0,0.0,0.0,0.0,0.0,0.0,0.0,1.0,0.0,0.0,0.0,0.466333333333,0.18,0.044683333333,0.0,repair5g59_high_beta_cap_safe,0.122474487139,0.122474487139,0.115535611769,0.036842105263,0.067105263158,0.059210526316,0.061842105263,0.001052631579,0.002631578947,0.201315789474,0.032894736842,-0.026315789474,-0.020833333333,0.108333333333,0.0,-0.020833333333,-0.0,0.004166666667,0.029166666667,0.0,0.0
random-32-32-20|a100|s153|it0|14650fb0739d0383,random-32-32-20,100,153,0,14650fb0739d0383,repair5g518_grid_c0p90_b1p50_f1p00_w0p45_dc0p95_df1p00_beta0p45_max0p75_c0,g518_retained,block_heavy,g518_retained,1.30913242009,True,False,False,False,False,False,False,False,False,False,False,False,False,False,-0.00410958904,0.01689497717,False,False,0.9,1.5,1.0,0.45,0.95,1.0,0.45,0.75,False,False,False,False,False,False,100.0,4.615120516841,0.0,7183.0,71.83,8.879611609982,0.0,0.0,1.0,0.0,0.0,0.0,6000.0,800.0,383.0,2798.0,3202.0,0.133333333333,0.063833333333,8.0,60.0,0.466333333333,0.0,0.0,0.0,0.0,0.0,2.0,2.0,0.0,100.0,4.61512051684126,0.0,0.9,1.5,1.0,0.45,0.95,1.0,0.45,0.75,0.0,1.0,0.0,0.0,0.0,1.0,0.0,0.0,0.0,0.0,0.0,0.0,0.0,0.466333333333,0.199999999999,0.028725,0.0,repair5g59_block_heavy_flow_guard,0.15,0.15,0.139761942375,-0.263157894737,0.217105263158,0.059210526316,-0.188157894737,0.001052631579,0.002631578947,0.051315789474,0.032894736842,-0.026315789474,-0.0125,-0.0125,0.0,-0.00625,0.00625,0.0,0.0625,0.0,0.0
random-32-32-20|a100|s153|it0|14650fb0739d0383,random-32-32-20,100,153,0,14650fb0739d0383,repair5g518_grid_c1p25_b1p25_f1p00_w0p35_dc0p95_df1p00_beta0p30_max0p75_c0,g518_retained,wait_conservative,g518_retained,1.33242009132,True,False,False,False,False,False,False,False,False,False,False,False,False,False,0.01917808219,0.0401826484,True,False,1.25,1.25,1.0,0.35,0.95,1.0,0.3,0.75,False,False,False,False,False,False,100.0,4.615120516841,0.0,7183.0,71.83,8.879611609982,0.0,0.0,1.0,0.0,0.0,0.0,6000.0,800.0,383.0,2798.0,3202.0,0.133333333333,0.063833333333,8.0,60.0,0.466333333333,0.0,0.0,0.0,0.0,0.0,2.0,2.0,0.0,100.0,4.61512051684126,0.0,1.25,1.25,1.0,0.35,0.95,1.0,0.3,0.75,0.0,1.0,0.0,0.0,0.0,0.0,0.0,0.0,0.0,0.0,0.0,0.0,1.0,0.466333333333,0.166666666666,0.022341666667,0.0,repair5g59_wait_conservative,0.158113883008,0.158113883008,0.146792718882,0.086842105263,-0.032894736842,0.059210526316,-0.288157894737,0.001052631579,0.002631578947,-0.098684210526,0.032894736842,-0.026315789474,0.0,0.0,0.0,-0.107142857143,0.007142857143,0.0,-0.028571428571,0.0,0.0
random-32-32-20|a100|s153|it0|14650fb0739d0383,random-32-32-20,100,153,0,14650fb0739d0383,repair5g518_grid_c0p90_b1p40_f1p00_w0p45_dc0p95_df1p00_beta0p35_max0p75_c0,g518_retained,block_heavy,g518_retained,1.31506849315,True,False,False,False,False,False,False,False,False,False,False,False,False,False,0.00182648402,0.02283105023,False,False,0.9,1.4,1.0,0.45,0.95,1.0,0.35,0.75,False,False,False,False,False,False,100.0,4.615120516841,0.0,7183.0,71.83,8.879611609982,0.0,0.0,1.0,0.0,0.0,0.0,6000.0,800.0,383.0,2798.0,3202.0,0.133333333333,0.063833333333,8.0,60.0,0.466333333333,0.0,0.0,0.0,0.0,0.0,2.0,2.0,0.0,100.0,4.61512051684126,0.0,0.9,1.4,1.0,0.45,0.95,1.0,0.35,0.75,0.0,1.0,0.0,0.0,0.0,1.0,0.0,0.0,0.0,0.0,0.0,0.0,0.0,0.466333333333,0.186666666666,0.028725,0.0,repair5g59_block_heavy_flow_guard,0.15,0.15,0.139761942375,-0.263157894737,0.117105263158,0.059210526316,-0.188157894737,0.001052631579,0.002631578947,-0.048684210526,0.032894736842,-0.026315789474,-0.0125,-0.1125,0.0,-0.00625,0.00625,0.0,-0.0375,0.0,0.0
random-32-32-20|a100|s153|it0|14650fb0739d0383,random-32-32-20,100,153,0,14650fb0739d0383,repair5g518_grid_c1p20_b1p15_f1p00_w0p70_dc0p95_df1p00_beta0p60_max0p75_c0,g518_retained,high_beta,g518_retained,1.30456621005,True,False,True,False,False,False,False,False,True,False,False,False,False,True,-0.00867579908,0.01232876713,False,False,1.2,1.15,1.0,0.7,0.95,1.0,0.6,0.75,False,False,False,False,False,False,100.0,4.615120516841,0.0,7183.0,71.83,8.879611609982,0.0,0.0,1.0,0.0,0.0,0.0,6000.0,800.0,383.0,2798.0,3202.0,0.133333333333,0.063833333333,8.0,60.0,0.466333333333,0.0,0.0,0.0,0.0,0.0,2.0,2.0,0.0,100.0,4.61512051684126,0.0,1.2,1.15,1.0,0.7,0.95,1.0,0.6,0.75,0.0,1.0,0.0,0.0,0.0,0.0,0.0,0.0,0.0,1.0,0.0,0.0,0.0,0.466333333333,0.153333333333,0.044683333333,0.0,repair5g59_high_beta_cap_safe,0.122474487139,0.122474487139,0.115535611769,0.036842105263,-0.132894736842,0.059210526316,0.061842105263,0.001052631579,0.002631578947,0.201315789474,0.032894736842,-0.026315789474,-0.020833333333,-0.091666666667,0.0,-0.020833333333,-0.0,0.004166666667,0.029166666667,0.0,0.0
random-32-32-20|a100|s153|it0|14650fb0739d0383,random-32-32-20,100,153,0,14650fb0739d0383,repair5g518_grid_c0p90_b1p65_f1p00_w0p45_dc0p95_df1p00_beta0p35_max0p75_c0,g518_retained,block_heavy,g518_retained,1.31232876712,True,False,False,False,False,False,False,False,False,False,False,False,False,False,-0.00091324201,0.0200913242,False,False,0.9,1.65,1.0,0.45,0.95,1.0,0.35,0.75,False,False,False,False,False,False,100.0,4.615120516841,0.0,7183.0,71.83,8.879611609982,0.0,0.0,1.0,0.0,0.0,0.0,6000.0,800.0,383.0,2798.0,3202.0,0.133333333333,0.063833333333,8.0,60.0,0.466333333333,0.0,0.0,0.0,0.0,0.0,2.0,2.0,0.0,100.0,4.61512051684126,0.0,0.9,1.65,1.0,0.45,0.95,1.0,0.35,0.75,0.0,1.0,0.0,0.0,0.0,1.0,0.0,0.0,0.0,0.0,0.0,0.0,0.0,0.466333333333,0.219999999999,0.028725,0.0,repair5g59_block_heavy_flow_guard,0.187082869339,0.187082869339,0.171498927292,-0.263157894737,0.367105263158,0.059210526316,-0.188157894737,0.001052631579,0.002631578947,-0.048684210526,0.032894736842,-0.026315789474,-0.0125,0.1375,0.0,-0.00625,0.00625,0.0,-0.0375,0.0,0.0
random-32-32-20|a100|s153|it0|14650fb0739d0383,random-32-32-20,100,153,0,14650fb0739d0383,repair5g518_grid_c1p20_b1p15_f1p00_w0p70_dc0p95_df1p00_beta0p55_max0p75_c0,g518_retained,high_beta,g518_retained,1.31506849315,True,False,False,False,False,False,False,False,False,False,False,False,False,False,0.00182648402,0.02283105023,False,False,1.2,1.15,1.0,0.7,0.95,1.0,0.55,0.75,False,False,False,False,False,False,100.0,4.615120516841,0.0,7183.0,71.83,8.879611609982,0.0,0.0,1.0,0.0,0.0,0.0,6000.0,800.0,383.0,2798.0,3202.0,0.133333333333,0.063833333333,8.0,60.0,0.466333333333,0.0,0.0,0.0,0.0,0.0,2.0,2.0,0.0,100.0,4.61512051684126,0.0,1.2,1.15,1.0,0.7,0.95,1.0,0.55,0.75,0.0,1.0,0.0,0.0,0.0,0.0,0.0,0.0,0.0,1.0,0.0,0.0,0.0,0.466333333333,0.153333333333,0.044683333333,0.0,repair5g59_high_beta_cap_safe,0.132287565553,0.132287565553,0.124239980694,0.036842105263,-0.132894736842,0.059210526316,0.061842105263,0.001052631579,0.002631578947,0.151315789474,0.032894736842,-0.026315789474,-0.020833333333,-0.091666666667,0.0,-0.020833333333,-0.0,0.004166666667,-0.020833333333,0.0,0.0
random-32-32-20|a100|s153|it0|14650fb0739d0383,random-32-32-20,100,153,0,14650fb0739d0383,repair5g521_grid_c0p90_b1p50_f1p00_w0p45_dc0p95_df1p00_beta0p45_max0p75_c0,g521_second_wave,block_heavy,g521_second_wave,1.30913242009,True,False,False,False,False,False,False,False,False,False,False,False,False,False,-0.00410958904,0.01689497717,False,False,0.9,1.5,1.0,0.45,0.95,1.0,0.45,0.75,False,False,False,False,False,False,100.0,4.615120516841,0.0,7183.0,71.83,8.879611609982,0.0,0.0,1.0,0.0,0.0,0.0,6000.0,800.0,383.0,2798.0,3202.0,0.133333333333,0.063833333333,8.0,60.0,0.466333333333,0.0,0.0,0.0,0.0,0.0,2.0,2.0,0.0,100.0,4.61512051684126,0.0,0.9,1.5,1.0,0.45,0.95,1.0,0.45,0.75,0.0,0.0,1.0,0.0,0.0,1.0,0.0,0.0,0.0,0.0,0.0,0.0,0.0,0.466333333333,0.199999999999,0.028725,0.0,repair5g59_block_heavy_flow_guard,0.15,0.15,0.139761942375,-0.263157894737,0.217105263158,0.059210526316,-0.188157894737,0.001052631579,0.002631578947,0.051315789474,0.032894736842,-0.026315789474,-0.0125,-0.0125,0.0,-0.00625,0.00625,0.0,0.0625,0.0,0.0
random-32-32-20|a100|s153|it0|14650fb0739d0383,random-32-32-20,100,153,0,14650fb0739d0383,repair5g521_grid_c0p90_b1p40_f1p00_w0p45_dc0p95_df1p00_beta0p35_max0p75_c0,g521_second_wave,block_heavy,g521_second_wave,1.31506849315,True,False,False,False,False,False,False,False,False,False,False,False,False,False,0.00182648402,0.02283105023,False,False,0.9,1.4,1.0,0.45,0.95,1.0,0.35,0.75,False,False,False,False,False,False,100.0,4.615120516841,0.0,7183.0,71.83,8.879611609982,0.0,0.0,1.0,0.0,0.0,0.0,6000.0,800.0,383.0,2798.0,3202.0,0.133333333333,0.063833333333,8.0,60.0,0.466333333333,0.0,0.0,0.0,0.0,0.0,2.0,2.0,0.0,100.0,4.61512051684126,0.0,0.9,1.4,1.0,0.45,0.95,1.0,0.35,0.75,0.0,0.0,1.0,0.0,0.0,1.0,0.0,0.0,0.0,0.0,0.0,0.0,0.0,0.466333333333,0.186666666666,0.028725,0.0,repair5g59_block_heavy_flow_guard,0.15,0.15,0.139761942375,-0.263157894737,0.117105263158,0.059210526316,-0.188157894737,0.001052631579,0.002631578947,-0.048684210526,0.032894736842,-0.026315789474,-0.0125,-0.1125,0.0,-0.00625,0.00625,0.0,-0.0375,0.0,0.0
random-32-32-20|a100|s153|it0|14650fb0739d0383,random-32-32-20,100,153,0,14650fb0739d0383,repair5g521_grid_c0p90_b1p65_f1p00_w0p45_dc0p95_df1p00_beta0p35_max0p75_c0,g521_second_wave,block_heavy,g521_second_wave,1.31232876712,True,False,False,False,False,False,False,False,False,False,False,False,False,False,-0.00091324201,0.0200913242,False,False,0.9,1.65,1.0,0.45,0.95,1.0,0.35,0.75,False,False,False,False,False,False,100.0,4.615120516841,0.0,7183.0,71.83,8.879611609982,0.0,0.0,1.0,0.0,0.0,0.0,6000.0,800.0,383.0,2798.0,3202.0,0.133333333333,0.063833333333,8.0,60.0,0.466333333333,0.0,0.0,0.0,0.0,0.0,2.0,2.0,0.0,100.0,4.61512051684126,0.0,0.9,1.65,1.0,0.45,0.95,1.0,0.35,0.75,0.0,0.0,1.0,0.0,0.0,1.0,0.0,0.0,0.0,0.0,0.0,0.0,0.0,0.466333333333,0.219999999999,0.028725,0.0,repair5g59_block_heavy_flow_guard,0.187082869339,0.187082869339,0.171498927292,-0.263157894737,0.367105263158,0.059210526316,-0.188157894737,0.001052631579,0.002631578947,-0.048684210526,0.032894736842,-0.026315789474,-0.0125,0.1375,0.0,-0.00625,0.00625,0.0,-0.0375,0.0,0.0
random-32-32-20|a100|s153|it0|14650fb0739d0383,random-32-32-20,100,153,0,14650fb0739d0383,repair5g521_grid_c0p90_b1p50_f1p00_w0p45_dc0p90_df1p00_beta0p45_max0p75_c0,g521_second_wave,block_heavy,g521_second_wave,1.30913242009,True,False,False,False,False,False,False,False,False,False,False,False,False,False,-0.00410958904,0.01689497717,False,False,0.9,1.5,1.0,0.45,0.9,1.0,0.45,0.75,False,False,False,False,False,False,100.0,4.615120516841,0.0,7183.0,71.83,8.879611609982,0.0,0.0,1.0,0.0,0.0,0.0,6000.0,800.0,383.0,2798.0,3202.0,0.133333333333,0.063833333333,8.0,60.0,0.466333333333,0.0,0.0,0.0,0.0,0.0,2.0,2.0,0.0,100.0,4.61512051684126,0.0,0.9,1.5,1.0,0.45,0.9,1.0,0.45,0.75,0.0,0.0,1.0,0.0,0.0,1.0,0.0,0.0,0.0,0.0,0.0,0.0,0.0,0.466333333333,0.199999999999,0.028725,0.0,repair5g59_block_heavy_flow_guard,0.158113883008,0.158113883008,0.146792718882,-0.263157894737,0.217105263158,0.059210526316,-0.188157894737,-0.048947368421,0.002631578947,0.051315789474,0.032894736842,-0.026315789474,-0.0125,-0.0125,0.0,-0.00625,-0.04375,0.0,0.0625,0.0,0.0
random-32-32-20|a100|s153|it0|14650fb0739d0383,random-32-32-20,100,153,0,14650fb0739d0383,repair5g521_grid_c1p20_b1p35_f1p00_w0p70_dc0p95_df1p00_beta0p60_max0p75_c0,g521_second_wave,high_beta,g521_second_wave,1.3196347032,True,False,False,False,False,False,False,False,False,False,False,False,False,False,0.00639269407,0.02739726028,True,False,1.2,1.35,1.0,0.7,0.95,1.0,0.6,0.75,False,False,False,False,False,False,100.0,4.615120516841,0.0,7183.0,71.83,8.879611609982,0.0,0.0,1.0,0.0,0.0,0.0,6000.0,800.0,383.0,2798.0,3202.0,0.133333333333,0.063833333333,8.0,60.0,0.466333333333,0.0,0.0,0.0,0.0,0.0,2.0,2.0,0.0,100.0,4.61512051684126,0.0,1.2,1.35,1.0,0.7,0.95,1.0,0.6,0.75,0.0,0.0,1.0,0.0,0.0,0.0,0.0,0.0,0.0,1.0,0.0,0.0,0.0,0.466333333333,0.18,0.044683333333,0.0,repair5g59_high_beta_cap_safe,0.122474487139,0.122474487139,0.115535611769,0.036842105263,0.067105263158,0.059210526316,0.061842105263,0.001052631579,0.002631578947,0.201315789474,0.032894736842,-0.026315789474,-0.020833333333,0.108333333333,0.0,-0.020833333333,-0.0,0.004166666667,0.029166666667,0.0,0.0
random-32-32-20|a100|s153|it0|14650fb0739d0383,random-32-32-20,100,153,0,14650fb0739d0383,repair5g521_grid_c1p20_b1p15_f1p00_w0p70_dc0p95_df1p00_beta0p60_max0p75_c0,g521_second_wave,high_beta,g521_second_wave,1.30456621005,True,False,True,False,False,False,False,False,True,False,False,False,False,True,-0.00867579908,0.01232876713,False,False,1.2,1.15,1.0,0.7,0.95,1.0,0.6,0.75,False,False,False,False,False,False,100.0,4.615120516841,0.0,7183.0,71.83,8.879611609982,0.0,0.0,1.0,0.0,0.0,0.0,6000.0,800.0,383.0,2798.0,3202.0,0.133333333333,0.063833333333,8.0,60.0,0.466333333333,0.0,0.0,0.0,0.0,0.0,2.0,2.0,0.0,100.0,4.61512051684126,0.0,1.2,1.15,1.0,0.7,0.95,1.0,0.6,0.75,0.0,0.0,1.0,0.0,0.0,0.0,0.0,0.0,0.0,1.0,0.0,0.0,0.0,0.466333333333,0.153333333333,0.044683333333,0.0,repair5g59_high_beta_cap_safe,0.122474487139,0.122474487139,0.115535611769,0.036842105263,-0.132894736842,0.059210526316,0.061842105263,0.001052631579,0.002631578947,0.201315789474,0.032894736842,-0.026315789474,-0.020833333333,-0.091666666667,0.0,-0.020833333333,-0.0,0.004166666667,0.029166666667,0.0,0.0
random-32-32-20|a100|s153|it0|14650fb0739d0383,random-32-32-20,100,153,0,14650fb0739d0383,repair5g521_grid_c1p20_b1p15_f1p00_w0p70_dc0p95_df1p00_beta0p55_max0p75_c0,g521_second_wave,high_beta,g521_second_wave,1.31506849315,True,False,False,False,False,False,False,False,False,False,False,False,False,False,0.00182648402,0.02283105023,False,False,1.2,1.15,1.0,0.7,0.95,1.0,0.55,0.75,False,False,False,False,False,False,100.0,4.615120516841,0.0,7183.0,71.83,8.879611609982,0.0,0.0,1.0,0.0,0.0,0.0,6000.0,800.0,383.0,2798.0,3202.0,0.133333333333,0.063833333333,8.0,60.0,0.466333333333,0.0,0.0,0.0,0.0,0.0,2.0,2.0,0.0,100.0,4.61512051684126,0.0,1.2,1.15,1.0,0.7,0.95,1.0,0.55,0.75,0.0,0.0,1.0,0.0,0.0,0.0,0.0,0.0,0.0,1.0,0.0,0.0,0.0,0.466333333333,0.153333333333,0.044683333333,0.0,repair5g59_high_beta_cap_safe,0.132287565553,0.132287565553,0.124239980694,0.036842105263,-0.132894736842,0.059210526316,0.061842105263,0.001052631579,0.002631578947,0.151315789474,0.032894736842,-0.026315789474,-0.020833333333,-0.091666666667,0.0,-0.020833333333,-0.0,0.004166666667,-0.020833333333,0.0,0.0
random-32-32-20|a100|s153|it0|14650fb0739d0383,random-32-32-20,100,153,0,14650fb0739d0383,repair5g521_grid_c1p20_b1p35_f1p00_w0p70_dc0p95_df1p00_beta0p55_max0p75_c0,g521_second_wave,high_beta,g521_second_wave,1.30593607306,True,False,True,False,False,False,False,False,True,False,False,False,False,True,-0.00730593607,0.01369863014,False,False,1.2,1.35,1.0,0.7,0.95,1.0,0.55,0.75,False,False,False,False,False,False,100.0,4.615120516841,0.0,7183.0,71.83,8.879611609982,0.0,0.0,1.0,0.0,0.0,0.0,6000.0,800.0,383.0,2798.0,3202.0,0.133333333333,0.063833333333,8.0,60.0,0.466333333333,0.0,0.0,0.0,0.0,0.0,2.0,2.0,0.0,100.0,4.61512051684126,0.0,1.2,1.35,1.0,0.7,0.95,1.0,0.55,0.75,0.0,0.0,1.0,0.0,0.0,0.0,0.0,0.0,0.0,1.0,0.0,0.0,0.0,0.466333333333,0.18,0.044683333333,0.0,repair5g59_high_beta_cap_safe,0.132287565553,0.132287565553,0.124239980694,0.036842105263,0.067105263158,0.059210526316,0.061842105263,0.001052631579,0.002631578947,0.151315789474,0.032894736842,-0.026315789474,-0.020833333333,0.108333333333,0.0,-0.020833333333,-0.0,0.004166666667,-0.020833333333,0.0,0.0
random-32-32-20|a100|s153|it0|14650fb0739d0383,random-32-32-20,100,153,0,14650fb0739d0383,repair5g521_grid_c1p25_b1p25_f1p00_w0p50_dc0p95_df1p00_beta0p35_max0p75_c0,g521_second_wave,wait_conservative,g521_second_wave,1.29223744292,True,False,True,False,False,False,False,False,True,False,False,False,False,True,-0.02100456621,0.0,False,False,1.25,1.25,1.0,0.5,0.95,1.0,0.35,0.75,False,False,False,False,False,False,100.0,4.615120516841,0.0,7183.0,71.83,8.879611609982,0.0,0.0,1.0,0.0,0.0,0.0,6000.0,800.0,383.0,2798.0,3202.0,0.133333333333,0.063833333333,8.0,60.0,0.466333333333,0.0,0.0,0.0,0.0,0.0,2.0,2.0,0.0,100.0,4.61512051684126,0.0,1.25,1.25,1.0,0.5,0.95,1.0,0.35,0.75,0.0,0.0,1.0,0.0,0.0,0.0,0.0,0.0,0.0,0.0,0.0,0.0,1.0,0.466333333333,0.166666666666,0.031916666666,0.0,repair5g59_wait_conservative,0.0,0.0,0.0,0.086842105263,-0.032894736842,0.059210526316,-0.138157894737,0.001052631579,0.002631578947,-0.048684210526,0.032894736842,-0.026315789474,0.0,0.0,0.0,0.042857142857,0.007142857143,0.0,0.021428571429,0.0,0.0
random-32-32-20|a100|s153|it0|14650fb0739d0383,random-32-32-20,100,153,0,14650fb0739d0383,repair5g521_grid_c1p25_b1p25_f1p00_w0p35_dc0p95_df1p00_beta0p30_max0p75_c0,g521_second_wave,wait_conservative,g521_second_wave,1.33242009132,True,False,False,False,False,False,False,False,False,False,False,False,False,False,0.01917808219,0.0401826484,True,False,1.25,1.25,1.0,0.35,0.95,1.0,0.3,0.75,False,False,False,False,False,False,100.0,4.615120516841,0.0,7183.0,71.83,8.879611609982,0.0,0.0,1.0,0.0,0.0,0.0,6000.0,800.0,383.0,2798.0,3202.0,0.133333333333,0.063833333333,8.0,60.0,0.466333333333,0.0,0.0,0.0,0.0,0.0,2.0,2.0,0.0,100.0,4.61512051684126,0.0,1.25,1.25,1.0,0.35,0.95,1.0,0.3,0.75,0.0,0.0,1.0,0.0,0.0,0.0,0.0,0.0,0.0,0.0,0.0,0.0,1.0,0.466333333333,0.166666666666,0.022341666667,0.0,repair5g59_wait_conservative,0.158113883008,0.158113883008,0.146792718882,0.086842105263,-0.032894736842,0.059210526316,-0.288157894737,0.001052631579,0.002631578947,-0.098684210526,0.032894736842,-0.026315789474,0.0,0.0,0.0,-0.107142857143,0.007142857143,0.0,-0.028571428571,0.0,0.0
random-32-32-20|a100|s153|it0|14650fb0739d0383,random-32-32-20,100,153,0,14650fb0739d0383,repair5g521_grid_c1p25_b1p25_f1p00_w0p50_dc0p90_df1p00_beta0p35_max0p75_c0,g521_second_wave,wait_conservative,g521_second_wave,1.29223744292,True,False,True,False,False,False,False,False,True,False,False,False,False,True,-0.02100456621,0.0,False,False,1.25,1.25,1.0,0.5,0.9,1.0,0.35,0.75,False,False,False,False,False,False,100.0,4.615120516841,0.0,7183.0,71.83,8.879611609982,0.0,0.0,1.0,0.0,0.0,0.0,6000.0,800.0,383.0,2798.0,3202.0,0.133333333333,0.063833333333,8.0,60.0,0.466333333333,0.0,0.0,0.0,0.0,0.0,2.0,2.0,0.0,100.0,4.61512051684126,0.0,1.25,1.25,1.0,0.5,0.9,1.0,0.35,0.75,0.0,0.0,1.0,0.0,0.0,0.0,0.0,0.0,0.0,0.0,0.0,0.0,1.0,0.466333333333,0.166666666666,0.031916666666,0.0,repair5g59_wait_conservative,0.05,0.05,0.048790164169,0.086842105263,-0.032894736842,0.059210526316,-0.138157894737,-0.048947368421,0.002631578947,-0.048684210526,0.032894736842,-0.026315789474,0.0,0.0,0.0,0.042857142857,-0.042857142857,0.0,0.021428571429,0.0,0.0
random-32-32-20|a100|s153|it0|14650fb0739d0383,random-32-32-20,100,153,0,14650fb0739d0383,repair5g521_grid_c1p25_b1p25_f1p00_w0p50_dc0p95_df1p00_beta0p30_max0p75_c0,g521_second_wave,wait_conservative,g521_second_wave,1.31369863014,True,False,False,False,False,False,False,False,False,False,False,False,False,False,0.00045662101,0.02146118722,False,False,1.25,1.25,1.0,0.5,0.95,1.0,0.3,0.75,False,False,False,False,False,False,100.0,4.615120516841,0.0,7183.0,71.83,8.879611609982,0.0,0.0,1.0,0.0,0.0,0.0,6000.0,800.0,383.0,2798.0,3202.0,0.133333333333,0.063833333333,8.0,60.0,0.466333333333,0.0,0.0,0.0,0.0,0.0,2.0,2.0,0.0,100.0,4.61512051684126,0.0,1.25,1.25,1.0,0.5,0.95,1.0,0.3,0.75,0.0,0.0,1.0,0.0,0.0,0.0,0.0,0.0,0.0,0.0,0.0,0.0,1.0,0.466333333333,0.166666666666,0.031916666666,0.0,repair5g59_wait_conservative,0.05,0.05,0.048790164169,0.086842105263,-0.032894736842,0.059210526316,-0.138157894737,0.001052631579,0.002631578947,-0.098684210526,0.032894736842,-0.026315789474,0.0,0.0,0.0,0.042857142857,0.007142857143,0.0,-0.028571428571,0.0,0.0
random-32-32-20|a100|s153|it0|14650fb0739d0383,random-32-32-20,100,153,0,14650fb0739d0383,repair5g521_grid_c1p25_b1p25_f1p00_w0p75_dc0p95_df1p00_beta0p55_max0p75_c0,g521_second_wave,high_beta,g521_second_wave,1.31369863014,True,False,False,False,False,False,False,False,False,False,False,False,False,False,0.00045662101,0.02146118722,False,False,1.25,1.25,1.0,0.75,0.95,1.0,0.55,0.75,False,False,False,False,False,False,100.0,4.615120516841,0.0,7183.0,71.83,8.879611609982,0.0,0.0,1.0,0.0,0.0,0.0,6000.0,800.0,383.0,2798.0,3202.0,0.133333333333,0.063833333333,8.0,60.0,0.466333333333,0.0,0.0,0.0,0.0,0.0,2.0,2.0,0.0,100.0,4.61512051684126,0.0,1.25,1.25,1.0,0.75,0.95,1.0,0.55,0.75,0.0,0.0,1.0,0.0,0.0,0.0,0.0,0.0,0.0,1.0,0.0,0.0,0.0,0.466333333333,0.166666666666,0.047875,0.0,repair5g59_high_beta_cap_safe,0.05,0.05,0.048790164169,0.086842105263,-0.032894736842,0.059210526316,0.111842105263,0.001052631579,0.002631578947,0.151315789474,0.032894736842,-0.026315789474,0.029166666667,0.008333333333,0.0,0.029166666667,-0.0,0.004166666667,-0.020833333333,0.0,0.0
random-32-32-20|a100|s153|it0|14650fb0739d0383,random-32-32-20,100,153,0,14650fb0739d0383,repair5g521_grid_c1p25_b1p25_f1p00_w0p75_dc0p90_df1p00_beta0p55_max0p75_c0,g521_second_wave,high_beta,g521_second_wave,1.31369863014,True,False,False,False,False,False,False,False,False,False,False,False,False,False,0.00045662101,0.02146118722,False,False,1.25,1.25,1.0,0.75,0.9,1.0,0.55,0.75,False,False,False,False,False,False,100.0,4.615120516841,0.0,7183.0,71.83,8.879611609982,0.0,0.0,1.0,0.0,0.0,0.0,6000.0,800.0,383.0,2798.0,3202.0,0.133333333333,0.063833333333,8.0,60.0,0.466333333333,0.0,0.0,0.0,0.0,0.0,2.0,2.0,0.0,100.0,4.61512051684126,0.0,1.25,1.25,1.0,0.75,0.9,1.0,0.55,0.75,0.0,0.0,1.0,0.0,0.0,0.0,0.0,0.0,0.0,1.0,0.0,0.0,0.0,0.466333333333,0.166666666666,0.047875,0.0,repair5g59_high_beta_cap_safe,0.070710678119,0.070710678119,0.068322613158,0.086842105263,-0.032894736842,0.059210526316,0.111842105263,-0.048947368421,0.002631578947,0.151315789474,0.032894736842,-0.026315789474,0.029166666667,0.008333333333,0.0,0.029166666667,-0.05,0.004166666667,-0.020833333333,0.0,0.0
random-32-32-20|a100|s153|it0|14650fb0739d0383,random-32-32-20,100,153,0,14650fb0739d0383,repair5g521_grid_c1p25_b1p25_f1p00_w0p75_dc0p95_df0p95_beta0p55_max0p75_c0,g521_second_wave,high_beta,g521_second_wave,1.31369863014,True,False,False,False,False,False,False,False,False,False,False,False,False,False,0.00045662101,0.02146118722,False,False,1.25,1.25,1.0,0.75,0.95,0.95,0.55,0.75,False,False,False,False,False,False,100.0,4.615120516841,0.0,7183.0,71.83,8.879611609982,0.0,0.0,1.0,0.0,0.0,0.0,6000.0,800.0,383.0,2798.0,3202.0,0.133333333333,0.063833333333,8.0,60.0,0.466333333333,0.0,0.0,0.0,0.0,0.0,2.0,2.0,0.0,100.0,4.61512051684126,0.0,1.25,1.25,1.0,0.75,0.95,0.95,0.55,0.75,0.0,0.0,1.0,0.0,0.0,0.0,0.0,0.0,0.0,1.0,0.0,0.0,0.0,0.466333333333,0.166666666666,0.047875,0.0,repair5g59_high_beta_cap_safe,0.070710678119,0.070710678119,0.068322613158,0.086842105263,-0.032894736842,0.059210526316,0.111842105263,0.001052631579,-0.047368421053,0.151315789474,0.032894736842,-0.026315789474,0.029166666667,0.008333333333,0.0,0.029166666667,-0.0,-0.045833333333,-0.020833333333,0.0,0.0
random-32-32-20|a100|s153|it0|14650fb0739d0383,random-32-32-20,100,153,0,14650fb0739d0383,repair5g521_grid_c1p25_b1p25_f1p00_w0p75_dc1p00_df1p00_beta0p55_max0p75_c0,g521_second_wave,high_beta,g521_second_wave,1.31369863014,True,False,False,False,False,False,False,False,False,False,False,False,False,False,0.00045662101,0.02146118722,False,False,1.25,1.25,1.0,0.75,1.0,1.0,0.55,0.75,False,False,False,False,False,False,100.0,4.615120516841,0.0,7183.0,71.83,8.879611609982,0.0,0.0,1.0,0.0,0.0,0.0,6000.0,800.0,383.0,2798.0,3202.0,0.133333333333,0.063833333333,8.0,60.0,0.466333333333,0.0,0.0,0.0,0.0,0.0,2.0,2.0,0.0,100.0,4.61512051684126,0.0,1.25,1.25,1.0,0.75,1.0,1.0,0.55,0.75,0.0,0.0,1.0,0.0,0.0,0.0,0.0,0.0,0.0,1.0,0.0,0.0,0.0,0.466333333333,0.166666666666,0.047875,0.0,repair5g59_high_beta_cap_safe,0.070710678119,0.070710678119,0.068322613158,0.086842105263,-0.032894736842,0.059210526316,0.111842105263,0.051052631579,0.002631578947,0.151315789474,0.032894736842,-0.026315789474,0.029166666667,0.008333333333,0.0,0.029166666667,0.05,0.004166666667,-0.020833333333,0.0,0.0
random-32-32-20|a100|s155|it0|14650fb0739d0383,random-32-32-20,100,155,0,14650fb0739d0383,repair5g59_additive_fallback,old14,additive,old14,1.4073736914,True,False,False,False,False,False,False,False,False,False,False,False,False,False,0.0728265817,0.17205279927,True,False,,,,,,,,,,False,False,False,False,False,100.0,4.615120516841,0.0,6471.0,64.71,8.775240458738,0.0,0.0,1.0,0.0,0.0,0.0,5600.0,605.0,266.0,2723.0,2877.0,0.108035714286,0.0475,6.05,56.0,0.48625,0.0,0.0,0.0,0.0,0.0,2.0,2.0,0.0,100.0,4.61512051684126,0.0,1.0,1.0,0.0,1.0,1.0,1.0,0.0,0.0,0.0,0.0,0.0,1.0,1.0,0.0,0.0,0.0,0.0,0.0,0.0,0.0,0.0,0.0,0.108035714286,0.0475,0.0,,,,0.0,-0.163157894737,-0.282894736842,-0.940789473684,0.361842105263,0.051052631579,0.002631578947,-0.398684210526,-0.717105263158,-0.026315789474,0.0,0.0,0.0,0.0,0.0,0.0,0.0,0.0,0.0
random-32-32-20|a100|s155|it0|14650fb0739d0383,random-32-32-20,100,155,0,14650fb0739d0383,repair5g59_block_heavy_flow_guard,old14,block_heavy,old14,1.30450614474,True,False,True,False,False,False,False,False,False,False,False,False,False,False,-0.03004096496,0.06918525261,False,False,1.0,1.5,1.0,0.5,0.95,1.0,0.35,0.75,False,False,False,False,False,False,100.0,4.615120516841,0.0,6471.0,64.71,8.775240458738,0.0,0.0,1.0,0.0,0.0,0.0,5600.0,605.0,266.0,2723.0,2877.0,0.108035714286,0.0475,6.05,56.0,0.48625,0.0,0.0,0.0,0.0,0.0,2.0,2.0,0.0,100.0,4.61512051684126,0.0,1.0,1.5,1.0,0.5,0.95,1.0,0.35,0.75,0.0,0.0,0.0,1.0,0.0,1.0,0.0,0.0,0.0,0.0,0.0,0.0,0.0,0.48625,0.162053571429,0.02375,0.0,repair5g59_block_heavy_flow_guard,0.0,0.0,0.0,-0.163157894737,0.217105263158,0.059210526316,-0.138157894737,0.001052631579,0.002631578947,-0.048684210526,0.032894736842,-0.026315789474,0.0875,-0.0125,0.0,0.04375,0.00625,0.0,-0.0375,0.0,0.0
random-32-32-20|a100|s155|it0|14650fb0739d0383,random-32-32-20,100,155,0,14650fb0739d0383,repair5g59_c_only_f_disabled,old14,static_boundary_c_only,old14,1.45789713245,True,False,False,False,False,False,False,False,False,False,False,False,False,False,0.12335002275,0.22257624032,True,False,1.25,1.25,0.0,0.75,0.95,1.0,0.0,0.0,True,False,False,False,False,False,100.0,4.615120516841,0.0,6471.0,64.71,8.775240458738,0.0,0.0,1.0,0.0,0.0,0.0,5600.0,605.0,266.0,2723.0,2877.0,0.108035714286,0.0475,6.05,56.0,0.48625,0.0,0.0,0.0,0.0,0.0,2.0,2.0,0.0,100.0,4.61512051684126,0.0,1.25,1.25,0.0,0.75,0.95,1.0,0.0,0.0,1.0,0.0,0.0,1.0,0.0,0.0,0.0,0.0,0.0,0.0,0.0,1.0,0.0,0.0,0.135044642858,0.035625,0.0,repair5g59_c_only_f_disabled,0.0,0.0,0.0,0.086842105263,-0.032894736842,-0.940789473684,0.111842105263,0.001052631579,0.002631578947,-0.398684210526,-0.717105263158,0.973684210526,0.0,0.0,0.0,0.0,0.0,0.0,0.0,0.0,0.0
random-32-32-20|a100|s155|it0|14650fb0739d0383,random-32-32-20,100,155,0,14650fb0739d0383,repair5g59_commit_heavy_flow_guard,old14,commit_heavy,old14,1.30541647701,True,False,True,False,False,False,False,False,False,False,False,False,False,False,-0.02913063269,0.07009558488,False,False,1.5,1.0,1.0,0.75,0.95,1.0,0.35,0.75,False,False,False,False,False,False,100.0,4.615120516841,0.0,6471.0,64.71,8.775240458738,0.0,0.0,1.0,0.0,0.0,0.0,5600.0,605.0,266.0,2723.0,2877.0,0.108035714286,0.0475,6.05,56.0,0.48625,0.0,0.0,0.0,0.0,0.0,2.0,2.0,0.0,100.0,4.61512051684126,0.0,1.5,1.0,1.0,0.75,0.95,1.0,0.35,0.75,0.0,0.0,0.0,1.0,0.0,0.0,1.0,0.0,0.0,0.0,0.0,0.0,0.0,0.48625,0.108035714286,0.035625,0.0,repair5g59_commit_heavy_flow_guard,0.0,0.0,0.0,0.336842105263,-0.282894736842,0.059210526316,0.111842105263,0.001052631579,0.002631578947,-0.048684210526,0.032894736842,-0.026315789474,0.0,0.0,0.0,0.0,0.0,0.0,0.0,0.0,0.0
random-32-32-20|a100|s155|it0|14650fb0739d0383,random-32-32-20,100,155,0,14650fb0739d0383,repair5g59_fast_decay_low_shield,old14,flow_decay,old14,1.42193900774,True,False,False,False,False,False,False,False,False,False,False,False,False,False,0.08739189804,0.18661811561,True,False,1.25,1.25,1.0,0.75,0.9,1.0,0.2,0.5,False,False,False,False,False,False,100.0,4.615120516841,0.0,6471.0,64.71,8.775240458738,0.0,0.0,1.0,0.0,0.0,0.0,5600.0,605.0,266.0,2723.0,2877.0,0.108035714286,0.0475,6.05,56.0,0.48625,0.0,0.0,0.0,0.0,0.0,2.0,2.0,0.0,100.0,4.61512051684126,0.0,1.25,1.25,1.0,0.75,0.9,1.0,0.2,0.5,0.0,0.0,0.0,1.0,0.0,0.0,0.0,1.0,0.0,0.0,0.0,0.0,0.0,0.48625,0.135044642858,0.035625,0.0,repair5g59_fast_decay_low_shield,0.0,0.0,0.0,0.086842105263,-0.032894736842,0.059210526316,0.111842105263,-0.048947368421,0.002631578947,-0.198684210526,-0.217105263158,-0.026315789474,0.05,0.05,0.05,0.0,-0.052,0.01,-0.1,-0.3,0.0
random-32-32-20|a100|s155|it0|14650fb0739d0383,random-32-32-20,100,155,0,14650fb0739d0383,repair5g59_flow_decay,old14,flow_decay,old14,1.3345471097,True,False,False,False,False,False,False,False,False,False,False,False,False,False,0.0,0.09922621757,False,False,1.25,1.25,1.0,0.75,0.95,0.95,0.35,0.75,False,False,False,False,False,False,100.0,4.615120516841,0.0,6471.0,64.71,8.775240458738,0.0,0.0,1.0,0.0,0.0,0.0,5600.0,605.0,266.0,2723.0,2877.0,0.108035714286,0.0475,6.05,56.0,0.48625,0.0,0.0,0.0,0.0,0.0,2.0,2.0,0.0,100.0,4.61512051684126,0.0,1.25,1.25,1.0,0.75,0.95,0.95,0.35,0.75,0.0,0.0,0.0,1.0,0.0,0.0,0.0,1.0,0.0,0.0,0.0,0.0,0.0,0.48625,0.135044642858,0.035625,0.0,repair5g59_flow_decay,0.0,0.0,0.0,0.086842105263,-0.032894736842,0.059210526316,0.111842105263,0.001052631579,-0.047368421053,-0.048684210526,0.032894736842,-0.026315789474,0.05,0.05,0.05,0.0,-0.002,-0.04,0.05,-0.05,0.0
random-32-32-20|a100|s155|it0|14650fb0739d0383,random-32-32-20,100,155,0,14650fb0739d0383,repair5g59_high_beta_cap_safe,old14,high_beta,old14,1.28083750569,True,False,True,False,False,False,False,False,False,False,False,False,False,False,-0.05370960401,0.04551661356,False,False,1.25,1.25,1.0,0.75,0.95,1.0,0.6,0.75,False,False,False,False,False,False,100.0,4.615120516841,0.0,6471.0,64.71,8.775240458738,0.0,0.0,1.0,0.0,0.0,0.0,5600.0,605.0,266.0,2723.0,2877.0,0.108035714286,0.0475,6.05,56.0,0.48625,0.0,0.0,0.0,0.0,0.0,2.0,2.0,0.0,100.0,4.61512051684126,0.0,1.25,1.25,1.0,0.75,0.95,1.0,0.6,0.75,0.0,0.0,0.0,1.0,0.0,0.0,0.0,0.0,0.0,1.0,0.0,0.0,0.0,0.48625,0.135044642858,0.035625,0.0,repair5g59_high_beta_cap_safe,0.0,0.0,0.0,0.086842105263,-0.032894736842,0.059210526316,0.111842105263,0.001052631579,0.002631578947,0.201315789474,0.032894736842,-0.026315789474,0.029166666667,0.008333333333,0.0,0.029166666667,-0.0,0.004166666667,0.029166666667,0.0,0.0
random-32-32-20|a100|s155|it0|14650fb0739d0383,random-32-32-20,100,155,0,14650fb0739d0383,repair5g59_light_cong_light_flow,old14,flow_decay,old14,1.34729176149,True,False,False,False,False,False,False,False,False,False,False,False,False,False,0.01274465179,0.11197086936,True,False,1.0,1.0,0.75,0.75,0.98,1.0,0.25,0.5,False,False,False,False,False,False,100.0,4.615120516841,0.0,6471.0,64.71,8.775240458738,0.0,0.0,1.0,0.0,0.0,0.0,5600.0,605.0,266.0,2723.0,2877.0,0.108035714286,0.0475,6.05,56.0,0.48625,0.0,0.0,0.0,0.0,0.0,2.0,2.0,0.0,100.0,4.61512051684126,0.0,1.0,1.0,0.75,0.75,0.98,1.0,0.25,0.5,0.0,0.0,0.0,1.0,0.0,0.0,0.0,1.0,0.0,0.0,0.0,0.0,0.0,0.3646875,0.108035714286,0.035625,0.0,repair5g59_light_cong_light_flow,0.0,0.0,0.0,-0.163157894737,-0.282894736842,-0.190789473684,0.111842105263,0.031052631579,0.002631578947,-0.148684210526,-0.217105263158,-0.026315789474,-0.2,-0.2,-0.2,0.0,0.028,0.01,-0.05,-0.3,0.0
random-32-32-20|a100|s155|it0|14650fb0739d0383,random-32-32-20,100,155,0,14650fb0739d0383,repair5g59_low_beta_high_cap,old14,flow_decay,old14,1.25216203914,True,False,True,False,False,False,False,False,False,False,False,False,False,False,-0.08238507056,0.01684114701,False,False,1.25,1.25,1.0,0.75,0.95,1.0,0.2,1.25,False,False,False,False,False,False,100.0,4.615120516841,0.0,6471.0,64.71,8.775240458738,0.0,0.0,1.0,0.0,0.0,0.0,5600.0,605.0,266.0,2723.0,2877.0,0.108035714286,0.0475,6.05,56.0,0.48625,0.0,0.0,0.0,0.0,0.0,2.0,2.0,0.0,100.0,4.61512051684126,0.0,1.25,1.25,1.0,0.75,0.95,1.0,0.2,1.25,0.0,0.0,0.0,1.0,0.0,0.0,0.0,1.0,0.0,0.0,0.0,0.0,0.0,0.48625,0.135044642858,0.035625,0.0,repair5g59_low_beta_high_cap,0.0,0.0,0.0,0.086842105263,-0.032894736842,0.059210526316,0.111842105263,0.001052631579,0.002631578947,-0.198684210526,0.532894736842,-0.026315789474,0.05,0.05,0.05,0.0,-0.002,0.01,-0.1,0.45,0.0
random-32-32-20|a100|s155|it0|14650fb0739d0383,random-32-32-20,100,155,0,14650fb0739d0383,repair5g59_slow_decay_high_shield,old14,flow_decay,old14,1.23532089213,True,False,True,False,False,False,False,False,False,False,False,False,False,False,-0.09922621757,0.0,False,False,1.25,1.25,1.0,0.75,0.98,1.0,0.5,1.0,False,False,False,False,False,False,100.0,4.615120516841,0.0,6471.0,64.71,8.775240458738,0.0,0.0,1.0,0.0,0.0,0.0,5600.0,605.0,266.0,2723.0,2877.0,0.108035714286,0.0475,6.05,56.0,0.48625,0.0,0.0,0.0,0.0,0.0,2.0,2.0,0.0,100.0,4.61512051684126,0.0,1.25,1.25,1.0,0.75,0.98,1.0,0.5,1.0,0.0,0.0,0.0,1.0,0.0,0.0,0.0,1.0,0.0,0.0,0.0,0.0,0.0,0.48625,0.135044642858,0.035625,0.0,repair5g59_slow_decay_high_shield,0.0,0.0,0.0,0.086842105263,-0.032894736842,0.059210526316,0.111842105263,0.031052631579,0.002631578947,0.101315789474,0.282894736842,-0.026315789474,0.05,0.05,0.05,0.0,0.028,0.01,0.2,0.2,0.0
random-32-32-20|a100|s155|it0|14650fb0739d0383,random-32-32-20,100,155,0,14650fb0739d0383,repair5g59_static_abstain_candidate,old14,static,old14,1.3345471097,True,False,False,False,False,False,False,False,False,False,False,False,False,False,0.0,0.09922621757,False,False,1.25,1.25,1.0,0.75,0.95,1.0,0.35,0.75,False,False,False,False,False,False,100.0,4.615120516841,0.0,6471.0,64.71,8.775240458738,0.0,0.0,1.0,0.0,0.0,0.0,5600.0,605.0,266.0,2723.0,2877.0,0.108035714286,0.0475,6.05,56.0,0.48625,0.0,0.0,0.0,0.0,0.0,2.0,2.0,0.0,100.0,4.61512051684126,0.0,1.25,1.25,1.0,0.75,0.95,1.0,0.35,0.75,0.0,0.0,0.0,1.0,0.0,0.0,0.0,0.0,0.0,0.0,1.0,0.0,0.0,0.48625,0.135044642858,0.035625,0.0,repair5g59_static_abstain_candidate,0.0,0.0,0.0,0.086842105263,-0.032894736842,0.059210526316,0.111842105263,0.001052631579,0.002631578947,-0.048684210526,0.032894736842,-0.026315789474,0.0,0.0,0.0,0.0,0.0,0.0,0.0,0.0,0.0
random-32-32-20|a100|s155|it0|14650fb0739d0383,random-32-32-20,100,155,0,14650fb0739d0383,repair5g59_static_flow_shield,old14,static,old14,1.3345471097,True,False,False,False,False,False,False,False,False,False,False,False,False,False,0.0,0.09922621757,False,False,1.25,1.25,1.0,0.75,0.95,1.0,0.35,0.75,False,False,False,False,False,False,100.0,4.615120516841,0.0,6471.0,64.71,8.775240458738,0.0,0.0,1.0,0.0,0.0,0.0,5600.0,605.0,266.0,2723.0,2877.0,0.108035714286,0.0475,6.05,56.0,0.48625,0.0,0.0,0.0,0.0,0.0,2.0,2.0,0.0,100.0,4.61512051684126,0.0,1.25,1.25,1.0,0.75,0.95,1.0,0.35,0.75,0.0,0.0,0.0,1.0,0.0,0.0,0.0,0.0,0.0,0.0,1.0,0.0,0.0,0.48625,0.135044642858,0.035625,0.0,repair5g59_static_abstain_candidate,0.0,0.0,0.0,0.086842105263,-0.032894736842,0.059210526316,0.111842105263,0.001052631579,0.002631578947,-0.048684210526,0.032894736842,-0.026315789474,0.0,0.0,0.0,0.0,0.0,0.0,0.0,0.0,0.0
random-32-32-20|a100|s155|it0|14650fb0739d0383,random-32-32-20,100,155,0,14650fb0739d0383,repair5g59_wait_aggressive,old14,flow_shield,old14,1.29722348657,True,False,True,False,False,False,False,False,False,False,False,False,False,False,-0.03732362313,0.06190259444,False,False,1.25,1.25,1.0,1.0,0.95,1.0,0.35,0.75,False,False,False,False,False,False,100.0,4.615120516841,0.0,6471.0,64.71,8.775240458738,0.0,0.0,1.0,0.0,0.0,0.0,5600.0,605.0,266.0,2723.0,2877.0,0.108035714286,0.0475,6.05,56.0,0.48625,0.0,0.0,0.0,0.0,0.0,2.0,2.0,0.0,100.0,4.61512051684126,0.0,1.25,1.25,1.0,1.0,0.95,1.0,0.35,0.75,0.0,0.0,0.0,1.0,0.0,0.0,0.0,0.0,1.0,0.0,0.0,0.0,0.0,0.48625,0.135044642858,0.0475,0.0,repair5g59_wait_aggressive,0.0,0.0,0.0,0.086842105263,-0.032894736842,0.059210526316,0.361842105263,0.001052631579,0.002631578947,-0.048684210526,0.032894736842,-0.026315789474,0.0,0.0,0.0,0.0,0.0,0.0,0.0,0.0,0.0
random-32-32-20|a100|s155|it0|14650fb0739d0383,random-32-32-20,100,155,0,14650fb0739d0383,repair5g59_wait_conservative,old14,wait_conservative,old14,1.30951297223,True,False,True,False,False,False,False,False,False,False,False,False,False,False,-0.02503413747,0.0741920801,False,False,1.25,1.25,1.0,0.5,0.95,1.0,0.35,0.75,False,False,False,False,False,False,100.0,4.615120516841,0.0,6471.0,64.71,8.775240458738,0.0,0.0,1.0,0.0,0.0,0.0,5600.0,605.0,266.0,2723.0,2877.0,0.108035714286,0.0475,6.05,56.0,0.48625,0.0,0.0,0.0,0.0,0.0,2.0,2.0,0.0,100.0,4.61512051684126,0.0,1.25,1.25,1.0,0.5,0.95,1.0,0.35,0.75,0.0,0.0,0.0,1.0,0.0,0.0,0.0,0.0,0.0,0.0,0.0,0.0,1.0,0.48625,0.135044642858,0.02375,0.0,repair5g59_wait_conservative,0.0,0.0,0.0,0.086842105263,-0.032894736842,0.059210526316,-0.138157894737,0.001052631579,0.002631578947,-0.048684210526,0.032894736842,-0.026315789474,0.0,0.0,0.0,0.042857142857,0.007142857143,0.0,0.021428571429,0.0,0.0
random-32-32-20|a100|s155|it0|14650fb0739d0383,random-32-32-20,100,155,0,14650fb0739d0383,repair5g518_grid_c1p25_b1p25_f1p00_w0p50_dc0p95_df1p00_beta0p35_max0p75_c0,g518_retained,wait_conservative,g518_retained,1.30951297223,True,False,True,False,False,False,False,False,True,False,False,False,False,True,-0.02503413747,0.0741920801,False,False,1.25,1.25,1.0,0.5,0.95,1.0,0.35,0.75,False,False,False,False,False,False,100.0,4.615120516841,0.0,6471.0,64.71,8.775240458738,0.0,0.0,1.0,0.0,0.0,0.0,5600.0,605.0,266.0,2723.0,2877.0,0.108035714286,0.0475,6.05,56.0,0.48625,0.0,0.0,0.0,0.0,0.0,2.0,2.0,0.0,100.0,4.61512051684126,0.0,1.25,1.25,1.0,0.5,0.95,1.0,0.35,0.75,0.0,1.0,0.0,0.0,0.0,0.0,0.0,0.0,0.0,0.0,0.0,0.0,1.0,0.48625,0.135044642858,0.02375,0.0,repair5g59_wait_conservative,0.0,0.0,0.0,0.086842105263,-0.032894736842,0.059210526316,-0.138157894737,0.001052631579,0.002631578947,-0.048684210526,0.032894736842,-0.026315789474,0.0,0.0,0.0,0.042857142857,0.007142857143,0.0,0.021428571429,0.0,0.0
random-32-32-20|a100|s155|it0|14650fb0739d0383,random-32-32-20,100,155,0,14650fb0739d0383,repair5g518_grid_c1p20_b1p35_f1p00_w0p70_dc0p95_df1p00_beta0p60_max0p75_c0,g518_retained,high_beta,g518_retained,1.31269913518,True,False,True,False,False,False,False,False,True,False,False,False,False,True,-0.02184797452,0.07737824305,False,False,1.2,1.35,1.0,0.7,0.95,1.0,0.6,0.75,False,False,False,False,False,False,100.0,4.615120516841,0.0,6471.0,64.71,8.775240458738,0.0,0.0,1.0,0.0,0.0,0.0,5600.0,605.0,266.0,2723.0,2877.0,0.108035714286,0.0475,6.05,56.0,0.48625,0.0,0.0,0.0,0.0,0.0,2.0,2.0,0.0,100.0,4.61512051684126,0.0,1.2,1.35,1.0,0.7,0.95,1.0,0.6,0.75,0.0,1.0,0.0,0.0,0.0,0.0,0.0,0.0,0.0,1.0,0.0,0.0,0.0,0.48625,0.145848214286,0.03325,0.0,repair5g59_high_beta_cap_safe,0.122474487139,0.122474487139,0.115535611769,0.036842105263,0.067105263158,0.059210526316,0.061842105263,0.001052631579,0.002631578947,0.201315789474,0.032894736842,-0.026315789474,-0.020833333333,0.108333333333,0.0,-0.020833333333,-0.0,0.004166666667,0.029166666667,0.0,0.0
random-32-32-20|a100|s155|it0|14650fb0739d0383,random-32-32-20,100,155,0,14650fb0739d0383,repair5g518_grid_c0p90_b1p50_f1p00_w0p45_dc0p95_df1p00_beta0p45_max0p75_c0,g518_retained,block_heavy,g518_retained,1.23167956304,True,False,True,False,True,False,False,False,True,False,True,False,False,True,-0.10286754666,-0.00364132909,False,False,0.9,1.5,1.0,0.45,0.95,1.0,0.45,0.75,False,False,False,False,False,False,100.0,4.615120516841,0.0,6471.0,64.71,8.775240458738,0.0,0.0,1.0,0.0,0.0,0.0,5600.0,605.0,266.0,2723.0,2877.0,0.108035714286,0.0475,6.05,56.0,0.48625,0.0,0.0,0.0,0.0,0.0,2.0,2.0,0.0,100.0,4.61512051684126,0.0,0.9,1.5,1.0,0.45,0.95,1.0,0.45,0.75,0.0,1.0,0.0,0.0,0.0,1.0,0.0,0.0,0.0,0.0,0.0,0.0,0.0,0.48625,0.162053571429,0.021375,0.0,repair5g59_block_heavy_flow_guard,0.15,0.15,0.139761942375,-0.263157894737,0.217105263158,0.059210526316,-0.188157894737,0.001052631579,0.002631578947,0.051315789474,0.032894736842,-0.026315789474,-0.0125,-0.0125,0.0,-0.00625,0.00625,0.0,0.0625,0.0,0.0
random-32-32-20|a100|s155|it0|14650fb0739d0383,random-32-32-20,100,155,0,14650fb0739d0383,repair5g518_grid_c1p25_b1p25_f1p00_w0p35_dc0p95_df1p00_beta0p30_max0p75_c0,g518_retained,wait_conservative,g518_retained,1.29949931725,True,False,True,False,False,False,False,False,True,False,False,False,False,True,-0.03504779245,0.06417842512,False,False,1.25,1.25,1.0,0.35,0.95,1.0,0.3,0.75,False,False,False,False,False,False,100.0,4.615120516841,0.0,6471.0,64.71,8.775240458738,0.0,0.0,1.0,0.0,0.0,0.0,5600.0,605.0,266.0,2723.0,2877.0,0.108035714286,0.0475,6.05,56.0,0.48625,0.0,0.0,0.0,0.0,0.0,2.0,2.0,0.0,100.0,4.61512051684126,0.0,1.25,1.25,1.0,0.35,0.95,1.0,0.3,0.75,0.0,1.0,0.0,0.0,0.0,0.0,0.0,0.0,0.0,0.0,0.0,0.0,1.0,0.48625,0.135044642858,0.016625,0.0,repair5g59_wait_conservative,0.158113883008,0.158113883008,0.146792718882,0.086842105263,-0.032894736842,0.059210526316,-0.288157894737,0.001052631579,0.002631578947,-0.098684210526,0.032894736842,-0.026315789474,0.0,0.0,0.0,-0.107142857143,0.007142857143,0.0,-0.028571428571,0.0,0.0
random-32-32-20|a100|s155|it0|14650fb0739d0383,random-32-32-20,100,155,0,14650fb0739d0383,repair5g518_grid_c0p90_b1p40_f1p00_w0p45_dc0p95_df1p00_beta0p35_max0p75_c0,g518_retained,block_heavy,g518_retained,1.29039599454,True,False,True,False,False,False,False,False,True,False,False,False,False,True,-0.04415111516,0.05507510241,False,False,0.9,1.4,1.0,0.45,0.95,1.0,0.35,0.75,False,False,False,False,False,False,100.0,4.615120516841,0.0,6471.0,64.71,8.775240458738,0.0,0.0,1.0,0.0,0.0,0.0,5600.0,605.0,266.0,2723.0,2877.0,0.108035714286,0.0475,6.05,56.0,0.48625,0.0,0.0,0.0,0.0,0.0,2.0,2.0,0.0,100.0,4.61512051684126,0.0,0.9,1.4,1.0,0.45,0.95,1.0,0.35,0.75,0.0,1.0,0.0,0.0,0.0,1.0,0.0,0.0,0.0,0.0,0.0,0.0,0.0,0.48625,0.15125,0.021375,0.0,repair5g59_block_heavy_flow_guard,0.15,0.15,0.139761942375,-0.263157894737,0.117105263158,0.059210526316,-0.188157894737,0.001052631579,0.002631578947,-0.048684210526,0.032894736842,-0.026315789474,-0.0125,-0.1125,0.0,-0.00625,0.00625,0.0,-0.0375,0.0,0.0
random-32-32-20|a100|s155|it0|14650fb0739d0383,random-32-32-20,100,155,0,14650fb0739d0383,repair5g518_grid_c1p20_b1p15_f1p00_w0p70_dc0p95_df1p00_beta0p60_max0p75_c0,g518_retained,high_beta,g518_retained,1.28766499772,True,False,True,False,False,False,False,False,True,False,False,False,False,True,-0.04688211198,0.05234410559,False,False,1.2,1.15,1.0,0.7,0.95,1.0,0.6,0.75,False,False,False,False,False,False,100.0,4.615120516841,0.0,6471.0,64.71,8.775240458738,0.0,0.0,1.0,0.0,0.0,0.0,5600.0,605.0,266.0,2723.0,2877.0,0.108035714286,0.0475,6.05,56.0,0.48625,0.0,0.0,0.0,0.0,0.0,2.0,2.0,0.0,100.0,4.61512051684126,0.0,1.2,1.15,1.0,0.7,0.95,1.0,0.6,0.75,0.0,1.0,0.0,0.0,0.0,0.0,0.0,0.0,0.0,1.0,0.0,0.0,0.0,0.48625,0.124241071429,0.03325,0.0,repair5g59_high_beta_cap_safe,0.122474487139,0.122474487139,0.115535611769,0.036842105263,-0.132894736842,0.059210526316,0.061842105263,0.001052631579,0.002631578947,0.201315789474,0.032894736842,-0.026315789474,-0.020833333333,-0.091666666667,0.0,-0.020833333333,-0.0,0.004166666667,0.029166666667,0.0,0.0
random-32-32-20|a100|s155|it0|14650fb0739d0383,random-32-32-20,100,155,0,14650fb0739d0383,repair5g518_grid_c0p90_b1p65_f1p00_w0p45_dc0p95_df1p00_beta0p35_max0p75_c0,g518_retained,block_heavy,g518_retained,1.32498862085,True,False,True,False,False,False,False,False,True,False,False,False,False,True,-0.00955848885,0.08966772872,False,False,0.9,1.65,1.0,0.45,0.95,1.0,0.35,0.75,False,False,False,False,False,False,100.0,4.615120516841,0.0,6471.0,64.71,8.775240458738,0.0,0.0,1.0,0.0,0.0,0.0,5600.0,605.0,266.0,2723.0,2877.0,0.108035714286,0.0475,6.05,56.0,0.48625,0.0,0.0,0.0,0.0,0.0,2.0,2.0,0.0,100.0,4.61512051684126,0.0,0.9,1.65,1.0,0.45,0.95,1.0,0.35,0.75,0.0,1.0,0.0,0.0,0.0,1.0,0.0,0.0,0.0,0.0,0.0,0.0,0.0,0.48625,0.178258928572,0.021375,0.0,repair5g59_block_heavy_flow_guard,0.187082869339,0.187082869339,0.171498927292,-0.263157894737,0.367105263158,0.059210526316,-0.188157894737,0.001052631579,0.002631578947,-0.048684210526,0.032894736842,-0.026315789474,-0.0125,0.1375,0.0,-0.00625,0.00625,0.0,-0.0375,0.0,0.0
random-32-32-20|a100|s155|it0|14650fb0739d0383,random-32-32-20,100,155,0,14650fb0739d0383,repair5g518_grid_c1p20_b1p15_f1p00_w0p70_dc0p95_df1p00_beta0p55_max0p75_c0,g518_retained,high_beta,g518_retained,1.24670004552,True,False,True,False,False,False,False,False,True,False,False,False,False,True,-0.08784706418,0.01137915339,False,False,1.2,1.15,1.0,0.7,0.95,1.0,0.55,0.75,False,False,False,False,False,False,100.0,4.615120516841,0.0,6471.0,64.71,8.775240458738,0.0,0.0,1.0,0.0,0.0,0.0,5600.0,605.0,266.0,2723.0,2877.0,0.108035714286,0.0475,6.05,56.0,0.48625,0.0,0.0,0.0,0.0,0.0,2.0,2.0,0.0,100.0,4.61512051684126,0.0,1.2,1.15,1.0,0.7,0.95,1.0,0.55,0.75,0.0,1.0,0.0,0.0,0.0,0.0,0.0,0.0,0.0,1.0,0.0,0.0,0.0,0.48625,0.124241071429,0.03325,0.0,repair5g59_high_beta_cap_safe,0.132287565553,0.132287565553,0.124239980694,0.036842105263,-0.132894736842,0.059210526316,0.061842105263,0.001052631579,0.002631578947,0.151315789474,0.032894736842,-0.026315789474,-0.020833333333,-0.091666666667,0.0,-0.020833333333,-0.0,0.004166666667,-0.020833333333,0.0,0.0
random-32-32-20|a100|s155|it0|14650fb0739d0383,random-32-32-20,100,155,0,14650fb0739d0383,repair5g521_grid_c0p90_b1p50_f1p00_w0p45_dc0p95_df1p00_beta0p45_max0p75_c0,g521_second_wave,block_heavy,g521_second_wave,1.23167956304,True,False,True,False,False,False,False,False,True,False,False,False,False,True,-0.10286754666,-0.00364132909,False,False,0.9,1.5,1.0,0.45,0.95,1.0,0.45,0.75,False,False,False,False,False,False,100.0,4.615120516841,0.0,6471.0,64.71,8.775240458738,0.0,0.0,1.0,0.0,0.0,0.0,5600.0,605.0,266.0,2723.0,2877.0,0.108035714286,0.0475,6.05,56.0,0.48625,0.0,0.0,0.0,0.0,0.0,2.0,2.0,0.0,100.0,4.61512051684126,0.0,0.9,1.5,1.0,0.45,0.95,1.0,0.45,0.75,0.0,0.0,1.0,0.0,0.0,1.0,0.0,0.0,0.0,0.0,0.0,0.0,0.0,0.48625,0.162053571429,0.021375,0.0,repair5g59_block_heavy_flow_guard,0.15,0.15,0.139761942375,-0.263157894737,0.217105263158,0.059210526316,-0.188157894737,0.001052631579,0.002631578947,0.051315789474,0.032894736842,-0.026315789474,-0.0125,-0.0125,0.0,-0.00625,0.00625,0.0,0.0625,0.0,0.0
random-32-32-20|a100|s155|it0|14650fb0739d0383,random-32-32-20,100,155,0,14650fb0739d0383,repair5g521_grid_c0p90_b1p40_f1p00_w0p45_dc0p95_df1p00_beta0p35_max0p75_c0,g521_second_wave,block_heavy,g521_second_wave,1.29039599454,True,False,True,False,False,False,False,False,True,False,False,False,False,True,-0.04415111516,0.05507510241,False,False,0.9,1.4,1.0,0.45,0.95,1.0,0.35,0.75,False,False,False,False,False,False,100.0,4.615120516841,0.0,6471.0,64.71,8.775240458738,0.0,0.0,1.0,0.0,0.0,0.0,5600.0,605.0,266.0,2723.0,2877.0,0.108035714286,0.0475,6.05,56.0,0.48625,0.0,0.0,0.0,0.0,0.0,2.0,2.0,0.0,100.0,4.61512051684126,0.0,0.9,1.4,1.0,0.45,0.95,1.0,0.35,0.75,0.0,0.0,1.0,0.0,0.0,1.0,0.0,0.0,0.0,0.0,0.0,0.0,0.0,0.48625,0.15125,0.021375,0.0,repair5g59_block_heavy_flow_guard,0.15,0.15,0.139761942375,-0.263157894737,0.117105263158,0.059210526316,-0.188157894737,0.001052631579,0.002631578947,-0.048684210526,0.032894736842,-0.026315789474,-0.0125,-0.1125,0.0,-0.00625,0.00625,0.0,-0.0375,0.0,0.0
random-32-32-20|a100|s155|it0|14650fb0739d0383,random-32-32-20,100,155,0,14650fb0739d0383,repair5g521_grid_c0p90_b1p65_f1p00_w0p45_dc0p95_df1p00_beta0p35_max0p75_c0,g521_second_wave,block_heavy,g521_second_wave,1.32498862085,True,False,True,False,False,False,False,False,True,False,False,False,False,True,-0.00955848885,0.08966772872,False,False,0.9,1.65,1.0,0.45,0.95,1.0,0.35,0.75,False,False,False,False,False,False,100.0,4.615120516841,0.0,6471.0,64.71,8.775240458738,0.0,0.0,1.0,0.0,0.0,0.0,5600.0,605.0,266.0,2723.0,2877.0,0.108035714286,0.0475,6.05,56.0,0.48625,0.0,0.0,0.0,0.0,0.0,2.0,2.0,0.0,100.0,4.61512051684126,0.0,0.9,1.65,1.0,0.45,0.95,1.0,0.35,0.75,0.0,0.0,1.0,0.0,0.0,1.0,0.0,0.0,0.0,0.0,0.0,0.0,0.0,0.48625,0.178258928572,0.021375,0.0,repair5g59_block_heavy_flow_guard,0.187082869339,0.187082869339,0.171498927292,-0.263157894737,0.367105263158,0.059210526316,-0.188157894737,0.001052631579,0.002631578947,-0.048684210526,0.032894736842,-0.026315789474,-0.0125,0.1375,0.0,-0.00625,0.00625,0.0,-0.0375,0.0,0.0
random-32-32-20|a100|s155|it0|14650fb0739d0383,random-32-32-20,100,155,0,14650fb0739d0383,repair5g521_grid_c0p90_b1p50_f1p00_w0p45_dc0p90_df1p00_beta0p45_max0p75_c0,g521_second_wave,block_heavy,g521_second_wave,1.23167956304,True,False,True,False,False,False,False,False,True,False,False,False,False,True,-0.10286754666,-0.00364132909,False,False,0.9,1.5,1.0,0.45,0.9,1.0,0.45,0.75,False,False,False,False,False,False,100.0,4.615120516841,0.0,6471.0,64.71,8.775240458738,0.0,0.0,1.0,0.0,0.0,0.0,5600.0,605.0,266.0,2723.0,2877.0,0.108035714286,0.0475,6.05,56.0,0.48625,0.0,0.0,0.0,0.0,0.0,2.0,2.0,0.0,100.0,4.61512051684126,0.0,0.9,1.5,1.0,0.45,0.9,1.0,0.45,0.75,0.0,0.0,1.0,0.0,0.0,1.0,0.0,0.0,0.0,0.0,0.0,0.0,0.0,0.48625,0.162053571429,0.021375,0.0,repair5g59_block_heavy_flow_guard,0.158113883008,0.158113883008,0.146792718882,-0.263157894737,0.217105263158,0.059210526316,-0.188157894737,-0.048947368421,0.002631578947,0.051315789474,0.032894736842,-0.026315789474,-0.0125,-0.0125,0.0,-0.00625,-0.04375,0.0,0.0625,0.0,0.0
random-32-32-20|a100|s155|it0|14650fb0739d0383,random-32-32-20,100,155,0,14650fb0739d0383,repair5g521_grid_c1p20_b1p35_f1p00_w0p70_dc0p95_df1p00_beta0p60_max0p75_c0,g521_second_wave,high_beta,g521_second_wave,1.31269913518,True,False,True,False,False,False,False,False,True,False,False,False,False,True,-0.02184797452,0.07737824305,False,False,1.2,1.35,1.0,0.7,0.95,1.0,0.6,0.75,False,False,False,False,False,False,100.0,4.615120516841,0.0,6471.0,64.71,8.775240458738,0.0,0.0,1.0,0.0,0.0,0.0,5600.0,605.0,266.0,2723.0,2877.0,0.108035714286,0.0475,6.05,56.0,0.48625,0.0,0.0,0.0,0.0,0.0,2.0,2.0,0.0,100.0,4.61512051684126,0.0,1.2,1.35,1.0,0.7,0.95,1.0,0.6,0.75,0.0,0.0,1.0,0.0,0.0,0.0,0.0,0.0,0.0,1.0,0.0,0.0,0.0,0.48625,0.145848214286,0.03325,0.0,repair5g59_high_beta_cap_safe,0.122474487139,0.122474487139,0.115535611769,0.036842105263,0.067105263158,0.059210526316,0.061842105263,0.001052631579,0.002631578947,0.201315789474,0.032894736842,-0.026315789474,-0.020833333333,0.108333333333,0.0,-0.020833333333,-0.0,0.004166666667,0.029166666667,0.0,0.0
random-32-32-20|a100|s155|it0|14650fb0739d0383,random-32-32-20,100,155,0,14650fb0739d0383,repair5g521_grid_c1p20_b1p15_f1p00_w0p70_dc0p95_df1p00_beta0p60_max0p75_c0,g521_second_wave,high_beta,g521_second_wave,1.28766499772,True,False,True,False,False,False,False,False,True,False,False,False,False,True,-0.04688211198,0.05234410559,False,False,1.2,1.15,1.0,0.7,0.95,1.0,0.6,0.75,False,False,False,False,False,False,100.0,4.615120516841,0.0,6471.0,64.71,8.775240458738,0.0,0.0,1.0,0.0,0.0,0.0,5600.0,605.0,266.0,2723.0,2877.0,0.108035714286,0.0475,6.05,56.0,0.48625,0.0,0.0,0.0,0.0,0.0,2.0,2.0,0.0,100.0,4.61512051684126,0.0,1.2,1.15,1.0,0.7,0.95,1.0,0.6,0.75,0.0,0.0,1.0,0.0,0.0,0.0,0.0,0.0,0.0,1.0,0.0,0.0,0.0,0.48625,0.124241071429,0.03325,0.0,repair5g59_high_beta_cap_safe,0.122474487139,0.122474487139,0.115535611769,0.036842105263,-0.132894736842,0.059210526316,0.061842105263,0.001052631579,0.002631578947,0.201315789474,0.032894736842,-0.026315789474,-0.020833333333,-0.091666666667,0.0,-0.020833333333,-0.0,0.004166666667,0.029166666667,0.0,0.0
random-32-32-20|a100|s155|it0|14650fb0739d0383,random-32-32-20,100,155,0,14650fb0739d0383,repair5g521_grid_c1p20_b1p15_f1p00_w0p70_dc0p95_df1p00_beta0p55_max0p75_c0,g521_second_wave,high_beta,g521_second_wave,1.24670004552,False,True,True,False,False,True,False,False,True,False,False,False,True,True,-0.08784706418,0.01137915339,False,True,1.2,1.15,1.0,0.7,0.95,1.0,0.55,0.75,False,False,False,False,False,False,100.0,4.615120516841,0.0,6471.0,64.71,8.775240458738,0.0,0.0,1.0,0.0,0.0,0.0,5600.0,605.0,266.0,2723.0,2877.0,0.108035714286,0.0475,6.05,56.0,0.48625,0.0,0.0,0.0,0.0,0.0,2.0,2.0,0.0,100.0,4.61512051684126,0.0,1.2,1.15,1.0,0.7,0.95,1.0,0.55,0.75,0.0,0.0,1.0,0.0,0.0,0.0,0.0,0.0,0.0,1.0,0.0,0.0,0.0,0.48625,0.124241071429,0.03325,0.0,repair5g59_high_beta_cap_safe,0.132287565553,0.132287565553,0.124239980694,0.036842105263,-0.132894736842,0.059210526316,0.061842105263,0.001052631579,0.002631578947,0.151315789474,0.032894736842,-0.026315789474,-0.020833333333,-0.091666666667,0.0,-0.020833333333,-0.0,0.004166666667,-0.020833333333,0.0,0.0
random-32-32-20|a100|s155|it0|14650fb0739d0383,random-32-32-20,100,155,0,14650fb0739d0383,repair5g521_grid_c1p20_b1p35_f1p00_w0p70_dc0p95_df1p00_beta0p55_max0p75_c0,g521_second_wave,high_beta,g521_second_wave,1.34365043241,False,True,False,False,False,True,False,False,False,False,False,False,True,False,0.00910332271,0.10832954028,True,True,1.2,1.35,1.0,0.7,0.95,1.0,0.55,0.75,False,False,False,False,False,False,100.0,4.615120516841,0.0,6471.0,64.71,8.775240458738,0.0,0.0,1.0,0.0,0.0,0.0,5600.0,605.0,266.0,2723.0,2877.0,0.108035714286,0.0475,6.05,56.0,0.48625,0.0,0.0,0.0,0.0,0.0,2.0,2.0,0.0,100.0,4.61512051684126,0.0,1.2,1.35,1.0,0.7,0.95,1.0,0.55,0.75,0.0,0.0,1.0,0.0,0.0,0.0,0.0,0.0,0.0,1.0,0.0,0.0,0.0,0.48625,0.145848214286,0.03325,0.0,repair5g59_high_beta_cap_safe,0.132287565553,0.132287565553,0.124239980694,0.036842105263,0.067105263158,0.059210526316,0.061842105263,0.001052631579,0.002631578947,0.151315789474,0.032894736842,-0.026315789474,-0.020833333333,0.108333333333,0.0,-0.020833333333,-0.0,0.004166666667,-0.020833333333,0.0,0.0
random-32-32-20|a100|s155|it0|14650fb0739d0383,random-32-32-20,100,155,0,14650fb0739d0383,repair5g521_grid_c1p25_b1p25_f1p00_w0p50_dc0p95_df1p00_beta0p35_max0p75_c0,g521_second_wave,wait_conservative,g521_second_wave,1.30951297223,False,True,True,False,False,True,False,False,True,False,False,False,True,True,-0.02503413747,0.0741920801,False,True,1.25,1.25,1.0,0.5,0.95,1.0,0.35,0.75,False,False,False,False,False,False,100.0,4.615120516841,0.0,6471.0,64.71,8.775240458738,0.0,0.0,1.0,0.0,0.0,0.0,5600.0,605.0,266.0,2723.0,2877.0,0.108035714286,0.0475,6.05,56.0,0.48625,0.0,0.0,0.0,0.0,0.0,2.0,2.0,0.0,100.0,4.61512051684126,0.0,1.25,1.25,1.0,0.5,0.95,1.0,0.35,0.75,0.0,0.0,1.0,0.0,0.0,0.0,0.0,0.0,0.0,0.0,0.0,0.0,1.0,0.48625,0.135044642858,0.02375,0.0,repair5g59_wait_conservative,0.0,0.0,0.0,0.086842105263,-0.032894736842,0.059210526316,-0.138157894737,0.001052631579,0.002631578947,-0.048684210526,0.032894736842,-0.026315789474,0.0,0.0,0.0,0.042857142857,0.007142857143,0.0,0.021428571429,0.0,0.0
random-32-32-20|a100|s155|it0|14650fb0739d0383,random-32-32-20,100,155,0,14650fb0739d0383,repair5g521_grid_c1p25_b1p25_f1p00_w0p35_dc0p95_df1p00_beta0p30_max0p75_c0,g521_second_wave,wait_conservative,g521_second_wave,1.29949931725,True,False,True,False,False,False,False,False,True,False,False,False,False,True,-0.03504779245,0.06417842512,False,False,1.25,1.25,1.0,0.35,0.95,1.0,0.3,0.75,False,False,False,False,False,False,100.0,4.615120516841,0.0,6471.0,64.71,8.775240458738,0.0,0.0,1.0,0.0,0.0,0.0,5600.0,605.0,266.0,2723.0,2877.0,0.108035714286,0.0475,6.05,56.0,0.48625,0.0,0.0,0.0,0.0,0.0,2.0,2.0,0.0,100.0,4.61512051684126,0.0,1.25,1.25,1.0,0.35,0.95,1.0,0.3,0.75,0.0,0.0,1.0,0.0,0.0,0.0,0.0,0.0,0.0,0.0,0.0,0.0,1.0,0.48625,0.135044642858,0.016625,0.0,repair5g59_wait_conservative,0.158113883008,0.158113883008,0.146792718882,0.086842105263,-0.032894736842,0.059210526316,-0.288157894737,0.001052631579,0.002631578947,-0.098684210526,0.032894736842,-0.026315789474,0.0,0.0,0.0,-0.107142857143,0.007142857143,0.0,-0.028571428571,0.0,0.0
random-32-32-20|a100|s155|it0|14650fb0739d0383,random-32-32-20,100,155,0,14650fb0739d0383,repair5g521_grid_c1p25_b1p25_f1p00_w0p50_dc0p90_df1p00_beta0p35_max0p75_c0,g521_second_wave,wait_conservative,g521_second_wave,1.30951297223,True,False,True,False,False,False,False,False,True,False,False,False,False,True,-0.02503413747,0.0741920801,False,False,1.25,1.25,1.0,0.5,0.9,1.0,0.35,0.75,False,False,False,False,False,False,100.0,4.615120516841,0.0,6471.0,64.71,8.775240458738,0.0,0.0,1.0,0.0,0.0,0.0,5600.0,605.0,266.0,2723.0,2877.0,0.108035714286,0.0475,6.05,56.0,0.48625,0.0,0.0,0.0,0.0,0.0,2.0,2.0,0.0,100.0,4.61512051684126,0.0,1.25,1.25,1.0,0.5,0.9,1.0,0.35,0.75,0.0,0.0,1.0,0.0,0.0,0.0,0.0,0.0,0.0,0.0,0.0,0.0,1.0,0.48625,0.135044642858,0.02375,0.0,repair5g59_wait_conservative,0.05,0.05,0.048790164169,0.086842105263,-0.032894736842,0.059210526316,-0.138157894737,-0.048947368421,0.002631578947,-0.048684210526,0.032894736842,-0.026315789474,0.0,0.0,0.0,0.042857142857,-0.042857142857,0.0,0.021428571429,0.0,0.0
random-32-32-20|a100|s155|it0|14650fb0739d0383,random-32-32-20,100,155,0,14650fb0739d0383,repair5g521_grid_c1p25_b1p25_f1p00_w0p50_dc0p95_df1p00_beta0p30_max0p75_c0,g521_second_wave,wait_conservative,g521_second_wave,1.3486572599,True,False,False,False,False,False,False,False,False,False,False,False,False,False,0.0141101502,0.11333636777,True,False,1.25,1.25,1.0,0.5,0.95,1.0,0.3,0.75,False,False,False,False,False,False,100.0,4.615120516841,0.0,6471.0,64.71,8.775240458738,0.0,0.0,1.0,0.0,0.0,0.0,5600.0,605.0,266.0,2723.0,2877.0,0.108035714286,0.0475,6.05,56.0,0.48625,0.0,0.0,0.0,0.0,0.0,2.0,2.0,0.0,100.0,4.61512051684126,0.0,1.25,1.25,1.0,0.5,0.95,1.0,0.3,0.75,0.0,0.0,1.0,0.0,0.0,0.0,0.0,0.0,0.0,0.0,0.0,0.0,1.0,0.48625,0.135044642858,0.02375,0.0,repair5g59_wait_conservative,0.05,0.05,0.048790164169,0.086842105263,-0.032894736842,0.059210526316,-0.138157894737,0.001052631579,0.002631578947,-0.098684210526,0.032894736842,-0.026315789474,0.0,0.0,0.0,0.042857142857,0.007142857143,0.0,-0.028571428571,0.0,0.0
random-32-32-20|a100|s155|it0|14650fb0739d0383,random-32-32-20,100,155,0,14650fb0739d0383,repair5g521_grid_c1p25_b1p25_f1p00_w0p75_dc0p95_df1p00_beta0p55_max0p75_c0,g521_second_wave,high_beta,g521_second_wave,1.29085116067,True,False,True,False,False,False,False,False,True,False,False,False,False,True,-0.04369594903,0.05553026854,False,False,1.25,1.25,1.0,0.75,0.95,1.0,0.55,0.75,False,False,False,False,False,False,100.0,4.615120516841,0.0,6471.0,64.71,8.775240458738,0.0,0.0,1.0,0.0,0.0,0.0,5600.0,605.0,266.0,2723.0,2877.0,0.108035714286,0.0475,6.05,56.0,0.48625,0.0,0.0,0.0,0.0,0.0,2.0,2.0,0.0,100.0,4.61512051684126,0.0,1.25,1.25,1.0,0.75,0.95,1.0,0.55,0.75,0.0,0.0,1.0,0.0,0.0,0.0,0.0,0.0,0.0,1.0,0.0,0.0,0.0,0.48625,0.135044642858,0.035625,0.0,repair5g59_high_beta_cap_safe,0.05,0.05,0.048790164169,0.086842105263,-0.032894736842,0.059210526316,0.111842105263,0.001052631579,0.002631578947,0.151315789474,0.032894736842,-0.026315789474,0.029166666667,0.008333333333,0.0,0.029166666667,-0.0,0.004166666667,-0.020833333333,0.0,0.0
random-32-32-20|a100|s155|it0|14650fb0739d0383,random-32-32-20,100,155,0,14650fb0739d0383,repair5g521_grid_c1p25_b1p25_f1p00_w0p75_dc0p90_df1p00_beta0p55_max0p75_c0,g521_second_wave,high_beta,g521_second_wave,1.29085116067,True,False,True,False,False,False,False,False,True,False,False,False,False,True,-0.04369594903,0.05553026854,False,False,1.25,1.25,1.0,0.75,0.9,1.0,0.55,0.75,False,False,False,False,False,False,100.0,4.615120516841,0.0,6471.0,64.71,8.775240458738,0.0,0.0,1.0,0.0,0.0,0.0,5600.0,605.0,266.0,2723.0,2877.0,0.108035714286,0.0475,6.05,56.0,0.48625,0.0,0.0,0.0,0.0,0.0,2.0,2.0,0.0,100.0,4.61512051684126,0.0,1.25,1.25,1.0,0.75,0.9,1.0,0.55,0.75,0.0,0.0,1.0,0.0,0.0,0.0,0.0,0.0,0.0,1.0,0.0,0.0,0.0,0.48625,0.135044642858,0.035625,0.0,repair5g59_high_beta_cap_safe,0.070710678119,0.070710678119,0.068322613158,0.086842105263,-0.032894736842,0.059210526316,0.111842105263,-0.048947368421,0.002631578947,0.151315789474,0.032894736842,-0.026315789474,0.029166666667,0.008333333333,0.0,0.029166666667,-0.05,0.004166666667,-0.020833333333,0.0,0.0
random-32-32-20|a100|s155|it0|14650fb0739d0383,random-32-32-20,100,155,0,14650fb0739d0383,repair5g521_grid_c1p25_b1p25_f1p00_w0p75_dc0p95_df0p95_beta0p55_max0p75_c0,g521_second_wave,high_beta,g521_second_wave,1.29085116067,True,False,True,False,False,False,False,False,True,False,False,False,False,True,-0.04369594903,0.05553026854,False,False,1.25,1.25,1.0,0.75,0.95,0.95,0.55,0.75,False,False,False,False,False,False,100.0,4.615120516841,0.0,6471.0,64.71,8.775240458738,0.0,0.0,1.0,0.0,0.0,0.0,5600.0,605.0,266.0,2723.0,2877.0,0.108035714286,0.0475,6.05,56.0,0.48625,0.0,0.0,0.0,0.0,0.0,2.0,2.0,0.0,100.0,4.61512051684126,0.0,1.25,1.25,1.0,0.75,0.95,0.95,0.55,0.75,0.0,0.0,1.0,0.0,0.0,0.0,0.0,0.0,0.0,1.0,0.0,0.0,0.0,0.48625,0.135044642858,0.035625,0.0,repair5g59_high_beta_cap_safe,0.070710678119,0.070710678119,0.068322613158,0.086842105263,-0.032894736842,0.059210526316,0.111842105263,0.001052631579,-0.047368421053,0.151315789474,0.032894736842,-0.026315789474,0.029166666667,0.008333333333,0.0,0.029166666667,-0.0,-0.045833333333,-0.020833333333,0.0,0.0
random-32-32-20|a100|s155|it0|14650fb0739d0383,random-32-32-20,100,155,0,14650fb0739d0383,repair5g521_grid_c1p25_b1p25_f1p00_w0p75_dc1p00_df1p00_beta0p55_max0p75_c0,g521_second_wave,high_beta,g521_second_wave,1.29085116067,True,False,True,False,False,False,False,False,True,False,False,False,False,True,-0.04369594903,0.05553026854,False,False,1.25,1.25,1.0,0.75,1.0,1.0,0.55,0.75,False,False,False,False,False,False,100.0,4.615120516841,0.0,6471.0,64.71,8.775240458738,0.0,0.0,1.0,0.0,0.0,0.0,5600.0,605.0,266.0,2723.0,2877.0,0.108035714286,0.0475,6.05,56.0,0.48625,0.0,0.0,0.0,0.0,0.0,2.0,2.0,0.0,100.0,4.61512051684126,0.0,1.25,1.25,1.0,0.75,1.0,1.0,0.55,0.75,0.0,0.0,1.0,0.0,0.0,0.0,0.0,0.0,0.0,1.0,0.0,0.0,0.0,0.48625,0.135044642858,0.035625,0.0,repair5g59_high_beta_cap_safe,0.070710678119,0.070710678119,0.068322613158,0.086842105263,-0.032894736842,0.059210526316,0.111842105263,0.051052631579,0.002631578947,0.151315789474,0.032894736842,-0.026315789474,0.029166666667,0.008333333333,0.0,0.029166666667,0.05,0.004166666667,-0.020833333333,0.0,0.0
random-32-32-20|a50|s146|it0|14650fb0739d0383,random-32-32-20,50,146,0,14650fb0739d0383,repair5g59_additive_fallback,old14,additive,old14,1.32035053554,True,False,False,False,False,False,False,False,False,False,False,False,False,False,0.15774099318,0.18889970789,True,False,,,,,,,,,,False,False,False,False,False,50.0,3.931825632724,0.0,2714.0,54.28,7.906547232368,0.0,0.0,1.0,0.0,0.0,0.0,2450.0,190.0,74.0,1195.0,1255.0,0.077551020408,0.030204081633,3.8,49.0,0.487755102041,0.0,0.0,0.0,0.0,0.0,2.0,2.0,0.0,50.0,3.9318256327243257,0.0,1.0,1.0,0.0,1.0,1.0,1.0,0.0,0.0,0.0,0.0,0.0,1.0,1.0,0.0,0.0,0.0,0.0,0.0,0.0,0.0,0.0,0.0,0.077551020408,0.030204081633,0.0,,,,0.0,-0.163157894737,-0.282894736842,-0.940789473684,0.361842105263,0.051052631579,0.002631578947,-0.398684210526,-0.717105263158,-0.026315789474,0.0,0.0,0.0,0.0,0.0,0.0,0.0,0.0,0.0
random-32-32-20|a50|s146|it0|14650fb0739d0383,random-32-32-20,50,146,0,14650fb0739d0383,repair5g59_block_heavy_flow_guard,old14,block_heavy,old14,1.1441090555,True,False,True,False,False,False,False,False,False,False,False,False,False,False,-0.01850048686,0.01265822785,False,False,1.0,1.5,1.0,0.5,0.95,1.0,0.35,0.75,False,False,False,False,False,False,50.0,3.931825632724,0.0,2714.0,54.28,7.906547232368,0.0,0.0,1.0,0.0,0.0,0.0,2450.0,190.0,74.0,1195.0,1255.0,0.077551020408,0.030204081633,3.8,49.0,0.487755102041,0.0,0.0,0.0,0.0,0.0,2.0,2.0,0.0,50.0,3.9318256327243257,0.0,1.0,1.5,1.0,0.5,0.95,1.0,0.35,0.75,0.0,0.0,0.0,1.0,0.0,1.0,0.0,0.0,0.0,0.0,0.0,0.0,0.0,0.487755102041,0.116326530612,0.015102040817,0.0,repair5g59_block_heavy_flow_guard,0.0,0.0,0.0,-0.163157894737,0.217105263158,0.059210526316,-0.138157894737,0.001052631579,0.002631578947,-0.048684210526,0.032894736842,-0.026315789474,0.0875,-0.0125,0.0,0.04375,0.00625,0.0,-0.0375,0.0,0.0
random-32-32-20|a50|s146|it0|14650fb0739d0383,random-32-32-20,50,146,0,14650fb0739d0383,repair5g59_c_only_f_disabled,old14,static_boundary_c_only,old14,1.31548198637,True,False,False,False,False,False,False,False,False,False,False,False,False,False,0.15287244401,0.18403115872,True,False,1.25,1.25,0.0,0.75,0.95,1.0,0.0,0.0,True,False,False,False,False,False,50.0,3.931825632724,0.0,2714.0,54.28,7.906547232368,0.0,0.0,1.0,0.0,0.0,0.0,2450.0,190.0,74.0,1195.0,1255.0,0.077551020408,0.030204081633,3.8,49.0,0.487755102041,0.0,0.0,0.0,0.0,0.0,2.0,2.0,0.0,50.0,3.9318256327243257,0.0,1.25,1.25,0.0,0.75,0.95,1.0,0.0,0.0,1.0,0.0,0.0,1.0,0.0,0.0,0.0,0.0,0.0,0.0,0.0,1.0,0.0,0.0,0.09693877551,0.022653061225,0.0,repair5g59_c_only_f_disabled,0.0,0.0,0.0,0.086842105263,-0.032894736842,-0.940789473684,0.111842105263,0.001052631579,0.002631578947,-0.398684210526,-0.717105263158,0.973684210526,0.0,0.0,0.0,0.0,0.0,0.0,0.0,0.0,0.0
random-32-32-20|a50|s146|it0|14650fb0739d0383,random-32-32-20,50,146,0,14650fb0739d0383,repair5g59_commit_heavy_flow_guard,old14,commit_heavy,old14,1.14508276534,True,False,True,False,False,False,False,False,False,False,False,False,False,False,-0.01752677702,0.01363193769,False,False,1.5,1.0,1.0,0.75,0.95,1.0,0.35,0.75,False,False,False,False,False,False,50.0,3.931825632724,0.0,2714.0,54.28,7.906547232368,0.0,0.0,1.0,0.0,0.0,0.0,2450.0,190.0,74.0,1195.0,1255.0,0.077551020408,0.030204081633,3.8,49.0,0.487755102041,0.0,0.0,0.0,0.0,0.0,2.0,2.0,0.0,50.0,3.9318256327243257,0.0,1.5,1.0,1.0,0.75,0.95,1.0,0.35,0.75,0.0,0.0,0.0,1.0,0.0,0.0,1.0,0.0,0.0,0.0,0.0,0.0,0.0,0.487755102041,0.077551020408,0.022653061225,0.0,repair5g59_commit_heavy_flow_guard,0.0,0.0,0.0,0.336842105263,-0.282894736842,0.059210526316,0.111842105263,0.001052631579,0.002631578947,-0.048684210526,0.032894736842,-0.026315789474,0.0,0.0,0.0,0.0,0.0,0.0,0.0,0.0,0.0
random-32-32-20|a50|s146|it0|14650fb0739d0383,random-32-32-20,50,146,0,14650fb0739d0383,repair5g59_fast_decay_low_shield,old14,flow_decay,old14,1.20447906524,True,False,False,False,False,False,False,False,False,False,False,False,False,False,0.04186952288,0.07302823759,True,False,1.25,1.25,1.0,0.75,0.9,1.0,0.2,0.5,False,False,False,False,False,False,50.0,3.931825632724,0.0,2714.0,54.28,7.906547232368,0.0,0.0,1.0,0.0,0.0,0.0,2450.0,190.0,74.0,1195.0,1255.0,0.077551020408,0.030204081633,3.8,49.0,0.487755102041,0.0,0.0,0.0,0.0,0.0,2.0,2.0,0.0,50.0,3.9318256327243257,0.0,1.25,1.25,1.0,0.75,0.9,1.0,0.2,0.5,0.0,0.0,0.0,1.0,0.0,0.0,0.0,1.0,0.0,0.0,0.0,0.0,0.0,0.487755102041,0.09693877551,0.022653061225,0.0,repair5g59_fast_decay_low_shield,0.0,0.0,0.0,0.086842105263,-0.032894736842,0.059210526316,0.111842105263,-0.048947368421,0.002631578947,-0.198684210526,-0.217105263158,-0.026315789474,0.05,0.05,0.05,0.0,-0.052,0.01,-0.1,-0.3,0.0
random-32-32-20|a50|s146|it0|14650fb0739d0383,random-32-32-20,50,146,0,14650fb0739d0383,repair5g59_flow_decay,old14,flow_decay,old14,1.16260954236,True,False,False,False,False,False,False,False,False,False,False,False,False,False,0.0,0.03115871471,False,False,1.25,1.25,1.0,0.75,0.95,0.95,0.35,0.75,False,False,False,False,False,False,50.0,3.931825632724,0.0,2714.0,54.28,7.906547232368,0.0,0.0,1.0,0.0,0.0,0.0,2450.0,190.0,74.0,1195.0,1255.0,0.077551020408,0.030204081633,3.8,49.0,0.487755102041,0.0,0.0,0.0,0.0,0.0,2.0,2.0,0.0,50.0,3.9318256327243257,0.0,1.25,1.25,1.0,0.75,0.95,0.95,0.35,0.75,0.0,0.0,0.0,1.0,0.0,0.0,0.0,1.0,0.0,0.0,0.0,0.0,0.0,0.487755102041,0.09693877551,0.022653061225,0.0,repair5g59_flow_decay,0.0,0.0,0.0,0.086842105263,-0.032894736842,0.059210526316,0.111842105263,0.001052631579,-0.047368421053,-0.048684210526,0.032894736842,-0.026315789474,0.05,0.05,0.05,0.0,-0.002,-0.04,0.05,-0.05,0.0
random-32-32-20|a50|s146|it0|14650fb0739d0383,random-32-32-20,50,146,0,14650fb0739d0383,repair5g59_high_beta_cap_safe,old14,high_beta,old14,1.2035053554,True,False,False,False,False,False,False,False,False,False,False,False,False,False,0.04089581304,0.07205452775,True,False,1.25,1.25,1.0,0.75,0.95,1.0,0.6,0.75,False,False,False,False,False,False,50.0,3.931825632724,0.0,2714.0,54.28,7.906547232368,0.0,0.0,1.0,0.0,0.0,0.0,2450.0,190.0,74.0,1195.0,1255.0,0.077551020408,0.030204081633,3.8,49.0,0.487755102041,0.0,0.0,0.0,0.0,0.0,2.0,2.0,0.0,50.0,3.9318256327243257,0.0,1.25,1.25,1.0,0.75,0.95,1.0,0.6,0.75,0.0,0.0,0.0,1.0,0.0,0.0,0.0,0.0,0.0,1.0,0.0,0.0,0.0,0.487755102041,0.09693877551,0.022653061225,0.0,repair5g59_high_beta_cap_safe,0.0,0.0,0.0,0.086842105263,-0.032894736842,0.059210526316,0.111842105263,0.001052631579,0.002631578947,0.201315789474,0.032894736842,-0.026315789474,0.029166666667,0.008333333333,0.0,0.029166666667,-0.0,0.004166666667,0.029166666667,0.0,0.0
random-32-32-20|a50|s146|it0|14650fb0739d0383,random-32-32-20,50,146,0,14650fb0739d0383,repair5g59_light_cong_light_flow,old14,flow_decay,old14,1.21324245375,True,False,False,False,False,False,False,False,False,False,False,False,False,False,0.05063291139,0.0817916261,True,False,1.0,1.0,0.75,0.75,0.98,1.0,0.25,0.5,False,False,False,False,False,False,50.0,3.931825632724,0.0,2714.0,54.28,7.906547232368,0.0,0.0,1.0,0.0,0.0,0.0,2450.0,190.0,74.0,1195.0,1255.0,0.077551020408,0.030204081633,3.8,49.0,0.487755102041,0.0,0.0,0.0,0.0,0.0,2.0,2.0,0.0,50.0,3.9318256327243257,0.0,1.0,1.0,0.75,0.75,0.98,1.0,0.25,0.5,0.0,0.0,0.0,1.0,0.0,0.0,0.0,1.0,0.0,0.0,0.0,0.0,0.0,0.365816326531,0.077551020408,0.022653061225,0.0,repair5g59_light_cong_light_flow,0.0,0.0,0.0,-0.163157894737,-0.282894736842,-0.190789473684,0.111842105263,0.031052631579,0.002631578947,-0.148684210526,-0.217105263158,-0.026315789474,-0.2,-0.2,-0.2,0.0,0.028,0.01,-0.05,-0.3,0.0
random-32-32-20|a50|s146|it0|14650fb0739d0383,random-32-32-20,50,146,0,14650fb0739d0383,repair5g59_low_beta_high_cap,old14,flow_decay,old14,1.13145082765,True,False,True,False,False,False,False,False,False,False,False,False,False,False,-0.03115871471,0.0,False,False,1.25,1.25,1.0,0.75,0.95,1.0,0.2,1.25,False,False,False,False,False,False,50.0,3.931825632724,0.0,2714.0,54.28,7.906547232368,0.0,0.0,1.0,0.0,0.0,0.0,2450.0,190.0,74.0,1195.0,1255.0,0.077551020408,0.030204081633,3.8,49.0,0.487755102041,0.0,0.0,0.0,0.0,0.0,2.0,2.0,0.0,50.0,3.9318256327243257,0.0,1.25,1.25,1.0,0.75,0.95,1.0,0.2,1.25,0.0,0.0,0.0,1.0,0.0,0.0,0.0,1.0,0.0,0.0,0.0,0.0,0.0,0.487755102041,0.09693877551,0.022653061225,0.0,repair5g59_low_beta_high_cap,0.0,0.0,0.0,0.086842105263,-0.032894736842,0.059210526316,0.111842105263,0.001052631579,0.002631578947,-0.198684210526,0.532894736842,-0.026315789474,0.05,0.05,0.05,0.0,-0.002,0.01,-0.1,0.45,0.0
random-32-32-20|a50|s146|it0|14650fb0739d0383,random-32-32-20,50,146,0,14650fb0739d0383,repair5g59_slow_decay_high_shield,old14,flow_decay,old14,1.14897760467,True,False,True,False,False,False,False,False,False,False,False,False,False,False,-0.01363193769,0.01752677702,False,False,1.25,1.25,1.0,0.75,0.98,1.0,0.5,1.0,False,False,False,False,False,False,50.0,3.931825632724,0.0,2714.0,54.28,7.906547232368,0.0,0.0,1.0,0.0,0.0,0.0,2450.0,190.0,74.0,1195.0,1255.0,0.077551020408,0.030204081633,3.8,49.0,0.487755102041,0.0,0.0,0.0,0.0,0.0,2.0,2.0,0.0,50.0,3.9318256327243257,0.0,1.25,1.25,1.0,0.75,0.98,1.0,0.5,1.0,0.0,0.0,0.0,1.0,0.0,0.0,0.0,1.0,0.0,0.0,0.0,0.0,0.0,0.487755102041,0.09693877551,0.022653061225,0.0,repair5g59_slow_decay_high_shield,0.0,0.0,0.0,0.086842105263,-0.032894736842,0.059210526316,0.111842105263,0.031052631579,0.002631578947,0.101315789474,0.282894736842,-0.026315789474,0.05,0.05,0.05,0.0,0.028,0.01,0.2,0.2,0.0
random-32-32-20|a50|s146|it0|14650fb0739d0383,random-32-32-20,50,146,0,14650fb0739d0383,repair5g59_static_abstain_candidate,old14,static,old14,1.16260954236,True,False,False,False,False,False,False,False,False,False,False,False,False,False,0.0,0.03115871471,False,False,1.25,1.25,1.0,0.75,0.95,1.0,0.35,0.75,False,False,False,False,False,False,50.0,3.931825632724,0.0,2714.0,54.28,7.906547232368,0.0,0.0,1.0,0.0,0.0,0.0,2450.0,190.0,74.0,1195.0,1255.0,0.077551020408,0.030204081633,3.8,49.0,0.487755102041,0.0,0.0,0.0,0.0,0.0,2.0,2.0,0.0,50.0,3.9318256327243257,0.0,1.25,1.25,1.0,0.75,0.95,1.0,0.35,0.75,0.0,0.0,0.0,1.0,0.0,0.0,0.0,0.0,0.0,0.0,1.0,0.0,0.0,0.487755102041,0.09693877551,0.022653061225,0.0,repair5g59_static_abstain_candidate,0.0,0.0,0.0,0.086842105263,-0.032894736842,0.059210526316,0.111842105263,0.001052631579,0.002631578947,-0.048684210526,0.032894736842,-0.026315789474,0.0,0.0,0.0,0.0,0.0,0.0,0.0,0.0,0.0
random-32-32-20|a50|s146|it0|14650fb0739d0383,random-32-32-20,50,146,0,14650fb0739d0383,repair5g59_static_flow_shield,old14,static,old14,1.16260954236,True,False,False,False,False,False,False,False,False,False,False,False,False,False,0.0,0.03115871471,False,False,1.25,1.25,1.0,0.75,0.95,1.0,0.35,0.75,False,False,False,False,False,False,50.0,3.931825632724,0.0,2714.0,54.28,7.906547232368,0.0,0.0,1.0,0.0,0.0,0.0,2450.0,190.0,74.0,1195.0,1255.0,0.077551020408,0.030204081633,3.8,49.0,0.487755102041,0.0,0.0,0.0,0.0,0.0,2.0,2.0,0.0,50.0,3.9318256327243257,0.0,1.25,1.25,1.0,0.75,0.95,1.0,0.35,0.75,0.0,0.0,0.0,1.0,0.0,0.0,0.0,0.0,0.0,0.0,1.0,0.0,0.0,0.487755102041,0.09693877551,0.022653061225,0.0,repair5g59_static_abstain_candidate,0.0,0.0,0.0,0.086842105263,-0.032894736842,0.059210526316,0.111842105263,0.001052631579,0.002631578947,-0.048684210526,0.032894736842,-0.026315789474,0.0,0.0,0.0,0.0,0.0,0.0,0.0,0.0,0.0
random-32-32-20|a50|s146|it0|14650fb0739d0383,random-32-32-20,50,146,0,14650fb0739d0383,repair5g59_wait_aggressive,old14,flow_shield,old14,1.14216163583,True,False,True,False,False,False,False,False,False,False,False,False,False,False,-0.02044790653,0.01071080818,False,False,1.25,1.25,1.0,1.0,0.95,1.0,0.35,0.75,False,False,False,False,False,False,50.0,3.931825632724,0.0,2714.0,54.28,7.906547232368,0.0,0.0,1.0,0.0,0.0,0.0,2450.0,190.0,74.0,1195.0,1255.0,0.077551020408,0.030204081633,3.8,49.0,0.487755102041,0.0,0.0,0.0,0.0,0.0,2.0,2.0,0.0,50.0,3.9318256327243257,0.0,1.25,1.25,1.0,1.0,0.95,1.0,0.35,0.75,0.0,0.0,0.0,1.0,0.0,0.0,0.0,0.0,1.0,0.0,0.0,0.0,0.0,0.487755102041,0.09693877551,0.030204081633,0.0,repair5g59_wait_aggressive,0.0,0.0,0.0,0.086842105263,-0.032894736842,0.059210526316,0.361842105263,0.001052631579,0.002631578947,-0.048684210526,0.032894736842,-0.026315789474,0.0,0.0,0.0,0.0,0.0,0.0,0.0,0.0,0.0
random-32-32-20|a50|s146|it0|14650fb0739d0383,random-32-32-20,50,146,0,14650fb0739d0383,repair5g59_wait_conservative,old14,wait_conservative,old14,1.16260954236,True,False,False,False,False,False,False,False,False,False,False,False,False,False,0.0,0.03115871471,False,False,1.25,1.25,1.0,0.5,0.95,1.0,0.35,0.75,False,False,False,False,False,False,50.0,3.931825632724,0.0,2714.0,54.28,7.906547232368,0.0,0.0,1.0,0.0,0.0,0.0,2450.0,190.0,74.0,1195.0,1255.0,0.077551020408,0.030204081633,3.8,49.0,0.487755102041,0.0,0.0,0.0,0.0,0.0,2.0,2.0,0.0,50.0,3.9318256327243257,0.0,1.25,1.25,1.0,0.5,0.95,1.0,0.35,0.75,0.0,0.0,0.0,1.0,0.0,0.0,0.0,0.0,0.0,0.0,0.0,0.0,1.0,0.487755102041,0.09693877551,0.015102040817,0.0,repair5g59_wait_conservative,0.0,0.0,0.0,0.086842105263,-0.032894736842,0.059210526316,-0.138157894737,0.001052631579,0.002631578947,-0.048684210526,0.032894736842,-0.026315789474,0.0,0.0,0.0,0.042857142857,0.007142857143,0.0,0.021428571429,0.0,0.0
random-32-32-20|a50|s146|it0|14650fb0739d0383,random-32-32-20,50,146,0,14650fb0739d0383,repair5g518_grid_c1p25_b1p25_f1p00_w0p50_dc0p95_df1p00_beta0p35_max0p75_c0,g518_retained,wait_conservative,g518_retained,1.16260954236,True,False,False,False,False,False,False,False,False,False,False,False,False,False,0.0,0.03115871471,False,False,1.25,1.25,1.0,0.5,0.95,1.0,0.35,0.75,False,False,False,False,False,False,50.0,3.931825632724,0.0,2714.0,54.28,7.906547232368,0.0,0.0,1.0,0.0,0.0,0.0,2450.0,190.0,74.0,1195.0,1255.0,0.077551020408,0.030204081633,3.8,49.0,0.487755102041,0.0,0.0,0.0,0.0,0.0,2.0,2.0,0.0,50.0,3.9318256327243257,0.0,1.25,1.25,1.0,0.5,0.95,1.0,0.35,0.75,0.0,1.0,0.0,0.0,0.0,0.0,0.0,0.0,0.0,0.0,0.0,0.0,1.0,0.487755102041,0.09693877551,0.015102040817,0.0,repair5g59_wait_conservative,0.0,0.0,0.0,0.086842105263,-0.032894736842,0.059210526316,-0.138157894737,0.001052631579,0.002631578947,-0.048684210526,0.032894736842,-0.026315789474,0.0,0.0,0.0,0.042857142857,0.007142857143,0.0,0.021428571429,0.0,0.0
random-32-32-20|a50|s146|it0|14650fb0739d0383,random-32-32-20,50,146,0,14650fb0739d0383,repair5g518_grid_c1p20_b1p35_f1p00_w0p70_dc0p95_df1p00_beta0p60_max0p75_c0,g518_retained,high_beta,g518_retained,1.17916260954,True,False,False,False,False,False,False,False,False,False,False,False,False,False,0.01655306718,0.04771178189,True,False,1.2,1.35,1.0,0.7,0.95,1.0,0.6,0.75,False,False,False,False,False,False,50.0,3.931825632724,0.0,2714.0,54.28,7.906547232368,0.0,0.0,1.0,0.0,0.0,0.0,2450.0,190.0,74.0,1195.0,1255.0,0.077551020408,0.030204081633,3.8,49.0,0.487755102041,0.0,0.0,0.0,0.0,0.0,2.0,2.0,0.0,50.0,3.9318256327243257,0.0,1.2,1.35,1.0,0.7,0.95,1.0,0.6,0.75,0.0,1.0,0.0,0.0,0.0,0.0,0.0,0.0,0.0,1.0,0.0,0.0,0.0,0.487755102041,0.104693877551,0.021142857143,0.0,repair5g59_high_beta_cap_safe,0.122474487139,0.122474487139,0.115535611769,0.036842105263,0.067105263158,0.059210526316,0.061842105263,0.001052631579,0.002631578947,0.201315789474,0.032894736842,-0.026315789474,-0.020833333333,0.108333333333,0.0,-0.020833333333,-0.0,0.004166666667,0.029166666667,0.0,0.0
random-32-32-20|a50|s146|it0|14650fb0739d0383,random-32-32-20,50,146,0,14650fb0739d0383,repair5g518_grid_c0p90_b1p50_f1p00_w0p45_dc0p95_df1p00_beta0p45_max0p75_c0,g518_retained,block_heavy,g518_retained,1.1723466407,True,False,False,False,False,False,False,False,False,False,False,False,False,False,0.00973709834,0.04089581305,True,False,0.9,1.5,1.0,0.45,0.95,1.0,0.45,0.75,False,False,False,False,False,False,50.0,3.931825632724,0.0,2714.0,54.28,7.906547232368,0.0,0.0,1.0,0.0,0.0,0.0,2450.0,190.0,74.0,1195.0,1255.0,0.077551020408,0.030204081633,3.8,49.0,0.487755102041,0.0,0.0,0.0,0.0,0.0,2.0,2.0,0.0,50.0,3.9318256327243257,0.0,0.9,1.5,1.0,0.45,0.95,1.0,0.45,0.75,0.0,1.0,0.0,0.0,0.0,1.0,0.0,0.0,0.0,0.0,0.0,0.0,0.0,0.487755102041,0.116326530612,0.013591836735,0.0,repair5g59_block_heavy_flow_guard,0.15,0.15,0.139761942375,-0.263157894737,0.217105263158,0.059210526316,-0.188157894737,0.001052631579,0.002631578947,0.051315789474,0.032894736842,-0.026315789474,-0.0125,-0.0125,0.0,-0.00625,0.00625,0.0,0.0625,0.0,0.0
random-32-32-20|a50|s146|it0|14650fb0739d0383,random-32-32-20,50,146,0,14650fb0739d0383,repair5g518_grid_c1p25_b1p25_f1p00_w0p35_dc0p95_df1p00_beta0p30_max0p75_c0,g518_retained,wait_conservative,g518_retained,1.12755598832,True,False,True,False,True,False,False,False,True,False,True,False,False,True,-0.03505355404,-0.00389483933,False,False,1.25,1.25,1.0,0.35,0.95,1.0,0.3,0.75,False,False,False,False,False,False,50.0,3.931825632724,0.0,2714.0,54.28,7.906547232368,0.0,0.0,1.0,0.0,0.0,0.0,2450.0,190.0,74.0,1195.0,1255.0,0.077551020408,0.030204081633,3.8,49.0,0.487755102041,0.0,0.0,0.0,0.0,0.0,2.0,2.0,0.0,50.0,3.9318256327243257,0.0,1.25,1.25,1.0,0.35,0.95,1.0,0.3,0.75,0.0,1.0,0.0,0.0,0.0,0.0,0.0,0.0,0.0,0.0,0.0,0.0,1.0,0.487755102041,0.09693877551,0.010571428572,0.0,repair5g59_wait_conservative,0.158113883008,0.158113883008,0.146792718882,0.086842105263,-0.032894736842,0.059210526316,-0.288157894737,0.001052631579,0.002631578947,-0.098684210526,0.032894736842,-0.026315789474,0.0,0.0,0.0,-0.107142857143,0.007142857143,0.0,-0.028571428571,0.0,0.0
random-32-32-20|a50|s146|it0|14650fb0739d0383,random-32-32-20,50,146,0,14650fb0739d0383,repair5g518_grid_c0p90_b1p40_f1p00_w0p45_dc0p95_df1p00_beta0p35_max0p75_c0,g518_retained,block_heavy,g518_retained,1.1441090555,True,False,True,False,False,False,False,False,True,False,False,False,False,True,-0.01850048686,0.01265822785,False,False,0.9,1.4,1.0,0.45,0.95,1.0,0.35,0.75,False,False,False,False,False,False,50.0,3.931825632724,0.0,2714.0,54.28,7.906547232368,0.0,0.0,1.0,0.0,0.0,0.0,2450.0,190.0,74.0,1195.0,1255.0,0.077551020408,0.030204081633,3.8,49.0,0.487755102041,0.0,0.0,0.0,0.0,0.0,2.0,2.0,0.0,50.0,3.9318256327243257,0.0,0.9,1.4,1.0,0.45,0.95,1.0,0.35,0.75,0.0,1.0,0.0,0.0,0.0,1.0,0.0,0.0,0.0,0.0,0.0,0.0,0.0,0.487755102041,0.108571428571,0.013591836735,0.0,repair5g59_block_heavy_flow_guard,0.15,0.15,0.139761942375,-0.263157894737,0.117105263158,0.059210526316,-0.188157894737,0.001052631579,0.002631578947,-0.048684210526,0.032894736842,-0.026315789474,-0.0125,-0.1125,0.0,-0.00625,0.00625,0.0,-0.0375,0.0,0.0
random-32-32-20|a50|s146|it0|14650fb0739d0383,random-32-32-20,50,146,0,14650fb0739d0383,repair5g518_grid_c1p20_b1p15_f1p00_w0p70_dc0p95_df1p00_beta0p60_max0p75_c0,g518_retained,high_beta,g518_retained,1.18695228822,True,False,False,False,False,False,False,False,False,False,False,False,False,False,0.02434274586,0.05550146057,True,False,1.2,1.15,1.0,0.7,0.95,1.0,0.6,0.75,False,False,False,False,False,False,50.0,3.931825632724,0.0,2714.0,54.28,7.906547232368,0.0,0.0,1.0,0.0,0.0,0.0,2450.0,190.0,74.0,1195.0,1255.0,0.077551020408,0.030204081633,3.8,49.0,0.487755102041,0.0,0.0,0.0,0.0,0.0,2.0,2.0,0.0,50.0,3.9318256327243257,0.0,1.2,1.15,1.0,0.7,0.95,1.0,0.6,0.75,0.0,1.0,0.0,0.0,0.0,0.0,0.0,0.0,0.0,1.0,0.0,0.0,0.0,0.487755102041,0.089183673469,0.021142857143,0.0,repair5g59_high_beta_cap_safe,0.122474487139,0.122474487139,0.115535611769,0.036842105263,-0.132894736842,0.059210526316,0.061842105263,0.001052631579,0.002631578947,0.201315789474,0.032894736842,-0.026315789474,-0.020833333333,-0.091666666667,0.0,-0.020833333333,-0.0,0.004166666667,0.029166666667,0.0,0.0
random-32-32-20|a50|s146|it0|14650fb0739d0383,random-32-32-20,50,146,0,14650fb0739d0383,repair5g518_grid_c0p90_b1p65_f1p00_w0p45_dc0p95_df1p00_beta0p35_max0p75_c0,g518_retained,block_heavy,g518_retained,1.1441090555,True,False,True,False,False,False,False,False,True,False,False,False,False,True,-0.01850048686,0.01265822785,False,False,0.9,1.65,1.0,0.45,0.95,1.0,0.35,0.75,False,False,False,False,False,False,50.0,3.931825632724,0.0,2714.0,54.28,7.906547232368,0.0,0.0,1.0,0.0,0.0,0.0,2450.0,190.0,74.0,1195.0,1255.0,0.077551020408,0.030204081633,3.8,49.0,0.487755102041,0.0,0.0,0.0,0.0,0.0,2.0,2.0,0.0,50.0,3.9318256327243257,0.0,0.9,1.65,1.0,0.45,0.95,1.0,0.35,0.75,0.0,1.0,0.0,0.0,0.0,1.0,0.0,0.0,0.0,0.0,0.0,0.0,0.0,0.487755102041,0.127959183673,0.013591836735,0.0,repair5g59_block_heavy_flow_guard,0.187082869339,0.187082869339,0.171498927292,-0.263157894737,0.367105263158,0.059210526316,-0.188157894737,0.001052631579,0.002631578947,-0.048684210526,0.032894736842,-0.026315789474,-0.0125,0.1375,0.0,-0.00625,0.00625,0.0,-0.0375,0.0,0.0
random-32-32-20|a50|s146|it0|14650fb0739d0383,random-32-32-20,50,146,0,14650fb0739d0383,repair5g518_grid_c1p20_b1p15_f1p00_w0p70_dc0p95_df1p00_beta0p55_max0p75_c0,g518_retained,high_beta,g518_retained,1.18695228822,True,False,False,False,False,False,False,False,False,False,False,False,False,False,0.02434274586,0.05550146057,True,False,1.2,1.15,1.0,0.7,0.95,1.0,0.55,0.75,False,False,False,False,False,False,50.0,3.931825632724,0.0,2714.0,54.28,7.906547232368,0.0,0.0,1.0,0.0,0.0,0.0,2450.0,190.0,74.0,1195.0,1255.0,0.077551020408,0.030204081633,3.8,49.0,0.487755102041,0.0,0.0,0.0,0.0,0.0,2.0,2.0,0.0,50.0,3.9318256327243257,0.0,1.2,1.15,1.0,0.7,0.95,1.0,0.55,0.75,0.0,1.0,0.0,0.0,0.0,0.0,0.0,0.0,0.0,1.0,0.0,0.0,0.0,0.487755102041,0.089183673469,0.021142857143,0.0,repair5g59_high_beta_cap_safe,0.132287565553,0.132287565553,0.124239980694,0.036842105263,-0.132894736842,0.059210526316,0.061842105263,0.001052631579,0.002631578947,0.151315789474,0.032894736842,-0.026315789474,-0.020833333333,-0.091666666667,0.0,-0.020833333333,-0.0,0.004166666667,-0.020833333333,0.0,0.0
random-32-32-20|a50|s146|it0|14650fb0739d0383,random-32-32-20,50,146,0,14650fb0739d0383,repair5g521_grid_c0p90_b1p50_f1p00_w0p45_dc0p95_df1p00_beta0p45_max0p75_c0,g521_second_wave,block_heavy,g521_second_wave,1.1723466407,True,False,False,False,False,False,False,False,False,False,False,False,False,False,0.00973709834,0.04089581305,True,False,0.9,1.5,1.0,0.45,0.95,1.0,0.45,0.75,False,False,False,False,False,False,50.0,3.931825632724,0.0,2714.0,54.28,7.906547232368,0.0,0.0,1.0,0.0,0.0,0.0,2450.0,190.0,74.0,1195.0,1255.0,0.077551020408,0.030204081633,3.8,49.0,0.487755102041,0.0,0.0,0.0,0.0,0.0,2.0,2.0,0.0,50.0,3.9318256327243257,0.0,0.9,1.5,1.0,0.45,0.95,1.0,0.45,0.75,0.0,0.0,1.0,0.0,0.0,1.0,0.0,0.0,0.0,0.0,0.0,0.0,0.0,0.487755102041,0.116326530612,0.013591836735,0.0,repair5g59_block_heavy_flow_guard,0.15,0.15,0.139761942375,-0.263157894737,0.217105263158,0.059210526316,-0.188157894737,0.001052631579,0.002631578947,0.051315789474,0.032894736842,-0.026315789474,-0.0125,-0.0125,0.0,-0.00625,0.00625,0.0,0.0625,0.0,0.0
random-32-32-20|a50|s146|it0|14650fb0739d0383,random-32-32-20,50,146,0,14650fb0739d0383,repair5g521_grid_c0p90_b1p40_f1p00_w0p45_dc0p95_df1p00_beta0p35_max0p75_c0,g521_second_wave,block_heavy,g521_second_wave,1.1441090555,True,False,True,False,False,False,False,False,True,False,False,False,False,True,-0.01850048686,0.01265822785,False,False,0.9,1.4,1.0,0.45,0.95,1.0,0.35,0.75,False,False,False,False,False,False,50.0,3.931825632724,0.0,2714.0,54.28,7.906547232368,0.0,0.0,1.0,0.0,0.0,0.0,2450.0,190.0,74.0,1195.0,1255.0,0.077551020408,0.030204081633,3.8,49.0,0.487755102041,0.0,0.0,0.0,0.0,0.0,2.0,2.0,0.0,50.0,3.9318256327243257,0.0,0.9,1.4,1.0,0.45,0.95,1.0,0.35,0.75,0.0,0.0,1.0,0.0,0.0,1.0,0.0,0.0,0.0,0.0,0.0,0.0,0.0,0.487755102041,0.108571428571,0.013591836735,0.0,repair5g59_block_heavy_flow_guard,0.15,0.15,0.139761942375,-0.263157894737,0.117105263158,0.059210526316,-0.188157894737,0.001052631579,0.002631578947,-0.048684210526,0.032894736842,-0.026315789474,-0.0125,-0.1125,0.0,-0.00625,0.00625,0.0,-0.0375,0.0,0.0
random-32-32-20|a50|s146|it0|14650fb0739d0383,random-32-32-20,50,146,0,14650fb0739d0383,repair5g521_grid_c0p90_b1p65_f1p00_w0p45_dc0p95_df1p00_beta0p35_max0p75_c0,g521_second_wave,block_heavy,g521_second_wave,1.1441090555,True,False,True,False,False,False,False,False,True,False,False,False,False,True,-0.01850048686,0.01265822785,False,False,0.9,1.65,1.0,0.45,0.95,1.0,0.35,0.75,False,False,False,False,False,False,50.0,3.931825632724,0.0,2714.0,54.28,7.906547232368,0.0,0.0,1.0,0.0,0.0,0.0,2450.0,190.0,74.0,1195.0,1255.0,0.077551020408,0.030204081633,3.8,49.0,0.487755102041,0.0,0.0,0.0,0.0,0.0,2.0,2.0,0.0,50.0,3.9318256327243257,0.0,0.9,1.65,1.0,0.45,0.95,1.0,0.35,0.75,0.0,0.0,1.0,0.0,0.0,1.0,0.0,0.0,0.0,0.0,0.0,0.0,0.0,0.487755102041,0.127959183673,0.013591836735,0.0,repair5g59_block_heavy_flow_guard,0.187082869339,0.187082869339,0.171498927292,-0.263157894737,0.367105263158,0.059210526316,-0.188157894737,0.001052631579,0.002631578947,-0.048684210526,0.032894736842,-0.026315789474,-0.0125,0.1375,0.0,-0.00625,0.00625,0.0,-0.0375,0.0,0.0
random-32-32-20|a50|s146|it0|14650fb0739d0383,random-32-32-20,50,146,0,14650fb0739d0383,repair5g521_grid_c0p90_b1p50_f1p00_w0p45_dc0p90_df1p00_beta0p45_max0p75_c0,g521_second_wave,block_heavy,g521_second_wave,1.1723466407,True,False,False,False,False,False,False,False,False,False,False,False,False,False,0.00973709834,0.04089581305,True,False,0.9,1.5,1.0,0.45,0.9,1.0,0.45,0.75,False,False,False,False,False,False,50.0,3.931825632724,0.0,2714.0,54.28,7.906547232368,0.0,0.0,1.0,0.0,0.0,0.0,2450.0,190.0,74.0,1195.0,1255.0,0.077551020408,0.030204081633,3.8,49.0,0.487755102041,0.0,0.0,0.0,0.0,0.0,2.0,2.0,0.0,50.0,3.9318256327243257,0.0,0.9,1.5,1.0,0.45,0.9,1.0,0.45,0.75,0.0,0.0,1.0,0.0,0.0,1.0,0.0,0.0,0.0,0.0,0.0,0.0,0.0,0.487755102041,0.116326530612,0.013591836735,0.0,repair5g59_block_heavy_flow_guard,0.158113883008,0.158113883008,0.146792718882,-0.263157894737,0.217105263158,0.059210526316,-0.188157894737,-0.048947368421,0.002631578947,0.051315789474,0.032894736842,-0.026315789474,-0.0125,-0.0125,0.0,-0.00625,-0.04375,0.0,0.0625,0.0,0.0
random-32-32-20|a50|s146|it0|14650fb0739d0383,random-32-32-20,50,146,0,14650fb0739d0383,repair5g521_grid_c1p20_b1p35_f1p00_w0p70_dc0p95_df1p00_beta0p60_max0p75_c0,g521_second_wave,high_beta,g521_second_wave,1.17916260954,True,False,False,False,False,False,False,False,False,False,False,False,False,False,0.01655306718,0.04771178189,True,False,1.2,1.35,1.0,0.7,0.95,1.0,0.6,0.75,False,False,False,False,False,False,50.0,3.931825632724,0.0,2714.0,54.28,7.906547232368,0.0,0.0,1.0,0.0,0.0,0.0,2450.0,190.0,74.0,1195.0,1255.0,0.077551020408,0.030204081633,3.8,49.0,0.487755102041,0.0,0.0,0.0,0.0,0.0,2.0,2.0,0.0,50.0,3.9318256327243257,0.0,1.2,1.35,1.0,0.7,0.95,1.0,0.6,0.75,0.0,0.0,1.0,0.0,0.0,0.0,0.0,0.0,0.0,1.0,0.0,0.0,0.0,0.487755102041,0.104693877551,0.021142857143,0.0,repair5g59_high_beta_cap_safe,0.122474487139,0.122474487139,0.115535611769,0.036842105263,0.067105263158,0.059210526316,0.061842105263,0.001052631579,0.002631578947,0.201315789474,0.032894736842,-0.026315789474,-0.020833333333,0.108333333333,0.0,-0.020833333333,-0.0,0.004166666667,0.029166666667,0.0,0.0
random-32-32-20|a50|s146|it0|14650fb0739d0383,random-32-32-20,50,146,0,14650fb0739d0383,repair5g521_grid_c1p20_b1p15_f1p00_w0p70_dc0p95_df1p00_beta0p60_max0p75_c0,g521_second_wave,high_beta,g521_second_wave,1.18695228822,True,False,False,False,False,False,False,False,False,False,False,False,False,False,0.02434274586,0.05550146057,True,False,1.2,1.15,1.0,0.7,0.95,1.0,0.6,0.75,False,False,False,False,False,False,50.0,3.931825632724,0.0,2714.0,54.28,7.906547232368,0.0,0.0,1.0,0.0,0.0,0.0,2450.0,190.0,74.0,1195.0,1255.0,0.077551020408,0.030204081633,3.8,49.0,0.487755102041,0.0,0.0,0.0,0.0,0.0,2.0,2.0,0.0,50.0,3.9318256327243257,0.0,1.2,1.15,1.0,0.7,0.95,1.0,0.6,0.75,0.0,0.0,1.0,0.0,0.0,0.0,0.0,0.0,0.0,1.0,0.0,0.0,0.0,0.487755102041,0.089183673469,0.021142857143,0.0,repair5g59_high_beta_cap_safe,0.122474487139,0.122474487139,0.115535611769,0.036842105263,-0.132894736842,0.059210526316,0.061842105263,0.001052631579,0.002631578947,0.201315789474,0.032894736842,-0.026315789474,-0.020833333333,-0.091666666667,0.0,-0.020833333333,-0.0,0.004166666667,0.029166666667,0.0,0.0
random-32-32-20|a50|s146|it0|14650fb0739d0383,random-32-32-20,50,146,0,14650fb0739d0383,repair5g521_grid_c1p20_b1p15_f1p00_w0p70_dc0p95_df1p00_beta0p55_max0p75_c0,g521_second_wave,high_beta,g521_second_wave,1.18695228822,True,False,False,False,False,False,False,False,False,False,False,False,False,False,0.02434274586,0.05550146057,True,False,1.2,1.15,1.0,0.7,0.95,1.0,0.55,0.75,False,False,False,False,False,False,50.0,3.931825632724,0.0,2714.0,54.28,7.906547232368,0.0,0.0,1.0,0.0,0.0,0.0,2450.0,190.0,74.0,1195.0,1255.0,0.077551020408,0.030204081633,3.8,49.0,0.487755102041,0.0,0.0,0.0,0.0,0.0,2.0,2.0,0.0,50.0,3.9318256327243257,0.0,1.2,1.15,1.0,0.7,0.95,1.0,0.55,0.75,0.0,0.0,1.0,0.0,0.0,0.0,0.0,0.0,0.0,1.0,0.0,0.0,0.0,0.487755102041,0.089183673469,0.021142857143,0.0,repair5g59_high_beta_cap_safe,0.132287565553,0.132287565553,0.124239980694,0.036842105263,-0.132894736842,0.059210526316,0.061842105263,0.001052631579,0.002631578947,0.151315789474,0.032894736842,-0.026315789474,-0.020833333333,-0.091666666667,0.0,-0.020833333333,-0.0,0.004166666667,-0.020833333333,0.0,0.0
random-32-32-20|a50|s146|it0|14650fb0739d0383,random-32-32-20,50,146,0,14650fb0739d0383,repair5g521_grid_c1p20_b1p35_f1p00_w0p70_dc0p95_df1p00_beta0p55_max0p75_c0,g521_second_wave,high_beta,g521_second_wave,1.17916260954,True,False,False,False,False,False,False,False,False,False,False,False,False,False,0.01655306718,0.04771178189,True,False,1.2,1.35,1.0,0.7,0.95,1.0,0.55,0.75,False,False,False,False,False,False,50.0,3.931825632724,0.0,2714.0,54.28,7.906547232368,0.0,0.0,1.0,0.0,0.0,0.0,2450.0,190.0,74.0,1195.0,1255.0,0.077551020408,0.030204081633,3.8,49.0,0.487755102041,0.0,0.0,0.0,0.0,0.0,2.0,2.0,0.0,50.0,3.9318256327243257,0.0,1.2,1.35,1.0,0.7,0.95,1.0,0.55,0.75,0.0,0.0,1.0,0.0,0.0,0.0,0.0,0.0,0.0,1.0,0.0,0.0,0.0,0.487755102041,0.104693877551,0.021142857143,0.0,repair5g59_high_beta_cap_safe,0.132287565553,0.132287565553,0.124239980694,0.036842105263,0.067105263158,0.059210526316,0.061842105263,0.001052631579,0.002631578947,0.151315789474,0.032894736842,-0.026315789474,-0.020833333333,0.108333333333,0.0,-0.020833333333,-0.0,0.004166666667,-0.020833333333,0.0,0.0
random-32-32-20|a50|s146|it0|14650fb0739d0383,random-32-32-20,50,146,0,14650fb0739d0383,repair5g521_grid_c1p25_b1p25_f1p00_w0p50_dc0p95_df1p00_beta0p35_max0p75_c0,g521_second_wave,wait_conservative,g521_second_wave,1.16260954236,True,False,False,False,False,False,False,False,False,False,False,False,False,False,0.0,0.03115871471,False,False,1.25,1.25,1.0,0.5,0.95,1.0,0.35,0.75,False,False,False,False,False,False,50.0,3.931825632724,0.0,2714.0,54.28,7.906547232368,0.0,0.0,1.0,0.0,0.0,0.0,2450.0,190.0,74.0,1195.0,1255.0,0.077551020408,0.030204081633,3.8,49.0,0.487755102041,0.0,0.0,0.0,0.0,0.0,2.0,2.0,0.0,50.0,3.9318256327243257,0.0,1.25,1.25,1.0,0.5,0.95,1.0,0.35,0.75,0.0,0.0,1.0,0.0,0.0,0.0,0.0,0.0,0.0,0.0,0.0,0.0,1.0,0.487755102041,0.09693877551,0.015102040817,0.0,repair5g59_wait_conservative,0.0,0.0,0.0,0.086842105263,-0.032894736842,0.059210526316,-0.138157894737,0.001052631579,0.002631578947,-0.048684210526,0.032894736842,-0.026315789474,0.0,0.0,0.0,0.042857142857,0.007142857143,0.0,0.021428571429,0.0,0.0
random-32-32-20|a50|s146|it0|14650fb0739d0383,random-32-32-20,50,146,0,14650fb0739d0383,repair5g521_grid_c1p25_b1p25_f1p00_w0p35_dc0p95_df1p00_beta0p30_max0p75_c0,g521_second_wave,wait_conservative,g521_second_wave,1.12755598832,True,False,True,False,False,False,False,False,True,False,False,False,False,True,-0.03505355404,-0.00389483933,False,False,1.25,1.25,1.0,0.35,0.95,1.0,0.3,0.75,False,False,False,False,False,False,50.0,3.931825632724,0.0,2714.0,54.28,7.906547232368,0.0,0.0,1.0,0.0,0.0,0.0,2450.0,190.0,74.0,1195.0,1255.0,0.077551020408,0.030204081633,3.8,49.0,0.487755102041,0.0,0.0,0.0,0.0,0.0,2.0,2.0,0.0,50.0,3.9318256327243257,0.0,1.25,1.25,1.0,0.35,0.95,1.0,0.3,0.75,0.0,0.0,1.0,0.0,0.0,0.0,0.0,0.0,0.0,0.0,0.0,0.0,1.0,0.487755102041,0.09693877551,0.010571428572,0.0,repair5g59_wait_conservative,0.158113883008,0.158113883008,0.146792718882,0.086842105263,-0.032894736842,0.059210526316,-0.288157894737,0.001052631579,0.002631578947,-0.098684210526,0.032894736842,-0.026315789474,0.0,0.0,0.0,-0.107142857143,0.007142857143,0.0,-0.028571428571,0.0,0.0
random-32-32-20|a50|s146|it0|14650fb0739d0383,random-32-32-20,50,146,0,14650fb0739d0383,repair5g521_grid_c1p25_b1p25_f1p00_w0p50_dc0p90_df1p00_beta0p35_max0p75_c0,g521_second_wave,wait_conservative,g521_second_wave,1.16260954236,True,False,False,False,False,False,False,False,False,False,False,False,False,False,0.0,0.03115871471,False,False,1.25,1.25,1.0,0.5,0.9,1.0,0.35,0.75,False,False,False,False,False,False,50.0,3.931825632724,0.0,2714.0,54.28,7.906547232368,0.0,0.0,1.0,0.0,0.0,0.0,2450.0,190.0,74.0,1195.0,1255.0,0.077551020408,0.030204081633,3.8,49.0,0.487755102041,0.0,0.0,0.0,0.0,0.0,2.0,2.0,0.0,50.0,3.9318256327243257,0.0,1.25,1.25,1.0,0.5,0.9,1.0,0.35,0.75,0.0,0.0,1.0,0.0,0.0,0.0,0.0,0.0,0.0,0.0,0.0,0.0,1.0,0.487755102041,0.09693877551,0.015102040817,0.0,repair5g59_wait_conservative,0.05,0.05,0.048790164169,0.086842105263,-0.032894736842,0.059210526316,-0.138157894737,-0.048947368421,0.002631578947,-0.048684210526,0.032894736842,-0.026315789474,0.0,0.0,0.0,0.042857142857,-0.042857142857,0.0,0.021428571429,0.0,0.0
random-32-32-20|a50|s146|it0|14650fb0739d0383,random-32-32-20,50,146,0,14650fb0739d0383,repair5g521_grid_c1p25_b1p25_f1p00_w0p50_dc0p95_df1p00_beta0p30_max0p75_c0,g521_second_wave,wait_conservative,g521_second_wave,1.15676728335,True,False,True,False,False,False,False,False,True,False,False,False,False,True,-0.00584225901,0.0253164557,False,False,1.25,1.25,1.0,0.5,0.95,1.0,0.3,0.75,False,False,False,False,False,False,50.0,3.931825632724,0.0,2714.0,54.28,7.906547232368,0.0,0.0,1.0,0.0,0.0,0.0,2450.0,190.0,74.0,1195.0,1255.0,0.077551020408,0.030204081633,3.8,49.0,0.487755102041,0.0,0.0,0.0,0.0,0.0,2.0,2.0,0.0,50.0,3.9318256327243257,0.0,1.25,1.25,1.0,0.5,0.95,1.0,0.3,0.75,0.0,0.0,1.0,0.0,0.0,0.0,0.0,0.0,0.0,0.0,0.0,0.0,1.0,0.487755102041,0.09693877551,0.015102040817,0.0,repair5g59_wait_conservative,0.05,0.05,0.048790164169,0.086842105263,-0.032894736842,0.059210526316,-0.138157894737,0.001052631579,0.002631578947,-0.098684210526,0.032894736842,-0.026315789474,0.0,0.0,0.0,0.042857142857,0.007142857143,0.0,-0.028571428571,0.0,0.0
random-32-32-20|a50|s146|it0|14650fb0739d0383,random-32-32-20,50,146,0,14650fb0739d0383,repair5g521_grid_c1p25_b1p25_f1p00_w0p75_dc0p95_df1p00_beta0p55_max0p75_c0,g521_second_wave,high_beta,g521_second_wave,1.2035053554,True,False,False,False,False,False,False,False,False,False,False,False,False,False,0.04089581304,0.07205452775,True,False,1.25,1.25,1.0,0.75,0.95,1.0,0.55,0.75,False,False,False,False,False,False,50.0,3.931825632724,0.0,2714.0,54.28,7.906547232368,0.0,0.0,1.0,0.0,0.0,0.0,2450.0,190.0,74.0,1195.0,1255.0,0.077551020408,0.030204081633,3.8,49.0,0.487755102041,0.0,0.0,0.0,0.0,0.0,2.0,2.0,0.0,50.0,3.9318256327243257,0.0,1.25,1.25,1.0,0.75,0.95,1.0,0.55,0.75,0.0,0.0,1.0,0.0,0.0,0.0,0.0,0.0,0.0,1.0,0.0,0.0,0.0,0.487755102041,0.09693877551,0.022653061225,0.0,repair5g59_high_beta_cap_safe,0.05,0.05,0.048790164169,0.086842105263,-0.032894736842,0.059210526316,0.111842105263,0.001052631579,0.002631578947,0.151315789474,0.032894736842,-0.026315789474,0.029166666667,0.008333333333,0.0,0.029166666667,-0.0,0.004166666667,-0.020833333333,0.0,0.0
random-32-32-20|a50|s146|it0|14650fb0739d0383,random-32-32-20,50,146,0,14650fb0739d0383,repair5g521_grid_c1p25_b1p25_f1p00_w0p75_dc0p90_df1p00_beta0p55_max0p75_c0,g521_second_wave,high_beta,g521_second_wave,1.2035053554,True,False,False,False,False,False,False,False,False,False,False,False,False,False,0.04089581304,0.07205452775,True,False,1.25,1.25,1.0,0.75,0.9,1.0,0.55,0.75,False,False,False,False,False,False,50.0,3.931825632724,0.0,2714.0,54.28,7.906547232368,0.0,0.0,1.0,0.0,0.0,0.0,2450.0,190.0,74.0,1195.0,1255.0,0.077551020408,0.030204081633,3.8,49.0,0.487755102041,0.0,0.0,0.0,0.0,0.0,2.0,2.0,0.0,50.0,3.9318256327243257,0.0,1.25,1.25,1.0,0.75,0.9,1.0,0.55,0.75,0.0,0.0,1.0,0.0,0.0,0.0,0.0,0.0,0.0,1.0,0.0,0.0,0.0,0.487755102041,0.09693877551,0.022653061225,0.0,repair5g59_high_beta_cap_safe,0.070710678119,0.070710678119,0.068322613158,0.086842105263,-0.032894736842,0.059210526316,0.111842105263,-0.048947368421,0.002631578947,0.151315789474,0.032894736842,-0.026315789474,0.029166666667,0.008333333333,0.0,0.029166666667,-0.05,0.004166666667,-0.020833333333,0.0,0.0
random-32-32-20|a50|s146|it0|14650fb0739d0383,random-32-32-20,50,146,0,14650fb0739d0383,repair5g521_grid_c1p25_b1p25_f1p00_w0p75_dc0p95_df0p95_beta0p55_max0p75_c0,g521_second_wave,high_beta,g521_second_wave,1.2035053554,True,False,False,False,False,False,False,False,False,False,False,False,False,False,0.04089581304,0.07205452775,True,False,1.25,1.25,1.0,0.75,0.95,0.95,0.55,0.75,False,False,False,False,False,False,50.0,3.931825632724,0.0,2714.0,54.28,7.906547232368,0.0,0.0,1.0,0.0,0.0,0.0,2450.0,190.0,74.0,1195.0,1255.0,0.077551020408,0.030204081633,3.8,49.0,0.487755102041,0.0,0.0,0.0,0.0,0.0,2.0,2.0,0.0,50.0,3.9318256327243257,0.0,1.25,1.25,1.0,0.75,0.95,0.95,0.55,0.75,0.0,0.0,1.0,0.0,0.0,0.0,0.0,0.0,0.0,1.0,0.0,0.0,0.0,0.487755102041,0.09693877551,0.022653061225,0.0,repair5g59_high_beta_cap_safe,0.070710678119,0.070710678119,0.068322613158,0.086842105263,-0.032894736842,0.059210526316,0.111842105263,0.001052631579,-0.047368421053,0.151315789474,0.032894736842,-0.026315789474,0.029166666667,0.008333333333,0.0,0.029166666667,-0.0,-0.045833333333,-0.020833333333,0.0,0.0
random-32-32-20|a50|s146|it0|14650fb0739d0383,random-32-32-20,50,146,0,14650fb0739d0383,repair5g521_grid_c1p25_b1p25_f1p00_w0p75_dc1p00_df1p00_beta0p55_max0p75_c0,g521_second_wave,high_beta,g521_second_wave,1.2035053554,True,False,False,False,False,False,False,False,False,False,False,False,False,False,0.04089581304,0.07205452775,True,False,1.25,1.25,1.0,0.75,1.0,1.0,0.55,0.75,False,False,False,False,False,False,50.0,3.931825632724,0.0,2714.0,54.28,7.906547232368,0.0,0.0,1.0,0.0,0.0,0.0,2450.0,190.0,74.0,1195.0,1255.0,0.077551020408,0.030204081633,3.8,49.0,0.487755102041,0.0,0.0,0.0,0.0,0.0,2.0,2.0,0.0,50.0,3.9318256327243257,0.0,1.25,1.25,1.0,0.75,1.0,1.0,0.55,0.75,0.0,0.0,1.0,0.0,0.0,0.0,0.0,0.0,0.0,1.0,0.0,0.0,0.0,0.487755102041,0.09693877551,0.022653061225,0.0,repair5g59_high_beta_cap_safe,0.070710678119,0.070710678119,0.068322613158,0.086842105263,-0.032894736842,0.059210526316,0.111842105263,0.051052631579,0.002631578947,0.151315789474,0.032894736842,-0.026315789474,0.029166666667,0.008333333333,0.0,0.029166666667,0.05,0.004166666667,-0.020833333333,0.0,0.0
random-32-32-20|a50|s148|it0|14650fb0739d0383,random-32-32-20,50,148,0,14650fb0739d0383,repair5g59_additive_fallback,old14,additive,old14,1.24572457246,True,False,False,False,False,False,False,False,False,False,False,False,False,False,0.09720972097,0.13231323133,True,False,,,,,,,,,,False,False,False,False,False,50.0,3.931825632724,0.0,2804.0,56.08,7.939158817957,0.0,0.0,1.0,0.0,0.0,0.0,2550.0,174.0,80.0,1242.0,1308.0,0.068235294118,0.03137254902,3.48,51.0,0.487058823529,0.0,0.0,0.0,0.0,0.0,2.0,2.0,0.0,50.0,3.9318256327243257,0.0,1.0,1.0,0.0,1.0,1.0,1.0,0.0,0.0,0.0,0.0,0.0,1.0,1.0,0.0,0.0,0.0,0.0,0.0,0.0,0.0,0.0,0.0,0.068235294118,0.03137254902,0.0,,,,0.0,-0.163157894737,-0.282894736842,-0.940789473684,0.361842105263,0.051052631579,0.002631578947,-0.398684210526,-0.717105263158,-0.026315789474,0.0,0.0,0.0,0.0,0.0,0.0,0.0,0.0,0.0
random-32-32-20|a50|s148|it0|14650fb0739d0383,random-32-32-20,50,148,0,14650fb0739d0383,repair5g59_block_heavy_flow_guard,old14,block_heavy,old14,1.11341134113,True,False,True,False,False,False,False,False,False,False,False,False,False,False,-0.03510351036,0.0,False,False,1.0,1.5,1.0,0.5,0.95,1.0,0.35,0.75,False,False,False,False,False,False,50.0,3.931825632724,0.0,2804.0,56.08,7.939158817957,0.0,0.0,1.0,0.0,0.0,0.0,2550.0,174.0,80.0,1242.0,1308.0,0.068235294118,0.03137254902,3.48,51.0,0.487058823529,0.0,0.0,0.0,0.0,0.0,2.0,2.0,0.0,50.0,3.9318256327243257,0.0,1.0,1.5,1.0,0.5,0.95,1.0,0.35,0.75,0.0,0.0,0.0,1.0,0.0,1.0,0.0,0.0,0.0,0.0,0.0,0.0,0.0,0.487058823529,0.102352941177,0.01568627451,0.0,repair5g59_block_heavy_flow_guard,0.0,0.0,0.0,-0.163157894737,0.217105263158,0.059210526316,-0.138157894737,0.001052631579,0.002631578947,-0.048684210526,0.032894736842,-0.026315789474,0.0875,-0.0125,0.0,0.04375,0.00625,0.0,-0.0375,0.0,0.0
random-32-32-20|a50|s148|it0|14650fb0739d0383,random-32-32-20,50,148,0,14650fb0739d0383,repair5g59_c_only_f_disabled,old14,static_boundary_c_only,old14,1.26372637264,True,False,False,False,False,False,False,False,False,False,False,False,False,False,0.11521152115,0.15031503151,True,False,1.25,1.25,0.0,0.75,0.95,1.0,0.0,0.0,True,False,False,False,False,False,50.0,3.931825632724,0.0,2804.0,56.08,7.939158817957,0.0,0.0,1.0,0.0,0.0,0.0,2550.0,174.0,80.0,1242.0,1308.0,0.068235294118,0.03137254902,3.48,51.0,0.487058823529,0.0,0.0,0.0,0.0,0.0,2.0,2.0,0.0,50.0,3.9318256327243257,0.0,1.25,1.25,0.0,0.75,0.95,1.0,0.0,0.0,1.0,0.0,0.0,1.0,0.0,0.0,0.0,0.0,0.0,0.0,0.0,1.0,0.0,0.0,0.085294117648,0.023529411765,0.0,repair5g59_c_only_f_disabled,0.0,0.0,0.0,0.086842105263,-0.032894736842,-0.940789473684,0.111842105263,0.001052631579,0.002631578947,-0.398684210526,-0.717105263158,0.973684210526,0.0,0.0,0.0,0.0,0.0,0.0,0.0,0.0,0.0
random-32-32-20|a50|s148|it0|14650fb0739d0383,random-32-32-20,50,148,0,14650fb0739d0383,repair5g59_commit_heavy_flow_guard,old14,commit_heavy,old14,1.14311431143,True,False,True,False,False,False,False,False,False,False,False,False,False,False,-0.00540054006,0.0297029703,False,False,1.5,1.0,1.0,0.75,0.95,1.0,0.35,0.75,False,False,False,False,False,False,50.0,3.931825632724,0.0,2804.0,56.08,7.939158817957,0.0,0.0,1.0,0.0,0.0,0.0,2550.0,174.0,80.0,1242.0,1308.0,0.068235294118,0.03137254902,3.48,51.0,0.487058823529,0.0,0.0,0.0,0.0,0.0,2.0,2.0,0.0,50.0,3.9318256327243257,0.0,1.5,1.0,1.0,0.75,0.95,1.0,0.35,0.75,0.0,0.0,0.0,1.0,0.0,0.0,1.0,0.0,0.0,0.0,0.0,0.0,0.0,0.487058823529,0.068235294118,0.023529411765,0.0,repair5g59_commit_heavy_flow_guard,0.0,0.0,0.0,0.336842105263,-0.282894736842,0.059210526316,0.111842105263,0.001052631579,0.002631578947,-0.048684210526,0.032894736842,-0.026315789474,0.0,0.0,0.0,0.0,0.0,0.0,0.0,0.0,0.0
random-32-32-20|a50|s148|it0|14650fb0739d0383,random-32-32-20,50,148,0,14650fb0739d0383,repair5g59_fast_decay_low_shield,old14,flow_decay,old14,1.23402340234,True,False,False,False,False,False,False,False,False,False,False,False,False,False,0.08550855085,0.12061206121,True,False,1.25,1.25,1.0,0.75,0.9,1.0,0.2,0.5,False,False,False,False,False,False,50.0,3.931825632724,0.0,2804.0,56.08,7.939158817957,0.0,0.0,1.0,0.0,0.0,0.0,2550.0,174.0,80.0,1242.0,1308.0,0.068235294118,0.03137254902,3.48,51.0,0.487058823529,0.0,0.0,0.0,0.0,0.0,2.0,2.0,0.0,50.0,3.9318256327243257,0.0,1.25,1.25,1.0,0.75,0.9,1.0,0.2,0.5,0.0,0.0,0.0,1.0,0.0,0.0,0.0,1.0,0.0,0.0,0.0,0.0,0.0,0.487058823529,0.085294117648,0.023529411765,0.0,repair5g59_fast_decay_low_shield,0.0,0.0,0.0,0.086842105263,-0.032894736842,0.059210526316,0.111842105263,-0.048947368421,0.002631578947,-0.198684210526,-0.217105263158,-0.026315789474,0.05,0.05,0.05,0.0,-0.052,0.01,-0.1,-0.3,0.0
random-32-32-20|a50|s148|it0|14650fb0739d0383,random-32-32-20,50,148,0,14650fb0739d0383,repair5g59_flow_decay,old14,flow_decay,old14,1.14851485149,True,False,False,False,False,False,False,False,False,False,False,False,False,False,0.0,0.03510351036,False,False,1.25,1.25,1.0,0.75,0.95,0.95,0.35,0.75,False,False,False,False,False,False,50.0,3.931825632724,0.0,2804.0,56.08,7.939158817957,0.0,0.0,1.0,0.0,0.0,0.0,2550.0,174.0,80.0,1242.0,1308.0,0.068235294118,0.03137254902,3.48,51.0,0.487058823529,0.0,0.0,0.0,0.0,0.0,2.0,2.0,0.0,50.0,3.9318256327243257,0.0,1.25,1.25,1.0,0.75,0.95,0.95,0.35,0.75,0.0,0.0,0.0,1.0,0.0,0.0,0.0,1.0,0.0,0.0,0.0,0.0,0.0,0.487058823529,0.085294117648,0.023529411765,0.0,repair5g59_flow_decay,0.0,0.0,0.0,0.086842105263,-0.032894736842,0.059210526316,0.111842105263,0.001052631579,-0.047368421053,-0.048684210526,0.032894736842,-0.026315789474,0.05,0.05,0.05,0.0,-0.002,-0.04,0.05,-0.05,0.0
random-32-32-20|a50|s148|it0|14650fb0739d0383,random-32-32-20,50,148,0,14650fb0739d0383,repair5g59_high_beta_cap_safe,old14,high_beta,old14,1.15211521152,True,False,False,False,False,False,False,False,False,False,False,False,False,False,0.00360036003,0.03870387039,False,False,1.25,1.25,1.0,0.75,0.95,1.0,0.6,0.75,False,False,False,False,False,False,50.0,3.931825632724,0.0,2804.0,56.08,7.939158817957,0.0,0.0,1.0,0.0,0.0,0.0,2550.0,174.0,80.0,1242.0,1308.0,0.068235294118,0.03137254902,3.48,51.0,0.487058823529,0.0,0.0,0.0,0.0,0.0,2.0,2.0,0.0,50.0,3.9318256327243257,0.0,1.25,1.25,1.0,0.75,0.95,1.0,0.6,0.75,0.0,0.0,0.0,1.0,0.0,0.0,0.0,0.0,0.0,1.0,0.0,0.0,0.0,0.487058823529,0.085294117648,0.023529411765,0.0,repair5g59_high_beta_cap_safe,0.0,0.0,0.0,0.086842105263,-0.032894736842,0.059210526316,0.111842105263,0.001052631579,0.002631578947,0.201315789474,0.032894736842,-0.026315789474,0.029166666667,0.008333333333,0.0,0.029166666667,-0.0,0.004166666667,0.029166666667,0.0,0.0
random-32-32-20|a50|s148|it0|14650fb0739d0383,random-32-32-20,50,148,0,14650fb0739d0383,repair5g59_light_cong_light_flow,old14,flow_decay,old14,1.23402340234,True,False,False,False,False,False,False,False,False,False,False,False,False,False,0.08550855085,0.12061206121,True,False,1.0,1.0,0.75,0.75,0.98,1.0,0.25,0.5,False,False,False,False,False,False,50.0,3.931825632724,0.0,2804.0,56.08,7.939158817957,0.0,0.0,1.0,0.0,0.0,0.0,2550.0,174.0,80.0,1242.0,1308.0,0.068235294118,0.03137254902,3.48,51.0,0.487058823529,0.0,0.0,0.0,0.0,0.0,2.0,2.0,0.0,50.0,3.9318256327243257,0.0,1.0,1.0,0.75,0.75,0.98,1.0,0.25,0.5,0.0,0.0,0.0,1.0,0.0,0.0,0.0,1.0,0.0,0.0,0.0,0.0,0.0,0.365294117647,0.068235294118,0.023529411765,0.0,repair5g59_light_cong_light_flow,0.0,0.0,0.0,-0.163157894737,-0.282894736842,-0.190789473684,0.111842105263,0.031052631579,0.002631578947,-0.148684210526,-0.217105263158,-0.026315789474,-0.2,-0.2,-0.2,0.0,0.028,0.01,-0.05,-0.3,0.0
random-32-32-20|a50|s148|it0|14650fb0739d0383,random-32-32-20,50,148,0,14650fb0739d0383,repair5g59_low_beta_high_cap,old14,flow_decay,old14,1.18271827183,True,False,False,False,False,False,False,False,False,False,False,False,False,False,0.03420342034,0.0693069307,True,False,1.25,1.25,1.0,0.75,0.95,1.0,0.2,1.25,False,False,False,False,False,False,50.0,3.931825632724,0.0,2804.0,56.08,7.939158817957,0.0,0.0,1.0,0.0,0.0,0.0,2550.0,174.0,80.0,1242.0,1308.0,0.068235294118,0.03137254902,3.48,51.0,0.487058823529,0.0,0.0,0.0,0.0,0.0,2.0,2.0,0.0,50.0,3.9318256327243257,0.0,1.25,1.25,1.0,0.75,0.95,1.0,0.2,1.25,0.0,0.0,0.0,1.0,0.0,0.0,0.0,1.0,0.0,0.0,0.0,0.0,0.0,0.487058823529,0.085294117648,0.023529411765,0.0,repair5g59_low_beta_high_cap,0.0,0.0,0.0,0.086842105263,-0.032894736842,0.059210526316,0.111842105263,0.001052631579,0.002631578947,-0.198684210526,0.532894736842,-0.026315789474,0.05,0.05,0.05,0.0,-0.002,0.01,-0.1,0.45,0.0
random-32-32-20|a50|s148|it0|14650fb0739d0383,random-32-32-20,50,148,0,14650fb0739d0383,repair5g59_slow_decay_high_shield,old14,flow_decay,old14,1.15931593159,True,False,False,False,False,False,False,False,False,False,False,False,False,False,0.0108010801,0.04590459046,True,False,1.25,1.25,1.0,0.75,0.98,1.0,0.5,1.0,False,False,False,False,False,False,50.0,3.931825632724,0.0,2804.0,56.08,7.939158817957,0.0,0.0,1.0,0.0,0.0,0.0,2550.0,174.0,80.0,1242.0,1308.0,0.068235294118,0.03137254902,3.48,51.0,0.487058823529,0.0,0.0,0.0,0.0,0.0,2.0,2.0,0.0,50.0,3.9318256327243257,0.0,1.25,1.25,1.0,0.75,0.98,1.0,0.5,1.0,0.0,0.0,0.0,1.0,0.0,0.0,0.0,1.0,0.0,0.0,0.0,0.0,0.0,0.487058823529,0.085294117648,0.023529411765,0.0,repair5g59_slow_decay_high_shield,0.0,0.0,0.0,0.086842105263,-0.032894736842,0.059210526316,0.111842105263,0.031052631579,0.002631578947,0.101315789474,0.282894736842,-0.026315789474,0.05,0.05,0.05,0.0,0.028,0.01,0.2,0.2,0.0
random-32-32-20|a50|s148|it0|14650fb0739d0383,random-32-32-20,50,148,0,14650fb0739d0383,repair5g59_static_abstain_candidate,old14,static,old14,1.14851485149,True,False,False,False,False,False,False,False,False,False,False,False,False,False,0.0,0.03510351036,False,False,1.25,1.25,1.0,0.75,0.95,1.0,0.35,0.75,False,False,False,False,False,False,50.0,3.931825632724,0.0,2804.0,56.08,7.939158817957,0.0,0.0,1.0,0.0,0.0,0.0,2550.0,174.0,80.0,1242.0,1308.0,0.068235294118,0.03137254902,3.48,51.0,0.487058823529,0.0,0.0,0.0,0.0,0.0,2.0,2.0,0.0,50.0,3.9318256327243257,0.0,1.25,1.25,1.0,0.75,0.95,1.0,0.35,0.75,0.0,0.0,0.0,1.0,0.0,0.0,0.0,0.0,0.0,0.0,1.0,0.0,0.0,0.487058823529,0.085294117648,0.023529411765,0.0,repair5g59_static_abstain_candidate,0.0,0.0,0.0,0.086842105263,-0.032894736842,0.059210526316,0.111842105263,0.001052631579,0.002631578947,-0.048684210526,0.032894736842,-0.026315789474,0.0,0.0,0.0,0.0,0.0,0.0,0.0,0.0,0.0
random-32-32-20|a50|s148|it0|14650fb0739d0383,random-32-32-20,50,148,0,14650fb0739d0383,repair5g59_static_flow_shield,old14,static,old14,1.14851485149,True,False,False,False,False,False,False,False,False,False,False,False,False,False,0.0,0.03510351036,False,False,1.25,1.25,1.0,0.75,0.95,1.0,0.35,0.75,False,False,False,False,False,False,50.0,3.931825632724,0.0,2804.0,56.08,7.939158817957,0.0,0.0,1.0,0.0,0.0,0.0,2550.0,174.0,80.0,1242.0,1308.0,0.068235294118,0.03137254902,3.48,51.0,0.487058823529,0.0,0.0,0.0,0.0,0.0,2.0,2.0,0.0,50.0,3.9318256327243257,0.0,1.25,1.25,1.0,0.75,0.95,1.0,0.35,0.75,0.0,0.0,0.0,1.0,0.0,0.0,0.0,0.0,0.0,0.0,1.0,0.0,0.0,0.487058823529,0.085294117648,0.023529411765,0.0,repair5g59_static_abstain_candidate,0.0,0.0,0.0,0.086842105263,-0.032894736842,0.059210526316,0.111842105263,0.001052631579,0.002631578947,-0.048684210526,0.032894736842,-0.026315789474,0.0,0.0,0.0,0.0,0.0,0.0,0.0,0.0,0.0
random-32-32-20|a50|s148|it0|14650fb0739d0383,random-32-32-20,50,148,0,14650fb0739d0383,repair5g59_wait_aggressive,old14,flow_shield,old14,1.13591359136,True,False,True,False,False,False,False,False,False,False,False,False,False,False,-0.01260126013,0.02250225023,False,False,1.25,1.25,1.0,1.0,0.95,1.0,0.35,0.75,False,False,False,False,False,False,50.0,3.931825632724,0.0,2804.0,56.08,7.939158817957,0.0,0.0,1.0,0.0,0.0,0.0,2550.0,174.0,80.0,1242.0,1308.0,0.068235294118,0.03137254902,3.48,51.0,0.487058823529,0.0,0.0,0.0,0.0,0.0,2.0,2.0,0.0,50.0,3.9318256327243257,0.0,1.25,1.25,1.0,1.0,0.95,1.0,0.35,0.75,0.0,0.0,0.0,1.0,0.0,0.0,0.0,0.0,1.0,0.0,0.0,0.0,0.0,0.487058823529,0.085294117648,0.03137254902,0.0,repair5g59_wait_aggressive,0.0,0.0,0.0,0.086842105263,-0.032894736842,0.059210526316,0.361842105263,0.001052631579,0.002631578947,-0.048684210526,0.032894736842,-0.026315789474,0.0,0.0,0.0,0.0,0.0,0.0,0.0,0.0,0.0
random-32-32-20|a50|s148|it0|14650fb0739d0383,random-32-32-20,50,148,0,14650fb0739d0383,repair5g59_wait_conservative,old14,wait_conservative,old14,1.13411341134,True,False,True,False,False,False,False,False,False,False,False,False,False,False,-0.01440144015,0.02070207021,False,False,1.25,1.25,1.0,0.5,0.95,1.0,0.35,0.75,False,False,False,False,False,False,50.0,3.931825632724,0.0,2804.0,56.08,7.939158817957,0.0,0.0,1.0,0.0,0.0,0.0,2550.0,174.0,80.0,1242.0,1308.0,0.068235294118,0.03137254902,3.48,51.0,0.487058823529,0.0,0.0,0.0,0.0,0.0,2.0,2.0,0.0,50.0,3.9318256327243257,0.0,1.25,1.25,1.0,0.5,0.95,1.0,0.35,0.75,0.0,0.0,0.0,1.0,0.0,0.0,0.0,0.0,0.0,0.0,0.0,0.0,1.0,0.487058823529,0.085294117648,0.01568627451,0.0,repair5g59_wait_conservative,0.0,0.0,0.0,0.086842105263,-0.032894736842,0.059210526316,-0.138157894737,0.001052631579,0.002631578947,-0.048684210526,0.032894736842,-0.026315789474,0.0,0.0,0.0,0.042857142857,0.007142857143,0.0,0.021428571429,0.0,0.0
random-32-32-20|a50|s148|it0|14650fb0739d0383,random-32-32-20,50,148,0,14650fb0739d0383,repair5g518_grid_c1p25_b1p25_f1p00_w0p50_dc0p95_df1p00_beta0p35_max0p75_c0,g518_retained,wait_conservative,g518_retained,1.13411341134,True,False,True,False,False,False,False,False,True,False,False,False,False,True,-0.01440144015,0.02070207021,False,False,1.25,1.25,1.0,0.5,0.95,1.0,0.35,0.75,False,False,False,False,False,False,50.0,3.931825632724,0.0,2804.0,56.08,7.939158817957,0.0,0.0,1.0,0.0,0.0,0.0,2550.0,174.0,80.0,1242.0,1308.0,0.068235294118,0.03137254902,3.48,51.0,0.487058823529,0.0,0.0,0.0,0.0,0.0,2.0,2.0,0.0,50.0,3.9318256327243257,0.0,1.25,1.25,1.0,0.5,0.95,1.0,0.35,0.75,0.0,1.0,0.0,0.0,0.0,0.0,0.0,0.0,0.0,0.0,0.0,0.0,1.0,0.487058823529,0.085294117648,0.01568627451,0.0,repair5g59_wait_conservative,0.0,0.0,0.0,0.086842105263,-0.032894736842,0.059210526316,-0.138157894737,0.001052631579,0.002631578947,-0.048684210526,0.032894736842,-0.026315789474,0.0,0.0,0.0,0.042857142857,0.007142857143,0.0,0.021428571429,0.0,0.0
random-32-32-20|a50|s148|it0|14650fb0739d0383,random-32-32-20,50,148,0,14650fb0739d0383,repair5g518_grid_c1p20_b1p35_f1p00_w0p70_dc0p95_df1p00_beta0p60_max0p75_c0,g518_retained,high_beta,g518_retained,1.12781278128,True,False,True,False,False,False,False,False,True,False,False,False,False,True,-0.02070207021,0.01440144015,False,False,1.2,1.35,1.0,0.7,0.95,1.0,0.6,0.75,False,False,False,False,False,False,50.0,3.931825632724,0.0,2804.0,56.08,7.939158817957,0.0,0.0,1.0,0.0,0.0,0.0,2550.0,174.0,80.0,1242.0,1308.0,0.068235294118,0.03137254902,3.48,51.0,0.487058823529,0.0,0.0,0.0,0.0,0.0,2.0,2.0,0.0,50.0,3.9318256327243257,0.0,1.2,1.35,1.0,0.7,0.95,1.0,0.6,0.75,0.0,1.0,0.0,0.0,0.0,0.0,0.0,0.0,0.0,1.0,0.0,0.0,0.0,0.487058823529,0.092117647059,0.021960784314,0.0,repair5g59_high_beta_cap_safe,0.122474487139,0.122474487139,0.115535611769,0.036842105263,0.067105263158,0.059210526316,0.061842105263,0.001052631579,0.002631578947,0.201315789474,0.032894736842,-0.026315789474,-0.020833333333,0.108333333333,0.0,-0.020833333333,-0.0,0.004166666667,0.029166666667,0.0,0.0
random-32-32-20|a50|s148|it0|14650fb0739d0383,random-32-32-20,50,148,0,14650fb0739d0383,repair5g518_grid_c0p90_b1p50_f1p00_w0p45_dc0p95_df1p00_beta0p45_max0p75_c0,g518_retained,block_heavy,g518_retained,1.11791179118,True,False,True,False,False,False,False,False,True,False,False,False,False,True,-0.03060306031,0.00450045005,False,False,0.9,1.5,1.0,0.45,0.95,1.0,0.45,0.75,False,False,False,False,False,False,50.0,3.931825632724,0.0,2804.0,56.08,7.939158817957,0.0,0.0,1.0,0.0,0.0,0.0,2550.0,174.0,80.0,1242.0,1308.0,0.068235294118,0.03137254902,3.48,51.0,0.487058823529,0.0,0.0,0.0,0.0,0.0,2.0,2.0,0.0,50.0,3.9318256327243257,0.0,0.9,1.5,1.0,0.45,0.95,1.0,0.45,0.75,0.0,1.0,0.0,0.0,0.0,1.0,0.0,0.0,0.0,0.0,0.0,0.0,0.0,0.487058823529,0.102352941177,0.014117647059,0.0,repair5g59_block_heavy_flow_guard,0.15,0.15,0.139761942375,-0.263157894737,0.217105263158,0.059210526316,-0.188157894737,0.001052631579,0.002631578947,0.051315789474,0.032894736842,-0.026315789474,-0.0125,-0.0125,0.0,-0.00625,0.00625,0.0,0.0625,0.0,0.0
random-32-32-20|a50|s148|it0|14650fb0739d0383,random-32-32-20,50,148,0,14650fb0739d0383,repair5g518_grid_c1p25_b1p25_f1p00_w0p35_dc0p95_df1p00_beta0p30_max0p75_c0,g518_retained,wait_conservative,g518_retained,1.15481548155,True,False,False,False,False,False,False,False,False,False,False,False,False,False,0.00630063006,0.04140414042,True,False,1.25,1.25,1.0,0.35,0.95,1.0,0.3,0.75,False,False,False,False,False,False,50.0,3.931825632724,0.0,2804.0,56.08,7.939158817957,0.0,0.0,1.0,0.0,0.0,0.0,2550.0,174.0,80.0,1242.0,1308.0,0.068235294118,0.03137254902,3.48,51.0,0.487058823529,0.0,0.0,0.0,0.0,0.0,2.0,2.0,0.0,50.0,3.9318256327243257,0.0,1.25,1.25,1.0,0.35,0.95,1.0,0.3,0.75,0.0,1.0,0.0,0.0,0.0,0.0,0.0,0.0,0.0,0.0,0.0,0.0,1.0,0.487058823529,0.085294117648,0.010980392157,0.0,repair5g59_wait_conservative,0.158113883008,0.158113883008,0.146792718882,0.086842105263,-0.032894736842,0.059210526316,-0.288157894737,0.001052631579,0.002631578947,-0.098684210526,0.032894736842,-0.026315789474,0.0,0.0,0.0,-0.107142857143,0.007142857143,0.0,-0.028571428571,0.0,0.0
random-32-32-20|a50|s148|it0|14650fb0739d0383,random-32-32-20,50,148,0,14650fb0739d0383,repair5g518_grid_c0p90_b1p40_f1p00_w0p45_dc0p95_df1p00_beta0p35_max0p75_c0,g518_retained,block_heavy,g518_retained,1.10171017102,True,False,True,True,True,False,False,True,True,True,True,False,False,False,-0.04680468047,-0.01170117011,False,False,0.9,1.4,1.0,0.45,0.95,1.0,0.35,0.75,False,False,False,False,False,False,50.0,3.931825632724,0.0,2804.0,56.08,7.939158817957,0.0,0.0,1.0,0.0,0.0,0.0,2550.0,174.0,80.0,1242.0,1308.0,0.068235294118,0.03137254902,3.48,51.0,0.487058823529,0.0,0.0,0.0,0.0,0.0,2.0,2.0,0.0,50.0,3.9318256327243257,0.0,0.9,1.4,1.0,0.45,0.95,1.0,0.35,0.75,0.0,1.0,0.0,0.0,0.0,1.0,0.0,0.0,0.0,0.0,0.0,0.0,0.0,0.487058823529,0.095529411765,0.014117647059,0.0,repair5g59_block_heavy_flow_guard,0.15,0.15,0.139761942375,-0.263157894737,0.117105263158,0.059210526316,-0.188157894737,0.001052631579,0.002631578947,-0.048684210526,0.032894736842,-0.026315789474,-0.0125,-0.1125,0.0,-0.00625,0.00625,0.0,-0.0375,0.0,0.0
random-32-32-20|a50|s148|it0|14650fb0739d0383,random-32-32-20,50,148,0,14650fb0739d0383,repair5g518_grid_c1p20_b1p15_f1p00_w0p70_dc0p95_df1p00_beta0p60_max0p75_c0,g518_retained,high_beta,g518_retained,1.14941494149,True,False,False,False,False,False,False,False,False,False,False,False,False,False,0.00090009,0.03600360036,False,False,1.2,1.15,1.0,0.7,0.95,1.0,0.6,0.75,False,False,False,False,False,False,50.0,3.931825632724,0.0,2804.0,56.08,7.939158817957,0.0,0.0,1.0,0.0,0.0,0.0,2550.0,174.0,80.0,1242.0,1308.0,0.068235294118,0.03137254902,3.48,51.0,0.487058823529,0.0,0.0,0.0,0.0,0.0,2.0,2.0,0.0,50.0,3.9318256327243257,0.0,1.2,1.15,1.0,0.7,0.95,1.0,0.6,0.75,0.0,1.0,0.0,0.0,0.0,0.0,0.0,0.0,0.0,1.0,0.0,0.0,0.0,0.487058823529,0.078470588236,0.021960784314,0.0,repair5g59_high_beta_cap_safe,0.122474487139,0.122474487139,0.115535611769,0.036842105263,-0.132894736842,0.059210526316,0.061842105263,0.001052631579,0.002631578947,0.201315789474,0.032894736842,-0.026315789474,-0.020833333333,-0.091666666667,0.0,-0.020833333333,-0.0,0.004166666667,0.029166666667,0.0,0.0
random-32-32-20|a50|s148|it0|14650fb0739d0383,random-32-32-20,50,148,0,14650fb0739d0383,repair5g518_grid_c0p90_b1p65_f1p00_w0p45_dc0p95_df1p00_beta0p35_max0p75_c0,g518_retained,block_heavy,g518_retained,1.14311431143,True,False,True,False,False,False,False,False,True,False,False,False,False,True,-0.00540054006,0.0297029703,False,False,0.9,1.65,1.0,0.45,0.95,1.0,0.35,0.75,False,False,False,False,False,False,50.0,3.931825632724,0.0,2804.0,56.08,7.939158817957,0.0,0.0,1.0,0.0,0.0,0.0,2550.0,174.0,80.0,1242.0,1308.0,0.068235294118,0.03137254902,3.48,51.0,0.487058823529,0.0,0.0,0.0,0.0,0.0,2.0,2.0,0.0,50.0,3.9318256327243257,0.0,0.9,1.65,1.0,0.45,0.95,1.0,0.35,0.75,0.0,1.0,0.0,0.0,0.0,1.0,0.0,0.0,0.0,0.0,0.0,0.0,0.0,0.487058823529,0.112588235295,0.014117647059,0.0,repair5g59_block_heavy_flow_guard,0.187082869339,0.187082869339,0.171498927292,-0.263157894737,0.367105263158,0.059210526316,-0.188157894737,0.001052631579,0.002631578947,-0.048684210526,0.032894736842,-0.026315789474,-0.0125,0.1375,0.0,-0.00625,0.00625,0.0,-0.0375,0.0,0.0
random-32-32-20|a50|s148|it0|14650fb0739d0383,random-32-32-20,50,148,0,14650fb0739d0383,repair5g518_grid_c1p20_b1p15_f1p00_w0p70_dc0p95_df1p00_beta0p55_max0p75_c0,g518_retained,high_beta,g518_retained,1.14941494149,True,False,False,False,False,False,False,False,False,False,False,False,False,False,0.00090009,0.03600360036,False,False,1.2,1.15,1.0,0.7,0.95,1.0,0.55,0.75,False,False,False,False,False,False,50.0,3.931825632724,0.0,2804.0,56.08,7.939158817957,0.0,0.0,1.0,0.0,0.0,0.0,2550.0,174.0,80.0,1242.0,1308.0,0.068235294118,0.03137254902,3.48,51.0,0.487058823529,0.0,0.0,0.0,0.0,0.0,2.0,2.0,0.0,50.0,3.9318256327243257,0.0,1.2,1.15,1.0,0.7,0.95,1.0,0.55,0.75,0.0,1.0,0.0,0.0,0.0,0.0,0.0,0.0,0.0,1.0,0.0,0.0,0.0,0.487058823529,0.078470588236,0.021960784314,0.0,repair5g59_high_beta_cap_safe,0.132287565553,0.132287565553,0.124239980694,0.036842105263,-0.132894736842,0.059210526316,0.061842105263,0.001052631579,0.002631578947,0.151315789474,0.032894736842,-0.026315789474,-0.020833333333,-0.091666666667,0.0,-0.020833333333,-0.0,0.004166666667,-0.020833333333,0.0,0.0
random-32-32-20|a50|s148|it0|14650fb0739d0383,random-32-32-20,50,148,0,14650fb0739d0383,repair5g521_grid_c0p90_b1p50_f1p00_w0p45_dc0p95_df1p00_beta0p45_max0p75_c0,g521_second_wave,block_heavy,g521_second_wave,1.11791179118,True,False,True,False,False,False,False,False,True,False,False,False,False,True,-0.03060306031,0.00450045005,False,False,0.9,1.5,1.0,0.45,0.95,1.0,0.45,0.75,False,False,False,False,False,False,50.0,3.931825632724,0.0,2804.0,56.08,7.939158817957,0.0,0.0,1.0,0.0,0.0,0.0,2550.0,174.0,80.0,1242.0,1308.0,0.068235294118,0.03137254902,3.48,51.0,0.487058823529,0.0,0.0,0.0,0.0,0.0,2.0,2.0,0.0,50.0,3.9318256327243257,0.0,0.9,1.5,1.0,0.45,0.95,1.0,0.45,0.75,0.0,0.0,1.0,0.0,0.0,1.0,0.0,0.0,0.0,0.0,0.0,0.0,0.0,0.487058823529,0.102352941177,0.014117647059,0.0,repair5g59_block_heavy_flow_guard,0.15,0.15,0.139761942375,-0.263157894737,0.217105263158,0.059210526316,-0.188157894737,0.001052631579,0.002631578947,0.051315789474,0.032894736842,-0.026315789474,-0.0125,-0.0125,0.0,-0.00625,0.00625,0.0,0.0625,0.0,0.0
random-32-32-20|a50|s148|it0|14650fb0739d0383,random-32-32-20,50,148,0,14650fb0739d0383,repair5g521_grid_c0p90_b1p40_f1p00_w0p45_dc0p95_df1p00_beta0p35_max0p75_c0,g521_second_wave,block_heavy,g521_second_wave,1.10171017102,True,False,True,True,False,False,False,True,True,True,False,False,False,False,-0.04680468047,-0.01170117011,False,False,0.9,1.4,1.0,0.45,0.95,1.0,0.35,0.75,False,False,False,False,False,False,50.0,3.931825632724,0.0,2804.0,56.08,7.939158817957,0.0,0.0,1.0,0.0,0.0,0.0,2550.0,174.0,80.0,1242.0,1308.0,0.068235294118,0.03137254902,3.48,51.0,0.487058823529,0.0,0.0,0.0,0.0,0.0,2.0,2.0,0.0,50.0,3.9318256327243257,0.0,0.9,1.4,1.0,0.45,0.95,1.0,0.35,0.75,0.0,0.0,1.0,0.0,0.0,1.0,0.0,0.0,0.0,0.0,0.0,0.0,0.0,0.487058823529,0.095529411765,0.014117647059,0.0,repair5g59_block_heavy_flow_guard,0.15,0.15,0.139761942375,-0.263157894737,0.117105263158,0.059210526316,-0.188157894737,0.001052631579,0.002631578947,-0.048684210526,0.032894736842,-0.026315789474,-0.0125,-0.1125,0.0,-0.00625,0.00625,0.0,-0.0375,0.0,0.0
random-32-32-20|a50|s148|it0|14650fb0739d0383,random-32-32-20,50,148,0,14650fb0739d0383,repair5g521_grid_c0p90_b1p65_f1p00_w0p45_dc0p95_df1p00_beta0p35_max0p75_c0,g521_second_wave,block_heavy,g521_second_wave,1.14311431143,True,False,True,False,False,False,False,False,True,False,False,False,False,True,-0.00540054006,0.0297029703,False,False,0.9,1.65,1.0,0.45,0.95,1.0,0.35,0.75,False,False,False,False,False,False,50.0,3.931825632724,0.0,2804.0,56.08,7.939158817957,0.0,0.0,1.0,0.0,0.0,0.0,2550.0,174.0,80.0,1242.0,1308.0,0.068235294118,0.03137254902,3.48,51.0,0.487058823529,0.0,0.0,0.0,0.0,0.0,2.0,2.0,0.0,50.0,3.9318256327243257,0.0,0.9,1.65,1.0,0.45,0.95,1.0,0.35,0.75,0.0,0.0,1.0,0.0,0.0,1.0,0.0,0.0,0.0,0.0,0.0,0.0,0.0,0.487058823529,0.112588235295,0.014117647059,0.0,repair5g59_block_heavy_flow_guard,0.187082869339,0.187082869339,0.171498927292,-0.263157894737,0.367105263158,0.059210526316,-0.188157894737,0.001052631579,0.002631578947,-0.048684210526,0.032894736842,-0.026315789474,-0.0125,0.1375,0.0,-0.00625,0.00625,0.0,-0.0375,0.0,0.0
random-32-32-20|a50|s148|it0|14650fb0739d0383,random-32-32-20,50,148,0,14650fb0739d0383,repair5g521_grid_c0p90_b1p50_f1p00_w0p45_dc0p90_df1p00_beta0p45_max0p75_c0,g521_second_wave,block_heavy,g521_second_wave,1.11791179118,True,False,True,False,False,False,False,False,True,False,False,False,False,True,-0.03060306031,0.00450045005,False,False,0.9,1.5,1.0,0.45,0.9,1.0,0.45,0.75,False,False,False,False,False,False,50.0,3.931825632724,0.0,2804.0,56.08,7.939158817957,0.0,0.0,1.0,0.0,0.0,0.0,2550.0,174.0,80.0,1242.0,1308.0,0.068235294118,0.03137254902,3.48,51.0,0.487058823529,0.0,0.0,0.0,0.0,0.0,2.0,2.0,0.0,50.0,3.9318256327243257,0.0,0.9,1.5,1.0,0.45,0.9,1.0,0.45,0.75,0.0,0.0,1.0,0.0,0.0,1.0,0.0,0.0,0.0,0.0,0.0,0.0,0.0,0.487058823529,0.102352941177,0.014117647059,0.0,repair5g59_block_heavy_flow_guard,0.158113883008,0.158113883008,0.146792718882,-0.263157894737,0.217105263158,0.059210526316,-0.188157894737,-0.048947368421,0.002631578947,0.051315789474,0.032894736842,-0.026315789474,-0.0125,-0.0125,0.0,-0.00625,-0.04375,0.0,0.0625,0.0,0.0
random-32-32-20|a50|s148|it0|14650fb0739d0383,random-32-32-20,50,148,0,14650fb0739d0383,repair5g521_grid_c1p20_b1p35_f1p00_w0p70_dc0p95_df1p00_beta0p60_max0p75_c0,g521_second_wave,high_beta,g521_second_wave,1.12781278128,True,False,True,False,False,False,False,False,True,False,False,False,False,True,-0.02070207021,0.01440144015,False,False,1.2,1.35,1.0,0.7,0.95,1.0,0.6,0.75,False,False,False,False,False,False,50.0,3.931825632724,0.0,2804.0,56.08,7.939158817957,0.0,0.0,1.0,0.0,0.0,0.0,2550.0,174.0,80.0,1242.0,1308.0,0.068235294118,0.03137254902,3.48,51.0,0.487058823529,0.0,0.0,0.0,0.0,0.0,2.0,2.0,0.0,50.0,3.9318256327243257,0.0,1.2,1.35,1.0,0.7,0.95,1.0,0.6,0.75,0.0,0.0,1.0,0.0,0.0,0.0,0.0,0.0,0.0,1.0,0.0,0.0,0.0,0.487058823529,0.092117647059,0.021960784314,0.0,repair5g59_high_beta_cap_safe,0.122474487139,0.122474487139,0.115535611769,0.036842105263,0.067105263158,0.059210526316,0.061842105263,0.001052631579,0.002631578947,0.201315789474,0.032894736842,-0.026315789474,-0.020833333333,0.108333333333,0.0,-0.020833333333,-0.0,0.004166666667,0.029166666667,0.0,0.0
random-32-32-20|a50|s148|it0|14650fb0739d0383,random-32-32-20,50,148,0,14650fb0739d0383,repair5g521_grid_c1p20_b1p15_f1p00_w0p70_dc0p95_df1p00_beta0p60_max0p75_c0,g521_second_wave,high_beta,g521_second_wave,1.14941494149,True,False,False,False,False,False,False,False,False,False,False,False,False,False,0.00090009,0.03600360036,False,False,1.2,1.15,1.0,0.7,0.95,1.0,0.6,0.75,False,False,False,False,False,False,50.0,3.931825632724,0.0,2804.0,56.08,7.939158817957,0.0,0.0,1.0,0.0,0.0,0.0,2550.0,174.0,80.0,1242.0,1308.0,0.068235294118,0.03137254902,3.48,51.0,0.487058823529,0.0,0.0,0.0,0.0,0.0,2.0,2.0,0.0,50.0,3.9318256327243257,0.0,1.2,1.15,1.0,0.7,0.95,1.0,0.6,0.75,0.0,0.0,1.0,0.0,0.0,0.0,0.0,0.0,0.0,1.0,0.0,0.0,0.0,0.487058823529,0.078470588236,0.021960784314,0.0,repair5g59_high_beta_cap_safe,0.122474487139,0.122474487139,0.115535611769,0.036842105263,-0.132894736842,0.059210526316,0.061842105263,0.001052631579,0.002631578947,0.201315789474,0.032894736842,-0.026315789474,-0.020833333333,-0.091666666667,0.0,-0.020833333333,-0.0,0.004166666667,0.029166666667,0.0,0.0
random-32-32-20|a50|s148|it0|14650fb0739d0383,random-32-32-20,50,148,0,14650fb0739d0383,repair5g521_grid_c1p20_b1p15_f1p00_w0p70_dc0p95_df1p00_beta0p55_max0p75_c0,g521_second_wave,high_beta,g521_second_wave,1.14941494149,True,False,False,False,False,False,False,False,False,False,False,False,False,False,0.00090009,0.03600360036,False,False,1.2,1.15,1.0,0.7,0.95,1.0,0.55,0.75,False,False,False,False,False,False,50.0,3.931825632724,0.0,2804.0,56.08,7.939158817957,0.0,0.0,1.0,0.0,0.0,0.0,2550.0,174.0,80.0,1242.0,1308.0,0.068235294118,0.03137254902,3.48,51.0,0.487058823529,0.0,0.0,0.0,0.0,0.0,2.0,2.0,0.0,50.0,3.9318256327243257,0.0,1.2,1.15,1.0,0.7,0.95,1.0,0.55,0.75,0.0,0.0,1.0,0.0,0.0,0.0,0.0,0.0,0.0,1.0,0.0,0.0,0.0,0.487058823529,0.078470588236,0.021960784314,0.0,repair5g59_high_beta_cap_safe,0.132287565553,0.132287565553,0.124239980694,0.036842105263,-0.132894736842,0.059210526316,0.061842105263,0.001052631579,0.002631578947,0.151315789474,0.032894736842,-0.026315789474,-0.020833333333,-0.091666666667,0.0,-0.020833333333,-0.0,0.004166666667,-0.020833333333,0.0,0.0
random-32-32-20|a50|s148|it0|14650fb0739d0383,random-32-32-20,50,148,0,14650fb0739d0383,repair5g521_grid_c1p20_b1p35_f1p00_w0p70_dc0p95_df1p00_beta0p55_max0p75_c0,g521_second_wave,high_beta,g521_second_wave,1.12781278128,True,False,True,False,False,False,False,False,True,False,False,False,False,True,-0.02070207021,0.01440144015,False,False,1.2,1.35,1.0,0.7,0.95,1.0,0.55,0.75,False,False,False,False,False,False,50.0,3.931825632724,0.0,2804.0,56.08,7.939158817957,0.0,0.0,1.0,0.0,0.0,0.0,2550.0,174.0,80.0,1242.0,1308.0,0.068235294118,0.03137254902,3.48,51.0,0.487058823529,0.0,0.0,0.0,0.0,0.0,2.0,2.0,0.0,50.0,3.9318256327243257,0.0,1.2,1.35,1.0,0.7,0.95,1.0,0.55,0.75,0.0,0.0,1.0,0.0,0.0,0.0,0.0,0.0,0.0,1.0,0.0,0.0,0.0,0.487058823529,0.092117647059,0.021960784314,0.0,repair5g59_high_beta_cap_safe,0.132287565553,0.132287565553,0.124239980694,0.036842105263,0.067105263158,0.059210526316,0.061842105263,0.001052631579,0.002631578947,0.151315789474,0.032894736842,-0.026315789474,-0.020833333333,0.108333333333,0.0,-0.020833333333,-0.0,0.004166666667,-0.020833333333,0.0,0.0
random-32-32-20|a50|s148|it0|14650fb0739d0383,random-32-32-20,50,148,0,14650fb0739d0383,repair5g521_grid_c1p25_b1p25_f1p00_w0p50_dc0p95_df1p00_beta0p35_max0p75_c0,g521_second_wave,wait_conservative,g521_second_wave,1.13411341134,True,False,True,False,False,False,False,False,True,False,False,False,False,True,-0.01440144015,0.02070207021,False,False,1.25,1.25,1.0,0.5,0.95,1.0,0.35,0.75,False,False,False,False,False,False,50.0,3.931825632724,0.0,2804.0,56.08,7.939158817957,0.0,0.0,1.0,0.0,0.0,0.0,2550.0,174.0,80.0,1242.0,1308.0,0.068235294118,0.03137254902,3.48,51.0,0.487058823529,0.0,0.0,0.0,0.0,0.0,2.0,2.0,0.0,50.0,3.9318256327243257,0.0,1.25,1.25,1.0,0.5,0.95,1.0,0.35,0.75,0.0,0.0,1.0,0.0,0.0,0.0,0.0,0.0,0.0,0.0,0.0,0.0,1.0,0.487058823529,0.085294117648,0.01568627451,0.0,repair5g59_wait_conservative,0.0,0.0,0.0,0.086842105263,-0.032894736842,0.059210526316,-0.138157894737,0.001052631579,0.002631578947,-0.048684210526,0.032894736842,-0.026315789474,0.0,0.0,0.0,0.042857142857,0.007142857143,0.0,0.021428571429,0.0,0.0
random-32-32-20|a50|s148|it0|14650fb0739d0383,random-32-32-20,50,148,0,14650fb0739d0383,repair5g521_grid_c1p25_b1p25_f1p00_w0p35_dc0p95_df1p00_beta0p30_max0p75_c0,g521_second_wave,wait_conservative,g521_second_wave,1.15481548155,True,False,False,False,False,False,False,False,False,False,False,False,False,False,0.00630063006,0.04140414042,True,False,1.25,1.25,1.0,0.35,0.95,1.0,0.3,0.75,False,False,False,False,False,False,50.0,3.931825632724,0.0,2804.0,56.08,7.939158817957,0.0,0.0,1.0,0.0,0.0,0.0,2550.0,174.0,80.0,1242.0,1308.0,0.068235294118,0.03137254902,3.48,51.0,0.487058823529,0.0,0.0,0.0,0.0,0.0,2.0,2.0,0.0,50.0,3.9318256327243257,0.0,1.25,1.25,1.0,0.35,0.95,1.0,0.3,0.75,0.0,0.0,1.0,0.0,0.0,0.0,0.0,0.0,0.0,0.0,0.0,0.0,1.0,0.487058823529,0.085294117648,0.010980392157,0.0,repair5g59_wait_conservative,0.158113883008,0.158113883008,0.146792718882,0.086842105263,-0.032894736842,0.059210526316,-0.288157894737,0.001052631579,0.002631578947,-0.098684210526,0.032894736842,-0.026315789474,0.0,0.0,0.0,-0.107142857143,0.007142857143,0.0,-0.028571428571,0.0,0.0
random-32-32-20|a50|s148|it0|14650fb0739d0383,random-32-32-20,50,148,0,14650fb0739d0383,repair5g521_grid_c1p25_b1p25_f1p00_w0p50_dc0p90_df1p00_beta0p35_max0p75_c0,g521_second_wave,wait_conservative,g521_second_wave,1.13411341134,True,False,True,False,False,False,False,False,True,False,False,False,False,True,-0.01440144015,0.02070207021,False,False,1.25,1.25,1.0,0.5,0.9,1.0,0.35,0.75,False,False,False,False,False,False,50.0,3.931825632724,0.0,2804.0,56.08,7.939158817957,0.0,0.0,1.0,0.0,0.0,0.0,2550.0,174.0,80.0,1242.0,1308.0,0.068235294118,0.03137254902,3.48,51.0,0.487058823529,0.0,0.0,0.0,0.0,0.0,2.0,2.0,0.0,50.0,3.9318256327243257,0.0,1.25,1.25,1.0,0.5,0.9,1.0,0.35,0.75,0.0,0.0,1.0,0.0,0.0,0.0,0.0,0.0,0.0,0.0,0.0,0.0,1.0,0.487058823529,0.085294117648,0.01568627451,0.0,repair5g59_wait_conservative,0.05,0.05,0.048790164169,0.086842105263,-0.032894736842,0.059210526316,-0.138157894737,-0.048947368421,0.002631578947,-0.048684210526,0.032894736842,-0.026315789474,0.0,0.0,0.0,0.042857142857,-0.042857142857,0.0,0.021428571429,0.0,0.0
random-32-32-20|a50|s148|it0|14650fb0739d0383,random-32-32-20,50,148,0,14650fb0739d0383,repair5g521_grid_c1p25_b1p25_f1p00_w0p50_dc0p95_df1p00_beta0p30_max0p75_c0,g521_second_wave,wait_conservative,g521_second_wave,1.17371737174,True,False,False,False,False,False,False,False,False,False,False,False,False,False,0.02520252025,0.06030603061,True,False,1.25,1.25,1.0,0.5,0.95,1.0,0.3,0.75,False,False,False,False,False,False,50.0,3.931825632724,0.0,2804.0,56.08,7.939158817957,0.0,0.0,1.0,0.0,0.0,0.0,2550.0,174.0,80.0,1242.0,1308.0,0.068235294118,0.03137254902,3.48,51.0,0.487058823529,0.0,0.0,0.0,0.0,0.0,2.0,2.0,0.0,50.0,3.9318256327243257,0.0,1.25,1.25,1.0,0.5,0.95,1.0,0.3,0.75,0.0,0.0,1.0,0.0,0.0,0.0,0.0,0.0,0.0,0.0,0.0,0.0,1.0,0.487058823529,0.085294117648,0.01568627451,0.0,repair5g59_wait_conservative,0.05,0.05,0.048790164169,0.086842105263,-0.032894736842,0.059210526316,-0.138157894737,0.001052631579,0.002631578947,-0.098684210526,0.032894736842,-0.026315789474,0.0,0.0,0.0,0.042857142857,0.007142857143,0.0,-0.028571428571,0.0,0.0
random-32-32-20|a50|s148|it0|14650fb0739d0383,random-32-32-20,50,148,0,14650fb0739d0383,repair5g521_grid_c1p25_b1p25_f1p00_w0p75_dc0p95_df1p00_beta0p55_max0p75_c0,g521_second_wave,high_beta,g521_second_wave,1.15211521152,True,False,False,False,False,False,False,False,False,False,False,False,False,False,0.00360036003,0.03870387039,False,False,1.25,1.25,1.0,0.75,0.95,1.0,0.55,0.75,False,False,False,False,False,False,50.0,3.931825632724,0.0,2804.0,56.08,7.939158817957,0.0,0.0,1.0,0.0,0.0,0.0,2550.0,174.0,80.0,1242.0,1308.0,0.068235294118,0.03137254902,3.48,51.0,0.487058823529,0.0,0.0,0.0,0.0,0.0,2.0,2.0,0.0,50.0,3.9318256327243257,0.0,1.25,1.25,1.0,0.75,0.95,1.0,0.55,0.75,0.0,0.0,1.0,0.0,0.0,0.0,0.0,0.0,0.0,1.0,0.0,0.0,0.0,0.487058823529,0.085294117648,0.023529411765,0.0,repair5g59_high_beta_cap_safe,0.05,0.05,0.048790164169,0.086842105263,-0.032894736842,0.059210526316,0.111842105263,0.001052631579,0.002631578947,0.151315789474,0.032894736842,-0.026315789474,0.029166666667,0.008333333333,0.0,0.029166666667,-0.0,0.004166666667,-0.020833333333,0.0,0.0
random-32-32-20|a50|s148|it0|14650fb0739d0383,random-32-32-20,50,148,0,14650fb0739d0383,repair5g521_grid_c1p25_b1p25_f1p00_w0p75_dc0p90_df1p00_beta0p55_max0p75_c0,g521_second_wave,high_beta,g521_second_wave,1.15211521152,True,False,False,False,False,False,False,False,False,False,False,False,False,False,0.00360036003,0.03870387039,False,False,1.25,1.25,1.0,0.75,0.9,1.0,0.55,0.75,False,False,False,False,False,False,50.0,3.931825632724,0.0,2804.0,56.08,7.939158817957,0.0,0.0,1.0,0.0,0.0,0.0,2550.0,174.0,80.0,1242.0,1308.0,0.068235294118,0.03137254902,3.48,51.0,0.487058823529,0.0,0.0,0.0,0.0,0.0,2.0,2.0,0.0,50.0,3.9318256327243257,0.0,1.25,1.25,1.0,0.75,0.9,1.0,0.55,0.75,0.0,0.0,1.0,0.0,0.0,0.0,0.0,0.0,0.0,1.0,0.0,0.0,0.0,0.487058823529,0.085294117648,0.023529411765,0.0,repair5g59_high_beta_cap_safe,0.070710678119,0.070710678119,0.068322613158,0.086842105263,-0.032894736842,0.059210526316,0.111842105263,-0.048947368421,0.002631578947,0.151315789474,0.032894736842,-0.026315789474,0.029166666667,0.008333333333,0.0,0.029166666667,-0.05,0.004166666667,-0.020833333333,0.0,0.0
random-32-32-20|a50|s148|it0|14650fb0739d0383,random-32-32-20,50,148,0,14650fb0739d0383,repair5g521_grid_c1p25_b1p25_f1p00_w0p75_dc0p95_df0p95_beta0p55_max0p75_c0,g521_second_wave,high_beta,g521_second_wave,1.15211521152,True,False,False,False,False,False,False,False,False,False,False,False,False,False,0.00360036003,0.03870387039,False,False,1.25,1.25,1.0,0.75,0.95,0.95,0.55,0.75,False,False,False,False,False,False,50.0,3.931825632724,0.0,2804.0,56.08,7.939158817957,0.0,0.0,1.0,0.0,0.0,0.0,2550.0,174.0,80.0,1242.0,1308.0,0.068235294118,0.03137254902,3.48,51.0,0.487058823529,0.0,0.0,0.0,0.0,0.0,2.0,2.0,0.0,50.0,3.9318256327243257,0.0,1.25,1.25,1.0,0.75,0.95,0.95,0.55,0.75,0.0,0.0,1.0,0.0,0.0,0.0,0.0,0.0,0.0,1.0,0.0,0.0,0.0,0.487058823529,0.085294117648,0.023529411765,0.0,repair5g59_high_beta_cap_safe,0.070710678119,0.070710678119,0.068322613158,0.086842105263,-0.032894736842,0.059210526316,0.111842105263,0.001052631579,-0.047368421053,0.151315789474,0.032894736842,-0.026315789474,0.029166666667,0.008333333333,0.0,0.029166666667,-0.0,-0.045833333333,-0.020833333333,0.0,0.0
random-32-32-20|a50|s148|it0|14650fb0739d0383,random-32-32-20,50,148,0,14650fb0739d0383,repair5g521_grid_c1p25_b1p25_f1p00_w0p75_dc1p00_df1p00_beta0p55_max0p75_c0,g521_second_wave,high_beta,g521_second_wave,1.15211521152,True,False,False,False,False,False,False,False,False,False,False,False,False,False,0.00360036003,0.03870387039,False,False,1.25,1.25,1.0,0.75,1.0,1.0,0.55,0.75,False,False,False,False,False,False,50.0,3.931825632724,0.0,2804.0,56.08,7.939158817957,0.0,0.0,1.0,0.0,0.0,0.0,2550.0,174.0,80.0,1242.0,1308.0,0.068235294118,0.03137254902,3.48,51.0,0.487058823529,0.0,0.0,0.0,0.0,0.0,2.0,2.0,0.0,50.0,3.9318256327243257,0.0,1.25,1.25,1.0,0.75,1.0,1.0,0.55,0.75,0.0,0.0,1.0,0.0,0.0,0.0,0.0,0.0,0.0,1.0,0.0,0.0,0.0,0.487058823529,0.085294117648,0.023529411765,0.0,repair5g59_high_beta_cap_safe,0.070710678119,0.070710678119,0.068322613158,0.086842105263,-0.032894736842,0.059210526316,0.111842105263,0.051052631579,0.002631578947,0.151315789474,0.032894736842,-0.026315789474,0.029166666667,0.008333333333,0.0,0.029166666667,0.05,0.004166666667,-0.020833333333,0.0,0.0
random-32-32-20|a50|s149|it0|14650fb0739d0383,random-32-32-20,50,149,0,14650fb0739d0383,repair5g59_additive_fallback,old14,additive,old14,1.31714285714,True,False,False,False,False,False,False,False,False,False,False,False,False,False,0.14761904762,0.17809523809,True,False,,,,,,,,,,False,False,False,False,False,50.0,3.931825632724,0.0,2469.0,49.38,7.811973429622,0.0,0.0,1.0,0.0,0.0,0.0,2250.0,149.0,70.0,1176.0,1074.0,0.066222222222,0.031111111111,2.98,45.0,0.522666666667,0.0,0.0,0.0,0.0,0.0,2.0,2.0,0.0,50.0,3.9318256327243257,0.0,1.0,1.0,0.0,1.0,1.0,1.0,0.0,0.0,0.0,0.0,0.0,1.0,1.0,0.0,0.0,0.0,0.0,0.0,0.0,0.0,0.0,0.0,0.066222222222,0.031111111111,0.0,,,,0.0,-0.163157894737,-0.282894736842,-0.940789473684,0.361842105263,0.051052631579,0.002631578947,-0.398684210526,-0.717105263158,-0.026315789474,0.0,0.0,0.0,0.0,0.0,0.0,0.0,0.0,0.0
random-32-32-20|a50|s149|it0|14650fb0739d0383,random-32-32-20,50,149,0,14650fb0739d0383,repair5g59_block_heavy_flow_guard,old14,block_heavy,old14,1.17714285714,True,False,False,False,False,False,False,False,False,False,False,False,False,False,0.00761904762,0.03809523809,True,False,1.0,1.5,1.0,0.5,0.95,1.0,0.35,0.75,False,False,False,False,False,False,50.0,3.931825632724,0.0,2469.0,49.38,7.811973429622,0.0,0.0,1.0,0.0,0.0,0.0,2250.0,149.0,70.0,1176.0,1074.0,0.066222222222,0.031111111111,2.98,45.0,0.522666666667,0.0,0.0,0.0,0.0,0.0,2.0,2.0,0.0,50.0,3.9318256327243257,0.0,1.0,1.5,1.0,0.5,0.95,1.0,0.35,0.75,0.0,0.0,0.0,1.0,0.0,1.0,0.0,0.0,0.0,0.0,0.0,0.0,0.0,0.522666666667,0.099333333333,0.015555555556,0.0,repair5g59_block_heavy_flow_guard,0.0,0.0,0.0,-0.163157894737,0.217105263158,0.059210526316,-0.138157894737,0.001052631579,0.002631578947,-0.048684210526,0.032894736842,-0.026315789474,0.0875,-0.0125,0.0,0.04375,0.00625,0.0,-0.0375,0.0,0.0
random-32-32-20|a50|s149|it0|14650fb0739d0383,random-32-32-20,50,149,0,14650fb0739d0383,repair5g59_c_only_f_disabled,old14,static_boundary_c_only,old14,1.3419047619,True,False,False,False,False,False,False,False,False,False,False,False,False,False,0.17238095238,0.20285714285,True,False,1.25,1.25,0.0,0.75,0.95,1.0,0.0,0.0,True,False,False,False,False,False,50.0,3.931825632724,0.0,2469.0,49.38,7.811973429622,0.0,0.0,1.0,0.0,0.0,0.0,2250.0,149.0,70.0,1176.0,1074.0,0.066222222222,0.031111111111,2.98,45.0,0.522666666667,0.0,0.0,0.0,0.0,0.0,2.0,2.0,0.0,50.0,3.9318256327243257,0.0,1.25,1.25,0.0,0.75,0.95,1.0,0.0,0.0,1.0,0.0,0.0,1.0,0.0,0.0,0.0,0.0,0.0,0.0,0.0,1.0,0.0,0.0,0.082777777778,0.023333333333,0.0,repair5g59_c_only_f_disabled,0.0,0.0,0.0,0.086842105263,-0.032894736842,-0.940789473684,0.111842105263,0.001052631579,0.002631578947,-0.398684210526,-0.717105263158,0.973684210526,0.0,0.0,0.0,0.0,0.0,0.0,0.0,0.0,0.0
random-32-32-20|a50|s149|it0|14650fb0739d0383,random-32-32-20,50,149,0,14650fb0739d0383,repair5g59_commit_heavy_flow_guard,old14,commit_heavy,old14,1.19142857143,True,False,False,False,False,False,False,False,False,False,False,False,False,False,0.02190476191,0.05238095238,True,False,1.5,1.0,1.0,0.75,0.95,1.0,0.35,0.75,False,False,False,False,False,False,50.0,3.931825632724,0.0,2469.0,49.38,7.811973429622,0.0,0.0,1.0,0.0,0.0,0.0,2250.0,149.0,70.0,1176.0,1074.0,0.066222222222,0.031111111111,2.98,45.0,0.522666666667,0.0,0.0,0.0,0.0,0.0,2.0,2.0,0.0,50.0,3.9318256327243257,0.0,1.5,1.0,1.0,0.75,0.95,1.0,0.35,0.75,0.0,0.0,0.0,1.0,0.0,0.0,1.0,0.0,0.0,0.0,0.0,0.0,0.0,0.522666666667,0.066222222222,0.023333333333,0.0,repair5g59_commit_heavy_flow_guard,0.0,0.0,0.0,0.336842105263,-0.282894736842,0.059210526316,0.111842105263,0.001052631579,0.002631578947,-0.048684210526,0.032894736842,-0.026315789474,0.0,0.0,0.0,0.0,0.0,0.0,0.0,0.0,0.0
random-32-32-20|a50|s149|it0|14650fb0739d0383,random-32-32-20,50,149,0,14650fb0739d0383,repair5g59_fast_decay_low_shield,old14,flow_decay,old14,1.24952380952,True,False,False,False,False,False,False,False,False,False,False,False,False,False,0.08,0.11047619047,True,False,1.25,1.25,1.0,0.75,0.9,1.0,0.2,0.5,False,False,False,False,False,False,50.0,3.931825632724,0.0,2469.0,49.38,7.811973429622,0.0,0.0,1.0,0.0,0.0,0.0,2250.0,149.0,70.0,1176.0,1074.0,0.066222222222,0.031111111111,2.98,45.0,0.522666666667,0.0,0.0,0.0,0.0,0.0,2.0,2.0,0.0,50.0,3.9318256327243257,0.0,1.25,1.25,1.0,0.75,0.9,1.0,0.2,0.5,0.0,0.0,0.0,1.0,0.0,0.0,0.0,1.0,0.0,0.0,0.0,0.0,0.0,0.522666666667,0.082777777778,0.023333333333,0.0,repair5g59_fast_decay_low_shield,0.0,0.0,0.0,0.086842105263,-0.032894736842,0.059210526316,0.111842105263,-0.048947368421,0.002631578947,-0.198684210526,-0.217105263158,-0.026315789474,0.05,0.05,0.05,0.0,-0.052,0.01,-0.1,-0.3,0.0
random-32-32-20|a50|s149|it0|14650fb0739d0383,random-32-32-20,50,149,0,14650fb0739d0383,repair5g59_flow_decay,old14,flow_decay,old14,1.16952380952,True,False,False,False,False,False,False,False,False,False,False,False,False,False,0.0,0.03047619047,False,False,1.25,1.25,1.0,0.75,0.95,0.95,0.35,0.75,False,False,False,False,False,False,50.0,3.931825632724,0.0,2469.0,49.38,7.811973429622,0.0,0.0,1.0,0.0,0.0,0.0,2250.0,149.0,70.0,1176.0,1074.0,0.066222222222,0.031111111111,2.98,45.0,0.522666666667,0.0,0.0,0.0,0.0,0.0,2.0,2.0,0.0,50.0,3.9318256327243257,0.0,1.25,1.25,1.0,0.75,0.95,0.95,0.35,0.75,0.0,0.0,0.0,1.0,0.0,0.0,0.0,1.0,0.0,0.0,0.0,0.0,0.0,0.522666666667,0.082777777778,0.023333333333,0.0,repair5g59_flow_decay,0.0,0.0,0.0,0.086842105263,-0.032894736842,0.059210526316,0.111842105263,0.001052631579,-0.047368421053,-0.048684210526,0.032894736842,-0.026315789474,0.05,0.05,0.05,0.0,-0.002,-0.04,0.05,-0.05,0.0
random-32-32-20|a50|s149|it0|14650fb0739d0383,random-32-32-20,50,149,0,14650fb0739d0383,repair5g59_high_beta_cap_safe,old14,high_beta,old14,1.19619047619,True,False,False,False,False,False,False,False,False,False,False,False,False,False,0.02666666667,0.05714285714,True,False,1.25,1.25,1.0,0.75,0.95,1.0,0.6,0.75,False,False,False,False,False,False,50.0,3.931825632724,0.0,2469.0,49.38,7.811973429622,0.0,0.0,1.0,0.0,0.0,0.0,2250.0,149.0,70.0,1176.0,1074.0,0.066222222222,0.031111111111,2.98,45.0,0.522666666667,0.0,0.0,0.0,0.0,0.0,2.0,2.0,0.0,50.0,3.9318256327243257,0.0,1.25,1.25,1.0,0.75,0.95,1.0,0.6,0.75,0.0,0.0,0.0,1.0,0.0,0.0,0.0,0.0,0.0,1.0,0.0,0.0,0.0,0.522666666667,0.082777777778,0.023333333333,0.0,repair5g59_high_beta_cap_safe,0.0,0.0,0.0,0.086842105263,-0.032894736842,0.059210526316,0.111842105263,0.001052631579,0.002631578947,0.201315789474,0.032894736842,-0.026315789474,0.029166666667,0.008333333333,0.0,0.029166666667,-0.0,0.004166666667,0.029166666667,0.0,0.0
random-32-32-20|a50|s149|it0|14650fb0739d0383,random-32-32-20,50,149,0,14650fb0739d0383,repair5g59_light_cong_light_flow,old14,flow_decay,old14,1.2380952381,True,False,False,False,False,False,False,False,False,False,False,False,False,False,0.06857142858,0.09904761905,True,False,1.0,1.0,0.75,0.75,0.98,1.0,0.25,0.5,False,False,False,False,False,False,50.0,3.931825632724,0.0,2469.0,49.38,7.811973429622,0.0,0.0,1.0,0.0,0.0,0.0,2250.0,149.0,70.0,1176.0,1074.0,0.066222222222,0.031111111111,2.98,45.0,0.522666666667,0.0,0.0,0.0,0.0,0.0,2.0,2.0,0.0,50.0,3.9318256327243257,0.0,1.0,1.0,0.75,0.75,0.98,1.0,0.25,0.5,0.0,0.0,0.0,1.0,0.0,0.0,0.0,1.0,0.0,0.0,0.0,0.0,0.0,0.392,0.066222222222,0.023333333333,0.0,repair5g59_light_cong_light_flow,0.0,0.0,0.0,-0.163157894737,-0.282894736842,-0.190789473684,0.111842105263,0.031052631579,0.002631578947,-0.148684210526,-0.217105263158,-0.026315789474,-0.2,-0.2,-0.2,0.0,0.028,0.01,-0.05,-0.3,0.0
random-32-32-20|a50|s149|it0|14650fb0739d0383,random-32-32-20,50,149,0,14650fb0739d0383,repair5g59_low_beta_high_cap,old14,flow_decay,old14,1.18761904762,True,False,False,False,False,False,False,False,False,False,False,False,False,False,0.0180952381,0.04857142857,True,False,1.25,1.25,1.0,0.75,0.95,1.0,0.2,1.25,False,False,False,False,False,False,50.0,3.931825632724,0.0,2469.0,49.38,7.811973429622,0.0,0.0,1.0,0.0,0.0,0.0,2250.0,149.0,70.0,1176.0,1074.0,0.066222222222,0.031111111111,2.98,45.0,0.522666666667,0.0,0.0,0.0,0.0,0.0,2.0,2.0,0.0,50.0,3.9318256327243257,0.0,1.25,1.25,1.0,0.75,0.95,1.0,0.2,1.25,0.0,0.0,0.0,1.0,0.0,0.0,0.0,1.0,0.0,0.0,0.0,0.0,0.0,0.522666666667,0.082777777778,0.023333333333,0.0,repair5g59_low_beta_high_cap,0.0,0.0,0.0,0.086842105263,-0.032894736842,0.059210526316,0.111842105263,0.001052631579,0.002631578947,-0.198684210526,0.532894736842,-0.026315789474,0.05,0.05,0.05,0.0,-0.002,0.01,-0.1,0.45,0.0
random-32-32-20|a50|s149|it0|14650fb0739d0383,random-32-32-20,50,149,0,14650fb0739d0383,repair5g59_slow_decay_high_shield,old14,flow_decay,old14,1.13904761905,True,False,True,False,False,False,False,False,False,False,False,False,False,False,-0.03047619047,0.0,False,False,1.25,1.25,1.0,0.75,0.98,1.0,0.5,1.0,False,False,False,False,False,False,50.0,3.931825632724,0.0,2469.0,49.38,7.811973429622,0.0,0.0,1.0,0.0,0.0,0.0,2250.0,149.0,70.0,1176.0,1074.0,0.066222222222,0.031111111111,2.98,45.0,0.522666666667,0.0,0.0,0.0,0.0,0.0,2.0,2.0,0.0,50.0,3.9318256327243257,0.0,1.25,1.25,1.0,0.75,0.98,1.0,0.5,1.0,0.0,0.0,0.0,1.0,0.0,0.0,0.0,1.0,0.0,0.0,0.0,0.0,0.0,0.522666666667,0.082777777778,0.023333333333,0.0,repair5g59_slow_decay_high_shield,0.0,0.0,0.0,0.086842105263,-0.032894736842,0.059210526316,0.111842105263,0.031052631579,0.002631578947,0.101315789474,0.282894736842,-0.026315789474,0.05,0.05,0.05,0.0,0.028,0.01,0.2,0.2,0.0
random-32-32-20|a50|s149|it0|14650fb0739d0383,random-32-32-20,50,149,0,14650fb0739d0383,repair5g59_static_abstain_candidate,old14,static,old14,1.16952380952,True,False,False,False,False,False,False,False,False,False,False,False,False,False,0.0,0.03047619047,False,False,1.25,1.25,1.0,0.75,0.95,1.0,0.35,0.75,False,False,False,False,False,False,50.0,3.931825632724,0.0,2469.0,49.38,7.811973429622,0.0,0.0,1.0,0.0,0.0,0.0,2250.0,149.0,70.0,1176.0,1074.0,0.066222222222,0.031111111111,2.98,45.0,0.522666666667,0.0,0.0,0.0,0.0,0.0,2.0,2.0,0.0,50.0,3.9318256327243257,0.0,1.25,1.25,1.0,0.75,0.95,1.0,0.35,0.75,0.0,0.0,0.0,1.0,0.0,0.0,0.0,0.0,0.0,0.0,1.0,0.0,0.0,0.522666666667,0.082777777778,0.023333333333,0.0,repair5g59_static_abstain_candidate,0.0,0.0,0.0,0.086842105263,-0.032894736842,0.059210526316,0.111842105263,0.001052631579,0.002631578947,-0.048684210526,0.032894736842,-0.026315789474,0.0,0.0,0.0,0.0,0.0,0.0,0.0,0.0,0.0
random-32-32-20|a50|s149|it0|14650fb0739d0383,random-32-32-20,50,149,0,14650fb0739d0383,repair5g59_static_flow_shield,old14,static,old14,1.16952380952,True,False,False,False,False,False,False,False,False,False,False,False,False,False,0.0,0.03047619047,False,False,1.25,1.25,1.0,0.75,0.95,1.0,0.35,0.75,False,False,False,False,False,False,50.0,3.931825632724,0.0,2469.0,49.38,7.811973429622,0.0,0.0,1.0,0.0,0.0,0.0,2250.0,149.0,70.0,1176.0,1074.0,0.066222222222,0.031111111111,2.98,45.0,0.522666666667,0.0,0.0,0.0,0.0,0.0,2.0,2.0,0.0,50.0,3.9318256327243257,0.0,1.25,1.25,1.0,0.75,0.95,1.0,0.35,0.75,0.0,0.0,0.0,1.0,0.0,0.0,0.0,0.0,0.0,0.0,1.0,0.0,0.0,0.522666666667,0.082777777778,0.023333333333,0.0,repair5g59_static_abstain_candidate,0.0,0.0,0.0,0.086842105263,-0.032894736842,0.059210526316,0.111842105263,0.001052631579,0.002631578947,-0.048684210526,0.032894736842,-0.026315789474,0.0,0.0,0.0,0.0,0.0,0.0,0.0,0.0,0.0
random-32-32-20|a50|s149|it0|14650fb0739d0383,random-32-32-20,50,149,0,14650fb0739d0383,repair5g59_wait_aggressive,old14,flow_shield,old14,1.2,True,False,False,False,False,False,False,False,False,False,False,False,False,False,0.03047619048,0.06095238095,True,False,1.25,1.25,1.0,1.0,0.95,1.0,0.35,0.75,False,False,False,False,False,False,50.0,3.931825632724,0.0,2469.0,49.38,7.811973429622,0.0,0.0,1.0,0.0,0.0,0.0,2250.0,149.0,70.0,1176.0,1074.0,0.066222222222,0.031111111111,2.98,45.0,0.522666666667,0.0,0.0,0.0,0.0,0.0,2.0,2.0,0.0,50.0,3.9318256327243257,0.0,1.25,1.25,1.0,1.0,0.95,1.0,0.35,0.75,0.0,0.0,0.0,1.0,0.0,0.0,0.0,0.0,1.0,0.0,0.0,0.0,0.0,0.522666666667,0.082777777778,0.031111111111,0.0,repair5g59_wait_aggressive,0.0,0.0,0.0,0.086842105263,-0.032894736842,0.059210526316,0.361842105263,0.001052631579,0.002631578947,-0.048684210526,0.032894736842,-0.026315789474,0.0,0.0,0.0,0.0,0.0,0.0,0.0,0.0,0.0
random-32-32-20|a50|s149|it0|14650fb0739d0383,random-32-32-20,50,149,0,14650fb0739d0383,repair5g59_wait_conservative,old14,wait_conservative,old14,1.18380952381,True,False,False,False,False,False,False,False,False,False,False,False,False,False,0.01428571429,0.04476190476,True,False,1.25,1.25,1.0,0.5,0.95,1.0,0.35,0.75,False,False,False,False,False,False,50.0,3.931825632724,0.0,2469.0,49.38,7.811973429622,0.0,0.0,1.0,0.0,0.0,0.0,2250.0,149.0,70.0,1176.0,1074.0,0.066222222222,0.031111111111,2.98,45.0,0.522666666667,0.0,0.0,0.0,0.0,0.0,2.0,2.0,0.0,50.0,3.9318256327243257,0.0,1.25,1.25,1.0,0.5,0.95,1.0,0.35,0.75,0.0,0.0,0.0,1.0,0.0,0.0,0.0,0.0,0.0,0.0,0.0,0.0,1.0,0.522666666667,0.082777777778,0.015555555556,0.0,repair5g59_wait_conservative,0.0,0.0,0.0,0.086842105263,-0.032894736842,0.059210526316,-0.138157894737,0.001052631579,0.002631578947,-0.048684210526,0.032894736842,-0.026315789474,0.0,0.0,0.0,0.042857142857,0.007142857143,0.0,0.021428571429,0.0,0.0
random-32-32-20|a50|s149|it0|14650fb0739d0383,random-32-32-20,50,149,0,14650fb0739d0383,repair5g518_grid_c1p25_b1p25_f1p00_w0p50_dc0p95_df1p00_beta0p35_max0p75_c0,g518_retained,wait_conservative,g518_retained,1.18380952381,True,False,False,False,False,False,False,False,False,False,False,False,False,False,0.01428571429,0.04476190476,True,False,1.25,1.25,1.0,0.5,0.95,1.0,0.35,0.75,False,False,False,False,False,False,50.0,3.931825632724,0.0,2469.0,49.38,7.811973429622,0.0,0.0,1.0,0.0,0.0,0.0,2250.0,149.0,70.0,1176.0,1074.0,0.066222222222,0.031111111111,2.98,45.0,0.522666666667,0.0,0.0,0.0,0.0,0.0,2.0,2.0,0.0,50.0,3.9318256327243257,0.0,1.25,1.25,1.0,0.5,0.95,1.0,0.35,0.75,0.0,1.0,0.0,0.0,0.0,0.0,0.0,0.0,0.0,0.0,0.0,0.0,1.0,0.522666666667,0.082777777778,0.015555555556,0.0,repair5g59_wait_conservative,0.0,0.0,0.0,0.086842105263,-0.032894736842,0.059210526316,-0.138157894737,0.001052631579,0.002631578947,-0.048684210526,0.032894736842,-0.026315789474,0.0,0.0,0.0,0.042857142857,0.007142857143,0.0,0.021428571429,0.0,0.0
random-32-32-20|a50|s149|it0|14650fb0739d0383,random-32-32-20,50,149,0,14650fb0739d0383,repair5g518_grid_c1p20_b1p35_f1p00_w0p70_dc0p95_df1p00_beta0p60_max0p75_c0,g518_retained,high_beta,g518_retained,1.1819047619,True,False,False,False,False,False,False,False,False,False,False,False,False,False,0.01238095238,0.04285714285,True,False,1.2,1.35,1.0,0.7,0.95,1.0,0.6,0.75,False,False,False,False,False,False,50.0,3.931825632724,0.0,2469.0,49.38,7.811973429622,0.0,0.0,1.0,0.0,0.0,0.0,2250.0,149.0,70.0,1176.0,1074.0,0.066222222222,0.031111111111,2.98,45.0,0.522666666667,0.0,0.0,0.0,0.0,0.0,2.0,2.0,0.0,50.0,3.9318256327243257,0.0,1.2,1.35,1.0,0.7,0.95,1.0,0.6,0.75,0.0,1.0,0.0,0.0,0.0,0.0,0.0,0.0,0.0,1.0,0.0,0.0,0.0,0.522666666667,0.0894,0.021777777778,0.0,repair5g59_high_beta_cap_safe,0.122474487139,0.122474487139,0.115535611769,0.036842105263,0.067105263158,0.059210526316,0.061842105263,0.001052631579,0.002631578947,0.201315789474,0.032894736842,-0.026315789474,-0.020833333333,0.108333333333,0.0,-0.020833333333,-0.0,0.004166666667,0.029166666667,0.0,0.0
random-32-32-20|a50|s149|it0|14650fb0739d0383,random-32-32-20,50,149,0,14650fb0739d0383,repair5g518_grid_c0p90_b1p50_f1p00_w0p45_dc0p95_df1p00_beta0p45_max0p75_c0,g518_retained,block_heavy,g518_retained,1.13714285714,True,False,True,False,True,False,False,False,True,False,True,False,False,True,-0.03238095238,-0.00190476191,False,False,0.9,1.5,1.0,0.45,0.95,1.0,0.45,0.75,False,False,False,False,False,False,50.0,3.931825632724,0.0,2469.0,49.38,7.811973429622,0.0,0.0,1.0,0.0,0.0,0.0,2250.0,149.0,70.0,1176.0,1074.0,0.066222222222,0.031111111111,2.98,45.0,0.522666666667,0.0,0.0,0.0,0.0,0.0,2.0,2.0,0.0,50.0,3.9318256327243257,0.0,0.9,1.5,1.0,0.45,0.95,1.0,0.45,0.75,0.0,1.0,0.0,0.0,0.0,1.0,0.0,0.0,0.0,0.0,0.0,0.0,0.0,0.522666666667,0.099333333333,0.014,0.0,repair5g59_block_heavy_flow_guard,0.15,0.15,0.139761942375,-0.263157894737,0.217105263158,0.059210526316,-0.188157894737,0.001052631579,0.002631578947,0.051315789474,0.032894736842,-0.026315789474,-0.0125,-0.0125,0.0,-0.00625,0.00625,0.0,0.0625,0.0,0.0
random-32-32-20|a50|s149|it0|14650fb0739d0383,random-32-32-20,50,149,0,14650fb0739d0383,repair5g518_grid_c1p25_b1p25_f1p00_w0p35_dc0p95_df1p00_beta0p30_max0p75_c0,g518_retained,wait_conservative,g518_retained,1.20476190476,True,False,False,False,False,False,False,False,False,False,False,False,False,False,0.03523809524,0.06571428571,True,False,1.25,1.25,1.0,0.35,0.95,1.0,0.3,0.75,False,False,False,False,False,False,50.0,3.931825632724,0.0,2469.0,49.38,7.811973429622,0.0,0.0,1.0,0.0,0.0,0.0,2250.0,149.0,70.0,1176.0,1074.0,0.066222222222,0.031111111111,2.98,45.0,0.522666666667,0.0,0.0,0.0,0.0,0.0,2.0,2.0,0.0,50.0,3.9318256327243257,0.0,1.25,1.25,1.0,0.35,0.95,1.0,0.3,0.75,0.0,1.0,0.0,0.0,0.0,0.0,0.0,0.0,0.0,0.0,0.0,0.0,1.0,0.522666666667,0.082777777778,0.010888888889,0.0,repair5g59_wait_conservative,0.158113883008,0.158113883008,0.146792718882,0.086842105263,-0.032894736842,0.059210526316,-0.288157894737,0.001052631579,0.002631578947,-0.098684210526,0.032894736842,-0.026315789474,0.0,0.0,0.0,-0.107142857143,0.007142857143,0.0,-0.028571428571,0.0,0.0
random-32-32-20|a50|s149|it0|14650fb0739d0383,random-32-32-20,50,149,0,14650fb0739d0383,repair5g518_grid_c0p90_b1p40_f1p00_w0p45_dc0p95_df1p00_beta0p35_max0p75_c0,g518_retained,block_heavy,g518_retained,1.2019047619,True,False,False,False,False,False,False,False,False,False,False,False,False,False,0.03238095238,0.06285714285,True,False,0.9,1.4,1.0,0.45,0.95,1.0,0.35,0.75,False,False,False,False,False,False,50.0,3.931825632724,0.0,2469.0,49.38,7.811973429622,0.0,0.0,1.0,0.0,0.0,0.0,2250.0,149.0,70.0,1176.0,1074.0,0.066222222222,0.031111111111,2.98,45.0,0.522666666667,0.0,0.0,0.0,0.0,0.0,2.0,2.0,0.0,50.0,3.9318256327243257,0.0,0.9,1.4,1.0,0.45,0.95,1.0,0.35,0.75,0.0,1.0,0.0,0.0,0.0,1.0,0.0,0.0,0.0,0.0,0.0,0.0,0.0,0.522666666667,0.092711111111,0.014,0.0,repair5g59_block_heavy_flow_guard,0.15,0.15,0.139761942375,-0.263157894737,0.117105263158,0.059210526316,-0.188157894737,0.001052631579,0.002631578947,-0.048684210526,0.032894736842,-0.026315789474,-0.0125,-0.1125,0.0,-0.00625,0.00625,0.0,-0.0375,0.0,0.0
random-32-32-20|a50|s149|it0|14650fb0739d0383,random-32-32-20,50,149,0,14650fb0739d0383,repair5g518_grid_c1p20_b1p15_f1p00_w0p70_dc0p95_df1p00_beta0p60_max0p75_c0,g518_retained,high_beta,g518_retained,1.20285714286,True,False,False,False,False,False,False,False,False,False,False,False,False,False,0.03333333334,0.06380952381,True,False,1.2,1.15,1.0,0.7,0.95,1.0,0.6,0.75,False,False,False,False,False,False,50.0,3.931825632724,0.0,2469.0,49.38,7.811973429622,0.0,0.0,1.0,0.0,0.0,0.0,2250.0,149.0,70.0,1176.0,1074.0,0.066222222222,0.031111111111,2.98,45.0,0.522666666667,0.0,0.0,0.0,0.0,0.0,2.0,2.0,0.0,50.0,3.9318256327243257,0.0,1.2,1.15,1.0,0.7,0.95,1.0,0.6,0.75,0.0,1.0,0.0,0.0,0.0,0.0,0.0,0.0,0.0,1.0,0.0,0.0,0.0,0.522666666667,0.076155555555,0.021777777778,0.0,repair5g59_high_beta_cap_safe,0.122474487139,0.122474487139,0.115535611769,0.036842105263,-0.132894736842,0.059210526316,0.061842105263,0.001052631579,0.002631578947,0.201315789474,0.032894736842,-0.026315789474,-0.020833333333,-0.091666666667,0.0,-0.020833333333,-0.0,0.004166666667,0.029166666667,0.0,0.0
random-32-32-20|a50|s149|it0|14650fb0739d0383,random-32-32-20,50,149,0,14650fb0739d0383,repair5g518_grid_c0p90_b1p65_f1p00_w0p45_dc0p95_df1p00_beta0p35_max0p75_c0,g518_retained,block_heavy,g518_retained,1.18952380952,True,False,False,False,False,False,False,False,False,False,False,False,False,False,0.02,0.05047619047,True,False,0.9,1.65,1.0,0.45,0.95,1.0,0.35,0.75,False,False,False,False,False,False,50.0,3.931825632724,0.0,2469.0,49.38,7.811973429622,0.0,0.0,1.0,0.0,0.0,0.0,2250.0,149.0,70.0,1176.0,1074.0,0.066222222222,0.031111111111,2.98,45.0,0.522666666667,0.0,0.0,0.0,0.0,0.0,2.0,2.0,0.0,50.0,3.9318256327243257,0.0,0.9,1.65,1.0,0.45,0.95,1.0,0.35,0.75,0.0,1.0,0.0,0.0,0.0,1.0,0.0,0.0,0.0,0.0,0.0,0.0,0.0,0.522666666667,0.109266666666,0.014,0.0,repair5g59_block_heavy_flow_guard,0.187082869339,0.187082869339,0.171498927292,-0.263157894737,0.367105263158,0.059210526316,-0.188157894737,0.001052631579,0.002631578947,-0.048684210526,0.032894736842,-0.026315789474,-0.0125,0.1375,0.0,-0.00625,0.00625,0.0,-0.0375,0.0,0.0
random-32-32-20|a50|s149|it0|14650fb0739d0383,random-32-32-20,50,149,0,14650fb0739d0383,repair5g518_grid_c1p20_b1p15_f1p00_w0p70_dc0p95_df1p00_beta0p55_max0p75_c0,g518_retained,high_beta,g518_retained,1.20285714286,True,False,False,False,False,False,False,False,False,False,False,False,False,False,0.03333333334,0.06380952381,True,False,1.2,1.15,1.0,0.7,0.95,1.0,0.55,0.75,False,False,False,False,False,False,50.0,3.931825632724,0.0,2469.0,49.38,7.811973429622,0.0,0.0,1.0,0.0,0.0,0.0,2250.0,149.0,70.0,1176.0,1074.0,0.066222222222,0.031111111111,2.98,45.0,0.522666666667,0.0,0.0,0.0,0.0,0.0,2.0,2.0,0.0,50.0,3.9318256327243257,0.0,1.2,1.15,1.0,0.7,0.95,1.0,0.55,0.75,0.0,1.0,0.0,0.0,0.0,0.0,0.0,0.0,0.0,1.0,0.0,0.0,0.0,0.522666666667,0.076155555555,0.021777777778,0.0,repair5g59_high_beta_cap_safe,0.132287565553,0.132287565553,0.124239980694,0.036842105263,-0.132894736842,0.059210526316,0.061842105263,0.001052631579,0.002631578947,0.151315789474,0.032894736842,-0.026315789474,-0.020833333333,-0.091666666667,0.0,-0.020833333333,-0.0,0.004166666667,-0.020833333333,0.0,0.0
random-32-32-20|a50|s149|it0|14650fb0739d0383,random-32-32-20,50,149,0,14650fb0739d0383,repair5g521_grid_c0p90_b1p50_f1p00_w0p45_dc0p95_df1p00_beta0p45_max0p75_c0,g521_second_wave,block_heavy,g521_second_wave,1.13714285714,True,False,True,False,False,False,False,False,True,False,False,False,False,True,-0.03238095238,-0.00190476191,False,False,0.9,1.5,1.0,0.45,0.95,1.0,0.45,0.75,False,False,False,False,False,False,50.0,3.931825632724,0.0,2469.0,49.38,7.811973429622,0.0,0.0,1.0,0.0,0.0,0.0,2250.0,149.0,70.0,1176.0,1074.0,0.066222222222,0.031111111111,2.98,45.0,0.522666666667,0.0,0.0,0.0,0.0,0.0,2.0,2.0,0.0,50.0,3.9318256327243257,0.0,0.9,1.5,1.0,0.45,0.95,1.0,0.45,0.75,0.0,0.0,1.0,0.0,0.0,1.0,0.0,0.0,0.0,0.0,0.0,0.0,0.0,0.522666666667,0.099333333333,0.014,0.0,repair5g59_block_heavy_flow_guard,0.15,0.15,0.139761942375,-0.263157894737,0.217105263158,0.059210526316,-0.188157894737,0.001052631579,0.002631578947,0.051315789474,0.032894736842,-0.026315789474,-0.0125,-0.0125,0.0,-0.00625,0.00625,0.0,0.0625,0.0,0.0
random-32-32-20|a50|s149|it0|14650fb0739d0383,random-32-32-20,50,149,0,14650fb0739d0383,repair5g521_grid_c0p90_b1p40_f1p00_w0p45_dc0p95_df1p00_beta0p35_max0p75_c0,g521_second_wave,block_heavy,g521_second_wave,1.2019047619,True,False,False,False,False,False,False,False,False,False,False,False,False,False,0.03238095238,0.06285714285,True,False,0.9,1.4,1.0,0.45,0.95,1.0,0.35,0.75,False,False,False,False,False,False,50.0,3.931825632724,0.0,2469.0,49.38,7.811973429622,0.0,0.0,1.0,0.0,0.0,0.0,2250.0,149.0,70.0,1176.0,1074.0,0.066222222222,0.031111111111,2.98,45.0,0.522666666667,0.0,0.0,0.0,0.0,0.0,2.0,2.0,0.0,50.0,3.9318256327243257,0.0,0.9,1.4,1.0,0.45,0.95,1.0,0.35,0.75,0.0,0.0,1.0,0.0,0.0,1.0,0.0,0.0,0.0,0.0,0.0,0.0,0.0,0.522666666667,0.092711111111,0.014,0.0,repair5g59_block_heavy_flow_guard,0.15,0.15,0.139761942375,-0.263157894737,0.117105263158,0.059210526316,-0.188157894737,0.001052631579,0.002631578947,-0.048684210526,0.032894736842,-0.026315789474,-0.0125,-0.1125,0.0,-0.00625,0.00625,0.0,-0.0375,0.0,0.0
random-32-32-20|a50|s149|it0|14650fb0739d0383,random-32-32-20,50,149,0,14650fb0739d0383,repair5g521_grid_c0p90_b1p65_f1p00_w0p45_dc0p95_df1p00_beta0p35_max0p75_c0,g521_second_wave,block_heavy,g521_second_wave,1.18952380952,True,False,False,False,False,False,False,False,False,False,False,False,False,False,0.02,0.05047619047,True,False,0.9,1.65,1.0,0.45,0.95,1.0,0.35,0.75,False,False,False,False,False,False,50.0,3.931825632724,0.0,2469.0,49.38,7.811973429622,0.0,0.0,1.0,0.0,0.0,0.0,2250.0,149.0,70.0,1176.0,1074.0,0.066222222222,0.031111111111,2.98,45.0,0.522666666667,0.0,0.0,0.0,0.0,0.0,2.0,2.0,0.0,50.0,3.9318256327243257,0.0,0.9,1.65,1.0,0.45,0.95,1.0,0.35,0.75,0.0,0.0,1.0,0.0,0.0,1.0,0.0,0.0,0.0,0.0,0.0,0.0,0.0,0.522666666667,0.109266666666,0.014,0.0,repair5g59_block_heavy_flow_guard,0.187082869339,0.187082869339,0.171498927292,-0.263157894737,0.367105263158,0.059210526316,-0.188157894737,0.001052631579,0.002631578947,-0.048684210526,0.032894736842,-0.026315789474,-0.0125,0.1375,0.0,-0.00625,0.00625,0.0,-0.0375,0.0,0.0
random-32-32-20|a50|s149|it0|14650fb0739d0383,random-32-32-20,50,149,0,14650fb0739d0383,repair5g521_grid_c0p90_b1p50_f1p00_w0p45_dc0p90_df1p00_beta0p45_max0p75_c0,g521_second_wave,block_heavy,g521_second_wave,1.13714285714,True,False,True,False,False,False,False,False,True,False,False,False,False,True,-0.03238095238,-0.00190476191,False,False,0.9,1.5,1.0,0.45,0.9,1.0,0.45,0.75,False,False,False,False,False,False,50.0,3.931825632724,0.0,2469.0,49.38,7.811973429622,0.0,0.0,1.0,0.0,0.0,0.0,2250.0,149.0,70.0,1176.0,1074.0,0.066222222222,0.031111111111,2.98,45.0,0.522666666667,0.0,0.0,0.0,0.0,0.0,2.0,2.0,0.0,50.0,3.9318256327243257,0.0,0.9,1.5,1.0,0.45,0.9,1.0,0.45,0.75,0.0,0.0,1.0,0.0,0.0,1.0,0.0,0.0,0.0,0.0,0.0,0.0,0.0,0.522666666667,0.099333333333,0.014,0.0,repair5g59_block_heavy_flow_guard,0.158113883008,0.158113883008,0.146792718882,-0.263157894737,0.217105263158,0.059210526316,-0.188157894737,-0.048947368421,0.002631578947,0.051315789474,0.032894736842,-0.026315789474,-0.0125,-0.0125,0.0,-0.00625,-0.04375,0.0,0.0625,0.0,0.0
random-32-32-20|a50|s149|it0|14650fb0739d0383,random-32-32-20,50,149,0,14650fb0739d0383,repair5g521_grid_c1p20_b1p35_f1p00_w0p70_dc0p95_df1p00_beta0p60_max0p75_c0,g521_second_wave,high_beta,g521_second_wave,1.1819047619,True,False,False,False,False,False,False,False,False,False,False,False,False,False,0.01238095238,0.04285714285,True,False,1.2,1.35,1.0,0.7,0.95,1.0,0.6,0.75,False,False,False,False,False,False,50.0,3.931825632724,0.0,2469.0,49.38,7.811973429622,0.0,0.0,1.0,0.0,0.0,0.0,2250.0,149.0,70.0,1176.0,1074.0,0.066222222222,0.031111111111,2.98,45.0,0.522666666667,0.0,0.0,0.0,0.0,0.0,2.0,2.0,0.0,50.0,3.9318256327243257,0.0,1.2,1.35,1.0,0.7,0.95,1.0,0.6,0.75,0.0,0.0,1.0,0.0,0.0,0.0,0.0,0.0,0.0,1.0,0.0,0.0,0.0,0.522666666667,0.0894,0.021777777778,0.0,repair5g59_high_beta_cap_safe,0.122474487139,0.122474487139,0.115535611769,0.036842105263,0.067105263158,0.059210526316,0.061842105263,0.001052631579,0.002631578947,0.201315789474,0.032894736842,-0.026315789474,-0.020833333333,0.108333333333,0.0,-0.020833333333,-0.0,0.004166666667,0.029166666667,0.0,0.0
random-32-32-20|a50|s149|it0|14650fb0739d0383,random-32-32-20,50,149,0,14650fb0739d0383,repair5g521_grid_c1p20_b1p15_f1p00_w0p70_dc0p95_df1p00_beta0p60_max0p75_c0,g521_second_wave,high_beta,g521_second_wave,1.20285714286,True,False,False,False,False,False,False,False,False,False,False,False,False,False,0.03333333334,0.06380952381,True,False,1.2,1.15,1.0,0.7,0.95,1.0,0.6,0.75,False,False,False,False,False,False,50.0,3.931825632724,0.0,2469.0,49.38,7.811973429622,0.0,0.0,1.0,0.0,0.0,0.0,2250.0,149.0,70.0,1176.0,1074.0,0.066222222222,0.031111111111,2.98,45.0,0.522666666667,0.0,0.0,0.0,0.0,0.0,2.0,2.0,0.0,50.0,3.9318256327243257,0.0,1.2,1.15,1.0,0.7,0.95,1.0,0.6,0.75,0.0,0.0,1.0,0.0,0.0,0.0,0.0,0.0,0.0,1.0,0.0,0.0,0.0,0.522666666667,0.076155555555,0.021777777778,0.0,repair5g59_high_beta_cap_safe,0.122474487139,0.122474487139,0.115535611769,0.036842105263,-0.132894736842,0.059210526316,0.061842105263,0.001052631579,0.002631578947,0.201315789474,0.032894736842,-0.026315789474,-0.020833333333,-0.091666666667,0.0,-0.020833333333,-0.0,0.004166666667,0.029166666667,0.0,0.0
random-32-32-20|a50|s149|it0|14650fb0739d0383,random-32-32-20,50,149,0,14650fb0739d0383,repair5g521_grid_c1p20_b1p15_f1p00_w0p70_dc0p95_df1p00_beta0p55_max0p75_c0,g521_second_wave,high_beta,g521_second_wave,1.20285714286,True,False,False,False,False,False,False,False,False,False,False,False,False,False,0.03333333334,0.06380952381,True,False,1.2,1.15,1.0,0.7,0.95,1.0,0.55,0.75,False,False,False,False,False,False,50.0,3.931825632724,0.0,2469.0,49.38,7.811973429622,0.0,0.0,1.0,0.0,0.0,0.0,2250.0,149.0,70.0,1176.0,1074.0,0.066222222222,0.031111111111,2.98,45.0,0.522666666667,0.0,0.0,0.0,0.0,0.0,2.0,2.0,0.0,50.0,3.9318256327243257,0.0,1.2,1.15,1.0,0.7,0.95,1.0,0.55,0.75,0.0,0.0,1.0,0.0,0.0,0.0,0.0,0.0,0.0,1.0,0.0,0.0,0.0,0.522666666667,0.076155555555,0.021777777778,0.0,repair5g59_high_beta_cap_safe,0.132287565553,0.132287565553,0.124239980694,0.036842105263,-0.132894736842,0.059210526316,0.061842105263,0.001052631579,0.002631578947,0.151315789474,0.032894736842,-0.026315789474,-0.020833333333,-0.091666666667,0.0,-0.020833333333,-0.0,0.004166666667,-0.020833333333,0.0,0.0
random-32-32-20|a50|s149|it0|14650fb0739d0383,random-32-32-20,50,149,0,14650fb0739d0383,repair5g521_grid_c1p20_b1p35_f1p00_w0p70_dc0p95_df1p00_beta0p55_max0p75_c0,g521_second_wave,high_beta,g521_second_wave,1.1819047619,True,False,False,False,False,False,False,False,False,False,False,False,False,False,0.01238095238,0.04285714285,True,False,1.2,1.35,1.0,0.7,0.95,1.0,0.55,0.75,False,False,False,False,False,False,50.0,3.931825632724,0.0,2469.0,49.38,7.811973429622,0.0,0.0,1.0,0.0,0.0,0.0,2250.0,149.0,70.0,1176.0,1074.0,0.066222222222,0.031111111111,2.98,45.0,0.522666666667,0.0,0.0,0.0,0.0,0.0,2.0,2.0,0.0,50.0,3.9318256327243257,0.0,1.2,1.35,1.0,0.7,0.95,1.0,0.55,0.75,0.0,0.0,1.0,0.0,0.0,0.0,0.0,0.0,0.0,1.0,0.0,0.0,0.0,0.522666666667,0.0894,0.021777777778,0.0,repair5g59_high_beta_cap_safe,0.132287565553,0.132287565553,0.124239980694,0.036842105263,0.067105263158,0.059210526316,0.061842105263,0.001052631579,0.002631578947,0.151315789474,0.032894736842,-0.026315789474,-0.020833333333,0.108333333333,0.0,-0.020833333333,-0.0,0.004166666667,-0.020833333333,0.0,0.0
random-32-32-20|a50|s149|it0|14650fb0739d0383,random-32-32-20,50,149,0,14650fb0739d0383,repair5g521_grid_c1p25_b1p25_f1p00_w0p50_dc0p95_df1p00_beta0p35_max0p75_c0,g521_second_wave,wait_conservative,g521_second_wave,1.18380952381,True,False,False,False,False,False,False,False,False,False,False,False,False,False,0.01428571429,0.04476190476,True,False,1.25,1.25,1.0,0.5,0.95,1.0,0.35,0.75,False,False,False,False,False,False,50.0,3.931825632724,0.0,2469.0,49.38,7.811973429622,0.0,0.0,1.0,0.0,0.0,0.0,2250.0,149.0,70.0,1176.0,1074.0,0.066222222222,0.031111111111,2.98,45.0,0.522666666667,0.0,0.0,0.0,0.0,0.0,2.0,2.0,0.0,50.0,3.9318256327243257,0.0,1.25,1.25,1.0,0.5,0.95,1.0,0.35,0.75,0.0,0.0,1.0,0.0,0.0,0.0,0.0,0.0,0.0,0.0,0.0,0.0,1.0,0.522666666667,0.082777777778,0.015555555556,0.0,repair5g59_wait_conservative,0.0,0.0,0.0,0.086842105263,-0.032894736842,0.059210526316,-0.138157894737,0.001052631579,0.002631578947,-0.048684210526,0.032894736842,-0.026315789474,0.0,0.0,0.0,0.042857142857,0.007142857143,0.0,0.021428571429,0.0,0.0
random-32-32-20|a50|s149|it0|14650fb0739d0383,random-32-32-20,50,149,0,14650fb0739d0383,repair5g521_grid_c1p25_b1p25_f1p00_w0p35_dc0p95_df1p00_beta0p30_max0p75_c0,g521_second_wave,wait_conservative,g521_second_wave,1.20476190476,True,False,False,False,False,False,False,False,False,False,False,False,False,False,0.03523809524,0.06571428571,True,False,1.25,1.25,1.0,0.35,0.95,1.0,0.3,0.75,False,False,False,False,False,False,50.0,3.931825632724,0.0,2469.0,49.38,7.811973429622,0.0,0.0,1.0,0.0,0.0,0.0,2250.0,149.0,70.0,1176.0,1074.0,0.066222222222,0.031111111111,2.98,45.0,0.522666666667,0.0,0.0,0.0,0.0,0.0,2.0,2.0,0.0,50.0,3.9318256327243257,0.0,1.25,1.25,1.0,0.35,0.95,1.0,0.3,0.75,0.0,0.0,1.0,0.0,0.0,0.0,0.0,0.0,0.0,0.0,0.0,0.0,1.0,0.522666666667,0.082777777778,0.010888888889,0.0,repair5g59_wait_conservative,0.158113883008,0.158113883008,0.146792718882,0.086842105263,-0.032894736842,0.059210526316,-0.288157894737,0.001052631579,0.002631578947,-0.098684210526,0.032894736842,-0.026315789474,0.0,0.0,0.0,-0.107142857143,0.007142857143,0.0,-0.028571428571,0.0,0.0
random-32-32-20|a50|s149|it0|14650fb0739d0383,random-32-32-20,50,149,0,14650fb0739d0383,repair5g521_grid_c1p25_b1p25_f1p00_w0p50_dc0p90_df1p00_beta0p35_max0p75_c0,g521_second_wave,wait_conservative,g521_second_wave,1.18380952381,True,False,False,False,False,False,False,False,False,False,False,False,False,False,0.01428571429,0.04476190476,True,False,1.25,1.25,1.0,0.5,0.9,1.0,0.35,0.75,False,False,False,False,False,False,50.0,3.931825632724,0.0,2469.0,49.38,7.811973429622,0.0,0.0,1.0,0.0,0.0,0.0,2250.0,149.0,70.0,1176.0,1074.0,0.066222222222,0.031111111111,2.98,45.0,0.522666666667,0.0,0.0,0.0,0.0,0.0,2.0,2.0,0.0,50.0,3.9318256327243257,0.0,1.25,1.25,1.0,0.5,0.9,1.0,0.35,0.75,0.0,0.0,1.0,0.0,0.0,0.0,0.0,0.0,0.0,0.0,0.0,0.0,1.0,0.522666666667,0.082777777778,0.015555555556,0.0,repair5g59_wait_conservative,0.05,0.05,0.048790164169,0.086842105263,-0.032894736842,0.059210526316,-0.138157894737,-0.048947368421,0.002631578947,-0.048684210526,0.032894736842,-0.026315789474,0.0,0.0,0.0,0.042857142857,-0.042857142857,0.0,0.021428571429,0.0,0.0
random-32-32-20|a50|s149|it0|14650fb0739d0383,random-32-32-20,50,149,0,14650fb0739d0383,repair5g521_grid_c1p25_b1p25_f1p00_w0p50_dc0p95_df1p00_beta0p30_max0p75_c0,g521_second_wave,wait_conservative,g521_second_wave,1.18952380952,True,False,False,False,False,False,False,False,False,False,False,False,False,False,0.02,0.05047619047,True,False,1.25,1.25,1.0,0.5,0.95,1.0,0.3,0.75,False,False,False,False,False,False,50.0,3.931825632724,0.0,2469.0,49.38,7.811973429622,0.0,0.0,1.0,0.0,0.0,0.0,2250.0,149.0,70.0,1176.0,1074.0,0.066222222222,0.031111111111,2.98,45.0,0.522666666667,0.0,0.0,0.0,0.0,0.0,2.0,2.0,0.0,50.0,3.9318256327243257,0.0,1.25,1.25,1.0,0.5,0.95,1.0,0.3,0.75,0.0,0.0,1.0,0.0,0.0,0.0,0.0,0.0,0.0,0.0,0.0,0.0,1.0,0.522666666667,0.082777777778,0.015555555556,0.0,repair5g59_wait_conservative,0.05,0.05,0.048790164169,0.086842105263,-0.032894736842,0.059210526316,-0.138157894737,0.001052631579,0.002631578947,-0.098684210526,0.032894736842,-0.026315789474,0.0,0.0,0.0,0.042857142857,0.007142857143,0.0,-0.028571428571,0.0,0.0
random-32-32-20|a50|s149|it0|14650fb0739d0383,random-32-32-20,50,149,0,14650fb0739d0383,repair5g521_grid_c1p25_b1p25_f1p00_w0p75_dc0p95_df1p00_beta0p55_max0p75_c0,g521_second_wave,high_beta,g521_second_wave,1.19619047619,True,False,False,False,False,False,False,False,False,False,False,False,False,False,0.02666666667,0.05714285714,True,False,1.25,1.25,1.0,0.75,0.95,1.0,0.55,0.75,False,False,False,False,False,False,50.0,3.931825632724,0.0,2469.0,49.38,7.811973429622,0.0,0.0,1.0,0.0,0.0,0.0,2250.0,149.0,70.0,1176.0,1074.0,0.066222222222,0.031111111111,2.98,45.0,0.522666666667,0.0,0.0,0.0,0.0,0.0,2.0,2.0,0.0,50.0,3.9318256327243257,0.0,1.25,1.25,1.0,0.75,0.95,1.0,0.55,0.75,0.0,0.0,1.0,0.0,0.0,0.0,0.0,0.0,0.0,1.0,0.0,0.0,0.0,0.522666666667,0.082777777778,0.023333333333,0.0,repair5g59_high_beta_cap_safe,0.05,0.05,0.048790164169,0.086842105263,-0.032894736842,0.059210526316,0.111842105263,0.001052631579,0.002631578947,0.151315789474,0.032894736842,-0.026315789474,0.029166666667,0.008333333333,0.0,0.029166666667,-0.0,0.004166666667,-0.020833333333,0.0,0.0
random-32-32-20|a50|s149|it0|14650fb0739d0383,random-32-32-20,50,149,0,14650fb0739d0383,repair5g521_grid_c1p25_b1p25_f1p00_w0p75_dc0p90_df1p00_beta0p55_max0p75_c0,g521_second_wave,high_beta,g521_second_wave,1.19619047619,True,False,False,False,False,False,False,False,False,False,False,False,False,False,0.02666666667,0.05714285714,True,False,1.25,1.25,1.0,0.75,0.9,1.0,0.55,0.75,False,False,False,False,False,False,50.0,3.931825632724,0.0,2469.0,49.38,7.811973429622,0.0,0.0,1.0,0.0,0.0,0.0,2250.0,149.0,70.0,1176.0,1074.0,0.066222222222,0.031111111111,2.98,45.0,0.522666666667,0.0,0.0,0.0,0.0,0.0,2.0,2.0,0.0,50.0,3.9318256327243257,0.0,1.25,1.25,1.0,0.75,0.9,1.0,0.55,0.75,0.0,0.0,1.0,0.0,0.0,0.0,0.0,0.0,0.0,1.0,0.0,0.0,0.0,0.522666666667,0.082777777778,0.023333333333,0.0,repair5g59_high_beta_cap_safe,0.070710678119,0.070710678119,0.068322613158,0.086842105263,-0.032894736842,0.059210526316,0.111842105263,-0.048947368421,0.002631578947,0.151315789474,0.032894736842,-0.026315789474,0.029166666667,0.008333333333,0.0,0.029166666667,-0.05,0.004166666667,-0.020833333333,0.0,0.0
random-32-32-20|a50|s149|it0|14650fb0739d0383,random-32-32-20,50,149,0,14650fb0739d0383,repair5g521_grid_c1p25_b1p25_f1p00_w0p75_dc0p95_df0p95_beta0p55_max0p75_c0,g521_second_wave,high_beta,g521_second_wave,1.19619047619,True,False,False,False,False,False,False,False,False,False,False,False,False,False,0.02666666667,0.05714285714,True,False,1.25,1.25,1.0,0.75,0.95,0.95,0.55,0.75,False,False,False,False,False,False,50.0,3.931825632724,0.0,2469.0,49.38,7.811973429622,0.0,0.0,1.0,0.0,0.0,0.0,2250.0,149.0,70.0,1176.0,1074.0,0.066222222222,0.031111111111,2.98,45.0,0.522666666667,0.0,0.0,0.0,0.0,0.0,2.0,2.0,0.0,50.0,3.9318256327243257,0.0,1.25,1.25,1.0,0.75,0.95,0.95,0.55,0.75,0.0,0.0,1.0,0.0,0.0,0.0,0.0,0.0,0.0,1.0,0.0,0.0,0.0,0.522666666667,0.082777777778,0.023333333333,0.0,repair5g59_high_beta_cap_safe,0.070710678119,0.070710678119,0.068322613158,0.086842105263,-0.032894736842,0.059210526316,0.111842105263,0.001052631579,-0.047368421053,0.151315789474,0.032894736842,-0.026315789474,0.029166666667,0.008333333333,0.0,0.029166666667,-0.0,-0.045833333333,-0.020833333333,0.0,0.0
random-32-32-20|a50|s149|it0|14650fb0739d0383,random-32-32-20,50,149,0,14650fb0739d0383,repair5g521_grid_c1p25_b1p25_f1p00_w0p75_dc1p00_df1p00_beta0p55_max0p75_c0,g521_second_wave,high_beta,g521_second_wave,1.19619047619,True,False,False,False,False,False,False,False,False,False,False,False,False,False,0.02666666667,0.05714285714,True,False,1.25,1.25,1.0,0.75,1.0,1.0,0.55,0.75,False,False,False,False,False,False,50.0,3.931825632724,0.0,2469.0,49.38,7.811973429622,0.0,0.0,1.0,0.0,0.0,0.0,2250.0,149.0,70.0,1176.0,1074.0,0.066222222222,0.031111111111,2.98,45.0,0.522666666667,0.0,0.0,0.0,0.0,0.0,2.0,2.0,0.0,50.0,3.9318256327243257,0.0,1.25,1.25,1.0,0.75,1.0,1.0,0.55,0.75,0.0,0.0,1.0,0.0,0.0,0.0,0.0,0.0,0.0,1.0,0.0,0.0,0.0,0.522666666667,0.082777777778,0.023333333333,0.0,repair5g59_high_beta_cap_safe,0.070710678119,0.070710678119,0.068322613158,0.086842105263,-0.032894736842,0.059210526316,0.111842105263,0.051052631579,0.002631578947,0.151315789474,0.032894736842,-0.026315789474,0.029166666667,0.008333333333,0.0,0.029166666667,0.05,0.004166666667,-0.020833333333,0.0,0.0
random-32-32-20|a50|s152|it0|14650fb0739d0383,random-32-32-20,50,152,0,14650fb0739d0383,repair5g59_additive_fallback,old14,additive,old14,1.39391377853,True,False,False,False,False,False,False,False,False,False,False,False,False,False,0.2426035503,0.26204564666,True,False,,,,,,,,,,False,False,False,False,False,50.0,3.931825632724,0.0,2389.0,47.78,7.779048644926,0.0,0.0,1.0,0.0,0.0,0.0,2200.0,134.0,55.0,1301.0,899.0,0.060909090909,0.025,2.68,44.0,0.591363636364,0.0,0.0,0.0,0.0,0.0,2.0,2.0,0.0,50.0,3.9318256327243257,0.0,1.0,1.0,0.0,1.0,1.0,1.0,0.0,0.0,0.0,0.0,0.0,1.0,1.0,0.0,0.0,0.0,0.0,0.0,0.0,0.0,0.0,0.0,0.060909090909,0.025,0.0,,,,0.0,-0.163157894737,-0.282894736842,-0.940789473684,0.361842105263,0.051052631579,0.002631578947,-0.398684210526,-0.717105263158,-0.026315789474,0.0,0.0,0.0,0.0,0.0,0.0,0.0,0.0,0.0
random-32-32-20|a50|s152|it0|14650fb0739d0383,random-32-32-20,50,152,0,14650fb0739d0383,repair5g59_block_heavy_flow_guard,old14,block_heavy,old14,1.13186813187,True,False,True,False,False,False,False,False,False,False,False,False,False,False,-0.01944209636,0.0,False,False,1.0,1.5,1.0,0.5,0.95,1.0,0.35,0.75,False,False,False,False,False,False,50.0,3.931825632724,0.0,2389.0,47.78,7.779048644926,0.0,0.0,1.0,0.0,0.0,0.0,2200.0,134.0,55.0,1301.0,899.0,0.060909090909,0.025,2.68,44.0,0.591363636364,0.0,0.0,0.0,0.0,0.0,2.0,2.0,0.0,50.0,3.9318256327243257,0.0,1.0,1.5,1.0,0.5,0.95,1.0,0.35,0.75,0.0,0.0,0.0,1.0,0.0,1.0,0.0,0.0,0.0,0.0,0.0,0.0,0.0,0.591363636364,0.091363636364,0.0125,0.0,repair5g59_block_heavy_flow_guard,0.0,0.0,0.0,-0.163157894737,0.217105263158,0.059210526316,-0.138157894737,0.001052631579,0.002631578947,-0.048684210526,0.032894736842,-0.026315789474,0.0875,-0.0125,0.0,0.04375,0.00625,0.0,-0.0375,0.0,0.0
random-32-32-20|a50|s152|it0|14650fb0739d0383,random-32-32-20,50,152,0,14650fb0739d0383,repair5g59_c_only_f_disabled,old14,static_boundary_c_only,old14,1.35164835165,True,False,False,False,False,False,False,False,False,False,False,False,False,False,0.20033812342,0.21978021978,True,False,1.25,1.25,0.0,0.75,0.95,1.0,0.0,0.0,True,False,False,False,False,False,50.0,3.931825632724,0.0,2389.0,47.78,7.779048644926,0.0,0.0,1.0,0.0,0.0,0.0,2200.0,134.0,55.0,1301.0,899.0,0.060909090909,0.025,2.68,44.0,0.591363636364,0.0,0.0,0.0,0.0,0.0,2.0,2.0,0.0,50.0,3.9318256327243257,0.0,1.25,1.25,0.0,0.75,0.95,1.0,0.0,0.0,1.0,0.0,0.0,1.0,0.0,0.0,0.0,0.0,0.0,0.0,0.0,1.0,0.0,0.0,0.076136363636,0.01875,0.0,repair5g59_c_only_f_disabled,0.0,0.0,0.0,0.086842105263,-0.032894736842,-0.940789473684,0.111842105263,0.001052631579,0.002631578947,-0.398684210526,-0.717105263158,0.973684210526,0.0,0.0,0.0,0.0,0.0,0.0,0.0,0.0,0.0
random-32-32-20|a50|s152|it0|14650fb0739d0383,random-32-32-20,50,152,0,14650fb0739d0383,repair5g59_commit_heavy_flow_guard,old14,commit_heavy,old14,1.14961961116,True,False,False,False,False,False,False,False,False,False,False,False,False,False,-0.00169061707,0.01775147929,False,False,1.5,1.0,1.0,0.75,0.95,1.0,0.35,0.75,False,False,False,False,False,False,50.0,3.931825632724,0.0,2389.0,47.78,7.779048644926,0.0,0.0,1.0,0.0,0.0,0.0,2200.0,134.0,55.0,1301.0,899.0,0.060909090909,0.025,2.68,44.0,0.591363636364,0.0,0.0,0.0,0.0,0.0,2.0,2.0,0.0,50.0,3.9318256327243257,0.0,1.5,1.0,1.0,0.75,0.95,1.0,0.35,0.75,0.0,0.0,0.0,1.0,0.0,0.0,1.0,0.0,0.0,0.0,0.0,0.0,0.0,0.591363636364,0.060909090909,0.01875,0.0,repair5g59_commit_heavy_flow_guard,0.0,0.0,0.0,0.336842105263,-0.282894736842,0.059210526316,0.111842105263,0.001052631579,0.002631578947,-0.048684210526,0.032894736842,-0.026315789474,0.0,0.0,0.0,0.0,0.0,0.0,0.0,0.0,0.0
random-32-32-20|a50|s152|it0|14650fb0739d0383,random-32-32-20,50,152,0,14650fb0739d0383,repair5g59_fast_decay_low_shield,old14,flow_decay,old14,1.25528317836,True,False,False,False,False,False,False,False,False,False,False,False,False,False,0.10397295013,0.12341504649,True,False,1.25,1.25,1.0,0.75,0.9,1.0,0.2,0.5,False,False,False,False,False,False,50.0,3.931825632724,0.0,2389.0,47.78,7.779048644926,0.0,0.0,1.0,0.0,0.0,0.0,2200.0,134.0,55.0,1301.0,899.0,0.060909090909,0.025,2.68,44.0,0.591363636364,0.0,0.0,0.0,0.0,0.0,2.0,2.0,0.0,50.0,3.9318256327243257,0.0,1.25,1.25,1.0,0.75,0.9,1.0,0.2,0.5,0.0,0.0,0.0,1.0,0.0,0.0,0.0,1.0,0.0,0.0,0.0,0.0,0.0,0.591363636364,0.076136363636,0.01875,0.0,repair5g59_fast_decay_low_shield,0.0,0.0,0.0,0.086842105263,-0.032894736842,0.059210526316,0.111842105263,-0.048947368421,0.002631578947,-0.198684210526,-0.217105263158,-0.026315789474,0.05,0.05,0.05,0.0,-0.052,0.01,-0.1,-0.3,0.0
random-32-32-20|a50|s152|it0|14650fb0739d0383,random-32-32-20,50,152,0,14650fb0739d0383,repair5g59_flow_decay,old14,flow_decay,old14,1.15131022823,True,False,False,False,False,False,False,False,False,False,False,False,False,False,0.0,0.01944209636,False,False,1.25,1.25,1.0,0.75,0.95,0.95,0.35,0.75,False,False,False,False,False,False,50.0,3.931825632724,0.0,2389.0,47.78,7.779048644926,0.0,0.0,1.0,0.0,0.0,0.0,2200.0,134.0,55.0,1301.0,899.0,0.060909090909,0.025,2.68,44.0,0.591363636364,0.0,0.0,0.0,0.0,0.0,2.0,2.0,0.0,50.0,3.9318256327243257,0.0,1.25,1.25,1.0,0.75,0.95,0.95,0.35,0.75,0.0,0.0,0.0,1.0,0.0,0.0,0.0,1.0,0.0,0.0,0.0,0.0,0.0,0.591363636364,0.076136363636,0.01875,0.0,repair5g59_flow_decay,0.0,0.0,0.0,0.086842105263,-0.032894736842,0.059210526316,0.111842105263,0.001052631579,-0.047368421053,-0.048684210526,0.032894736842,-0.026315789474,0.05,0.05,0.05,0.0,-0.002,-0.04,0.05,-0.05,0.0
random-32-32-20|a50|s152|it0|14650fb0739d0383,random-32-32-20,50,152,0,14650fb0739d0383,repair5g59_high_beta_cap_safe,old14,high_beta,old14,1.15131022823,True,False,False,False,False,False,False,False,False,False,False,False,False,False,0.0,0.01944209636,False,False,1.25,1.25,1.0,0.75,0.95,1.0,0.6,0.75,False,False,False,False,False,False,50.0,3.931825632724,0.0,2389.0,47.78,7.779048644926,0.0,0.0,1.0,0.0,0.0,0.0,2200.0,134.0,55.0,1301.0,899.0,0.060909090909,0.025,2.68,44.0,0.591363636364,0.0,0.0,0.0,0.0,0.0,2.0,2.0,0.0,50.0,3.9318256327243257,0.0,1.25,1.25,1.0,0.75,0.95,1.0,0.6,0.75,0.0,0.0,0.0,1.0,0.0,0.0,0.0,0.0,0.0,1.0,0.0,0.0,0.0,0.591363636364,0.076136363636,0.01875,0.0,repair5g59_high_beta_cap_safe,0.0,0.0,0.0,0.086842105263,-0.032894736842,0.059210526316,0.111842105263,0.001052631579,0.002631578947,0.201315789474,0.032894736842,-0.026315789474,0.029166666667,0.008333333333,0.0,0.029166666667,-0.0,0.004166666667,0.029166666667,0.0,0.0
random-32-32-20|a50|s152|it0|14650fb0739d0383,random-32-32-20,50,152,0,14650fb0739d0383,repair5g59_light_cong_light_flow,old14,flow_decay,old14,1.25105663567,True,False,False,False,False,False,False,False,False,False,False,False,False,False,0.09974640744,0.1191885038,True,False,1.0,1.0,0.75,0.75,0.98,1.0,0.25,0.5,False,False,False,False,False,False,50.0,3.931825632724,0.0,2389.0,47.78,7.779048644926,0.0,0.0,1.0,0.0,0.0,0.0,2200.0,134.0,55.0,1301.0,899.0,0.060909090909,0.025,2.68,44.0,0.591363636364,0.0,0.0,0.0,0.0,0.0,2.0,2.0,0.0,50.0,3.9318256327243257,0.0,1.0,1.0,0.75,0.75,0.98,1.0,0.25,0.5,0.0,0.0,0.0,1.0,0.0,0.0,0.0,1.0,0.0,0.0,0.0,0.0,0.0,0.443522727273,0.060909090909,0.01875,0.0,repair5g59_light_cong_light_flow,0.0,0.0,0.0,-0.163157894737,-0.282894736842,-0.190789473684,0.111842105263,0.031052631579,0.002631578947,-0.148684210526,-0.217105263158,-0.026315789474,-0.2,-0.2,-0.2,0.0,0.028,0.01,-0.05,-0.3,0.0
random-32-32-20|a50|s152|it0|14650fb0739d0383,random-32-32-20,50,152,0,14650fb0739d0383,repair5g59_low_beta_high_cap,old14,flow_decay,old14,1.22231614539,True,False,False,False,False,False,False,False,False,False,False,False,False,False,0.07100591716,0.09044801352,True,False,1.25,1.25,1.0,0.75,0.95,1.0,0.2,1.25,False,False,False,False,False,False,50.0,3.931825632724,0.0,2389.0,47.78,7.779048644926,0.0,0.0,1.0,0.0,0.0,0.0,2200.0,134.0,55.0,1301.0,899.0,0.060909090909,0.025,2.68,44.0,0.591363636364,0.0,0.0,0.0,0.0,0.0,2.0,2.0,0.0,50.0,3.9318256327243257,0.0,1.25,1.25,1.0,0.75,0.95,1.0,0.2,1.25,0.0,0.0,0.0,1.0,0.0,0.0,0.0,1.0,0.0,0.0,0.0,0.0,0.0,0.591363636364,0.076136363636,0.01875,0.0,repair5g59_low_beta_high_cap,0.0,0.0,0.0,0.086842105263,-0.032894736842,0.059210526316,0.111842105263,0.001052631579,0.002631578947,-0.198684210526,0.532894736842,-0.026315789474,0.05,0.05,0.05,0.0,-0.002,0.01,-0.1,0.45,0.0
random-32-32-20|a50|s152|it0|14650fb0739d0383,random-32-32-20,50,152,0,14650fb0739d0383,repair5g59_slow_decay_high_shield,old14,flow_decay,old14,1.14116652578,True,False,True,False,False,False,False,False,False,False,False,False,False,False,-0.01014370245,0.00929839391,False,False,1.25,1.25,1.0,0.75,0.98,1.0,0.5,1.0,False,False,False,False,False,False,50.0,3.931825632724,0.0,2389.0,47.78,7.779048644926,0.0,0.0,1.0,0.0,0.0,0.0,2200.0,134.0,55.0,1301.0,899.0,0.060909090909,0.025,2.68,44.0,0.591363636364,0.0,0.0,0.0,0.0,0.0,2.0,2.0,0.0,50.0,3.9318256327243257,0.0,1.25,1.25,1.0,0.75,0.98,1.0,0.5,1.0,0.0,0.0,0.0,1.0,0.0,0.0,0.0,1.0,0.0,0.0,0.0,0.0,0.0,0.591363636364,0.076136363636,0.01875,0.0,repair5g59_slow_decay_high_shield,0.0,0.0,0.0,0.086842105263,-0.032894736842,0.059210526316,0.111842105263,0.031052631579,0.002631578947,0.101315789474,0.282894736842,-0.026315789474,0.05,0.05,0.05,0.0,0.028,0.01,0.2,0.2,0.0
random-32-32-20|a50|s152|it0|14650fb0739d0383,random-32-32-20,50,152,0,14650fb0739d0383,repair5g59_static_abstain_candidate,old14,static,old14,1.15131022823,True,False,False,False,False,False,False,False,False,False,False,False,False,False,0.0,0.01944209636,False,False,1.25,1.25,1.0,0.75,0.95,1.0,0.35,0.75,False,False,False,False,False,False,50.0,3.931825632724,0.0,2389.0,47.78,7.779048644926,0.0,0.0,1.0,0.0,0.0,0.0,2200.0,134.0,55.0,1301.0,899.0,0.060909090909,0.025,2.68,44.0,0.591363636364,0.0,0.0,0.0,0.0,0.0,2.0,2.0,0.0,50.0,3.9318256327243257,0.0,1.25,1.25,1.0,0.75,0.95,1.0,0.35,0.75,0.0,0.0,0.0,1.0,0.0,0.0,0.0,0.0,0.0,0.0,1.0,0.0,0.0,0.591363636364,0.076136363636,0.01875,0.0,repair5g59_static_abstain_candidate,0.0,0.0,0.0,0.086842105263,-0.032894736842,0.059210526316,0.111842105263,0.001052631579,0.002631578947,-0.048684210526,0.032894736842,-0.026315789474,0.0,0.0,0.0,0.0,0.0,0.0,0.0,0.0,0.0
random-32-32-20|a50|s152|it0|14650fb0739d0383,random-32-32-20,50,152,0,14650fb0739d0383,repair5g59_static_flow_shield,old14,static,old14,1.15131022823,True,False,False,False,False,False,False,False,False,False,False,False,False,False,0.0,0.01944209636,False,False,1.25,1.25,1.0,0.75,0.95,1.0,0.35,0.75,False,False,False,False,False,False,50.0,3.931825632724,0.0,2389.0,47.78,7.779048644926,0.0,0.0,1.0,0.0,0.0,0.0,2200.0,134.0,55.0,1301.0,899.0,0.060909090909,0.025,2.68,44.0,0.591363636364,0.0,0.0,0.0,0.0,0.0,2.0,2.0,0.0,50.0,3.9318256327243257,0.0,1.25,1.25,1.0,0.75,0.95,1.0,0.35,0.75,0.0,0.0,0.0,1.0,0.0,0.0,0.0,0.0,0.0,0.0,1.0,0.0,0.0,0.591363636364,0.076136363636,0.01875,0.0,repair5g59_static_abstain_candidate,0.0,0.0,0.0,0.086842105263,-0.032894736842,0.059210526316,0.111842105263,0.001052631579,0.002631578947,-0.048684210526,0.032894736842,-0.026315789474,0.0,0.0,0.0,0.0,0.0,0.0,0.0,0.0,0.0
random-32-32-20|a50|s152|it0|14650fb0739d0383,random-32-32-20,50,152,0,14650fb0739d0383,repair5g59_wait_aggressive,old14,flow_shield,old14,1.16483516484,True,False,False,False,False,False,False,False,False,False,False,False,False,False,0.01352493661,0.03296703297,True,False,1.25,1.25,1.0,1.0,0.95,1.0,0.35,0.75,False,False,False,False,False,False,50.0,3.931825632724,0.0,2389.0,47.78,7.779048644926,0.0,0.0,1.0,0.0,0.0,0.0,2200.0,134.0,55.0,1301.0,899.0,0.060909090909,0.025,2.68,44.0,0.591363636364,0.0,0.0,0.0,0.0,0.0,2.0,2.0,0.0,50.0,3.9318256327243257,0.0,1.25,1.25,1.0,1.0,0.95,1.0,0.35,0.75,0.0,0.0,0.0,1.0,0.0,0.0,0.0,0.0,1.0,0.0,0.0,0.0,0.0,0.591363636364,0.076136363636,0.025,0.0,repair5g59_wait_aggressive,0.0,0.0,0.0,0.086842105263,-0.032894736842,0.059210526316,0.361842105263,0.001052631579,0.002631578947,-0.048684210526,0.032894736842,-0.026315789474,0.0,0.0,0.0,0.0,0.0,0.0,0.0,0.0,0.0
random-32-32-20|a50|s152|it0|14650fb0739d0383,random-32-32-20,50,152,0,14650fb0739d0383,repair5g59_wait_conservative,old14,wait_conservative,old14,1.17328825021,True,False,False,False,False,False,False,False,False,False,False,False,False,False,0.02197802198,0.04142011834,True,False,1.25,1.25,1.0,0.5,0.95,1.0,0.35,0.75,False,False,False,False,False,False,50.0,3.931825632724,0.0,2389.0,47.78,7.779048644926,0.0,0.0,1.0,0.0,0.0,0.0,2200.0,134.0,55.0,1301.0,899.0,0.060909090909,0.025,2.68,44.0,0.591363636364,0.0,0.0,0.0,0.0,0.0,2.0,2.0,0.0,50.0,3.9318256327243257,0.0,1.25,1.25,1.0,0.5,0.95,1.0,0.35,0.75,0.0,0.0,0.0,1.0,0.0,0.0,0.0,0.0,0.0,0.0,0.0,0.0,1.0,0.591363636364,0.076136363636,0.0125,0.0,repair5g59_wait_conservative,0.0,0.0,0.0,0.086842105263,-0.032894736842,0.059210526316,-0.138157894737,0.001052631579,0.002631578947,-0.048684210526,0.032894736842,-0.026315789474,0.0,0.0,0.0,0.042857142857,0.007142857143,0.0,0.021428571429,0.0,0.0
random-32-32-20|a50|s152|it0|14650fb0739d0383,random-32-32-20,50,152,0,14650fb0739d0383,repair5g518_grid_c1p25_b1p25_f1p00_w0p50_dc0p95_df1p00_beta0p35_max0p75_c0,g518_retained,wait_conservative,g518_retained,1.17328825021,True,False,False,False,False,False,False,False,False,False,False,False,False,False,0.02197802198,0.04142011834,True,False,1.25,1.25,1.0,0.5,0.95,1.0,0.35,0.75,False,False,False,False,False,False,50.0,3.931825632724,0.0,2389.0,47.78,7.779048644926,0.0,0.0,1.0,0.0,0.0,0.0,2200.0,134.0,55.0,1301.0,899.0,0.060909090909,0.025,2.68,44.0,0.591363636364,0.0,0.0,0.0,0.0,0.0,2.0,2.0,0.0,50.0,3.9318256327243257,0.0,1.25,1.25,1.0,0.5,0.95,1.0,0.35,0.75,0.0,1.0,0.0,0.0,0.0,0.0,0.0,0.0,0.0,0.0,0.0,0.0,1.0,0.591363636364,0.076136363636,0.0125,0.0,repair5g59_wait_conservative,0.0,0.0,0.0,0.086842105263,-0.032894736842,0.059210526316,-0.138157894737,0.001052631579,0.002631578947,-0.048684210526,0.032894736842,-0.026315789474,0.0,0.0,0.0,0.042857142857,0.007142857143,0.0,0.021428571429,0.0,0.0
random-32-32-20|a50|s152|it0|14650fb0739d0383,random-32-32-20,50,152,0,14650fb0739d0383,repair5g518_grid_c1p20_b1p35_f1p00_w0p70_dc0p95_df1p00_beta0p60_max0p75_c0,g518_retained,high_beta,g518_retained,1.14285714286,True,False,True,False,False,False,False,False,True,False,False,False,False,True,-0.00845308537,0.01098901099,False,False,1.2,1.35,1.0,0.7,0.95,1.0,0.6,0.75,False,False,False,False,False,False,50.0,3.931825632724,0.0,2389.0,47.78,7.779048644926,0.0,0.0,1.0,0.0,0.0,0.0,2200.0,134.0,55.0,1301.0,899.0,0.060909090909,0.025,2.68,44.0,0.591363636364,0.0,0.0,0.0,0.0,0.0,2.0,2.0,0.0,50.0,3.9318256327243257,0.0,1.2,1.35,1.0,0.7,0.95,1.0,0.6,0.75,0.0,1.0,0.0,0.0,0.0,0.0,0.0,0.0,0.0,1.0,0.0,0.0,0.0,0.591363636364,0.082227272727,0.0175,0.0,repair5g59_high_beta_cap_safe,0.122474487139,0.122474487139,0.115535611769,0.036842105263,0.067105263158,0.059210526316,0.061842105263,0.001052631579,0.002631578947,0.201315789474,0.032894736842,-0.026315789474,-0.020833333333,0.108333333333,0.0,-0.020833333333,-0.0,0.004166666667,0.029166666667,0.0,0.0
random-32-32-20|a50|s152|it0|14650fb0739d0383,random-32-32-20,50,152,0,14650fb0739d0383,repair5g518_grid_c0p90_b1p50_f1p00_w0p45_dc0p95_df1p00_beta0p45_max0p75_c0,g518_retained,block_heavy,g518_retained,1.11580726965,True,False,True,True,True,False,False,True,True,True,True,False,False,False,-0.03550295858,-0.01606086222,False,False,0.9,1.5,1.0,0.45,0.95,1.0,0.45,0.75,False,False,False,False,False,False,50.0,3.931825632724,0.0,2389.0,47.78,7.779048644926,0.0,0.0,1.0,0.0,0.0,0.0,2200.0,134.0,55.0,1301.0,899.0,0.060909090909,0.025,2.68,44.0,0.591363636364,0.0,0.0,0.0,0.0,0.0,2.0,2.0,0.0,50.0,3.9318256327243257,0.0,0.9,1.5,1.0,0.45,0.95,1.0,0.45,0.75,0.0,1.0,0.0,0.0,0.0,1.0,0.0,0.0,0.0,0.0,0.0,0.0,0.0,0.591363636364,0.091363636364,0.01125,0.0,repair5g59_block_heavy_flow_guard,0.15,0.15,0.139761942375,-0.263157894737,0.217105263158,0.059210526316,-0.188157894737,0.001052631579,0.002631578947,0.051315789474,0.032894736842,-0.026315789474,-0.0125,-0.0125,0.0,-0.00625,0.00625,0.0,0.0625,0.0,0.0
random-32-32-20|a50|s152|it0|14650fb0739d0383,random-32-32-20,50,152,0,14650fb0739d0383,repair5g518_grid_c1p25_b1p25_f1p00_w0p35_dc0p95_df1p00_beta0p30_max0p75_c0,g518_retained,wait_conservative,g518_retained,1.157227388,True,False,False,False,False,False,False,False,False,False,False,False,False,False,0.00591715977,0.02535925613,True,False,1.25,1.25,1.0,0.35,0.95,1.0,0.3,0.75,False,False,False,False,False,False,50.0,3.931825632724,0.0,2389.0,47.78,7.779048644926,0.0,0.0,1.0,0.0,0.0,0.0,2200.0,134.0,55.0,1301.0,899.0,0.060909090909,0.025,2.68,44.0,0.591363636364,0.0,0.0,0.0,0.0,0.0,2.0,2.0,0.0,50.0,3.9318256327243257,0.0,1.25,1.25,1.0,0.35,0.95,1.0,0.3,0.75,0.0,1.0,0.0,0.0,0.0,0.0,0.0,0.0,0.0,0.0,0.0,0.0,1.0,0.591363636364,0.076136363636,0.00875,0.0,repair5g59_wait_conservative,0.158113883008,0.158113883008,0.146792718882,0.086842105263,-0.032894736842,0.059210526316,-0.288157894737,0.001052631579,0.002631578947,-0.098684210526,0.032894736842,-0.026315789474,0.0,0.0,0.0,-0.107142857143,0.007142857143,0.0,-0.028571428571,0.0,0.0
random-32-32-20|a50|s152|it0|14650fb0739d0383,random-32-32-20,50,152,0,14650fb0739d0383,repair5g518_grid_c0p90_b1p40_f1p00_w0p45_dc0p95_df1p00_beta0p35_max0p75_c0,g518_retained,block_heavy,g518_retained,1.13440405748,True,False,True,False,False,False,False,False,True,False,False,False,False,True,-0.01690617075,0.00253592561,False,False,0.9,1.4,1.0,0.45,0.95,1.0,0.35,0.75,False,False,False,False,False,False,50.0,3.931825632724,0.0,2389.0,47.78,7.779048644926,0.0,0.0,1.0,0.0,0.0,0.0,2200.0,134.0,55.0,1301.0,899.0,0.060909090909,0.025,2.68,44.0,0.591363636364,0.0,0.0,0.0,0.0,0.0,2.0,2.0,0.0,50.0,3.9318256327243257,0.0,0.9,1.4,1.0,0.45,0.95,1.0,0.35,0.75,0.0,1.0,0.0,0.0,0.0,1.0,0.0,0.0,0.0,0.0,0.0,0.0,0.0,0.591363636364,0.085272727273,0.01125,0.0,repair5g59_block_heavy_flow_guard,0.15,0.15,0.139761942375,-0.263157894737,0.117105263158,0.059210526316,-0.188157894737,0.001052631579,0.002631578947,-0.048684210526,0.032894736842,-0.026315789474,-0.0125,-0.1125,0.0,-0.00625,0.00625,0.0,-0.0375,0.0,0.0
random-32-32-20|a50|s152|it0|14650fb0739d0383,random-32-32-20,50,152,0,14650fb0739d0383,repair5g518_grid_c1p20_b1p15_f1p00_w0p70_dc0p95_df1p00_beta0p60_max0p75_c0,g518_retained,high_beta,g518_retained,1.15131022823,True,False,False,False,False,False,False,False,False,False,False,False,False,False,0.0,0.01944209636,False,False,1.2,1.15,1.0,0.7,0.95,1.0,0.6,0.75,False,False,False,False,False,False,50.0,3.931825632724,0.0,2389.0,47.78,7.779048644926,0.0,0.0,1.0,0.0,0.0,0.0,2200.0,134.0,55.0,1301.0,899.0,0.060909090909,0.025,2.68,44.0,0.591363636364,0.0,0.0,0.0,0.0,0.0,2.0,2.0,0.0,50.0,3.9318256327243257,0.0,1.2,1.15,1.0,0.7,0.95,1.0,0.6,0.75,0.0,1.0,0.0,0.0,0.0,0.0,0.0,0.0,0.0,1.0,0.0,0.0,0.0,0.591363636364,0.070045454545,0.0175,0.0,repair5g59_high_beta_cap_safe,0.122474487139,0.122474487139,0.115535611769,0.036842105263,-0.132894736842,0.059210526316,0.061842105263,0.001052631579,0.002631578947,0.201315789474,0.032894736842,-0.026315789474,-0.020833333333,-0.091666666667,0.0,-0.020833333333,-0.0,0.004166666667,0.029166666667,0.0,0.0
random-32-32-20|a50|s152|it0|14650fb0739d0383,random-32-32-20,50,152,0,14650fb0739d0383,repair5g518_grid_c0p90_b1p65_f1p00_w0p45_dc0p95_df1p00_beta0p35_max0p75_c0,g518_retained,block_heavy,g518_retained,1.14285714286,True,False,True,False,False,False,False,False,True,False,False,False,False,True,-0.00845308537,0.01098901099,False,False,0.9,1.65,1.0,0.45,0.95,1.0,0.35,0.75,False,False,False,False,False,False,50.0,3.931825632724,0.0,2389.0,47.78,7.779048644926,0.0,0.0,1.0,0.0,0.0,0.0,2200.0,134.0,55.0,1301.0,899.0,0.060909090909,0.025,2.68,44.0,0.591363636364,0.0,0.0,0.0,0.0,0.0,2.0,2.0,0.0,50.0,3.9318256327243257,0.0,0.9,1.65,1.0,0.45,0.95,1.0,0.35,0.75,0.0,1.0,0.0,0.0,0.0,1.0,0.0,0.0,0.0,0.0,0.0,0.0,0.0,0.591363636364,0.1005,0.01125,0.0,repair5g59_block_heavy_flow_guard,0.187082869339,0.187082869339,0.171498927292,-0.263157894737,0.367105263158,0.059210526316,-0.188157894737,0.001052631579,0.002631578947,-0.048684210526,0.032894736842,-0.026315789474,-0.0125,0.1375,0.0,-0.00625,0.00625,0.0,-0.0375,0.0,0.0
random-32-32-20|a50|s152|it0|14650fb0739d0383,random-32-32-20,50,152,0,14650fb0739d0383,repair5g518_grid_c1p20_b1p15_f1p00_w0p70_dc0p95_df1p00_beta0p55_max0p75_c0,g518_retained,high_beta,g518_retained,1.15131022823,True,False,False,False,False,False,False,False,False,False,False,False,False,False,0.0,0.01944209636,False,False,1.2,1.15,1.0,0.7,0.95,1.0,0.55,0.75,False,False,False,False,False,False,50.0,3.931825632724,0.0,2389.0,47.78,7.779048644926,0.0,0.0,1.0,0.0,0.0,0.0,2200.0,134.0,55.0,1301.0,899.0,0.060909090909,0.025,2.68,44.0,0.591363636364,0.0,0.0,0.0,0.0,0.0,2.0,2.0,0.0,50.0,3.9318256327243257,0.0,1.2,1.15,1.0,0.7,0.95,1.0,0.55,0.75,0.0,1.0,0.0,0.0,0.0,0.0,0.0,0.0,0.0,1.0,0.0,0.0,0.0,0.591363636364,0.070045454545,0.0175,0.0,repair5g59_high_beta_cap_safe,0.132287565553,0.132287565553,0.124239980694,0.036842105263,-0.132894736842,0.059210526316,0.061842105263,0.001052631579,0.002631578947,0.151315789474,0.032894736842,-0.026315789474,-0.020833333333,-0.091666666667,0.0,-0.020833333333,-0.0,0.004166666667,-0.020833333333,0.0,0.0
random-32-32-20|a50|s152|it0|14650fb0739d0383,random-32-32-20,50,152,0,14650fb0739d0383,repair5g521_grid_c0p90_b1p50_f1p00_w0p45_dc0p95_df1p00_beta0p45_max0p75_c0,g521_second_wave,block_heavy,g521_second_wave,1.11580726965,True,False,True,True,False,False,False,True,True,True,False,False,False,False,-0.03550295858,-0.01606086222,False,False,0.9,1.5,1.0,0.45,0.95,1.0,0.45,0.75,False,False,False,False,False,False,50.0,3.931825632724,0.0,2389.0,47.78,7.779048644926,0.0,0.0,1.0,0.0,0.0,0.0,2200.0,134.0,55.0,1301.0,899.0,0.060909090909,0.025,2.68,44.0,0.591363636364,0.0,0.0,0.0,0.0,0.0,2.0,2.0,0.0,50.0,3.9318256327243257,0.0,0.9,1.5,1.0,0.45,0.95,1.0,0.45,0.75,0.0,0.0,1.0,0.0,0.0,1.0,0.0,0.0,0.0,0.0,0.0,0.0,0.0,0.591363636364,0.091363636364,0.01125,0.0,repair5g59_block_heavy_flow_guard,0.15,0.15,0.139761942375,-0.263157894737,0.217105263158,0.059210526316,-0.188157894737,0.001052631579,0.002631578947,0.051315789474,0.032894736842,-0.026315789474,-0.0125,-0.0125,0.0,-0.00625,0.00625,0.0,0.0625,0.0,0.0
random-32-32-20|a50|s152|it0|14650fb0739d0383,random-32-32-20,50,152,0,14650fb0739d0383,repair5g521_grid_c0p90_b1p40_f1p00_w0p45_dc0p95_df1p00_beta0p35_max0p75_c0,g521_second_wave,block_heavy,g521_second_wave,1.13440405748,True,False,True,False,False,False,False,False,True,False,False,False,False,True,-0.01690617075,0.00253592561,False,False,0.9,1.4,1.0,0.45,0.95,1.0,0.35,0.75,False,False,False,False,False,False,50.0,3.931825632724,0.0,2389.0,47.78,7.779048644926,0.0,0.0,1.0,0.0,0.0,0.0,2200.0,134.0,55.0,1301.0,899.0,0.060909090909,0.025,2.68,44.0,0.591363636364,0.0,0.0,0.0,0.0,0.0,2.0,2.0,0.0,50.0,3.9318256327243257,0.0,0.9,1.4,1.0,0.45,0.95,1.0,0.35,0.75,0.0,0.0,1.0,0.0,0.0,1.0,0.0,0.0,0.0,0.0,0.0,0.0,0.0,0.591363636364,0.085272727273,0.01125,0.0,repair5g59_block_heavy_flow_guard,0.15,0.15,0.139761942375,-0.263157894737,0.117105263158,0.059210526316,-0.188157894737,0.001052631579,0.002631578947,-0.048684210526,0.032894736842,-0.026315789474,-0.0125,-0.1125,0.0,-0.00625,0.00625,0.0,-0.0375,0.0,0.0
random-32-32-20|a50|s152|it0|14650fb0739d0383,random-32-32-20,50,152,0,14650fb0739d0383,repair5g521_grid_c0p90_b1p65_f1p00_w0p45_dc0p95_df1p00_beta0p35_max0p75_c0,g521_second_wave,block_heavy,g521_second_wave,1.14285714286,True,False,True,False,False,False,False,False,True,False,False,False,False,True,-0.00845308537,0.01098901099,False,False,0.9,1.65,1.0,0.45,0.95,1.0,0.35,0.75,False,False,False,False,False,False,50.0,3.931825632724,0.0,2389.0,47.78,7.779048644926,0.0,0.0,1.0,0.0,0.0,0.0,2200.0,134.0,55.0,1301.0,899.0,0.060909090909,0.025,2.68,44.0,0.591363636364,0.0,0.0,0.0,0.0,0.0,2.0,2.0,0.0,50.0,3.9318256327243257,0.0,0.9,1.65,1.0,0.45,0.95,1.0,0.35,0.75,0.0,0.0,1.0,0.0,0.0,1.0,0.0,0.0,0.0,0.0,0.0,0.0,0.0,0.591363636364,0.1005,0.01125,0.0,repair5g59_block_heavy_flow_guard,0.187082869339,0.187082869339,0.171498927292,-0.263157894737,0.367105263158,0.059210526316,-0.188157894737,0.001052631579,0.002631578947,-0.048684210526,0.032894736842,-0.026315789474,-0.0125,0.1375,0.0,-0.00625,0.00625,0.0,-0.0375,0.0,0.0
random-32-32-20|a50|s152|it0|14650fb0739d0383,random-32-32-20,50,152,0,14650fb0739d0383,repair5g521_grid_c0p90_b1p50_f1p00_w0p45_dc0p90_df1p00_beta0p45_max0p75_c0,g521_second_wave,block_heavy,g521_second_wave,1.11580726965,True,False,True,True,False,False,False,True,True,True,False,False,False,False,-0.03550295858,-0.01606086222,False,False,0.9,1.5,1.0,0.45,0.9,1.0,0.45,0.75,False,False,False,False,False,False,50.0,3.931825632724,0.0,2389.0,47.78,7.779048644926,0.0,0.0,1.0,0.0,0.0,0.0,2200.0,134.0,55.0,1301.0,899.0,0.060909090909,0.025,2.68,44.0,0.591363636364,0.0,0.0,0.0,0.0,0.0,2.0,2.0,0.0,50.0,3.9318256327243257,0.0,0.9,1.5,1.0,0.45,0.9,1.0,0.45,0.75,0.0,0.0,1.0,0.0,0.0,1.0,0.0,0.0,0.0,0.0,0.0,0.0,0.0,0.591363636364,0.091363636364,0.01125,0.0,repair5g59_block_heavy_flow_guard,0.158113883008,0.158113883008,0.146792718882,-0.263157894737,0.217105263158,0.059210526316,-0.188157894737,-0.048947368421,0.002631578947,0.051315789474,0.032894736842,-0.026315789474,-0.0125,-0.0125,0.0,-0.00625,-0.04375,0.0,0.0625,0.0,0.0
random-32-32-20|a50|s152|it0|14650fb0739d0383,random-32-32-20,50,152,0,14650fb0739d0383,repair5g521_grid_c1p20_b1p35_f1p00_w0p70_dc0p95_df1p00_beta0p60_max0p75_c0,g521_second_wave,high_beta,g521_second_wave,1.14285714286,True,False,True,False,False,False,False,False,True,False,False,False,False,True,-0.00845308537,0.01098901099,False,False,1.2,1.35,1.0,0.7,0.95,1.0,0.6,0.75,False,False,False,False,False,False,50.0,3.931825632724,0.0,2389.0,47.78,7.779048644926,0.0,0.0,1.0,0.0,0.0,0.0,2200.0,134.0,55.0,1301.0,899.0,0.060909090909,0.025,2.68,44.0,0.591363636364,0.0,0.0,0.0,0.0,0.0,2.0,2.0,0.0,50.0,3.9318256327243257,0.0,1.2,1.35,1.0,0.7,0.95,1.0,0.6,0.75,0.0,0.0,1.0,0.0,0.0,0.0,0.0,0.0,0.0,1.0,0.0,0.0,0.0,0.591363636364,0.082227272727,0.0175,0.0,repair5g59_high_beta_cap_safe,0.122474487139,0.122474487139,0.115535611769,0.036842105263,0.067105263158,0.059210526316,0.061842105263,0.001052631579,0.002631578947,0.201315789474,0.032894736842,-0.026315789474,-0.020833333333,0.108333333333,0.0,-0.020833333333,-0.0,0.004166666667,0.029166666667,0.0,0.0
random-32-32-20|a50|s152|it0|14650fb0739d0383,random-32-32-20,50,152,0,14650fb0739d0383,repair5g521_grid_c1p20_b1p15_f1p00_w0p70_dc0p95_df1p00_beta0p60_max0p75_c0,g521_second_wave,high_beta,g521_second_wave,1.15131022823,True,False,False,False,False,False,False,False,False,False,False,False,False,False,0.0,0.01944209636,False,False,1.2,1.15,1.0,0.7,0.95,1.0,0.6,0.75,False,False,False,False,False,False,50.0,3.931825632724,0.0,2389.0,47.78,7.779048644926,0.0,0.0,1.0,0.0,0.0,0.0,2200.0,134.0,55.0,1301.0,899.0,0.060909090909,0.025,2.68,44.0,0.591363636364,0.0,0.0,0.0,0.0,0.0,2.0,2.0,0.0,50.0,3.9318256327243257,0.0,1.2,1.15,1.0,0.7,0.95,1.0,0.6,0.75,0.0,0.0,1.0,0.0,0.0,0.0,0.0,0.0,0.0,1.0,0.0,0.0,0.0,0.591363636364,0.070045454545,0.0175,0.0,repair5g59_high_beta_cap_safe,0.122474487139,0.122474487139,0.115535611769,0.036842105263,-0.132894736842,0.059210526316,0.061842105263,0.001052631579,0.002631578947,0.201315789474,0.032894736842,-0.026315789474,-0.020833333333,-0.091666666667,0.0,-0.020833333333,-0.0,0.004166666667,0.029166666667,0.0,0.0
random-32-32-20|a50|s152|it0|14650fb0739d0383,random-32-32-20,50,152,0,14650fb0739d0383,repair5g521_grid_c1p20_b1p15_f1p00_w0p70_dc0p95_df1p00_beta0p55_max0p75_c0,g521_second_wave,high_beta,g521_second_wave,1.15131022823,True,False,False,False,False,False,False,False,False,False,False,False,False,False,0.0,0.01944209636,False,False,1.2,1.15,1.0,0.7,0.95,1.0,0.55,0.75,False,False,False,False,False,False,50.0,3.931825632724,0.0,2389.0,47.78,7.779048644926,0.0,0.0,1.0,0.0,0.0,0.0,2200.0,134.0,55.0,1301.0,899.0,0.060909090909,0.025,2.68,44.0,0.591363636364,0.0,0.0,0.0,0.0,0.0,2.0,2.0,0.0,50.0,3.9318256327243257,0.0,1.2,1.15,1.0,0.7,0.95,1.0,0.55,0.75,0.0,0.0,1.0,0.0,0.0,0.0,0.0,0.0,0.0,1.0,0.0,0.0,0.0,0.591363636364,0.070045454545,0.0175,0.0,repair5g59_high_beta_cap_safe,0.132287565553,0.132287565553,0.124239980694,0.036842105263,-0.132894736842,0.059210526316,0.061842105263,0.001052631579,0.002631578947,0.151315789474,0.032894736842,-0.026315789474,-0.020833333333,-0.091666666667,0.0,-0.020833333333,-0.0,0.004166666667,-0.020833333333,0.0,0.0
random-32-32-20|a50|s152|it0|14650fb0739d0383,random-32-32-20,50,152,0,14650fb0739d0383,repair5g521_grid_c1p20_b1p35_f1p00_w0p70_dc0p95_df1p00_beta0p55_max0p75_c0,g521_second_wave,high_beta,g521_second_wave,1.14285714286,True,False,True,False,False,False,False,False,True,False,False,False,False,True,-0.00845308537,0.01098901099,False,False,1.2,1.35,1.0,0.7,0.95,1.0,0.55,0.75,False,False,False,False,False,False,50.0,3.931825632724,0.0,2389.0,47.78,7.779048644926,0.0,0.0,1.0,0.0,0.0,0.0,2200.0,134.0,55.0,1301.0,899.0,0.060909090909,0.025,2.68,44.0,0.591363636364,0.0,0.0,0.0,0.0,0.0,2.0,2.0,0.0,50.0,3.9318256327243257,0.0,1.2,1.35,1.0,0.7,0.95,1.0,0.55,0.75,0.0,0.0,1.0,0.0,0.0,0.0,0.0,0.0,0.0,1.0,0.0,0.0,0.0,0.591363636364,0.082227272727,0.0175,0.0,repair5g59_high_beta_cap_safe,0.132287565553,0.132287565553,0.124239980694,0.036842105263,0.067105263158,0.059210526316,0.061842105263,0.001052631579,0.002631578947,0.151315789474,0.032894736842,-0.026315789474,-0.020833333333,0.108333333333,0.0,-0.020833333333,-0.0,0.004166666667,-0.020833333333,0.0,0.0
random-32-32-20|a50|s152|it0|14650fb0739d0383,random-32-32-20,50,152,0,14650fb0739d0383,repair5g521_grid_c1p25_b1p25_f1p00_w0p50_dc0p95_df1p00_beta0p35_max0p75_c0,g521_second_wave,wait_conservative,g521_second_wave,1.17328825021,True,False,False,False,False,False,False,False,False,False,False,False,False,False,0.02197802198,0.04142011834,True,False,1.25,1.25,1.0,0.5,0.95,1.0,0.35,0.75,False,False,False,False,False,False,50.0,3.931825632724,0.0,2389.0,47.78,7.779048644926,0.0,0.0,1.0,0.0,0.0,0.0,2200.0,134.0,55.0,1301.0,899.0,0.060909090909,0.025,2.68,44.0,0.591363636364,0.0,0.0,0.0,0.0,0.0,2.0,2.0,0.0,50.0,3.9318256327243257,0.0,1.25,1.25,1.0,0.5,0.95,1.0,0.35,0.75,0.0,0.0,1.0,0.0,0.0,0.0,0.0,0.0,0.0,0.0,0.0,0.0,1.0,0.591363636364,0.076136363636,0.0125,0.0,repair5g59_wait_conservative,0.0,0.0,0.0,0.086842105263,-0.032894736842,0.059210526316,-0.138157894737,0.001052631579,0.002631578947,-0.048684210526,0.032894736842,-0.026315789474,0.0,0.0,0.0,0.042857142857,0.007142857143,0.0,0.021428571429,0.0,0.0
random-32-32-20|a50|s152|it0|14650fb0739d0383,random-32-32-20,50,152,0,14650fb0739d0383,repair5g521_grid_c1p25_b1p25_f1p00_w0p35_dc0p95_df1p00_beta0p30_max0p75_c0,g521_second_wave,wait_conservative,g521_second_wave,1.157227388,True,False,False,False,False,False,False,False,False,False,False,False,False,False,0.00591715977,0.02535925613,True,False,1.25,1.25,1.0,0.35,0.95,1.0,0.3,0.75,False,False,False,False,False,False,50.0,3.931825632724,0.0,2389.0,47.78,7.779048644926,0.0,0.0,1.0,0.0,0.0,0.0,2200.0,134.0,55.0,1301.0,899.0,0.060909090909,0.025,2.68,44.0,0.591363636364,0.0,0.0,0.0,0.0,0.0,2.0,2.0,0.0,50.0,3.9318256327243257,0.0,1.25,1.25,1.0,0.35,0.95,1.0,0.3,0.75,0.0,0.0,1.0,0.0,0.0,0.0,0.0,0.0,0.0,0.0,0.0,0.0,1.0,0.591363636364,0.076136363636,0.00875,0.0,repair5g59_wait_conservative,0.158113883008,0.158113883008,0.146792718882,0.086842105263,-0.032894736842,0.059210526316,-0.288157894737,0.001052631579,0.002631578947,-0.098684210526,0.032894736842,-0.026315789474,0.0,0.0,0.0,-0.107142857143,0.007142857143,0.0,-0.028571428571,0.0,0.0
random-32-32-20|a50|s152|it0|14650fb0739d0383,random-32-32-20,50,152,0,14650fb0739d0383,repair5g521_grid_c1p25_b1p25_f1p00_w0p50_dc0p90_df1p00_beta0p35_max0p75_c0,g521_second_wave,wait_conservative,g521_second_wave,1.17328825021,True,False,False,False,False,False,False,False,False,False,False,False,False,False,0.02197802198,0.04142011834,True,False,1.25,1.25,1.0,0.5,0.9,1.0,0.35,0.75,False,False,False,False,False,False,50.0,3.931825632724,0.0,2389.0,47.78,7.779048644926,0.0,0.0,1.0,0.0,0.0,0.0,2200.0,134.0,55.0,1301.0,899.0,0.060909090909,0.025,2.68,44.0,0.591363636364,0.0,0.0,0.0,0.0,0.0,2.0,2.0,0.0,50.0,3.9318256327243257,0.0,1.25,1.25,1.0,0.5,0.9,1.0,0.35,0.75,0.0,0.0,1.0,0.0,0.0,0.0,0.0,0.0,0.0,0.0,0.0,0.0,1.0,0.591363636364,0.076136363636,0.0125,0.0,repair5g59_wait_conservative,0.05,0.05,0.048790164169,0.086842105263,-0.032894736842,0.059210526316,-0.138157894737,-0.048947368421,0.002631578947,-0.048684210526,0.032894736842,-0.026315789474,0.0,0.0,0.0,0.042857142857,-0.042857142857,0.0,0.021428571429,0.0,0.0
random-32-32-20|a50|s152|it0|14650fb0739d0383,random-32-32-20,50,152,0,14650fb0739d0383,repair5g521_grid_c1p25_b1p25_f1p00_w0p50_dc0p95_df1p00_beta0p30_max0p75_c0,g521_second_wave,wait_conservative,g521_second_wave,1.15300084531,True,False,False,False,False,False,False,False,False,False,False,False,False,False,0.00169061708,0.02113271344,False,False,1.25,1.25,1.0,0.5,0.95,1.0,0.3,0.75,False,False,False,False,False,False,50.0,3.931825632724,0.0,2389.0,47.78,7.779048644926,0.0,0.0,1.0,0.0,0.0,0.0,2200.0,134.0,55.0,1301.0,899.0,0.060909090909,0.025,2.68,44.0,0.591363636364,0.0,0.0,0.0,0.0,0.0,2.0,2.0,0.0,50.0,3.9318256327243257,0.0,1.25,1.25,1.0,0.5,0.95,1.0,0.3,0.75,0.0,0.0,1.0,0.0,0.0,0.0,0.0,0.0,0.0,0.0,0.0,0.0,1.0,0.591363636364,0.076136363636,0.0125,0.0,repair5g59_wait_conservative,0.05,0.05,0.048790164169,0.086842105263,-0.032894736842,0.059210526316,-0.138157894737,0.001052631579,0.002631578947,-0.098684210526,0.032894736842,-0.026315789474,0.0,0.0,0.0,0.042857142857,0.007142857143,0.0,-0.028571428571,0.0,0.0
random-32-32-20|a50|s152|it0|14650fb0739d0383,random-32-32-20,50,152,0,14650fb0739d0383,repair5g521_grid_c1p25_b1p25_f1p00_w0p75_dc0p95_df1p00_beta0p55_max0p75_c0,g521_second_wave,high_beta,g521_second_wave,1.15131022823,True,False,False,False,False,False,False,False,False,False,False,False,False,False,0.0,0.01944209636,False,False,1.25,1.25,1.0,0.75,0.95,1.0,0.55,0.75,False,False,False,False,False,False,50.0,3.931825632724,0.0,2389.0,47.78,7.779048644926,0.0,0.0,1.0,0.0,0.0,0.0,2200.0,134.0,55.0,1301.0,899.0,0.060909090909,0.025,2.68,44.0,0.591363636364,0.0,0.0,0.0,0.0,0.0,2.0,2.0,0.0,50.0,3.9318256327243257,0.0,1.25,1.25,1.0,0.75,0.95,1.0,0.55,0.75,0.0,0.0,1.0,0.0,0.0,0.0,0.0,0.0,0.0,1.0,0.0,0.0,0.0,0.591363636364,0.076136363636,0.01875,0.0,repair5g59_high_beta_cap_safe,0.05,0.05,0.048790164169,0.086842105263,-0.032894736842,0.059210526316,0.111842105263,0.001052631579,0.002631578947,0.151315789474,0.032894736842,-0.026315789474,0.029166666667,0.008333333333,0.0,0.029166666667,-0.0,0.004166666667,-0.020833333333,0.0,0.0
random-32-32-20|a50|s152|it0|14650fb0739d0383,random-32-32-20,50,152,0,14650fb0739d0383,repair5g521_grid_c1p25_b1p25_f1p00_w0p75_dc0p90_df1p00_beta0p55_max0p75_c0,g521_second_wave,high_beta,g521_second_wave,1.15131022823,True,False,False,False,False,False,False,False,False,False,False,False,False,False,0.0,0.01944209636,False,False,1.25,1.25,1.0,0.75,0.9,1.0,0.55,0.75,False,False,False,False,False,False,50.0,3.931825632724,0.0,2389.0,47.78,7.779048644926,0.0,0.0,1.0,0.0,0.0,0.0,2200.0,134.0,55.0,1301.0,899.0,0.060909090909,0.025,2.68,44.0,0.591363636364,0.0,0.0,0.0,0.0,0.0,2.0,2.0,0.0,50.0,3.9318256327243257,0.0,1.25,1.25,1.0,0.75,0.9,1.0,0.55,0.75,0.0,0.0,1.0,0.0,0.0,0.0,0.0,0.0,0.0,1.0,0.0,0.0,0.0,0.591363636364,0.076136363636,0.01875,0.0,repair5g59_high_beta_cap_safe,0.070710678119,0.070710678119,0.068322613158,0.086842105263,-0.032894736842,0.059210526316,0.111842105263,-0.048947368421,0.002631578947,0.151315789474,0.032894736842,-0.026315789474,0.029166666667,0.008333333333,0.0,0.029166666667,-0.05,0.004166666667,-0.020833333333,0.0,0.0
random-32-32-20|a50|s152|it0|14650fb0739d0383,random-32-32-20,50,152,0,14650fb0739d0383,repair5g521_grid_c1p25_b1p25_f1p00_w0p75_dc0p95_df0p95_beta0p55_max0p75_c0,g521_second_wave,high_beta,g521_second_wave,1.15131022823,True,False,False,False,False,False,False,False,False,False,False,False,False,False,0.0,0.01944209636,False,False,1.25,1.25,1.0,0.75,0.95,0.95,0.55,0.75,False,False,False,False,False,False,50.0,3.931825632724,0.0,2389.0,47.78,7.779048644926,0.0,0.0,1.0,0.0,0.0,0.0,2200.0,134.0,55.0,1301.0,899.0,0.060909090909,0.025,2.68,44.0,0.591363636364,0.0,0.0,0.0,0.0,0.0,2.0,2.0,0.0,50.0,3.9318256327243257,0.0,1.25,1.25,1.0,0.75,0.95,0.95,0.55,0.75,0.0,0.0,1.0,0.0,0.0,0.0,0.0,0.0,0.0,1.0,0.0,0.0,0.0,0.591363636364,0.076136363636,0.01875,0.0,repair5g59_high_beta_cap_safe,0.070710678119,0.070710678119,0.068322613158,0.086842105263,-0.032894736842,0.059210526316,0.111842105263,0.001052631579,-0.047368421053,0.151315789474,0.032894736842,-0.026315789474,0.029166666667,0.008333333333,0.0,0.029166666667,-0.0,-0.045833333333,-0.020833333333,0.0,0.0
random-32-32-20|a50|s152|it0|14650fb0739d0383,random-32-32-20,50,152,0,14650fb0739d0383,repair5g521_grid_c1p25_b1p25_f1p00_w0p75_dc1p00_df1p00_beta0p55_max0p75_c0,g521_second_wave,high_beta,g521_second_wave,1.15131022823,True,False,False,False,False,False,False,False,False,False,False,False,False,False,0.0,0.01944209636,False,False,1.25,1.25,1.0,0.75,1.0,1.0,0.55,0.75,False,False,False,False,False,False,50.0,3.931825632724,0.0,2389.0,47.78,7.779048644926,0.0,0.0,1.0,0.0,0.0,0.0,2200.0,134.0,55.0,1301.0,899.0,0.060909090909,0.025,2.68,44.0,0.591363636364,0.0,0.0,0.0,0.0,0.0,2.0,2.0,0.0,50.0,3.9318256327243257,0.0,1.25,1.25,1.0,0.75,1.0,1.0,0.55,0.75,0.0,0.0,1.0,0.0,0.0,0.0,0.0,0.0,0.0,1.0,0.0,0.0,0.0,0.591363636364,0.076136363636,0.01875,0.0,repair5g59_high_beta_cap_safe,0.070710678119,0.070710678119,0.068322613158,0.086842105263,-0.032894736842,0.059210526316,0.111842105263,0.051052631579,0.002631578947,0.151315789474,0.032894736842,-0.026315789474,0.029166666667,0.008333333333,0.0,0.029166666667,0.05,0.004166666667,-0.020833333333,0.0,0.0
random-32-32-20|a50|s155|it0|14650fb0739d0383,random-32-32-20,50,155,0,14650fb0739d0383,repair5g59_additive_fallback,old14,additive,old14,1.27879341865,True,False,False,False,False,False,False,False,False,False,False,False,False,False,0.12797074955,0.13162705668,True,False,,,,,,,,,,False,False,False,False,False,50.0,3.931825632724,0.0,2859.0,57.18,7.958576903814,0.0,0.0,1.0,0.0,0.0,0.0,2650.0,141.0,68.0,1204.0,1446.0,0.05320754717,0.025660377358,2.82,53.0,0.454339622642,0.0,0.0,0.0,0.0,0.0,2.0,2.0,0.0,50.0,3.9318256327243257,0.0,1.0,1.0,0.0,1.0,1.0,1.0,0.0,0.0,0.0,0.0,0.0,1.0,1.0,0.0,0.0,0.0,0.0,0.0,0.0,0.0,0.0,0.0,0.05320754717,0.025660377358,0.0,,,,0.0,-0.163157894737,-0.282894736842,-0.940789473684,0.361842105263,0.051052631579,0.002631578947,-0.398684210526,-0.717105263158,-0.026315789474,0.0,0.0,0.0,0.0,0.0,0.0,0.0,0.0,0.0
random-32-32-20|a50|s155|it0|14650fb0739d0383,random-32-32-20,50,155,0,14650fb0739d0383,repair5g59_block_heavy_flow_guard,old14,block_heavy,old14,1.17001828154,True,False,False,False,False,False,False,False,False,False,False,False,False,False,0.01919561244,0.02285191957,True,False,1.0,1.5,1.0,0.5,0.95,1.0,0.35,0.75,False,False,False,False,False,False,50.0,3.931825632724,0.0,2859.0,57.18,7.958576903814,0.0,0.0,1.0,0.0,0.0,0.0,2650.0,141.0,68.0,1204.0,1446.0,0.05320754717,0.025660377358,2.82,53.0,0.454339622642,0.0,0.0,0.0,0.0,0.0,2.0,2.0,0.0,50.0,3.9318256327243257,0.0,1.0,1.5,1.0,0.5,0.95,1.0,0.35,0.75,0.0,0.0,0.0,1.0,0.0,1.0,0.0,0.0,0.0,0.0,0.0,0.0,0.0,0.454339622642,0.079811320755,0.012830188679,0.0,repair5g59_block_heavy_flow_guard,0.0,0.0,0.0,-0.163157894737,0.217105263158,0.059210526316,-0.138157894737,0.001052631579,0.002631578947,-0.048684210526,0.032894736842,-0.026315789474,0.0875,-0.0125,0.0,0.04375,0.00625,0.0,-0.0375,0.0,0.0
random-32-32-20|a50|s155|it0|14650fb0739d0383,random-32-32-20,50,155,0,14650fb0739d0383,repair5g59_c_only_f_disabled,old14,static_boundary_c_only,old14,1.2449725777,True,False,False,False,False,False,False,False,False,False,False,False,False,False,0.0941499086,0.09780621573,True,False,1.25,1.25,0.0,0.75,0.95,1.0,0.0,0.0,True,False,False,False,False,False,50.0,3.931825632724,0.0,2859.0,57.18,7.958576903814,0.0,0.0,1.0,0.0,0.0,0.0,2650.0,141.0,68.0,1204.0,1446.0,0.05320754717,0.025660377358,2.82,53.0,0.454339622642,0.0,0.0,0.0,0.0,0.0,2.0,2.0,0.0,50.0,3.9318256327243257,0.0,1.25,1.25,0.0,0.75,0.95,1.0,0.0,0.0,1.0,0.0,0.0,1.0,0.0,0.0,0.0,0.0,0.0,0.0,0.0,1.0,0.0,0.0,0.066509433963,0.019245283018,0.0,repair5g59_c_only_f_disabled,0.0,0.0,0.0,0.086842105263,-0.032894736842,-0.940789473684,0.111842105263,0.001052631579,0.002631578947,-0.398684210526,-0.717105263158,0.973684210526,0.0,0.0,0.0,0.0,0.0,0.0,0.0,0.0,0.0
random-32-32-20|a50|s155|it0|14650fb0739d0383,random-32-32-20,50,155,0,14650fb0739d0383,repair5g59_commit_heavy_flow_guard,old14,commit_heavy,old14,1.17824497258,True,False,False,False,False,False,False,False,False,False,False,False,False,False,0.02742230348,0.03107861061,True,False,1.5,1.0,1.0,0.75,0.95,1.0,0.35,0.75,False,False,False,False,False,False,50.0,3.931825632724,0.0,2859.0,57.18,7.958576903814,0.0,0.0,1.0,0.0,0.0,0.0,2650.0,141.0,68.0,1204.0,1446.0,0.05320754717,0.025660377358,2.82,53.0,0.454339622642,0.0,0.0,0.0,0.0,0.0,2.0,2.0,0.0,50.0,3.9318256327243257,0.0,1.5,1.0,1.0,0.75,0.95,1.0,0.35,0.75,0.0,0.0,0.0,1.0,0.0,0.0,1.0,0.0,0.0,0.0,0.0,0.0,0.0,0.454339622642,0.05320754717,0.019245283018,0.0,repair5g59_commit_heavy_flow_guard,0.0,0.0,0.0,0.336842105263,-0.282894736842,0.059210526316,0.111842105263,0.001052631579,0.002631578947,-0.048684210526,0.032894736842,-0.026315789474,0.0,0.0,0.0,0.0,0.0,0.0,0.0,0.0,0.0
random-32-32-20|a50|s155|it0|14650fb0739d0383,random-32-32-20,50,155,0,14650fb0739d0383,repair5g59_fast_decay_low_shield,old14,flow_decay,old14,1.16544789762,True,False,False,False,False,False,False,False,False,False,False,False,False,False,0.01462522852,0.01828153565,True,False,1.25,1.25,1.0,0.75,0.9,1.0,0.2,0.5,False,False,False,False,False,False,50.0,3.931825632724,0.0,2859.0,57.18,7.958576903814,0.0,0.0,1.0,0.0,0.0,0.0,2650.0,141.0,68.0,1204.0,1446.0,0.05320754717,0.025660377358,2.82,53.0,0.454339622642,0.0,0.0,0.0,0.0,0.0,2.0,2.0,0.0,50.0,3.9318256327243257,0.0,1.25,1.25,1.0,0.75,0.9,1.0,0.2,0.5,0.0,0.0,0.0,1.0,0.0,0.0,0.0,1.0,0.0,0.0,0.0,0.0,0.0,0.454339622642,0.066509433963,0.019245283018,0.0,repair5g59_fast_decay_low_shield,0.0,0.0,0.0,0.086842105263,-0.032894736842,0.059210526316,0.111842105263,-0.048947368421,0.002631578947,-0.198684210526,-0.217105263158,-0.026315789474,0.05,0.05,0.05,0.0,-0.052,0.01,-0.1,-0.3,0.0
random-32-32-20|a50|s155|it0|14650fb0739d0383,random-32-32-20,50,155,0,14650fb0739d0383,repair5g59_flow_decay,old14,flow_decay,old14,1.1508226691,True,False,False,False,False,False,False,False,False,False,False,False,False,False,0.0,0.00365630713,False,False,1.25,1.25,1.0,0.75,0.95,0.95,0.35,0.75,False,False,False,False,False,False,50.0,3.931825632724,0.0,2859.0,57.18,7.958576903814,0.0,0.0,1.0,0.0,0.0,0.0,2650.0,141.0,68.0,1204.0,1446.0,0.05320754717,0.025660377358,2.82,53.0,0.454339622642,0.0,0.0,0.0,0.0,0.0,2.0,2.0,0.0,50.0,3.9318256327243257,0.0,1.25,1.25,1.0,0.75,0.95,0.95,0.35,0.75,0.0,0.0,0.0,1.0,0.0,0.0,0.0,1.0,0.0,0.0,0.0,0.0,0.0,0.454339622642,0.066509433963,0.019245283018,0.0,repair5g59_flow_decay,0.0,0.0,0.0,0.086842105263,-0.032894736842,0.059210526316,0.111842105263,0.001052631579,-0.047368421053,-0.048684210526,0.032894736842,-0.026315789474,0.05,0.05,0.05,0.0,-0.002,-0.04,0.05,-0.05,0.0
random-32-32-20|a50|s155|it0|14650fb0739d0383,random-32-32-20,50,155,0,14650fb0739d0383,repair5g59_high_beta_cap_safe,old14,high_beta,old14,1.15356489945,True,False,False,False,False,False,False,False,False,False,False,False,False,False,0.00274223035,0.00639853748,False,False,1.25,1.25,1.0,0.75,0.95,1.0,0.6,0.75,False,False,False,False,False,False,50.0,3.931825632724,0.0,2859.0,57.18,7.958576903814,0.0,0.0,1.0,0.0,0.0,0.0,2650.0,141.0,68.0,1204.0,1446.0,0.05320754717,0.025660377358,2.82,53.0,0.454339622642,0.0,0.0,0.0,0.0,0.0,2.0,2.0,0.0,50.0,3.9318256327243257,0.0,1.25,1.25,1.0,0.75,0.95,1.0,0.6,0.75,0.0,0.0,0.0,1.0,0.0,0.0,0.0,0.0,0.0,1.0,0.0,0.0,0.0,0.454339622642,0.066509433963,0.019245283018,0.0,repair5g59_high_beta_cap_safe,0.0,0.0,0.0,0.086842105263,-0.032894736842,0.059210526316,0.111842105263,0.001052631579,0.002631578947,0.201315789474,0.032894736842,-0.026315789474,0.029166666667,0.008333333333,0.0,0.029166666667,-0.0,0.004166666667,0.029166666667,0.0,0.0
random-32-32-20|a50|s155|it0|14650fb0739d0383,random-32-32-20,50,155,0,14650fb0739d0383,repair5g59_light_cong_light_flow,old14,flow_decay,old14,1.19835466179,True,False,False,False,False,False,False,False,False,False,False,False,False,False,0.04753199269,0.05118829982,True,False,1.0,1.0,0.75,0.75,0.98,1.0,0.25,0.5,False,False,False,False,False,False,50.0,3.931825632724,0.0,2859.0,57.18,7.958576903814,0.0,0.0,1.0,0.0,0.0,0.0,2650.0,141.0,68.0,1204.0,1446.0,0.05320754717,0.025660377358,2.82,53.0,0.454339622642,0.0,0.0,0.0,0.0,0.0,2.0,2.0,0.0,50.0,3.9318256327243257,0.0,1.0,1.0,0.75,0.75,0.98,1.0,0.25,0.5,0.0,0.0,0.0,1.0,0.0,0.0,0.0,1.0,0.0,0.0,0.0,0.0,0.0,0.340754716982,0.05320754717,0.019245283018,0.0,repair5g59_light_cong_light_flow,0.0,0.0,0.0,-0.163157894737,-0.282894736842,-0.190789473684,0.111842105263,0.031052631579,0.002631578947,-0.148684210526,-0.217105263158,-0.026315789474,-0.2,-0.2,-0.2,0.0,0.028,0.01,-0.05,-0.3,0.0
random-32-32-20|a50|s155|it0|14650fb0739d0383,random-32-32-20,50,155,0,14650fb0739d0383,repair5g59_low_beta_high_cap,old14,flow_decay,old14,1.17001828154,True,False,False,False,False,False,False,False,False,False,False,False,False,False,0.01919561244,0.02285191957,True,False,1.25,1.25,1.0,0.75,0.95,1.0,0.2,1.25,False,False,False,False,False,False,50.0,3.931825632724,0.0,2859.0,57.18,7.958576903814,0.0,0.0,1.0,0.0,0.0,0.0,2650.0,141.0,68.0,1204.0,1446.0,0.05320754717,0.025660377358,2.82,53.0,0.454339622642,0.0,0.0,0.0,0.0,0.0,2.0,2.0,0.0,50.0,3.9318256327243257,0.0,1.25,1.25,1.0,0.75,0.95,1.0,0.2,1.25,0.0,0.0,0.0,1.0,0.0,0.0,0.0,1.0,0.0,0.0,0.0,0.0,0.0,0.454339622642,0.066509433963,0.019245283018,0.0,repair5g59_low_beta_high_cap,0.0,0.0,0.0,0.086842105263,-0.032894736842,0.059210526316,0.111842105263,0.001052631579,0.002631578947,-0.198684210526,0.532894736842,-0.026315789474,0.05,0.05,0.05,0.0,-0.002,0.01,-0.1,0.45,0.0
random-32-32-20|a50|s155|it0|14650fb0739d0383,random-32-32-20,50,155,0,14650fb0739d0383,repair5g59_slow_decay_high_shield,old14,flow_decay,old14,1.14716636197,True,False,False,False,False,False,False,False,False,False,False,False,False,False,-0.00365630713,0.0,False,False,1.25,1.25,1.0,0.75,0.98,1.0,0.5,1.0,False,False,False,False,False,False,50.0,3.931825632724,0.0,2859.0,57.18,7.958576903814,0.0,0.0,1.0,0.0,0.0,0.0,2650.0,141.0,68.0,1204.0,1446.0,0.05320754717,0.025660377358,2.82,53.0,0.454339622642,0.0,0.0,0.0,0.0,0.0,2.0,2.0,0.0,50.0,3.9318256327243257,0.0,1.25,1.25,1.0,0.75,0.98,1.0,0.5,1.0,0.0,0.0,0.0,1.0,0.0,0.0,0.0,1.0,0.0,0.0,0.0,0.0,0.0,0.454339622642,0.066509433963,0.019245283018,0.0,repair5g59_slow_decay_high_shield,0.0,0.0,0.0,0.086842105263,-0.032894736842,0.059210526316,0.111842105263,0.031052631579,0.002631578947,0.101315789474,0.282894736842,-0.026315789474,0.05,0.05,0.05,0.0,0.028,0.01,0.2,0.2,0.0
random-32-32-20|a50|s155|it0|14650fb0739d0383,random-32-32-20,50,155,0,14650fb0739d0383,repair5g59_static_abstain_candidate,old14,static,old14,1.1508226691,True,False,False,False,False,False,False,False,False,False,False,False,False,False,0.0,0.00365630713,False,False,1.25,1.25,1.0,0.75,0.95,1.0,0.35,0.75,False,False,False,False,False,False,50.0,3.931825632724,0.0,2859.0,57.18,7.958576903814,0.0,0.0,1.0,0.0,0.0,0.0,2650.0,141.0,68.0,1204.0,1446.0,0.05320754717,0.025660377358,2.82,53.0,0.454339622642,0.0,0.0,0.0,0.0,0.0,2.0,2.0,0.0,50.0,3.9318256327243257,0.0,1.25,1.25,1.0,0.75,0.95,1.0,0.35,0.75,0.0,0.0,0.0,1.0,0.0,0.0,0.0,0.0,0.0,0.0,1.0,0.0,0.0,0.454339622642,0.066509433963,0.019245283018,0.0,repair5g59_static_abstain_candidate,0.0,0.0,0.0,0.086842105263,-0.032894736842,0.059210526316,0.111842105263,0.001052631579,0.002631578947,-0.048684210526,0.032894736842,-0.026315789474,0.0,0.0,0.0,0.0,0.0,0.0,0.0,0.0,0.0
random-32-32-20|a50|s155|it0|14650fb0739d0383,random-32-32-20,50,155,0,14650fb0739d0383,repair5g59_static_flow_shield,old14,static,old14,1.1508226691,True,False,False,False,False,False,False,False,False,False,False,False,False,False,0.0,0.00365630713,False,False,1.25,1.25,1.0,0.75,0.95,1.0,0.35,0.75,False,False,False,False,False,False,50.0,3.931825632724,0.0,2859.0,57.18,7.958576903814,0.0,0.0,1.0,0.0,0.0,0.0,2650.0,141.0,68.0,1204.0,1446.0,0.05320754717,0.025660377358,2.82,53.0,0.454339622642,0.0,0.0,0.0,0.0,0.0,2.0,2.0,0.0,50.0,3.9318256327243257,0.0,1.25,1.25,1.0,0.75,0.95,1.0,0.35,0.75,0.0,0.0,0.0,1.0,0.0,0.0,0.0,0.0,0.0,0.0,1.0,0.0,0.0,0.454339622642,0.066509433963,0.019245283018,0.0,repair5g59_static_abstain_candidate,0.0,0.0,0.0,0.086842105263,-0.032894736842,0.059210526316,0.111842105263,0.001052631579,0.002631578947,-0.048684210526,0.032894736842,-0.026315789474,0.0,0.0,0.0,0.0,0.0,0.0,0.0,0.0,0.0
random-32-32-20|a50|s155|it0|14650fb0739d0383,random-32-32-20,50,155,0,14650fb0739d0383,repair5g59_wait_aggressive,old14,flow_shield,old14,1.15996343693,True,False,False,False,False,False,False,False,False,False,False,False,False,False,0.00914076783,0.01279707496,True,False,1.25,1.25,1.0,1.0,0.95,1.0,0.35,0.75,False,False,False,False,False,False,50.0,3.931825632724,0.0,2859.0,57.18,7.958576903814,0.0,0.0,1.0,0.0,0.0,0.0,2650.0,141.0,68.0,1204.0,1446.0,0.05320754717,0.025660377358,2.82,53.0,0.454339622642,0.0,0.0,0.0,0.0,0.0,2.0,2.0,0.0,50.0,3.9318256327243257,0.0,1.25,1.25,1.0,1.0,0.95,1.0,0.35,0.75,0.0,0.0,0.0,1.0,0.0,0.0,0.0,0.0,1.0,0.0,0.0,0.0,0.0,0.454339622642,0.066509433963,0.025660377358,0.0,repair5g59_wait_aggressive,0.0,0.0,0.0,0.086842105263,-0.032894736842,0.059210526316,0.361842105263,0.001052631579,0.002631578947,-0.048684210526,0.032894736842,-0.026315789474,0.0,0.0,0.0,0.0,0.0,0.0,0.0,0.0,0.0
random-32-32-20|a50|s155|it0|14650fb0739d0383,random-32-32-20,50,155,0,14650fb0739d0383,repair5g59_wait_conservative,old14,wait_conservative,old14,1.18190127971,True,False,False,False,False,False,False,False,False,False,False,False,False,False,0.03107861061,0.03473491774,True,False,1.25,1.25,1.0,0.5,0.95,1.0,0.35,0.75,False,False,False,False,False,False,50.0,3.931825632724,0.0,2859.0,57.18,7.958576903814,0.0,0.0,1.0,0.0,0.0,0.0,2650.0,141.0,68.0,1204.0,1446.0,0.05320754717,0.025660377358,2.82,53.0,0.454339622642,0.0,0.0,0.0,0.0,0.0,2.0,2.0,0.0,50.0,3.9318256327243257,0.0,1.25,1.25,1.0,0.5,0.95,1.0,0.35,0.75,0.0,0.0,0.0,1.0,0.0,0.0,0.0,0.0,0.0,0.0,0.0,0.0,1.0,0.454339622642,0.066509433963,0.012830188679,0.0,repair5g59_wait_conservative,0.0,0.0,0.0,0.086842105263,-0.032894736842,0.059210526316,-0.138157894737,0.001052631579,0.002631578947,-0.048684210526,0.032894736842,-0.026315789474,0.0,0.0,0.0,0.042857142857,0.007142857143,0.0,0.021428571429,0.0,0.0
random-32-32-20|a50|s155|it0|14650fb0739d0383,random-32-32-20,50,155,0,14650fb0739d0383,repair5g518_grid_c1p25_b1p25_f1p00_w0p50_dc0p95_df1p00_beta0p35_max0p75_c0,g518_retained,wait_conservative,g518_retained,1.18190127971,True,False,False,False,False,False,False,False,False,False,False,False,False,False,0.03107861061,0.03473491774,True,False,1.25,1.25,1.0,0.5,0.95,1.0,0.35,0.75,False,False,False,False,False,False,50.0,3.931825632724,0.0,2859.0,57.18,7.958576903814,0.0,0.0,1.0,0.0,0.0,0.0,2650.0,141.0,68.0,1204.0,1446.0,0.05320754717,0.025660377358,2.82,53.0,0.454339622642,0.0,0.0,0.0,0.0,0.0,2.0,2.0,0.0,50.0,3.9318256327243257,0.0,1.25,1.25,1.0,0.5,0.95,1.0,0.35,0.75,0.0,1.0,0.0,0.0,0.0,0.0,0.0,0.0,0.0,0.0,0.0,0.0,1.0,0.454339622642,0.066509433963,0.012830188679,0.0,repair5g59_wait_conservative,0.0,0.0,0.0,0.086842105263,-0.032894736842,0.059210526316,-0.138157894737,0.001052631579,0.002631578947,-0.048684210526,0.032894736842,-0.026315789474,0.0,0.0,0.0,0.042857142857,0.007142857143,0.0,0.021428571429,0.0,0.0
random-32-32-20|a50|s155|it0|14650fb0739d0383,random-32-32-20,50,155,0,14650fb0739d0383,repair5g518_grid_c1p20_b1p35_f1p00_w0p70_dc0p95_df1p00_beta0p60_max0p75_c0,g518_retained,high_beta,g518_retained,1.14625228519,True,False,False,False,True,False,False,False,False,False,True,False,False,False,-0.00457038391,-0.00091407678,False,False,1.2,1.35,1.0,0.7,0.95,1.0,0.6,0.75,False,False,False,False,False,False,50.0,3.931825632724,0.0,2859.0,57.18,7.958576903814,0.0,0.0,1.0,0.0,0.0,0.0,2650.0,141.0,68.0,1204.0,1446.0,0.05320754717,0.025660377358,2.82,53.0,0.454339622642,0.0,0.0,0.0,0.0,0.0,2.0,2.0,0.0,50.0,3.9318256327243257,0.0,1.2,1.35,1.0,0.7,0.95,1.0,0.6,0.75,0.0,1.0,0.0,0.0,0.0,0.0,0.0,0.0,0.0,1.0,0.0,0.0,0.0,0.454339622642,0.07183018868,0.017962264151,0.0,repair5g59_high_beta_cap_safe,0.122474487139,0.122474487139,0.115535611769,0.036842105263,0.067105263158,0.059210526316,0.061842105263,0.001052631579,0.002631578947,0.201315789474,0.032894736842,-0.026315789474,-0.020833333333,0.108333333333,0.0,-0.020833333333,-0.0,0.004166666667,0.029166666667,0.0,0.0
random-32-32-20|a50|s155|it0|14650fb0739d0383,random-32-32-20,50,155,0,14650fb0739d0383,repair5g518_grid_c0p90_b1p50_f1p00_w0p45_dc0p95_df1p00_beta0p45_max0p75_c0,g518_retained,block_heavy,g518_retained,1.14899451554,True,False,False,False,False,False,False,False,False,False,False,False,False,False,-0.00182815356,0.00182815357,False,False,0.9,1.5,1.0,0.45,0.95,1.0,0.45,0.75,False,False,False,False,False,False,50.0,3.931825632724,0.0,2859.0,57.18,7.958576903814,0.0,0.0,1.0,0.0,0.0,0.0,2650.0,141.0,68.0,1204.0,1446.0,0.05320754717,0.025660377358,2.82,53.0,0.454339622642,0.0,0.0,0.0,0.0,0.0,2.0,2.0,0.0,50.0,3.9318256327243257,0.0,0.9,1.5,1.0,0.45,0.95,1.0,0.45,0.75,0.0,1.0,0.0,0.0,0.0,1.0,0.0,0.0,0.0,0.0,0.0,0.0,0.0,0.454339622642,0.079811320755,0.011547169811,0.0,repair5g59_block_heavy_flow_guard,0.15,0.15,0.139761942375,-0.263157894737,0.217105263158,0.059210526316,-0.188157894737,0.001052631579,0.002631578947,0.051315789474,0.032894736842,-0.026315789474,-0.0125,-0.0125,0.0,-0.00625,0.00625,0.0,0.0625,0.0,0.0
random-32-32-20|a50|s155|it0|14650fb0739d0383,random-32-32-20,50,155,0,14650fb0739d0383,repair5g518_grid_c1p25_b1p25_f1p00_w0p35_dc0p95_df1p00_beta0p30_max0p75_c0,g518_retained,wait_conservative,g518_retained,1.16910420475,True,False,False,False,False,False,False,False,False,False,False,False,False,False,0.01828153565,0.02193784278,True,False,1.25,1.25,1.0,0.35,0.95,1.0,0.3,0.75,False,False,False,False,False,False,50.0,3.931825632724,0.0,2859.0,57.18,7.958576903814,0.0,0.0,1.0,0.0,0.0,0.0,2650.0,141.0,68.0,1204.0,1446.0,0.05320754717,0.025660377358,2.82,53.0,0.454339622642,0.0,0.0,0.0,0.0,0.0,2.0,2.0,0.0,50.0,3.9318256327243257,0.0,1.25,1.25,1.0,0.35,0.95,1.0,0.3,0.75,0.0,1.0,0.0,0.0,0.0,0.0,0.0,0.0,0.0,0.0,0.0,0.0,1.0,0.454339622642,0.066509433963,0.008981132075,0.0,repair5g59_wait_conservative,0.158113883008,0.158113883008,0.146792718882,0.086842105263,-0.032894736842,0.059210526316,-0.288157894737,0.001052631579,0.002631578947,-0.098684210526,0.032894736842,-0.026315789474,0.0,0.0,0.0,-0.107142857143,0.007142857143,0.0,-0.028571428571,0.0,0.0
random-32-32-20|a50|s155|it0|14650fb0739d0383,random-32-32-20,50,155,0,14650fb0739d0383,repair5g518_grid_c0p90_b1p40_f1p00_w0p45_dc0p95_df1p00_beta0p35_max0p75_c0,g518_retained,block_heavy,g518_retained,1.16087751371,True,False,False,False,False,False,False,False,False,False,False,False,False,False,0.01005484461,0.01371115174,True,False,0.9,1.4,1.0,0.45,0.95,1.0,0.35,0.75,False,False,False,False,False,False,50.0,3.931825632724,0.0,2859.0,57.18,7.958576903814,0.0,0.0,1.0,0.0,0.0,0.0,2650.0,141.0,68.0,1204.0,1446.0,0.05320754717,0.025660377358,2.82,53.0,0.454339622642,0.0,0.0,0.0,0.0,0.0,2.0,2.0,0.0,50.0,3.9318256327243257,0.0,0.9,1.4,1.0,0.45,0.95,1.0,0.35,0.75,0.0,1.0,0.0,0.0,0.0,1.0,0.0,0.0,0.0,0.0,0.0,0.0,0.0,0.454339622642,0.074490566038,0.011547169811,0.0,repair5g59_block_heavy_flow_guard,0.15,0.15,0.139761942375,-0.263157894737,0.117105263158,0.059210526316,-0.188157894737,0.001052631579,0.002631578947,-0.048684210526,0.032894736842,-0.026315789474,-0.0125,-0.1125,0.0,-0.00625,0.00625,0.0,-0.0375,0.0,0.0
random-32-32-20|a50|s155|it0|14650fb0739d0383,random-32-32-20,50,155,0,14650fb0739d0383,repair5g518_grid_c1p20_b1p15_f1p00_w0p70_dc0p95_df1p00_beta0p60_max0p75_c0,g518_retained,high_beta,g518_retained,1.16361974406,True,False,False,False,False,False,False,False,False,False,False,False,False,False,0.01279707496,0.01645338209,True,False,1.2,1.15,1.0,0.7,0.95,1.0,0.6,0.75,False,False,False,False,False,False,50.0,3.931825632724,0.0,2859.0,57.18,7.958576903814,0.0,0.0,1.0,0.0,0.0,0.0,2650.0,141.0,68.0,1204.0,1446.0,0.05320754717,0.025660377358,2.82,53.0,0.454339622642,0.0,0.0,0.0,0.0,0.0,2.0,2.0,0.0,50.0,3.9318256327243257,0.0,1.2,1.15,1.0,0.7,0.95,1.0,0.6,0.75,0.0,1.0,0.0,0.0,0.0,0.0,0.0,0.0,0.0,1.0,0.0,0.0,0.0,0.454339622642,0.061188679245,0.017962264151,0.0,repair5g59_high_beta_cap_safe,0.122474487139,0.122474487139,0.115535611769,0.036842105263,-0.132894736842,0.059210526316,0.061842105263,0.001052631579,0.002631578947,0.201315789474,0.032894736842,-0.026315789474,-0.020833333333,-0.091666666667,0.0,-0.020833333333,-0.0,0.004166666667,0.029166666667,0.0,0.0
random-32-32-20|a50|s155|it0|14650fb0739d0383,random-32-32-20,50,155,0,14650fb0739d0383,repair5g518_grid_c0p90_b1p65_f1p00_w0p45_dc0p95_df1p00_beta0p35_max0p75_c0,g518_retained,block_heavy,g518_retained,1.15904936015,True,False,False,False,False,False,False,False,False,False,False,False,False,False,0.00822669105,0.01188299818,True,False,0.9,1.65,1.0,0.45,0.95,1.0,0.35,0.75,False,False,False,False,False,False,50.0,3.931825632724,0.0,2859.0,57.18,7.958576903814,0.0,0.0,1.0,0.0,0.0,0.0,2650.0,141.0,68.0,1204.0,1446.0,0.05320754717,0.025660377358,2.82,53.0,0.454339622642,0.0,0.0,0.0,0.0,0.0,2.0,2.0,0.0,50.0,3.9318256327243257,0.0,0.9,1.65,1.0,0.45,0.95,1.0,0.35,0.75,0.0,1.0,0.0,0.0,0.0,1.0,0.0,0.0,0.0,0.0,0.0,0.0,0.0,0.454339622642,0.08779245283,0.011547169811,0.0,repair5g59_block_heavy_flow_guard,0.187082869339,0.187082869339,0.171498927292,-0.263157894737,0.367105263158,0.059210526316,-0.188157894737,0.001052631579,0.002631578947,-0.048684210526,0.032894736842,-0.026315789474,-0.0125,0.1375,0.0,-0.00625,0.00625,0.0,-0.0375,0.0,0.0
random-32-32-20|a50|s155|it0|14650fb0739d0383,random-32-32-20,50,155,0,14650fb0739d0383,repair5g518_grid_c1p20_b1p15_f1p00_w0p70_dc0p95_df1p00_beta0p55_max0p75_c0,g518_retained,high_beta,g518_retained,1.16361974406,True,False,False,False,False,False,False,False,False,False,False,False,False,False,0.01279707496,0.01645338209,True,False,1.2,1.15,1.0,0.7,0.95,1.0,0.55,0.75,False,False,False,False,False,False,50.0,3.931825632724,0.0,2859.0,57.18,7.958576903814,0.0,0.0,1.0,0.0,0.0,0.0,2650.0,141.0,68.0,1204.0,1446.0,0.05320754717,0.025660377358,2.82,53.0,0.454339622642,0.0,0.0,0.0,0.0,0.0,2.0,2.0,0.0,50.0,3.9318256327243257,0.0,1.2,1.15,1.0,0.7,0.95,1.0,0.55,0.75,0.0,1.0,0.0,0.0,0.0,0.0,0.0,0.0,0.0,1.0,0.0,0.0,0.0,0.454339622642,0.061188679245,0.017962264151,0.0,repair5g59_high_beta_cap_safe,0.132287565553,0.132287565553,0.124239980694,0.036842105263,-0.132894736842,0.059210526316,0.061842105263,0.001052631579,0.002631578947,0.151315789474,0.032894736842,-0.026315789474,-0.020833333333,-0.091666666667,0.0,-0.020833333333,-0.0,0.004166666667,-0.020833333333,0.0,0.0
random-32-32-20|a50|s155|it0|14650fb0739d0383,random-32-32-20,50,155,0,14650fb0739d0383,repair5g521_grid_c0p90_b1p50_f1p00_w0p45_dc0p95_df1p00_beta0p45_max0p75_c0,g521_second_wave,block_heavy,g521_second_wave,1.14899451554,True,False,False,False,False,False,False,False,False,False,False,False,False,False,-0.00182815356,0.00182815357,False,False,0.9,1.5,1.0,0.45,0.95,1.0,0.45,0.75,False,False,False,False,False,False,50.0,3.931825632724,0.0,2859.0,57.18,7.958576903814,0.0,0.0,1.0,0.0,0.0,0.0,2650.0,141.0,68.0,1204.0,1446.0,0.05320754717,0.025660377358,2.82,53.0,0.454339622642,0.0,0.0,0.0,0.0,0.0,2.0,2.0,0.0,50.0,3.9318256327243257,0.0,0.9,1.5,1.0,0.45,0.95,1.0,0.45,0.75,0.0,0.0,1.0,0.0,0.0,1.0,0.0,0.0,0.0,0.0,0.0,0.0,0.0,0.454339622642,0.079811320755,0.011547169811,0.0,repair5g59_block_heavy_flow_guard,0.15,0.15,0.139761942375,-0.263157894737,0.217105263158,0.059210526316,-0.188157894737,0.001052631579,0.002631578947,0.051315789474,0.032894736842,-0.026315789474,-0.0125,-0.0125,0.0,-0.00625,0.00625,0.0,0.0625,0.0,0.0
random-32-32-20|a50|s155|it0|14650fb0739d0383,random-32-32-20,50,155,0,14650fb0739d0383,repair5g521_grid_c0p90_b1p40_f1p00_w0p45_dc0p95_df1p00_beta0p35_max0p75_c0,g521_second_wave,block_heavy,g521_second_wave,1.16087751371,True,False,False,False,False,False,False,False,False,False,False,False,False,False,0.01005484461,0.01371115174,True,False,0.9,1.4,1.0,0.45,0.95,1.0,0.35,0.75,False,False,False,False,False,False,50.0,3.931825632724,0.0,2859.0,57.18,7.958576903814,0.0,0.0,1.0,0.0,0.0,0.0,2650.0,141.0,68.0,1204.0,1446.0,0.05320754717,0.025660377358,2.82,53.0,0.454339622642,0.0,0.0,0.0,0.0,0.0,2.0,2.0,0.0,50.0,3.9318256327243257,0.0,0.9,1.4,1.0,0.45,0.95,1.0,0.35,0.75,0.0,0.0,1.0,0.0,0.0,1.0,0.0,0.0,0.0,0.0,0.0,0.0,0.0,0.454339622642,0.074490566038,0.011547169811,0.0,repair5g59_block_heavy_flow_guard,0.15,0.15,0.139761942375,-0.263157894737,0.117105263158,0.059210526316,-0.188157894737,0.001052631579,0.002631578947,-0.048684210526,0.032894736842,-0.026315789474,-0.0125,-0.1125,0.0,-0.00625,0.00625,0.0,-0.0375,0.0,0.0
random-32-32-20|a50|s155|it0|14650fb0739d0383,random-32-32-20,50,155,0,14650fb0739d0383,repair5g521_grid_c0p90_b1p65_f1p00_w0p45_dc0p95_df1p00_beta0p35_max0p75_c0,g521_second_wave,block_heavy,g521_second_wave,1.15904936015,True,False,False,False,False,False,False,False,False,False,False,False,False,False,0.00822669105,0.01188299818,True,False,0.9,1.65,1.0,0.45,0.95,1.0,0.35,0.75,False,False,False,False,False,False,50.0,3.931825632724,0.0,2859.0,57.18,7.958576903814,0.0,0.0,1.0,0.0,0.0,0.0,2650.0,141.0,68.0,1204.0,1446.0,0.05320754717,0.025660377358,2.82,53.0,0.454339622642,0.0,0.0,0.0,0.0,0.0,2.0,2.0,0.0,50.0,3.9318256327243257,0.0,0.9,1.65,1.0,0.45,0.95,1.0,0.35,0.75,0.0,0.0,1.0,0.0,0.0,1.0,0.0,0.0,0.0,0.0,0.0,0.0,0.0,0.454339622642,0.08779245283,0.011547169811,0.0,repair5g59_block_heavy_flow_guard,0.187082869339,0.187082869339,0.171498927292,-0.263157894737,0.367105263158,0.059210526316,-0.188157894737,0.001052631579,0.002631578947,-0.048684210526,0.032894736842,-0.026315789474,-0.0125,0.1375,0.0,-0.00625,0.00625,0.0,-0.0375,0.0,0.0
random-32-32-20|a50|s155|it0|14650fb0739d0383,random-32-32-20,50,155,0,14650fb0739d0383,repair5g521_grid_c0p90_b1p50_f1p00_w0p45_dc0p90_df1p00_beta0p45_max0p75_c0,g521_second_wave,block_heavy,g521_second_wave,1.14899451554,True,False,False,False,False,False,False,False,False,False,False,False,False,False,-0.00182815356,0.00182815357,False,False,0.9,1.5,1.0,0.45,0.9,1.0,0.45,0.75,False,False,False,False,False,False,50.0,3.931825632724,0.0,2859.0,57.18,7.958576903814,0.0,0.0,1.0,0.0,0.0,0.0,2650.0,141.0,68.0,1204.0,1446.0,0.05320754717,0.025660377358,2.82,53.0,0.454339622642,0.0,0.0,0.0,0.0,0.0,2.0,2.0,0.0,50.0,3.9318256327243257,0.0,0.9,1.5,1.0,0.45,0.9,1.0,0.45,0.75,0.0,0.0,1.0,0.0,0.0,1.0,0.0,0.0,0.0,0.0,0.0,0.0,0.0,0.454339622642,0.079811320755,0.011547169811,0.0,repair5g59_block_heavy_flow_guard,0.158113883008,0.158113883008,0.146792718882,-0.263157894737,0.217105263158,0.059210526316,-0.188157894737,-0.048947368421,0.002631578947,0.051315789474,0.032894736842,-0.026315789474,-0.0125,-0.0125,0.0,-0.00625,-0.04375,0.0,0.0625,0.0,0.0
random-32-32-20|a50|s155|it0|14650fb0739d0383,random-32-32-20,50,155,0,14650fb0739d0383,repair5g521_grid_c1p20_b1p35_f1p00_w0p70_dc0p95_df1p00_beta0p60_max0p75_c0,g521_second_wave,high_beta,g521_second_wave,1.14625228519,True,False,False,False,False,False,False,False,False,False,False,False,False,False,-0.00457038391,-0.00091407678,False,False,1.2,1.35,1.0,0.7,0.95,1.0,0.6,0.75,False,False,False,False,False,False,50.0,3.931825632724,0.0,2859.0,57.18,7.958576903814,0.0,0.0,1.0,0.0,0.0,0.0,2650.0,141.0,68.0,1204.0,1446.0,0.05320754717,0.025660377358,2.82,53.0,0.454339622642,0.0,0.0,0.0,0.0,0.0,2.0,2.0,0.0,50.0,3.9318256327243257,0.0,1.2,1.35,1.0,0.7,0.95,1.0,0.6,0.75,0.0,0.0,1.0,0.0,0.0,0.0,0.0,0.0,0.0,1.0,0.0,0.0,0.0,0.454339622642,0.07183018868,0.017962264151,0.0,repair5g59_high_beta_cap_safe,0.122474487139,0.122474487139,0.115535611769,0.036842105263,0.067105263158,0.059210526316,0.061842105263,0.001052631579,0.002631578947,0.201315789474,0.032894736842,-0.026315789474,-0.020833333333,0.108333333333,0.0,-0.020833333333,-0.0,0.004166666667,0.029166666667,0.0,0.0
random-32-32-20|a50|s155|it0|14650fb0739d0383,random-32-32-20,50,155,0,14650fb0739d0383,repair5g521_grid_c1p20_b1p15_f1p00_w0p70_dc0p95_df1p00_beta0p60_max0p75_c0,g521_second_wave,high_beta,g521_second_wave,1.16361974406,True,False,False,False,False,False,False,False,False,False,False,False,False,False,0.01279707496,0.01645338209,True,False,1.2,1.15,1.0,0.7,0.95,1.0,0.6,0.75,False,False,False,False,False,False,50.0,3.931825632724,0.0,2859.0,57.18,7.958576903814,0.0,0.0,1.0,0.0,0.0,0.0,2650.0,141.0,68.0,1204.0,1446.0,0.05320754717,0.025660377358,2.82,53.0,0.454339622642,0.0,0.0,0.0,0.0,0.0,2.0,2.0,0.0,50.0,3.9318256327243257,0.0,1.2,1.15,1.0,0.7,0.95,1.0,0.6,0.75,0.0,0.0,1.0,0.0,0.0,0.0,0.0,0.0,0.0,1.0,0.0,0.0,0.0,0.454339622642,0.061188679245,0.017962264151,0.0,repair5g59_high_beta_cap_safe,0.122474487139,0.122474487139,0.115535611769,0.036842105263,-0.132894736842,0.059210526316,0.061842105263,0.001052631579,0.002631578947,0.201315789474,0.032894736842,-0.026315789474,-0.020833333333,-0.091666666667,0.0,-0.020833333333,-0.0,0.004166666667,0.029166666667,0.0,0.0
random-32-32-20|a50|s155|it0|14650fb0739d0383,random-32-32-20,50,155,0,14650fb0739d0383,repair5g521_grid_c1p20_b1p15_f1p00_w0p70_dc0p95_df1p00_beta0p55_max0p75_c0,g521_second_wave,high_beta,g521_second_wave,1.16361974406,True,False,False,False,False,False,False,False,False,False,False,False,False,False,0.01279707496,0.01645338209,True,False,1.2,1.15,1.0,0.7,0.95,1.0,0.55,0.75,False,False,False,False,False,False,50.0,3.931825632724,0.0,2859.0,57.18,7.958576903814,0.0,0.0,1.0,0.0,0.0,0.0,2650.0,141.0,68.0,1204.0,1446.0,0.05320754717,0.025660377358,2.82,53.0,0.454339622642,0.0,0.0,0.0,0.0,0.0,2.0,2.0,0.0,50.0,3.9318256327243257,0.0,1.2,1.15,1.0,0.7,0.95,1.0,0.55,0.75,0.0,0.0,1.0,0.0,0.0,0.0,0.0,0.0,0.0,1.0,0.0,0.0,0.0,0.454339622642,0.061188679245,0.017962264151,0.0,repair5g59_high_beta_cap_safe,0.132287565553,0.132287565553,0.124239980694,0.036842105263,-0.132894736842,0.059210526316,0.061842105263,0.001052631579,0.002631578947,0.151315789474,0.032894736842,-0.026315789474,-0.020833333333,-0.091666666667,0.0,-0.020833333333,-0.0,0.004166666667,-0.020833333333,0.0,0.0
random-32-32-20|a50|s155|it0|14650fb0739d0383,random-32-32-20,50,155,0,14650fb0739d0383,repair5g521_grid_c1p20_b1p35_f1p00_w0p70_dc0p95_df1p00_beta0p55_max0p75_c0,g521_second_wave,high_beta,g521_second_wave,1.14625228519,True,False,False,False,False,False,False,False,False,False,False,False,False,False,-0.00457038391,-0.00091407678,False,False,1.2,1.35,1.0,0.7,0.95,1.0,0.55,0.75,False,False,False,False,False,False,50.0,3.931825632724,0.0,2859.0,57.18,7.958576903814,0.0,0.0,1.0,0.0,0.0,0.0,2650.0,141.0,68.0,1204.0,1446.0,0.05320754717,0.025660377358,2.82,53.0,0.454339622642,0.0,0.0,0.0,0.0,0.0,2.0,2.0,0.0,50.0,3.9318256327243257,0.0,1.2,1.35,1.0,0.7,0.95,1.0,0.55,0.75,0.0,0.0,1.0,0.0,0.0,0.0,0.0,0.0,0.0,1.0,0.0,0.0,0.0,0.454339622642,0.07183018868,0.017962264151,0.0,repair5g59_high_beta_cap_safe,0.132287565553,0.132287565553,0.124239980694,0.036842105263,0.067105263158,0.059210526316,0.061842105263,0.001052631579,0.002631578947,0.151315789474,0.032894736842,-0.026315789474,-0.020833333333,0.108333333333,0.0,-0.020833333333,-0.0,0.004166666667,-0.020833333333,0.0,0.0
random-32-32-20|a50|s155|it0|14650fb0739d0383,random-32-32-20,50,155,0,14650fb0739d0383,repair5g521_grid_c1p25_b1p25_f1p00_w0p50_dc0p95_df1p00_beta0p35_max0p75_c0,g521_second_wave,wait_conservative,g521_second_wave,1.18190127971,True,False,False,False,False,False,False,False,False,False,False,False,False,False,0.03107861061,0.03473491774,True,False,1.25,1.25,1.0,0.5,0.95,1.0,0.35,0.75,False,False,False,False,False,False,50.0,3.931825632724,0.0,2859.0,57.18,7.958576903814,0.0,0.0,1.0,0.0,0.0,0.0,2650.0,141.0,68.0,1204.0,1446.0,0.05320754717,0.025660377358,2.82,53.0,0.454339622642,0.0,0.0,0.0,0.0,0.0,2.0,2.0,0.0,50.0,3.9318256327243257,0.0,1.25,1.25,1.0,0.5,0.95,1.0,0.35,0.75,0.0,0.0,1.0,0.0,0.0,0.0,0.0,0.0,0.0,0.0,0.0,0.0,1.0,0.454339622642,0.066509433963,0.012830188679,0.0,repair5g59_wait_conservative,0.0,0.0,0.0,0.086842105263,-0.032894736842,0.059210526316,-0.138157894737,0.001052631579,0.002631578947,-0.048684210526,0.032894736842,-0.026315789474,0.0,0.0,0.0,0.042857142857,0.007142857143,0.0,0.021428571429,0.0,0.0
random-32-32-20|a50|s155|it0|14650fb0739d0383,random-32-32-20,50,155,0,14650fb0739d0383,repair5g521_grid_c1p25_b1p25_f1p00_w0p35_dc0p95_df1p00_beta0p30_max0p75_c0,g521_second_wave,wait_conservative,g521_second_wave,1.16910420475,True,False,False,False,False,False,False,False,False,False,False,False,False,False,0.01828153565,0.02193784278,True,False,1.25,1.25,1.0,0.35,0.95,1.0,0.3,0.75,False,False,False,False,False,False,50.0,3.931825632724,0.0,2859.0,57.18,7.958576903814,0.0,0.0,1.0,0.0,0.0,0.0,2650.0,141.0,68.0,1204.0,1446.0,0.05320754717,0.025660377358,2.82,53.0,0.454339622642,0.0,0.0,0.0,0.0,0.0,2.0,2.0,0.0,50.0,3.9318256327243257,0.0,1.25,1.25,1.0,0.35,0.95,1.0,0.3,0.75,0.0,0.0,1.0,0.0,0.0,0.0,0.0,0.0,0.0,0.0,0.0,0.0,1.0,0.454339622642,0.066509433963,0.008981132075,0.0,repair5g59_wait_conservative,0.158113883008,0.158113883008,0.146792718882,0.086842105263,-0.032894736842,0.059210526316,-0.288157894737,0.001052631579,0.002631578947,-0.098684210526,0.032894736842,-0.026315789474,0.0,0.0,0.0,-0.107142857143,0.007142857143,0.0,-0.028571428571,0.0,0.0
random-32-32-20|a50|s155|it0|14650fb0739d0383,random-32-32-20,50,155,0,14650fb0739d0383,repair5g521_grid_c1p25_b1p25_f1p00_w0p50_dc0p90_df1p00_beta0p35_max0p75_c0,g521_second_wave,wait_conservative,g521_second_wave,1.18190127971,True,False,False,False,False,False,False,False,False,False,False,False,False,False,0.03107861061,0.03473491774,True,False,1.25,1.25,1.0,0.5,0.9,1.0,0.35,0.75,False,False,False,False,False,False,50.0,3.931825632724,0.0,2859.0,57.18,7.958576903814,0.0,0.0,1.0,0.0,0.0,0.0,2650.0,141.0,68.0,1204.0,1446.0,0.05320754717,0.025660377358,2.82,53.0,0.454339622642,0.0,0.0,0.0,0.0,0.0,2.0,2.0,0.0,50.0,3.9318256327243257,0.0,1.25,1.25,1.0,0.5,0.9,1.0,0.35,0.75,0.0,0.0,1.0,0.0,0.0,0.0,0.0,0.0,0.0,0.0,0.0,0.0,1.0,0.454339622642,0.066509433963,0.012830188679,0.0,repair5g59_wait_conservative,0.05,0.05,0.048790164169,0.086842105263,-0.032894736842,0.059210526316,-0.138157894737,-0.048947368421,0.002631578947,-0.048684210526,0.032894736842,-0.026315789474,0.0,0.0,0.0,0.042857142857,-0.042857142857,0.0,0.021428571429,0.0,0.0
random-32-32-20|a50|s155|it0|14650fb0739d0383,random-32-32-20,50,155,0,14650fb0739d0383,repair5g521_grid_c1p25_b1p25_f1p00_w0p50_dc0p95_df1p00_beta0p30_max0p75_c0,g521_second_wave,wait_conservative,g521_second_wave,1.1773308958,True,False,False,False,False,False,False,False,False,False,False,False,False,False,0.0265082267,0.03016453383,True,False,1.25,1.25,1.0,0.5,0.95,1.0,0.3,0.75,False,False,False,False,False,False,50.0,3.931825632724,0.0,2859.0,57.18,7.958576903814,0.0,0.0,1.0,0.0,0.0,0.0,2650.0,141.0,68.0,1204.0,1446.0,0.05320754717,0.025660377358,2.82,53.0,0.454339622642,0.0,0.0,0.0,0.0,0.0,2.0,2.0,0.0,50.0,3.9318256327243257,0.0,1.25,1.25,1.0,0.5,0.95,1.0,0.3,0.75,0.0,0.0,1.0,0.0,0.0,0.0,0.0,0.0,0.0,0.0,0.0,0.0,1.0,0.454339622642,0.066509433963,0.012830188679,0.0,repair5g59_wait_conservative,0.05,0.05,0.048790164169,0.086842105263,-0.032894736842,0.059210526316,-0.138157894737,0.001052631579,0.002631578947,-0.098684210526,0.032894736842,-0.026315789474,0.0,0.0,0.0,0.042857142857,0.007142857143,0.0,-0.028571428571,0.0,0.0
random-32-32-20|a50|s155|it0|14650fb0739d0383,random-32-32-20,50,155,0,14650fb0739d0383,repair5g521_grid_c1p25_b1p25_f1p00_w0p75_dc0p95_df1p00_beta0p55_max0p75_c0,g521_second_wave,high_beta,g521_second_wave,1.15356489945,True,False,False,False,False,False,False,False,False,False,False,False,False,False,0.00274223035,0.00639853748,False,False,1.25,1.25,1.0,0.75,0.95,1.0,0.55,0.75,False,False,False,False,False,False,50.0,3.931825632724,0.0,2859.0,57.18,7.958576903814,0.0,0.0,1.0,0.0,0.0,0.0,2650.0,141.0,68.0,1204.0,1446.0,0.05320754717,0.025660377358,2.82,53.0,0.454339622642,0.0,0.0,0.0,0.0,0.0,2.0,2.0,0.0,50.0,3.9318256327243257,0.0,1.25,1.25,1.0,0.75,0.95,1.0,0.55,0.75,0.0,0.0,1.0,0.0,0.0,0.0,0.0,0.0,0.0,1.0,0.0,0.0,0.0,0.454339622642,0.066509433963,0.019245283018,0.0,repair5g59_high_beta_cap_safe,0.05,0.05,0.048790164169,0.086842105263,-0.032894736842,0.059210526316,0.111842105263,0.001052631579,0.002631578947,0.151315789474,0.032894736842,-0.026315789474,0.029166666667,0.008333333333,0.0,0.029166666667,-0.0,0.004166666667,-0.020833333333,0.0,0.0
random-32-32-20|a50|s155|it0|14650fb0739d0383,random-32-32-20,50,155,0,14650fb0739d0383,repair5g521_grid_c1p25_b1p25_f1p00_w0p75_dc0p90_df1p00_beta0p55_max0p75_c0,g521_second_wave,high_beta,g521_second_wave,1.15356489945,True,False,False,False,False,False,False,False,False,False,False,False,False,False,0.00274223035,0.00639853748,False,False,1.25,1.25,1.0,0.75,0.9,1.0,0.55,0.75,False,False,False,False,False,False,50.0,3.931825632724,0.0,2859.0,57.18,7.958576903814,0.0,0.0,1.0,0.0,0.0,0.0,2650.0,141.0,68.0,1204.0,1446.0,0.05320754717,0.025660377358,2.82,53.0,0.454339622642,0.0,0.0,0.0,0.0,0.0,2.0,2.0,0.0,50.0,3.9318256327243257,0.0,1.25,1.25,1.0,0.75,0.9,1.0,0.55,0.75,0.0,0.0,1.0,0.0,0.0,0.0,0.0,0.0,0.0,1.0,0.0,0.0,0.0,0.454339622642,0.066509433963,0.019245283018,0.0,repair5g59_high_beta_cap_safe,0.070710678119,0.070710678119,0.068322613158,0.086842105263,-0.032894736842,0.059210526316,0.111842105263,-0.048947368421,0.002631578947,0.151315789474,0.032894736842,-0.026315789474,0.029166666667,0.008333333333,0.0,0.029166666667,-0.05,0.004166666667,-0.020833333333,0.0,0.0
random-32-32-20|a50|s155|it0|14650fb0739d0383,random-32-32-20,50,155,0,14650fb0739d0383,repair5g521_grid_c1p25_b1p25_f1p00_w0p75_dc0p95_df0p95_beta0p55_max0p75_c0,g521_second_wave,high_beta,g521_second_wave,1.15356489945,True,False,False,False,False,False,False,False,False,False,False,False,False,False,0.00274223035,0.00639853748,False,False,1.25,1.25,1.0,0.75,0.95,0.95,0.55,0.75,False,False,False,False,False,False,50.0,3.931825632724,0.0,2859.0,57.18,7.958576903814,0.0,0.0,1.0,0.0,0.0,0.0,2650.0,141.0,68.0,1204.0,1446.0,0.05320754717,0.025660377358,2.82,53.0,0.454339622642,0.0,0.0,0.0,0.0,0.0,2.0,2.0,0.0,50.0,3.9318256327243257,0.0,1.25,1.25,1.0,0.75,0.95,0.95,0.55,0.75,0.0,0.0,1.0,0.0,0.0,0.0,0.0,0.0,0.0,1.0,0.0,0.0,0.0,0.454339622642,0.066509433963,0.019245283018,0.0,repair5g59_high_beta_cap_safe,0.070710678119,0.070710678119,0.068322613158,0.086842105263,-0.032894736842,0.059210526316,0.111842105263,0.001052631579,-0.047368421053,0.151315789474,0.032894736842,-0.026315789474,0.029166666667,0.008333333333,0.0,0.029166666667,-0.0,-0.045833333333,-0.020833333333,0.0,0.0
random-32-32-20|a50|s155|it0|14650fb0739d0383,random-32-32-20,50,155,0,14650fb0739d0383,repair5g521_grid_c1p25_b1p25_f1p00_w0p75_dc1p00_df1p00_beta0p55_max0p75_c0,g521_second_wave,high_beta,g521_second_wave,1.15356489945,True,False,False,False,False,False,False,False,False,False,False,False,False,False,0.00274223035,0.00639853748,False,False,1.25,1.25,1.0,0.75,1.0,1.0,0.55,0.75,False,False,False,False,False,False,50.0,3.931825632724,0.0,2859.0,57.18,7.958576903814,0.0,0.0,1.0,0.0,0.0,0.0,2650.0,141.0,68.0,1204.0,1446.0,0.05320754717,0.025660377358,2.82,53.0,0.454339622642,0.0,0.0,0.0,0.0,0.0,2.0,2.0,0.0,50.0,3.9318256327243257,0.0,1.25,1.25,1.0,0.75,1.0,1.0,0.55,0.75,0.0,0.0,1.0,0.0,0.0,0.0,0.0,0.0,0.0,1.0,0.0,0.0,0.0,0.454339622642,0.066509433963,0.019245283018,0.0,repair5g59_high_beta_cap_safe,0.070710678119,0.070710678119,0.068322613158,0.086842105263,-0.032894736842,0.059210526316,0.111842105263,0.051052631579,0.002631578947,0.151315789474,0.032894736842,-0.026315789474,0.029166666667,0.008333333333,0.0,0.029166666667,0.05,0.004166666667,-0.020833333333,0.0,0.0
warehouse-10-20-10-2-1|a50|s146|it0|14650fb0739d0383,warehouse-10-20-10-2-1,50,146,0,14650fb0739d0383,repair5g59_additive_fallback,old14,additive,old14,,False,False,False,False,False,False,False,False,False,False,False,False,False,False,,,False,False,,,,,,,,,,False,False,False,False,False,50.0,3.931825632724,0.0,9749.0,194.98,9.185022563992,0.0,0.0,0.0,0.0,1.0,0.0,9100.0,438.0,211.0,5244.0,3856.0,0.048131868132,0.023186813187,8.76,182.0,0.576263736264,0.0,0.0,0.0,0.0,0.0,2.0,2.0,0.0,50.0,3.9318256327243257,0.0,1.0,1.0,0.0,1.0,1.0,1.0,0.0,0.0,0.0,0.0,0.0,1.0,1.0,0.0,0.0,0.0,0.0,0.0,0.0,0.0,0.0,0.0,0.048131868132,0.023186813187,0.0,,,,0.0,-0.163157894737,-0.282894736842,-0.940789473684,0.361842105263,0.051052631579,0.002631578947,-0.398684210526,-0.717105263158,-0.026315789474,0.0,0.0,0.0,0.0,0.0,0.0,0.0,0.0,0.0
warehouse-10-20-10-2-1|a50|s146|it0|14650fb0739d0383,warehouse-10-20-10-2-1,50,146,0,14650fb0739d0383,repair5g59_block_heavy_flow_guard,old14,block_heavy,old14,,False,False,False,False,False,False,False,False,False,False,False,False,False,False,,,False,False,1.0,1.5,1.0,0.5,0.95,1.0,0.35,0.75,False,False,False,False,False,False,50.0,3.931825632724,0.0,9749.0,194.98,9.185022563992,0.0,0.0,0.0,0.0,1.0,0.0,9100.0,438.0,211.0,5244.0,3856.0,0.048131868132,0.023186813187,8.76,182.0,0.576263736264,0.0,0.0,0.0,0.0,0.0,2.0,2.0,0.0,50.0,3.9318256327243257,0.0,1.0,1.5,1.0,0.5,0.95,1.0,0.35,0.75,0.0,0.0,0.0,1.0,0.0,1.0,0.0,0.0,0.0,0.0,0.0,0.0,0.0,0.576263736264,0.072197802198,0.011593406593,0.0,repair5g59_block_heavy_flow_guard,0.0,0.0,0.0,-0.163157894737,0.217105263158,0.059210526316,-0.138157894737,0.001052631579,0.002631578947,-0.048684210526,0.032894736842,-0.026315789474,0.0875,-0.0125,0.0,0.04375,0.00625,0.0,-0.0375,0.0,0.0
warehouse-10-20-10-2-1|a50|s146|it0|14650fb0739d0383,warehouse-10-20-10-2-1,50,146,0,14650fb0739d0383,repair5g59_c_only_f_disabled,old14,static_boundary_c_only,old14,,False,False,False,False,False,False,False,False,False,False,False,False,False,False,,,False,False,1.25,1.25,0.0,0.75,0.95,1.0,0.0,0.0,True,False,False,False,False,False,50.0,3.931825632724,0.0,9749.0,194.98,9.185022563992,0.0,0.0,0.0,0.0,1.0,0.0,9100.0,438.0,211.0,5244.0,3856.0,0.048131868132,0.023186813187,8.76,182.0,0.576263736264,0.0,0.0,0.0,0.0,0.0,2.0,2.0,0.0,50.0,3.9318256327243257,0.0,1.25,1.25,0.0,0.75,0.95,1.0,0.0,0.0,1.0,0.0,0.0,1.0,0.0,0.0,0.0,0.0,0.0,0.0,0.0,1.0,0.0,0.0,0.060164835165,0.01739010989,0.0,repair5g59_c_only_f_disabled,0.0,0.0,0.0,0.086842105263,-0.032894736842,-0.940789473684,0.111842105263,0.001052631579,0.002631578947,-0.398684210526,-0.717105263158,0.973684210526,0.0,0.0,0.0,0.0,0.0,0.0,0.0,0.0,0.0
warehouse-10-20-10-2-1|a50|s146|it0|14650fb0739d0383,warehouse-10-20-10-2-1,50,146,0,14650fb0739d0383,repair5g59_commit_heavy_flow_guard,old14,commit_heavy,old14,,False,False,False,False,False,False,False,False,False,False,False,False,False,False,,,False,False,1.5,1.0,1.0,0.75,0.95,1.0,0.35,0.75,False,False,False,False,False,False,50.0,3.931825632724,0.0,9749.0,194.98,9.185022563992,0.0,0.0,0.0,0.0,1.0,0.0,9100.0,438.0,211.0,5244.0,3856.0,0.048131868132,0.023186813187,8.76,182.0,0.576263736264,0.0,0.0,0.0,0.0,0.0,2.0,2.0,0.0,50.0,3.9318256327243257,0.0,1.5,1.0,1.0,0.75,0.95,1.0,0.35,0.75,0.0,0.0,0.0,1.0,0.0,0.0,1.0,0.0,0.0,0.0,0.0,0.0,0.0,0.576263736264,0.048131868132,0.01739010989,0.0,repair5g59_commit_heavy_flow_guard,0.0,0.0,0.0,0.336842105263,-0.282894736842,0.059210526316,0.111842105263,0.001052631579,0.002631578947,-0.048684210526,0.032894736842,-0.026315789474,0.0,0.0,0.0,0.0,0.0,0.0,0.0,0.0,0.0
warehouse-10-20-10-2-1|a50|s146|it0|14650fb0739d0383,warehouse-10-20-10-2-1,50,146,0,14650fb0739d0383,repair5g59_fast_decay_low_shield,old14,flow_decay,old14,,False,False,False,False,False,False,False,False,False,False,False,False,False,False,,,False,False,1.25,1.25,1.0,0.75,0.9,1.0,0.2,0.5,False,False,False,False,False,False,50.0,3.931825632724,0.0,9749.0,194.98,9.185022563992,0.0,0.0,0.0,0.0,1.0,0.0,9100.0,438.0,211.0,5244.0,3856.0,0.048131868132,0.023186813187,8.76,182.0,0.576263736264,0.0,0.0,0.0,0.0,0.0,2.0,2.0,0.0,50.0,3.9318256327243257,0.0,1.25,1.25,1.0,0.75,0.9,1.0,0.2,0.5,0.0,0.0,0.0,1.0,0.0,0.0,0.0,1.0,0.0,0.0,0.0,0.0,0.0,0.576263736264,0.060164835165,0.01739010989,0.0,repair5g59_fast_decay_low_shield,0.0,0.0,0.0,0.086842105263,-0.032894736842,0.059210526316,0.111842105263,-0.048947368421,0.002631578947,-0.198684210526,-0.217105263158,-0.026315789474,0.05,0.05,0.05,0.0,-0.052,0.01,-0.1,-0.3,0.0
warehouse-10-20-10-2-1|a50|s146|it0|14650fb0739d0383,warehouse-10-20-10-2-1,50,146,0,14650fb0739d0383,repair5g59_flow_decay,old14,flow_decay,old14,,False,False,False,False,False,False,False,False,False,False,False,False,False,False,,,False,False,1.25,1.25,1.0,0.75,0.95,0.95,0.35,0.75,False,False,False,False,False,False,50.0,3.931825632724,0.0,9749.0,194.98,9.185022563992,0.0,0.0,0.0,0.0,1.0,0.0,9100.0,438.0,211.0,5244.0,3856.0,0.048131868132,0.023186813187,8.76,182.0,0.576263736264,0.0,0.0,0.0,0.0,0.0,2.0,2.0,0.0,50.0,3.9318256327243257,0.0,1.25,1.25,1.0,0.75,0.95,0.95,0.35,0.75,0.0,0.0,0.0,1.0,0.0,0.0,0.0,1.0,0.0,0.0,0.0,0.0,0.0,0.576263736264,0.060164835165,0.01739010989,0.0,repair5g59_flow_decay,0.0,0.0,0.0,0.086842105263,-0.032894736842,0.059210526316,0.111842105263,0.001052631579,-0.047368421053,-0.048684210526,0.032894736842,-0.026315789474,0.05,0.05,0.05,0.0,-0.002,-0.04,0.05,-0.05,0.0
warehouse-10-20-10-2-1|a50|s146|it0|14650fb0739d0383,warehouse-10-20-10-2-1,50,146,0,14650fb0739d0383,repair5g59_high_beta_cap_safe,old14,high_beta,old14,,False,False,False,False,False,False,False,False,False,False,False,False,False,False,,,False,False,1.25,1.25,1.0,0.75,0.95,1.0,0.6,0.75,False,False,False,False,False,False,50.0,3.931825632724,0.0,9749.0,194.98,9.185022563992,0.0,0.0,0.0,0.0,1.0,0.0,9100.0,438.0,211.0,5244.0,3856.0,0.048131868132,0.023186813187,8.76,182.0,0.576263736264,0.0,0.0,0.0,0.0,0.0,2.0,2.0,0.0,50.0,3.9318256327243257,0.0,1.25,1.25,1.0,0.75,0.95,1.0,0.6,0.75,0.0,0.0,0.0,1.0,0.0,0.0,0.0,0.0,0.0,1.0,0.0,0.0,0.0,0.576263736264,0.060164835165,0.01739010989,0.0,repair5g59_high_beta_cap_safe,0.0,0.0,0.0,0.086842105263,-0.032894736842,0.059210526316,0.111842105263,0.001052631579,0.002631578947,0.201315789474,0.032894736842,-0.026315789474,0.029166666667,0.008333333333,0.0,0.029166666667,-0.0,0.004166666667,0.029166666667,0.0,0.0
warehouse-10-20-10-2-1|a50|s146|it0|14650fb0739d0383,warehouse-10-20-10-2-1,50,146,0,14650fb0739d0383,repair5g59_light_cong_light_flow,old14,flow_decay,old14,,False,False,False,False,False,False,False,False,False,False,False,False,False,False,,,False,False,1.0,1.0,0.75,0.75,0.98,1.0,0.25,0.5,False,False,False,False,False,False,50.0,3.931825632724,0.0,9749.0,194.98,9.185022563992,0.0,0.0,0.0,0.0,1.0,0.0,9100.0,438.0,211.0,5244.0,3856.0,0.048131868132,0.023186813187,8.76,182.0,0.576263736264,0.0,0.0,0.0,0.0,0.0,2.0,2.0,0.0,50.0,3.9318256327243257,0.0,1.0,1.0,0.75,0.75,0.98,1.0,0.25,0.5,0.0,0.0,0.0,1.0,0.0,0.0,0.0,1.0,0.0,0.0,0.0,0.0,0.0,0.432197802198,0.048131868132,0.01739010989,0.0,repair5g59_light_cong_light_flow,0.0,0.0,0.0,-0.163157894737,-0.282894736842,-0.190789473684,0.111842105263,0.031052631579,0.002631578947,-0.148684210526,-0.217105263158,-0.026315789474,-0.2,-0.2,-0.2,0.0,0.028,0.01,-0.05,-0.3,0.0
warehouse-10-20-10-2-1|a50|s146|it0|14650fb0739d0383,warehouse-10-20-10-2-1,50,146,0,14650fb0739d0383,repair5g59_low_beta_high_cap,old14,flow_decay,old14,,False,False,False,False,False,False,False,False,False,False,False,False,False,False,,,False,False,1.25,1.25,1.0,0.75,0.95,1.0,0.2,1.25,False,False,False,False,False,False,50.0,3.931825632724,0.0,9749.0,194.98,9.185022563992,0.0,0.0,0.0,0.0,1.0,0.0,9100.0,438.0,211.0,5244.0,3856.0,0.048131868132,0.023186813187,8.76,182.0,0.576263736264,0.0,0.0,0.0,0.0,0.0,2.0,2.0,0.0,50.0,3.9318256327243257,0.0,1.25,1.25,1.0,0.75,0.95,1.0,0.2,1.25,0.0,0.0,0.0,1.0,0.0,0.0,0.0,1.0,0.0,0.0,0.0,0.0,0.0,0.576263736264,0.060164835165,0.01739010989,0.0,repair5g59_low_beta_high_cap,0.0,0.0,0.0,0.086842105263,-0.032894736842,0.059210526316,0.111842105263,0.001052631579,0.002631578947,-0.198684210526,0.532894736842,-0.026315789474,0.05,0.05,0.05,0.0,-0.002,0.01,-0.1,0.45,0.0
warehouse-10-20-10-2-1|a50|s146|it0|14650fb0739d0383,warehouse-10-20-10-2-1,50,146,0,14650fb0739d0383,repair5g59_slow_decay_high_shield,old14,flow_decay,old14,,False,False,False,False,False,False,False,False,False,False,False,False,False,False,,,False,False,1.25,1.25,1.0,0.75,0.98,1.0,0.5,1.0,False,False,False,False,False,False,50.0,3.931825632724,0.0,9749.0,194.98,9.185022563992,0.0,0.0,0.0,0.0,1.0,0.0,9100.0,438.0,211.0,5244.0,3856.0,0.048131868132,0.023186813187,8.76,182.0,0.576263736264,0.0,0.0,0.0,0.0,0.0,2.0,2.0,0.0,50.0,3.9318256327243257,0.0,1.25,1.25,1.0,0.75,0.98,1.0,0.5,1.0,0.0,0.0,0.0,1.0,0.0,0.0,0.0,1.0,0.0,0.0,0.0,0.0,0.0,0.576263736264,0.060164835165,0.01739010989,0.0,repair5g59_slow_decay_high_shield,0.0,0.0,0.0,0.086842105263,-0.032894736842,0.059210526316,0.111842105263,0.031052631579,0.002631578947,0.101315789474,0.282894736842,-0.026315789474,0.05,0.05,0.05,0.0,0.028,0.01,0.2,0.2,0.0
warehouse-10-20-10-2-1|a50|s146|it0|14650fb0739d0383,warehouse-10-20-10-2-1,50,146,0,14650fb0739d0383,repair5g59_static_abstain_candidate,old14,static,old14,,False,False,False,False,False,False,False,False,False,False,False,False,False,False,,,False,False,1.25,1.25,1.0,0.75,0.95,1.0,0.35,0.75,False,False,False,False,False,False,50.0,3.931825632724,0.0,9749.0,194.98,9.185022563992,0.0,0.0,0.0,0.0,1.0,0.0,9100.0,438.0,211.0,5244.0,3856.0,0.048131868132,0.023186813187,8.76,182.0,0.576263736264,0.0,0.0,0.0,0.0,0.0,2.0,2.0,0.0,50.0,3.9318256327243257,0.0,1.25,1.25,1.0,0.75,0.95,1.0,0.35,0.75,0.0,0.0,0.0,1.0,0.0,0.0,0.0,0.0,0.0,0.0,1.0,0.0,0.0,0.576263736264,0.060164835165,0.01739010989,0.0,repair5g59_static_abstain_candidate,0.0,0.0,0.0,0.086842105263,-0.032894736842,0.059210526316,0.111842105263,0.001052631579,0.002631578947,-0.048684210526,0.032894736842,-0.026315789474,0.0,0.0,0.0,0.0,0.0,0.0,0.0,0.0,0.0
warehouse-10-20-10-2-1|a50|s146|it0|14650fb0739d0383,warehouse-10-20-10-2-1,50,146,0,14650fb0739d0383,repair5g59_static_flow_shield,old14,static,old14,,False,False,False,False,False,False,False,False,False,False,False,False,False,False,,,False,False,1.25,1.25,1.0,0.75,0.95,1.0,0.35,0.75,False,False,False,False,False,False,50.0,3.931825632724,0.0,9749.0,194.98,9.185022563992,0.0,0.0,0.0,0.0,1.0,0.0,9100.0,438.0,211.0,5244.0,3856.0,0.048131868132,0.023186813187,8.76,182.0,0.576263736264,0.0,0.0,0.0,0.0,0.0,2.0,2.0,0.0,50.0,3.9318256327243257,0.0,1.25,1.25,1.0,0.75,0.95,1.0,0.35,0.75,0.0,0.0,0.0,1.0,0.0,0.0,0.0,0.0,0.0,0.0,1.0,0.0,0.0,0.576263736264,0.060164835165,0.01739010989,0.0,repair5g59_static_abstain_candidate,0.0,0.0,0.0,0.086842105263,-0.032894736842,0.059210526316,0.111842105263,0.001052631579,0.002631578947,-0.048684210526,0.032894736842,-0.026315789474,0.0,0.0,0.0,0.0,0.0,0.0,0.0,0.0,0.0
warehouse-10-20-10-2-1|a50|s146|it0|14650fb0739d0383,warehouse-10-20-10-2-1,50,146,0,14650fb0739d0383,repair5g59_wait_aggressive,old14,flow_shield,old14,,False,False,False,False,False,False,False,False,False,False,False,False,False,False,,,False,False,1.25,1.25,1.0,1.0,0.95,1.0,0.35,0.75,False,False,False,False,False,False,50.0,3.931825632724,0.0,9749.0,194.98,9.185022563992,0.0,0.0,0.0,0.0,1.0,0.0,9100.0,438.0,211.0,5244.0,3856.0,0.048131868132,0.023186813187,8.76,182.0,0.576263736264,0.0,0.0,0.0,0.0,0.0,2.0,2.0,0.0,50.0,3.9318256327243257,0.0,1.25,1.25,1.0,1.0,0.95,1.0,0.35,0.75,0.0,0.0,0.0,1.0,0.0,0.0,0.0,0.0,1.0,0.0,0.0,0.0,0.0,0.576263736264,0.060164835165,0.023186813187,0.0,repair5g59_wait_aggressive,0.0,0.0,0.0,0.086842105263,-0.032894736842,0.059210526316,0.361842105263,0.001052631579,0.002631578947,-0.048684210526,0.032894736842,-0.026315789474,0.0,0.0,0.0,0.0,0.0,0.0,0.0,0.0,0.0
warehouse-10-20-10-2-1|a50|s146|it0|14650fb0739d0383,warehouse-10-20-10-2-1,50,146,0,14650fb0739d0383,repair5g59_wait_conservative,old14,wait_conservative,old14,,False,False,False,False,False,False,False,False,False,False,False,False,False,False,,,False,False,1.25,1.25,1.0,0.5,0.95,1.0,0.35,0.75,False,False,False,False,False,False,50.0,3.931825632724,0.0,9749.0,194.98,9.185022563992,0.0,0.0,0.0,0.0,1.0,0.0,9100.0,438.0,211.0,5244.0,3856.0,0.048131868132,0.023186813187,8.76,182.0,0.576263736264,0.0,0.0,0.0,0.0,0.0,2.0,2.0,0.0,50.0,3.9318256327243257,0.0,1.25,1.25,1.0,0.5,0.95,1.0,0.35,0.75,0.0,0.0,0.0,1.0,0.0,0.0,0.0,0.0,0.0,0.0,0.0,0.0,1.0,0.576263736264,0.060164835165,0.011593406593,0.0,repair5g59_wait_conservative,0.0,0.0,0.0,0.086842105263,-0.032894736842,0.059210526316,-0.138157894737,0.001052631579,0.002631578947,-0.048684210526,0.032894736842,-0.026315789474,0.0,0.0,0.0,0.042857142857,0.007142857143,0.0,0.021428571429,0.0,0.0
warehouse-10-20-10-2-1|a50|s146|it0|14650fb0739d0383,warehouse-10-20-10-2-1,50,146,0,14650fb0739d0383,repair5g518_grid_c1p25_b1p25_f1p00_w0p50_dc0p95_df1p00_beta0p35_max0p75_c0,g518_retained,wait_conservative,g518_retained,,False,False,False,False,False,False,False,False,False,False,False,False,False,False,,,False,False,1.25,1.25,1.0,0.5,0.95,1.0,0.35,0.75,False,False,False,False,False,False,50.0,3.931825632724,0.0,9749.0,194.98,9.185022563992,0.0,0.0,0.0,0.0,1.0,0.0,9100.0,438.0,211.0,5244.0,3856.0,0.048131868132,0.023186813187,8.76,182.0,0.576263736264,0.0,0.0,0.0,0.0,0.0,2.0,2.0,0.0,50.0,3.9318256327243257,0.0,1.25,1.25,1.0,0.5,0.95,1.0,0.35,0.75,0.0,1.0,0.0,0.0,0.0,0.0,0.0,0.0,0.0,0.0,0.0,0.0,1.0,0.576263736264,0.060164835165,0.011593406593,0.0,repair5g59_wait_conservative,0.0,0.0,0.0,0.086842105263,-0.032894736842,0.059210526316,-0.138157894737,0.001052631579,0.002631578947,-0.048684210526,0.032894736842,-0.026315789474,0.0,0.0,0.0,0.042857142857,0.007142857143,0.0,0.021428571429,0.0,0.0
warehouse-10-20-10-2-1|a50|s146|it0|14650fb0739d0383,warehouse-10-20-10-2-1,50,146,0,14650fb0739d0383,repair5g518_grid_c1p20_b1p35_f1p00_w0p70_dc0p95_df1p00_beta0p60_max0p75_c0,g518_retained,high_beta,g518_retained,,False,False,False,False,False,False,False,False,False,False,False,False,False,False,,,False,False,1.2,1.35,1.0,0.7,0.95,1.0,0.6,0.75,False,False,False,False,False,False,50.0,3.931825632724,0.0,9749.0,194.98,9.185022563992,0.0,0.0,0.0,0.0,1.0,0.0,9100.0,438.0,211.0,5244.0,3856.0,0.048131868132,0.023186813187,8.76,182.0,0.576263736264,0.0,0.0,0.0,0.0,0.0,2.0,2.0,0.0,50.0,3.9318256327243257,0.0,1.2,1.35,1.0,0.7,0.95,1.0,0.6,0.75,0.0,1.0,0.0,0.0,0.0,0.0,0.0,0.0,0.0,1.0,0.0,0.0,0.0,0.576263736264,0.064978021978,0.016230769231,0.0,repair5g59_high_beta_cap_safe,0.122474487139,0.122474487139,0.115535611769,0.036842105263,0.067105263158,0.059210526316,0.061842105263,0.001052631579,0.002631578947,0.201315789474,0.032894736842,-0.026315789474,-0.020833333333,0.108333333333,0.0,-0.020833333333,-0.0,0.004166666667,0.029166666667,0.0,0.0
warehouse-10-20-10-2-1|a50|s146|it0|14650fb0739d0383,warehouse-10-20-10-2-1,50,146,0,14650fb0739d0383,repair5g518_grid_c0p90_b1p50_f1p00_w0p45_dc0p95_df1p00_beta0p45_max0p75_c0,g518_retained,block_heavy,g518_retained,,False,False,False,False,False,False,False,False,False,False,False,False,False,False,,,False,False,0.9,1.5,1.0,0.45,0.95,1.0,0.45,0.75,False,False,False,False,False,False,50.0,3.931825632724,0.0,9749.0,194.98,9.185022563992,0.0,0.0,0.0,0.0,1.0,0.0,9100.0,438.0,211.0,5244.0,3856.0,0.048131868132,0.023186813187,8.76,182.0,0.576263736264,0.0,0.0,0.0,0.0,0.0,2.0,2.0,0.0,50.0,3.9318256327243257,0.0,0.9,1.5,1.0,0.45,0.95,1.0,0.45,0.75,0.0,1.0,0.0,0.0,0.0,1.0,0.0,0.0,0.0,0.0,0.0,0.0,0.0,0.576263736264,0.072197802198,0.010434065934,0.0,repair5g59_block_heavy_flow_guard,0.15,0.15,0.139761942375,-0.263157894737,0.217105263158,0.059210526316,-0.188157894737,0.001052631579,0.002631578947,0.051315789474,0.032894736842,-0.026315789474,-0.0125,-0.0125,0.0,-0.00625,0.00625,0.0,0.0625,0.0,0.0
warehouse-10-20-10-2-1|a50|s146|it0|14650fb0739d0383,warehouse-10-20-10-2-1,50,146,0,14650fb0739d0383,repair5g518_grid_c1p25_b1p25_f1p00_w0p35_dc0p95_df1p00_beta0p30_max0p75_c0,g518_retained,wait_conservative,g518_retained,,False,False,False,False,False,False,False,False,False,False,False,False,False,False,,,False,False,1.25,1.25,1.0,0.35,0.95,1.0,0.3,0.75,False,False,False,False,False,False,50.0,3.931825632724,0.0,9749.0,194.98,9.185022563992,0.0,0.0,0.0,0.0,1.0,0.0,9100.0,438.0,211.0,5244.0,3856.0,0.048131868132,0.023186813187,8.76,182.0,0.576263736264,0.0,0.0,0.0,0.0,0.0,2.0,2.0,0.0,50.0,3.9318256327243257,0.0,1.25,1.25,1.0,0.35,0.95,1.0,0.3,0.75,0.0,1.0,0.0,0.0,0.0,0.0,0.0,0.0,0.0,0.0,0.0,0.0,1.0,0.576263736264,0.060164835165,0.008115384615,0.0,repair5g59_wait_conservative,0.158113883008,0.158113883008,0.146792718882,0.086842105263,-0.032894736842,0.059210526316,-0.288157894737,0.001052631579,0.002631578947,-0.098684210526,0.032894736842,-0.026315789474,0.0,0.0,0.0,-0.107142857143,0.007142857143,0.0,-0.028571428571,0.0,0.0
warehouse-10-20-10-2-1|a50|s146|it0|14650fb0739d0383,warehouse-10-20-10-2-1,50,146,0,14650fb0739d0383,repair5g518_grid_c0p90_b1p40_f1p00_w0p45_dc0p95_df1p00_beta0p35_max0p75_c0,g518_retained,block_heavy,g518_retained,,False,False,False,False,False,False,False,False,False,False,False,False,False,False,,,False,False,0.9,1.4,1.0,0.45,0.95,1.0,0.35,0.75,False,False,False,False,False,False,50.0,3.931825632724,0.0,9749.0,194.98,9.185022563992,0.0,0.0,0.0,0.0,1.0,0.0,9100.0,438.0,211.0,5244.0,3856.0,0.048131868132,0.023186813187,8.76,182.0,0.576263736264,0.0,0.0,0.0,0.0,0.0,2.0,2.0,0.0,50.0,3.9318256327243257,0.0,0.9,1.4,1.0,0.45,0.95,1.0,0.35,0.75,0.0,1.0,0.0,0.0,0.0,1.0,0.0,0.0,0.0,0.0,0.0,0.0,0.0,0.576263736264,0.067384615385,0.010434065934,0.0,repair5g59_block_heavy_flow_guard,0.15,0.15,0.139761942375,-0.263157894737,0.117105263158,0.059210526316,-0.188157894737,0.001052631579,0.002631578947,-0.048684210526,0.032894736842,-0.026315789474,-0.0125,-0.1125,0.0,-0.00625,0.00625,0.0,-0.0375,0.0,0.0
warehouse-10-20-10-2-1|a50|s146|it0|14650fb0739d0383,warehouse-10-20-10-2-1,50,146,0,14650fb0739d0383,repair5g518_grid_c1p20_b1p15_f1p00_w0p70_dc0p95_df1p00_beta0p60_max0p75_c0,g518_retained,high_beta,g518_retained,,False,False,False,False,False,False,False,False,False,False,False,False,False,False,,,False,False,1.2,1.15,1.0,0.7,0.95,1.0,0.6,0.75,False,False,False,False,False,False,50.0,3.931825632724,0.0,9749.0,194.98,9.185022563992,0.0,0.0,0.0,0.0,1.0,0.0,9100.0,438.0,211.0,5244.0,3856.0,0.048131868132,0.023186813187,8.76,182.0,0.576263736264,0.0,0.0,0.0,0.0,0.0,2.0,2.0,0.0,50.0,3.9318256327243257,0.0,1.2,1.15,1.0,0.7,0.95,1.0,0.6,0.75,0.0,1.0,0.0,0.0,0.0,0.0,0.0,0.0,0.0,1.0,0.0,0.0,0.0,0.576263736264,0.055351648352,0.016230769231,0.0,repair5g59_high_beta_cap_safe,0.122474487139,0.122474487139,0.115535611769,0.036842105263,-0.132894736842,0.059210526316,0.061842105263,0.001052631579,0.002631578947,0.201315789474,0.032894736842,-0.026315789474,-0.020833333333,-0.091666666667,0.0,-0.020833333333,-0.0,0.004166666667,0.029166666667,0.0,0.0
warehouse-10-20-10-2-1|a50|s146|it0|14650fb0739d0383,warehouse-10-20-10-2-1,50,146,0,14650fb0739d0383,repair5g518_grid_c0p90_b1p65_f1p00_w0p45_dc0p95_df1p00_beta0p35_max0p75_c0,g518_retained,block_heavy,g518_retained,,False,False,False,False,False,False,False,False,False,False,False,False,False,False,,,False,False,0.9,1.65,1.0,0.45,0.95,1.0,0.35,0.75,False,False,False,False,False,False,50.0,3.931825632724,0.0,9749.0,194.98,9.185022563992,0.0,0.0,0.0,0.0,1.0,0.0,9100.0,438.0,211.0,5244.0,3856.0,0.048131868132,0.023186813187,8.76,182.0,0.576263736264,0.0,0.0,0.0,0.0,0.0,2.0,2.0,0.0,50.0,3.9318256327243257,0.0,0.9,1.65,1.0,0.45,0.95,1.0,0.35,0.75,0.0,1.0,0.0,0.0,0.0,1.0,0.0,0.0,0.0,0.0,0.0,0.0,0.0,0.576263736264,0.079417582418,0.010434065934,0.0,repair5g59_block_heavy_flow_guard,0.187082869339,0.187082869339,0.171498927292,-0.263157894737,0.367105263158,0.059210526316,-0.188157894737,0.001052631579,0.002631578947,-0.048684210526,0.032894736842,-0.026315789474,-0.0125,0.1375,0.0,-0.00625,0.00625,0.0,-0.0375,0.0,0.0
warehouse-10-20-10-2-1|a50|s146|it0|14650fb0739d0383,warehouse-10-20-10-2-1,50,146,0,14650fb0739d0383,repair5g518_grid_c1p20_b1p15_f1p00_w0p70_dc0p95_df1p00_beta0p55_max0p75_c0,g518_retained,high_beta,g518_retained,,False,False,False,False,False,False,False,False,False,False,False,False,False,False,,,False,False,1.2,1.15,1.0,0.7,0.95,1.0,0.55,0.75,False,False,False,False,False,False,50.0,3.931825632724,0.0,9749.0,194.98,9.185022563992,0.0,0.0,0.0,0.0,1.0,0.0,9100.0,438.0,211.0,5244.0,3856.0,0.048131868132,0.023186813187,8.76,182.0,0.576263736264,0.0,0.0,0.0,0.0,0.0,2.0,2.0,0.0,50.0,3.9318256327243257,0.0,1.2,1.15,1.0,0.7,0.95,1.0,0.55,0.75,0.0,1.0,0.0,0.0,0.0,0.0,0.0,0.0,0.0,1.0,0.0,0.0,0.0,0.576263736264,0.055351648352,0.016230769231,0.0,repair5g59_high_beta_cap_safe,0.132287565553,0.132287565553,0.124239980694,0.036842105263,-0.132894736842,0.059210526316,0.061842105263,0.001052631579,0.002631578947,0.151315789474,0.032894736842,-0.026315789474,-0.020833333333,-0.091666666667,0.0,-0.020833333333,-0.0,0.004166666667,-0.020833333333,0.0,0.0
warehouse-10-20-10-2-1|a50|s146|it0|14650fb0739d0383,warehouse-10-20-10-2-1,50,146,0,14650fb0739d0383,repair5g521_grid_c0p90_b1p50_f1p00_w0p45_dc0p95_df1p00_beta0p45_max0p75_c0,g521_second_wave,block_heavy,g521_second_wave,,False,False,False,False,False,False,False,False,False,False,False,False,False,False,,,False,False,0.9,1.5,1.0,0.45,0.95,1.0,0.45,0.75,False,False,False,False,False,False,50.0,3.931825632724,0.0,9749.0,194.98,9.185022563992,0.0,0.0,0.0,0.0,1.0,0.0,9100.0,438.0,211.0,5244.0,3856.0,0.048131868132,0.023186813187,8.76,182.0,0.576263736264,0.0,0.0,0.0,0.0,0.0,2.0,2.0,0.0,50.0,3.9318256327243257,0.0,0.9,1.5,1.0,0.45,0.95,1.0,0.45,0.75,0.0,0.0,1.0,0.0,0.0,1.0,0.0,0.0,0.0,0.0,0.0,0.0,0.0,0.576263736264,0.072197802198,0.010434065934,0.0,repair5g59_block_heavy_flow_guard,0.15,0.15,0.139761942375,-0.263157894737,0.217105263158,0.059210526316,-0.188157894737,0.001052631579,0.002631578947,0.051315789474,0.032894736842,-0.026315789474,-0.0125,-0.0125,0.0,-0.00625,0.00625,0.0,0.0625,0.0,0.0
warehouse-10-20-10-2-1|a50|s146|it0|14650fb0739d0383,warehouse-10-20-10-2-1,50,146,0,14650fb0739d0383,repair5g521_grid_c0p90_b1p40_f1p00_w0p45_dc0p95_df1p00_beta0p35_max0p75_c0,g521_second_wave,block_heavy,g521_second_wave,,False,False,False,False,False,False,False,False,False,False,False,False,False,False,,,False,False,0.9,1.4,1.0,0.45,0.95,1.0,0.35,0.75,False,False,False,False,False,False,50.0,3.931825632724,0.0,9749.0,194.98,9.185022563992,0.0,0.0,0.0,0.0,1.0,0.0,9100.0,438.0,211.0,5244.0,3856.0,0.048131868132,0.023186813187,8.76,182.0,0.576263736264,0.0,0.0,0.0,0.0,0.0,2.0,2.0,0.0,50.0,3.9318256327243257,0.0,0.9,1.4,1.0,0.45,0.95,1.0,0.35,0.75,0.0,0.0,1.0,0.0,0.0,1.0,0.0,0.0,0.0,0.0,0.0,0.0,0.0,0.576263736264,0.067384615385,0.010434065934,0.0,repair5g59_block_heavy_flow_guard,0.15,0.15,0.139761942375,-0.263157894737,0.117105263158,0.059210526316,-0.188157894737,0.001052631579,0.002631578947,-0.048684210526,0.032894736842,-0.026315789474,-0.0125,-0.1125,0.0,-0.00625,0.00625,0.0,-0.0375,0.0,0.0
warehouse-10-20-10-2-1|a50|s146|it0|14650fb0739d0383,warehouse-10-20-10-2-1,50,146,0,14650fb0739d0383,repair5g521_grid_c0p90_b1p65_f1p00_w0p45_dc0p95_df1p00_beta0p35_max0p75_c0,g521_second_wave,block_heavy,g521_second_wave,,False,False,False,False,False,False,False,False,False,False,False,False,False,False,,,False,False,0.9,1.65,1.0,0.45,0.95,1.0,0.35,0.75,False,False,False,False,False,False,50.0,3.931825632724,0.0,9749.0,194.98,9.185022563992,0.0,0.0,0.0,0.0,1.0,0.0,9100.0,438.0,211.0,5244.0,3856.0,0.048131868132,0.023186813187,8.76,182.0,0.576263736264,0.0,0.0,0.0,0.0,0.0,2.0,2.0,0.0,50.0,3.9318256327243257,0.0,0.9,1.65,1.0,0.45,0.95,1.0,0.35,0.75,0.0,0.0,1.0,0.0,0.0,1.0,0.0,0.0,0.0,0.0,0.0,0.0,0.0,0.576263736264,0.079417582418,0.010434065934,0.0,repair5g59_block_heavy_flow_guard,0.187082869339,0.187082869339,0.171498927292,-0.263157894737,0.367105263158,0.059210526316,-0.188157894737,0.001052631579,0.002631578947,-0.048684210526,0.032894736842,-0.026315789474,-0.0125,0.1375,0.0,-0.00625,0.00625,0.0,-0.0375,0.0,0.0
warehouse-10-20-10-2-1|a50|s146|it0|14650fb0739d0383,warehouse-10-20-10-2-1,50,146,0,14650fb0739d0383,repair5g521_grid_c0p90_b1p50_f1p00_w0p45_dc0p90_df1p00_beta0p45_max0p75_c0,g521_second_wave,block_heavy,g521_second_wave,,False,False,False,False,False,False,False,False,False,False,False,False,False,False,,,False,False,0.9,1.5,1.0,0.45,0.9,1.0,0.45,0.75,False,False,False,False,False,False,50.0,3.931825632724,0.0,9749.0,194.98,9.185022563992,0.0,0.0,0.0,0.0,1.0,0.0,9100.0,438.0,211.0,5244.0,3856.0,0.048131868132,0.023186813187,8.76,182.0,0.576263736264,0.0,0.0,0.0,0.0,0.0,2.0,2.0,0.0,50.0,3.9318256327243257,0.0,0.9,1.5,1.0,0.45,0.9,1.0,0.45,0.75,0.0,0.0,1.0,0.0,0.0,1.0,0.0,0.0,0.0,0.0,0.0,0.0,0.0,0.576263736264,0.072197802198,0.010434065934,0.0,repair5g59_block_heavy_flow_guard,0.158113883008,0.158113883008,0.146792718882,-0.263157894737,0.217105263158,0.059210526316,-0.188157894737,-0.048947368421,0.002631578947,0.051315789474,0.032894736842,-0.026315789474,-0.0125,-0.0125,0.0,-0.00625,-0.04375,0.0,0.0625,0.0,0.0
warehouse-10-20-10-2-1|a50|s146|it0|14650fb0739d0383,warehouse-10-20-10-2-1,50,146,0,14650fb0739d0383,repair5g521_grid_c1p20_b1p35_f1p00_w0p70_dc0p95_df1p00_beta0p60_max0p75_c0,g521_second_wave,high_beta,g521_second_wave,,False,False,False,False,False,False,False,False,False,False,False,False,False,False,,,False,False,1.2,1.35,1.0,0.7,0.95,1.0,0.6,0.75,False,False,False,False,False,False,50.0,3.931825632724,0.0,9749.0,194.98,9.185022563992,0.0,0.0,0.0,0.0,1.0,0.0,9100.0,438.0,211.0,5244.0,3856.0,0.048131868132,0.023186813187,8.76,182.0,0.576263736264,0.0,0.0,0.0,0.0,0.0,2.0,2.0,0.0,50.0,3.9318256327243257,0.0,1.2,1.35,1.0,0.7,0.95,1.0,0.6,0.75,0.0,0.0,1.0,0.0,0.0,0.0,0.0,0.0,0.0,1.0,0.0,0.0,0.0,0.576263736264,0.064978021978,0.016230769231,0.0,repair5g59_high_beta_cap_safe,0.122474487139,0.122474487139,0.115535611769,0.036842105263,0.067105263158,0.059210526316,0.061842105263,0.001052631579,0.002631578947,0.201315789474,0.032894736842,-0.026315789474,-0.020833333333,0.108333333333,0.0,-0.020833333333,-0.0,0.004166666667,0.029166666667,0.0,0.0
warehouse-10-20-10-2-1|a50|s146|it0|14650fb0739d0383,warehouse-10-20-10-2-1,50,146,0,14650fb0739d0383,repair5g521_grid_c1p20_b1p15_f1p00_w0p70_dc0p95_df1p00_beta0p60_max0p75_c0,g521_second_wave,high_beta,g521_second_wave,,False,False,False,False,False,False,False,False,False,False,False,False,False,False,,,False,False,1.2,1.15,1.0,0.7,0.95,1.0,0.6,0.75,False,False,False,False,False,False,50.0,3.931825632724,0.0,9749.0,194.98,9.185022563992,0.0,0.0,0.0,0.0,1.0,0.0,9100.0,438.0,211.0,5244.0,3856.0,0.048131868132,0.023186813187,8.76,182.0,0.576263736264,0.0,0.0,0.0,0.0,0.0,2.0,2.0,0.0,50.0,3.9318256327243257,0.0,1.2,1.15,1.0,0.7,0.95,1.0,0.6,0.75,0.0,0.0,1.0,0.0,0.0,0.0,0.0,0.0,0.0,1.0,0.0,0.0,0.0,0.576263736264,0.055351648352,0.016230769231,0.0,repair5g59_high_beta_cap_safe,0.122474487139,0.122474487139,0.115535611769,0.036842105263,-0.132894736842,0.059210526316,0.061842105263,0.001052631579,0.002631578947,0.201315789474,0.032894736842,-0.026315789474,-0.020833333333,-0.091666666667,0.0,-0.020833333333,-0.0,0.004166666667,0.029166666667,0.0,0.0
warehouse-10-20-10-2-1|a50|s146|it0|14650fb0739d0383,warehouse-10-20-10-2-1,50,146,0,14650fb0739d0383,repair5g521_grid_c1p20_b1p15_f1p00_w0p70_dc0p95_df1p00_beta0p55_max0p75_c0,g521_second_wave,high_beta,g521_second_wave,,False,False,False,False,False,False,False,False,False,False,False,False,False,False,,,False,False,1.2,1.15,1.0,0.7,0.95,1.0,0.55,0.75,False,False,False,False,False,False,50.0,3.931825632724,0.0,9749.0,194.98,9.185022563992,0.0,0.0,0.0,0.0,1.0,0.0,9100.0,438.0,211.0,5244.0,3856.0,0.048131868132,0.023186813187,8.76,182.0,0.576263736264,0.0,0.0,0.0,0.0,0.0,2.0,2.0,0.0,50.0,3.9318256327243257,0.0,1.2,1.15,1.0,0.7,0.95,1.0,0.55,0.75,0.0,0.0,1.0,0.0,0.0,0.0,0.0,0.0,0.0,1.0,0.0,0.0,0.0,0.576263736264,0.055351648352,0.016230769231,0.0,repair5g59_high_beta_cap_safe,0.132287565553,0.132287565553,0.124239980694,0.036842105263,-0.132894736842,0.059210526316,0.061842105263,0.001052631579,0.002631578947,0.151315789474,0.032894736842,-0.026315789474,-0.020833333333,-0.091666666667,0.0,-0.020833333333,-0.0,0.004166666667,-0.020833333333,0.0,0.0
warehouse-10-20-10-2-1|a50|s146|it0|14650fb0739d0383,warehouse-10-20-10-2-1,50,146,0,14650fb0739d0383,repair5g521_grid_c1p20_b1p35_f1p00_w0p70_dc0p95_df1p00_beta0p55_max0p75_c0,g521_second_wave,high_beta,g521_second_wave,,False,False,False,False,False,False,False,False,False,False,False,False,False,False,,,False,False,1.2,1.35,1.0,0.7,0.95,1.0,0.55,0.75,False,False,False,False,False,False,50.0,3.931825632724,0.0,9749.0,194.98,9.185022563992,0.0,0.0,0.0,0.0,1.0,0.0,9100.0,438.0,211.0,5244.0,3856.0,0.048131868132,0.023186813187,8.76,182.0,0.576263736264,0.0,0.0,0.0,0.0,0.0,2.0,2.0,0.0,50.0,3.9318256327243257,0.0,1.2,1.35,1.0,0.7,0.95,1.0,0.55,0.75,0.0,0.0,1.0,0.0,0.0,0.0,0.0,0.0,0.0,1.0,0.0,0.0,0.0,0.576263736264,0.064978021978,0.016230769231,0.0,repair5g59_high_beta_cap_safe,0.132287565553,0.132287565553,0.124239980694,0.036842105263,0.067105263158,0.059210526316,0.061842105263,0.001052631579,0.002631578947,0.151315789474,0.032894736842,-0.026315789474,-0.020833333333,0.108333333333,0.0,-0.020833333333,-0.0,0.004166666667,-0.020833333333,0.0,0.0
warehouse-10-20-10-2-1|a50|s146|it0|14650fb0739d0383,warehouse-10-20-10-2-1,50,146,0,14650fb0739d0383,repair5g521_grid_c1p25_b1p25_f1p00_w0p50_dc0p95_df1p00_beta0p35_max0p75_c0,g521_second_wave,wait_conservative,g521_second_wave,,False,False,False,False,False,False,False,False,False,False,False,False,False,False,,,False,False,1.25,1.25,1.0,0.5,0.95,1.0,0.35,0.75,False,False,False,False,False,False,50.0,3.931825632724,0.0,9749.0,194.98,9.185022563992,0.0,0.0,0.0,0.0,1.0,0.0,9100.0,438.0,211.0,5244.0,3856.0,0.048131868132,0.023186813187,8.76,182.0,0.576263736264,0.0,0.0,0.0,0.0,0.0,2.0,2.0,0.0,50.0,3.9318256327243257,0.0,1.25,1.25,1.0,0.5,0.95,1.0,0.35,0.75,0.0,0.0,1.0,0.0,0.0,0.0,0.0,0.0,0.0,0.0,0.0,0.0,1.0,0.576263736264,0.060164835165,0.011593406593,0.0,repair5g59_wait_conservative,0.0,0.0,0.0,0.086842105263,-0.032894736842,0.059210526316,-0.138157894737,0.001052631579,0.002631578947,-0.048684210526,0.032894736842,-0.026315789474,0.0,0.0,0.0,0.042857142857,0.007142857143,0.0,0.021428571429,0.0,0.0
warehouse-10-20-10-2-1|a50|s146|it0|14650fb0739d0383,warehouse-10-20-10-2-1,50,146,0,14650fb0739d0383,repair5g521_grid_c1p25_b1p25_f1p00_w0p35_dc0p95_df1p00_beta0p30_max0p75_c0,g521_second_wave,wait_conservative,g521_second_wave,,False,False,False,False,False,False,False,False,False,False,False,False,False,False,,,False,False,1.25,1.25,1.0,0.35,0.95,1.0,0.3,0.75,False,False,False,False,False,False,50.0,3.931825632724,0.0,9749.0,194.98,9.185022563992,0.0,0.0,0.0,0.0,1.0,0.0,9100.0,438.0,211.0,5244.0,3856.0,0.048131868132,0.023186813187,8.76,182.0,0.576263736264,0.0,0.0,0.0,0.0,0.0,2.0,2.0,0.0,50.0,3.9318256327243257,0.0,1.25,1.25,1.0,0.35,0.95,1.0,0.3,0.75,0.0,0.0,1.0,0.0,0.0,0.0,0.0,0.0,0.0,0.0,0.0,0.0,1.0,0.576263736264,0.060164835165,0.008115384615,0.0,repair5g59_wait_conservative,0.158113883008,0.158113883008,0.146792718882,0.086842105263,-0.032894736842,0.059210526316,-0.288157894737,0.001052631579,0.002631578947,-0.098684210526,0.032894736842,-0.026315789474,0.0,0.0,0.0,-0.107142857143,0.007142857143,0.0,-0.028571428571,0.0,0.0
warehouse-10-20-10-2-1|a50|s146|it0|14650fb0739d0383,warehouse-10-20-10-2-1,50,146,0,14650fb0739d0383,repair5g521_grid_c1p25_b1p25_f1p00_w0p50_dc0p90_df1p00_beta0p35_max0p75_c0,g521_second_wave,wait_conservative,g521_second_wave,,False,False,False,False,False,False,False,False,False,False,False,False,False,False,,,False,False,1.25,1.25,1.0,0.5,0.9,1.0,0.35,0.75,False,False,False,False,False,False,50.0,3.931825632724,0.0,9749.0,194.98,9.185022563992,0.0,0.0,0.0,0.0,1.0,0.0,9100.0,438.0,211.0,5244.0,3856.0,0.048131868132,0.023186813187,8.76,182.0,0.576263736264,0.0,0.0,0.0,0.0,0.0,2.0,2.0,0.0,50.0,3.9318256327243257,0.0,1.25,1.25,1.0,0.5,0.9,1.0,0.35,0.75,0.0,0.0,1.0,0.0,0.0,0.0,0.0,0.0,0.0,0.0,0.0,0.0,1.0,0.576263736264,0.060164835165,0.011593406593,0.0,repair5g59_wait_conservative,0.05,0.05,0.048790164169,0.086842105263,-0.032894736842,0.059210526316,-0.138157894737,-0.048947368421,0.002631578947,-0.048684210526,0.032894736842,-0.026315789474,0.0,0.0,0.0,0.042857142857,-0.042857142857,0.0,0.021428571429,0.0,0.0
warehouse-10-20-10-2-1|a50|s146|it0|14650fb0739d0383,warehouse-10-20-10-2-1,50,146,0,14650fb0739d0383,repair5g521_grid_c1p25_b1p25_f1p00_w0p50_dc0p95_df1p00_beta0p30_max0p75_c0,g521_second_wave,wait_conservative,g521_second_wave,,False,False,False,False,False,False,False,False,False,False,False,False,False,False,,,False,False,1.25,1.25,1.0,0.5,0.95,1.0,0.3,0.75,False,False,False,False,False,False,50.0,3.931825632724,0.0,9749.0,194.98,9.185022563992,0.0,0.0,0.0,0.0,1.0,0.0,9100.0,438.0,211.0,5244.0,3856.0,0.048131868132,0.023186813187,8.76,182.0,0.576263736264,0.0,0.0,0.0,0.0,0.0,2.0,2.0,0.0,50.0,3.9318256327243257,0.0,1.25,1.25,1.0,0.5,0.95,1.0,0.3,0.75,0.0,0.0,1.0,0.0,0.0,0.0,0.0,0.0,0.0,0.0,0.0,0.0,1.0,0.576263736264,0.060164835165,0.011593406593,0.0,repair5g59_wait_conservative,0.05,0.05,0.048790164169,0.086842105263,-0.032894736842,0.059210526316,-0.138157894737,0.001052631579,0.002631578947,-0.098684210526,0.032894736842,-0.026315789474,0.0,0.0,0.0,0.042857142857,0.007142857143,0.0,-0.028571428571,0.0,0.0
warehouse-10-20-10-2-1|a50|s146|it0|14650fb0739d0383,warehouse-10-20-10-2-1,50,146,0,14650fb0739d0383,repair5g521_grid_c1p25_b1p25_f1p00_w0p75_dc0p95_df1p00_beta0p55_max0p75_c0,g521_second_wave,high_beta,g521_second_wave,,False,False,False,False,False,False,False,False,False,False,False,False,False,False,,,False,False,1.25,1.25,1.0,0.75,0.95,1.0,0.55,0.75,False,False,False,False,False,False,50.0,3.931825632724,0.0,9749.0,194.98,9.185022563992,0.0,0.0,0.0,0.0,1.0,0.0,9100.0,438.0,211.0,5244.0,3856.0,0.048131868132,0.023186813187,8.76,182.0,0.576263736264,0.0,0.0,0.0,0.0,0.0,2.0,2.0,0.0,50.0,3.9318256327243257,0.0,1.25,1.25,1.0,0.75,0.95,1.0,0.55,0.75,0.0,0.0,1.0,0.0,0.0,0.0,0.0,0.0,0.0,1.0,0.0,0.0,0.0,0.576263736264,0.060164835165,0.01739010989,0.0,repair5g59_high_beta_cap_safe,0.05,0.05,0.048790164169,0.086842105263,-0.032894736842,0.059210526316,0.111842105263,0.001052631579,0.002631578947,0.151315789474,0.032894736842,-0.026315789474,0.029166666667,0.008333333333,0.0,0.029166666667,-0.0,0.004166666667,-0.020833333333,0.0,0.0
warehouse-10-20-10-2-1|a50|s146|it0|14650fb0739d0383,warehouse-10-20-10-2-1,50,146,0,14650fb0739d0383,repair5g521_grid_c1p25_b1p25_f1p00_w0p75_dc0p90_df1p00_beta0p55_max0p75_c0,g521_second_wave,high_beta,g521_second_wave,,False,False,False,False,False,False,False,False,False,False,False,False,False,False,,,False,False,1.25,1.25,1.0,0.75,0.9,1.0,0.55,0.75,False,False,False,False,False,False,50.0,3.931825632724,0.0,9749.0,194.98,9.185022563992,0.0,0.0,0.0,0.0,1.0,0.0,9100.0,438.0,211.0,5244.0,3856.0,0.048131868132,0.023186813187,8.76,182.0,0.576263736264,0.0,0.0,0.0,0.0,0.0,2.0,2.0,0.0,50.0,3.9318256327243257,0.0,1.25,1.25,1.0,0.75,0.9,1.0,0.55,0.75,0.0,0.0,1.0,0.0,0.0,0.0,0.0,0.0,0.0,1.0,0.0,0.0,0.0,0.576263736264,0.060164835165,0.01739010989,0.0,repair5g59_high_beta_cap_safe,0.070710678119,0.070710678119,0.068322613158,0.086842105263,-0.032894736842,0.059210526316,0.111842105263,-0.048947368421,0.002631578947,0.151315789474,0.032894736842,-0.026315789474,0.029166666667,0.008333333333,0.0,0.029166666667,-0.05,0.004166666667,-0.020833333333,0.0,0.0
warehouse-10-20-10-2-1|a50|s146|it0|14650fb0739d0383,warehouse-10-20-10-2-1,50,146,0,14650fb0739d0383,repair5g521_grid_c1p25_b1p25_f1p00_w0p75_dc0p95_df0p95_beta0p55_max0p75_c0,g521_second_wave,high_beta,g521_second_wave,,False,False,False,False,False,False,False,False,False,False,False,False,False,False,,,False,False,1.25,1.25,1.0,0.75,0.95,0.95,0.55,0.75,False,False,False,False,False,False,50.0,3.931825632724,0.0,9749.0,194.98,9.185022563992,0.0,0.0,0.0,0.0,1.0,0.0,9100.0,438.0,211.0,5244.0,3856.0,0.048131868132,0.023186813187,8.76,182.0,0.576263736264,0.0,0.0,0.0,0.0,0.0,2.0,2.0,0.0,50.0,3.9318256327243257,0.0,1.25,1.25,1.0,0.75,0.95,0.95,0.55,0.75,0.0,0.0,1.0,0.0,0.0,0.0,0.0,0.0,0.0,1.0,0.0,0.0,0.0,0.576263736264,0.060164835165,0.01739010989,0.0,repair5g59_high_beta_cap_safe,0.070710678119,0.070710678119,0.068322613158,0.086842105263,-0.032894736842,0.059210526316,0.111842105263,0.001052631579,-0.047368421053,0.151315789474,0.032894736842,-0.026315789474,0.029166666667,0.008333333333,0.0,0.029166666667,-0.0,-0.045833333333,-0.020833333333,0.0,0.0
warehouse-10-20-10-2-1|a50|s146|it0|14650fb0739d0383,warehouse-10-20-10-2-1,50,146,0,14650fb0739d0383,repair5g521_grid_c1p25_b1p25_f1p00_w0p75_dc1p00_df1p00_beta0p55_max0p75_c0,g521_second_wave,high_beta,g521_second_wave,,False,False,False,False,False,False,False,False,False,False,False,False,False,False,,,False,False,1.25,1.25,1.0,0.75,1.0,1.0,0.55,0.75,False,False,False,False,False,False,50.0,3.931825632724,0.0,9749.0,194.98,9.185022563992,0.0,0.0,0.0,0.0,1.0,0.0,9100.0,438.0,211.0,5244.0,3856.0,0.048131868132,0.023186813187,8.76,182.0,0.576263736264,0.0,0.0,0.0,0.0,0.0,2.0,2.0,0.0,50.0,3.9318256327243257,0.0,1.25,1.25,1.0,0.75,1.0,1.0,0.55,0.75,0.0,0.0,1.0,0.0,0.0,0.0,0.0,0.0,0.0,1.0,0.0,0.0,0.0,0.576263736264,0.060164835165,0.01739010989,0.0,repair5g59_high_beta_cap_safe,0.070710678119,0.070710678119,0.068322613158,0.086842105263,-0.032894736842,0.059210526316,0.111842105263,0.051052631579,0.002631578947,0.151315789474,0.032894736842,-0.026315789474,0.029166666667,0.008333333333,0.0,0.029166666667,0.05,0.004166666667,-0.020833333333,0.0,0.0
