g547_fulltheta_smoke_row_id,execution_mode,counts_as_new_g546_solver_row,real_solver_execution,context_key,context_id,role,candidate_id,materialized_method,sampling_policy,map,map_family,agents,seed,budget_ms,iteration,solution_found,probe_feasible,sum_of_loss_ratio,probe_sum_of_loss,probe_lower_bound,probe_runtime_ms,expanded_nodes,low_level_pibt_calls,trace_event_count,delta_vs_additive_in_same_context,delta_vs_static_in_same_context,is_best_candidate_in_context,oracle_gap_vs_static,candidate_recognized,updateparams_hash,updateparams_fingerprint,traffic_before_hash_full,theta_alpha_cong_commit_progress,theta_alpha_cong_commit_nonprogress,theta_alpha_cong_block,theta_alpha_cong_wait_progress,theta_alpha_cong_wait_nonprogress,theta_alpha_flow_commit_progress,theta_alpha_flow_wait_progress,theta_rho_cong_decay,theta_rho_flow_decay,theta_lambda_cong,theta_lambda_flow,theta_flow_shield_beta,theta_max_flow_shield,theta_min_edge_cost,theta_max_edge_cost,theta_goal_projection_mode_flow_shield,theta_goal_projection_mode_agent_progress,theta_goal_projection_mode_none,feature_map_family_maze,feature_map_family_random,feature_map_family_warehouse,feature_agents,feature_budget_ms,feature_iteration_final,feature_trace_event_count,feature_trace_events_per_agent,feature_pibt_failure_audit_count,feature_expanded_nodes,feature_high_level_expansions,feature_low_level_pibt_calls,feature_expansions_per_agent,feature_budget_per_agent,feature_obstacle_ratio_proxy,feature_corridor_proxy,feature_junction_proxy,phase5p5_allowed,phase6_allowed,runtime_claim_allowed,learned_runtime_policy_validated,aaai_ready,counts_as_new_g547_solver_row
g547_fulltheta_smoke_00000000,new_g547_fulltheta_counterfactual_update_probe_solver_row,True,True,maze-32-32-4|50|486|25|0|14650fb0739d0383,maze-32-32-4|a50|s486|it0|g547_fulltheta_smoke_maze_32_32_4_a50_s486_b500,additive_ltm,repair5g59_additive_fallback,repair5g59_additive_fallback,baseline,maze-32-32-4,maze,50,486,500,0,False,False,,,1898,149.0258,1,0,1639,,,False,,True,35049bacad216c02,alpha_commit=1|alpha_block=1|alpha_wait_spillover=1|rho_decay=1|force_additive=1|enable_dual_channel=0|alpha_cong_commit_progress=0|alpha_cong_commit_nonprogress=1|alpha_cong_block=1|alpha_cong_wait_progress=1|alpha_cong_wait_nonprogress=1|alpha_flow_commit_progress=0|alpha_flow_wait_progress=0|rho_cong_decay=1|rho_flow_decay=1|lambda_cong=1|lambda_flow=0|min_edge_cost=0.25|max_edge_cost=11|goal_projection_mode=none|flow_shield_beta=0|max_flow_shield=0,14650fb0739d0383,0,1,1,1,1,0,0,1,1,1,0,0,0.25,0.25,11,0,0,1,1,0,0,50,25,0,1639,32.78,0,1,0,0,0.02,0.5,0.25,1,0.3,False,False,False,False,False,True
g547_fulltheta_smoke_00000001,new_g547_fulltheta_counterfactual_update_probe_solver_row,True,True,maze-32-32-4|50|486|25|0|14650fb0739d0383,maze-32-32-4|a50|s486|it0|g547_fulltheta_smoke_maze_32_32_4_a50_s486_b500,static_flow_shield,repair5g59_static_flow_shield,repair5g59_static_flow_shield,baseline,maze-32-32-4,maze,50,486,500,0,False,False,,,1898,241.9099,1,0,1639,,,False,,True,29737bed70c56f0d,alpha_commit=1.25|alpha_block=1.25|alpha_wait_spillover=0.75|rho_decay=0.94999999999999996|force_additive=0|enable_dual_channel=1|alpha_cong_commit_progress=1.25|alpha_cong_commit_nonprogress=1.25|alpha_cong_block=1.25|alpha_cong_wait_progress=0.75|alpha_cong_wait_nonprogress=0.75|alpha_flow_commit_progress=1|alpha_flow_wait_progress=0|rho_cong_decay=0.94999999999999996|rho_flow_decay=1|lambda_cong=1|lambda_flow=0|min_edge_cost=1|max_edge_cost=11|goal_projection_mode=flow_shield|flow_shield_beta=0.34999999999999998|max_flow_shield=0.75,14650fb0739d0383,1.25,1.25,1.25,0.75,0.75,1,1,0.95,1,1,1,0.35,0.75,1,11,1,0,0,1,0,0,50,25,0,1639,32.78,0,1,0,0,0.02,0.5,0.25,1,0.3,False,False,False,False,False,True
g547_fulltheta_smoke_00000002,new_g547_fulltheta_counterfactual_update_probe_solver_row,True,True,maze-32-32-4|50|486|25|0|14650fb0739d0383,maze-32-32-4|a50|s486|it0|g547_fulltheta_smoke_maze_32_32_4_a50_s486_b500,frozen_family_static_goal_aware,repair5g59_high_beta_cap_safe,repair5g59_high_beta_cap_safe,baseline,maze-32-32-4,maze,50,486,500,0,False,False,,,1898,230.5386,1,0,1639,,,False,,True,fbcf27bf34de68c,alpha_commit=1.25|alpha_block=1.25|alpha_wait_spillover=0.75|rho_decay=0.94999999999999996|force_additive=0|enable_dual_channel=1|alpha_cong_commit_progress=1.25|alpha_cong_commit_nonprogress=1.25|alpha_cong_block=1.25|alpha_cong_wait_progress=0.75|alpha_cong_wait_nonprogress=0.75|alpha_flow_commit_progress=1|alpha_flow_wait_progress=0|rho_cong_decay=0.94999999999999996|rho_flow_decay=1|lambda_cong=1|lambda_flow=0|min_edge_cost=1|max_edge_cost=11|goal_projection_mode=flow_shield|flow_shield_beta=0.59999999999999998|max_flow_shield=0.75,14650fb0739d0383,1.25,1.25,1.25,0.75,0.75,1,1,0.95,1,1,1,0.6,0.75,1,11,1,0,0,1,0,0,50,25,0,1639,32.78,0,1,0,0,0.02,0.5,0.25,1,0.3,False,False,False,False,False,True
g547_fulltheta_smoke_00000003,new_g547_fulltheta_counterfactual_update_probe_solver_row,True,True,maze-32-32-4|50|486|25|0|14650fb0739d0383,maze-32-32-4|a50|s486|it0|g547_fulltheta_smoke_maze_32_32_4_a50_s486_b500,generated_theta::repair5g547_theta_000001,repair5g547_theta_000001,repair5g547_theta_000001,fulltheta_smoke::all_fields_reference,maze-32-32-4,maze,50,486,500,0,False,False,,,1898,239.6936,1,0,1639,,,False,,True,e30a75611aecfe79,alpha_commit=1.25|alpha_block=1.25|alpha_wait_spillover=0.75|rho_decay=0.94999999999999996|force_additive=0|enable_dual_channel=1|alpha_cong_commit_progress=1.25|alpha_cong_commit_nonprogress=1.25|alpha_cong_block=1.25|alpha_cong_wait_progress=0.75|alpha_cong_wait_nonprogress=0.75|alpha_flow_commit_progress=1|alpha_flow_wait_progress=1|rho_cong_decay=0.94999999999999996|rho_flow_decay=1|lambda_cong=1|lambda_flow=1|min_edge_cost=1|max_edge_cost=11|goal_projection_mode=flow_shield|flow_shield_beta=0.34999999999999998|max_flow_shield=0.75,14650fb0739d0383,1.25,1.25,1.25,0.75,0.75,1,1,0.95,1,1,1,0.35,0.75,1,11,1,0,0,1,0,0,50,25,0,1639,32.78,0,1,0,0,0.02,0.5,0.25,1,0.3,False,False,False,False,False,True
g547_fulltheta_smoke_00000004,new_g547_fulltheta_counterfactual_update_probe_solver_row,True,True,maze-32-32-4|50|486|25|0|14650fb0739d0383,maze-32-32-4|a50|s486|it0|g547_fulltheta_smoke_maze_32_32_4_a50_s486_b500,generated_theta::repair5g547_theta_000002,repair5g547_theta_000002,repair5g547_theta_000002,fulltheta_smoke::theta_lambda_flow,maze-32-32-4,maze,50,486,500,0,False,False,,,1898,239.6361,1,0,1639,,,False,,True,a4814b677c6d1180,alpha_commit=1.25|alpha_block=1.25|alpha_wait_spillover=0.75|rho_decay=0.94999999999999996|force_additive=0|enable_dual_channel=1|alpha_cong_commit_progress=1.25|alpha_cong_commit_nonprogress=1.25|alpha_cong_block=1.25|alpha_cong_wait_progress=0.75|alpha_cong_wait_nonprogress=0.75|alpha_flow_commit_progress=1|alpha_flow_wait_progress=1|rho_cong_decay=0.94999999999999996|rho_flow_decay=1|lambda_cong=1|lambda_flow=0.10000000000000001|min_edge_cost=1|max_edge_cost=11|goal_projection_mode=flow_shield|flow_shield_beta=0.34999999999999998|max_flow_shield=0.75,14650fb0739d0383,1.25,1.25,1.25,0.75,0.75,1,1,0.95,1,1,0.1,0.35,0.75,1,11,1,0,0,1,0,0,50,25,0,1639,32.78,0,1,0,0,0.02,0.5,0.25,1,0.3,False,False,False,False,False,True
g547_fulltheta_smoke_00000005,new_g547_fulltheta_counterfactual_update_probe_solver_row,True,True,maze-32-32-4|50|486|25|0|14650fb0739d0383,maze-32-32-4|a50|s486|it0|g547_fulltheta_smoke_maze_32_32_4_a50_s486_b500,generated_theta::repair5g547_theta_000003,repair5g547_theta_000003,repair5g547_theta_000003,fulltheta_smoke::theta_lambda_flow,maze-32-32-4,maze,50,486,500,0,False,False,,,1898,229.6024,1,0,1639,,,False,,True,8584e99b6c1a5647,alpha_commit=1.25|alpha_block=1.25|alpha_wait_spillover=0.75|rho_decay=0.94999999999999996|force_additive=0|enable_dual_channel=1|alpha_cong_commit_progress=1.25|alpha_cong_commit_nonprogress=1.25|alpha_cong_block=1.25|alpha_cong_wait_progress=0.75|alpha_cong_wait_nonprogress=0.75|alpha_flow_commit_progress=1|alpha_flow_wait_progress=1|rho_cong_decay=0.94999999999999996|rho_flow_decay=1|lambda_cong=1|lambda_flow=1.3999999999999999|min_edge_cost=1|max_edge_cost=11|goal_projection_mode=flow_shield|flow_shield_beta=0.34999999999999998|max_flow_shield=0.75,14650fb0739d0383,1.25,1.25,1.25,0.75,0.75,1,1,0.95,1,1,1.4,0.35,0.75,1,11,1,0,0,1,0,0,50,25,0,1639,32.78,0,1,0,0,0.02,0.5,0.25,1,0.3,False,False,False,False,False,True
g547_fulltheta_smoke_00000006,new_g547_fulltheta_counterfactual_update_probe_solver_row,True,True,maze-32-32-4|50|486|25|0|14650fb0739d0383,maze-32-32-4|a50|s486|it0|g547_fulltheta_smoke_maze_32_32_4_a50_s486_b500,generated_theta::repair5g547_theta_000004,repair5g547_theta_000004,repair5g547_theta_000004,fulltheta_smoke::theta_lambda_cong,maze-32-32-4,maze,50,486,500,0,False,False,,,1898,226.8665,1,0,1639,,,False,,True,b5442e0c6c6741b0,alpha_commit=1.25|alpha_block=1.25|alpha_wait_spillover=0.75|rho_decay=0.94999999999999996|force_additive=0|enable_dual_channel=1|alpha_cong_commit_progress=1.25|alpha_cong_commit_nonprogress=1.25|alpha_cong_block=1.25|alpha_cong_wait_progress=0.75|alpha_cong_wait_nonprogress=0.75|alpha_flow_commit_progress=1|alpha_flow_wait_progress=1|rho_cong_decay=0.94999999999999996|rho_flow_decay=1|lambda_cong=0.59999999999999998|lambda_flow=1|min_edge_cost=1|max_edge_cost=11|goal_projection_mode=flow_shield|flow_shield_beta=0.34999999999999998|max_flow_shield=0.75,14650fb0739d0383,1.25,1.25,1.25,0.75,0.75,1,1,0.95,1,0.6,1,0.35,0.75,1,11,1,0,0,1,0,0,50,25,0,1639,32.78,0,1,0,0,0.02,0.5,0.25,1,0.3,False,False,False,False,False,True
g547_fulltheta_smoke_00000007,new_g547_fulltheta_counterfactual_update_probe_solver_row,True,True,maze-32-32-4|50|486|25|0|14650fb0739d0383,maze-32-32-4|a50|s486|it0|g547_fulltheta_smoke_maze_32_32_4_a50_s486_b500,generated_theta::repair5g547_theta_000005,repair5g547_theta_000005,repair5g547_theta_000005,fulltheta_smoke::theta_lambda_cong,maze-32-32-4,maze,50,486,500,0,False,False,,,1898,239.1445,1,0,1639,,,False,,True,77f3f55aa954d3f,alpha_commit=1.25|alpha_block=1.25|alpha_wait_spillover=0.75|rho_decay=0.94999999999999996|force_additive=0|enable_dual_channel=1|alpha_cong_commit_progress=1.25|alpha_cong_commit_nonprogress=1.25|alpha_cong_block=1.25|alpha_cong_wait_progress=0.75|alpha_cong_wait_nonprogress=0.75|alpha_flow_commit_progress=1|alpha_flow_wait_progress=1|rho_cong_decay=0.94999999999999996|rho_flow_decay=1|lambda_cong=1.3999999999999999|lambda_flow=1|min_edge_cost=1|max_edge_cost=11|goal_projection_mode=flow_shield|flow_shield_beta=0.34999999999999998|max_flow_shield=0.75,14650fb0739d0383,1.25,1.25,1.25,0.75,0.75,1,1,0.95,1,1.4,1,0.35,0.75,1,11,1,0,0,1,0,0,50,25,0,1639,32.78,0,1,0,0,0.02,0.5,0.25,1,0.3,False,False,False,False,False,True
g547_fulltheta_smoke_00000008,new_g547_fulltheta_counterfactual_update_probe_solver_row,True,True,maze-32-32-4|50|486|25|0|14650fb0739d0383,maze-32-32-4|a50|s486|it0|g547_fulltheta_smoke_maze_32_32_4_a50_s486_b500,generated_theta::repair5g547_theta_000006,repair5g547_theta_000006,repair5g547_theta_000006,fulltheta_smoke::theta_alpha_flow_wait_progress,maze-32-32-4,maze,50,486,500,0,False,False,,,1898,307.2238,1,0,1639,,,False,,True,29c4ecda70affb5a,alpha_commit=1.25|alpha_block=1.25|alpha_wait_spillover=0.75|rho_decay=0.94999999999999996|force_additive=0|enable_dual_channel=1|alpha_cong_commit_progress=1.25|alpha_cong_commit_nonprogress=1.25|alpha_cong_block=1.25|alpha_cong_wait_progress=0.75|alpha_cong_wait_nonprogress=0.75|alpha_flow_commit_progress=1|alpha_flow_wait_progress=0|rho_cong_decay=0.94999999999999996|rho_flow_decay=1|lambda_cong=1|lambda_flow=1|min_edge_cost=1|max_edge_cost=11|goal_projection_mode=flow_shield|flow_shield_beta=0.34999999999999998|max_flow_shield=0.75,14650fb0739d0383,1.25,1.25,1.25,0.75,0.75,1,0,0.95,1,1,1,0.35,0.75,1,11,1,0,0,1,0,0,50,25,0,1639,32.78,0,1,0,0,0.02,0.5,0.25,1,0.3,False,False,False,False,False,True
g547_fulltheta_smoke_00000009,new_g547_fulltheta_counterfactual_update_probe_solver_row,True,True,maze-32-32-4|50|486|25|0|14650fb0739d0383,maze-32-32-4|a50|s486|it0|g547_fulltheta_smoke_maze_32_32_4_a50_s486_b500,generated_theta::repair5g547_theta_000007,repair5g547_theta_000007,repair5g547_theta_000007,fulltheta_smoke::theta_alpha_flow_wait_progress,maze-32-32-4,maze,50,486,500,0,False,False,,,1898,337.9064,1,0,1639,,,False,,True,b5a183b18079a70d,alpha_commit=1.25|alpha_block=1.25|alpha_wait_spillover=0.75|rho_decay=0.94999999999999996|force_additive=0|enable_dual_channel=1|alpha_cong_commit_progress=1.25|alpha_cong_commit_nonprogress=1.25|alpha_cong_block=1.25|alpha_cong_wait_progress=0.75|alpha_cong_wait_nonprogress=0.75|alpha_flow_commit_progress=1|alpha_flow_wait_progress=1.2|rho_cong_decay=0.94999999999999996|rho_flow_decay=1|lambda_cong=1|lambda_flow=1|min_edge_cost=1|max_edge_cost=11|goal_projection_mode=flow_shield|flow_shield_beta=0.34999999999999998|max_flow_shield=0.75,14650fb0739d0383,1.25,1.25,1.25,0.75,0.75,1,1.2,0.95,1,1,1,0.35,0.75,1,11,1,0,0,1,0,0,50,25,0,1639,32.78,0,1,0,0,0.02,0.5,0.25,1,0.3,False,False,False,False,False,True
g547_fulltheta_smoke_00000010,new_g547_fulltheta_counterfactual_update_probe_solver_row,True,True,maze-32-32-4|50|486|25|0|14650fb0739d0383,maze-32-32-4|a50|s486|it0|g547_fulltheta_smoke_maze_32_32_4_a50_s486_b500,generated_theta::repair5g547_theta_000008,repair5g547_theta_000008,repair5g547_theta_000008,fulltheta_smoke::theta_min_edge_cost,maze-32-32-4,maze,50,486,500,0,False,False,,,1898,333.1295,1,0,1639,,,False,,True,ef8f0d160cc2a725,alpha_commit=1.25|alpha_block=1.25|alpha_wait_spillover=0.75|rho_decay=0.94999999999999996|force_additive=0|enable_dual_channel=1|alpha_cong_commit_progress=1.25|alpha_cong_commit_nonprogress=1.25|alpha_cong_block=1.25|alpha_cong_wait_progress=0.75|alpha_cong_wait_nonprogress=0.75|alpha_flow_commit_progress=1|alpha_flow_wait_progress=1|rho_cong_decay=0.94999999999999996|rho_flow_decay=1|lambda_cong=1|lambda_flow=1|min_edge_cost=0.25|max_edge_cost=11|goal_projection_mode=flow_shield|flow_shield_beta=0.34999999999999998|max_flow_shield=0.75,14650fb0739d0383,1.25,1.25,1.25,0.75,0.75,1,1,0.95,1,1,1,0.35,0.75,0.25,11,1,0,0,1,0,0,50,25,0,1639,32.78,0,1,0,0,0.02,0.5,0.25,1,0.3,False,False,False,False,False,True
g547_fulltheta_smoke_00000011,new_g547_fulltheta_counterfactual_update_probe_solver_row,True,True,maze-32-32-4|50|486|25|0|14650fb0739d0383,maze-32-32-4|a50|s486|it0|g547_fulltheta_smoke_maze_32_32_4_a50_s486_b500,generated_theta::repair5g547_theta_000009,repair5g547_theta_000009,repair5g547_theta_000009,fulltheta_smoke::theta_min_edge_cost,maze-32-32-4,maze,50,486,500,0,False,False,,,1898,329.3727,1,0,1639,,,False,,True,e30a75611aecfe79,alpha_commit=1.25|alpha_block=1.25|alpha_wait_spillover=0.75|rho_decay=0.94999999999999996|force_additive=0|enable_dual_channel=1|alpha_cong_commit_progress=1.25|alpha_cong_commit_nonprogress=1.25|alpha_cong_block=1.25|alpha_cong_wait_progress=0.75|alpha_cong_wait_nonprogress=0.75|alpha_flow_commit_progress=1|alpha_flow_wait_progress=1|rho_cong_decay=0.94999999999999996|rho_flow_decay=1|lambda_cong=1|lambda_flow=1|min_edge_cost=1|max_edge_cost=11|goal_projection_mode=flow_shield|flow_shield_beta=0.34999999999999998|max_flow_shield=0.75,14650fb0739d0383,1.25,1.25,1.25,0.75,0.75,1,1,0.95,1,1,1,0.35,0.75,1,11,1,0,0,1,0,0,50,25,0,1639,32.78,0,1,0,0,0.02,0.5,0.25,1,0.3,False,False,False,False,False,True
g547_fulltheta_smoke_00000012,new_g547_fulltheta_counterfactual_update_probe_solver_row,True,True,maze-32-32-4|50|486|25|0|14650fb0739d0383,maze-32-32-4|a50|s486|it0|g547_fulltheta_smoke_maze_32_32_4_a50_s486_b500,generated_theta::repair5g547_theta_000010,repair5g547_theta_000010,repair5g547_theta_000010,fulltheta_smoke::theta_max_edge_cost,maze-32-32-4,maze,50,486,500,0,False,False,,,1898,270.5242,1,0,1639,,,False,,True,7a35172bbc1b94cb,alpha_commit=1.25|alpha_block=1.25|alpha_wait_spillover=0.75|rho_decay=0.94999999999999996|force_additive=0|enable_dual_channel=1|alpha_cong_commit_progress=1.25|alpha_cong_commit_nonprogress=1.25|alpha_cong_block=1.25|alpha_cong_wait_progress=0.75|alpha_cong_wait_nonprogress=0.75|alpha_flow_commit_progress=1|alpha_flow_wait_progress=1|rho_cong_decay=0.94999999999999996|rho_flow_decay=1|lambda_cong=1|lambda_flow=1|min_edge_cost=1|max_edge_cost=8|goal_projection_mode=flow_shield|flow_shield_beta=0.34999999999999998|max_flow_shield=0.75,14650fb0739d0383,1.25,1.25,1.25,0.75,0.75,1,1,0.95,1,1,1,0.35,0.75,1,8,1,0,0,1,0,0,50,25,0,1639,32.78,0,1,0,0,0.02,0.5,0.25,1,0.3,False,False,False,False,False,True
g547_fulltheta_smoke_00000013,new_g547_fulltheta_counterfactual_update_probe_solver_row,True,True,maze-32-32-4|50|486|25|0|14650fb0739d0383,maze-32-32-4|a50|s486|it0|g547_fulltheta_smoke_maze_32_32_4_a50_s486_b500,generated_theta::repair5g547_theta_000011,repair5g547_theta_000011,repair5g547_theta_000011,fulltheta_smoke::theta_max_edge_cost,maze-32-32-4,maze,50,486,500,0,False,False,,,1898,280.5274,1,0,1639,,,False,,True,35d66dc1ec012cc6,alpha_commit=1.25|alpha_block=1.25|alpha_wait_spillover=0.75|rho_decay=0.94999999999999996|force_additive=0|enable_dual_channel=1|alpha_cong_commit_progress=1.25|alpha_cong_commit_nonprogress=1.25|alpha_cong_block=1.25|alpha_cong_wait_progress=0.75|alpha_cong_wait_nonprogress=0.75|alpha_flow_commit_progress=1|alpha_flow_wait_progress=1|rho_cong_decay=0.94999999999999996|rho_flow_decay=1|lambda_cong=1|lambda_flow=1|min_edge_cost=1|max_edge_cost=12|goal_projection_mode=flow_shield|flow_shield_beta=0.34999999999999998|max_flow_shield=0.75,14650fb0739d0383,1.25,1.25,1.25,0.75,0.75,1,1,0.95,1,1,1,0.35,0.75,1,12,1,0,0,1,0,0,50,25,0,1639,32.78,0,1,0,0,0.02,0.5,0.25,1,0.3,False,False,False,False,False,True
g547_fulltheta_smoke_00000014,new_g547_fulltheta_counterfactual_update_probe_solver_row,True,True,maze-32-32-4|50|486|25|0|14650fb0739d0383,maze-32-32-4|a50|s486|it0|g547_fulltheta_smoke_maze_32_32_4_a50_s486_b500,generated_theta::repair5g547_theta_000012,repair5g547_theta_000012,repair5g547_theta_000012,fulltheta_smoke::goal_projection_mode,maze-32-32-4,maze,50,486,500,0,False,False,,,1898,321.9959,1,0,1639,,,False,,True,e30a75611aecfe79,alpha_commit=1.25|alpha_block=1.25|alpha_wait_spillover=0.75|rho_decay=0.94999999999999996|force_additive=0|enable_dual_channel=1|alpha_cong_commit_progress=1.25|alpha_cong_commit_nonprogress=1.25|alpha_cong_block=1.25|alpha_cong_wait_progress=0.75|alpha_cong_wait_nonprogress=0.75|alpha_flow_commit_progress=1|alpha_flow_wait_progress=1|rho_cong_decay=0.94999999999999996|rho_flow_decay=1|lambda_cong=1|lambda_flow=1|min_edge_cost=1|max_edge_cost=11|goal_projection_mode=flow_shield|flow_shield_beta=0.34999999999999998|max_flow_shield=0.75,14650fb0739d0383,1.25,1.25,1.25,0.75,0.75,1,1,0.95,1,1,1,0.35,0.75,1,11,1,0,0,1,0,0,50,25,0,1639,32.78,0,1,0,0,0.02,0.5,0.25,1,0.3,False,False,False,False,False,True
g547_fulltheta_smoke_00000015,new_g547_fulltheta_counterfactual_update_probe_solver_row,True,True,maze-32-32-4|50|486|25|0|14650fb0739d0383,maze-32-32-4|a50|s486|it0|g547_fulltheta_smoke_maze_32_32_4_a50_s486_b500,generated_theta::repair5g547_theta_000013,repair5g547_theta_000013,repair5g547_theta_000013,fulltheta_smoke::goal_projection_mode,maze-32-32-4,maze,50,486,500,0,False,False,,,1898,313.7302,1,0,1639,,,False,,True,562c13d7a176a2bc,alpha_commit=1.25|alpha_block=1.25|alpha_wait_spillover=0.75|rho_decay=0.94999999999999996|force_additive=0|enable_dual_channel=1|alpha_cong_commit_progress=1.25|alpha_cong_commit_nonprogress=1.25|alpha_cong_block=1.25|alpha_cong_wait_progress=0.75|alpha_cong_wait_nonprogress=0.75|alpha_flow_commit_progress=1|alpha_flow_wait_progress=1|rho_cong_decay=0.94999999999999996|rho_flow_decay=1|lambda_cong=1|lambda_flow=1|min_edge_cost=1|max_edge_cost=11|goal_projection_mode=agent_progress|flow_shield_beta=0.34999999999999998|max_flow_shield=0.75,14650fb0739d0383,1.25,1.25,1.25,0.75,0.75,1,1,0.95,1,1,1,0.35,0.75,1,11,0,1,0,1,0,0,50,25,0,1639,32.78,0,1,0,0,0.02,0.5,0.25,1,0.3,False,False,False,False,False,True
g547_fulltheta_smoke_00000016,new_g547_fulltheta_counterfactual_update_probe_solver_row,True,True,maze-32-32-4|50|486|25|0|14650fb0739d0383,maze-32-32-4|a50|s486|it0|g547_fulltheta_smoke_maze_32_32_4_a50_s486_b500,generated_theta::repair5g547_theta_000014,repair5g547_theta_000014,repair5g547_theta_000014,fulltheta_smoke::goal_projection_mode,maze-32-32-4,maze,50,486,500,0,False,False,,,1898,300.7975,1,0,1639,,,False,,True,b96f092bbcb39893,alpha_commit=1.25|alpha_block=1.25|alpha_wait_spillover=0.75|rho_decay=0.94999999999999996|force_additive=0|enable_dual_channel=1|alpha_cong_commit_progress=1.25|alpha_cong_commit_nonprogress=1.25|alpha_cong_block=1.25|alpha_cong_wait_progress=0.75|alpha_cong_wait_nonprogress=0.75|alpha_flow_commit_progress=1|alpha_flow_wait_progress=1|rho_cong_decay=0.94999999999999996|rho_flow_decay=1|lambda_cong=1|lambda_flow=1|min_edge_cost=1|max_edge_cost=11|goal_projection_mode=none|flow_shield_beta=0.34999999999999998|max_flow_shield=0.75,14650fb0739d0383,1.25,1.25,1.25,0.75,0.75,1,1,0.95,1,1,1,0.35,0.75,1,11,0,0,1,1,0,0,50,25,0,1639,32.78,0,1,0,0,0.02,0.5,0.25,1,0.3,False,False,False,False,False,True
g547_fulltheta_smoke_00000017,new_g547_fulltheta_counterfactual_update_probe_solver_row,True,True,maze-32-32-4|50|486|25|0|14650fb0739d0383,maze-32-32-4|a50|s486|it0|g547_fulltheta_smoke_maze_32_32_4_a50_s486_b500,generated_theta::repair5g547_theta_000015,repair5g547_theta_000015,repair5g547_theta_000015,fulltheta_smoke::theta_alpha_cong_commit_nonprogress,maze-32-32-4,maze,50,486,500,0,False,False,,,1898,355.903,1,0,1639,,,False,,True,95eced852605b4c7,alpha_commit=0.5|alpha_block=1.25|alpha_wait_spillover=0.75|rho_decay=0.94999999999999996|force_additive=0|enable_dual_channel=1|alpha_cong_commit_progress=1.25|alpha_cong_commit_nonprogress=0.5|alpha_cong_block=1.25|alpha_cong_wait_progress=0.75|alpha_cong_wait_nonprogress=0.75|alpha_flow_commit_progress=1|alpha_flow_wait_progress=1|rho_cong_decay=0.94999999999999996|rho_flow_decay=1|lambda_cong=1|lambda_flow=1|min_edge_cost=1|max_edge_cost=11|goal_projection_mode=flow_shield|flow_shield_beta=0.34999999999999998|max_flow_shield=0.75,14650fb0739d0383,1.25,0.5,1.25,0.75,0.75,1,1,0.95,1,1,1,0.35,0.75,1,11,1,0,0,1,0,0,50,25,0,1639,32.78,0,1,0,0,0.02,0.5,0.25,1,0.3,False,False,False,False,False,True
g547_fulltheta_smoke_00000018,new_g547_fulltheta_counterfactual_update_probe_solver_row,True,True,maze-32-32-4|50|486|25|0|14650fb0739d0383,maze-32-32-4|a50|s486|it0|g547_fulltheta_smoke_maze_32_32_4_a50_s486_b500,generated_theta::repair5g547_theta_000016,repair5g547_theta_000016,repair5g547_theta_000016,fulltheta_smoke::theta_alpha_cong_commit_nonprogress,maze-32-32-4,maze,50,486,500,0,False,False,,,1898,365.6087,1,0,1639,,,False,,True,2a15243280de3947,alpha_commit=1.75|alpha_block=1.25|alpha_wait_spillover=0.75|rho_decay=0.94999999999999996|force_additive=0|enable_dual_channel=1|alpha_cong_commit_progress=1.25|alpha_cong_commit_nonprogress=1.75|alpha_cong_block=1.25|alpha_cong_wait_progress=0.75|alpha_cong_wait_nonprogress=0.75|alpha_flow_commit_progress=1|alpha_flow_wait_progress=1|rho_cong_decay=0.94999999999999996|rho_flow_decay=1|lambda_cong=1|lambda_flow=1|min_edge_cost=1|max_edge_cost=11|goal_projection_mode=flow_shield|flow_shield_beta=0.34999999999999998|max_flow_shield=0.75,14650fb0739d0383,1.25,1.75,1.25,0.75,0.75,1,1,0.95,1,1,1,0.35,0.75,1,11,1,0,0,1,0,0,50,25,0,1639,32.78,0,1,0,0,0.02,0.5,0.25,1,0.3,False,False,False,False,False,True
g547_fulltheta_smoke_00000019,new_g547_fulltheta_counterfactual_update_probe_solver_row,True,True,maze-32-32-4|50|486|25|0|14650fb0739d0383,maze-32-32-4|a50|s486|it0|g547_fulltheta_smoke_maze_32_32_4_a50_s486_b1000,additive_ltm,repair5g59_additive_fallback,repair5g59_additive_fallback,baseline,maze-32-32-4,maze,50,486,1000,0,False,False,,,1898,155.7104,1,0,1755,,,False,,True,35049bacad216c02,alpha_commit=1|alpha_block=1|alpha_wait_spillover=1|rho_decay=1|force_additive=1|enable_dual_channel=0|alpha_cong_commit_progress=0|alpha_cong_commit_nonprogress=1|alpha_cong_block=1|alpha_cong_wait_progress=1|alpha_cong_wait_nonprogress=1|alpha_flow_commit_progress=0|alpha_flow_wait_progress=0|rho_cong_decay=1|rho_flow_decay=1|lambda_cong=1|lambda_flow=0|min_edge_cost=0.25|max_edge_cost=11|goal_projection_mode=none|flow_shield_beta=0|max_flow_shield=0,14650fb0739d0383,0,1,1,1,1,0,0,1,1,1,0,0,0.25,0.25,11,0,0,1,1,0,0,50,25,0,1755,35.1,0,1,0,0,0.02,0.5,0.25,1,0.3,False,False,False,False,False,True
g547_fulltheta_smoke_00000020,new_g547_fulltheta_counterfactual_update_probe_solver_row,True,True,maze-32-32-4|50|486|25|0|14650fb0739d0383,maze-32-32-4|a50|s486|it0|g547_fulltheta_smoke_maze_32_32_4_a50_s486_b1000,static_flow_shield,repair5g59_static_flow_shield,repair5g59_static_flow_shield,baseline,maze-32-32-4,maze,50,486,1000,0,False,False,,,1898,241.2596,1,0,1755,,,False,,True,29737bed70c56f0d,alpha_commit=1.25|alpha_block=1.25|alpha_wait_spillover=0.75|rho_decay=0.94999999999999996|force_additive=0|enable_dual_channel=1|alpha_cong_commit_progress=1.25|alpha_cong_commit_nonprogress=1.25|alpha_cong_block=1.25|alpha_cong_wait_progress=0.75|alpha_cong_wait_nonprogress=0.75|alpha_flow_commit_progress=1|alpha_flow_wait_progress=0|rho_cong_decay=0.94999999999999996|rho_flow_decay=1|lambda_cong=1|lambda_flow=0|min_edge_cost=1|max_edge_cost=11|goal_projection_mode=flow_shield|flow_shield_beta=0.34999999999999998|max_flow_shield=0.75,14650fb0739d0383,1.25,1.25,1.25,0.75,0.75,1,1,0.95,1,1,1,0.35,0.75,1,11,1,0,0,1,0,0,50,25,0,1755,35.1,0,1,0,0,0.02,0.5,0.25,1,0.3,False,False,False,False,False,True
g547_fulltheta_smoke_00000021,new_g547_fulltheta_counterfactual_update_probe_solver_row,True,True,maze-32-32-4|50|486|25|0|14650fb0739d0383,maze-32-32-4|a50|s486|it0|g547_fulltheta_smoke_maze_32_32_4_a50_s486_b1000,frozen_family_static_goal_aware,repair5g59_high_beta_cap_safe,repair5g59_high_beta_cap_safe,baseline,maze-32-32-4,maze,50,486,1000,0,False,False,,,1898,246.5378,1,0,1755,,,False,,True,fbcf27bf34de68c,alpha_commit=1.25|alpha_block=1.25|alpha_wait_spillover=0.75|rho_decay=0.94999999999999996|force_additive=0|enable_dual_channel=1|alpha_cong_commit_progress=1.25|alpha_cong_commit_nonprogress=1.25|alpha_cong_block=1.25|alpha_cong_wait_progress=0.75|alpha_cong_wait_nonprogress=0.75|alpha_flow_commit_progress=1|alpha_flow_wait_progress=0|rho_cong_decay=0.94999999999999996|rho_flow_decay=1|lambda_cong=1|lambda_flow=0|min_edge_cost=1|max_edge_cost=11|goal_projection_mode=flow_shield|flow_shield_beta=0.59999999999999998|max_flow_shield=0.75,14650fb0739d0383,1.25,1.25,1.25,0.75,0.75,1,1,0.95,1,1,1,0.6,0.75,1,11,1,0,0,1,0,0,50,25,0,1755,35.1,0,1,0,0,0.02,0.5,0.25,1,0.3,False,False,False,False,False,True
g547_fulltheta_smoke_00000022,new_g547_fulltheta_counterfactual_update_probe_solver_row,True,True,maze-32-32-4|50|486|25|0|14650fb0739d0383,maze-32-32-4|a50|s486|it0|g547_fulltheta_smoke_maze_32_32_4_a50_s486_b1000,generated_theta::repair5g547_theta_000001,repair5g547_theta_000001,repair5g547_theta_000001,fulltheta_smoke::all_fields_reference,maze-32-32-4,maze,50,486,1000,0,False,False,,,1898,238.6732,1,0,1755,,,False,,True,e30a75611aecfe79,alpha_commit=1.25|alpha_block=1.25|alpha_wait_spillover=0.75|rho_decay=0.94999999999999996|force_additive=0|enable_dual_channel=1|alpha_cong_commit_progress=1.25|alpha_cong_commit_nonprogress=1.25|alpha_cong_block=1.25|alpha_cong_wait_progress=0.75|alpha_cong_wait_nonprogress=0.75|alpha_flow_commit_progress=1|alpha_flow_wait_progress=1|rho_cong_decay=0.94999999999999996|rho_flow_decay=1|lambda_cong=1|lambda_flow=1|min_edge_cost=1|max_edge_cost=11|goal_projection_mode=flow_shield|flow_shield_beta=0.34999999999999998|max_flow_shield=0.75,14650fb0739d0383,1.25,1.25,1.25,0.75,0.75,1,1,0.95,1,1,1,0.35,0.75,1,11,1,0,0,1,0,0,50,25,0,1755,35.1,0,1,0,0,0.02,0.5,0.25,1,0.3,False,False,False,False,False,True
g547_fulltheta_smoke_00000023,new_g547_fulltheta_counterfactual_update_probe_solver_row,True,True,maze-32-32-4|50|486|25|0|14650fb0739d0383,maze-32-32-4|a50|s486|it0|g547_fulltheta_smoke_maze_32_32_4_a50_s486_b1000,generated_theta::repair5g547_theta_000002,repair5g547_theta_000002,repair5g547_theta_000002,fulltheta_smoke::theta_lambda_flow,maze-32-32-4,maze,50,486,1000,0,False,False,,,1898,241.9405,1,0,1755,,,False,,True,a4814b677c6d1180,alpha_commit=1.25|alpha_block=1.25|alpha_wait_spillover=0.75|rho_decay=0.94999999999999996|force_additive=0|enable_dual_channel=1|alpha_cong_commit_progress=1.25|alpha_cong_commit_nonprogress=1.25|alpha_cong_block=1.25|alpha_cong_wait_progress=0.75|alpha_cong_wait_nonprogress=0.75|alpha_flow_commit_progress=1|alpha_flow_wait_progress=1|rho_cong_decay=0.94999999999999996|rho_flow_decay=1|lambda_cong=1|lambda_flow=0.10000000000000001|min_edge_cost=1|max_edge_cost=11|goal_projection_mode=flow_shield|flow_shield_beta=0.34999999999999998|max_flow_shield=0.75,14650fb0739d0383,1.25,1.25,1.25,0.75,0.75,1,1,0.95,1,1,0.1,0.35,0.75,1,11,1,0,0,1,0,0,50,25,0,1755,35.1,0,1,0,0,0.02,0.5,0.25,1,0.3,False,False,False,False,False,True
g547_fulltheta_smoke_00000024,new_g547_fulltheta_counterfactual_update_probe_solver_row,True,True,maze-32-32-4|50|486|25|0|14650fb0739d0383,maze-32-32-4|a50|s486|it0|g547_fulltheta_smoke_maze_32_32_4_a50_s486_b1000,generated_theta::repair5g547_theta_000003,repair5g547_theta_000003,repair5g547_theta_000003,fulltheta_smoke::theta_lambda_flow,maze-32-32-4,maze,50,486,1000,0,False,False,,,1898,244.7965,1,0,1755,,,False,,True,8584e99b6c1a5647,alpha_commit=1.25|alpha_block=1.25|alpha_wait_spillover=0.75|rho_decay=0.94999999999999996|force_additive=0|enable_dual_channel=1|alpha_cong_commit_progress=1.25|alpha_cong_commit_nonprogress=1.25|alpha_cong_block=1.25|alpha_cong_wait_progress=0.75|alpha_cong_wait_nonprogress=0.75|alpha_flow_commit_progress=1|alpha_flow_wait_progress=1|rho_cong_decay=0.94999999999999996|rho_flow_decay=1|lambda_cong=1|lambda_flow=1.3999999999999999|min_edge_cost=1|max_edge_cost=11|goal_projection_mode=flow_shield|flow_shield_beta=0.34999999999999998|max_flow_shield=0.75,14650fb0739d0383,1.25,1.25,1.25,0.75,0.75,1,1,0.95,1,1,1.4,0.35,0.75,1,11,1,0,0,1,0,0,50,25,0,1755,35.1,0,1,0,0,0.02,0.5,0.25,1,0.3,False,False,False,False,False,True
g547_fulltheta_smoke_00000025,new_g547_fulltheta_counterfactual_update_probe_solver_row,True,True,maze-32-32-4|50|486|25|0|14650fb0739d0383,maze-32-32-4|a50|s486|it0|g547_fulltheta_smoke_maze_32_32_4_a50_s486_b1000,generated_theta::repair5g547_theta_000004,repair5g547_theta_000004,repair5g547_theta_000004,fulltheta_smoke::theta_lambda_cong,maze-32-32-4,maze,50,486,1000,0,False,False,,,1898,236.0777,1,0,1755,,,False,,True,b5442e0c6c6741b0,alpha_commit=1.25|alpha_block=1.25|alpha_wait_spillover=0.75|rho_decay=0.94999999999999996|force_additive=0|enable_dual_channel=1|alpha_cong_commit_progress=1.25|alpha_cong_commit_nonprogress=1.25|alpha_cong_block=1.25|alpha_cong_wait_progress=0.75|alpha_cong_wait_nonprogress=0.75|alpha_flow_commit_progress=1|alpha_flow_wait_progress=1|rho_cong_decay=0.94999999999999996|rho_flow_decay=1|lambda_cong=0.59999999999999998|lambda_flow=1|min_edge_cost=1|max_edge_cost=11|goal_projection_mode=flow_shield|flow_shield_beta=0.34999999999999998|max_flow_shield=0.75,14650fb0739d0383,1.25,1.25,1.25,0.75,0.75,1,1,0.95,1,0.6,1,0.35,0.75,1,11,1,0,0,1,0,0,50,25,0,1755,35.1,0,1,0,0,0.02,0.5,0.25,1,0.3,False,False,False,False,False,True
g547_fulltheta_smoke_00000026,new_g547_fulltheta_counterfactual_update_probe_solver_row,True,True,maze-32-32-4|50|486|25|0|14650fb0739d0383,maze-32-32-4|a50|s486|it0|g547_fulltheta_smoke_maze_32_32_4_a50_s486_b1000,generated_theta::repair5g547_theta_000005,repair5g547_theta_000005,repair5g547_theta_000005,fulltheta_smoke::theta_lambda_cong,maze-32-32-4,maze,50,486,1000,0,False,False,,,1898,238.5605,1,0,1755,,,False,,True,77f3f55aa954d3f,alpha_commit=1.25|alpha_block=1.25|alpha_wait_spillover=0.75|rho_decay=0.94999999999999996|force_additive=0|enable_dual_channel=1|alpha_cong_commit_progress=1.25|alpha_cong_commit_nonprogress=1.25|alpha_cong_block=1.25|alpha_cong_wait_progress=0.75|alpha_cong_wait_nonprogress=0.75|alpha_flow_commit_progress=1|alpha_flow_wait_progress=1|rho_cong_decay=0.94999999999999996|rho_flow_decay=1|lambda_cong=1.3999999999999999|lambda_flow=1|min_edge_cost=1|max_edge_cost=11|goal_projection_mode=flow_shield|flow_shield_beta=0.34999999999999998|max_flow_shield=0.75,14650fb0739d0383,1.25,1.25,1.25,0.75,0.75,1,1,0.95,1,1.4,1,0.35,0.75,1,11,1,0,0,1,0,0,50,25,0,1755,35.1,0,1,0,0,0.02,0.5,0.25,1,0.3,False,False,False,False,False,True
g547_fulltheta_smoke_00000027,new_g547_fulltheta_counterfactual_update_probe_solver_row,True,True,maze-32-32-4|50|486|25|0|14650fb0739d0383,maze-32-32-4|a50|s486|it0|g547_fulltheta_smoke_maze_32_32_4_a50_s486_b1000,generated_theta::repair5g547_theta_000006,repair5g547_theta_000006,repair5g547_theta_000006,fulltheta_smoke::theta_alpha_flow_wait_progress,maze-32-32-4,maze,50,486,1000,0,False,False,,,1898,327.2062,1,0,1755,,,False,,True,29c4ecda70affb5a,alpha_commit=1.25|alpha_block=1.25|alpha_wait_spillover=0.75|rho_decay=0.94999999999999996|force_additive=0|enable_dual_channel=1|alpha_cong_commit_progress=1.25|alpha_cong_commit_nonprogress=1.25|alpha_cong_block=1.25|alpha_cong_wait_progress=0.75|alpha_cong_wait_nonprogress=0.75|alpha_flow_commit_progress=1|alpha_flow_wait_progress=0|rho_cong_decay=0.94999999999999996|rho_flow_decay=1|lambda_cong=1|lambda_flow=1|min_edge_cost=1|max_edge_cost=11|goal_projection_mode=flow_shield|flow_shield_beta=0.34999999999999998|max_flow_shield=0.75,14650fb0739d0383,1.25,1.25,1.25,0.75,0.75,1,0,0.95,1,1,1,0.35,0.75,1,11,1,0,0,1,0,0,50,25,0,1755,35.1,0,1,0,0,0.02,0.5,0.25,1,0.3,False,False,False,False,False,True
g547_fulltheta_smoke_00000028,new_g547_fulltheta_counterfactual_update_probe_solver_row,True,True,maze-32-32-4|50|486|25|0|14650fb0739d0383,maze-32-32-4|a50|s486|it0|g547_fulltheta_smoke_maze_32_32_4_a50_s486_b1000,generated_theta::repair5g547_theta_000007,repair5g547_theta_000007,repair5g547_theta_000007,fulltheta_smoke::theta_alpha_flow_wait_progress,maze-32-32-4,maze,50,486,1000,0,False,False,,,1898,335.7424,1,0,1755,,,False,,True,b5a183b18079a70d,alpha_commit=1.25|alpha_block=1.25|alpha_wait_spillover=0.75|rho_decay=0.94999999999999996|force_additive=0|enable_dual_channel=1|alpha_cong_commit_progress=1.25|alpha_cong_commit_nonprogress=1.25|alpha_cong_block=1.25|alpha_cong_wait_progress=0.75|alpha_cong_wait_nonprogress=0.75|alpha_flow_commit_progress=1|alpha_flow_wait_progress=1.2|rho_cong_decay=0.94999999999999996|rho_flow_decay=1|lambda_cong=1|lambda_flow=1|min_edge_cost=1|max_edge_cost=11|goal_projection_mode=flow_shield|flow_shield_beta=0.34999999999999998|max_flow_shield=0.75,14650fb0739d0383,1.25,1.25,1.25,0.75,0.75,1,1.2,0.95,1,1,1,0.35,0.75,1,11,1,0,0,1,0,0,50,25,0,1755,35.1,0,1,0,0,0.02,0.5,0.25,1,0.3,False,False,False,False,False,True
g547_fulltheta_smoke_00000029,new_g547_fulltheta_counterfactual_update_probe_solver_row,True,True,maze-32-32-4|50|486|25|0|14650fb0739d0383,maze-32-32-4|a50|s486|it0|g547_fulltheta_smoke_maze_32_32_4_a50_s486_b1000,generated_theta::repair5g547_theta_000008,repair5g547_theta_000008,repair5g547_theta_000008,fulltheta_smoke::theta_min_edge_cost,maze-32-32-4,maze,50,486,1000,0,False,False,,,1898,266.7382,1,0,1755,,,False,,True,ef8f0d160cc2a725,alpha_commit=1.25|alpha_block=1.25|alpha_wait_spillover=0.75|rho_decay=0.94999999999999996|force_additive=0|enable_dual_channel=1|alpha_cong_commit_progress=1.25|alpha_cong_commit_nonprogress=1.25|alpha_cong_block=1.25|alpha_cong_wait_progress=0.75|alpha_cong_wait_nonprogress=0.75|alpha_flow_commit_progress=1|alpha_flow_wait_progress=1|rho_cong_decay=0.94999999999999996|rho_flow_decay=1|lambda_cong=1|lambda_flow=1|min_edge_cost=0.25|max_edge_cost=11|goal_projection_mode=flow_shield|flow_shield_beta=0.34999999999999998|max_flow_shield=0.75,14650fb0739d0383,1.25,1.25,1.25,0.75,0.75,1,1,0.95,1,1,1,0.35,0.75,0.25,11,1,0,0,1,0,0,50,25,0,1755,35.1,0,1,0,0,0.02,0.5,0.25,1,0.3,False,False,False,False,False,True
g547_fulltheta_smoke_00000030,new_g547_fulltheta_counterfactual_update_probe_solver_row,True,True,maze-32-32-4|50|486|25|0|14650fb0739d0383,maze-32-32-4|a50|s486|it0|g547_fulltheta_smoke_maze_32_32_4_a50_s486_b1000,generated_theta::repair5g547_theta_000009,repair5g547_theta_000009,repair5g547_theta_000009,fulltheta_smoke::theta_min_edge_cost,maze-32-32-4,maze,50,486,1000,0,False,False,,,1898,257.1658,1,0,1755,,,False,,True,e30a75611aecfe79,alpha_commit=1.25|alpha_block=1.25|alpha_wait_spillover=0.75|rho_decay=0.94999999999999996|force_additive=0|enable_dual_channel=1|alpha_cong_commit_progress=1.25|alpha_cong_commit_nonprogress=1.25|alpha_cong_block=1.25|alpha_cong_wait_progress=0.75|alpha_cong_wait_nonprogress=0.75|alpha_flow_commit_progress=1|alpha_flow_wait_progress=1|rho_cong_decay=0.94999999999999996|rho_flow_decay=1|lambda_cong=1|lambda_flow=1|min_edge_cost=1|max_edge_cost=11|goal_projection_mode=flow_shield|flow_shield_beta=0.34999999999999998|max_flow_shield=0.75,14650fb0739d0383,1.25,1.25,1.25,0.75,0.75,1,1,0.95,1,1,1,0.35,0.75,1,11,1,0,0,1,0,0,50,25,0,1755,35.1,0,1,0,0,0.02,0.5,0.25,1,0.3,False,False,False,False,False,True
g547_fulltheta_smoke_00000031,new_g547_fulltheta_counterfactual_update_probe_solver_row,True,True,maze-32-32-4|50|486|25|0|14650fb0739d0383,maze-32-32-4|a50|s486|it0|g547_fulltheta_smoke_maze_32_32_4_a50_s486_b1000,generated_theta::repair5g547_theta_000010,repair5g547_theta_000010,repair5g547_theta_000010,fulltheta_smoke::theta_max_edge_cost,maze-32-32-4,maze,50,486,1000,0,False,False,,,1898,244.644,1,0,1755,,,False,,True,7a35172bbc1b94cb,alpha_commit=1.25|alpha_block=1.25|alpha_wait_spillover=0.75|rho_decay=0.94999999999999996|force_additive=0|enable_dual_channel=1|alpha_cong_commit_progress=1.25|alpha_cong_commit_nonprogress=1.25|alpha_cong_block=1.25|alpha_cong_wait_progress=0.75|alpha_cong_wait_nonprogress=0.75|alpha_flow_commit_progress=1|alpha_flow_wait_progress=1|rho_cong_decay=0.94999999999999996|rho_flow_decay=1|lambda_cong=1|lambda_flow=1|min_edge_cost=1|max_edge_cost=8|goal_projection_mode=flow_shield|flow_shield_beta=0.34999999999999998|max_flow_shield=0.75,14650fb0739d0383,1.25,1.25,1.25,0.75,0.75,1,1,0.95,1,1,1,0.35,0.75,1,8,1,0,0,1,0,0,50,25,0,1755,35.1,0,1,0,0,0.02,0.5,0.25,1,0.3,False,False,False,False,False,True
g547_fulltheta_smoke_00000032,new_g547_fulltheta_counterfactual_update_probe_solver_row,True,True,maze-32-32-4|50|486|25|0|14650fb0739d0383,maze-32-32-4|a50|s486|it0|g547_fulltheta_smoke_maze_32_32_4_a50_s486_b1000,generated_theta::repair5g547_theta_000011,repair5g547_theta_000011,repair5g547_theta_000011,fulltheta_smoke::theta_max_edge_cost,maze-32-32-4,maze,50,486,1000,0,False,False,,,1898,361.4279,1,0,1755,,,False,,True,35d66dc1ec012cc6,alpha_commit=1.25|alpha_block=1.25|alpha_wait_spillover=0.75|rho_decay=0.94999999999999996|force_additive=0|enable_dual_channel=1|alpha_cong_commit_progress=1.25|alpha_cong_commit_nonprogress=1.25|alpha_cong_block=1.25|alpha_cong_wait_progress=0.75|alpha_cong_wait_nonprogress=0.75|alpha_flow_commit_progress=1|alpha_flow_wait_progress=1|rho_cong_decay=0.94999999999999996|rho_flow_decay=1|lambda_cong=1|lambda_flow=1|min_edge_cost=1|max_edge_cost=12|goal_projection_mode=flow_shield|flow_shield_beta=0.34999999999999998|max_flow_shield=0.75,14650fb0739d0383,1.25,1.25,1.25,0.75,0.75,1,1,0.95,1,1,1,0.35,0.75,1,12,1,0,0,1,0,0,50,25,0,1755,35.1,0,1,0,0,0.02,0.5,0.25,1,0.3,False,False,False,False,False,True
g547_fulltheta_smoke_00000033,new_g547_fulltheta_counterfactual_update_probe_solver_row,True,True,maze-32-32-4|50|486|25|0|14650fb0739d0383,maze-32-32-4|a50|s486|it0|g547_fulltheta_smoke_maze_32_32_4_a50_s486_b1000,generated_theta::repair5g547_theta_000012,repair5g547_theta_000012,repair5g547_theta_000012,fulltheta_smoke::goal_projection_mode,maze-32-32-4,maze,50,486,1000,0,False,False,,,1898,349.7874,1,0,1755,,,False,,True,e30a75611aecfe79,alpha_commit=1.25|alpha_block=1.25|alpha_wait_spillover=0.75|rho_decay=0.94999999999999996|force_additive=0|enable_dual_channel=1|alpha_cong_commit_progress=1.25|alpha_cong_commit_nonprogress=1.25|alpha_cong_block=1.25|alpha_cong_wait_progress=0.75|alpha_cong_wait_nonprogress=0.75|alpha_flow_commit_progress=1|alpha_flow_wait_progress=1|rho_cong_decay=0.94999999999999996|rho_flow_decay=1|lambda_cong=1|lambda_flow=1|min_edge_cost=1|max_edge_cost=11|goal_projection_mode=flow_shield|flow_shield_beta=0.34999999999999998|max_flow_shield=0.75,14650fb0739d0383,1.25,1.25,1.25,0.75,0.75,1,1,0.95,1,1,1,0.35,0.75,1,11,1,0,0,1,0,0,50,25,0,1755,35.1,0,1,0,0,0.02,0.5,0.25,1,0.3,False,False,False,False,False,True
g547_fulltheta_smoke_00000034,new_g547_fulltheta_counterfactual_update_probe_solver_row,True,True,maze-32-32-4|50|486|25|0|14650fb0739d0383,maze-32-32-4|a50|s486|it0|g547_fulltheta_smoke_maze_32_32_4_a50_s486_b1000,generated_theta::repair5g547_theta_000013,repair5g547_theta_000013,repair5g547_theta_000013,fulltheta_smoke::goal_projection_mode,maze-32-32-4,maze,50,486,1000,0,False,False,,,1898,354.8233,1,0,1755,,,False,,True,562c13d7a176a2bc,alpha_commit=1.25|alpha_block=1.25|alpha_wait_spillover=0.75|rho_decay=0.94999999999999996|force_additive=0|enable_dual_channel=1|alpha_cong_commit_progress=1.25|alpha_cong_commit_nonprogress=1.25|alpha_cong_block=1.25|alpha_cong_wait_progress=0.75|alpha_cong_wait_nonprogress=0.75|alpha_flow_commit_progress=1|alpha_flow_wait_progress=1|rho_cong_decay=0.94999999999999996|rho_flow_decay=1|lambda_cong=1|lambda_flow=1|min_edge_cost=1|max_edge_cost=11|goal_projection_mode=agent_progress|flow_shield_beta=0.34999999999999998|max_flow_shield=0.75,14650fb0739d0383,1.25,1.25,1.25,0.75,0.75,1,1,0.95,1,1,1,0.35,0.75,1,11,0,1,0,1,0,0,50,25,0,1755,35.1,0,1,0,0,0.02,0.5,0.25,1,0.3,False,False,False,False,False,True
g547_fulltheta_smoke_00000035,new_g547_fulltheta_counterfactual_update_probe_solver_row,True,True,maze-32-32-4|50|486|25|0|14650fb0739d0383,maze-32-32-4|a50|s486|it0|g547_fulltheta_smoke_maze_32_32_4_a50_s486_b1000,generated_theta::repair5g547_theta_000014,repair5g547_theta_000014,repair5g547_theta_000014,fulltheta_smoke::goal_projection_mode,maze-32-32-4,maze,50,486,1000,0,False,False,,,1898,241.4389,1,0,1755,,,False,,True,b96f092bbcb39893,alpha_commit=1.25|alpha_block=1.25|alpha_wait_spillover=0.75|rho_decay=0.94999999999999996|force_additive=0|enable_dual_channel=1|alpha_cong_commit_progress=1.25|alpha_cong_commit_nonprogress=1.25|alpha_cong_block=1.25|alpha_cong_wait_progress=0.75|alpha_cong_wait_nonprogress=0.75|alpha_flow_commit_progress=1|alpha_flow_wait_progress=1|rho_cong_decay=0.94999999999999996|rho_flow_decay=1|lambda_cong=1|lambda_flow=1|min_edge_cost=1|max_edge_cost=11|goal_projection_mode=none|flow_shield_beta=0.34999999999999998|max_flow_shield=0.75,14650fb0739d0383,1.25,1.25,1.25,0.75,0.75,1,1,0.95,1,1,1,0.35,0.75,1,11,0,0,1,1,0,0,50,25,0,1755,35.1,0,1,0,0,0.02,0.5,0.25,1,0.3,False,False,False,False,False,True
g547_fulltheta_smoke_00000036,new_g547_fulltheta_counterfactual_update_probe_solver_row,True,True,maze-32-32-4|50|486|25|0|14650fb0739d0383,maze-32-32-4|a50|s486|it0|g547_fulltheta_smoke_maze_32_32_4_a50_s486_b1000,generated_theta::repair5g547_theta_000015,repair5g547_theta_000015,repair5g547_theta_000015,fulltheta_smoke::theta_alpha_cong_commit_nonprogress,maze-32-32-4,maze,50,486,1000,0,False,False,,,1898,336.2402,1,0,1755,,,False,,True,95eced852605b4c7,alpha_commit=0.5|alpha_block=1.25|alpha_wait_spillover=0.75|rho_decay=0.94999999999999996|force_additive=0|enable_dual_channel=1|alpha_cong_commit_progress=1.25|alpha_cong_commit_nonprogress=0.5|alpha_cong_block=1.25|alpha_cong_wait_progress=0.75|alpha_cong_wait_nonprogress=0.75|alpha_flow_commit_progress=1|alpha_flow_wait_progress=1|rho_cong_decay=0.94999999999999996|rho_flow_decay=1|lambda_cong=1|lambda_flow=1|min_edge_cost=1|max_edge_cost=11|goal_projection_mode=flow_shield|flow_shield_beta=0.34999999999999998|max_flow_shield=0.75,14650fb0739d0383,1.25,0.5,1.25,0.75,0.75,1,1,0.95,1,1,1,0.35,0.75,1,11,1,0,0,1,0,0,50,25,0,1755,35.1,0,1,0,0,0.02,0.5,0.25,1,0.3,False,False,False,False,False,True
g547_fulltheta_smoke_00000037,new_g547_fulltheta_counterfactual_update_probe_solver_row,True,True,maze-32-32-4|50|486|25|0|14650fb0739d0383,maze-32-32-4|a50|s486|it0|g547_fulltheta_smoke_maze_32_32_4_a50_s486_b1000,generated_theta::repair5g547_theta_000016,repair5g547_theta_000016,repair5g547_theta_000016,fulltheta_smoke::theta_alpha_cong_commit_nonprogress,maze-32-32-4,maze,50,486,1000,0,False,False,,,1898,303.5953,1,0,1755,,,False,,True,2a15243280de3947,alpha_commit=1.75|alpha_block=1.25|alpha_wait_spillover=0.75|rho_decay=0.94999999999999996|force_additive=0|enable_dual_channel=1|alpha_cong_commit_progress=1.25|alpha_cong_commit_nonprogress=1.75|alpha_cong_block=1.25|alpha_cong_wait_progress=0.75|alpha_cong_wait_nonprogress=0.75|alpha_flow_commit_progress=1|alpha_flow_wait_progress=1|rho_cong_decay=0.94999999999999996|rho_flow_decay=1|lambda_cong=1|lambda_flow=1|min_edge_cost=1|max_edge_cost=11|goal_projection_mode=flow_shield|flow_shield_beta=0.34999999999999998|max_flow_shield=0.75,14650fb0739d0383,1.25,1.75,1.25,0.75,0.75,1,1,0.95,1,1,1,0.35,0.75,1,11,1,0,0,1,0,0,50,25,0,1755,35.1,0,1,0,0,0.02,0.5,0.25,1,0.3,False,False,False,False,False,True
g547_fulltheta_smoke_00000038,new_g547_fulltheta_counterfactual_update_probe_solver_row,True,True,maze-32-32-4|50|486|25|0|14650fb0739d0383,maze-32-32-4|a50|s486|it0|g547_fulltheta_smoke_maze_32_32_4_a50_s486_b2000,additive_ltm,repair5g59_additive_fallback,repair5g59_additive_fallback,baseline,maze-32-32-4,maze,50,486,2000,0,False,False,,,1898,156.5302,1,0,1476,,,False,,True,35049bacad216c02,alpha_commit=1|alpha_block=1|alpha_wait_spillover=1|rho_decay=1|force_additive=1|enable_dual_channel=0|alpha_cong_commit_progress=0|alpha_cong_commit_nonprogress=1|alpha_cong_block=1|alpha_cong_wait_progress=1|alpha_cong_wait_nonprogress=1|alpha_flow_commit_progress=0|alpha_flow_wait_progress=0|rho_cong_decay=1|rho_flow_decay=1|lambda_cong=1|lambda_flow=0|min_edge_cost=0.25|max_edge_cost=11|goal_projection_mode=none|flow_shield_beta=0|max_flow_shield=0,14650fb0739d0383,0,1,1,1,1,0,0,1,1,1,0,0,0.25,0.25,11,0,0,1,1,0,0,50,25,0,1476,29.52,0,1,0,0,0.02,0.5,0.25,1,0.3,False,False,False,False,False,True
g547_fulltheta_smoke_00000039,new_g547_fulltheta_counterfactual_update_probe_solver_row,True,True,maze-32-32-4|50|486|25|0|14650fb0739d0383,maze-32-32-4|a50|s486|it0|g547_fulltheta_smoke_maze_32_32_4_a50_s486_b2000,static_flow_shield,repair5g59_static_flow_shield,repair5g59_static_flow_shield,baseline,maze-32-32-4,maze,50,486,2000,0,False,False,,,1898,248.5677,1,0,1476,,,False,,True,29737bed70c56f0d,alpha_commit=1.25|alpha_block=1.25|alpha_wait_spillover=0.75|rho_decay=0.94999999999999996|force_additive=0|enable_dual_channel=1|alpha_cong_commit_progress=1.25|alpha_cong_commit_nonprogress=1.25|alpha_cong_block=1.25|alpha_cong_wait_progress=0.75|alpha_cong_wait_nonprogress=0.75|alpha_flow_commit_progress=1|alpha_flow_wait_progress=0|rho_cong_decay=0.94999999999999996|rho_flow_decay=1|lambda_cong=1|lambda_flow=0|min_edge_cost=1|max_edge_cost=11|goal_projection_mode=flow_shield|flow_shield_beta=0.34999999999999998|max_flow_shield=0.75,14650fb0739d0383,1.25,1.25,1.25,0.75,0.75,1,1,0.95,1,1,1,0.35,0.75,1,11,1,0,0,1,0,0,50,25,0,1476,29.52,0,1,0,0,0.02,0.5,0.25,1,0.3,False,False,False,False,False,True
g547_fulltheta_smoke_00000040,new_g547_fulltheta_counterfactual_update_probe_solver_row,True,True,maze-32-32-4|50|486|25|0|14650fb0739d0383,maze-32-32-4|a50|s486|it0|g547_fulltheta_smoke_maze_32_32_4_a50_s486_b2000,frozen_family_static_goal_aware,repair5g59_high_beta_cap_safe,repair5g59_high_beta_cap_safe,baseline,maze-32-32-4,maze,50,486,2000,0,False,False,,,1898,238.3428,1,0,1476,,,False,,True,fbcf27bf34de68c,alpha_commit=1.25|alpha_block=1.25|alpha_wait_spillover=0.75|rho_decay=0.94999999999999996|force_additive=0|enable_dual_channel=1|alpha_cong_commit_progress=1.25|alpha_cong_commit_nonprogress=1.25|alpha_cong_block=1.25|alpha_cong_wait_progress=0.75|alpha_cong_wait_nonprogress=0.75|alpha_flow_commit_progress=1|alpha_flow_wait_progress=0|rho_cong_decay=0.94999999999999996|rho_flow_decay=1|lambda_cong=1|lambda_flow=0|min_edge_cost=1|max_edge_cost=11|goal_projection_mode=flow_shield|flow_shield_beta=0.59999999999999998|max_flow_shield=0.75,14650fb0739d0383,1.25,1.25,1.25,0.75,0.75,1,1,0.95,1,1,1,0.6,0.75,1,11,1,0,0,1,0,0,50,25,0,1476,29.52,0,1,0,0,0.02,0.5,0.25,1,0.3,False,False,False,False,False,True
g547_fulltheta_smoke_00000041,new_g547_fulltheta_counterfactual_update_probe_solver_row,True,True,maze-32-32-4|50|486|25|0|14650fb0739d0383,maze-32-32-4|a50|s486|it0|g547_fulltheta_smoke_maze_32_32_4_a50_s486_b2000,generated_theta::repair5g547_theta_000001,repair5g547_theta_000001,repair5g547_theta_000001,fulltheta_smoke::all_fields_reference,maze-32-32-4,maze,50,486,2000,0,False,False,,,1898,222.356,1,0,1476,,,False,,True,e30a75611aecfe79,alpha_commit=1.25|alpha_block=1.25|alpha_wait_spillover=0.75|rho_decay=0.94999999999999996|force_additive=0|enable_dual_channel=1|alpha_cong_commit_progress=1.25|alpha_cong_commit_nonprogress=1.25|alpha_cong_block=1.25|alpha_cong_wait_progress=0.75|alpha_cong_wait_nonprogress=0.75|alpha_flow_commit_progress=1|alpha_flow_wait_progress=1|rho_cong_decay=0.94999999999999996|rho_flow_decay=1|lambda_cong=1|lambda_flow=1|min_edge_cost=1|max_edge_cost=11|goal_projection_mode=flow_shield|flow_shield_beta=0.34999999999999998|max_flow_shield=0.75,14650fb0739d0383,1.25,1.25,1.25,0.75,0.75,1,1,0.95,1,1,1,0.35,0.75,1,11,1,0,0,1,0,0,50,25,0,1476,29.52,0,1,0,0,0.02,0.5,0.25,1,0.3,False,False,False,False,False,True
g547_fulltheta_smoke_00000042,new_g547_fulltheta_counterfactual_update_probe_solver_row,True,True,maze-32-32-4|50|486|25|0|14650fb0739d0383,maze-32-32-4|a50|s486|it0|g547_fulltheta_smoke_maze_32_32_4_a50_s486_b2000,generated_theta::repair5g547_theta_000002,repair5g547_theta_000002,repair5g547_theta_000002,fulltheta_smoke::theta_lambda_flow,maze-32-32-4,maze,50,486,2000,0,False,False,,,1898,227.2361,1,0,1476,,,False,,True,a4814b677c6d1180,alpha_commit=1.25|alpha_block=1.25|alpha_wait_spillover=0.75|rho_decay=0.94999999999999996|force_additive=0|enable_dual_channel=1|alpha_cong_commit_progress=1.25|alpha_cong_commit_nonprogress=1.25|alpha_cong_block=1.25|alpha_cong_wait_progress=0.75|alpha_cong_wait_nonprogress=0.75|alpha_flow_commit_progress=1|alpha_flow_wait_progress=1|rho_cong_decay=0.94999999999999996|rho_flow_decay=1|lambda_cong=1|lambda_flow=0.10000000000000001|min_edge_cost=1|max_edge_cost=11|goal_projection_mode=flow_shield|flow_shield_beta=0.34999999999999998|max_flow_shield=0.75,14650fb0739d0383,1.25,1.25,1.25,0.75,0.75,1,1,0.95,1,1,0.1,0.35,0.75,1,11,1,0,0,1,0,0,50,25,0,1476,29.52,0,1,0,0,0.02,0.5,0.25,1,0.3,False,False,False,False,False,True
g547_fulltheta_smoke_00000043,new_g547_fulltheta_counterfactual_update_probe_solver_row,True,True,maze-32-32-4|50|486|25|0|14650fb0739d0383,maze-32-32-4|a50|s486|it0|g547_fulltheta_smoke_maze_32_32_4_a50_s486_b2000,generated_theta::repair5g547_theta_000003,repair5g547_theta_000003,repair5g547_theta_000003,fulltheta_smoke::theta_lambda_flow,maze-32-32-4,maze,50,486,2000,0,False,False,,,1898,245.8686,1,0,1476,,,False,,True,8584e99b6c1a5647,alpha_commit=1.25|alpha_block=1.25|alpha_wait_spillover=0.75|rho_decay=0.94999999999999996|force_additive=0|enable_dual_channel=1|alpha_cong_commit_progress=1.25|alpha_cong_commit_nonprogress=1.25|alpha_cong_block=1.25|alpha_cong_wait_progress=0.75|alpha_cong_wait_nonprogress=0.75|alpha_flow_commit_progress=1|alpha_flow_wait_progress=1|rho_cong_decay=0.94999999999999996|rho_flow_decay=1|lambda_cong=1|lambda_flow=1.3999999999999999|min_edge_cost=1|max_edge_cost=11|goal_projection_mode=flow_shield|flow_shield_beta=0.34999999999999998|max_flow_shield=0.75,14650fb0739d0383,1.25,1.25,1.25,0.75,0.75,1,1,0.95,1,1,1.4,0.35,0.75,1,11,1,0,0,1,0,0,50,25,0,1476,29.52,0,1,0,0,0.02,0.5,0.25,1,0.3,False,False,False,False,False,True
g547_fulltheta_smoke_00000044,new_g547_fulltheta_counterfactual_update_probe_solver_row,True,True,maze-32-32-4|50|486|25|0|14650fb0739d0383,maze-32-32-4|a50|s486|it0|g547_fulltheta_smoke_maze_32_32_4_a50_s486_b2000,generated_theta::repair5g547_theta_000004,repair5g547_theta_000004,repair5g547_theta_000004,fulltheta_smoke::theta_lambda_cong,maze-32-32-4,maze,50,486,2000,0,False,False,,,1898,237.9128,1,0,1476,,,False,,True,b5442e0c6c6741b0,alpha_commit=1.25|alpha_block=1.25|alpha_wait_spillover=0.75|rho_decay=0.94999999999999996|force_additive=0|enable_dual_channel=1|alpha_cong_commit_progress=1.25|alpha_cong_commit_nonprogress=1.25|alpha_cong_block=1.25|alpha_cong_wait_progress=0.75|alpha_cong_wait_nonprogress=0.75|alpha_flow_commit_progress=1|alpha_flow_wait_progress=1|rho_cong_decay=0.94999999999999996|rho_flow_decay=1|lambda_cong=0.59999999999999998|lambda_flow=1|min_edge_cost=1|max_edge_cost=11|goal_projection_mode=flow_shield|flow_shield_beta=0.34999999999999998|max_flow_shield=0.75,14650fb0739d0383,1.25,1.25,1.25,0.75,0.75,1,1,0.95,1,0.6,1,0.35,0.75,1,11,1,0,0,1,0,0,50,25,0,1476,29.52,0,1,0,0,0.02,0.5,0.25,1,0.3,False,False,False,False,False,True
g547_fulltheta_smoke_00000045,new_g547_fulltheta_counterfactual_update_probe_solver_row,True,True,maze-32-32-4|50|486|25|0|14650fb0739d0383,maze-32-32-4|a50|s486|it0|g547_fulltheta_smoke_maze_32_32_4_a50_s486_b2000,generated_theta::repair5g547_theta_000005,repair5g547_theta_000005,repair5g547_theta_000005,fulltheta_smoke::theta_lambda_cong,maze-32-32-4,maze,50,486,2000,0,False,False,,,1898,241.2905,1,0,1476,,,False,,True,77f3f55aa954d3f,alpha_commit=1.25|alpha_block=1.25|alpha_wait_spillover=0.75|rho_decay=0.94999999999999996|force_additive=0|enable_dual_channel=1|alpha_cong_commit_progress=1.25|alpha_cong_commit_nonprogress=1.25|alpha_cong_block=1.25|alpha_cong_wait_progress=0.75|alpha_cong_wait_nonprogress=0.75|alpha_flow_commit_progress=1|alpha_flow_wait_progress=1|rho_cong_decay=0.94999999999999996|rho_flow_decay=1|lambda_cong=1.3999999999999999|lambda_flow=1|min_edge_cost=1|max_edge_cost=11|goal_projection_mode=flow_shield|flow_shield_beta=0.34999999999999998|max_flow_shield=0.75,14650fb0739d0383,1.25,1.25,1.25,0.75,0.75,1,1,0.95,1,1.4,1,0.35,0.75,1,11,1,0,0,1,0,0,50,25,0,1476,29.52,0,1,0,0,0.02,0.5,0.25,1,0.3,False,False,False,False,False,True
g547_fulltheta_smoke_00000046,new_g547_fulltheta_counterfactual_update_probe_solver_row,True,True,maze-32-32-4|50|486|25|0|14650fb0739d0383,maze-32-32-4|a50|s486|it0|g547_fulltheta_smoke_maze_32_32_4_a50_s486_b2000,generated_theta::repair5g547_theta_000006,repair5g547_theta_000006,repair5g547_theta_000006,fulltheta_smoke::theta_alpha_flow_wait_progress,maze-32-32-4,maze,50,486,2000,0,False,False,,,1898,301.9633,1,0,1476,,,False,,True,29c4ecda70affb5a,alpha_commit=1.25|alpha_block=1.25|alpha_wait_spillover=0.75|rho_decay=0.94999999999999996|force_additive=0|enable_dual_channel=1|alpha_cong_commit_progress=1.25|alpha_cong_commit_nonprogress=1.25|alpha_cong_block=1.25|alpha_cong_wait_progress=0.75|alpha_cong_wait_nonprogress=0.75|alpha_flow_commit_progress=1|alpha_flow_wait_progress=0|rho_cong_decay=0.94999999999999996|rho_flow_decay=1|lambda_cong=1|lambda_flow=1|min_edge_cost=1|max_edge_cost=11|goal_projection_mode=flow_shield|flow_shield_beta=0.34999999999999998|max_flow_shield=0.75,14650fb0739d0383,1.25,1.25,1.25,0.75,0.75,1,0,0.95,1,1,1,0.35,0.75,1,11,1,0,0,1,0,0,50,25,0,1476,29.52,0,1,0,0,0.02,0.5,0.25,1,0.3,False,False,False,False,False,True
g547_fulltheta_smoke_00000047,new_g547_fulltheta_counterfactual_update_probe_solver_row,True,True,maze-32-32-4|50|486|25|0|14650fb0739d0383,maze-32-32-4|a50|s486|it0|g547_fulltheta_smoke_maze_32_32_4_a50_s486_b2000,generated_theta::repair5g547_theta_000007,repair5g547_theta_000007,repair5g547_theta_000007,fulltheta_smoke::theta_alpha_flow_wait_progress,maze-32-32-4,maze,50,486,2000,0,False,False,,,1898,311.6881,1,0,1476,,,False,,True,b5a183b18079a70d,alpha_commit=1.25|alpha_block=1.25|alpha_wait_spillover=0.75|rho_decay=0.94999999999999996|force_additive=0|enable_dual_channel=1|alpha_cong_commit_progress=1.25|alpha_cong_commit_nonprogress=1.25|alpha_cong_block=1.25|alpha_cong_wait_progress=0.75|alpha_cong_wait_nonprogress=0.75|alpha_flow_commit_progress=1|alpha_flow_wait_progress=1.2|rho_cong_decay=0.94999999999999996|rho_flow_decay=1|lambda_cong=1|lambda_flow=1|min_edge_cost=1|max_edge_cost=11|goal_projection_mode=flow_shield|flow_shield_beta=0.34999999999999998|max_flow_shield=0.75,14650fb0739d0383,1.25,1.25,1.25,0.75,0.75,1,1.2,0.95,1,1,1,0.35,0.75,1,11,1,0,0,1,0,0,50,25,0,1476,29.52,0,1,0,0,0.02,0.5,0.25,1,0.3,False,False,False,False,False,True
g547_fulltheta_smoke_00000048,new_g547_fulltheta_counterfactual_update_probe_solver_row,True,True,maze-32-32-4|50|486|25|0|14650fb0739d0383,maze-32-32-4|a50|s486|it0|g547_fulltheta_smoke_maze_32_32_4_a50_s486_b2000,generated_theta::repair5g547_theta_000008,repair5g547_theta_000008,repair5g547_theta_000008,fulltheta_smoke::theta_min_edge_cost,maze-32-32-4,maze,50,486,2000,0,False,False,,,1898,368.0191,1,0,1476,,,False,,True,ef8f0d160cc2a725,alpha_commit=1.25|alpha_block=1.25|alpha_wait_spillover=0.75|rho_decay=0.94999999999999996|force_additive=0|enable_dual_channel=1|alpha_cong_commit_progress=1.25|alpha_cong_commit_nonprogress=1.25|alpha_cong_block=1.25|alpha_cong_wait_progress=0.75|alpha_cong_wait_nonprogress=0.75|alpha_flow_commit_progress=1|alpha_flow_wait_progress=1|rho_cong_decay=0.94999999999999996|rho_flow_decay=1|lambda_cong=1|lambda_flow=1|min_edge_cost=0.25|max_edge_cost=11|goal_projection_mode=flow_shield|flow_shield_beta=0.34999999999999998|max_flow_shield=0.75,14650fb0739d0383,1.25,1.25,1.25,0.75,0.75,1,1,0.95,1,1,1,0.35,0.75,0.25,11,1,0,0,1,0,0,50,25,0,1476,29.52,0,1,0,0,0.02,0.5,0.25,1,0.3,False,False,False,False,False,True
g547_fulltheta_smoke_00000049,new_g547_fulltheta_counterfactual_update_probe_solver_row,True,True,maze-32-32-4|50|486|25|0|14650fb0739d0383,maze-32-32-4|a50|s486|it0|g547_fulltheta_smoke_maze_32_32_4_a50_s486_b2000,generated_theta::repair5g547_theta_000009,repair5g547_theta_000009,repair5g547_theta_000009,fulltheta_smoke::theta_min_edge_cost,maze-32-32-4,maze,50,486,2000,0,False,False,,,1898,361.8326,1,0,1476,,,False,,True,e30a75611aecfe79,alpha_commit=1.25|alpha_block=1.25|alpha_wait_spillover=0.75|rho_decay=0.94999999999999996|force_additive=0|enable_dual_channel=1|alpha_cong_commit_progress=1.25|alpha_cong_commit_nonprogress=1.25|alpha_cong_block=1.25|alpha_cong_wait_progress=0.75|alpha_cong_wait_nonprogress=0.75|alpha_flow_commit_progress=1|alpha_flow_wait_progress=1|rho_cong_decay=0.94999999999999996|rho_flow_decay=1|lambda_cong=1|lambda_flow=1|min_edge_cost=1|max_edge_cost=11|goal_projection_mode=flow_shield|flow_shield_beta=0.34999999999999998|max_flow_shield=0.75,14650fb0739d0383,1.25,1.25,1.25,0.75,0.75,1,1,0.95,1,1,1,0.35,0.75,1,11,1,0,0,1,0,0,50,25,0,1476,29.52,0,1,0,0,0.02,0.5,0.25,1,0.3,False,False,False,False,False,True
g547_fulltheta_smoke_00000050,new_g547_fulltheta_counterfactual_update_probe_solver_row,True,True,maze-32-32-4|50|486|25|0|14650fb0739d0383,maze-32-32-4|a50|s486|it0|g547_fulltheta_smoke_maze_32_32_4_a50_s486_b2000,generated_theta::repair5g547_theta_000010,repair5g547_theta_000010,repair5g547_theta_000010,fulltheta_smoke::theta_max_edge_cost,maze-32-32-4,maze,50,486,2000,0,False,False,,,1898,357.245,1,0,1476,,,False,,True,7a35172bbc1b94cb,alpha_commit=1.25|alpha_block=1.25|alpha_wait_spillover=0.75|rho_decay=0.94999999999999996|force_additive=0|enable_dual_channel=1|alpha_cong_commit_progress=1.25|alpha_cong_commit_nonprogress=1.25|alpha_cong_block=1.25|alpha_cong_wait_progress=0.75|alpha_cong_wait_nonprogress=0.75|alpha_flow_commit_progress=1|alpha_flow_wait_progress=1|rho_cong_decay=0.94999999999999996|rho_flow_decay=1|lambda_cong=1|lambda_flow=1|min_edge_cost=1|max_edge_cost=8|goal_projection_mode=flow_shield|flow_shield_beta=0.34999999999999998|max_flow_shield=0.75,14650fb0739d0383,1.25,1.25,1.25,0.75,0.75,1,1,0.95,1,1,1,0.35,0.75,1,8,1,0,0,1,0,0,50,25,0,1476,29.52,0,1,0,0,0.02,0.5,0.25,1,0.3,False,False,False,False,False,True
g547_fulltheta_smoke_00000051,new_g547_fulltheta_counterfactual_update_probe_solver_row,True,True,maze-32-32-4|50|486|25|0|14650fb0739d0383,maze-32-32-4|a50|s486|it0|g547_fulltheta_smoke_maze_32_32_4_a50_s486_b2000,generated_theta::repair5g547_theta_000011,repair5g547_theta_000011,repair5g547_theta_000011,fulltheta_smoke::theta_max_edge_cost,maze-32-32-4,maze,50,486,2000,0,False,False,,,1898,349.99,1,0,1476,,,False,,True,35d66dc1ec012cc6,alpha_commit=1.25|alpha_block=1.25|alpha_wait_spillover=0.75|rho_decay=0.94999999999999996|force_additive=0|enable_dual_channel=1|alpha_cong_commit_progress=1.25|alpha_cong_commit_nonprogress=1.25|alpha_cong_block=1.25|alpha_cong_wait_progress=0.75|alpha_cong_wait_nonprogress=0.75|alpha_flow_commit_progress=1|alpha_flow_wait_progress=1|rho_cong_decay=0.94999999999999996|rho_flow_decay=1|lambda_cong=1|lambda_flow=1|min_edge_cost=1|max_edge_cost=12|goal_projection_mode=flow_shield|flow_shield_beta=0.34999999999999998|max_flow_shield=0.75,14650fb0739d0383,1.25,1.25,1.25,0.75,0.75,1,1,0.95,1,1,1,0.35,0.75,1,12,1,0,0,1,0,0,50,25,0,1476,29.52,0,1,0,0,0.02,0.5,0.25,1,0.3,False,False,False,False,False,True
g547_fulltheta_smoke_00000052,new_g547_fulltheta_counterfactual_update_probe_solver_row,True,True,maze-32-32-4|50|486|25|0|14650fb0739d0383,maze-32-32-4|a50|s486|it0|g547_fulltheta_smoke_maze_32_32_4_a50_s486_b2000,generated_theta::repair5g547_theta_000012,repair5g547_theta_000012,repair5g547_theta_000012,fulltheta_smoke::goal_projection_mode,maze-32-32-4,maze,50,486,2000,0,False,False,,,1898,400.0471,1,0,1476,,,False,,True,e30a75611aecfe79,alpha_commit=1.25|alpha_block=1.25|alpha_wait_spillover=0.75|rho_decay=0.94999999999999996|force_additive=0|enable_dual_channel=1|alpha_cong_commit_progress=1.25|alpha_cong_commit_nonprogress=1.25|alpha_cong_block=1.25|alpha_cong_wait_progress=0.75|alpha_cong_wait_nonprogress=0.75|alpha_flow_commit_progress=1|alpha_flow_wait_progress=1|rho_cong_decay=0.94999999999999996|rho_flow_decay=1|lambda_cong=1|lambda_flow=1|min_edge_cost=1|max_edge_cost=11|goal_projection_mode=flow_shield|flow_shield_beta=0.34999999999999998|max_flow_shield=0.75,14650fb0739d0383,1.25,1.25,1.25,0.75,0.75,1,1,0.95,1,1,1,0.35,0.75,1,11,1,0,0,1,0,0,50,25,0,1476,29.52,0,1,0,0,0.02,0.5,0.25,1,0.3,False,False,False,False,False,True
g547_fulltheta_smoke_00000053,new_g547_fulltheta_counterfactual_update_probe_solver_row,True,True,maze-32-32-4|50|486|25|0|14650fb0739d0383,maze-32-32-4|a50|s486|it0|g547_fulltheta_smoke_maze_32_32_4_a50_s486_b2000,generated_theta::repair5g547_theta_000013,repair5g547_theta_000013,repair5g547_theta_000013,fulltheta_smoke::goal_projection_mode,maze-32-32-4,maze,50,486,2000,0,False,False,,,1898,362.0469,1,0,1476,,,False,,True,562c13d7a176a2bc,alpha_commit=1.25|alpha_block=1.25|alpha_wait_spillover=0.75|rho_decay=0.94999999999999996|force_additive=0|enable_dual_channel=1|alpha_cong_commit_progress=1.25|alpha_cong_commit_nonprogress=1.25|alpha_cong_block=1.25|alpha_cong_wait_progress=0.75|alpha_cong_wait_nonprogress=0.75|alpha_flow_commit_progress=1|alpha_flow_wait_progress=1|rho_cong_decay=0.94999999999999996|rho_flow_decay=1|lambda_cong=1|lambda_flow=1|min_edge_cost=1|max_edge_cost=11|goal_projection_mode=agent_progress|flow_shield_beta=0.34999999999999998|max_flow_shield=0.75,14650fb0739d0383,1.25,1.25,1.25,0.75,0.75,1,1,0.95,1,1,1,0.35,0.75,1,11,0,1,0,1,0,0,50,25,0,1476,29.52,0,1,0,0,0.02,0.5,0.25,1,0.3,False,False,False,False,False,True
g547_fulltheta_smoke_00000054,new_g547_fulltheta_counterfactual_update_probe_solver_row,True,True,maze-32-32-4|50|486|25|0|14650fb0739d0383,maze-32-32-4|a50|s486|it0|g547_fulltheta_smoke_maze_32_32_4_a50_s486_b2000,generated_theta::repair5g547_theta_000014,repair5g547_theta_000014,repair5g547_theta_000014,fulltheta_smoke::goal_projection_mode,maze-32-32-4,maze,50,486,2000,0,False,False,,,1898,250.1917,1,0,1476,,,False,,True,b96f092bbcb39893,alpha_commit=1.25|alpha_block=1.25|alpha_wait_spillover=0.75|rho_decay=0.94999999999999996|force_additive=0|enable_dual_channel=1|alpha_cong_commit_progress=1.25|alpha_cong_commit_nonprogress=1.25|alpha_cong_block=1.25|alpha_cong_wait_progress=0.75|alpha_cong_wait_nonprogress=0.75|alpha_flow_commit_progress=1|alpha_flow_wait_progress=1|rho_cong_decay=0.94999999999999996|rho_flow_decay=1|lambda_cong=1|lambda_flow=1|min_edge_cost=1|max_edge_cost=11|goal_projection_mode=none|flow_shield_beta=0.34999999999999998|max_flow_shield=0.75,14650fb0739d0383,1.25,1.25,1.25,0.75,0.75,1,1,0.95,1,1,1,0.35,0.75,1,11,0,0,1,1,0,0,50,25,0,1476,29.52,0,1,0,0,0.02,0.5,0.25,1,0.3,False,False,False,False,False,True
g547_fulltheta_smoke_00000055,new_g547_fulltheta_counterfactual_update_probe_solver_row,True,True,maze-32-32-4|50|486|25|0|14650fb0739d0383,maze-32-32-4|a50|s486|it0|g547_fulltheta_smoke_maze_32_32_4_a50_s486_b2000,generated_theta::repair5g547_theta_000015,repair5g547_theta_000015,repair5g547_theta_000015,fulltheta_smoke::theta_alpha_cong_commit_nonprogress,maze-32-32-4,maze,50,486,2000,0,False,False,,,1898,418.4716,1,0,1476,,,False,,True,95eced852605b4c7,alpha_commit=0.5|alpha_block=1.25|alpha_wait_spillover=0.75|rho_decay=0.94999999999999996|force_additive=0|enable_dual_channel=1|alpha_cong_commit_progress=1.25|alpha_cong_commit_nonprogress=0.5|alpha_cong_block=1.25|alpha_cong_wait_progress=0.75|alpha_cong_wait_nonprogress=0.75|alpha_flow_commit_progress=1|alpha_flow_wait_progress=1|rho_cong_decay=0.94999999999999996|rho_flow_decay=1|lambda_cong=1|lambda_flow=1|min_edge_cost=1|max_edge_cost=11|goal_projection_mode=flow_shield|flow_shield_beta=0.34999999999999998|max_flow_shield=0.75,14650fb0739d0383,1.25,0.5,1.25,0.75,0.75,1,1,0.95,1,1,1,0.35,0.75,1,11,1,0,0,1,0,0,50,25,0,1476,29.52,0,1,0,0,0.02,0.5,0.25,1,0.3,False,False,False,False,False,True
g547_fulltheta_smoke_00000056,new_g547_fulltheta_counterfactual_update_probe_solver_row,True,True,maze-32-32-4|50|486|25|0|14650fb0739d0383,maze-32-32-4|a50|s486|it0|g547_fulltheta_smoke_maze_32_32_4_a50_s486_b2000,generated_theta::repair5g547_theta_000016,repair5g547_theta_000016,repair5g547_theta_000016,fulltheta_smoke::theta_alpha_cong_commit_nonprogress,maze-32-32-4,maze,50,486,2000,0,False,False,,,1898,354.4535,1,0,1476,,,False,,True,2a15243280de3947,alpha_commit=1.75|alpha_block=1.25|alpha_wait_spillover=0.75|rho_decay=0.94999999999999996|force_additive=0|enable_dual_channel=1|alpha_cong_commit_progress=1.25|alpha_cong_commit_nonprogress=1.75|alpha_cong_block=1.25|alpha_cong_wait_progress=0.75|alpha_cong_wait_nonprogress=0.75|alpha_flow_commit_progress=1|alpha_flow_wait_progress=1|rho_cong_decay=0.94999999999999996|rho_flow_decay=1|lambda_cong=1|lambda_flow=1|min_edge_cost=1|max_edge_cost=11|goal_projection_mode=flow_shield|flow_shield_beta=0.34999999999999998|max_flow_shield=0.75,14650fb0739d0383,1.25,1.75,1.25,0.75,0.75,1,1,0.95,1,1,1,0.35,0.75,1,11,1,0,0,1,0,0,50,25,0,1476,29.52,0,1,0,0,0.02,0.5,0.25,1,0.3,False,False,False,False,False,True
g547_fulltheta_smoke_00000057,new_g547_fulltheta_counterfactual_update_probe_solver_row,True,True,maze-32-32-4|50|566|25|0|14650fb0739d0383,maze-32-32-4|a50|s566|it0|g547_fulltheta_smoke_maze_32_32_4_a50_s566_b500,additive_ltm,repair5g59_additive_fallback,repair5g59_additive_fallback,baseline,maze-32-32-4,maze,50,566,500,0,False,False,,,2229,152.9969,1,0,1567,,,False,,True,35049bacad216c02,alpha_commit=1|alpha_block=1|alpha_wait_spillover=1|rho_decay=1|force_additive=1|enable_dual_channel=0|alpha_cong_commit_progress=0|alpha_cong_commit_nonprogress=1|alpha_cong_block=1|alpha_cong_wait_progress=1|alpha_cong_wait_nonprogress=1|alpha_flow_commit_progress=0|alpha_flow_wait_progress=0|rho_cong_decay=1|rho_flow_decay=1|lambda_cong=1|lambda_flow=0|min_edge_cost=0.25|max_edge_cost=11|goal_projection_mode=none|flow_shield_beta=0|max_flow_shield=0,14650fb0739d0383,0,1,1,1,1,0,0,1,1,1,0,0,0.25,0.25,11,0,0,1,1,0,0,50,25,0,1567,31.34,0,1,0,0,0.02,0.5,0.25,1,0.3,False,False,False,False,False,True
g547_fulltheta_smoke_00000058,new_g547_fulltheta_counterfactual_update_probe_solver_row,True,True,maze-32-32-4|50|566|25|0|14650fb0739d0383,maze-32-32-4|a50|s566|it0|g547_fulltheta_smoke_maze_32_32_4_a50_s566_b500,static_flow_shield,repair5g59_static_flow_shield,repair5g59_static_flow_shield,baseline,maze-32-32-4,maze,50,566,500,0,False,False,,,2229,228.3736,1,0,1567,,,False,,True,29737bed70c56f0d,alpha_commit=1.25|alpha_block=1.25|alpha_wait_spillover=0.75|rho_decay=0.94999999999999996|force_additive=0|enable_dual_channel=1|alpha_cong_commit_progress=1.25|alpha_cong_commit_nonprogress=1.25|alpha_cong_block=1.25|alpha_cong_wait_progress=0.75|alpha_cong_wait_nonprogress=0.75|alpha_flow_commit_progress=1|alpha_flow_wait_progress=0|rho_cong_decay=0.94999999999999996|rho_flow_decay=1|lambda_cong=1|lambda_flow=0|min_edge_cost=1|max_edge_cost=11|goal_projection_mode=flow_shield|flow_shield_beta=0.34999999999999998|max_flow_shield=0.75,14650fb0739d0383,1.25,1.25,1.25,0.75,0.75,1,1,0.95,1,1,1,0.35,0.75,1,11,1,0,0,1,0,0,50,25,0,1567,31.34,0,1,0,0,0.02,0.5,0.25,1,0.3,False,False,False,False,False,True
g547_fulltheta_smoke_00000059,new_g547_fulltheta_counterfactual_update_probe_solver_row,True,True,maze-32-32-4|50|566|25|0|14650fb0739d0383,maze-32-32-4|a50|s566|it0|g547_fulltheta_smoke_maze_32_32_4_a50_s566_b500,frozen_family_static_goal_aware,repair5g59_high_beta_cap_safe,repair5g59_high_beta_cap_safe,baseline,maze-32-32-4,maze,50,566,500,0,False,False,,,2229,244.4261,1,0,1567,,,False,,True,fbcf27bf34de68c,alpha_commit=1.25|alpha_block=1.25|alpha_wait_spillover=0.75|rho_decay=0.94999999999999996|force_additive=0|enable_dual_channel=1|alpha_cong_commit_progress=1.25|alpha_cong_commit_nonprogress=1.25|alpha_cong_block=1.25|alpha_cong_wait_progress=0.75|alpha_cong_wait_nonprogress=0.75|alpha_flow_commit_progress=1|alpha_flow_wait_progress=0|rho_cong_decay=0.94999999999999996|rho_flow_decay=1|lambda_cong=1|lambda_flow=0|min_edge_cost=1|max_edge_cost=11|goal_projection_mode=flow_shield|flow_shield_beta=0.59999999999999998|max_flow_shield=0.75,14650fb0739d0383,1.25,1.25,1.25,0.75,0.75,1,1,0.95,1,1,1,0.6,0.75,1,11,1,0,0,1,0,0,50,25,0,1567,31.34,0,1,0,0,0.02,0.5,0.25,1,0.3,False,False,False,False,False,True
g547_fulltheta_smoke_00000060,new_g547_fulltheta_counterfactual_update_probe_solver_row,True,True,maze-32-32-4|50|566|25|0|14650fb0739d0383,maze-32-32-4|a50|s566|it0|g547_fulltheta_smoke_maze_32_32_4_a50_s566_b500,generated_theta::repair5g547_theta_000001,repair5g547_theta_000001,repair5g547_theta_000001,fulltheta_smoke::all_fields_reference,maze-32-32-4,maze,50,566,500,0,False,False,,,2229,227.4124,1,0,1567,,,False,,True,e30a75611aecfe79,alpha_commit=1.25|alpha_block=1.25|alpha_wait_spillover=0.75|rho_decay=0.94999999999999996|force_additive=0|enable_dual_channel=1|alpha_cong_commit_progress=1.25|alpha_cong_commit_nonprogress=1.25|alpha_cong_block=1.25|alpha_cong_wait_progress=0.75|alpha_cong_wait_nonprogress=0.75|alpha_flow_commit_progress=1|alpha_flow_wait_progress=1|rho_cong_decay=0.94999999999999996|rho_flow_decay=1|lambda_cong=1|lambda_flow=1|min_edge_cost=1|max_edge_cost=11|goal_projection_mode=flow_shield|flow_shield_beta=0.34999999999999998|max_flow_shield=0.75,14650fb0739d0383,1.25,1.25,1.25,0.75,0.75,1,1,0.95,1,1,1,0.35,0.75,1,11,1,0,0,1,0,0,50,25,0,1567,31.34,0,1,0,0,0.02,0.5,0.25,1,0.3,False,False,False,False,False,True
g547_fulltheta_smoke_00000061,new_g547_fulltheta_counterfactual_update_probe_solver_row,True,True,maze-32-32-4|50|566|25|0|14650fb0739d0383,maze-32-32-4|a50|s566|it0|g547_fulltheta_smoke_maze_32_32_4_a50_s566_b500,generated_theta::repair5g547_theta_000002,repair5g547_theta_000002,repair5g547_theta_000002,fulltheta_smoke::theta_lambda_flow,maze-32-32-4,maze,50,566,500,0,False,False,,,2229,238.5294,1,0,1567,,,False,,True,a4814b677c6d1180,alpha_commit=1.25|alpha_block=1.25|alpha_wait_spillover=0.75|rho_decay=0.94999999999999996|force_additive=0|enable_dual_channel=1|alpha_cong_commit_progress=1.25|alpha_cong_commit_nonprogress=1.25|alpha_cong_block=1.25|alpha_cong_wait_progress=0.75|alpha_cong_wait_nonprogress=0.75|alpha_flow_commit_progress=1|alpha_flow_wait_progress=1|rho_cong_decay=0.94999999999999996|rho_flow_decay=1|lambda_cong=1|lambda_flow=0.10000000000000001|min_edge_cost=1|max_edge_cost=11|goal_projection_mode=flow_shield|flow_shield_beta=0.34999999999999998|max_flow_shield=0.75,14650fb0739d0383,1.25,1.25,1.25,0.75,0.75,1,1,0.95,1,1,0.1,0.35,0.75,1,11,1,0,0,1,0,0,50,25,0,1567,31.34,0,1,0,0,0.02,0.5,0.25,1,0.3,False,False,False,False,False,True
g547_fulltheta_smoke_00000062,new_g547_fulltheta_counterfactual_update_probe_solver_row,True,True,maze-32-32-4|50|566|25|0|14650fb0739d0383,maze-32-32-4|a50|s566|it0|g547_fulltheta_smoke_maze_32_32_4_a50_s566_b500,generated_theta::repair5g547_theta_000003,repair5g547_theta_000003,repair5g547_theta_000003,fulltheta_smoke::theta_lambda_flow,maze-32-32-4,maze,50,566,500,0,False,False,,,2229,240.073,1,0,1567,,,False,,True,8584e99b6c1a5647,alpha_commit=1.25|alpha_block=1.25|alpha_wait_spillover=0.75|rho_decay=0.94999999999999996|force_additive=0|enable_dual_channel=1|alpha_cong_commit_progress=1.25|alpha_cong_commit_nonprogress=1.25|alpha_cong_block=1.25|alpha_cong_wait_progress=0.75|alpha_cong_wait_nonprogress=0.75|alpha_flow_commit_progress=1|alpha_flow_wait_progress=1|rho_cong_decay=0.94999999999999996|rho_flow_decay=1|lambda_cong=1|lambda_flow=1.3999999999999999|min_edge_cost=1|max_edge_cost=11|goal_projection_mode=flow_shield|flow_shield_beta=0.34999999999999998|max_flow_shield=0.75,14650fb0739d0383,1.25,1.25,1.25,0.75,0.75,1,1,0.95,1,1,1.4,0.35,0.75,1,11,1,0,0,1,0,0,50,25,0,1567,31.34,0,1,0,0,0.02,0.5,0.25,1,0.3,False,False,False,False,False,True
g547_fulltheta_smoke_00000063,new_g547_fulltheta_counterfactual_update_probe_solver_row,True,True,maze-32-32-4|50|566|25|0|14650fb0739d0383,maze-32-32-4|a50|s566|it0|g547_fulltheta_smoke_maze_32_32_4_a50_s566_b500,generated_theta::repair5g547_theta_000004,repair5g547_theta_000004,repair5g547_theta_000004,fulltheta_smoke::theta_lambda_cong,maze-32-32-4,maze,50,566,500,0,False,False,,,2229,233.4698,1,0,1567,,,False,,True,b5442e0c6c6741b0,alpha_commit=1.25|alpha_block=1.25|alpha_wait_spillover=0.75|rho_decay=0.94999999999999996|force_additive=0|enable_dual_channel=1|alpha_cong_commit_progress=1.25|alpha_cong_commit_nonprogress=1.25|alpha_cong_block=1.25|alpha_cong_wait_progress=0.75|alpha_cong_wait_nonprogress=0.75|alpha_flow_commit_progress=1|alpha_flow_wait_progress=1|rho_cong_decay=0.94999999999999996|rho_flow_decay=1|lambda_cong=0.59999999999999998|lambda_flow=1|min_edge_cost=1|max_edge_cost=11|goal_projection_mode=flow_shield|flow_shield_beta=0.34999999999999998|max_flow_shield=0.75,14650fb0739d0383,1.25,1.25,1.25,0.75,0.75,1,1,0.95,1,0.6,1,0.35,0.75,1,11,1,0,0,1,0,0,50,25,0,1567,31.34,0,1,0,0,0.02,0.5,0.25,1,0.3,False,False,False,False,False,True
g547_fulltheta_smoke_00000064,new_g547_fulltheta_counterfactual_update_probe_solver_row,True,True,maze-32-32-4|50|566|25|0|14650fb0739d0383,maze-32-32-4|a50|s566|it0|g547_fulltheta_smoke_maze_32_32_4_a50_s566_b500,generated_theta::repair5g547_theta_000005,repair5g547_theta_000005,repair5g547_theta_000005,fulltheta_smoke::theta_lambda_cong,maze-32-32-4,maze,50,566,500,0,False,False,,,2229,238.8477,1,0,1567,,,False,,True,77f3f55aa954d3f,alpha_commit=1.25|alpha_block=1.25|alpha_wait_spillover=0.75|rho_decay=0.94999999999999996|force_additive=0|enable_dual_channel=1|alpha_cong_commit_progress=1.25|alpha_cong_commit_nonprogress=1.25|alpha_cong_block=1.25|alpha_cong_wait_progress=0.75|alpha_cong_wait_nonprogress=0.75|alpha_flow_commit_progress=1|alpha_flow_wait_progress=1|rho_cong_decay=0.94999999999999996|rho_flow_decay=1|lambda_cong=1.3999999999999999|lambda_flow=1|min_edge_cost=1|max_edge_cost=11|goal_projection_mode=flow_shield|flow_shield_beta=0.34999999999999998|max_flow_shield=0.75,14650fb0739d0383,1.25,1.25,1.25,0.75,0.75,1,1,0.95,1,1.4,1,0.35,0.75,1,11,1,0,0,1,0,0,50,25,0,1567,31.34,0,1,0,0,0.02,0.5,0.25,1,0.3,False,False,False,False,False,True
g547_fulltheta_smoke_00000065,new_g547_fulltheta_counterfactual_update_probe_solver_row,True,True,maze-32-32-4|50|566|25|0|14650fb0739d0383,maze-32-32-4|a50|s566|it0|g547_fulltheta_smoke_maze_32_32_4_a50_s566_b500,generated_theta::repair5g547_theta_000006,repair5g547_theta_000006,repair5g547_theta_000006,fulltheta_smoke::theta_alpha_flow_wait_progress,maze-32-32-4,maze,50,566,500,0,False,False,,,2229,282.2932,1,0,1567,,,False,,True,29c4ecda70affb5a,alpha_commit=1.25|alpha_block=1.25|alpha_wait_spillover=0.75|rho_decay=0.94999999999999996|force_additive=0|enable_dual_channel=1|alpha_cong_commit_progress=1.25|alpha_cong_commit_nonprogress=1.25|alpha_cong_block=1.25|alpha_cong_wait_progress=0.75|alpha_cong_wait_nonprogress=0.75|alpha_flow_commit_progress=1|alpha_flow_wait_progress=0|rho_cong_decay=0.94999999999999996|rho_flow_decay=1|lambda_cong=1|lambda_flow=1|min_edge_cost=1|max_edge_cost=11|goal_projection_mode=flow_shield|flow_shield_beta=0.34999999999999998|max_flow_shield=0.75,14650fb0739d0383,1.25,1.25,1.25,0.75,0.75,1,0,0.95,1,1,1,0.35,0.75,1,11,1,0,0,1,0,0,50,25,0,1567,31.34,0,1,0,0,0.02,0.5,0.25,1,0.3,False,False,False,False,False,True
g547_fulltheta_smoke_00000066,new_g547_fulltheta_counterfactual_update_probe_solver_row,True,True,maze-32-32-4|50|566|25|0|14650fb0739d0383,maze-32-32-4|a50|s566|it0|g547_fulltheta_smoke_maze_32_32_4_a50_s566_b500,generated_theta::repair5g547_theta_000007,repair5g547_theta_000007,repair5g547_theta_000007,fulltheta_smoke::theta_alpha_flow_wait_progress,maze-32-32-4,maze,50,566,500,0,False,False,,,2229,336.3211,1,0,1567,,,False,,True,b5a183b18079a70d,alpha_commit=1.25|alpha_block=1.25|alpha_wait_spillover=0.75|rho_decay=0.94999999999999996|force_additive=0|enable_dual_channel=1|alpha_cong_commit_progress=1.25|alpha_cong_commit_nonprogress=1.25|alpha_cong_block=1.25|alpha_cong_wait_progress=0.75|alpha_cong_wait_nonprogress=0.75|alpha_flow_commit_progress=1|alpha_flow_wait_progress=1.2|rho_cong_decay=0.94999999999999996|rho_flow_decay=1|lambda_cong=1|lambda_flow=1|min_edge_cost=1|max_edge_cost=11|goal_projection_mode=flow_shield|flow_shield_beta=0.34999999999999998|max_flow_shield=0.75,14650fb0739d0383,1.25,1.25,1.25,0.75,0.75,1,1.2,0.95,1,1,1,0.35,0.75,1,11,1,0,0,1,0,0,50,25,0,1567,31.34,0,1,0,0,0.02,0.5,0.25,1,0.3,False,False,False,False,False,True
g547_fulltheta_smoke_00000067,new_g547_fulltheta_counterfactual_update_probe_solver_row,True,True,maze-32-32-4|50|566|25|0|14650fb0739d0383,maze-32-32-4|a50|s566|it0|g547_fulltheta_smoke_maze_32_32_4_a50_s566_b500,generated_theta::repair5g547_theta_000008,repair5g547_theta_000008,repair5g547_theta_000008,fulltheta_smoke::theta_min_edge_cost,maze-32-32-4,maze,50,566,500,0,False,False,,,2229,292.1613,1,0,1567,,,False,,True,ef8f0d160cc2a725,alpha_commit=1.25|alpha_block=1.25|alpha_wait_spillover=0.75|rho_decay=0.94999999999999996|force_additive=0|enable_dual_channel=1|alpha_cong_commit_progress=1.25|alpha_cong_commit_nonprogress=1.25|alpha_cong_block=1.25|alpha_cong_wait_progress=0.75|alpha_cong_wait_nonprogress=0.75|alpha_flow_commit_progress=1|alpha_flow_wait_progress=1|rho_cong_decay=0.94999999999999996|rho_flow_decay=1|lambda_cong=1|lambda_flow=1|min_edge_cost=0.25|max_edge_cost=11|goal_projection_mode=flow_shield|flow_shield_beta=0.34999999999999998|max_flow_shield=0.75,14650fb0739d0383,1.25,1.25,1.25,0.75,0.75,1,1,0.95,1,1,1,0.35,0.75,0.25,11,1,0,0,1,0,0,50,25,0,1567,31.34,0,1,0,0,0.02,0.5,0.25,1,0.3,False,False,False,False,False,True
g547_fulltheta_smoke_00000068,new_g547_fulltheta_counterfactual_update_probe_solver_row,True,True,maze-32-32-4|50|566|25|0|14650fb0739d0383,maze-32-32-4|a50|s566|it0|g547_fulltheta_smoke_maze_32_32_4_a50_s566_b500,generated_theta::repair5g547_theta_000009,repair5g547_theta_000009,repair5g547_theta_000009,fulltheta_smoke::theta_min_edge_cost,maze-32-32-4,maze,50,566,500,0,False,False,,,2229,332.304,1,0,1567,,,False,,True,e30a75611aecfe79,alpha_commit=1.25|alpha_block=1.25|alpha_wait_spillover=0.75|rho_decay=0.94999999999999996|force_additive=0|enable_dual_channel=1|alpha_cong_commit_progress=1.25|alpha_cong_commit_nonprogress=1.25|alpha_cong_block=1.25|alpha_cong_wait_progress=0.75|alpha_cong_wait_nonprogress=0.75|alpha_flow_commit_progress=1|alpha_flow_wait_progress=1|rho_cong_decay=0.94999999999999996|rho_flow_decay=1|lambda_cong=1|lambda_flow=1|min_edge_cost=1|max_edge_cost=11|goal_projection_mode=flow_shield|flow_shield_beta=0.34999999999999998|max_flow_shield=0.75,14650fb0739d0383,1.25,1.25,1.25,0.75,0.75,1,1,0.95,1,1,1,0.35,0.75,1,11,1,0,0,1,0,0,50,25,0,1567,31.34,0,1,0,0,0.02,0.5,0.25,1,0.3,False,False,False,False,False,True
g547_fulltheta_smoke_00000069,new_g547_fulltheta_counterfactual_update_probe_solver_row,True,True,maze-32-32-4|50|566|25|0|14650fb0739d0383,maze-32-32-4|a50|s566|it0|g547_fulltheta_smoke_maze_32_32_4_a50_s566_b500,generated_theta::repair5g547_theta_000010,repair5g547_theta_000010,repair5g547_theta_000010,fulltheta_smoke::theta_max_edge_cost,maze-32-32-4,maze,50,566,500,0,False,False,,,2229,277.5414,1,0,1567,,,False,,True,7a35172bbc1b94cb,alpha_commit=1.25|alpha_block=1.25|alpha_wait_spillover=0.75|rho_decay=0.94999999999999996|force_additive=0|enable_dual_channel=1|alpha_cong_commit_progress=1.25|alpha_cong_commit_nonprogress=1.25|alpha_cong_block=1.25|alpha_cong_wait_progress=0.75|alpha_cong_wait_nonprogress=0.75|alpha_flow_commit_progress=1|alpha_flow_wait_progress=1|rho_cong_decay=0.94999999999999996|rho_flow_decay=1|lambda_cong=1|lambda_flow=1|min_edge_cost=1|max_edge_cost=8|goal_projection_mode=flow_shield|flow_shield_beta=0.34999999999999998|max_flow_shield=0.75,14650fb0739d0383,1.25,1.25,1.25,0.75,0.75,1,1,0.95,1,1,1,0.35,0.75,1,8,1,0,0,1,0,0,50,25,0,1567,31.34,0,1,0,0,0.02,0.5,0.25,1,0.3,False,False,False,False,False,True
g547_fulltheta_smoke_00000070,new_g547_fulltheta_counterfactual_update_probe_solver_row,True,True,maze-32-32-4|50|566|25|0|14650fb0739d0383,maze-32-32-4|a50|s566|it0|g547_fulltheta_smoke_maze_32_32_4_a50_s566_b500,generated_theta::repair5g547_theta_000011,repair5g547_theta_000011,repair5g547_theta_000011,fulltheta_smoke::theta_max_edge_cost,maze-32-32-4,maze,50,566,500,0,False,False,,,2229,258.5072,1,0,1567,,,False,,True,35d66dc1ec012cc6,alpha_commit=1.25|alpha_block=1.25|alpha_wait_spillover=0.75|rho_decay=0.94999999999999996|force_additive=0|enable_dual_channel=1|alpha_cong_commit_progress=1.25|alpha_cong_commit_nonprogress=1.25|alpha_cong_block=1.25|alpha_cong_wait_progress=0.75|alpha_cong_wait_nonprogress=0.75|alpha_flow_commit_progress=1|alpha_flow_wait_progress=1|rho_cong_decay=0.94999999999999996|rho_flow_decay=1|lambda_cong=1|lambda_flow=1|min_edge_cost=1|max_edge_cost=12|goal_projection_mode=flow_shield|flow_shield_beta=0.34999999999999998|max_flow_shield=0.75,14650fb0739d0383,1.25,1.25,1.25,0.75,0.75,1,1,0.95,1,1,1,0.35,0.75,1,12,1,0,0,1,0,0,50,25,0,1567,31.34,0,1,0,0,0.02,0.5,0.25,1,0.3,False,False,False,False,False,True
g547_fulltheta_smoke_00000071,new_g547_fulltheta_counterfactual_update_probe_solver_row,True,True,maze-32-32-4|50|566|25|0|14650fb0739d0383,maze-32-32-4|a50|s566|it0|g547_fulltheta_smoke_maze_32_32_4_a50_s566_b500,generated_theta::repair5g547_theta_000012,repair5g547_theta_000012,repair5g547_theta_000012,fulltheta_smoke::goal_projection_mode,maze-32-32-4,maze,50,566,500,0,False,False,,,2229,342.5435,1,0,1567,,,False,,True,e30a75611aecfe79,alpha_commit=1.25|alpha_block=1.25|alpha_wait_spillover=0.75|rho_decay=0.94999999999999996|force_additive=0|enable_dual_channel=1|alpha_cong_commit_progress=1.25|alpha_cong_commit_nonprogress=1.25|alpha_cong_block=1.25|alpha_cong_wait_progress=0.75|alpha_cong_wait_nonprogress=0.75|alpha_flow_commit_progress=1|alpha_flow_wait_progress=1|rho_cong_decay=0.94999999999999996|rho_flow_decay=1|lambda_cong=1|lambda_flow=1|min_edge_cost=1|max_edge_cost=11|goal_projection_mode=flow_shield|flow_shield_beta=0.34999999999999998|max_flow_shield=0.75,14650fb0739d0383,1.25,1.25,1.25,0.75,0.75,1,1,0.95,1,1,1,0.35,0.75,1,11,1,0,0,1,0,0,50,25,0,1567,31.34,0,1,0,0,0.02,0.5,0.25,1,0.3,False,False,False,False,False,True
g547_fulltheta_smoke_00000072,new_g547_fulltheta_counterfactual_update_probe_solver_row,True,True,maze-32-32-4|50|566|25|0|14650fb0739d0383,maze-32-32-4|a50|s566|it0|g547_fulltheta_smoke_maze_32_32_4_a50_s566_b500,generated_theta::repair5g547_theta_000013,repair5g547_theta_000013,repair5g547_theta_000013,fulltheta_smoke::goal_projection_mode,maze-32-32-4,maze,50,566,500,0,False,False,,,2229,325.7859,1,0,1567,,,False,,True,562c13d7a176a2bc,alpha_commit=1.25|alpha_block=1.25|alpha_wait_spillover=0.75|rho_decay=0.94999999999999996|force_additive=0|enable_dual_channel=1|alpha_cong_commit_progress=1.25|alpha_cong_commit_nonprogress=1.25|alpha_cong_block=1.25|alpha_cong_wait_progress=0.75|alpha_cong_wait_nonprogress=0.75|alpha_flow_commit_progress=1|alpha_flow_wait_progress=1|rho_cong_decay=0.94999999999999996|rho_flow_decay=1|lambda_cong=1|lambda_flow=1|min_edge_cost=1|max_edge_cost=11|goal_projection_mode=agent_progress|flow_shield_beta=0.34999999999999998|max_flow_shield=0.75,14650fb0739d0383,1.25,1.25,1.25,0.75,0.75,1,1,0.95,1,1,1,0.35,0.75,1,11,0,1,0,1,0,0,50,25,0,1567,31.34,0,1,0,0,0.02,0.5,0.25,1,0.3,False,False,False,False,False,True
g547_fulltheta_smoke_00000073,new_g547_fulltheta_counterfactual_update_probe_solver_row,True,True,maze-32-32-4|50|566|25|0|14650fb0739d0383,maze-32-32-4|a50|s566|it0|g547_fulltheta_smoke_maze_32_32_4_a50_s566_b500,generated_theta::repair5g547_theta_000014,repair5g547_theta_000014,repair5g547_theta_000014,fulltheta_smoke::goal_projection_mode,maze-32-32-4,maze,50,566,500,0,False,False,,,2229,300.2667,1,0,1567,,,False,,True,b96f092bbcb39893,alpha_commit=1.25|alpha_block=1.25|alpha_wait_spillover=0.75|rho_decay=0.94999999999999996|force_additive=0|enable_dual_channel=1|alpha_cong_commit_progress=1.25|alpha_cong_commit_nonprogress=1.25|alpha_cong_block=1.25|alpha_cong_wait_progress=0.75|alpha_cong_wait_nonprogress=0.75|alpha_flow_commit_progress=1|alpha_flow_wait_progress=1|rho_cong_decay=0.94999999999999996|rho_flow_decay=1|lambda_cong=1|lambda_flow=1|min_edge_cost=1|max_edge_cost=11|goal_projection_mode=none|flow_shield_beta=0.34999999999999998|max_flow_shield=0.75,14650fb0739d0383,1.25,1.25,1.25,0.75,0.75,1,1,0.95,1,1,1,0.35,0.75,1,11,0,0,1,1,0,0,50,25,0,1567,31.34,0,1,0,0,0.02,0.5,0.25,1,0.3,False,False,False,False,False,True
g547_fulltheta_smoke_00000074,new_g547_fulltheta_counterfactual_update_probe_solver_row,True,True,maze-32-32-4|50|566|25|0|14650fb0739d0383,maze-32-32-4|a50|s566|it0|g547_fulltheta_smoke_maze_32_32_4_a50_s566_b500,generated_theta::repair5g547_theta_000015,repair5g547_theta_000015,repair5g547_theta_000015,fulltheta_smoke::theta_alpha_cong_commit_nonprogress,maze-32-32-4,maze,50,566,500,0,False,False,,,2229,275.2764,1,0,1567,,,False,,True,95eced852605b4c7,alpha_commit=0.5|alpha_block=1.25|alpha_wait_spillover=0.75|rho_decay=0.94999999999999996|force_additive=0|enable_dual_channel=1|alpha_cong_commit_progress=1.25|alpha_cong_commit_nonprogress=0.5|alpha_cong_block=1.25|alpha_cong_wait_progress=0.75|alpha_cong_wait_nonprogress=0.75|alpha_flow_commit_progress=1|alpha_flow_wait_progress=1|rho_cong_decay=0.94999999999999996|rho_flow_decay=1|lambda_cong=1|lambda_flow=1|min_edge_cost=1|max_edge_cost=11|goal_projection_mode=flow_shield|flow_shield_beta=0.34999999999999998|max_flow_shield=0.75,14650fb0739d0383,1.25,0.5,1.25,0.75,0.75,1,1,0.95,1,1,1,0.35,0.75,1,11,1,0,0,1,0,0,50,25,0,1567,31.34,0,1,0,0,0.02,0.5,0.25,1,0.3,False,False,False,False,False,True
g547_fulltheta_smoke_00000075,new_g547_fulltheta_counterfactual_update_probe_solver_row,True,True,maze-32-32-4|50|566|25|0|14650fb0739d0383,maze-32-32-4|a50|s566|it0|g547_fulltheta_smoke_maze_32_32_4_a50_s566_b500,generated_theta::repair5g547_theta_000016,repair5g547_theta_000016,repair5g547_theta_000016,fulltheta_smoke::theta_alpha_cong_commit_nonprogress,maze-32-32-4,maze,50,566,500,0,False,False,,,2229,341.2947,1,0,1567,,,False,,True,2a15243280de3947,alpha_commit=1.75|alpha_block=1.25|alpha_wait_spillover=0.75|rho_decay=0.94999999999999996|force_additive=0|enable_dual_channel=1|alpha_cong_commit_progress=1.25|alpha_cong_commit_nonprogress=1.75|alpha_cong_block=1.25|alpha_cong_wait_progress=0.75|alpha_cong_wait_nonprogress=0.75|alpha_flow_commit_progress=1|alpha_flow_wait_progress=1|rho_cong_decay=0.94999999999999996|rho_flow_decay=1|lambda_cong=1|lambda_flow=1|min_edge_cost=1|max_edge_cost=11|goal_projection_mode=flow_shield|flow_shield_beta=0.34999999999999998|max_flow_shield=0.75,14650fb0739d0383,1.25,1.75,1.25,0.75,0.75,1,1,0.95,1,1,1,0.35,0.75,1,11,1,0,0,1,0,0,50,25,0,1567,31.34,0,1,0,0,0.02,0.5,0.25,1,0.3,False,False,False,False,False,True
g547_fulltheta_smoke_00000076,new_g547_fulltheta_counterfactual_update_probe_solver_row,True,True,maze-32-32-4|50|566|25|0|14650fb0739d0383,maze-32-32-4|a50|s566|it0|g547_fulltheta_smoke_maze_32_32_4_a50_s566_b1000,additive_ltm,repair5g59_additive_fallback,repair5g59_additive_fallback,baseline,maze-32-32-4,maze,50,566,1000,0,False,False,,,2229,145.4893,1,0,1688,,,False,,True,35049bacad216c02,alpha_commit=1|alpha_block=1|alpha_wait_spillover=1|rho_decay=1|force_additive=1|enable_dual_channel=0|alpha_cong_commit_progress=0|alpha_cong_commit_nonprogress=1|alpha_cong_block=1|alpha_cong_wait_progress=1|alpha_cong_wait_nonprogress=1|alpha_flow_commit_progress=0|alpha_flow_wait_progress=0|rho_cong_decay=1|rho_flow_decay=1|lambda_cong=1|lambda_flow=0|min_edge_cost=0.25|max_edge_cost=11|goal_projection_mode=none|flow_shield_beta=0|max_flow_shield=0,14650fb0739d0383,0,1,1,1,1,0,0,1,1,1,0,0,0.25,0.25,11,0,0,1,1,0,0,50,25,0,1688,33.76,0,1,0,0,0.02,0.5,0.25,1,0.3,False,False,False,False,False,True
g547_fulltheta_smoke_00000077,new_g547_fulltheta_counterfactual_update_probe_solver_row,True,True,maze-32-32-4|50|566|25|0|14650fb0739d0383,maze-32-32-4|a50|s566|it0|g547_fulltheta_smoke_maze_32_32_4_a50_s566_b1000,static_flow_shield,repair5g59_static_flow_shield,repair5g59_static_flow_shield,baseline,maze-32-32-4,maze,50,566,1000,0,False,False,,,2229,230.1301,1,0,1688,,,False,,True,29737bed70c56f0d,alpha_commit=1.25|alpha_block=1.25|alpha_wait_spillover=0.75|rho_decay=0.94999999999999996|force_additive=0|enable_dual_channel=1|alpha_cong_commit_progress=1.25|alpha_cong_commit_nonprogress=1.25|alpha_cong_block=1.25|alpha_cong_wait_progress=0.75|alpha_cong_wait_nonprogress=0.75|alpha_flow_commit_progress=1|alpha_flow_wait_progress=0|rho_cong_decay=0.94999999999999996|rho_flow_decay=1|lambda_cong=1|lambda_flow=0|min_edge_cost=1|max_edge_cost=11|goal_projection_mode=flow_shield|flow_shield_beta=0.34999999999999998|max_flow_shield=0.75,14650fb0739d0383,1.25,1.25,1.25,0.75,0.75,1,1,0.95,1,1,1,0.35,0.75,1,11,1,0,0,1,0,0,50,25,0,1688,33.76,0,1,0,0,0.02,0.5,0.25,1,0.3,False,False,False,False,False,True
g547_fulltheta_smoke_00000078,new_g547_fulltheta_counterfactual_update_probe_solver_row,True,True,maze-32-32-4|50|566|25|0|14650fb0739d0383,maze-32-32-4|a50|s566|it0|g547_fulltheta_smoke_maze_32_32_4_a50_s566_b1000,frozen_family_static_goal_aware,repair5g59_high_beta_cap_safe,repair5g59_high_beta_cap_safe,baseline,maze-32-32-4,maze,50,566,1000,0,False,False,,,2229,241.5308,1,0,1688,,,False,,True,fbcf27bf34de68c,alpha_commit=1.25|alpha_block=1.25|alpha_wait_spillover=0.75|rho_decay=0.94999999999999996|force_additive=0|enable_dual_channel=1|alpha_cong_commit_progress=1.25|alpha_cong_commit_nonprogress=1.25|alpha_cong_block=1.25|alpha_cong_wait_progress=0.75|alpha_cong_wait_nonprogress=0.75|alpha_flow_commit_progress=1|alpha_flow_wait_progress=0|rho_cong_decay=0.94999999999999996|rho_flow_decay=1|lambda_cong=1|lambda_flow=0|min_edge_cost=1|max_edge_cost=11|goal_projection_mode=flow_shield|flow_shield_beta=0.59999999999999998|max_flow_shield=0.75,14650fb0739d0383,1.25,1.25,1.25,0.75,0.75,1,1,0.95,1,1,1,0.6,0.75,1,11,1,0,0,1,0,0,50,25,0,1688,33.76,0,1,0,0,0.02,0.5,0.25,1,0.3,False,False,False,False,False,True
g547_fulltheta_smoke_00000079,new_g547_fulltheta_counterfactual_update_probe_solver_row,True,True,maze-32-32-4|50|566|25|0|14650fb0739d0383,maze-32-32-4|a50|s566|it0|g547_fulltheta_smoke_maze_32_32_4_a50_s566_b1000,generated_theta::repair5g547_theta_000001,repair5g547_theta_000001,repair5g547_theta_000001,fulltheta_smoke::all_fields_reference,maze-32-32-4,maze,50,566,1000,0,False,False,,,2229,232.12,1,0,1688,,,False,,True,e30a75611aecfe79,alpha_commit=1.25|alpha_block=1.25|alpha_wait_spillover=0.75|rho_decay=0.94999999999999996|force_additive=0|enable_dual_channel=1|alpha_cong_commit_progress=1.25|alpha_cong_commit_nonprogress=1.25|alpha_cong_block=1.25|alpha_cong_wait_progress=0.75|alpha_cong_wait_nonprogress=0.75|alpha_flow_commit_progress=1|alpha_flow_wait_progress=1|rho_cong_decay=0.94999999999999996|rho_flow_decay=1|lambda_cong=1|lambda_flow=1|min_edge_cost=1|max_edge_cost=11|goal_projection_mode=flow_shield|flow_shield_beta=0.34999999999999998|max_flow_shield=0.75,14650fb0739d0383,1.25,1.25,1.25,0.75,0.75,1,1,0.95,1,1,1,0.35,0.75,1,11,1,0,0,1,0,0,50,25,0,1688,33.76,0,1,0,0,0.02,0.5,0.25,1,0.3,False,False,False,False,False,True
g547_fulltheta_smoke_00000080,new_g547_fulltheta_counterfactual_update_probe_solver_row,True,True,maze-32-32-4|50|566|25|0|14650fb0739d0383,maze-32-32-4|a50|s566|it0|g547_fulltheta_smoke_maze_32_32_4_a50_s566_b1000,generated_theta::repair5g547_theta_000002,repair5g547_theta_000002,repair5g547_theta_000002,fulltheta_smoke::theta_lambda_flow,maze-32-32-4,maze,50,566,1000,0,False,False,,,2229,246.18,1,0,1688,,,False,,True,a4814b677c6d1180,alpha_commit=1.25|alpha_block=1.25|alpha_wait_spillover=0.75|rho_decay=0.94999999999999996|force_additive=0|enable_dual_channel=1|alpha_cong_commit_progress=1.25|alpha_cong_commit_nonprogress=1.25|alpha_cong_block=1.25|alpha_cong_wait_progress=0.75|alpha_cong_wait_nonprogress=0.75|alpha_flow_commit_progress=1|alpha_flow_wait_progress=1|rho_cong_decay=0.94999999999999996|rho_flow_decay=1|lambda_cong=1|lambda_flow=0.10000000000000001|min_edge_cost=1|max_edge_cost=11|goal_projection_mode=flow_shield|flow_shield_beta=0.34999999999999998|max_flow_shield=0.75,14650fb0739d0383,1.25,1.25,1.25,0.75,0.75,1,1,0.95,1,1,0.1,0.35,0.75,1,11,1,0,0,1,0,0,50,25,0,1688,33.76,0,1,0,0,0.02,0.5,0.25,1,0.3,False,False,False,False,False,True
g547_fulltheta_smoke_00000081,new_g547_fulltheta_counterfactual_update_probe_solver_row,True,True,maze-32-32-4|50|566|25|0|14650fb0739d0383,maze-32-32-4|a50|s566|it0|g547_fulltheta_smoke_maze_32_32_4_a50_s566_b1000,generated_theta::repair5g547_theta_000003,repair5g547_theta_000003,repair5g547_theta_000003,fulltheta_smoke::theta_lambda_flow,maze-32-32-4,maze,50,566,1000,0,False,False,,,2229,242.8591,1,0,1688,,,False,,True,8584e99b6c1a5647,alpha_commit=1.25|alpha_block=1.25|alpha_wait_spillover=0.75|rho_decay=0.94999999999999996|force_additive=0|enable_dual_channel=1|alpha_cong_commit_progress=1.25|alpha_cong_commit_nonprogress=1.25|alpha_cong_block=1.25|alpha_cong_wait_progress=0.75|alpha_cong_wait_nonprogress=0.75|alpha_flow_commit_progress=1|alpha_flow_wait_progress=1|rho_cong_decay=0.94999999999999996|rho_flow_decay=1|lambda_cong=1|lambda_flow=1.3999999999999999|min_edge_cost=1|max_edge_cost=11|goal_projection_mode=flow_shield|flow_shield_beta=0.34999999999999998|max_flow_shield=0.75,14650fb0739d0383,1.25,1.25,1.25,0.75,0.75,1,1,0.95,1,1,1.4,0.35,0.75,1,11,1,0,0,1,0,0,50,25,0,1688,33.76,0,1,0,0,0.02,0.5,0.25,1,0.3,False,False,False,False,False,True
g547_fulltheta_smoke_00000082,new_g547_fulltheta_counterfactual_update_probe_solver_row,True,True,maze-32-32-4|50|566|25|0|14650fb0739d0383,maze-32-32-4|a50|s566|it0|g547_fulltheta_smoke_maze_32_32_4_a50_s566_b1000,generated_theta::repair5g547_theta_000004,repair5g547_theta_000004,repair5g547_theta_000004,fulltheta_smoke::theta_lambda_cong,maze-32-32-4,maze,50,566,1000,0,False,False,,,2229,247.142,1,0,1688,,,False,,True,b5442e0c6c6741b0,alpha_commit=1.25|alpha_block=1.25|alpha_wait_spillover=0.75|rho_decay=0.94999999999999996|force_additive=0|enable_dual_channel=1|alpha_cong_commit_progress=1.25|alpha_cong_commit_nonprogress=1.25|alpha_cong_block=1.25|alpha_cong_wait_progress=0.75|alpha_cong_wait_nonprogress=0.75|alpha_flow_commit_progress=1|alpha_flow_wait_progress=1|rho_cong_decay=0.94999999999999996|rho_flow_decay=1|lambda_cong=0.59999999999999998|lambda_flow=1|min_edge_cost=1|max_edge_cost=11|goal_projection_mode=flow_shield|flow_shield_beta=0.34999999999999998|max_flow_shield=0.75,14650fb0739d0383,1.25,1.25,1.25,0.75,0.75,1,1,0.95,1,0.6,1,0.35,0.75,1,11,1,0,0,1,0,0,50,25,0,1688,33.76,0,1,0,0,0.02,0.5,0.25,1,0.3,False,False,False,False,False,True
g547_fulltheta_smoke_00000083,new_g547_fulltheta_counterfactual_update_probe_solver_row,True,True,maze-32-32-4|50|566|25|0|14650fb0739d0383,maze-32-32-4|a50|s566|it0|g547_fulltheta_smoke_maze_32_32_4_a50_s566_b1000,generated_theta::repair5g547_theta_000005,repair5g547_theta_000005,repair5g547_theta_000005,fulltheta_smoke::theta_lambda_cong,maze-32-32-4,maze,50,566,1000,0,False,False,,,2229,237.2867,1,0,1688,,,False,,True,77f3f55aa954d3f,alpha_commit=1.25|alpha_block=1.25|alpha_wait_spillover=0.75|rho_decay=0.94999999999999996|force_additive=0|enable_dual_channel=1|alpha_cong_commit_progress=1.25|alpha_cong_commit_nonprogress=1.25|alpha_cong_block=1.25|alpha_cong_wait_progress=0.75|alpha_cong_wait_nonprogress=0.75|alpha_flow_commit_progress=1|alpha_flow_wait_progress=1|rho_cong_decay=0.94999999999999996|rho_flow_decay=1|lambda_cong=1.3999999999999999|lambda_flow=1|min_edge_cost=1|max_edge_cost=11|goal_projection_mode=flow_shield|flow_shield_beta=0.34999999999999998|max_flow_shield=0.75,14650fb0739d0383,1.25,1.25,1.25,0.75,0.75,1,1,0.95,1,1.4,1,0.35,0.75,1,11,1,0,0,1,0,0,50,25,0,1688,33.76,0,1,0,0,0.02,0.5,0.25,1,0.3,False,False,False,False,False,True
g547_fulltheta_smoke_00000084,new_g547_fulltheta_counterfactual_update_probe_solver_row,True,True,maze-32-32-4|50|566|25|0|14650fb0739d0383,maze-32-32-4|a50|s566|it0|g547_fulltheta_smoke_maze_32_32_4_a50_s566_b1000,generated_theta::repair5g547_theta_000006,repair5g547_theta_000006,repair5g547_theta_000006,fulltheta_smoke::theta_alpha_flow_wait_progress,maze-32-32-4,maze,50,566,1000,0,False,False,,,2229,303.5449,1,0,1688,,,False,,True,29c4ecda70affb5a,alpha_commit=1.25|alpha_block=1.25|alpha_wait_spillover=0.75|rho_decay=0.94999999999999996|force_additive=0|enable_dual_channel=1|alpha_cong_commit_progress=1.25|alpha_cong_commit_nonprogress=1.25|alpha_cong_block=1.25|alpha_cong_wait_progress=0.75|alpha_cong_wait_nonprogress=0.75|alpha_flow_commit_progress=1|alpha_flow_wait_progress=0|rho_cong_decay=0.94999999999999996|rho_flow_decay=1|lambda_cong=1|lambda_flow=1|min_edge_cost=1|max_edge_cost=11|goal_projection_mode=flow_shield|flow_shield_beta=0.34999999999999998|max_flow_shield=0.75,14650fb0739d0383,1.25,1.25,1.25,0.75,0.75,1,0,0.95,1,1,1,0.35,0.75,1,11,1,0,0,1,0,0,50,25,0,1688,33.76,0,1,0,0,0.02,0.5,0.25,1,0.3,False,False,False,False,False,True
g547_fulltheta_smoke_00000085,new_g547_fulltheta_counterfactual_update_probe_solver_row,True,True,maze-32-32-4|50|566|25|0|14650fb0739d0383,maze-32-32-4|a50|s566|it0|g547_fulltheta_smoke_maze_32_32_4_a50_s566_b1000,generated_theta::repair5g547_theta_000007,repair5g547_theta_000007,repair5g547_theta_000007,fulltheta_smoke::theta_alpha_flow_wait_progress,maze-32-32-4,maze,50,566,1000,0,False,False,,,2229,299.6099,1,0,1688,,,False,,True,b5a183b18079a70d,alpha_commit=1.25|alpha_block=1.25|alpha_wait_spillover=0.75|rho_decay=0.94999999999999996|force_additive=0|enable_dual_channel=1|alpha_cong_commit_progress=1.25|alpha_cong_commit_nonprogress=1.25|alpha_cong_block=1.25|alpha_cong_wait_progress=0.75|alpha_cong_wait_nonprogress=0.75|alpha_flow_commit_progress=1|alpha_flow_wait_progress=1.2|rho_cong_decay=0.94999999999999996|rho_flow_decay=1|lambda_cong=1|lambda_flow=1|min_edge_cost=1|max_edge_cost=11|goal_projection_mode=flow_shield|flow_shield_beta=0.34999999999999998|max_flow_shield=0.75,14650fb0739d0383,1.25,1.25,1.25,0.75,0.75,1,1.2,0.95,1,1,1,0.35,0.75,1,11,1,0,0,1,0,0,50,25,0,1688,33.76,0,1,0,0,0.02,0.5,0.25,1,0.3,False,False,False,False,False,True
g547_fulltheta_smoke_00000086,new_g547_fulltheta_counterfactual_update_probe_solver_row,True,True,maze-32-32-4|50|566|25|0|14650fb0739d0383,maze-32-32-4|a50|s566|it0|g547_fulltheta_smoke_maze_32_32_4_a50_s566_b1000,generated_theta::repair5g547_theta_000008,repair5g547_theta_000008,repair5g547_theta_000008,fulltheta_smoke::theta_min_edge_cost,maze-32-32-4,maze,50,566,1000,0,False,False,,,2229,349.8553,1,0,1688,,,False,,True,ef8f0d160cc2a725,alpha_commit=1.25|alpha_block=1.25|alpha_wait_spillover=0.75|rho_decay=0.94999999999999996|force_additive=0|enable_dual_channel=1|alpha_cong_commit_progress=1.25|alpha_cong_commit_nonprogress=1.25|alpha_cong_block=1.25|alpha_cong_wait_progress=0.75|alpha_cong_wait_nonprogress=0.75|alpha_flow_commit_progress=1|alpha_flow_wait_progress=1|rho_cong_decay=0.94999999999999996|rho_flow_decay=1|lambda_cong=1|lambda_flow=1|min_edge_cost=0.25|max_edge_cost=11|goal_projection_mode=flow_shield|flow_shield_beta=0.34999999999999998|max_flow_shield=0.75,14650fb0739d0383,1.25,1.25,1.25,0.75,0.75,1,1,0.95,1,1,1,0.35,0.75,0.25,11,1,0,0,1,0,0,50,25,0,1688,33.76,0,1,0,0,0.02,0.5,0.25,1,0.3,False,False,False,False,False,True
g547_fulltheta_smoke_00000087,new_g547_fulltheta_counterfactual_update_probe_solver_row,True,True,maze-32-32-4|50|566|25|0|14650fb0739d0383,maze-32-32-4|a50|s566|it0|g547_fulltheta_smoke_maze_32_32_4_a50_s566_b1000,generated_theta::repair5g547_theta_000009,repair5g547_theta_000009,repair5g547_theta_000009,fulltheta_smoke::theta_min_edge_cost,maze-32-32-4,maze,50,566,1000,0,False,False,,,2229,295.8212,1,0,1688,,,False,,True,e30a75611aecfe79,alpha_commit=1.25|alpha_block=1.25|alpha_wait_spillover=0.75|rho_decay=0.94999999999999996|force_additive=0|enable_dual_channel=1|alpha_cong_commit_progress=1.25|alpha_cong_commit_nonprogress=1.25|alpha_cong_block=1.25|alpha_cong_wait_progress=0.75|alpha_cong_wait_nonprogress=0.75|alpha_flow_commit_progress=1|alpha_flow_wait_progress=1|rho_cong_decay=0.94999999999999996|rho_flow_decay=1|lambda_cong=1|lambda_flow=1|min_edge_cost=1|max_edge_cost=11|goal_projection_mode=flow_shield|flow_shield_beta=0.34999999999999998|max_flow_shield=0.75,14650fb0739d0383,1.25,1.25,1.25,0.75,0.75,1,1,0.95,1,1,1,0.35,0.75,1,11,1,0,0,1,0,0,50,25,0,1688,33.76,0,1,0,0,0.02,0.5,0.25,1,0.3,False,False,False,False,False,True
g547_fulltheta_smoke_00000088,new_g547_fulltheta_counterfactual_update_probe_solver_row,True,True,maze-32-32-4|50|566|25|0|14650fb0739d0383,maze-32-32-4|a50|s566|it0|g547_fulltheta_smoke_maze_32_32_4_a50_s566_b1000,generated_theta::repair5g547_theta_000010,repair5g547_theta_000010,repair5g547_theta_000010,fulltheta_smoke::theta_max_edge_cost,maze-32-32-4,maze,50,566,1000,0,False,False,,,2229,284.604,1,0,1688,,,False,,True,7a35172bbc1b94cb,alpha_commit=1.25|alpha_block=1.25|alpha_wait_spillover=0.75|rho_decay=0.94999999999999996|force_additive=0|enable_dual_channel=1|alpha_cong_commit_progress=1.25|alpha_cong_commit_nonprogress=1.25|alpha_cong_block=1.25|alpha_cong_wait_progress=0.75|alpha_cong_wait_nonprogress=0.75|alpha_flow_commit_progress=1|alpha_flow_wait_progress=1|rho_cong_decay=0.94999999999999996|rho_flow_decay=1|lambda_cong=1|lambda_flow=1|min_edge_cost=1|max_edge_cost=8|goal_projection_mode=flow_shield|flow_shield_beta=0.34999999999999998|max_flow_shield=0.75,14650fb0739d0383,1.25,1.25,1.25,0.75,0.75,1,1,0.95,1,1,1,0.35,0.75,1,8,1,0,0,1,0,0,50,25,0,1688,33.76,0,1,0,0,0.02,0.5,0.25,1,0.3,False,False,False,False,False,True
g547_fulltheta_smoke_00000089,new_g547_fulltheta_counterfactual_update_probe_solver_row,True,True,maze-32-32-4|50|566|25|0|14650fb0739d0383,maze-32-32-4|a50|s566|it0|g547_fulltheta_smoke_maze_32_32_4_a50_s566_b1000,generated_theta::repair5g547_theta_000011,repair5g547_theta_000011,repair5g547_theta_000011,fulltheta_smoke::theta_max_edge_cost,maze-32-32-4,maze,50,566,1000,0,False,False,,,2229,321.5182,1,0,1688,,,False,,True,35d66dc1ec012cc6,alpha_commit=1.25|alpha_block=1.25|alpha_wait_spillover=0.75|rho_decay=0.94999999999999996|force_additive=0|enable_dual_channel=1|alpha_cong_commit_progress=1.25|alpha_cong_commit_nonprogress=1.25|alpha_cong_block=1.25|alpha_cong_wait_progress=0.75|alpha_cong_wait_nonprogress=0.75|alpha_flow_commit_progress=1|alpha_flow_wait_progress=1|rho_cong_decay=0.94999999999999996|rho_flow_decay=1|lambda_cong=1|lambda_flow=1|min_edge_cost=1|max_edge_cost=12|goal_projection_mode=flow_shield|flow_shield_beta=0.34999999999999998|max_flow_shield=0.75,14650fb0739d0383,1.25,1.25,1.25,0.75,0.75,1,1,0.95,1,1,1,0.35,0.75,1,12,1,0,0,1,0,0,50,25,0,1688,33.76,0,1,0,0,0.02,0.5,0.25,1,0.3,False,False,False,False,False,True
g547_fulltheta_smoke_00000090,new_g547_fulltheta_counterfactual_update_probe_solver_row,True,True,maze-32-32-4|50|566|25|0|14650fb0739d0383,maze-32-32-4|a50|s566|it0|g547_fulltheta_smoke_maze_32_32_4_a50_s566_b1000,generated_theta::repair5g547_theta_000012,repair5g547_theta_000012,repair5g547_theta_000012,fulltheta_smoke::goal_projection_mode,maze-32-32-4,maze,50,566,1000,0,False,False,,,2229,304.6507,1,0,1688,,,False,,True,e30a75611aecfe79,alpha_commit=1.25|alpha_block=1.25|alpha_wait_spillover=0.75|rho_decay=0.94999999999999996|force_additive=0|enable_dual_channel=1|alpha_cong_commit_progress=1.25|alpha_cong_commit_nonprogress=1.25|alpha_cong_block=1.25|alpha_cong_wait_progress=0.75|alpha_cong_wait_nonprogress=0.75|alpha_flow_commit_progress=1|alpha_flow_wait_progress=1|rho_cong_decay=0.94999999999999996|rho_flow_decay=1|lambda_cong=1|lambda_flow=1|min_edge_cost=1|max_edge_cost=11|goal_projection_mode=flow_shield|flow_shield_beta=0.34999999999999998|max_flow_shield=0.75,14650fb0739d0383,1.25,1.25,1.25,0.75,0.75,1,1,0.95,1,1,1,0.35,0.75,1,11,1,0,0,1,0,0,50,25,0,1688,33.76,0,1,0,0,0.02,0.5,0.25,1,0.3,False,False,False,False,False,True
g547_fulltheta_smoke_00000091,new_g547_fulltheta_counterfactual_update_probe_solver_row,True,True,maze-32-32-4|50|566|25|0|14650fb0739d0383,maze-32-32-4|a50|s566|it0|g547_fulltheta_smoke_maze_32_32_4_a50_s566_b1000,generated_theta::repair5g547_theta_000013,repair5g547_theta_000013,repair5g547_theta_000013,fulltheta_smoke::goal_projection_mode,maze-32-32-4,maze,50,566,1000,0,False,False,,,2229,317.7842,1,0,1688,,,False,,True,562c13d7a176a2bc,alpha_commit=1.25|alpha_block=1.25|alpha_wait_spillover=0.75|rho_decay=0.94999999999999996|force_additive=0|enable_dual_channel=1|alpha_cong_commit_progress=1.25|alpha_cong_commit_nonprogress=1.25|alpha_cong_block=1.25|alpha_cong_wait_progress=0.75|alpha_cong_wait_nonprogress=0.75|alpha_flow_commit_progress=1|alpha_flow_wait_progress=1|rho_cong_decay=0.94999999999999996|rho_flow_decay=1|lambda_cong=1|lambda_flow=1|min_edge_cost=1|max_edge_cost=11|goal_projection_mode=agent_progress|flow_shield_beta=0.34999999999999998|max_flow_shield=0.75,14650fb0739d0383,1.25,1.25,1.25,0.75,0.75,1,1,0.95,1,1,1,0.35,0.75,1,11,0,1,0,1,0,0,50,25,0,1688,33.76,0,1,0,0,0.02,0.5,0.25,1,0.3,False,False,False,False,False,True
g547_fulltheta_smoke_00000092,new_g547_fulltheta_counterfactual_update_probe_solver_row,True,True,maze-32-32-4|50|566|25|0|14650fb0739d0383,maze-32-32-4|a50|s566|it0|g547_fulltheta_smoke_maze_32_32_4_a50_s566_b1000,generated_theta::repair5g547_theta_000014,repair5g547_theta_000014,repair5g547_theta_000014,fulltheta_smoke::goal_projection_mode,maze-32-32-4,maze,50,566,1000,0,False,False,,,2229,299.2672,1,0,1688,,,False,,True,b96f092bbcb39893,alpha_commit=1.25|alpha_block=1.25|alpha_wait_spillover=0.75|rho_decay=0.94999999999999996|force_additive=0|enable_dual_channel=1|alpha_cong_commit_progress=1.25|alpha_cong_commit_nonprogress=1.25|alpha_cong_block=1.25|alpha_cong_wait_progress=0.75|alpha_cong_wait_nonprogress=0.75|alpha_flow_commit_progress=1|alpha_flow_wait_progress=1|rho_cong_decay=0.94999999999999996|rho_flow_decay=1|lambda_cong=1|lambda_flow=1|min_edge_cost=1|max_edge_cost=11|goal_projection_mode=none|flow_shield_beta=0.34999999999999998|max_flow_shield=0.75,14650fb0739d0383,1.25,1.25,1.25,0.75,0.75,1,1,0.95,1,1,1,0.35,0.75,1,11,0,0,1,1,0,0,50,25,0,1688,33.76,0,1,0,0,0.02,0.5,0.25,1,0.3,False,False,False,False,False,True
g547_fulltheta_smoke_00000093,new_g547_fulltheta_counterfactual_update_probe_solver_row,True,True,maze-32-32-4|50|566|25|0|14650fb0739d0383,maze-32-32-4|a50|s566|it0|g547_fulltheta_smoke_maze_32_32_4_a50_s566_b1000,generated_theta::repair5g547_theta_000015,repair5g547_theta_000015,repair5g547_theta_000015,fulltheta_smoke::theta_alpha_cong_commit_nonprogress,maze-32-32-4,maze,50,566,1000,0,False,False,,,2229,335.3749,1,0,1688,,,False,,True,95eced852605b4c7,alpha_commit=0.5|alpha_block=1.25|alpha_wait_spillover=0.75|rho_decay=0.94999999999999996|force_additive=0|enable_dual_channel=1|alpha_cong_commit_progress=1.25|alpha_cong_commit_nonprogress=0.5|alpha_cong_block=1.25|alpha_cong_wait_progress=0.75|alpha_cong_wait_nonprogress=0.75|alpha_flow_commit_progress=1|alpha_flow_wait_progress=1|rho_cong_decay=0.94999999999999996|rho_flow_decay=1|lambda_cong=1|lambda_flow=1|min_edge_cost=1|max_edge_cost=11|goal_projection_mode=flow_shield|flow_shield_beta=0.34999999999999998|max_flow_shield=0.75,14650fb0739d0383,1.25,0.5,1.25,0.75,0.75,1,1,0.95,1,1,1,0.35,0.75,1,11,1,0,0,1,0,0,50,25,0,1688,33.76,0,1,0,0,0.02,0.5,0.25,1,0.3,False,False,False,False,False,True
g547_fulltheta_smoke_00000094,new_g547_fulltheta_counterfactual_update_probe_solver_row,True,True,maze-32-32-4|50|566|25|0|14650fb0739d0383,maze-32-32-4|a50|s566|it0|g547_fulltheta_smoke_maze_32_32_4_a50_s566_b1000,generated_theta::repair5g547_theta_000016,repair5g547_theta_000016,repair5g547_theta_000016,fulltheta_smoke::theta_alpha_cong_commit_nonprogress,maze-32-32-4,maze,50,566,1000,0,False,False,,,2229,281.7636,1,0,1688,,,False,,True,2a15243280de3947,alpha_commit=1.75|alpha_block=1.25|alpha_wait_spillover=0.75|rho_decay=0.94999999999999996|force_additive=0|enable_dual_channel=1|alpha_cong_commit_progress=1.25|alpha_cong_commit_nonprogress=1.75|alpha_cong_block=1.25|alpha_cong_wait_progress=0.75|alpha_cong_wait_nonprogress=0.75|alpha_flow_commit_progress=1|alpha_flow_wait_progress=1|rho_cong_decay=0.94999999999999996|rho_flow_decay=1|lambda_cong=1|lambda_flow=1|min_edge_cost=1|max_edge_cost=11|goal_projection_mode=flow_shield|flow_shield_beta=0.34999999999999998|max_flow_shield=0.75,14650fb0739d0383,1.25,1.75,1.25,0.75,0.75,1,1,0.95,1,1,1,0.35,0.75,1,11,1,0,0,1,0,0,50,25,0,1688,33.76,0,1,0,0,0.02,0.5,0.25,1,0.3,False,False,False,False,False,True
g547_fulltheta_smoke_00000095,new_g547_fulltheta_counterfactual_update_probe_solver_row,True,True,maze-32-32-4|50|566|25|0|14650fb0739d0383,maze-32-32-4|a50|s566|it0|g547_fulltheta_smoke_maze_32_32_4_a50_s566_b2000,additive_ltm,repair5g59_additive_fallback,repair5g59_additive_fallback,baseline,maze-32-32-4,maze,50,566,2000,0,False,False,,,2229,138.3731,1,0,1688,,,False,,True,35049bacad216c02,alpha_commit=1|alpha_block=1|alpha_wait_spillover=1|rho_decay=1|force_additive=1|enable_dual_channel=0|alpha_cong_commit_progress=0|alpha_cong_commit_nonprogress=1|alpha_cong_block=1|alpha_cong_wait_progress=1|alpha_cong_wait_nonprogress=1|alpha_flow_commit_progress=0|alpha_flow_wait_progress=0|rho_cong_decay=1|rho_flow_decay=1|lambda_cong=1|lambda_flow=0|min_edge_cost=0.25|max_edge_cost=11|goal_projection_mode=none|flow_shield_beta=0|max_flow_shield=0,14650fb0739d0383,0,1,1,1,1,0,0,1,1,1,0,0,0.25,0.25,11,0,0,1,1,0,0,50,25,0,1688,33.76,0,1,0,0,0.02,0.5,0.25,1,0.3,False,False,False,False,False,True
g547_fulltheta_smoke_00000096,new_g547_fulltheta_counterfactual_update_probe_solver_row,True,True,maze-32-32-4|50|566|25|0|14650fb0739d0383,maze-32-32-4|a50|s566|it0|g547_fulltheta_smoke_maze_32_32_4_a50_s566_b2000,static_flow_shield,repair5g59_static_flow_shield,repair5g59_static_flow_shield,baseline,maze-32-32-4,maze,50,566,2000,0,False,False,,,2229,240.656,1,0,1688,,,False,,True,29737bed70c56f0d,alpha_commit=1.25|alpha_block=1.25|alpha_wait_spillover=0.75|rho_decay=0.94999999999999996|force_additive=0|enable_dual_channel=1|alpha_cong_commit_progress=1.25|alpha_cong_commit_nonprogress=1.25|alpha_cong_block=1.25|alpha_cong_wait_progress=0.75|alpha_cong_wait_nonprogress=0.75|alpha_flow_commit_progress=1|alpha_flow_wait_progress=0|rho_cong_decay=0.94999999999999996|rho_flow_decay=1|lambda_cong=1|lambda_flow=0|min_edge_cost=1|max_edge_cost=11|goal_projection_mode=flow_shield|flow_shield_beta=0.34999999999999998|max_flow_shield=0.75,14650fb0739d0383,1.25,1.25,1.25,0.75,0.75,1,1,0.95,1,1,1,0.35,0.75,1,11,1,0,0,1,0,0,50,25,0,1688,33.76,0,1,0,0,0.02,0.5,0.25,1,0.3,False,False,False,False,False,True
g547_fulltheta_smoke_00000097,new_g547_fulltheta_counterfactual_update_probe_solver_row,True,True,maze-32-32-4|50|566|25|0|14650fb0739d0383,maze-32-32-4|a50|s566|it0|g547_fulltheta_smoke_maze_32_32_4_a50_s566_b2000,frozen_family_static_goal_aware,repair5g59_high_beta_cap_safe,repair5g59_high_beta_cap_safe,baseline,maze-32-32-4,maze,50,566,2000,0,False,False,,,2229,239.9825,1,0,1688,,,False,,True,fbcf27bf34de68c,alpha_commit=1.25|alpha_block=1.25|alpha_wait_spillover=0.75|rho_decay=0.94999999999999996|force_additive=0|enable_dual_channel=1|alpha_cong_commit_progress=1.25|alpha_cong_commit_nonprogress=1.25|alpha_cong_block=1.25|alpha_cong_wait_progress=0.75|alpha_cong_wait_nonprogress=0.75|alpha_flow_commit_progress=1|alpha_flow_wait_progress=0|rho_cong_decay=0.94999999999999996|rho_flow_decay=1|lambda_cong=1|lambda_flow=0|min_edge_cost=1|max_edge_cost=11|goal_projection_mode=flow_shield|flow_shield_beta=0.59999999999999998|max_flow_shield=0.75,14650fb0739d0383,1.25,1.25,1.25,0.75,0.75,1,1,0.95,1,1,1,0.6,0.75,1,11,1,0,0,1,0,0,50,25,0,1688,33.76,0,1,0,0,0.02,0.5,0.25,1,0.3,False,False,False,False,False,True
g547_fulltheta_smoke_00000098,new_g547_fulltheta_counterfactual_update_probe_solver_row,True,True,maze-32-32-4|50|566|25|0|14650fb0739d0383,maze-32-32-4|a50|s566|it0|g547_fulltheta_smoke_maze_32_32_4_a50_s566_b2000,generated_theta::repair5g547_theta_000001,repair5g547_theta_000001,repair5g547_theta_000001,fulltheta_smoke::all_fields_reference,maze-32-32-4,maze,50,566,2000,0,False,False,,,2229,245.0808,1,0,1688,,,False,,True,e30a75611aecfe79,alpha_commit=1.25|alpha_block=1.25|alpha_wait_spillover=0.75|rho_decay=0.94999999999999996|force_additive=0|enable_dual_channel=1|alpha_cong_commit_progress=1.25|alpha_cong_commit_nonprogress=1.25|alpha_cong_block=1.25|alpha_cong_wait_progress=0.75|alpha_cong_wait_nonprogress=0.75|alpha_flow_commit_progress=1|alpha_flow_wait_progress=1|rho_cong_decay=0.94999999999999996|rho_flow_decay=1|lambda_cong=1|lambda_flow=1|min_edge_cost=1|max_edge_cost=11|goal_projection_mode=flow_shield|flow_shield_beta=0.34999999999999998|max_flow_shield=0.75,14650fb0739d0383,1.25,1.25,1.25,0.75,0.75,1,1,0.95,1,1,1,0.35,0.75,1,11,1,0,0,1,0,0,50,25,0,1688,33.76,0,1,0,0,0.02,0.5,0.25,1,0.3,False,False,False,False,False,True
g547_fulltheta_smoke_00000099,new_g547_fulltheta_counterfactual_update_probe_solver_row,True,True,maze-32-32-4|50|566|25|0|14650fb0739d0383,maze-32-32-4|a50|s566|it0|g547_fulltheta_smoke_maze_32_32_4_a50_s566_b2000,generated_theta::repair5g547_theta_000002,repair5g547_theta_000002,repair5g547_theta_000002,fulltheta_smoke::theta_lambda_flow,maze-32-32-4,maze,50,566,2000,0,False,False,,,2229,225.5053,1,0,1688,,,False,,True,a4814b677c6d1180,alpha_commit=1.25|alpha_block=1.25|alpha_wait_spillover=0.75|rho_decay=0.94999999999999996|force_additive=0|enable_dual_channel=1|alpha_cong_commit_progress=1.25|alpha_cong_commit_nonprogress=1.25|alpha_cong_block=1.25|alpha_cong_wait_progress=0.75|alpha_cong_wait_nonprogress=0.75|alpha_flow_commit_progress=1|alpha_flow_wait_progress=1|rho_cong_decay=0.94999999999999996|rho_flow_decay=1|lambda_cong=1|lambda_flow=0.10000000000000001|min_edge_cost=1|max_edge_cost=11|goal_projection_mode=flow_shield|flow_shield_beta=0.34999999999999998|max_flow_shield=0.75,14650fb0739d0383,1.25,1.25,1.25,0.75,0.75,1,1,0.95,1,1,0.1,0.35,0.75,1,11,1,0,0,1,0,0,50,25,0,1688,33.76,0,1,0,0,0.02,0.5,0.25,1,0.3,False,False,False,False,False,True
g547_fulltheta_smoke_00000100,new_g547_fulltheta_counterfactual_update_probe_solver_row,True,True,maze-32-32-4|50|566|25|0|14650fb0739d0383,maze-32-32-4|a50|s566|it0|g547_fulltheta_smoke_maze_32_32_4_a50_s566_b2000,generated_theta::repair5g547_theta_000003,repair5g547_theta_000003,repair5g547_theta_000003,fulltheta_smoke::theta_lambda_flow,maze-32-32-4,maze,50,566,2000,0,False,False,,,2229,232.0406,1,0,1688,,,False,,True,8584e99b6c1a5647,alpha_commit=1.25|alpha_block=1.25|alpha_wait_spillover=0.75|rho_decay=0.94999999999999996|force_additive=0|enable_dual_channel=1|alpha_cong_commit_progress=1.25|alpha_cong_commit_nonprogress=1.25|alpha_cong_block=1.25|alpha_cong_wait_progress=0.75|alpha_cong_wait_nonprogress=0.75|alpha_flow_commit_progress=1|alpha_flow_wait_progress=1|rho_cong_decay=0.94999999999999996|rho_flow_decay=1|lambda_cong=1|lambda_flow=1.3999999999999999|min_edge_cost=1|max_edge_cost=11|goal_projection_mode=flow_shield|flow_shield_beta=0.34999999999999998|max_flow_shield=0.75,14650fb0739d0383,1.25,1.25,1.25,0.75,0.75,1,1,0.95,1,1,1.4,0.35,0.75,1,11,1,0,0,1,0,0,50,25,0,1688,33.76,0,1,0,0,0.02,0.5,0.25,1,0.3,False,False,False,False,False,True
g547_fulltheta_smoke_00000101,new_g547_fulltheta_counterfactual_update_probe_solver_row,True,True,maze-32-32-4|50|566|25|0|14650fb0739d0383,maze-32-32-4|a50|s566|it0|g547_fulltheta_smoke_maze_32_32_4_a50_s566_b2000,generated_theta::repair5g547_theta_000004,repair5g547_theta_000004,repair5g547_theta_000004,fulltheta_smoke::theta_lambda_cong,maze-32-32-4,maze,50,566,2000,0,False,False,,,2229,230.6688,1,0,1688,,,False,,True,b5442e0c6c6741b0,alpha_commit=1.25|alpha_block=1.25|alpha_wait_spillover=0.75|rho_decay=0.94999999999999996|force_additive=0|enable_dual_channel=1|alpha_cong_commit_progress=1.25|alpha_cong_commit_nonprogress=1.25|alpha_cong_block=1.25|alpha_cong_wait_progress=0.75|alpha_cong_wait_nonprogress=0.75|alpha_flow_commit_progress=1|alpha_flow_wait_progress=1|rho_cong_decay=0.94999999999999996|rho_flow_decay=1|lambda_cong=0.59999999999999998|lambda_flow=1|min_edge_cost=1|max_edge_cost=11|goal_projection_mode=flow_shield|flow_shield_beta=0.34999999999999998|max_flow_shield=0.75,14650fb0739d0383,1.25,1.25,1.25,0.75,0.75,1,1,0.95,1,0.6,1,0.35,0.75,1,11,1,0,0,1,0,0,50,25,0,1688,33.76,0,1,0,0,0.02,0.5,0.25,1,0.3,False,False,False,False,False,True
g547_fulltheta_smoke_00000102,new_g547_fulltheta_counterfactual_update_probe_solver_row,True,True,maze-32-32-4|50|566|25|0|14650fb0739d0383,maze-32-32-4|a50|s566|it0|g547_fulltheta_smoke_maze_32_32_4_a50_s566_b2000,generated_theta::repair5g547_theta_000005,repair5g547_theta_000005,repair5g547_theta_000005,fulltheta_smoke::theta_lambda_cong,maze-32-32-4,maze,50,566,2000,0,False,False,,,2229,248.796,1,0,1688,,,False,,True,77f3f55aa954d3f,alpha_commit=1.25|alpha_block=1.25|alpha_wait_spillover=0.75|rho_decay=0.94999999999999996|force_additive=0|enable_dual_channel=1|alpha_cong_commit_progress=1.25|alpha_cong_commit_nonprogress=1.25|alpha_cong_block=1.25|alpha_cong_wait_progress=0.75|alpha_cong_wait_nonprogress=0.75|alpha_flow_commit_progress=1|alpha_flow_wait_progress=1|rho_cong_decay=0.94999999999999996|rho_flow_decay=1|lambda_cong=1.3999999999999999|lambda_flow=1|min_edge_cost=1|max_edge_cost=11|goal_projection_mode=flow_shield|flow_shield_beta=0.34999999999999998|max_flow_shield=0.75,14650fb0739d0383,1.25,1.25,1.25,0.75,0.75,1,1,0.95,1,1.4,1,0.35,0.75,1,11,1,0,0,1,0,0,50,25,0,1688,33.76,0,1,0,0,0.02,0.5,0.25,1,0.3,False,False,False,False,False,True
g547_fulltheta_smoke_00000103,new_g547_fulltheta_counterfactual_update_probe_solver_row,True,True,maze-32-32-4|50|566|25|0|14650fb0739d0383,maze-32-32-4|a50|s566|it0|g547_fulltheta_smoke_maze_32_32_4_a50_s566_b2000,generated_theta::repair5g547_theta_000006,repair5g547_theta_000006,repair5g547_theta_000006,fulltheta_smoke::theta_alpha_flow_wait_progress,maze-32-32-4,maze,50,566,2000,0,False,False,,,2229,269.8894,1,0,1688,,,False,,True,29c4ecda70affb5a,alpha_commit=1.25|alpha_block=1.25|alpha_wait_spillover=0.75|rho_decay=0.94999999999999996|force_additive=0|enable_dual_channel=1|alpha_cong_commit_progress=1.25|alpha_cong_commit_nonprogress=1.25|alpha_cong_block=1.25|alpha_cong_wait_progress=0.75|alpha_cong_wait_nonprogress=0.75|alpha_flow_commit_progress=1|alpha_flow_wait_progress=0|rho_cong_decay=0.94999999999999996|rho_flow_decay=1|lambda_cong=1|lambda_flow=1|min_edge_cost=1|max_edge_cost=11|goal_projection_mode=flow_shield|flow_shield_beta=0.34999999999999998|max_flow_shield=0.75,14650fb0739d0383,1.25,1.25,1.25,0.75,0.75,1,0,0.95,1,1,1,0.35,0.75,1,11,1,0,0,1,0,0,50,25,0,1688,33.76,0,1,0,0,0.02,0.5,0.25,1,0.3,False,False,False,False,False,True
g547_fulltheta_smoke_00000104,new_g547_fulltheta_counterfactual_update_probe_solver_row,True,True,maze-32-32-4|50|566|25|0|14650fb0739d0383,maze-32-32-4|a50|s566|it0|g547_fulltheta_smoke_maze_32_32_4_a50_s566_b2000,generated_theta::repair5g547_theta_000007,repair5g547_theta_000007,repair5g547_theta_000007,fulltheta_smoke::theta_alpha_flow_wait_progress,maze-32-32-4,maze,50,566,2000,0,False,False,,,2229,359.1054,1,0,1688,,,False,,True,b5a183b18079a70d,alpha_commit=1.25|alpha_block=1.25|alpha_wait_spillover=0.75|rho_decay=0.94999999999999996|force_additive=0|enable_dual_channel=1|alpha_cong_commit_progress=1.25|alpha_cong_commit_nonprogress=1.25|alpha_cong_block=1.25|alpha_cong_wait_progress=0.75|alpha_cong_wait_nonprogress=0.75|alpha_flow_commit_progress=1|alpha_flow_wait_progress=1.2|rho_cong_decay=0.94999999999999996|rho_flow_decay=1|lambda_cong=1|lambda_flow=1|min_edge_cost=1|max_edge_cost=11|goal_projection_mode=flow_shield|flow_shield_beta=0.34999999999999998|max_flow_shield=0.75,14650fb0739d0383,1.25,1.25,1.25,0.75,0.75,1,1.2,0.95,1,1,1,0.35,0.75,1,11,1,0,0,1,0,0,50,25,0,1688,33.76,0,1,0,0,0.02,0.5,0.25,1,0.3,False,False,False,False,False,True
g547_fulltheta_smoke_00000105,new_g547_fulltheta_counterfactual_update_probe_solver_row,True,True,maze-32-32-4|50|566|25|0|14650fb0739d0383,maze-32-32-4|a50|s566|it0|g547_fulltheta_smoke_maze_32_32_4_a50_s566_b2000,generated_theta::repair5g547_theta_000008,repair5g547_theta_000008,repair5g547_theta_000008,fulltheta_smoke::theta_min_edge_cost,maze-32-32-4,maze,50,566,2000,0,False,False,,,2229,323.4864,1,0,1688,,,False,,True,ef8f0d160cc2a725,alpha_commit=1.25|alpha_block=1.25|alpha_wait_spillover=0.75|rho_decay=0.94999999999999996|force_additive=0|enable_dual_channel=1|alpha_cong_commit_progress=1.25|alpha_cong_commit_nonprogress=1.25|alpha_cong_block=1.25|alpha_cong_wait_progress=0.75|alpha_cong_wait_nonprogress=0.75|alpha_flow_commit_progress=1|alpha_flow_wait_progress=1|rho_cong_decay=0.94999999999999996|rho_flow_decay=1|lambda_cong=1|lambda_flow=1|min_edge_cost=0.25|max_edge_cost=11|goal_projection_mode=flow_shield|flow_shield_beta=0.34999999999999998|max_flow_shield=0.75,14650fb0739d0383,1.25,1.25,1.25,0.75,0.75,1,1,0.95,1,1,1,0.35,0.75,0.25,11,1,0,0,1,0,0,50,25,0,1688,33.76,0,1,0,0,0.02,0.5,0.25,1,0.3,False,False,False,False,False,True
g547_fulltheta_smoke_00000106,new_g547_fulltheta_counterfactual_update_probe_solver_row,True,True,maze-32-32-4|50|566|25|0|14650fb0739d0383,maze-32-32-4|a50|s566|it0|g547_fulltheta_smoke_maze_32_32_4_a50_s566_b2000,generated_theta::repair5g547_theta_000009,repair5g547_theta_000009,repair5g547_theta_000009,fulltheta_smoke::theta_min_edge_cost,maze-32-32-4,maze,50,566,2000,0,False,False,,,2229,324.0883,1,0,1688,,,False,,True,e30a75611aecfe79,alpha_commit=1.25|alpha_block=1.25|alpha_wait_spillover=0.75|rho_decay=0.94999999999999996|force_additive=0|enable_dual_channel=1|alpha_cong_commit_progress=1.25|alpha_cong_commit_nonprogress=1.25|alpha_cong_block=1.25|alpha_cong_wait_progress=0.75|alpha_cong_wait_nonprogress=0.75|alpha_flow_commit_progress=1|alpha_flow_wait_progress=1|rho_cong_decay=0.94999999999999996|rho_flow_decay=1|lambda_cong=1|lambda_flow=1|min_edge_cost=1|max_edge_cost=11|goal_projection_mode=flow_shield|flow_shield_beta=0.34999999999999998|max_flow_shield=0.75,14650fb0739d0383,1.25,1.25,1.25,0.75,0.75,1,1,0.95,1,1,1,0.35,0.75,1,11,1,0,0,1,0,0,50,25,0,1688,33.76,0,1,0,0,0.02,0.5,0.25,1,0.3,False,False,False,False,False,True
g547_fulltheta_smoke_00000107,new_g547_fulltheta_counterfactual_update_probe_solver_row,True,True,maze-32-32-4|50|566|25|0|14650fb0739d0383,maze-32-32-4|a50|s566|it0|g547_fulltheta_smoke_maze_32_32_4_a50_s566_b2000,generated_theta::repair5g547_theta_000010,repair5g547_theta_000010,repair5g547_theta_000010,fulltheta_smoke::theta_max_edge_cost,maze-32-32-4,maze,50,566,2000,0,False,False,,,2229,329.2789,1,0,1688,,,False,,True,7a35172bbc1b94cb,alpha_commit=1.25|alpha_block=1.25|alpha_wait_spillover=0.75|rho_decay=0.94999999999999996|force_additive=0|enable_dual_channel=1|alpha_cong_commit_progress=1.25|alpha_cong_commit_nonprogress=1.25|alpha_cong_block=1.25|alpha_cong_wait_progress=0.75|alpha_cong_wait_nonprogress=0.75|alpha_flow_commit_progress=1|alpha_flow_wait_progress=1|rho_cong_decay=0.94999999999999996|rho_flow_decay=1|lambda_cong=1|lambda_flow=1|min_edge_cost=1|max_edge_cost=8|goal_projection_mode=flow_shield|flow_shield_beta=0.34999999999999998|max_flow_shield=0.75,14650fb0739d0383,1.25,1.25,1.25,0.75,0.75,1,1,0.95,1,1,1,0.35,0.75,1,8,1,0,0,1,0,0,50,25,0,1688,33.76,0,1,0,0,0.02,0.5,0.25,1,0.3,False,False,False,False,False,True
g547_fulltheta_smoke_00000108,new_g547_fulltheta_counterfactual_update_probe_solver_row,True,True,maze-32-32-4|50|566|25|0|14650fb0739d0383,maze-32-32-4|a50|s566|it0|g547_fulltheta_smoke_maze_32_32_4_a50_s566_b2000,generated_theta::repair5g547_theta_000011,repair5g547_theta_000011,repair5g547_theta_000011,fulltheta_smoke::theta_max_edge_cost,maze-32-32-4,maze,50,566,2000,0,False,False,,,2229,334.5714,1,0,1688,,,False,,True,35d66dc1ec012cc6,alpha_commit=1.25|alpha_block=1.25|alpha_wait_spillover=0.75|rho_decay=0.94999999999999996|force_additive=0|enable_dual_channel=1|alpha_cong_commit_progress=1.25|alpha_cong_commit_nonprogress=1.25|alpha_cong_block=1.25|alpha_cong_wait_progress=0.75|alpha_cong_wait_nonprogress=0.75|alpha_flow_commit_progress=1|alpha_flow_wait_progress=1|rho_cong_decay=0.94999999999999996|rho_flow_decay=1|lambda_cong=1|lambda_flow=1|min_edge_cost=1|max_edge_cost=12|goal_projection_mode=flow_shield|flow_shield_beta=0.34999999999999998|max_flow_shield=0.75,14650fb0739d0383,1.25,1.25,1.25,0.75,0.75,1,1,0.95,1,1,1,0.35,0.75,1,12,1,0,0,1,0,0,50,25,0,1688,33.76,0,1,0,0,0.02,0.5,0.25,1,0.3,False,False,False,False,False,True
g547_fulltheta_smoke_00000109,new_g547_fulltheta_counterfactual_update_probe_solver_row,True,True,maze-32-32-4|50|566|25|0|14650fb0739d0383,maze-32-32-4|a50|s566|it0|g547_fulltheta_smoke_maze_32_32_4_a50_s566_b2000,generated_theta::repair5g547_theta_000012,repair5g547_theta_000012,repair5g547_theta_000012,fulltheta_smoke::goal_projection_mode,maze-32-32-4,maze,50,566,2000,0,False,False,,,2229,248.5962,1,0,1688,,,False,,True,e30a75611aecfe79,alpha_commit=1.25|alpha_block=1.25|alpha_wait_spillover=0.75|rho_decay=0.94999999999999996|force_additive=0|enable_dual_channel=1|alpha_cong_commit_progress=1.25|alpha_cong_commit_nonprogress=1.25|alpha_cong_block=1.25|alpha_cong_wait_progress=0.75|alpha_cong_wait_nonprogress=0.75|alpha_flow_commit_progress=1|alpha_flow_wait_progress=1|rho_cong_decay=0.94999999999999996|rho_flow_decay=1|lambda_cong=1|lambda_flow=1|min_edge_cost=1|max_edge_cost=11|goal_projection_mode=flow_shield|flow_shield_beta=0.34999999999999998|max_flow_shield=0.75,14650fb0739d0383,1.25,1.25,1.25,0.75,0.75,1,1,0.95,1,1,1,0.35,0.75,1,11,1,0,0,1,0,0,50,25,0,1688,33.76,0,1,0,0,0.02,0.5,0.25,1,0.3,False,False,False,False,False,True
g547_fulltheta_smoke_00000110,new_g547_fulltheta_counterfactual_update_probe_solver_row,True,True,maze-32-32-4|50|566|25|0|14650fb0739d0383,maze-32-32-4|a50|s566|it0|g547_fulltheta_smoke_maze_32_32_4_a50_s566_b2000,generated_theta::repair5g547_theta_000013,repair5g547_theta_000013,repair5g547_theta_000013,fulltheta_smoke::goal_projection_mode,maze-32-32-4,maze,50,566,2000,0,False,False,,,2229,320.1466,1,0,1688,,,False,,True,562c13d7a176a2bc,alpha_commit=1.25|alpha_block=1.25|alpha_wait_spillover=0.75|rho_decay=0.94999999999999996|force_additive=0|enable_dual_channel=1|alpha_cong_commit_progress=1.25|alpha_cong_commit_nonprogress=1.25|alpha_cong_block=1.25|alpha_cong_wait_progress=0.75|alpha_cong_wait_nonprogress=0.75|alpha_flow_commit_progress=1|alpha_flow_wait_progress=1|rho_cong_decay=0.94999999999999996|rho_flow_decay=1|lambda_cong=1|lambda_flow=1|min_edge_cost=1|max_edge_cost=11|goal_projection_mode=agent_progress|flow_shield_beta=0.34999999999999998|max_flow_shield=0.75,14650fb0739d0383,1.25,1.25,1.25,0.75,0.75,1,1,0.95,1,1,1,0.35,0.75,1,11,0,1,0,1,0,0,50,25,0,1688,33.76,0,1,0,0,0.02,0.5,0.25,1,0.3,False,False,False,False,False,True
g547_fulltheta_smoke_00000111,new_g547_fulltheta_counterfactual_update_probe_solver_row,True,True,maze-32-32-4|50|566|25|0|14650fb0739d0383,maze-32-32-4|a50|s566|it0|g547_fulltheta_smoke_maze_32_32_4_a50_s566_b2000,generated_theta::repair5g547_theta_000014,repair5g547_theta_000014,repair5g547_theta_000014,fulltheta_smoke::goal_projection_mode,maze-32-32-4,maze,50,566,2000,0,False,False,,,2229,302.1998,1,0,1688,,,False,,True,b96f092bbcb39893,alpha_commit=1.25|alpha_block=1.25|alpha_wait_spillover=0.75|rho_decay=0.94999999999999996|force_additive=0|enable_dual_channel=1|alpha_cong_commit_progress=1.25|alpha_cong_commit_nonprogress=1.25|alpha_cong_block=1.25|alpha_cong_wait_progress=0.75|alpha_cong_wait_nonprogress=0.75|alpha_flow_commit_progress=1|alpha_flow_wait_progress=1|rho_cong_decay=0.94999999999999996|rho_flow_decay=1|lambda_cong=1|lambda_flow=1|min_edge_cost=1|max_edge_cost=11|goal_projection_mode=none|flow_shield_beta=0.34999999999999998|max_flow_shield=0.75,14650fb0739d0383,1.25,1.25,1.25,0.75,0.75,1,1,0.95,1,1,1,0.35,0.75,1,11,0,0,1,1,0,0,50,25,0,1688,33.76,0,1,0,0,0.02,0.5,0.25,1,0.3,False,False,False,False,False,True
g547_fulltheta_smoke_00000112,new_g547_fulltheta_counterfactual_update_probe_solver_row,True,True,maze-32-32-4|50|566|25|0|14650fb0739d0383,maze-32-32-4|a50|s566|it0|g547_fulltheta_smoke_maze_32_32_4_a50_s566_b2000,generated_theta::repair5g547_theta_000015,repair5g547_theta_000015,repair5g547_theta_000015,fulltheta_smoke::theta_alpha_cong_commit_nonprogress,maze-32-32-4,maze,50,566,2000,0,False,False,,,2229,379.9486,1,0,1688,,,False,,True,95eced852605b4c7,alpha_commit=0.5|alpha_block=1.25|alpha_wait_spillover=0.75|rho_decay=0.94999999999999996|force_additive=0|enable_dual_channel=1|alpha_cong_commit_progress=1.25|alpha_cong_commit_nonprogress=0.5|alpha_cong_block=1.25|alpha_cong_wait_progress=0.75|alpha_cong_wait_nonprogress=0.75|alpha_flow_commit_progress=1|alpha_flow_wait_progress=1|rho_cong_decay=0.94999999999999996|rho_flow_decay=1|lambda_cong=1|lambda_flow=1|min_edge_cost=1|max_edge_cost=11|goal_projection_mode=flow_shield|flow_shield_beta=0.34999999999999998|max_flow_shield=0.75,14650fb0739d0383,1.25,0.5,1.25,0.75,0.75,1,1,0.95,1,1,1,0.35,0.75,1,11,1,0,0,1,0,0,50,25,0,1688,33.76,0,1,0,0,0.02,0.5,0.25,1,0.3,False,False,False,False,False,True
g547_fulltheta_smoke_00000113,new_g547_fulltheta_counterfactual_update_probe_solver_row,True,True,maze-32-32-4|50|566|25|0|14650fb0739d0383,maze-32-32-4|a50|s566|it0|g547_fulltheta_smoke_maze_32_32_4_a50_s566_b2000,generated_theta::repair5g547_theta_000016,repair5g547_theta_000016,repair5g547_theta_000016,fulltheta_smoke::theta_alpha_cong_commit_nonprogress,maze-32-32-4,maze,50,566,2000,0,False,False,,,2229,384.6694,1,0,1688,,,False,,True,2a15243280de3947,alpha_commit=1.75|alpha_block=1.25|alpha_wait_spillover=0.75|rho_decay=0.94999999999999996|force_additive=0|enable_dual_channel=1|alpha_cong_commit_progress=1.25|alpha_cong_commit_nonprogress=1.75|alpha_cong_block=1.25|alpha_cong_wait_progress=0.75|alpha_cong_wait_nonprogress=0.75|alpha_flow_commit_progress=1|alpha_flow_wait_progress=1|rho_cong_decay=0.94999999999999996|rho_flow_decay=1|lambda_cong=1|lambda_flow=1|min_edge_cost=1|max_edge_cost=11|goal_projection_mode=flow_shield|flow_shield_beta=0.34999999999999998|max_flow_shield=0.75,14650fb0739d0383,1.25,1.75,1.25,0.75,0.75,1,1,0.95,1,1,1,0.35,0.75,1,11,1,0,0,1,0,0,50,25,0,1688,33.76,0,1,0,0,0.02,0.5,0.25,1,0.3,False,False,False,False,False,True
g547_fulltheta_smoke_00000114,new_g547_fulltheta_counterfactual_update_probe_solver_row,True,True,maze-32-32-4|50|646|25|0|14650fb0739d0383,maze-32-32-4|a50|s646|it0|g547_fulltheta_smoke_maze_32_32_4_a50_s646_b2000,additive_ltm,repair5g59_additive_fallback,repair5g59_additive_fallback,baseline,maze-32-32-4,maze,50,646,2000,0,False,False,,,2282,158.088,1,0,1618,,,False,,True,35049bacad216c02,alpha_commit=1|alpha_block=1|alpha_wait_spillover=1|rho_decay=1|force_additive=1|enable_dual_channel=0|alpha_cong_commit_progress=0|alpha_cong_commit_nonprogress=1|alpha_cong_block=1|alpha_cong_wait_progress=1|alpha_cong_wait_nonprogress=1|alpha_flow_commit_progress=0|alpha_flow_wait_progress=0|rho_cong_decay=1|rho_flow_decay=1|lambda_cong=1|lambda_flow=0|min_edge_cost=0.25|max_edge_cost=11|goal_projection_mode=none|flow_shield_beta=0|max_flow_shield=0,14650fb0739d0383,0,1,1,1,1,0,0,1,1,1,0,0,0.25,0.25,11,0,0,1,1,0,0,50,25,0,1618,32.36,0,1,0,0,0.02,0.5,0.25,1,0.3,False,False,False,False,False,True
g547_fulltheta_smoke_00000115,new_g547_fulltheta_counterfactual_update_probe_solver_row,True,True,maze-32-32-4|50|646|25|0|14650fb0739d0383,maze-32-32-4|a50|s646|it0|g547_fulltheta_smoke_maze_32_32_4_a50_s646_b2000,static_flow_shield,repair5g59_static_flow_shield,repair5g59_static_flow_shield,baseline,maze-32-32-4,maze,50,646,2000,0,False,False,,,2282,229.3658,1,0,1618,,,False,,True,29737bed70c56f0d,alpha_commit=1.25|alpha_block=1.25|alpha_wait_spillover=0.75|rho_decay=0.94999999999999996|force_additive=0|enable_dual_channel=1|alpha_cong_commit_progress=1.25|alpha_cong_commit_nonprogress=1.25|alpha_cong_block=1.25|alpha_cong_wait_progress=0.75|alpha_cong_wait_nonprogress=0.75|alpha_flow_commit_progress=1|alpha_flow_wait_progress=0|rho_cong_decay=0.94999999999999996|rho_flow_decay=1|lambda_cong=1|lambda_flow=0|min_edge_cost=1|max_edge_cost=11|goal_projection_mode=flow_shield|flow_shield_beta=0.34999999999999998|max_flow_shield=0.75,14650fb0739d0383,1.25,1.25,1.25,0.75,0.75,1,1,0.95,1,1,1,0.35,0.75,1,11,1,0,0,1,0,0,50,25,0,1618,32.36,0,1,0,0,0.02,0.5,0.25,1,0.3,False,False,False,False,False,True
g547_fulltheta_smoke_00000116,new_g547_fulltheta_counterfactual_update_probe_solver_row,True,True,maze-32-32-4|50|646|25|0|14650fb0739d0383,maze-32-32-4|a50|s646|it0|g547_fulltheta_smoke_maze_32_32_4_a50_s646_b2000,frozen_family_static_goal_aware,repair5g59_high_beta_cap_safe,repair5g59_high_beta_cap_safe,baseline,maze-32-32-4,maze,50,646,2000,0,False,False,,,2282,243.1598,1,0,1618,,,False,,True,fbcf27bf34de68c,alpha_commit=1.25|alpha_block=1.25|alpha_wait_spillover=0.75|rho_decay=0.94999999999999996|force_additive=0|enable_dual_channel=1|alpha_cong_commit_progress=1.25|alpha_cong_commit_nonprogress=1.25|alpha_cong_block=1.25|alpha_cong_wait_progress=0.75|alpha_cong_wait_nonprogress=0.75|alpha_flow_commit_progress=1|alpha_flow_wait_progress=0|rho_cong_decay=0.94999999999999996|rho_flow_decay=1|lambda_cong=1|lambda_flow=0|min_edge_cost=1|max_edge_cost=11|goal_projection_mode=flow_shield|flow_shield_beta=0.59999999999999998|max_flow_shield=0.75,14650fb0739d0383,1.25,1.25,1.25,0.75,0.75,1,1,0.95,1,1,1,0.6,0.75,1,11,1,0,0,1,0,0,50,25,0,1618,32.36,0,1,0,0,0.02,0.5,0.25,1,0.3,False,False,False,False,False,True
g547_fulltheta_smoke_00000117,new_g547_fulltheta_counterfactual_update_probe_solver_row,True,True,maze-32-32-4|50|646|25|0|14650fb0739d0383,maze-32-32-4|a50|s646|it0|g547_fulltheta_smoke_maze_32_32_4_a50_s646_b2000,generated_theta::repair5g547_theta_000001,repair5g547_theta_000001,repair5g547_theta_000001,fulltheta_smoke::all_fields_reference,maze-32-32-4,maze,50,646,2000,0,False,False,,,2282,227.6657,1,0,1618,,,False,,True,e30a75611aecfe79,alpha_commit=1.25|alpha_block=1.25|alpha_wait_spillover=0.75|rho_decay=0.94999999999999996|force_additive=0|enable_dual_channel=1|alpha_cong_commit_progress=1.25|alpha_cong_commit_nonprogress=1.25|alpha_cong_block=1.25|alpha_cong_wait_progress=0.75|alpha_cong_wait_nonprogress=0.75|alpha_flow_commit_progress=1|alpha_flow_wait_progress=1|rho_cong_decay=0.94999999999999996|rho_flow_decay=1|lambda_cong=1|lambda_flow=1|min_edge_cost=1|max_edge_cost=11|goal_projection_mode=flow_shield|flow_shield_beta=0.34999999999999998|max_flow_shield=0.75,14650fb0739d0383,1.25,1.25,1.25,0.75,0.75,1,1,0.95,1,1,1,0.35,0.75,1,11,1,0,0,1,0,0,50,25,0,1618,32.36,0,1,0,0,0.02,0.5,0.25,1,0.3,False,False,False,False,False,True
g547_fulltheta_smoke_00000118,new_g547_fulltheta_counterfactual_update_probe_solver_row,True,True,maze-32-32-4|50|646|25|0|14650fb0739d0383,maze-32-32-4|a50|s646|it0|g547_fulltheta_smoke_maze_32_32_4_a50_s646_b2000,generated_theta::repair5g547_theta_000002,repair5g547_theta_000002,repair5g547_theta_000002,fulltheta_smoke::theta_lambda_flow,maze-32-32-4,maze,50,646,2000,0,False,False,,,2282,228.6958,1,0,1618,,,False,,True,a4814b677c6d1180,alpha_commit=1.25|alpha_block=1.25|alpha_wait_spillover=0.75|rho_decay=0.94999999999999996|force_additive=0|enable_dual_channel=1|alpha_cong_commit_progress=1.25|alpha_cong_commit_nonprogress=1.25|alpha_cong_block=1.25|alpha_cong_wait_progress=0.75|alpha_cong_wait_nonprogress=0.75|alpha_flow_commit_progress=1|alpha_flow_wait_progress=1|rho_cong_decay=0.94999999999999996|rho_flow_decay=1|lambda_cong=1|lambda_flow=0.10000000000000001|min_edge_cost=1|max_edge_cost=11|goal_projection_mode=flow_shield|flow_shield_beta=0.34999999999999998|max_flow_shield=0.75,14650fb0739d0383,1.25,1.25,1.25,0.75,0.75,1,1,0.95,1,1,0.1,0.35,0.75,1,11,1,0,0,1,0,0,50,25,0,1618,32.36,0,1,0,0,0.02,0.5,0.25,1,0.3,False,False,False,False,False,True
g547_fulltheta_smoke_00000119,new_g547_fulltheta_counterfactual_update_probe_solver_row,True,True,maze-32-32-4|50|646|25|0|14650fb0739d0383,maze-32-32-4|a50|s646|it0|g547_fulltheta_smoke_maze_32_32_4_a50_s646_b2000,generated_theta::repair5g547_theta_000003,repair5g547_theta_000003,repair5g547_theta_000003,fulltheta_smoke::theta_lambda_flow,maze-32-32-4,maze,50,646,2000,0,False,False,,,2282,249.2149,1,0,1618,,,False,,True,8584e99b6c1a5647,alpha_commit=1.25|alpha_block=1.25|alpha_wait_spillover=0.75|rho_decay=0.94999999999999996|force_additive=0|enable_dual_channel=1|alpha_cong_commit_progress=1.25|alpha_cong_commit_nonprogress=1.25|alpha_cong_block=1.25|alpha_cong_wait_progress=0.75|alpha_cong_wait_nonprogress=0.75|alpha_flow_commit_progress=1|alpha_flow_wait_progress=1|rho_cong_decay=0.94999999999999996|rho_flow_decay=1|lambda_cong=1|lambda_flow=1.3999999999999999|min_edge_cost=1|max_edge_cost=11|goal_projection_mode=flow_shield|flow_shield_beta=0.34999999999999998|max_flow_shield=0.75,14650fb0739d0383,1.25,1.25,1.25,0.75,0.75,1,1,0.95,1,1,1.4,0.35,0.75,1,11,1,0,0,1,0,0,50,25,0,1618,32.36,0,1,0,0,0.02,0.5,0.25,1,0.3,False,False,False,False,False,True
g547_fulltheta_smoke_00000120,new_g547_fulltheta_counterfactual_update_probe_solver_row,True,True,maze-32-32-4|50|646|25|0|14650fb0739d0383,maze-32-32-4|a50|s646|it0|g547_fulltheta_smoke_maze_32_32_4_a50_s646_b2000,generated_theta::repair5g547_theta_000004,repair5g547_theta_000004,repair5g547_theta_000004,fulltheta_smoke::theta_lambda_cong,maze-32-32-4,maze,50,646,2000,0,False,False,,,2282,244.6588,1,0,1618,,,False,,True,b5442e0c6c6741b0,alpha_commit=1.25|alpha_block=1.25|alpha_wait_spillover=0.75|rho_decay=0.94999999999999996|force_additive=0|enable_dual_channel=1|alpha_cong_commit_progress=1.25|alpha_cong_commit_nonprogress=1.25|alpha_cong_block=1.25|alpha_cong_wait_progress=0.75|alpha_cong_wait_nonprogress=0.75|alpha_flow_commit_progress=1|alpha_flow_wait_progress=1|rho_cong_decay=0.94999999999999996|rho_flow_decay=1|lambda_cong=0.59999999999999998|lambda_flow=1|min_edge_cost=1|max_edge_cost=11|goal_projection_mode=flow_shield|flow_shield_beta=0.34999999999999998|max_flow_shield=0.75,14650fb0739d0383,1.25,1.25,1.25,0.75,0.75,1,1,0.95,1,0.6,1,0.35,0.75,1,11,1,0,0,1,0,0,50,25,0,1618,32.36,0,1,0,0,0.02,0.5,0.25,1,0.3,False,False,False,False,False,True
g547_fulltheta_smoke_00000121,new_g547_fulltheta_counterfactual_update_probe_solver_row,True,True,maze-32-32-4|50|646|25|0|14650fb0739d0383,maze-32-32-4|a50|s646|it0|g547_fulltheta_smoke_maze_32_32_4_a50_s646_b2000,generated_theta::repair5g547_theta_000005,repair5g547_theta_000005,repair5g547_theta_000005,fulltheta_smoke::theta_lambda_cong,maze-32-32-4,maze,50,646,2000,0,False,False,,,2282,238.845,1,0,1618,,,False,,True,77f3f55aa954d3f,alpha_commit=1.25|alpha_block=1.25|alpha_wait_spillover=0.75|rho_decay=0.94999999999999996|force_additive=0|enable_dual_channel=1|alpha_cong_commit_progress=1.25|alpha_cong_commit_nonprogress=1.25|alpha_cong_block=1.25|alpha_cong_wait_progress=0.75|alpha_cong_wait_nonprogress=0.75|alpha_flow_commit_progress=1|alpha_flow_wait_progress=1|rho_cong_decay=0.94999999999999996|rho_flow_decay=1|lambda_cong=1.3999999999999999|lambda_flow=1|min_edge_cost=1|max_edge_cost=11|goal_projection_mode=flow_shield|flow_shield_beta=0.34999999999999998|max_flow_shield=0.75,14650fb0739d0383,1.25,1.25,1.25,0.75,0.75,1,1,0.95,1,1.4,1,0.35,0.75,1,11,1,0,0,1,0,0,50,25,0,1618,32.36,0,1,0,0,0.02,0.5,0.25,1,0.3,False,False,False,False,False,True
g547_fulltheta_smoke_00000122,new_g547_fulltheta_counterfactual_update_probe_solver_row,True,True,maze-32-32-4|50|646|25|0|14650fb0739d0383,maze-32-32-4|a50|s646|it0|g547_fulltheta_smoke_maze_32_32_4_a50_s646_b2000,generated_theta::repair5g547_theta_000006,repair5g547_theta_000006,repair5g547_theta_000006,fulltheta_smoke::theta_alpha_flow_wait_progress,maze-32-32-4,maze,50,646,2000,0,False,False,,,2282,296.7169,1,0,1618,,,False,,True,29c4ecda70affb5a,alpha_commit=1.25|alpha_block=1.25|alpha_wait_spillover=0.75|rho_decay=0.94999999999999996|force_additive=0|enable_dual_channel=1|alpha_cong_commit_progress=1.25|alpha_cong_commit_nonprogress=1.25|alpha_cong_block=1.25|alpha_cong_wait_progress=0.75|alpha_cong_wait_nonprogress=0.75|alpha_flow_commit_progress=1|alpha_flow_wait_progress=0|rho_cong_decay=0.94999999999999996|rho_flow_decay=1|lambda_cong=1|lambda_flow=1|min_edge_cost=1|max_edge_cost=11|goal_projection_mode=flow_shield|flow_shield_beta=0.34999999999999998|max_flow_shield=0.75,14650fb0739d0383,1.25,1.25,1.25,0.75,0.75,1,0,0.95,1,1,1,0.35,0.75,1,11,1,0,0,1,0,0,50,25,0,1618,32.36,0,1,0,0,0.02,0.5,0.25,1,0.3,False,False,False,False,False,True
g547_fulltheta_smoke_00000123,new_g547_fulltheta_counterfactual_update_probe_solver_row,True,True,maze-32-32-4|50|646|25|0|14650fb0739d0383,maze-32-32-4|a50|s646|it0|g547_fulltheta_smoke_maze_32_32_4_a50_s646_b2000,generated_theta::repair5g547_theta_000007,repair5g547_theta_000007,repair5g547_theta_000007,fulltheta_smoke::theta_alpha_flow_wait_progress,maze-32-32-4,maze,50,646,2000,0,False,False,,,2282,355.8519,1,0,1618,,,False,,True,b5a183b18079a70d,alpha_commit=1.25|alpha_block=1.25|alpha_wait_spillover=0.75|rho_decay=0.94999999999999996|force_additive=0|enable_dual_channel=1|alpha_cong_commit_progress=1.25|alpha_cong_commit_nonprogress=1.25|alpha_cong_block=1.25|alpha_cong_wait_progress=0.75|alpha_cong_wait_nonprogress=0.75|alpha_flow_commit_progress=1|alpha_flow_wait_progress=1.2|rho_cong_decay=0.94999999999999996|rho_flow_decay=1|lambda_cong=1|lambda_flow=1|min_edge_cost=1|max_edge_cost=11|goal_projection_mode=flow_shield|flow_shield_beta=0.34999999999999998|max_flow_shield=0.75,14650fb0739d0383,1.25,1.25,1.25,0.75,0.75,1,1.2,0.95,1,1,1,0.35,0.75,1,11,1,0,0,1,0,0,50,25,0,1618,32.36,0,1,0,0,0.02,0.5,0.25,1,0.3,False,False,False,False,False,True
g547_fulltheta_smoke_00000124,new_g547_fulltheta_counterfactual_update_probe_solver_row,True,True,maze-32-32-4|50|646|25|0|14650fb0739d0383,maze-32-32-4|a50|s646|it0|g547_fulltheta_smoke_maze_32_32_4_a50_s646_b2000,generated_theta::repair5g547_theta_000008,repair5g547_theta_000008,repair5g547_theta_000008,fulltheta_smoke::theta_min_edge_cost,maze-32-32-4,maze,50,646,2000,0,False,False,,,2282,347.4681,1,0,1618,,,False,,True,ef8f0d160cc2a725,alpha_commit=1.25|alpha_block=1.25|alpha_wait_spillover=0.75|rho_decay=0.94999999999999996|force_additive=0|enable_dual_channel=1|alpha_cong_commit_progress=1.25|alpha_cong_commit_nonprogress=1.25|alpha_cong_block=1.25|alpha_cong_wait_progress=0.75|alpha_cong_wait_nonprogress=0.75|alpha_flow_commit_progress=1|alpha_flow_wait_progress=1|rho_cong_decay=0.94999999999999996|rho_flow_decay=1|lambda_cong=1|lambda_flow=1|min_edge_cost=0.25|max_edge_cost=11|goal_projection_mode=flow_shield|flow_shield_beta=0.34999999999999998|max_flow_shield=0.75,14650fb0739d0383,1.25,1.25,1.25,0.75,0.75,1,1,0.95,1,1,1,0.35,0.75,0.25,11,1,0,0,1,0,0,50,25,0,1618,32.36,0,1,0,0,0.02,0.5,0.25,1,0.3,False,False,False,False,False,True
g547_fulltheta_smoke_00000125,new_g547_fulltheta_counterfactual_update_probe_solver_row,True,True,maze-32-32-4|50|646|25|0|14650fb0739d0383,maze-32-32-4|a50|s646|it0|g547_fulltheta_smoke_maze_32_32_4_a50_s646_b2000,generated_theta::repair5g547_theta_000009,repair5g547_theta_000009,repair5g547_theta_000009,fulltheta_smoke::theta_min_edge_cost,maze-32-32-4,maze,50,646,2000,0,False,False,,,2282,346.5804,1,0,1618,,,False,,True,e30a75611aecfe79,alpha_commit=1.25|alpha_block=1.25|alpha_wait_spillover=0.75|rho_decay=0.94999999999999996|force_additive=0|enable_dual_channel=1|alpha_cong_commit_progress=1.25|alpha_cong_commit_nonprogress=1.25|alpha_cong_block=1.25|alpha_cong_wait_progress=0.75|alpha_cong_wait_nonprogress=0.75|alpha_flow_commit_progress=1|alpha_flow_wait_progress=1|rho_cong_decay=0.94999999999999996|rho_flow_decay=1|lambda_cong=1|lambda_flow=1|min_edge_cost=1|max_edge_cost=11|goal_projection_mode=flow_shield|flow_shield_beta=0.34999999999999998|max_flow_shield=0.75,14650fb0739d0383,1.25,1.25,1.25,0.75,0.75,1,1,0.95,1,1,1,0.35,0.75,1,11,1,0,0,1,0,0,50,25,0,1618,32.36,0,1,0,0,0.02,0.5,0.25,1,0.3,False,False,False,False,False,True
g547_fulltheta_smoke_00000126,new_g547_fulltheta_counterfactual_update_probe_solver_row,True,True,maze-32-32-4|50|646|25|0|14650fb0739d0383,maze-32-32-4|a50|s646|it0|g547_fulltheta_smoke_maze_32_32_4_a50_s646_b2000,generated_theta::repair5g547_theta_000010,repair5g547_theta_000010,repair5g547_theta_000010,fulltheta_smoke::theta_max_edge_cost,maze-32-32-4,maze,50,646,2000,0,False,False,,,2282,328.1681,1,0,1618,,,False,,True,7a35172bbc1b94cb,alpha_commit=1.25|alpha_block=1.25|alpha_wait_spillover=0.75|rho_decay=0.94999999999999996|force_additive=0|enable_dual_channel=1|alpha_cong_commit_progress=1.25|alpha_cong_commit_nonprogress=1.25|alpha_cong_block=1.25|alpha_cong_wait_progress=0.75|alpha_cong_wait_nonprogress=0.75|alpha_flow_commit_progress=1|alpha_flow_wait_progress=1|rho_cong_decay=0.94999999999999996|rho_flow_decay=1|lambda_cong=1|lambda_flow=1|min_edge_cost=1|max_edge_cost=8|goal_projection_mode=flow_shield|flow_shield_beta=0.34999999999999998|max_flow_shield=0.75,14650fb0739d0383,1.25,1.25,1.25,0.75,0.75,1,1,0.95,1,1,1,0.35,0.75,1,8,1,0,0,1,0,0,50,25,0,1618,32.36,0,1,0,0,0.02,0.5,0.25,1,0.3,False,False,False,False,False,True
g547_fulltheta_smoke_00000127,new_g547_fulltheta_counterfactual_update_probe_solver_row,True,True,maze-32-32-4|50|646|25|0|14650fb0739d0383,maze-32-32-4|a50|s646|it0|g547_fulltheta_smoke_maze_32_32_4_a50_s646_b2000,generated_theta::repair5g547_theta_000011,repair5g547_theta_000011,repair5g547_theta_000011,fulltheta_smoke::theta_max_edge_cost,maze-32-32-4,maze,50,646,2000,0,False,False,,,2282,304.8396,1,0,1618,,,False,,True,35d66dc1ec012cc6,alpha_commit=1.25|alpha_block=1.25|alpha_wait_spillover=0.75|rho_decay=0.94999999999999996|force_additive=0|enable_dual_channel=1|alpha_cong_commit_progress=1.25|alpha_cong_commit_nonprogress=1.25|alpha_cong_block=1.25|alpha_cong_wait_progress=0.75|alpha_cong_wait_nonprogress=0.75|alpha_flow_commit_progress=1|alpha_flow_wait_progress=1|rho_cong_decay=0.94999999999999996|rho_flow_decay=1|lambda_cong=1|lambda_flow=1|min_edge_cost=1|max_edge_cost=12|goal_projection_mode=flow_shield|flow_shield_beta=0.34999999999999998|max_flow_shield=0.75,14650fb0739d0383,1.25,1.25,1.25,0.75,0.75,1,1,0.95,1,1,1,0.35,0.75,1,12,1,0,0,1,0,0,50,25,0,1618,32.36,0,1,0,0,0.02,0.5,0.25,1,0.3,False,False,False,False,False,True
g547_fulltheta_smoke_00000128,new_g547_fulltheta_counterfactual_update_probe_solver_row,True,True,maze-32-32-4|50|646|25|0|14650fb0739d0383,maze-32-32-4|a50|s646|it0|g547_fulltheta_smoke_maze_32_32_4_a50_s646_b2000,generated_theta::repair5g547_theta_000012,repair5g547_theta_000012,repair5g547_theta_000012,fulltheta_smoke::goal_projection_mode,maze-32-32-4,maze,50,646,2000,0,False,False,,,2282,358.4759,1,0,1618,,,False,,True,e30a75611aecfe79,alpha_commit=1.25|alpha_block=1.25|alpha_wait_spillover=0.75|rho_decay=0.94999999999999996|force_additive=0|enable_dual_channel=1|alpha_cong_commit_progress=1.25|alpha_cong_commit_nonprogress=1.25|alpha_cong_block=1.25|alpha_cong_wait_progress=0.75|alpha_cong_wait_nonprogress=0.75|alpha_flow_commit_progress=1|alpha_flow_wait_progress=1|rho_cong_decay=0.94999999999999996|rho_flow_decay=1|lambda_cong=1|lambda_flow=1|min_edge_cost=1|max_edge_cost=11|goal_projection_mode=flow_shield|flow_shield_beta=0.34999999999999998|max_flow_shield=0.75,14650fb0739d0383,1.25,1.25,1.25,0.75,0.75,1,1,0.95,1,1,1,0.35,0.75,1,11,1,0,0,1,0,0,50,25,0,1618,32.36,0,1,0,0,0.02,0.5,0.25,1,0.3,False,False,False,False,False,True
g547_fulltheta_smoke_00000129,new_g547_fulltheta_counterfactual_update_probe_solver_row,True,True,maze-32-32-4|50|646|25|0|14650fb0739d0383,maze-32-32-4|a50|s646|it0|g547_fulltheta_smoke_maze_32_32_4_a50_s646_b2000,generated_theta::repair5g547_theta_000013,repair5g547_theta_000013,repair5g547_theta_000013,fulltheta_smoke::goal_projection_mode,maze-32-32-4,maze,50,646,2000,0,False,False,,,2282,316.1813,1,0,1618,,,False,,True,562c13d7a176a2bc,alpha_commit=1.25|alpha_block=1.25|alpha_wait_spillover=0.75|rho_decay=0.94999999999999996|force_additive=0|enable_dual_channel=1|alpha_cong_commit_progress=1.25|alpha_cong_commit_nonprogress=1.25|alpha_cong_block=1.25|alpha_cong_wait_progress=0.75|alpha_cong_wait_nonprogress=0.75|alpha_flow_commit_progress=1|alpha_flow_wait_progress=1|rho_cong_decay=0.94999999999999996|rho_flow_decay=1|lambda_cong=1|lambda_flow=1|min_edge_cost=1|max_edge_cost=11|goal_projection_mode=agent_progress|flow_shield_beta=0.34999999999999998|max_flow_shield=0.75,14650fb0739d0383,1.25,1.25,1.25,0.75,0.75,1,1,0.95,1,1,1,0.35,0.75,1,11,0,1,0,1,0,0,50,25,0,1618,32.36,0,1,0,0,0.02,0.5,0.25,1,0.3,False,False,False,False,False,True
g547_fulltheta_smoke_00000130,new_g547_fulltheta_counterfactual_update_probe_solver_row,True,True,maze-32-32-4|50|646|25|0|14650fb0739d0383,maze-32-32-4|a50|s646|it0|g547_fulltheta_smoke_maze_32_32_4_a50_s646_b2000,generated_theta::repair5g547_theta_000014,repair5g547_theta_000014,repair5g547_theta_000014,fulltheta_smoke::goal_projection_mode,maze-32-32-4,maze,50,646,2000,0,False,False,,,2282,277.4762,1,0,1618,,,False,,True,b96f092bbcb39893,alpha_commit=1.25|alpha_block=1.25|alpha_wait_spillover=0.75|rho_decay=0.94999999999999996|force_additive=0|enable_dual_channel=1|alpha_cong_commit_progress=1.25|alpha_cong_commit_nonprogress=1.25|alpha_cong_block=1.25|alpha_cong_wait_progress=0.75|alpha_cong_wait_nonprogress=0.75|alpha_flow_commit_progress=1|alpha_flow_wait_progress=1|rho_cong_decay=0.94999999999999996|rho_flow_decay=1|lambda_cong=1|lambda_flow=1|min_edge_cost=1|max_edge_cost=11|goal_projection_mode=none|flow_shield_beta=0.34999999999999998|max_flow_shield=0.75,14650fb0739d0383,1.25,1.25,1.25,0.75,0.75,1,1,0.95,1,1,1,0.35,0.75,1,11,0,0,1,1,0,0,50,25,0,1618,32.36,0,1,0,0,0.02,0.5,0.25,1,0.3,False,False,False,False,False,True
g547_fulltheta_smoke_00000131,new_g547_fulltheta_counterfactual_update_probe_solver_row,True,True,maze-32-32-4|50|646|25|0|14650fb0739d0383,maze-32-32-4|a50|s646|it0|g547_fulltheta_smoke_maze_32_32_4_a50_s646_b2000,generated_theta::repair5g547_theta_000015,repair5g547_theta_000015,repair5g547_theta_000015,fulltheta_smoke::theta_alpha_cong_commit_nonprogress,maze-32-32-4,maze,50,646,2000,0,False,False,,,2282,348.677,1,0,1618,,,False,,True,95eced852605b4c7,alpha_commit=0.5|alpha_block=1.25|alpha_wait_spillover=0.75|rho_decay=0.94999999999999996|force_additive=0|enable_dual_channel=1|alpha_cong_commit_progress=1.25|alpha_cong_commit_nonprogress=0.5|alpha_cong_block=1.25|alpha_cong_wait_progress=0.75|alpha_cong_wait_nonprogress=0.75|alpha_flow_commit_progress=1|alpha_flow_wait_progress=1|rho_cong_decay=0.94999999999999996|rho_flow_decay=1|lambda_cong=1|lambda_flow=1|min_edge_cost=1|max_edge_cost=11|goal_projection_mode=flow_shield|flow_shield_beta=0.34999999999999998|max_flow_shield=0.75,14650fb0739d0383,1.25,0.5,1.25,0.75,0.75,1,1,0.95,1,1,1,0.35,0.75,1,11,1,0,0,1,0,0,50,25,0,1618,32.36,0,1,0,0,0.02,0.5,0.25,1,0.3,False,False,False,False,False,True
g547_fulltheta_smoke_00000132,new_g547_fulltheta_counterfactual_update_probe_solver_row,True,True,maze-32-32-4|50|646|25|0|14650fb0739d0383,maze-32-32-4|a50|s646|it0|g547_fulltheta_smoke_maze_32_32_4_a50_s646_b2000,generated_theta::repair5g547_theta_000016,repair5g547_theta_000016,repair5g547_theta_000016,fulltheta_smoke::theta_alpha_cong_commit_nonprogress,maze-32-32-4,maze,50,646,2000,0,False,False,,,2282,381.3951,1,0,1618,,,False,,True,2a15243280de3947,alpha_commit=1.75|alpha_block=1.25|alpha_wait_spillover=0.75|rho_decay=0.94999999999999996|force_additive=0|enable_dual_channel=1|alpha_cong_commit_progress=1.25|alpha_cong_commit_nonprogress=1.75|alpha_cong_block=1.25|alpha_cong_wait_progress=0.75|alpha_cong_wait_nonprogress=0.75|alpha_flow_commit_progress=1|alpha_flow_wait_progress=1|rho_cong_decay=0.94999999999999996|rho_flow_decay=1|lambda_cong=1|lambda_flow=1|min_edge_cost=1|max_edge_cost=11|goal_projection_mode=flow_shield|flow_shield_beta=0.34999999999999998|max_flow_shield=0.75,14650fb0739d0383,1.25,1.75,1.25,0.75,0.75,1,1,0.95,1,1,1,0.35,0.75,1,11,1,0,0,1,0,0,50,25,0,1618,32.36,0,1,0,0,0.02,0.5,0.25,1,0.3,False,False,False,False,False,True
g547_fulltheta_smoke_00000133,new_g547_fulltheta_counterfactual_update_probe_solver_row,True,True,maze-32-32-4|50|647|25|0|14650fb0739d0383,maze-32-32-4|a50|s647|it0|g547_fulltheta_smoke_maze_32_32_4_a50_s647_b2000,additive_ltm,repair5g59_additive_fallback,repair5g59_additive_fallback,baseline,maze-32-32-4,maze,50,647,2000,0,False,False,,,1947,152.4748,1,0,1795,,,False,,True,35049bacad216c02,alpha_commit=1|alpha_block=1|alpha_wait_spillover=1|rho_decay=1|force_additive=1|enable_dual_channel=0|alpha_cong_commit_progress=0|alpha_cong_commit_nonprogress=1|alpha_cong_block=1|alpha_cong_wait_progress=1|alpha_cong_wait_nonprogress=1|alpha_flow_commit_progress=0|alpha_flow_wait_progress=0|rho_cong_decay=1|rho_flow_decay=1|lambda_cong=1|lambda_flow=0|min_edge_cost=0.25|max_edge_cost=11|goal_projection_mode=none|flow_shield_beta=0|max_flow_shield=0,14650fb0739d0383,0,1,1,1,1,0,0,1,1,1,0,0,0.25,0.25,11,0,0,1,1,0,0,50,25,0,1795,35.9,0,1,0,0,0.02,0.5,0.25,1,0.3,False,False,False,False,False,True
g547_fulltheta_smoke_00000134,new_g547_fulltheta_counterfactual_update_probe_solver_row,True,True,maze-32-32-4|50|647|25|0|14650fb0739d0383,maze-32-32-4|a50|s647|it0|g547_fulltheta_smoke_maze_32_32_4_a50_s647_b2000,static_flow_shield,repair5g59_static_flow_shield,repair5g59_static_flow_shield,baseline,maze-32-32-4,maze,50,647,2000,0,False,False,,,1947,228.7435,1,0,1795,,,False,,True,29737bed70c56f0d,alpha_commit=1.25|alpha_block=1.25|alpha_wait_spillover=0.75|rho_decay=0.94999999999999996|force_additive=0|enable_dual_channel=1|alpha_cong_commit_progress=1.25|alpha_cong_commit_nonprogress=1.25|alpha_cong_block=1.25|alpha_cong_wait_progress=0.75|alpha_cong_wait_nonprogress=0.75|alpha_flow_commit_progress=1|alpha_flow_wait_progress=0|rho_cong_decay=0.94999999999999996|rho_flow_decay=1|lambda_cong=1|lambda_flow=0|min_edge_cost=1|max_edge_cost=11|goal_projection_mode=flow_shield|flow_shield_beta=0.34999999999999998|max_flow_shield=0.75,14650fb0739d0383,1.25,1.25,1.25,0.75,0.75,1,1,0.95,1,1,1,0.35,0.75,1,11,1,0,0,1,0,0,50,25,0,1795,35.9,0,1,0,0,0.02,0.5,0.25,1,0.3,False,False,False,False,False,True
g547_fulltheta_smoke_00000135,new_g547_fulltheta_counterfactual_update_probe_solver_row,True,True,maze-32-32-4|50|647|25|0|14650fb0739d0383,maze-32-32-4|a50|s647|it0|g547_fulltheta_smoke_maze_32_32_4_a50_s647_b2000,frozen_family_static_goal_aware,repair5g59_high_beta_cap_safe,repair5g59_high_beta_cap_safe,baseline,maze-32-32-4,maze,50,647,2000,0,False,False,,,1947,261.7719,1,0,1795,,,False,,True,fbcf27bf34de68c,alpha_commit=1.25|alpha_block=1.25|alpha_wait_spillover=0.75|rho_decay=0.94999999999999996|force_additive=0|enable_dual_channel=1|alpha_cong_commit_progress=1.25|alpha_cong_commit_nonprogress=1.25|alpha_cong_block=1.25|alpha_cong_wait_progress=0.75|alpha_cong_wait_nonprogress=0.75|alpha_flow_commit_progress=1|alpha_flow_wait_progress=0|rho_cong_decay=0.94999999999999996|rho_flow_decay=1|lambda_cong=1|lambda_flow=0|min_edge_cost=1|max_edge_cost=11|goal_projection_mode=flow_shield|flow_shield_beta=0.59999999999999998|max_flow_shield=0.75,14650fb0739d0383,1.25,1.25,1.25,0.75,0.75,1,1,0.95,1,1,1,0.6,0.75,1,11,1,0,0,1,0,0,50,25,0,1795,35.9,0,1,0,0,0.02,0.5,0.25,1,0.3,False,False,False,False,False,True
g547_fulltheta_smoke_00000136,new_g547_fulltheta_counterfactual_update_probe_solver_row,True,True,maze-32-32-4|50|647|25|0|14650fb0739d0383,maze-32-32-4|a50|s647|it0|g547_fulltheta_smoke_maze_32_32_4_a50_s647_b2000,generated_theta::repair5g547_theta_000001,repair5g547_theta_000001,repair5g547_theta_000001,fulltheta_smoke::all_fields_reference,maze-32-32-4,maze,50,647,2000,0,False,False,,,1947,234.9096,1,0,1795,,,False,,True,e30a75611aecfe79,alpha_commit=1.25|alpha_block=1.25|alpha_wait_spillover=0.75|rho_decay=0.94999999999999996|force_additive=0|enable_dual_channel=1|alpha_cong_commit_progress=1.25|alpha_cong_commit_nonprogress=1.25|alpha_cong_block=1.25|alpha_cong_wait_progress=0.75|alpha_cong_wait_nonprogress=0.75|alpha_flow_commit_progress=1|alpha_flow_wait_progress=1|rho_cong_decay=0.94999999999999996|rho_flow_decay=1|lambda_cong=1|lambda_flow=1|min_edge_cost=1|max_edge_cost=11|goal_projection_mode=flow_shield|flow_shield_beta=0.34999999999999998|max_flow_shield=0.75,14650fb0739d0383,1.25,1.25,1.25,0.75,0.75,1,1,0.95,1,1,1,0.35,0.75,1,11,1,0,0,1,0,0,50,25,0,1795,35.9,0,1,0,0,0.02,0.5,0.25,1,0.3,False,False,False,False,False,True
g547_fulltheta_smoke_00000137,new_g547_fulltheta_counterfactual_update_probe_solver_row,True,True,maze-32-32-4|50|647|25|0|14650fb0739d0383,maze-32-32-4|a50|s647|it0|g547_fulltheta_smoke_maze_32_32_4_a50_s647_b2000,generated_theta::repair5g547_theta_000002,repair5g547_theta_000002,repair5g547_theta_000002,fulltheta_smoke::theta_lambda_flow,maze-32-32-4,maze,50,647,2000,0,False,False,,,1947,244.348,1,0,1795,,,False,,True,a4814b677c6d1180,alpha_commit=1.25|alpha_block=1.25|alpha_wait_spillover=0.75|rho_decay=0.94999999999999996|force_additive=0|enable_dual_channel=1|alpha_cong_commit_progress=1.25|alpha_cong_commit_nonprogress=1.25|alpha_cong_block=1.25|alpha_cong_wait_progress=0.75|alpha_cong_wait_nonprogress=0.75|alpha_flow_commit_progress=1|alpha_flow_wait_progress=1|rho_cong_decay=0.94999999999999996|rho_flow_decay=1|lambda_cong=1|lambda_flow=0.10000000000000001|min_edge_cost=1|max_edge_cost=11|goal_projection_mode=flow_shield|flow_shield_beta=0.34999999999999998|max_flow_shield=0.75,14650fb0739d0383,1.25,1.25,1.25,0.75,0.75,1,1,0.95,1,1,0.1,0.35,0.75,1,11,1,0,0,1,0,0,50,25,0,1795,35.9,0,1,0,0,0.02,0.5,0.25,1,0.3,False,False,False,False,False,True
g547_fulltheta_smoke_00000138,new_g547_fulltheta_counterfactual_update_probe_solver_row,True,True,maze-32-32-4|50|647|25|0|14650fb0739d0383,maze-32-32-4|a50|s647|it0|g547_fulltheta_smoke_maze_32_32_4_a50_s647_b2000,generated_theta::repair5g547_theta_000003,repair5g547_theta_000003,repair5g547_theta_000003,fulltheta_smoke::theta_lambda_flow,maze-32-32-4,maze,50,647,2000,0,False,False,,,1947,226.9586,1,0,1795,,,False,,True,8584e99b6c1a5647,alpha_commit=1.25|alpha_block=1.25|alpha_wait_spillover=0.75|rho_decay=0.94999999999999996|force_additive=0|enable_dual_channel=1|alpha_cong_commit_progress=1.25|alpha_cong_commit_nonprogress=1.25|alpha_cong_block=1.25|alpha_cong_wait_progress=0.75|alpha_cong_wait_nonprogress=0.75|alpha_flow_commit_progress=1|alpha_flow_wait_progress=1|rho_cong_decay=0.94999999999999996|rho_flow_decay=1|lambda_cong=1|lambda_flow=1.3999999999999999|min_edge_cost=1|max_edge_cost=11|goal_projection_mode=flow_shield|flow_shield_beta=0.34999999999999998|max_flow_shield=0.75,14650fb0739d0383,1.25,1.25,1.25,0.75,0.75,1,1,0.95,1,1,1.4,0.35,0.75,1,11,1,0,0,1,0,0,50,25,0,1795,35.9,0,1,0,0,0.02,0.5,0.25,1,0.3,False,False,False,False,False,True
g547_fulltheta_smoke_00000139,new_g547_fulltheta_counterfactual_update_probe_solver_row,True,True,maze-32-32-4|50|647|25|0|14650fb0739d0383,maze-32-32-4|a50|s647|it0|g547_fulltheta_smoke_maze_32_32_4_a50_s647_b2000,generated_theta::repair5g547_theta_000004,repair5g547_theta_000004,repair5g547_theta_000004,fulltheta_smoke::theta_lambda_cong,maze-32-32-4,maze,50,647,2000,0,False,False,,,1947,232.7255,1,0,1795,,,False,,True,b5442e0c6c6741b0,alpha_commit=1.25|alpha_block=1.25|alpha_wait_spillover=0.75|rho_decay=0.94999999999999996|force_additive=0|enable_dual_channel=1|alpha_cong_commit_progress=1.25|alpha_cong_commit_nonprogress=1.25|alpha_cong_block=1.25|alpha_cong_wait_progress=0.75|alpha_cong_wait_nonprogress=0.75|alpha_flow_commit_progress=1|alpha_flow_wait_progress=1|rho_cong_decay=0.94999999999999996|rho_flow_decay=1|lambda_cong=0.59999999999999998|lambda_flow=1|min_edge_cost=1|max_edge_cost=11|goal_projection_mode=flow_shield|flow_shield_beta=0.34999999999999998|max_flow_shield=0.75,14650fb0739d0383,1.25,1.25,1.25,0.75,0.75,1,1,0.95,1,0.6,1,0.35,0.75,1,11,1,0,0,1,0,0,50,25,0,1795,35.9,0,1,0,0,0.02,0.5,0.25,1,0.3,False,False,False,False,False,True
g547_fulltheta_smoke_00000140,new_g547_fulltheta_counterfactual_update_probe_solver_row,True,True,maze-32-32-4|50|647|25|0|14650fb0739d0383,maze-32-32-4|a50|s647|it0|g547_fulltheta_smoke_maze_32_32_4_a50_s647_b2000,generated_theta::repair5g547_theta_000005,repair5g547_theta_000005,repair5g547_theta_000005,fulltheta_smoke::theta_lambda_cong,maze-32-32-4,maze,50,647,2000,0,False,False,,,1947,237.4184,1,0,1795,,,False,,True,77f3f55aa954d3f,alpha_commit=1.25|alpha_block=1.25|alpha_wait_spillover=0.75|rho_decay=0.94999999999999996|force_additive=0|enable_dual_channel=1|alpha_cong_commit_progress=1.25|alpha_cong_commit_nonprogress=1.25|alpha_cong_block=1.25|alpha_cong_wait_progress=0.75|alpha_cong_wait_nonprogress=0.75|alpha_flow_commit_progress=1|alpha_flow_wait_progress=1|rho_cong_decay=0.94999999999999996|rho_flow_decay=1|lambda_cong=1.3999999999999999|lambda_flow=1|min_edge_cost=1|max_edge_cost=11|goal_projection_mode=flow_shield|flow_shield_beta=0.34999999999999998|max_flow_shield=0.75,14650fb0739d0383,1.25,1.25,1.25,0.75,0.75,1,1,0.95,1,1.4,1,0.35,0.75,1,11,1,0,0,1,0,0,50,25,0,1795,35.9,0,1,0,0,0.02,0.5,0.25,1,0.3,False,False,False,False,False,True
g547_fulltheta_smoke_00000141,new_g547_fulltheta_counterfactual_update_probe_solver_row,True,True,maze-32-32-4|50|647|25|0|14650fb0739d0383,maze-32-32-4|a50|s647|it0|g547_fulltheta_smoke_maze_32_32_4_a50_s647_b2000,generated_theta::repair5g547_theta_000006,repair5g547_theta_000006,repair5g547_theta_000006,fulltheta_smoke::theta_alpha_flow_wait_progress,maze-32-32-4,maze,50,647,2000,0,False,False,,,1947,295.5706,1,0,1795,,,False,,True,29c4ecda70affb5a,alpha_commit=1.25|alpha_block=1.25|alpha_wait_spillover=0.75|rho_decay=0.94999999999999996|force_additive=0|enable_dual_channel=1|alpha_cong_commit_progress=1.25|alpha_cong_commit_nonprogress=1.25|alpha_cong_block=1.25|alpha_cong_wait_progress=0.75|alpha_cong_wait_nonprogress=0.75|alpha_flow_commit_progress=1|alpha_flow_wait_progress=0|rho_cong_decay=0.94999999999999996|rho_flow_decay=1|lambda_cong=1|lambda_flow=1|min_edge_cost=1|max_edge_cost=11|goal_projection_mode=flow_shield|flow_shield_beta=0.34999999999999998|max_flow_shield=0.75,14650fb0739d0383,1.25,1.25,1.25,0.75,0.75,1,0,0.95,1,1,1,0.35,0.75,1,11,1,0,0,1,0,0,50,25,0,1795,35.9,0,1,0,0,0.02,0.5,0.25,1,0.3,False,False,False,False,False,True
g547_fulltheta_smoke_00000142,new_g547_fulltheta_counterfactual_update_probe_solver_row,True,True,maze-32-32-4|50|647|25|0|14650fb0739d0383,maze-32-32-4|a50|s647|it0|g547_fulltheta_smoke_maze_32_32_4_a50_s647_b2000,generated_theta::repair5g547_theta_000007,repair5g547_theta_000007,repair5g547_theta_000007,fulltheta_smoke::theta_alpha_flow_wait_progress,maze-32-32-4,maze,50,647,2000,0,False,False,,,1947,350.1481,1,0,1795,,,False,,True,b5a183b18079a70d,alpha_commit=1.25|alpha_block=1.25|alpha_wait_spillover=0.75|rho_decay=0.94999999999999996|force_additive=0|enable_dual_channel=1|alpha_cong_commit_progress=1.25|alpha_cong_commit_nonprogress=1.25|alpha_cong_block=1.25|alpha_cong_wait_progress=0.75|alpha_cong_wait_nonprogress=0.75|alpha_flow_commit_progress=1|alpha_flow_wait_progress=1.2|rho_cong_decay=0.94999999999999996|rho_flow_decay=1|lambda_cong=1|lambda_flow=1|min_edge_cost=1|max_edge_cost=11|goal_projection_mode=flow_shield|flow_shield_beta=0.34999999999999998|max_flow_shield=0.75,14650fb0739d0383,1.25,1.25,1.25,0.75,0.75,1,1.2,0.95,1,1,1,0.35,0.75,1,11,1,0,0,1,0,0,50,25,0,1795,35.9,0,1,0,0,0.02,0.5,0.25,1,0.3,False,False,False,False,False,True
g547_fulltheta_smoke_00000143,new_g547_fulltheta_counterfactual_update_probe_solver_row,True,True,maze-32-32-4|50|647|25|0|14650fb0739d0383,maze-32-32-4|a50|s647|it0|g547_fulltheta_smoke_maze_32_32_4_a50_s647_b2000,generated_theta::repair5g547_theta_000008,repair5g547_theta_000008,repair5g547_theta_000008,fulltheta_smoke::theta_min_edge_cost,maze-32-32-4,maze,50,647,2000,0,False,False,,,1947,309.5575,1,0,1795,,,False,,True,ef8f0d160cc2a725,alpha_commit=1.25|alpha_block=1.25|alpha_wait_spillover=0.75|rho_decay=0.94999999999999996|force_additive=0|enable_dual_channel=1|alpha_cong_commit_progress=1.25|alpha_cong_commit_nonprogress=1.25|alpha_cong_block=1.25|alpha_cong_wait_progress=0.75|alpha_cong_wait_nonprogress=0.75|alpha_flow_commit_progress=1|alpha_flow_wait_progress=1|rho_cong_decay=0.94999999999999996|rho_flow_decay=1|lambda_cong=1|lambda_flow=1|min_edge_cost=0.25|max_edge_cost=11|goal_projection_mode=flow_shield|flow_shield_beta=0.34999999999999998|max_flow_shield=0.75,14650fb0739d0383,1.25,1.25,1.25,0.75,0.75,1,1,0.95,1,1,1,0.35,0.75,0.25,11,1,0,0,1,0,0,50,25,0,1795,35.9,0,1,0,0,0.02,0.5,0.25,1,0.3,False,False,False,False,False,True
g547_fulltheta_smoke_00000144,new_g547_fulltheta_counterfactual_update_probe_solver_row,True,True,maze-32-32-4|50|647|25|0|14650fb0739d0383,maze-32-32-4|a50|s647|it0|g547_fulltheta_smoke_maze_32_32_4_a50_s647_b2000,generated_theta::repair5g547_theta_000009,repair5g547_theta_000009,repair5g547_theta_000009,fulltheta_smoke::theta_min_edge_cost,maze-32-32-4,maze,50,647,2000,0,False,False,,,1947,337.341,1,0,1795,,,False,,True,e30a75611aecfe79,alpha_commit=1.25|alpha_block=1.25|alpha_wait_spillover=0.75|rho_decay=0.94999999999999996|force_additive=0|enable_dual_channel=1|alpha_cong_commit_progress=1.25|alpha_cong_commit_nonprogress=1.25|alpha_cong_block=1.25|alpha_cong_wait_progress=0.75|alpha_cong_wait_nonprogress=0.75|alpha_flow_commit_progress=1|alpha_flow_wait_progress=1|rho_cong_decay=0.94999999999999996|rho_flow_decay=1|lambda_cong=1|lambda_flow=1|min_edge_cost=1|max_edge_cost=11|goal_projection_mode=flow_shield|flow_shield_beta=0.34999999999999998|max_flow_shield=0.75,14650fb0739d0383,1.25,1.25,1.25,0.75,0.75,1,1,0.95,1,1,1,0.35,0.75,1,11,1,0,0,1,0,0,50,25,0,1795,35.9,0,1,0,0,0.02,0.5,0.25,1,0.3,False,False,False,False,False,True
g547_fulltheta_smoke_00000145,new_g547_fulltheta_counterfactual_update_probe_solver_row,True,True,maze-32-32-4|50|647|25|0|14650fb0739d0383,maze-32-32-4|a50|s647|it0|g547_fulltheta_smoke_maze_32_32_4_a50_s647_b2000,generated_theta::repair5g547_theta_000010,repair5g547_theta_000010,repair5g547_theta_000010,fulltheta_smoke::theta_max_edge_cost,maze-32-32-4,maze,50,647,2000,0,False,False,,,1947,326.9488,1,0,1795,,,False,,True,7a35172bbc1b94cb,alpha_commit=1.25|alpha_block=1.25|alpha_wait_spillover=0.75|rho_decay=0.94999999999999996|force_additive=0|enable_dual_channel=1|alpha_cong_commit_progress=1.25|alpha_cong_commit_nonprogress=1.25|alpha_cong_block=1.25|alpha_cong_wait_progress=0.75|alpha_cong_wait_nonprogress=0.75|alpha_flow_commit_progress=1|alpha_flow_wait_progress=1|rho_cong_decay=0.94999999999999996|rho_flow_decay=1|lambda_cong=1|lambda_flow=1|min_edge_cost=1|max_edge_cost=8|goal_projection_mode=flow_shield|flow_shield_beta=0.34999999999999998|max_flow_shield=0.75,14650fb0739d0383,1.25,1.25,1.25,0.75,0.75,1,1,0.95,1,1,1,0.35,0.75,1,8,1,0,0,1,0,0,50,25,0,1795,35.9,0,1,0,0,0.02,0.5,0.25,1,0.3,False,False,False,False,False,True
g547_fulltheta_smoke_00000146,new_g547_fulltheta_counterfactual_update_probe_solver_row,True,True,maze-32-32-4|50|647|25|0|14650fb0739d0383,maze-32-32-4|a50|s647|it0|g547_fulltheta_smoke_maze_32_32_4_a50_s647_b2000,generated_theta::repair5g547_theta_000011,repair5g547_theta_000011,repair5g547_theta_000011,fulltheta_smoke::theta_max_edge_cost,maze-32-32-4,maze,50,647,2000,0,False,False,,,1947,345.9084,1,0,1795,,,False,,True,35d66dc1ec012cc6,alpha_commit=1.25|alpha_block=1.25|alpha_wait_spillover=0.75|rho_decay=0.94999999999999996|force_additive=0|enable_dual_channel=1|alpha_cong_commit_progress=1.25|alpha_cong_commit_nonprogress=1.25|alpha_cong_block=1.25|alpha_cong_wait_progress=0.75|alpha_cong_wait_nonprogress=0.75|alpha_flow_commit_progress=1|alpha_flow_wait_progress=1|rho_cong_decay=0.94999999999999996|rho_flow_decay=1|lambda_cong=1|lambda_flow=1|min_edge_cost=1|max_edge_cost=12|goal_projection_mode=flow_shield|flow_shield_beta=0.34999999999999998|max_flow_shield=0.75,14650fb0739d0383,1.25,1.25,1.25,0.75,0.75,1,1,0.95,1,1,1,0.35,0.75,1,12,1,0,0,1,0,0,50,25,0,1795,35.9,0,1,0,0,0.02,0.5,0.25,1,0.3,False,False,False,False,False,True
g547_fulltheta_smoke_00000147,new_g547_fulltheta_counterfactual_update_probe_solver_row,True,True,maze-32-32-4|50|647|25|0|14650fb0739d0383,maze-32-32-4|a50|s647|it0|g547_fulltheta_smoke_maze_32_32_4_a50_s647_b2000,generated_theta::repair5g547_theta_000012,repair5g547_theta_000012,repair5g547_theta_000012,fulltheta_smoke::goal_projection_mode,maze-32-32-4,maze,50,647,2000,0,False,False,,,1947,348.8659,1,0,1795,,,False,,True,e30a75611aecfe79,alpha_commit=1.25|alpha_block=1.25|alpha_wait_spillover=0.75|rho_decay=0.94999999999999996|force_additive=0|enable_dual_channel=1|alpha_cong_commit_progress=1.25|alpha_cong_commit_nonprogress=1.25|alpha_cong_block=1.25|alpha_cong_wait_progress=0.75|alpha_cong_wait_nonprogress=0.75|alpha_flow_commit_progress=1|alpha_flow_wait_progress=1|rho_cong_decay=0.94999999999999996|rho_flow_decay=1|lambda_cong=1|lambda_flow=1|min_edge_cost=1|max_edge_cost=11|goal_projection_mode=flow_shield|flow_shield_beta=0.34999999999999998|max_flow_shield=0.75,14650fb0739d0383,1.25,1.25,1.25,0.75,0.75,1,1,0.95,1,1,1,0.35,0.75,1,11,1,0,0,1,0,0,50,25,0,1795,35.9,0,1,0,0,0.02,0.5,0.25,1,0.3,False,False,False,False,False,True
g547_fulltheta_smoke_00000148,new_g547_fulltheta_counterfactual_update_probe_solver_row,True,True,maze-32-32-4|50|647|25|0|14650fb0739d0383,maze-32-32-4|a50|s647|it0|g547_fulltheta_smoke_maze_32_32_4_a50_s647_b2000,generated_theta::repair5g547_theta_000013,repair5g547_theta_000013,repair5g547_theta_000013,fulltheta_smoke::goal_projection_mode,maze-32-32-4,maze,50,647,2000,0,False,False,,,1947,324.1387,1,0,1795,,,False,,True,562c13d7a176a2bc,alpha_commit=1.25|alpha_block=1.25|alpha_wait_spillover=0.75|rho_decay=0.94999999999999996|force_additive=0|enable_dual_channel=1|alpha_cong_commit_progress=1.25|alpha_cong_commit_nonprogress=1.25|alpha_cong_block=1.25|alpha_cong_wait_progress=0.75|alpha_cong_wait_nonprogress=0.75|alpha_flow_commit_progress=1|alpha_flow_wait_progress=1|rho_cong_decay=0.94999999999999996|rho_flow_decay=1|lambda_cong=1|lambda_flow=1|min_edge_cost=1|max_edge_cost=11|goal_projection_mode=agent_progress|flow_shield_beta=0.34999999999999998|max_flow_shield=0.75,14650fb0739d0383,1.25,1.25,1.25,0.75,0.75,1,1,0.95,1,1,1,0.35,0.75,1,11,0,1,0,1,0,0,50,25,0,1795,35.9,0,1,0,0,0.02,0.5,0.25,1,0.3,False,False,False,False,False,True
g547_fulltheta_smoke_00000149,new_g547_fulltheta_counterfactual_update_probe_solver_row,True,True,maze-32-32-4|50|647|25|0|14650fb0739d0383,maze-32-32-4|a50|s647|it0|g547_fulltheta_smoke_maze_32_32_4_a50_s647_b2000,generated_theta::repair5g547_theta_000014,repair5g547_theta_000014,repair5g547_theta_000014,fulltheta_smoke::goal_projection_mode,maze-32-32-4,maze,50,647,2000,0,False,False,,,1947,280.5149,1,0,1795,,,False,,True,b96f092bbcb39893,alpha_commit=1.25|alpha_block=1.25|alpha_wait_spillover=0.75|rho_decay=0.94999999999999996|force_additive=0|enable_dual_channel=1|alpha_cong_commit_progress=1.25|alpha_cong_commit_nonprogress=1.25|alpha_cong_block=1.25|alpha_cong_wait_progress=0.75|alpha_cong_wait_nonprogress=0.75|alpha_flow_commit_progress=1|alpha_flow_wait_progress=1|rho_cong_decay=0.94999999999999996|rho_flow_decay=1|lambda_cong=1|lambda_flow=1|min_edge_cost=1|max_edge_cost=11|goal_projection_mode=none|flow_shield_beta=0.34999999999999998|max_flow_shield=0.75,14650fb0739d0383,1.25,1.25,1.25,0.75,0.75,1,1,0.95,1,1,1,0.35,0.75,1,11,0,0,1,1,0,0,50,25,0,1795,35.9,0,1,0,0,0.02,0.5,0.25,1,0.3,False,False,False,False,False,True
g547_fulltheta_smoke_00000150,new_g547_fulltheta_counterfactual_update_probe_solver_row,True,True,maze-32-32-4|50|647|25|0|14650fb0739d0383,maze-32-32-4|a50|s647|it0|g547_fulltheta_smoke_maze_32_32_4_a50_s647_b2000,generated_theta::repair5g547_theta_000015,repair5g547_theta_000015,repair5g547_theta_000015,fulltheta_smoke::theta_alpha_cong_commit_nonprogress,maze-32-32-4,maze,50,647,2000,0,False,False,,,1947,331.8131,1,0,1795,,,False,,True,95eced852605b4c7,alpha_commit=0.5|alpha_block=1.25|alpha_wait_spillover=0.75|rho_decay=0.94999999999999996|force_additive=0|enable_dual_channel=1|alpha_cong_commit_progress=1.25|alpha_cong_commit_nonprogress=0.5|alpha_cong_block=1.25|alpha_cong_wait_progress=0.75|alpha_cong_wait_nonprogress=0.75|alpha_flow_commit_progress=1|alpha_flow_wait_progress=1|rho_cong_decay=0.94999999999999996|rho_flow_decay=1|lambda_cong=1|lambda_flow=1|min_edge_cost=1|max_edge_cost=11|goal_projection_mode=flow_shield|flow_shield_beta=0.34999999999999998|max_flow_shield=0.75,14650fb0739d0383,1.25,0.5,1.25,0.75,0.75,1,1,0.95,1,1,1,0.35,0.75,1,11,1,0,0,1,0,0,50,25,0,1795,35.9,0,1,0,0,0.02,0.5,0.25,1,0.3,False,False,False,False,False,True
g547_fulltheta_smoke_00000151,new_g547_fulltheta_counterfactual_update_probe_solver_row,True,True,maze-32-32-4|50|647|25|0|14650fb0739d0383,maze-32-32-4|a50|s647|it0|g547_fulltheta_smoke_maze_32_32_4_a50_s647_b2000,generated_theta::repair5g547_theta_000016,repair5g547_theta_000016,repair5g547_theta_000016,fulltheta_smoke::theta_alpha_cong_commit_nonprogress,maze-32-32-4,maze,50,647,2000,0,False,False,,,1947,365.2263,1,0,1795,,,False,,True,2a15243280de3947,alpha_commit=1.75|alpha_block=1.25|alpha_wait_spillover=0.75|rho_decay=0.94999999999999996|force_additive=0|enable_dual_channel=1|alpha_cong_commit_progress=1.25|alpha_cong_commit_nonprogress=1.75|alpha_cong_block=1.25|alpha_cong_wait_progress=0.75|alpha_cong_wait_nonprogress=0.75|alpha_flow_commit_progress=1|alpha_flow_wait_progress=1|rho_cong_decay=0.94999999999999996|rho_flow_decay=1|lambda_cong=1|lambda_flow=1|min_edge_cost=1|max_edge_cost=11|goal_projection_mode=flow_shield|flow_shield_beta=0.34999999999999998|max_flow_shield=0.75,14650fb0739d0383,1.25,1.75,1.25,0.75,0.75,1,1,0.95,1,1,1,0.35,0.75,1,11,1,0,0,1,0,0,50,25,0,1795,35.9,0,1,0,0,0.02,0.5,0.25,1,0.3,False,False,False,False,False,True
g547_fulltheta_smoke_00000152,new_g547_fulltheta_counterfactual_update_probe_solver_row,True,True,maze-32-32-4|50|648|25|0|14650fb0739d0383,maze-32-32-4|a50|s648|it0|g547_fulltheta_smoke_maze_32_32_4_a50_s648_b2000,additive_ltm,repair5g59_additive_fallback,repair5g59_additive_fallback,baseline,maze-32-32-4,maze,50,648,2000,0,False,False,,,2110,142.9265,1,0,1913,,,False,,True,35049bacad216c02,alpha_commit=1|alpha_block=1|alpha_wait_spillover=1|rho_decay=1|force_additive=1|enable_dual_channel=0|alpha_cong_commit_progress=0|alpha_cong_commit_nonprogress=1|alpha_cong_block=1|alpha_cong_wait_progress=1|alpha_cong_wait_nonprogress=1|alpha_flow_commit_progress=0|alpha_flow_wait_progress=0|rho_cong_decay=1|rho_flow_decay=1|lambda_cong=1|lambda_flow=0|min_edge_cost=0.25|max_edge_cost=11|goal_projection_mode=none|flow_shield_beta=0|max_flow_shield=0,14650fb0739d0383,0,1,1,1,1,0,0,1,1,1,0,0,0.25,0.25,11,0,0,1,1,0,0,50,25,0,1913,38.26,0,1,0,0,0.02,0.5,0.25,1,0.3,False,False,False,False,False,True
g547_fulltheta_smoke_00000153,new_g547_fulltheta_counterfactual_update_probe_solver_row,True,True,maze-32-32-4|50|648|25|0|14650fb0739d0383,maze-32-32-4|a50|s648|it0|g547_fulltheta_smoke_maze_32_32_4_a50_s648_b2000,static_flow_shield,repair5g59_static_flow_shield,repair5g59_static_flow_shield,baseline,maze-32-32-4,maze,50,648,2000,0,False,False,,,2110,242.8189,1,0,1913,,,False,,True,29737bed70c56f0d,alpha_commit=1.25|alpha_block=1.25|alpha_wait_spillover=0.75|rho_decay=0.94999999999999996|force_additive=0|enable_dual_channel=1|alpha_cong_commit_progress=1.25|alpha_cong_commit_nonprogress=1.25|alpha_cong_block=1.25|alpha_cong_wait_progress=0.75|alpha_cong_wait_nonprogress=0.75|alpha_flow_commit_progress=1|alpha_flow_wait_progress=0|rho_cong_decay=0.94999999999999996|rho_flow_decay=1|lambda_cong=1|lambda_flow=0|min_edge_cost=1|max_edge_cost=11|goal_projection_mode=flow_shield|flow_shield_beta=0.34999999999999998|max_flow_shield=0.75,14650fb0739d0383,1.25,1.25,1.25,0.75,0.75,1,1,0.95,1,1,1,0.35,0.75,1,11,1,0,0,1,0,0,50,25,0,1913,38.26,0,1,0,0,0.02,0.5,0.25,1,0.3,False,False,False,False,False,True
g547_fulltheta_smoke_00000154,new_g547_fulltheta_counterfactual_update_probe_solver_row,True,True,maze-32-32-4|50|648|25|0|14650fb0739d0383,maze-32-32-4|a50|s648|it0|g547_fulltheta_smoke_maze_32_32_4_a50_s648_b2000,frozen_family_static_goal_aware,repair5g59_high_beta_cap_safe,repair5g59_high_beta_cap_safe,baseline,maze-32-32-4,maze,50,648,2000,0,False,False,,,2110,229.9659,1,0,1913,,,False,,True,fbcf27bf34de68c,alpha_commit=1.25|alpha_block=1.25|alpha_wait_spillover=0.75|rho_decay=0.94999999999999996|force_additive=0|enable_dual_channel=1|alpha_cong_commit_progress=1.25|alpha_cong_commit_nonprogress=1.25|alpha_cong_block=1.25|alpha_cong_wait_progress=0.75|alpha_cong_wait_nonprogress=0.75|alpha_flow_commit_progress=1|alpha_flow_wait_progress=0|rho_cong_decay=0.94999999999999996|rho_flow_decay=1|lambda_cong=1|lambda_flow=0|min_edge_cost=1|max_edge_cost=11|goal_projection_mode=flow_shield|flow_shield_beta=0.59999999999999998|max_flow_shield=0.75,14650fb0739d0383,1.25,1.25,1.25,0.75,0.75,1,1,0.95,1,1,1,0.6,0.75,1,11,1,0,0,1,0,0,50,25,0,1913,38.26,0,1,0,0,0.02,0.5,0.25,1,0.3,False,False,False,False,False,True
g547_fulltheta_smoke_00000155,new_g547_fulltheta_counterfactual_update_probe_solver_row,True,True,maze-32-32-4|50|648|25|0|14650fb0739d0383,maze-32-32-4|a50|s648|it0|g547_fulltheta_smoke_maze_32_32_4_a50_s648_b2000,generated_theta::repair5g547_theta_000001,repair5g547_theta_000001,repair5g547_theta_000001,fulltheta_smoke::all_fields_reference,maze-32-32-4,maze,50,648,2000,0,False,False,,,2110,233.7189,1,0,1913,,,False,,True,e30a75611aecfe79,alpha_commit=1.25|alpha_block=1.25|alpha_wait_spillover=0.75|rho_decay=0.94999999999999996|force_additive=0|enable_dual_channel=1|alpha_cong_commit_progress=1.25|alpha_cong_commit_nonprogress=1.25|alpha_cong_block=1.25|alpha_cong_wait_progress=0.75|alpha_cong_wait_nonprogress=0.75|alpha_flow_commit_progress=1|alpha_flow_wait_progress=1|rho_cong_decay=0.94999999999999996|rho_flow_decay=1|lambda_cong=1|lambda_flow=1|min_edge_cost=1|max_edge_cost=11|goal_projection_mode=flow_shield|flow_shield_beta=0.34999999999999998|max_flow_shield=0.75,14650fb0739d0383,1.25,1.25,1.25,0.75,0.75,1,1,0.95,1,1,1,0.35,0.75,1,11,1,0,0,1,0,0,50,25,0,1913,38.26,0,1,0,0,0.02,0.5,0.25,1,0.3,False,False,False,False,False,True
g547_fulltheta_smoke_00000156,new_g547_fulltheta_counterfactual_update_probe_solver_row,True,True,maze-32-32-4|50|648|25|0|14650fb0739d0383,maze-32-32-4|a50|s648|it0|g547_fulltheta_smoke_maze_32_32_4_a50_s648_b2000,generated_theta::repair5g547_theta_000002,repair5g547_theta_000002,repair5g547_theta_000002,fulltheta_smoke::theta_lambda_flow,maze-32-32-4,maze,50,648,2000,0,False,False,,,2110,232.6419,1,0,1913,,,False,,True,a4814b677c6d1180,alpha_commit=1.25|alpha_block=1.25|alpha_wait_spillover=0.75|rho_decay=0.94999999999999996|force_additive=0|enable_dual_channel=1|alpha_cong_commit_progress=1.25|alpha_cong_commit_nonprogress=1.25|alpha_cong_block=1.25|alpha_cong_wait_progress=0.75|alpha_cong_wait_nonprogress=0.75|alpha_flow_commit_progress=1|alpha_flow_wait_progress=1|rho_cong_decay=0.94999999999999996|rho_flow_decay=1|lambda_cong=1|lambda_flow=0.10000000000000001|min_edge_cost=1|max_edge_cost=11|goal_projection_mode=flow_shield|flow_shield_beta=0.34999999999999998|max_flow_shield=0.75,14650fb0739d0383,1.25,1.25,1.25,0.75,0.75,1,1,0.95,1,1,0.1,0.35,0.75,1,11,1,0,0,1,0,0,50,25,0,1913,38.26,0,1,0,0,0.02,0.5,0.25,1,0.3,False,False,False,False,False,True
g547_fulltheta_smoke_00000157,new_g547_fulltheta_counterfactual_update_probe_solver_row,True,True,maze-32-32-4|50|648|25|0|14650fb0739d0383,maze-32-32-4|a50|s648|it0|g547_fulltheta_smoke_maze_32_32_4_a50_s648_b2000,generated_theta::repair5g547_theta_000003,repair5g547_theta_000003,repair5g547_theta_000003,fulltheta_smoke::theta_lambda_flow,maze-32-32-4,maze,50,648,2000,0,False,False,,,2110,224.7441,1,0,1913,,,False,,True,8584e99b6c1a5647,alpha_commit=1.25|alpha_block=1.25|alpha_wait_spillover=0.75|rho_decay=0.94999999999999996|force_additive=0|enable_dual_channel=1|alpha_cong_commit_progress=1.25|alpha_cong_commit_nonprogress=1.25|alpha_cong_block=1.25|alpha_cong_wait_progress=0.75|alpha_cong_wait_nonprogress=0.75|alpha_flow_commit_progress=1|alpha_flow_wait_progress=1|rho_cong_decay=0.94999999999999996|rho_flow_decay=1|lambda_cong=1|lambda_flow=1.3999999999999999|min_edge_cost=1|max_edge_cost=11|goal_projection_mode=flow_shield|flow_shield_beta=0.34999999999999998|max_flow_shield=0.75,14650fb0739d0383,1.25,1.25,1.25,0.75,0.75,1,1,0.95,1,1,1.4,0.35,0.75,1,11,1,0,0,1,0,0,50,25,0,1913,38.26,0,1,0,0,0.02,0.5,0.25,1,0.3,False,False,False,False,False,True
g547_fulltheta_smoke_00000158,new_g547_fulltheta_counterfactual_update_probe_solver_row,True,True,maze-32-32-4|50|648|25|0|14650fb0739d0383,maze-32-32-4|a50|s648|it0|g547_fulltheta_smoke_maze_32_32_4_a50_s648_b2000,generated_theta::repair5g547_theta_000004,repair5g547_theta_000004,repair5g547_theta_000004,fulltheta_smoke::theta_lambda_cong,maze-32-32-4,maze,50,648,2000,0,False,False,,,2110,229.6536,1,0,1913,,,False,,True,b5442e0c6c6741b0,alpha_commit=1.25|alpha_block=1.25|alpha_wait_spillover=0.75|rho_decay=0.94999999999999996|force_additive=0|enable_dual_channel=1|alpha_cong_commit_progress=1.25|alpha_cong_commit_nonprogress=1.25|alpha_cong_block=1.25|alpha_cong_wait_progress=0.75|alpha_cong_wait_nonprogress=0.75|alpha_flow_commit_progress=1|alpha_flow_wait_progress=1|rho_cong_decay=0.94999999999999996|rho_flow_decay=1|lambda_cong=0.59999999999999998|lambda_flow=1|min_edge_cost=1|max_edge_cost=11|goal_projection_mode=flow_shield|flow_shield_beta=0.34999999999999998|max_flow_shield=0.75,14650fb0739d0383,1.25,1.25,1.25,0.75,0.75,1,1,0.95,1,0.6,1,0.35,0.75,1,11,1,0,0,1,0,0,50,25,0,1913,38.26,0,1,0,0,0.02,0.5,0.25,1,0.3,False,False,False,False,False,True
g547_fulltheta_smoke_00000159,new_g547_fulltheta_counterfactual_update_probe_solver_row,True,True,maze-32-32-4|50|648|25|0|14650fb0739d0383,maze-32-32-4|a50|s648|it0|g547_fulltheta_smoke_maze_32_32_4_a50_s648_b2000,generated_theta::repair5g547_theta_000005,repair5g547_theta_000005,repair5g547_theta_000005,fulltheta_smoke::theta_lambda_cong,maze-32-32-4,maze,50,648,2000,0,False,False,,,2110,228.4939,1,0,1913,,,False,,True,77f3f55aa954d3f,alpha_commit=1.25|alpha_block=1.25|alpha_wait_spillover=0.75|rho_decay=0.94999999999999996|force_additive=0|enable_dual_channel=1|alpha_cong_commit_progress=1.25|alpha_cong_commit_nonprogress=1.25|alpha_cong_block=1.25|alpha_cong_wait_progress=0.75|alpha_cong_wait_nonprogress=0.75|alpha_flow_commit_progress=1|alpha_flow_wait_progress=1|rho_cong_decay=0.94999999999999996|rho_flow_decay=1|lambda_cong=1.3999999999999999|lambda_flow=1|min_edge_cost=1|max_edge_cost=11|goal_projection_mode=flow_shield|flow_shield_beta=0.34999999999999998|max_flow_shield=0.75,14650fb0739d0383,1.25,1.25,1.25,0.75,0.75,1,1,0.95,1,1.4,1,0.35,0.75,1,11,1,0,0,1,0,0,50,25,0,1913,38.26,0,1,0,0,0.02,0.5,0.25,1,0.3,False,False,False,False,False,True
g547_fulltheta_smoke_00000160,new_g547_fulltheta_counterfactual_update_probe_solver_row,True,True,maze-32-32-4|50|648|25|0|14650fb0739d0383,maze-32-32-4|a50|s648|it0|g547_fulltheta_smoke_maze_32_32_4_a50_s648_b2000,generated_theta::repair5g547_theta_000006,repair5g547_theta_000006,repair5g547_theta_000006,fulltheta_smoke::theta_alpha_flow_wait_progress,maze-32-32-4,maze,50,648,2000,0,False,False,,,2110,281.003,1,0,1913,,,False,,True,29c4ecda70affb5a,alpha_commit=1.25|alpha_block=1.25|alpha_wait_spillover=0.75|rho_decay=0.94999999999999996|force_additive=0|enable_dual_channel=1|alpha_cong_commit_progress=1.25|alpha_cong_commit_nonprogress=1.25|alpha_cong_block=1.25|alpha_cong_wait_progress=0.75|alpha_cong_wait_nonprogress=0.75|alpha_flow_commit_progress=1|alpha_flow_wait_progress=0|rho_cong_decay=0.94999999999999996|rho_flow_decay=1|lambda_cong=1|lambda_flow=1|min_edge_cost=1|max_edge_cost=11|goal_projection_mode=flow_shield|flow_shield_beta=0.34999999999999998|max_flow_shield=0.75,14650fb0739d0383,1.25,1.25,1.25,0.75,0.75,1,0,0.95,1,1,1,0.35,0.75,1,11,1,0,0,1,0,0,50,25,0,1913,38.26,0,1,0,0,0.02,0.5,0.25,1,0.3,False,False,False,False,False,True
g547_fulltheta_smoke_00000161,new_g547_fulltheta_counterfactual_update_probe_solver_row,True,True,maze-32-32-4|50|648|25|0|14650fb0739d0383,maze-32-32-4|a50|s648|it0|g547_fulltheta_smoke_maze_32_32_4_a50_s648_b2000,generated_theta::repair5g547_theta_000007,repair5g547_theta_000007,repair5g547_theta_000007,fulltheta_smoke::theta_alpha_flow_wait_progress,maze-32-32-4,maze,50,648,2000,0,False,False,,,2110,354.6344,1,0,1913,,,False,,True,b5a183b18079a70d,alpha_commit=1.25|alpha_block=1.25|alpha_wait_spillover=0.75|rho_decay=0.94999999999999996|force_additive=0|enable_dual_channel=1|alpha_cong_commit_progress=1.25|alpha_cong_commit_nonprogress=1.25|alpha_cong_block=1.25|alpha_cong_wait_progress=0.75|alpha_cong_wait_nonprogress=0.75|alpha_flow_commit_progress=1|alpha_flow_wait_progress=1.2|rho_cong_decay=0.94999999999999996|rho_flow_decay=1|lambda_cong=1|lambda_flow=1|min_edge_cost=1|max_edge_cost=11|goal_projection_mode=flow_shield|flow_shield_beta=0.34999999999999998|max_flow_shield=0.75,14650fb0739d0383,1.25,1.25,1.25,0.75,0.75,1,1.2,0.95,1,1,1,0.35,0.75,1,11,1,0,0,1,0,0,50,25,0,1913,38.26,0,1,0,0,0.02,0.5,0.25,1,0.3,False,False,False,False,False,True
g547_fulltheta_smoke_00000162,new_g547_fulltheta_counterfactual_update_probe_solver_row,True,True,maze-32-32-4|50|648|25|0|14650fb0739d0383,maze-32-32-4|a50|s648|it0|g547_fulltheta_smoke_maze_32_32_4_a50_s648_b2000,generated_theta::repair5g547_theta_000008,repair5g547_theta_000008,repair5g547_theta_000008,fulltheta_smoke::theta_min_edge_cost,maze-32-32-4,maze,50,648,2000,0,False,False,,,2110,324.6893,1,0,1913,,,False,,True,ef8f0d160cc2a725,alpha_commit=1.25|alpha_block=1.25|alpha_wait_spillover=0.75|rho_decay=0.94999999999999996|force_additive=0|enable_dual_channel=1|alpha_cong_commit_progress=1.25|alpha_cong_commit_nonprogress=1.25|alpha_cong_block=1.25|alpha_cong_wait_progress=0.75|alpha_cong_wait_nonprogress=0.75|alpha_flow_commit_progress=1|alpha_flow_wait_progress=1|rho_cong_decay=0.94999999999999996|rho_flow_decay=1|lambda_cong=1|lambda_flow=1|min_edge_cost=0.25|max_edge_cost=11|goal_projection_mode=flow_shield|flow_shield_beta=0.34999999999999998|max_flow_shield=0.75,14650fb0739d0383,1.25,1.25,1.25,0.75,0.75,1,1,0.95,1,1,1,0.35,0.75,0.25,11,1,0,0,1,0,0,50,25,0,1913,38.26,0,1,0,0,0.02,0.5,0.25,1,0.3,False,False,False,False,False,True
g547_fulltheta_smoke_00000163,new_g547_fulltheta_counterfactual_update_probe_solver_row,True,True,maze-32-32-4|50|648|25|0|14650fb0739d0383,maze-32-32-4|a50|s648|it0|g547_fulltheta_smoke_maze_32_32_4_a50_s648_b2000,generated_theta::repair5g547_theta_000009,repair5g547_theta_000009,repair5g547_theta_000009,fulltheta_smoke::theta_min_edge_cost,maze-32-32-4,maze,50,648,2000,0,False,False,,,2110,320.6959,1,0,1913,,,False,,True,e30a75611aecfe79,alpha_commit=1.25|alpha_block=1.25|alpha_wait_spillover=0.75|rho_decay=0.94999999999999996|force_additive=0|enable_dual_channel=1|alpha_cong_commit_progress=1.25|alpha_cong_commit_nonprogress=1.25|alpha_cong_block=1.25|alpha_cong_wait_progress=0.75|alpha_cong_wait_nonprogress=0.75|alpha_flow_commit_progress=1|alpha_flow_wait_progress=1|rho_cong_decay=0.94999999999999996|rho_flow_decay=1|lambda_cong=1|lambda_flow=1|min_edge_cost=1|max_edge_cost=11|goal_projection_mode=flow_shield|flow_shield_beta=0.34999999999999998|max_flow_shield=0.75,14650fb0739d0383,1.25,1.25,1.25,0.75,0.75,1,1,0.95,1,1,1,0.35,0.75,1,11,1,0,0,1,0,0,50,25,0,1913,38.26,0,1,0,0,0.02,0.5,0.25,1,0.3,False,False,False,False,False,True
g547_fulltheta_smoke_00000164,new_g547_fulltheta_counterfactual_update_probe_solver_row,True,True,maze-32-32-4|50|648|25|0|14650fb0739d0383,maze-32-32-4|a50|s648|it0|g547_fulltheta_smoke_maze_32_32_4_a50_s648_b2000,generated_theta::repair5g547_theta_000010,repair5g547_theta_000010,repair5g547_theta_000010,fulltheta_smoke::theta_max_edge_cost,maze-32-32-4,maze,50,648,2000,0,False,False,,,2110,335.987,1,0,1913,,,False,,True,7a35172bbc1b94cb,alpha_commit=1.25|alpha_block=1.25|alpha_wait_spillover=0.75|rho_decay=0.94999999999999996|force_additive=0|enable_dual_channel=1|alpha_cong_commit_progress=1.25|alpha_cong_commit_nonprogress=1.25|alpha_cong_block=1.25|alpha_cong_wait_progress=0.75|alpha_cong_wait_nonprogress=0.75|alpha_flow_commit_progress=1|alpha_flow_wait_progress=1|rho_cong_decay=0.94999999999999996|rho_flow_decay=1|lambda_cong=1|lambda_flow=1|min_edge_cost=1|max_edge_cost=8|goal_projection_mode=flow_shield|flow_shield_beta=0.34999999999999998|max_flow_shield=0.75,14650fb0739d0383,1.25,1.25,1.25,0.75,0.75,1,1,0.95,1,1,1,0.35,0.75,1,8,1,0,0,1,0,0,50,25,0,1913,38.26,0,1,0,0,0.02,0.5,0.25,1,0.3,False,False,False,False,False,True
g547_fulltheta_smoke_00000165,new_g547_fulltheta_counterfactual_update_probe_solver_row,True,True,maze-32-32-4|50|648|25|0|14650fb0739d0383,maze-32-32-4|a50|s648|it0|g547_fulltheta_smoke_maze_32_32_4_a50_s648_b2000,generated_theta::repair5g547_theta_000011,repair5g547_theta_000011,repair5g547_theta_000011,fulltheta_smoke::theta_max_edge_cost,maze-32-32-4,maze,50,648,2000,0,False,False,,,2110,271.2939,1,0,1913,,,False,,True,35d66dc1ec012cc6,alpha_commit=1.25|alpha_block=1.25|alpha_wait_spillover=0.75|rho_decay=0.94999999999999996|force_additive=0|enable_dual_channel=1|alpha_cong_commit_progress=1.25|alpha_cong_commit_nonprogress=1.25|alpha_cong_block=1.25|alpha_cong_wait_progress=0.75|alpha_cong_wait_nonprogress=0.75|alpha_flow_commit_progress=1|alpha_flow_wait_progress=1|rho_cong_decay=0.94999999999999996|rho_flow_decay=1|lambda_cong=1|lambda_flow=1|min_edge_cost=1|max_edge_cost=12|goal_projection_mode=flow_shield|flow_shield_beta=0.34999999999999998|max_flow_shield=0.75,14650fb0739d0383,1.25,1.25,1.25,0.75,0.75,1,1,0.95,1,1,1,0.35,0.75,1,12,1,0,0,1,0,0,50,25,0,1913,38.26,0,1,0,0,0.02,0.5,0.25,1,0.3,False,False,False,False,False,True
g547_fulltheta_smoke_00000166,new_g547_fulltheta_counterfactual_update_probe_solver_row,True,True,maze-32-32-4|50|648|25|0|14650fb0739d0383,maze-32-32-4|a50|s648|it0|g547_fulltheta_smoke_maze_32_32_4_a50_s648_b2000,generated_theta::repair5g547_theta_000012,repair5g547_theta_000012,repair5g547_theta_000012,fulltheta_smoke::goal_projection_mode,maze-32-32-4,maze,50,648,2000,0,False,False,,,2110,304.2723,1,0,1913,,,False,,True,e30a75611aecfe79,alpha_commit=1.25|alpha_block=1.25|alpha_wait_spillover=0.75|rho_decay=0.94999999999999996|force_additive=0|enable_dual_channel=1|alpha_cong_commit_progress=1.25|alpha_cong_commit_nonprogress=1.25|alpha_cong_block=1.25|alpha_cong_wait_progress=0.75|alpha_cong_wait_nonprogress=0.75|alpha_flow_commit_progress=1|alpha_flow_wait_progress=1|rho_cong_decay=0.94999999999999996|rho_flow_decay=1|lambda_cong=1|lambda_flow=1|min_edge_cost=1|max_edge_cost=11|goal_projection_mode=flow_shield|flow_shield_beta=0.34999999999999998|max_flow_shield=0.75,14650fb0739d0383,1.25,1.25,1.25,0.75,0.75,1,1,0.95,1,1,1,0.35,0.75,1,11,1,0,0,1,0,0,50,25,0,1913,38.26,0,1,0,0,0.02,0.5,0.25,1,0.3,False,False,False,False,False,True
g547_fulltheta_smoke_00000167,new_g547_fulltheta_counterfactual_update_probe_solver_row,True,True,maze-32-32-4|50|648|25|0|14650fb0739d0383,maze-32-32-4|a50|s648|it0|g547_fulltheta_smoke_maze_32_32_4_a50_s648_b2000,generated_theta::repair5g547_theta_000013,repair5g547_theta_000013,repair5g547_theta_000013,fulltheta_smoke::goal_projection_mode,maze-32-32-4,maze,50,648,2000,0,False,False,,,2110,239.7973,1,0,1913,,,False,,True,562c13d7a176a2bc,alpha_commit=1.25|alpha_block=1.25|alpha_wait_spillover=0.75|rho_decay=0.94999999999999996|force_additive=0|enable_dual_channel=1|alpha_cong_commit_progress=1.25|alpha_cong_commit_nonprogress=1.25|alpha_cong_block=1.25|alpha_cong_wait_progress=0.75|alpha_cong_wait_nonprogress=0.75|alpha_flow_commit_progress=1|alpha_flow_wait_progress=1|rho_cong_decay=0.94999999999999996|rho_flow_decay=1|lambda_cong=1|lambda_flow=1|min_edge_cost=1|max_edge_cost=11|goal_projection_mode=agent_progress|flow_shield_beta=0.34999999999999998|max_flow_shield=0.75,14650fb0739d0383,1.25,1.25,1.25,0.75,0.75,1,1,0.95,1,1,1,0.35,0.75,1,11,0,1,0,1,0,0,50,25,0,1913,38.26,0,1,0,0,0.02,0.5,0.25,1,0.3,False,False,False,False,False,True
g547_fulltheta_smoke_00000168,new_g547_fulltheta_counterfactual_update_probe_solver_row,True,True,maze-32-32-4|50|648|25|0|14650fb0739d0383,maze-32-32-4|a50|s648|it0|g547_fulltheta_smoke_maze_32_32_4_a50_s648_b2000,generated_theta::repair5g547_theta_000014,repair5g547_theta_000014,repair5g547_theta_000014,fulltheta_smoke::goal_projection_mode,maze-32-32-4,maze,50,648,2000,0,False,False,,,2110,252.8725,1,0,1913,,,False,,True,b96f092bbcb39893,alpha_commit=1.25|alpha_block=1.25|alpha_wait_spillover=0.75|rho_decay=0.94999999999999996|force_additive=0|enable_dual_channel=1|alpha_cong_commit_progress=1.25|alpha_cong_commit_nonprogress=1.25|alpha_cong_block=1.25|alpha_cong_wait_progress=0.75|alpha_cong_wait_nonprogress=0.75|alpha_flow_commit_progress=1|alpha_flow_wait_progress=1|rho_cong_decay=0.94999999999999996|rho_flow_decay=1|lambda_cong=1|lambda_flow=1|min_edge_cost=1|max_edge_cost=11|goal_projection_mode=none|flow_shield_beta=0.34999999999999998|max_flow_shield=0.75,14650fb0739d0383,1.25,1.25,1.25,0.75,0.75,1,1,0.95,1,1,1,0.35,0.75,1,11,0,0,1,1,0,0,50,25,0,1913,38.26,0,1,0,0,0.02,0.5,0.25,1,0.3,False,False,False,False,False,True
g547_fulltheta_smoke_00000169,new_g547_fulltheta_counterfactual_update_probe_solver_row,True,True,maze-32-32-4|50|648|25|0|14650fb0739d0383,maze-32-32-4|a50|s648|it0|g547_fulltheta_smoke_maze_32_32_4_a50_s648_b2000,generated_theta::repair5g547_theta_000015,repair5g547_theta_000015,repair5g547_theta_000015,fulltheta_smoke::theta_alpha_cong_commit_nonprogress,maze-32-32-4,maze,50,648,2000,0,False,False,,,2110,300.8378,1,0,1913,,,False,,True,95eced852605b4c7,alpha_commit=0.5|alpha_block=1.25|alpha_wait_spillover=0.75|rho_decay=0.94999999999999996|force_additive=0|enable_dual_channel=1|alpha_cong_commit_progress=1.25|alpha_cong_commit_nonprogress=0.5|alpha_cong_block=1.25|alpha_cong_wait_progress=0.75|alpha_cong_wait_nonprogress=0.75|alpha_flow_commit_progress=1|alpha_flow_wait_progress=1|rho_cong_decay=0.94999999999999996|rho_flow_decay=1|lambda_cong=1|lambda_flow=1|min_edge_cost=1|max_edge_cost=11|goal_projection_mode=flow_shield|flow_shield_beta=0.34999999999999998|max_flow_shield=0.75,14650fb0739d0383,1.25,0.5,1.25,0.75,0.75,1,1,0.95,1,1,1,0.35,0.75,1,11,1,0,0,1,0,0,50,25,0,1913,38.26,0,1,0,0,0.02,0.5,0.25,1,0.3,False,False,False,False,False,True
g547_fulltheta_smoke_00000170,new_g547_fulltheta_counterfactual_update_probe_solver_row,True,True,maze-32-32-4|50|648|25|0|14650fb0739d0383,maze-32-32-4|a50|s648|it0|g547_fulltheta_smoke_maze_32_32_4_a50_s648_b2000,generated_theta::repair5g547_theta_000016,repair5g547_theta_000016,repair5g547_theta_000016,fulltheta_smoke::theta_alpha_cong_commit_nonprogress,maze-32-32-4,maze,50,648,2000,0,False,False,,,2110,331.6026,1,0,1913,,,False,,True,2a15243280de3947,alpha_commit=1.75|alpha_block=1.25|alpha_wait_spillover=0.75|rho_decay=0.94999999999999996|force_additive=0|enable_dual_channel=1|alpha_cong_commit_progress=1.25|alpha_cong_commit_nonprogress=1.75|alpha_cong_block=1.25|alpha_cong_wait_progress=0.75|alpha_cong_wait_nonprogress=0.75|alpha_flow_commit_progress=1|alpha_flow_wait_progress=1|rho_cong_decay=0.94999999999999996|rho_flow_decay=1|lambda_cong=1|lambda_flow=1|min_edge_cost=1|max_edge_cost=11|goal_projection_mode=flow_shield|flow_shield_beta=0.34999999999999998|max_flow_shield=0.75,14650fb0739d0383,1.25,1.75,1.25,0.75,0.75,1,1,0.95,1,1,1,0.35,0.75,1,11,1,0,0,1,0,0,50,25,0,1913,38.26,0,1,0,0,0.02,0.5,0.25,1,0.3,False,False,False,False,False,True
g547_fulltheta_smoke_00000171,new_g547_fulltheta_counterfactual_update_probe_solver_row,True,True,maze-32-32-4|50|666|25|0|14650fb0739d0383,maze-32-32-4|a50|s666|it0|g547_fulltheta_smoke_maze_32_32_4_a50_s666_b500,additive_ltm,repair5g59_additive_fallback,repair5g59_additive_fallback,baseline,maze-32-32-4,maze,50,666,500,0,False,False,,,2016,143.1249,1,0,1674,,,False,,True,35049bacad216c02,alpha_commit=1|alpha_block=1|alpha_wait_spillover=1|rho_decay=1|force_additive=1|enable_dual_channel=0|alpha_cong_commit_progress=0|alpha_cong_commit_nonprogress=1|alpha_cong_block=1|alpha_cong_wait_progress=1|alpha_cong_wait_nonprogress=1|alpha_flow_commit_progress=0|alpha_flow_wait_progress=0|rho_cong_decay=1|rho_flow_decay=1|lambda_cong=1|lambda_flow=0|min_edge_cost=0.25|max_edge_cost=11|goal_projection_mode=none|flow_shield_beta=0|max_flow_shield=0,14650fb0739d0383,0,1,1,1,1,0,0,1,1,1,0,0,0.25,0.25,11,0,0,1,1,0,0,50,25,0,1674,33.48,0,1,0,0,0.02,0.5,0.25,1,0.3,False,False,False,False,False,True
g547_fulltheta_smoke_00000172,new_g547_fulltheta_counterfactual_update_probe_solver_row,True,True,maze-32-32-4|50|666|25|0|14650fb0739d0383,maze-32-32-4|a50|s666|it0|g547_fulltheta_smoke_maze_32_32_4_a50_s666_b500,static_flow_shield,repair5g59_static_flow_shield,repair5g59_static_flow_shield,baseline,maze-32-32-4,maze,50,666,500,0,False,False,,,2016,230.7998,1,0,1674,,,False,,True,29737bed70c56f0d,alpha_commit=1.25|alpha_block=1.25|alpha_wait_spillover=0.75|rho_decay=0.94999999999999996|force_additive=0|enable_dual_channel=1|alpha_cong_commit_progress=1.25|alpha_cong_commit_nonprogress=1.25|alpha_cong_block=1.25|alpha_cong_wait_progress=0.75|alpha_cong_wait_nonprogress=0.75|alpha_flow_commit_progress=1|alpha_flow_wait_progress=0|rho_cong_decay=0.94999999999999996|rho_flow_decay=1|lambda_cong=1|lambda_flow=0|min_edge_cost=1|max_edge_cost=11|goal_projection_mode=flow_shield|flow_shield_beta=0.34999999999999998|max_flow_shield=0.75,14650fb0739d0383,1.25,1.25,1.25,0.75,0.75,1,1,0.95,1,1,1,0.35,0.75,1,11,1,0,0,1,0,0,50,25,0,1674,33.48,0,1,0,0,0.02,0.5,0.25,1,0.3,False,False,False,False,False,True
g547_fulltheta_smoke_00000173,new_g547_fulltheta_counterfactual_update_probe_solver_row,True,True,maze-32-32-4|50|666|25|0|14650fb0739d0383,maze-32-32-4|a50|s666|it0|g547_fulltheta_smoke_maze_32_32_4_a50_s666_b500,frozen_family_static_goal_aware,repair5g59_high_beta_cap_safe,repair5g59_high_beta_cap_safe,baseline,maze-32-32-4,maze,50,666,500,0,False,False,,,2016,220.1133,1,0,1674,,,False,,True,fbcf27bf34de68c,alpha_commit=1.25|alpha_block=1.25|alpha_wait_spillover=0.75|rho_decay=0.94999999999999996|force_additive=0|enable_dual_channel=1|alpha_cong_commit_progress=1.25|alpha_cong_commit_nonprogress=1.25|alpha_cong_block=1.25|alpha_cong_wait_progress=0.75|alpha_cong_wait_nonprogress=0.75|alpha_flow_commit_progress=1|alpha_flow_wait_progress=0|rho_cong_decay=0.94999999999999996|rho_flow_decay=1|lambda_cong=1|lambda_flow=0|min_edge_cost=1|max_edge_cost=11|goal_projection_mode=flow_shield|flow_shield_beta=0.59999999999999998|max_flow_shield=0.75,14650fb0739d0383,1.25,1.25,1.25,0.75,0.75,1,1,0.95,1,1,1,0.6,0.75,1,11,1,0,0,1,0,0,50,25,0,1674,33.48,0,1,0,0,0.02,0.5,0.25,1,0.3,False,False,False,False,False,True
g547_fulltheta_smoke_00000174,new_g547_fulltheta_counterfactual_update_probe_solver_row,True,True,maze-32-32-4|50|666|25|0|14650fb0739d0383,maze-32-32-4|a50|s666|it0|g547_fulltheta_smoke_maze_32_32_4_a50_s666_b500,generated_theta::repair5g547_theta_000001,repair5g547_theta_000001,repair5g547_theta_000001,fulltheta_smoke::all_fields_reference,maze-32-32-4,maze,50,666,500,0,False,False,,,2016,244.7041,1,0,1674,,,False,,True,e30a75611aecfe79,alpha_commit=1.25|alpha_block=1.25|alpha_wait_spillover=0.75|rho_decay=0.94999999999999996|force_additive=0|enable_dual_channel=1|alpha_cong_commit_progress=1.25|alpha_cong_commit_nonprogress=1.25|alpha_cong_block=1.25|alpha_cong_wait_progress=0.75|alpha_cong_wait_nonprogress=0.75|alpha_flow_commit_progress=1|alpha_flow_wait_progress=1|rho_cong_decay=0.94999999999999996|rho_flow_decay=1|lambda_cong=1|lambda_flow=1|min_edge_cost=1|max_edge_cost=11|goal_projection_mode=flow_shield|flow_shield_beta=0.34999999999999998|max_flow_shield=0.75,14650fb0739d0383,1.25,1.25,1.25,0.75,0.75,1,1,0.95,1,1,1,0.35,0.75,1,11,1,0,0,1,0,0,50,25,0,1674,33.48,0,1,0,0,0.02,0.5,0.25,1,0.3,False,False,False,False,False,True
g547_fulltheta_smoke_00000175,new_g547_fulltheta_counterfactual_update_probe_solver_row,True,True,maze-32-32-4|50|666|25|0|14650fb0739d0383,maze-32-32-4|a50|s666|it0|g547_fulltheta_smoke_maze_32_32_4_a50_s666_b500,generated_theta::repair5g547_theta_000002,repair5g547_theta_000002,repair5g547_theta_000002,fulltheta_smoke::theta_lambda_flow,maze-32-32-4,maze,50,666,500,0,False,False,,,2016,242.029,1,0,1674,,,False,,True,a4814b677c6d1180,alpha_commit=1.25|alpha_block=1.25|alpha_wait_spillover=0.75|rho_decay=0.94999999999999996|force_additive=0|enable_dual_channel=1|alpha_cong_commit_progress=1.25|alpha_cong_commit_nonprogress=1.25|alpha_cong_block=1.25|alpha_cong_wait_progress=0.75|alpha_cong_wait_nonprogress=0.75|alpha_flow_commit_progress=1|alpha_flow_wait_progress=1|rho_cong_decay=0.94999999999999996|rho_flow_decay=1|lambda_cong=1|lambda_flow=0.10000000000000001|min_edge_cost=1|max_edge_cost=11|goal_projection_mode=flow_shield|flow_shield_beta=0.34999999999999998|max_flow_shield=0.75,14650fb0739d0383,1.25,1.25,1.25,0.75,0.75,1,1,0.95,1,1,0.1,0.35,0.75,1,11,1,0,0,1,0,0,50,25,0,1674,33.48,0,1,0,0,0.02,0.5,0.25,1,0.3,False,False,False,False,False,True
g547_fulltheta_smoke_00000176,new_g547_fulltheta_counterfactual_update_probe_solver_row,True,True,maze-32-32-4|50|666|25|0|14650fb0739d0383,maze-32-32-4|a50|s666|it0|g547_fulltheta_smoke_maze_32_32_4_a50_s666_b500,generated_theta::repair5g547_theta_000003,repair5g547_theta_000003,repair5g547_theta_000003,fulltheta_smoke::theta_lambda_flow,maze-32-32-4,maze,50,666,500,0,False,False,,,2016,247.6364,1,0,1674,,,False,,True,8584e99b6c1a5647,alpha_commit=1.25|alpha_block=1.25|alpha_wait_spillover=0.75|rho_decay=0.94999999999999996|force_additive=0|enable_dual_channel=1|alpha_cong_commit_progress=1.25|alpha_cong_commit_nonprogress=1.25|alpha_cong_block=1.25|alpha_cong_wait_progress=0.75|alpha_cong_wait_nonprogress=0.75|alpha_flow_commit_progress=1|alpha_flow_wait_progress=1|rho_cong_decay=0.94999999999999996|rho_flow_decay=1|lambda_cong=1|lambda_flow=1.3999999999999999|min_edge_cost=1|max_edge_cost=11|goal_projection_mode=flow_shield|flow_shield_beta=0.34999999999999998|max_flow_shield=0.75,14650fb0739d0383,1.25,1.25,1.25,0.75,0.75,1,1,0.95,1,1,1.4,0.35,0.75,1,11,1,0,0,1,0,0,50,25,0,1674,33.48,0,1,0,0,0.02,0.5,0.25,1,0.3,False,False,False,False,False,True
g547_fulltheta_smoke_00000177,new_g547_fulltheta_counterfactual_update_probe_solver_row,True,True,maze-32-32-4|50|666|25|0|14650fb0739d0383,maze-32-32-4|a50|s666|it0|g547_fulltheta_smoke_maze_32_32_4_a50_s666_b500,generated_theta::repair5g547_theta_000004,repair5g547_theta_000004,repair5g547_theta_000004,fulltheta_smoke::theta_lambda_cong,maze-32-32-4,maze,50,666,500,0,False,False,,,2016,246.2011,1,0,1674,,,False,,True,b5442e0c6c6741b0,alpha_commit=1.25|alpha_block=1.25|alpha_wait_spillover=0.75|rho_decay=0.94999999999999996|force_additive=0|enable_dual_channel=1|alpha_cong_commit_progress=1.25|alpha_cong_commit_nonprogress=1.25|alpha_cong_block=1.25|alpha_cong_wait_progress=0.75|alpha_cong_wait_nonprogress=0.75|alpha_flow_commit_progress=1|alpha_flow_wait_progress=1|rho_cong_decay=0.94999999999999996|rho_flow_decay=1|lambda_cong=0.59999999999999998|lambda_flow=1|min_edge_cost=1|max_edge_cost=11|goal_projection_mode=flow_shield|flow_shield_beta=0.34999999999999998|max_flow_shield=0.75,14650fb0739d0383,1.25,1.25,1.25,0.75,0.75,1,1,0.95,1,0.6,1,0.35,0.75,1,11,1,0,0,1,0,0,50,25,0,1674,33.48,0,1,0,0,0.02,0.5,0.25,1,0.3,False,False,False,False,False,True
g547_fulltheta_smoke_00000178,new_g547_fulltheta_counterfactual_update_probe_solver_row,True,True,maze-32-32-4|50|666|25|0|14650fb0739d0383,maze-32-32-4|a50|s666|it0|g547_fulltheta_smoke_maze_32_32_4_a50_s666_b500,generated_theta::repair5g547_theta_000005,repair5g547_theta_000005,repair5g547_theta_000005,fulltheta_smoke::theta_lambda_cong,maze-32-32-4,maze,50,666,500,0,False,False,,,2016,236.2454,1,0,1674,,,False,,True,77f3f55aa954d3f,alpha_commit=1.25|alpha_block=1.25|alpha_wait_spillover=0.75|rho_decay=0.94999999999999996|force_additive=0|enable_dual_channel=1|alpha_cong_commit_progress=1.25|alpha_cong_commit_nonprogress=1.25|alpha_cong_block=1.25|alpha_cong_wait_progress=0.75|alpha_cong_wait_nonprogress=0.75|alpha_flow_commit_progress=1|alpha_flow_wait_progress=1|rho_cong_decay=0.94999999999999996|rho_flow_decay=1|lambda_cong=1.3999999999999999|lambda_flow=1|min_edge_cost=1|max_edge_cost=11|goal_projection_mode=flow_shield|flow_shield_beta=0.34999999999999998|max_flow_shield=0.75,14650fb0739d0383,1.25,1.25,1.25,0.75,0.75,1,1,0.95,1,1.4,1,0.35,0.75,1,11,1,0,0,1,0,0,50,25,0,1674,33.48,0,1,0,0,0.02,0.5,0.25,1,0.3,False,False,False,False,False,True
g547_fulltheta_smoke_00000179,new_g547_fulltheta_counterfactual_update_probe_solver_row,True,True,maze-32-32-4|50|666|25|0|14650fb0739d0383,maze-32-32-4|a50|s666|it0|g547_fulltheta_smoke_maze_32_32_4_a50_s666_b500,generated_theta::repair5g547_theta_000006,repair5g547_theta_000006,repair5g547_theta_000006,fulltheta_smoke::theta_alpha_flow_wait_progress,maze-32-32-4,maze,50,666,500,0,False,False,,,2016,277.7948,1,0,1674,,,False,,True,29c4ecda70affb5a,alpha_commit=1.25|alpha_block=1.25|alpha_wait_spillover=0.75|rho_decay=0.94999999999999996|force_additive=0|enable_dual_channel=1|alpha_cong_commit_progress=1.25|alpha_cong_commit_nonprogress=1.25|alpha_cong_block=1.25|alpha_cong_wait_progress=0.75|alpha_cong_wait_nonprogress=0.75|alpha_flow_commit_progress=1|alpha_flow_wait_progress=0|rho_cong_decay=0.94999999999999996|rho_flow_decay=1|lambda_cong=1|lambda_flow=1|min_edge_cost=1|max_edge_cost=11|goal_projection_mode=flow_shield|flow_shield_beta=0.34999999999999998|max_flow_shield=0.75,14650fb0739d0383,1.25,1.25,1.25,0.75,0.75,1,0,0.95,1,1,1,0.35,0.75,1,11,1,0,0,1,0,0,50,25,0,1674,33.48,0,1,0,0,0.02,0.5,0.25,1,0.3,False,False,False,False,False,True
g547_fulltheta_smoke_00000180,new_g547_fulltheta_counterfactual_update_probe_solver_row,True,True,maze-32-32-4|50|666|25|0|14650fb0739d0383,maze-32-32-4|a50|s666|it0|g547_fulltheta_smoke_maze_32_32_4_a50_s666_b500,generated_theta::repair5g547_theta_000007,repair5g547_theta_000007,repair5g547_theta_000007,fulltheta_smoke::theta_alpha_flow_wait_progress,maze-32-32-4,maze,50,666,500,0,False,False,,,2016,292.6617,1,0,1674,,,False,,True,b5a183b18079a70d,alpha_commit=1.25|alpha_block=1.25|alpha_wait_spillover=0.75|rho_decay=0.94999999999999996|force_additive=0|enable_dual_channel=1|alpha_cong_commit_progress=1.25|alpha_cong_commit_nonprogress=1.25|alpha_cong_block=1.25|alpha_cong_wait_progress=0.75|alpha_cong_wait_nonprogress=0.75|alpha_flow_commit_progress=1|alpha_flow_wait_progress=1.2|rho_cong_decay=0.94999999999999996|rho_flow_decay=1|lambda_cong=1|lambda_flow=1|min_edge_cost=1|max_edge_cost=11|goal_projection_mode=flow_shield|flow_shield_beta=0.34999999999999998|max_flow_shield=0.75,14650fb0739d0383,1.25,1.25,1.25,0.75,0.75,1,1.2,0.95,1,1,1,0.35,0.75,1,11,1,0,0,1,0,0,50,25,0,1674,33.48,0,1,0,0,0.02,0.5,0.25,1,0.3,False,False,False,False,False,True
g547_fulltheta_smoke_00000181,new_g547_fulltheta_counterfactual_update_probe_solver_row,True,True,maze-32-32-4|50|666|25|0|14650fb0739d0383,maze-32-32-4|a50|s666|it0|g547_fulltheta_smoke_maze_32_32_4_a50_s666_b500,generated_theta::repair5g547_theta_000008,repair5g547_theta_000008,repair5g547_theta_000008,fulltheta_smoke::theta_min_edge_cost,maze-32-32-4,maze,50,666,500,0,False,False,,,2016,331.1271,1,0,1674,,,False,,True,ef8f0d160cc2a725,alpha_commit=1.25|alpha_block=1.25|alpha_wait_spillover=0.75|rho_decay=0.94999999999999996|force_additive=0|enable_dual_channel=1|alpha_cong_commit_progress=1.25|alpha_cong_commit_nonprogress=1.25|alpha_cong_block=1.25|alpha_cong_wait_progress=0.75|alpha_cong_wait_nonprogress=0.75|alpha_flow_commit_progress=1|alpha_flow_wait_progress=1|rho_cong_decay=0.94999999999999996|rho_flow_decay=1|lambda_cong=1|lambda_flow=1|min_edge_cost=0.25|max_edge_cost=11|goal_projection_mode=flow_shield|flow_shield_beta=0.34999999999999998|max_flow_shield=0.75,14650fb0739d0383,1.25,1.25,1.25,0.75,0.75,1,1,0.95,1,1,1,0.35,0.75,0.25,11,1,0,0,1,0,0,50,25,0,1674,33.48,0,1,0,0,0.02,0.5,0.25,1,0.3,False,False,False,False,False,True
g547_fulltheta_smoke_00000182,new_g547_fulltheta_counterfactual_update_probe_solver_row,True,True,maze-32-32-4|50|666|25|0|14650fb0739d0383,maze-32-32-4|a50|s666|it0|g547_fulltheta_smoke_maze_32_32_4_a50_s666_b500,generated_theta::repair5g547_theta_000009,repair5g547_theta_000009,repair5g547_theta_000009,fulltheta_smoke::theta_min_edge_cost,maze-32-32-4,maze,50,666,500,0,False,False,,,2016,293.549,1,0,1674,,,False,,True,e30a75611aecfe79,alpha_commit=1.25|alpha_block=1.25|alpha_wait_spillover=0.75|rho_decay=0.94999999999999996|force_additive=0|enable_dual_channel=1|alpha_cong_commit_progress=1.25|alpha_cong_commit_nonprogress=1.25|alpha_cong_block=1.25|alpha_cong_wait_progress=0.75|alpha_cong_wait_nonprogress=0.75|alpha_flow_commit_progress=1|alpha_flow_wait_progress=1|rho_cong_decay=0.94999999999999996|rho_flow_decay=1|lambda_cong=1|lambda_flow=1|min_edge_cost=1|max_edge_cost=11|goal_projection_mode=flow_shield|flow_shield_beta=0.34999999999999998|max_flow_shield=0.75,14650fb0739d0383,1.25,1.25,1.25,0.75,0.75,1,1,0.95,1,1,1,0.35,0.75,1,11,1,0,0,1,0,0,50,25,0,1674,33.48,0,1,0,0,0.02,0.5,0.25,1,0.3,False,False,False,False,False,True
g547_fulltheta_smoke_00000183,new_g547_fulltheta_counterfactual_update_probe_solver_row,True,True,maze-32-32-4|50|666|25|0|14650fb0739d0383,maze-32-32-4|a50|s666|it0|g547_fulltheta_smoke_maze_32_32_4_a50_s666_b500,generated_theta::repair5g547_theta_000010,repair5g547_theta_000010,repair5g547_theta_000010,fulltheta_smoke::theta_max_edge_cost,maze-32-32-4,maze,50,666,500,0,False,False,,,2016,282.137,1,0,1674,,,False,,True,7a35172bbc1b94cb,alpha_commit=1.25|alpha_block=1.25|alpha_wait_spillover=0.75|rho_decay=0.94999999999999996|force_additive=0|enable_dual_channel=1|alpha_cong_commit_progress=1.25|alpha_cong_commit_nonprogress=1.25|alpha_cong_block=1.25|alpha_cong_wait_progress=0.75|alpha_cong_wait_nonprogress=0.75|alpha_flow_commit_progress=1|alpha_flow_wait_progress=1|rho_cong_decay=0.94999999999999996|rho_flow_decay=1|lambda_cong=1|lambda_flow=1|min_edge_cost=1|max_edge_cost=8|goal_projection_mode=flow_shield|flow_shield_beta=0.34999999999999998|max_flow_shield=0.75,14650fb0739d0383,1.25,1.25,1.25,0.75,0.75,1,1,0.95,1,1,1,0.35,0.75,1,8,1,0,0,1,0,0,50,25,0,1674,33.48,0,1,0,0,0.02,0.5,0.25,1,0.3,False,False,False,False,False,True
g547_fulltheta_smoke_00000184,new_g547_fulltheta_counterfactual_update_probe_solver_row,True,True,maze-32-32-4|50|666|25|0|14650fb0739d0383,maze-32-32-4|a50|s666|it0|g547_fulltheta_smoke_maze_32_32_4_a50_s666_b500,generated_theta::repair5g547_theta_000011,repair5g547_theta_000011,repair5g547_theta_000011,fulltheta_smoke::theta_max_edge_cost,maze-32-32-4,maze,50,666,500,0,False,False,,,2016,292.4739,1,0,1674,,,False,,True,35d66dc1ec012cc6,alpha_commit=1.25|alpha_block=1.25|alpha_wait_spillover=0.75|rho_decay=0.94999999999999996|force_additive=0|enable_dual_channel=1|alpha_cong_commit_progress=1.25|alpha_cong_commit_nonprogress=1.25|alpha_cong_block=1.25|alpha_cong_wait_progress=0.75|alpha_cong_wait_nonprogress=0.75|alpha_flow_commit_progress=1|alpha_flow_wait_progress=1|rho_cong_decay=0.94999999999999996|rho_flow_decay=1|lambda_cong=1|lambda_flow=1|min_edge_cost=1|max_edge_cost=12|goal_projection_mode=flow_shield|flow_shield_beta=0.34999999999999998|max_flow_shield=0.75,14650fb0739d0383,1.25,1.25,1.25,0.75,0.75,1,1,0.95,1,1,1,0.35,0.75,1,12,1,0,0,1,0,0,50,25,0,1674,33.48,0,1,0,0,0.02,0.5,0.25,1,0.3,False,False,False,False,False,True
g547_fulltheta_smoke_00000185,new_g547_fulltheta_counterfactual_update_probe_solver_row,True,True,maze-32-32-4|50|666|25|0|14650fb0739d0383,maze-32-32-4|a50|s666|it0|g547_fulltheta_smoke_maze_32_32_4_a50_s666_b500,generated_theta::repair5g547_theta_000012,repair5g547_theta_000012,repair5g547_theta_000012,fulltheta_smoke::goal_projection_mode,maze-32-32-4,maze,50,666,500,0,False,False,,,2016,302.681,1,0,1674,,,False,,True,e30a75611aecfe79,alpha_commit=1.25|alpha_block=1.25|alpha_wait_spillover=0.75|rho_decay=0.94999999999999996|force_additive=0|enable_dual_channel=1|alpha_cong_commit_progress=1.25|alpha_cong_commit_nonprogress=1.25|alpha_cong_block=1.25|alpha_cong_wait_progress=0.75|alpha_cong_wait_nonprogress=0.75|alpha_flow_commit_progress=1|alpha_flow_wait_progress=1|rho_cong_decay=0.94999999999999996|rho_flow_decay=1|lambda_cong=1|lambda_flow=1|min_edge_cost=1|max_edge_cost=11|goal_projection_mode=flow_shield|flow_shield_beta=0.34999999999999998|max_flow_shield=0.75,14650fb0739d0383,1.25,1.25,1.25,0.75,0.75,1,1,0.95,1,1,1,0.35,0.75,1,11,1,0,0,1,0,0,50,25,0,1674,33.48,0,1,0,0,0.02,0.5,0.25,1,0.3,False,False,False,False,False,True
g547_fulltheta_smoke_00000186,new_g547_fulltheta_counterfactual_update_probe_solver_row,True,True,maze-32-32-4|50|666|25|0|14650fb0739d0383,maze-32-32-4|a50|s666|it0|g547_fulltheta_smoke_maze_32_32_4_a50_s666_b500,generated_theta::repair5g547_theta_000013,repair5g547_theta_000013,repair5g547_theta_000013,fulltheta_smoke::goal_projection_mode,maze-32-32-4,maze,50,666,500,0,False,False,,,2016,312.6426,1,0,1674,,,False,,True,562c13d7a176a2bc,alpha_commit=1.25|alpha_block=1.25|alpha_wait_spillover=0.75|rho_decay=0.94999999999999996|force_additive=0|enable_dual_channel=1|alpha_cong_commit_progress=1.25|alpha_cong_commit_nonprogress=1.25|alpha_cong_block=1.25|alpha_cong_wait_progress=0.75|alpha_cong_wait_nonprogress=0.75|alpha_flow_commit_progress=1|alpha_flow_wait_progress=1|rho_cong_decay=0.94999999999999996|rho_flow_decay=1|lambda_cong=1|lambda_flow=1|min_edge_cost=1|max_edge_cost=11|goal_projection_mode=agent_progress|flow_shield_beta=0.34999999999999998|max_flow_shield=0.75,14650fb0739d0383,1.25,1.25,1.25,0.75,0.75,1,1,0.95,1,1,1,0.35,0.75,1,11,0,1,0,1,0,0,50,25,0,1674,33.48,0,1,0,0,0.02,0.5,0.25,1,0.3,False,False,False,False,False,True
g547_fulltheta_smoke_00000187,new_g547_fulltheta_counterfactual_update_probe_solver_row,True,True,maze-32-32-4|50|666|25|0|14650fb0739d0383,maze-32-32-4|a50|s666|it0|g547_fulltheta_smoke_maze_32_32_4_a50_s666_b500,generated_theta::repair5g547_theta_000014,repair5g547_theta_000014,repair5g547_theta_000014,fulltheta_smoke::goal_projection_mode,maze-32-32-4,maze,50,666,500,0,False,False,,,2016,296.4099,1,0,1674,,,False,,True,b96f092bbcb39893,alpha_commit=1.25|alpha_block=1.25|alpha_wait_spillover=0.75|rho_decay=0.94999999999999996|force_additive=0|enable_dual_channel=1|alpha_cong_commit_progress=1.25|alpha_cong_commit_nonprogress=1.25|alpha_cong_block=1.25|alpha_cong_wait_progress=0.75|alpha_cong_wait_nonprogress=0.75|alpha_flow_commit_progress=1|alpha_flow_wait_progress=1|rho_cong_decay=0.94999999999999996|rho_flow_decay=1|lambda_cong=1|lambda_flow=1|min_edge_cost=1|max_edge_cost=11|goal_projection_mode=none|flow_shield_beta=0.34999999999999998|max_flow_shield=0.75,14650fb0739d0383,1.25,1.25,1.25,0.75,0.75,1,1,0.95,1,1,1,0.35,0.75,1,11,0,0,1,1,0,0,50,25,0,1674,33.48,0,1,0,0,0.02,0.5,0.25,1,0.3,False,False,False,False,False,True
g547_fulltheta_smoke_00000188,new_g547_fulltheta_counterfactual_update_probe_solver_row,True,True,maze-32-32-4|50|666|25|0|14650fb0739d0383,maze-32-32-4|a50|s666|it0|g547_fulltheta_smoke_maze_32_32_4_a50_s666_b500,generated_theta::repair5g547_theta_000015,repair5g547_theta_000015,repair5g547_theta_000015,fulltheta_smoke::theta_alpha_cong_commit_nonprogress,maze-32-32-4,maze,50,666,500,0,False,False,,,2016,296.6612,1,0,1674,,,False,,True,95eced852605b4c7,alpha_commit=0.5|alpha_block=1.25|alpha_wait_spillover=0.75|rho_decay=0.94999999999999996|force_additive=0|enable_dual_channel=1|alpha_cong_commit_progress=1.25|alpha_cong_commit_nonprogress=0.5|alpha_cong_block=1.25|alpha_cong_wait_progress=0.75|alpha_cong_wait_nonprogress=0.75|alpha_flow_commit_progress=1|alpha_flow_wait_progress=1|rho_cong_decay=0.94999999999999996|rho_flow_decay=1|lambda_cong=1|lambda_flow=1|min_edge_cost=1|max_edge_cost=11|goal_projection_mode=flow_shield|flow_shield_beta=0.34999999999999998|max_flow_shield=0.75,14650fb0739d0383,1.25,0.5,1.25,0.75,0.75,1,1,0.95,1,1,1,0.35,0.75,1,11,1,0,0,1,0,0,50,25,0,1674,33.48,0,1,0,0,0.02,0.5,0.25,1,0.3,False,False,False,False,False,True
g547_fulltheta_smoke_00000189,new_g547_fulltheta_counterfactual_update_probe_solver_row,True,True,maze-32-32-4|50|666|25|0|14650fb0739d0383,maze-32-32-4|a50|s666|it0|g547_fulltheta_smoke_maze_32_32_4_a50_s666_b500,generated_theta::repair5g547_theta_000016,repair5g547_theta_000016,repair5g547_theta_000016,fulltheta_smoke::theta_alpha_cong_commit_nonprogress,maze-32-32-4,maze,50,666,500,0,False,False,,,2016,336.6043,1,0,1674,,,False,,True,2a15243280de3947,alpha_commit=1.75|alpha_block=1.25|alpha_wait_spillover=0.75|rho_decay=0.94999999999999996|force_additive=0|enable_dual_channel=1|alpha_cong_commit_progress=1.25|alpha_cong_commit_nonprogress=1.75|alpha_cong_block=1.25|alpha_cong_wait_progress=0.75|alpha_cong_wait_nonprogress=0.75|alpha_flow_commit_progress=1|alpha_flow_wait_progress=1|rho_cong_decay=0.94999999999999996|rho_flow_decay=1|lambda_cong=1|lambda_flow=1|min_edge_cost=1|max_edge_cost=11|goal_projection_mode=flow_shield|flow_shield_beta=0.34999999999999998|max_flow_shield=0.75,14650fb0739d0383,1.25,1.75,1.25,0.75,0.75,1,1,0.95,1,1,1,0.35,0.75,1,11,1,0,0,1,0,0,50,25,0,1674,33.48,0,1,0,0,0.02,0.5,0.25,1,0.3,False,False,False,False,False,True
g547_fulltheta_smoke_00000190,new_g547_fulltheta_counterfactual_update_probe_solver_row,True,True,maze-32-32-4|50|666|25|0|14650fb0739d0383,maze-32-32-4|a50|s666|it0|g547_fulltheta_smoke_maze_32_32_4_a50_s666_b1000,additive_ltm,repair5g59_additive_fallback,repair5g59_additive_fallback,baseline,maze-32-32-4,maze,50,666,1000,0,False,False,,,2016,144.8775,1,0,2076,,,False,,True,35049bacad216c02,alpha_commit=1|alpha_block=1|alpha_wait_spillover=1|rho_decay=1|force_additive=1|enable_dual_channel=0|alpha_cong_commit_progress=0|alpha_cong_commit_nonprogress=1|alpha_cong_block=1|alpha_cong_wait_progress=1|alpha_cong_wait_nonprogress=1|alpha_flow_commit_progress=0|alpha_flow_wait_progress=0|rho_cong_decay=1|rho_flow_decay=1|lambda_cong=1|lambda_flow=0|min_edge_cost=0.25|max_edge_cost=11|goal_projection_mode=none|flow_shield_beta=0|max_flow_shield=0,14650fb0739d0383,0,1,1,1,1,0,0,1,1,1,0,0,0.25,0.25,11,0,0,1,1,0,0,50,25,0,2076,41.52,0,1,0,0,0.02,0.5,0.25,1,0.3,False,False,False,False,False,True
g547_fulltheta_smoke_00000191,new_g547_fulltheta_counterfactual_update_probe_solver_row,True,True,maze-32-32-4|50|666|25|0|14650fb0739d0383,maze-32-32-4|a50|s666|it0|g547_fulltheta_smoke_maze_32_32_4_a50_s666_b1000,static_flow_shield,repair5g59_static_flow_shield,repair5g59_static_flow_shield,baseline,maze-32-32-4,maze,50,666,1000,0,False,False,,,2016,221.6006,1,0,2076,,,False,,True,29737bed70c56f0d,alpha_commit=1.25|alpha_block=1.25|alpha_wait_spillover=0.75|rho_decay=0.94999999999999996|force_additive=0|enable_dual_channel=1|alpha_cong_commit_progress=1.25|alpha_cong_commit_nonprogress=1.25|alpha_cong_block=1.25|alpha_cong_wait_progress=0.75|alpha_cong_wait_nonprogress=0.75|alpha_flow_commit_progress=1|alpha_flow_wait_progress=0|rho_cong_decay=0.94999999999999996|rho_flow_decay=1|lambda_cong=1|lambda_flow=0|min_edge_cost=1|max_edge_cost=11|goal_projection_mode=flow_shield|flow_shield_beta=0.34999999999999998|max_flow_shield=0.75,14650fb0739d0383,1.25,1.25,1.25,0.75,0.75,1,1,0.95,1,1,1,0.35,0.75,1,11,1,0,0,1,0,0,50,25,0,2076,41.52,0,1,0,0,0.02,0.5,0.25,1,0.3,False,False,False,False,False,True
g547_fulltheta_smoke_00000192,new_g547_fulltheta_counterfactual_update_probe_solver_row,True,True,maze-32-32-4|50|666|25|0|14650fb0739d0383,maze-32-32-4|a50|s666|it0|g547_fulltheta_smoke_maze_32_32_4_a50_s666_b1000,frozen_family_static_goal_aware,repair5g59_high_beta_cap_safe,repair5g59_high_beta_cap_safe,baseline,maze-32-32-4,maze,50,666,1000,0,False,False,,,2016,229.3574,1,0,2076,,,False,,True,fbcf27bf34de68c,alpha_commit=1.25|alpha_block=1.25|alpha_wait_spillover=0.75|rho_decay=0.94999999999999996|force_additive=0|enable_dual_channel=1|alpha_cong_commit_progress=1.25|alpha_cong_commit_nonprogress=1.25|alpha_cong_block=1.25|alpha_cong_wait_progress=0.75|alpha_cong_wait_nonprogress=0.75|alpha_flow_commit_progress=1|alpha_flow_wait_progress=0|rho_cong_decay=0.94999999999999996|rho_flow_decay=1|lambda_cong=1|lambda_flow=0|min_edge_cost=1|max_edge_cost=11|goal_projection_mode=flow_shield|flow_shield_beta=0.59999999999999998|max_flow_shield=0.75,14650fb0739d0383,1.25,1.25,1.25,0.75,0.75,1,1,0.95,1,1,1,0.6,0.75,1,11,1,0,0,1,0,0,50,25,0,2076,41.52,0,1,0,0,0.02,0.5,0.25,1,0.3,False,False,False,False,False,True
g547_fulltheta_smoke_00000193,new_g547_fulltheta_counterfactual_update_probe_solver_row,True,True,maze-32-32-4|50|666|25|0|14650fb0739d0383,maze-32-32-4|a50|s666|it0|g547_fulltheta_smoke_maze_32_32_4_a50_s666_b1000,generated_theta::repair5g547_theta_000001,repair5g547_theta_000001,repair5g547_theta_000001,fulltheta_smoke::all_fields_reference,maze-32-32-4,maze,50,666,1000,0,False,False,,,2016,238.6117,1,0,2076,,,False,,True,e30a75611aecfe79,alpha_commit=1.25|alpha_block=1.25|alpha_wait_spillover=0.75|rho_decay=0.94999999999999996|force_additive=0|enable_dual_channel=1|alpha_cong_commit_progress=1.25|alpha_cong_commit_nonprogress=1.25|alpha_cong_block=1.25|alpha_cong_wait_progress=0.75|alpha_cong_wait_nonprogress=0.75|alpha_flow_commit_progress=1|alpha_flow_wait_progress=1|rho_cong_decay=0.94999999999999996|rho_flow_decay=1|lambda_cong=1|lambda_flow=1|min_edge_cost=1|max_edge_cost=11|goal_projection_mode=flow_shield|flow_shield_beta=0.34999999999999998|max_flow_shield=0.75,14650fb0739d0383,1.25,1.25,1.25,0.75,0.75,1,1,0.95,1,1,1,0.35,0.75,1,11,1,0,0,1,0,0,50,25,0,2076,41.52,0,1,0,0,0.02,0.5,0.25,1,0.3,False,False,False,False,False,True
g547_fulltheta_smoke_00000194,new_g547_fulltheta_counterfactual_update_probe_solver_row,True,True,maze-32-32-4|50|666|25|0|14650fb0739d0383,maze-32-32-4|a50|s666|it0|g547_fulltheta_smoke_maze_32_32_4_a50_s666_b1000,generated_theta::repair5g547_theta_000002,repair5g547_theta_000002,repair5g547_theta_000002,fulltheta_smoke::theta_lambda_flow,maze-32-32-4,maze,50,666,1000,0,False,False,,,2016,225.9618,1,0,2076,,,False,,True,a4814b677c6d1180,alpha_commit=1.25|alpha_block=1.25|alpha_wait_spillover=0.75|rho_decay=0.94999999999999996|force_additive=0|enable_dual_channel=1|alpha_cong_commit_progress=1.25|alpha_cong_commit_nonprogress=1.25|alpha_cong_block=1.25|alpha_cong_wait_progress=0.75|alpha_cong_wait_nonprogress=0.75|alpha_flow_commit_progress=1|alpha_flow_wait_progress=1|rho_cong_decay=0.94999999999999996|rho_flow_decay=1|lambda_cong=1|lambda_flow=0.10000000000000001|min_edge_cost=1|max_edge_cost=11|goal_projection_mode=flow_shield|flow_shield_beta=0.34999999999999998|max_flow_shield=0.75,14650fb0739d0383,1.25,1.25,1.25,0.75,0.75,1,1,0.95,1,1,0.1,0.35,0.75,1,11,1,0,0,1,0,0,50,25,0,2076,41.52,0,1,0,0,0.02,0.5,0.25,1,0.3,False,False,False,False,False,True
g547_fulltheta_smoke_00000195,new_g547_fulltheta_counterfactual_update_probe_solver_row,True,True,maze-32-32-4|50|666|25|0|14650fb0739d0383,maze-32-32-4|a50|s666|it0|g547_fulltheta_smoke_maze_32_32_4_a50_s666_b1000,generated_theta::repair5g547_theta_000003,repair5g547_theta_000003,repair5g547_theta_000003,fulltheta_smoke::theta_lambda_flow,maze-32-32-4,maze,50,666,1000,0,False,False,,,2016,227.8541,1,0,2076,,,False,,True,8584e99b6c1a5647,alpha_commit=1.25|alpha_block=1.25|alpha_wait_spillover=0.75|rho_decay=0.94999999999999996|force_additive=0|enable_dual_channel=1|alpha_cong_commit_progress=1.25|alpha_cong_commit_nonprogress=1.25|alpha_cong_block=1.25|alpha_cong_wait_progress=0.75|alpha_cong_wait_nonprogress=0.75|alpha_flow_commit_progress=1|alpha_flow_wait_progress=1|rho_cong_decay=0.94999999999999996|rho_flow_decay=1|lambda_cong=1|lambda_flow=1.3999999999999999|min_edge_cost=1|max_edge_cost=11|goal_projection_mode=flow_shield|flow_shield_beta=0.34999999999999998|max_flow_shield=0.75,14650fb0739d0383,1.25,1.25,1.25,0.75,0.75,1,1,0.95,1,1,1.4,0.35,0.75,1,11,1,0,0,1,0,0,50,25,0,2076,41.52,0,1,0,0,0.02,0.5,0.25,1,0.3,False,False,False,False,False,True
g547_fulltheta_smoke_00000196,new_g547_fulltheta_counterfactual_update_probe_solver_row,True,True,maze-32-32-4|50|666|25|0|14650fb0739d0383,maze-32-32-4|a50|s666|it0|g547_fulltheta_smoke_maze_32_32_4_a50_s666_b1000,generated_theta::repair5g547_theta_000004,repair5g547_theta_000004,repair5g547_theta_000004,fulltheta_smoke::theta_lambda_cong,maze-32-32-4,maze,50,666,1000,0,False,False,,,2016,229.7704,1,0,2076,,,False,,True,b5442e0c6c6741b0,alpha_commit=1.25|alpha_block=1.25|alpha_wait_spillover=0.75|rho_decay=0.94999999999999996|force_additive=0|enable_dual_channel=1|alpha_cong_commit_progress=1.25|alpha_cong_commit_nonprogress=1.25|alpha_cong_block=1.25|alpha_cong_wait_progress=0.75|alpha_cong_wait_nonprogress=0.75|alpha_flow_commit_progress=1|alpha_flow_wait_progress=1|rho_cong_decay=0.94999999999999996|rho_flow_decay=1|lambda_cong=0.59999999999999998|lambda_flow=1|min_edge_cost=1|max_edge_cost=11|goal_projection_mode=flow_shield|flow_shield_beta=0.34999999999999998|max_flow_shield=0.75,14650fb0739d0383,1.25,1.25,1.25,0.75,0.75,1,1,0.95,1,0.6,1,0.35,0.75,1,11,1,0,0,1,0,0,50,25,0,2076,41.52,0,1,0,0,0.02,0.5,0.25,1,0.3,False,False,False,False,False,True
g547_fulltheta_smoke_00000197,new_g547_fulltheta_counterfactual_update_probe_solver_row,True,True,maze-32-32-4|50|666|25|0|14650fb0739d0383,maze-32-32-4|a50|s666|it0|g547_fulltheta_smoke_maze_32_32_4_a50_s666_b1000,generated_theta::repair5g547_theta_000005,repair5g547_theta_000005,repair5g547_theta_000005,fulltheta_smoke::theta_lambda_cong,maze-32-32-4,maze,50,666,1000,0,False,False,,,2016,232.0821,1,0,2076,,,False,,True,77f3f55aa954d3f,alpha_commit=1.25|alpha_block=1.25|alpha_wait_spillover=0.75|rho_decay=0.94999999999999996|force_additive=0|enable_dual_channel=1|alpha_cong_commit_progress=1.25|alpha_cong_commit_nonprogress=1.25|alpha_cong_block=1.25|alpha_cong_wait_progress=0.75|alpha_cong_wait_nonprogress=0.75|alpha_flow_commit_progress=1|alpha_flow_wait_progress=1|rho_cong_decay=0.94999999999999996|rho_flow_decay=1|lambda_cong=1.3999999999999999|lambda_flow=1|min_edge_cost=1|max_edge_cost=11|goal_projection_mode=flow_shield|flow_shield_beta=0.34999999999999998|max_flow_shield=0.75,14650fb0739d0383,1.25,1.25,1.25,0.75,0.75,1,1,0.95,1,1.4,1,0.35,0.75,1,11,1,0,0,1,0,0,50,25,0,2076,41.52,0,1,0,0,0.02,0.5,0.25,1,0.3,False,False,False,False,False,True
g547_fulltheta_smoke_00000198,new_g547_fulltheta_counterfactual_update_probe_solver_row,True,True,maze-32-32-4|50|666|25|0|14650fb0739d0383,maze-32-32-4|a50|s666|it0|g547_fulltheta_smoke_maze_32_32_4_a50_s666_b1000,generated_theta::repair5g547_theta_000006,repair5g547_theta_000006,repair5g547_theta_000006,fulltheta_smoke::theta_alpha_flow_wait_progress,maze-32-32-4,maze,50,666,1000,0,False,False,,,2016,268.7424,1,0,2076,,,False,,True,29c4ecda70affb5a,alpha_commit=1.25|alpha_block=1.25|alpha_wait_spillover=0.75|rho_decay=0.94999999999999996|force_additive=0|enable_dual_channel=1|alpha_cong_commit_progress=1.25|alpha_cong_commit_nonprogress=1.25|alpha_cong_block=1.25|alpha_cong_wait_progress=0.75|alpha_cong_wait_nonprogress=0.75|alpha_flow_commit_progress=1|alpha_flow_wait_progress=0|rho_cong_decay=0.94999999999999996|rho_flow_decay=1|lambda_cong=1|lambda_flow=1|min_edge_cost=1|max_edge_cost=11|goal_projection_mode=flow_shield|flow_shield_beta=0.34999999999999998|max_flow_shield=0.75,14650fb0739d0383,1.25,1.25,1.25,0.75,0.75,1,0,0.95,1,1,1,0.35,0.75,1,11,1,0,0,1,0,0,50,25,0,2076,41.52,0,1,0,0,0.02,0.5,0.25,1,0.3,False,False,False,False,False,True
g547_fulltheta_smoke_00000199,new_g547_fulltheta_counterfactual_update_probe_solver_row,True,True,maze-32-32-4|50|666|25|0|14650fb0739d0383,maze-32-32-4|a50|s666|it0|g547_fulltheta_smoke_maze_32_32_4_a50_s666_b1000,generated_theta::repair5g547_theta_000007,repair5g547_theta_000007,repair5g547_theta_000007,fulltheta_smoke::theta_alpha_flow_wait_progress,maze-32-32-4,maze,50,666,1000,0,False,False,,,2016,235.5422,1,0,2076,,,False,,True,b5a183b18079a70d,alpha_commit=1.25|alpha_block=1.25|alpha_wait_spillover=0.75|rho_decay=0.94999999999999996|force_additive=0|enable_dual_channel=1|alpha_cong_commit_progress=1.25|alpha_cong_commit_nonprogress=1.25|alpha_cong_block=1.25|alpha_cong_wait_progress=0.75|alpha_cong_wait_nonprogress=0.75|alpha_flow_commit_progress=1|alpha_flow_wait_progress=1.2|rho_cong_decay=0.94999999999999996|rho_flow_decay=1|lambda_cong=1|lambda_flow=1|min_edge_cost=1|max_edge_cost=11|goal_projection_mode=flow_shield|flow_shield_beta=0.34999999999999998|max_flow_shield=0.75,14650fb0739d0383,1.25,1.25,1.25,0.75,0.75,1,1.2,0.95,1,1,1,0.35,0.75,1,11,1,0,0,1,0,0,50,25,0,2076,41.52,0,1,0,0,0.02,0.5,0.25,1,0.3,False,False,False,False,False,True
g547_fulltheta_smoke_00000200,new_g547_fulltheta_counterfactual_update_probe_solver_row,True,True,maze-32-32-4|50|666|25|0|14650fb0739d0383,maze-32-32-4|a50|s666|it0|g547_fulltheta_smoke_maze_32_32_4_a50_s666_b1000,generated_theta::repair5g547_theta_000008,repair5g547_theta_000008,repair5g547_theta_000008,fulltheta_smoke::theta_min_edge_cost,maze-32-32-4,maze,50,666,1000,0,False,False,,,2016,235.1241,1,0,2076,,,False,,True,ef8f0d160cc2a725,alpha_commit=1.25|alpha_block=1.25|alpha_wait_spillover=0.75|rho_decay=0.94999999999999996|force_additive=0|enable_dual_channel=1|alpha_cong_commit_progress=1.25|alpha_cong_commit_nonprogress=1.25|alpha_cong_block=1.25|alpha_cong_wait_progress=0.75|alpha_cong_wait_nonprogress=0.75|alpha_flow_commit_progress=1|alpha_flow_wait_progress=1|rho_cong_decay=0.94999999999999996|rho_flow_decay=1|lambda_cong=1|lambda_flow=1|min_edge_cost=0.25|max_edge_cost=11|goal_projection_mode=flow_shield|flow_shield_beta=0.34999999999999998|max_flow_shield=0.75,14650fb0739d0383,1.25,1.25,1.25,0.75,0.75,1,1,0.95,1,1,1,0.35,0.75,0.25,11,1,0,0,1,0,0,50,25,0,2076,41.52,0,1,0,0,0.02,0.5,0.25,1,0.3,False,False,False,False,False,True
g547_fulltheta_smoke_00000201,new_g547_fulltheta_counterfactual_update_probe_solver_row,True,True,maze-32-32-4|50|666|25|0|14650fb0739d0383,maze-32-32-4|a50|s666|it0|g547_fulltheta_smoke_maze_32_32_4_a50_s666_b1000,generated_theta::repair5g547_theta_000009,repair5g547_theta_000009,repair5g547_theta_000009,fulltheta_smoke::theta_min_edge_cost,maze-32-32-4,maze,50,666,1000,0,False,False,,,2016,335.0367,1,0,2076,,,False,,True,e30a75611aecfe79,alpha_commit=1.25|alpha_block=1.25|alpha_wait_spillover=0.75|rho_decay=0.94999999999999996|force_additive=0|enable_dual_channel=1|alpha_cong_commit_progress=1.25|alpha_cong_commit_nonprogress=1.25|alpha_cong_block=1.25|alpha_cong_wait_progress=0.75|alpha_cong_wait_nonprogress=0.75|alpha_flow_commit_progress=1|alpha_flow_wait_progress=1|rho_cong_decay=0.94999999999999996|rho_flow_decay=1|lambda_cong=1|lambda_flow=1|min_edge_cost=1|max_edge_cost=11|goal_projection_mode=flow_shield|flow_shield_beta=0.34999999999999998|max_flow_shield=0.75,14650fb0739d0383,1.25,1.25,1.25,0.75,0.75,1,1,0.95,1,1,1,0.35,0.75,1,11,1,0,0,1,0,0,50,25,0,2076,41.52,0,1,0,0,0.02,0.5,0.25,1,0.3,False,False,False,False,False,True
g547_fulltheta_smoke_00000202,new_g547_fulltheta_counterfactual_update_probe_solver_row,True,True,maze-32-32-4|50|666|25|0|14650fb0739d0383,maze-32-32-4|a50|s666|it0|g547_fulltheta_smoke_maze_32_32_4_a50_s666_b1000,generated_theta::repair5g547_theta_000010,repair5g547_theta_000010,repair5g547_theta_000010,fulltheta_smoke::theta_max_edge_cost,maze-32-32-4,maze,50,666,1000,0,False,False,,,2016,323.8321,1,0,2076,,,False,,True,7a35172bbc1b94cb,alpha_commit=1.25|alpha_block=1.25|alpha_wait_spillover=0.75|rho_decay=0.94999999999999996|force_additive=0|enable_dual_channel=1|alpha_cong_commit_progress=1.25|alpha_cong_commit_nonprogress=1.25|alpha_cong_block=1.25|alpha_cong_wait_progress=0.75|alpha_cong_wait_nonprogress=0.75|alpha_flow_commit_progress=1|alpha_flow_wait_progress=1|rho_cong_decay=0.94999999999999996|rho_flow_decay=1|lambda_cong=1|lambda_flow=1|min_edge_cost=1|max_edge_cost=8|goal_projection_mode=flow_shield|flow_shield_beta=0.34999999999999998|max_flow_shield=0.75,14650fb0739d0383,1.25,1.25,1.25,0.75,0.75,1,1,0.95,1,1,1,0.35,0.75,1,8,1,0,0,1,0,0,50,25,0,2076,41.52,0,1,0,0,0.02,0.5,0.25,1,0.3,False,False,False,False,False,True
g547_fulltheta_smoke_00000203,new_g547_fulltheta_counterfactual_update_probe_solver_row,True,True,maze-32-32-4|50|666|25|0|14650fb0739d0383,maze-32-32-4|a50|s666|it0|g547_fulltheta_smoke_maze_32_32_4_a50_s666_b1000,generated_theta::repair5g547_theta_000011,repair5g547_theta_000011,repair5g547_theta_000011,fulltheta_smoke::theta_max_edge_cost,maze-32-32-4,maze,50,666,1000,0,False,False,,,2016,317.2652,1,0,2076,,,False,,True,35d66dc1ec012cc6,alpha_commit=1.25|alpha_block=1.25|alpha_wait_spillover=0.75|rho_decay=0.94999999999999996|force_additive=0|enable_dual_channel=1|alpha_cong_commit_progress=1.25|alpha_cong_commit_nonprogress=1.25|alpha_cong_block=1.25|alpha_cong_wait_progress=0.75|alpha_cong_wait_nonprogress=0.75|alpha_flow_commit_progress=1|alpha_flow_wait_progress=1|rho_cong_decay=0.94999999999999996|rho_flow_decay=1|lambda_cong=1|lambda_flow=1|min_edge_cost=1|max_edge_cost=12|goal_projection_mode=flow_shield|flow_shield_beta=0.34999999999999998|max_flow_shield=0.75,14650fb0739d0383,1.25,1.25,1.25,0.75,0.75,1,1,0.95,1,1,1,0.35,0.75,1,12,1,0,0,1,0,0,50,25,0,2076,41.52,0,1,0,0,0.02,0.5,0.25,1,0.3,False,False,False,False,False,True
g547_fulltheta_smoke_00000204,new_g547_fulltheta_counterfactual_update_probe_solver_row,True,True,maze-32-32-4|50|666|25|0|14650fb0739d0383,maze-32-32-4|a50|s666|it0|g547_fulltheta_smoke_maze_32_32_4_a50_s666_b1000,generated_theta::repair5g547_theta_000012,repair5g547_theta_000012,repair5g547_theta_000012,fulltheta_smoke::goal_projection_mode,maze-32-32-4,maze,50,666,1000,0,False,False,,,2016,336.7724,1,0,2076,,,False,,True,e30a75611aecfe79,alpha_commit=1.25|alpha_block=1.25|alpha_wait_spillover=0.75|rho_decay=0.94999999999999996|force_additive=0|enable_dual_channel=1|alpha_cong_commit_progress=1.25|alpha_cong_commit_nonprogress=1.25|alpha_cong_block=1.25|alpha_cong_wait_progress=0.75|alpha_cong_wait_nonprogress=0.75|alpha_flow_commit_progress=1|alpha_flow_wait_progress=1|rho_cong_decay=0.94999999999999996|rho_flow_decay=1|lambda_cong=1|lambda_flow=1|min_edge_cost=1|max_edge_cost=11|goal_projection_mode=flow_shield|flow_shield_beta=0.34999999999999998|max_flow_shield=0.75,14650fb0739d0383,1.25,1.25,1.25,0.75,0.75,1,1,0.95,1,1,1,0.35,0.75,1,11,1,0,0,1,0,0,50,25,0,2076,41.52,0,1,0,0,0.02,0.5,0.25,1,0.3,False,False,False,False,False,True
g547_fulltheta_smoke_00000205,new_g547_fulltheta_counterfactual_update_probe_solver_row,True,True,maze-32-32-4|50|666|25|0|14650fb0739d0383,maze-32-32-4|a50|s666|it0|g547_fulltheta_smoke_maze_32_32_4_a50_s666_b1000,generated_theta::repair5g547_theta_000013,repair5g547_theta_000013,repair5g547_theta_000013,fulltheta_smoke::goal_projection_mode,maze-32-32-4,maze,50,666,1000,0,False,False,,,2016,307.052,1,0,2076,,,False,,True,562c13d7a176a2bc,alpha_commit=1.25|alpha_block=1.25|alpha_wait_spillover=0.75|rho_decay=0.94999999999999996|force_additive=0|enable_dual_channel=1|alpha_cong_commit_progress=1.25|alpha_cong_commit_nonprogress=1.25|alpha_cong_block=1.25|alpha_cong_wait_progress=0.75|alpha_cong_wait_nonprogress=0.75|alpha_flow_commit_progress=1|alpha_flow_wait_progress=1|rho_cong_decay=0.94999999999999996|rho_flow_decay=1|lambda_cong=1|lambda_flow=1|min_edge_cost=1|max_edge_cost=11|goal_projection_mode=agent_progress|flow_shield_beta=0.34999999999999998|max_flow_shield=0.75,14650fb0739d0383,1.25,1.25,1.25,0.75,0.75,1,1,0.95,1,1,1,0.35,0.75,1,11,0,1,0,1,0,0,50,25,0,2076,41.52,0,1,0,0,0.02,0.5,0.25,1,0.3,False,False,False,False,False,True
g547_fulltheta_smoke_00000206,new_g547_fulltheta_counterfactual_update_probe_solver_row,True,True,maze-32-32-4|50|666|25|0|14650fb0739d0383,maze-32-32-4|a50|s666|it0|g547_fulltheta_smoke_maze_32_32_4_a50_s666_b1000,generated_theta::repair5g547_theta_000014,repair5g547_theta_000014,repair5g547_theta_000014,fulltheta_smoke::goal_projection_mode,maze-32-32-4,maze,50,666,1000,0,False,False,,,2016,242.8305,1,0,2076,,,False,,True,b96f092bbcb39893,alpha_commit=1.25|alpha_block=1.25|alpha_wait_spillover=0.75|rho_decay=0.94999999999999996|force_additive=0|enable_dual_channel=1|alpha_cong_commit_progress=1.25|alpha_cong_commit_nonprogress=1.25|alpha_cong_block=1.25|alpha_cong_wait_progress=0.75|alpha_cong_wait_nonprogress=0.75|alpha_flow_commit_progress=1|alpha_flow_wait_progress=1|rho_cong_decay=0.94999999999999996|rho_flow_decay=1|lambda_cong=1|lambda_flow=1|min_edge_cost=1|max_edge_cost=11|goal_projection_mode=none|flow_shield_beta=0.34999999999999998|max_flow_shield=0.75,14650fb0739d0383,1.25,1.25,1.25,0.75,0.75,1,1,0.95,1,1,1,0.35,0.75,1,11,0,0,1,1,0,0,50,25,0,2076,41.52,0,1,0,0,0.02,0.5,0.25,1,0.3,False,False,False,False,False,True
g547_fulltheta_smoke_00000207,new_g547_fulltheta_counterfactual_update_probe_solver_row,True,True,maze-32-32-4|50|666|25|0|14650fb0739d0383,maze-32-32-4|a50|s666|it0|g547_fulltheta_smoke_maze_32_32_4_a50_s666_b1000,generated_theta::repair5g547_theta_000015,repair5g547_theta_000015,repair5g547_theta_000015,fulltheta_smoke::theta_alpha_cong_commit_nonprogress,maze-32-32-4,maze,50,666,1000,0,False,False,,,2016,269.9893,1,0,2076,,,False,,True,95eced852605b4c7,alpha_commit=0.5|alpha_block=1.25|alpha_wait_spillover=0.75|rho_decay=0.94999999999999996|force_additive=0|enable_dual_channel=1|alpha_cong_commit_progress=1.25|alpha_cong_commit_nonprogress=0.5|alpha_cong_block=1.25|alpha_cong_wait_progress=0.75|alpha_cong_wait_nonprogress=0.75|alpha_flow_commit_progress=1|alpha_flow_wait_progress=1|rho_cong_decay=0.94999999999999996|rho_flow_decay=1|lambda_cong=1|lambda_flow=1|min_edge_cost=1|max_edge_cost=11|goal_projection_mode=flow_shield|flow_shield_beta=0.34999999999999998|max_flow_shield=0.75,14650fb0739d0383,1.25,0.5,1.25,0.75,0.75,1,1,0.95,1,1,1,0.35,0.75,1,11,1,0,0,1,0,0,50,25,0,2076,41.52,0,1,0,0,0.02,0.5,0.25,1,0.3,False,False,False,False,False,True
g547_fulltheta_smoke_00000208,new_g547_fulltheta_counterfactual_update_probe_solver_row,True,True,maze-32-32-4|50|666|25|0|14650fb0739d0383,maze-32-32-4|a50|s666|it0|g547_fulltheta_smoke_maze_32_32_4_a50_s666_b1000,generated_theta::repair5g547_theta_000016,repair5g547_theta_000016,repair5g547_theta_000016,fulltheta_smoke::theta_alpha_cong_commit_nonprogress,maze-32-32-4,maze,50,666,1000,0,False,False,,,2016,318.9396,1,0,2076,,,False,,True,2a15243280de3947,alpha_commit=1.75|alpha_block=1.25|alpha_wait_spillover=0.75|rho_decay=0.94999999999999996|force_additive=0|enable_dual_channel=1|alpha_cong_commit_progress=1.25|alpha_cong_commit_nonprogress=1.75|alpha_cong_block=1.25|alpha_cong_wait_progress=0.75|alpha_cong_wait_nonprogress=0.75|alpha_flow_commit_progress=1|alpha_flow_wait_progress=1|rho_cong_decay=0.94999999999999996|rho_flow_decay=1|lambda_cong=1|lambda_flow=1|min_edge_cost=1|max_edge_cost=11|goal_projection_mode=flow_shield|flow_shield_beta=0.34999999999999998|max_flow_shield=0.75,14650fb0739d0383,1.25,1.75,1.25,0.75,0.75,1,1,0.95,1,1,1,0.35,0.75,1,11,1,0,0,1,0,0,50,25,0,2076,41.52,0,1,0,0,0.02,0.5,0.25,1,0.3,False,False,False,False,False,True
g547_fulltheta_smoke_00000209,new_g547_fulltheta_counterfactual_update_probe_solver_row,True,True,maze-32-32-4|50|666|25|0|14650fb0739d0383,maze-32-32-4|a50|s666|it0|g547_fulltheta_smoke_maze_32_32_4_a50_s666_b2000,additive_ltm,repair5g59_additive_fallback,repair5g59_additive_fallback,baseline,maze-32-32-4,maze,50,666,2000,0,False,False,,,2016,149.0925,1,0,1853,,,False,,True,35049bacad216c02,alpha_commit=1|alpha_block=1|alpha_wait_spillover=1|rho_decay=1|force_additive=1|enable_dual_channel=0|alpha_cong_commit_progress=0|alpha_cong_commit_nonprogress=1|alpha_cong_block=1|alpha_cong_wait_progress=1|alpha_cong_wait_nonprogress=1|alpha_flow_commit_progress=0|alpha_flow_wait_progress=0|rho_cong_decay=1|rho_flow_decay=1|lambda_cong=1|lambda_flow=0|min_edge_cost=0.25|max_edge_cost=11|goal_projection_mode=none|flow_shield_beta=0|max_flow_shield=0,14650fb0739d0383,0,1,1,1,1,0,0,1,1,1,0,0,0.25,0.25,11,0,0,1,1,0,0,50,25,0,1853,37.06,0,1,0,0,0.02,0.5,0.25,1,0.3,False,False,False,False,False,True
g547_fulltheta_smoke_00000210,new_g547_fulltheta_counterfactual_update_probe_solver_row,True,True,maze-32-32-4|50|666|25|0|14650fb0739d0383,maze-32-32-4|a50|s666|it0|g547_fulltheta_smoke_maze_32_32_4_a50_s666_b2000,static_flow_shield,repair5g59_static_flow_shield,repair5g59_static_flow_shield,baseline,maze-32-32-4,maze,50,666,2000,0,False,False,,,2016,234.2248,1,0,1853,,,False,,True,29737bed70c56f0d,alpha_commit=1.25|alpha_block=1.25|alpha_wait_spillover=0.75|rho_decay=0.94999999999999996|force_additive=0|enable_dual_channel=1|alpha_cong_commit_progress=1.25|alpha_cong_commit_nonprogress=1.25|alpha_cong_block=1.25|alpha_cong_wait_progress=0.75|alpha_cong_wait_nonprogress=0.75|alpha_flow_commit_progress=1|alpha_flow_wait_progress=0|rho_cong_decay=0.94999999999999996|rho_flow_decay=1|lambda_cong=1|lambda_flow=0|min_edge_cost=1|max_edge_cost=11|goal_projection_mode=flow_shield|flow_shield_beta=0.34999999999999998|max_flow_shield=0.75,14650fb0739d0383,1.25,1.25,1.25,0.75,0.75,1,1,0.95,1,1,1,0.35,0.75,1,11,1,0,0,1,0,0,50,25,0,1853,37.06,0,1,0,0,0.02,0.5,0.25,1,0.3,False,False,False,False,False,True
g547_fulltheta_smoke_00000211,new_g547_fulltheta_counterfactual_update_probe_solver_row,True,True,maze-32-32-4|50|666|25|0|14650fb0739d0383,maze-32-32-4|a50|s666|it0|g547_fulltheta_smoke_maze_32_32_4_a50_s666_b2000,frozen_family_static_goal_aware,repair5g59_high_beta_cap_safe,repair5g59_high_beta_cap_safe,baseline,maze-32-32-4,maze,50,666,2000,0,False,False,,,2016,238.0512,1,0,1853,,,False,,True,fbcf27bf34de68c,alpha_commit=1.25|alpha_block=1.25|alpha_wait_spillover=0.75|rho_decay=0.94999999999999996|force_additive=0|enable_dual_channel=1|alpha_cong_commit_progress=1.25|alpha_cong_commit_nonprogress=1.25|alpha_cong_block=1.25|alpha_cong_wait_progress=0.75|alpha_cong_wait_nonprogress=0.75|alpha_flow_commit_progress=1|alpha_flow_wait_progress=0|rho_cong_decay=0.94999999999999996|rho_flow_decay=1|lambda_cong=1|lambda_flow=0|min_edge_cost=1|max_edge_cost=11|goal_projection_mode=flow_shield|flow_shield_beta=0.59999999999999998|max_flow_shield=0.75,14650fb0739d0383,1.25,1.25,1.25,0.75,0.75,1,1,0.95,1,1,1,0.6,0.75,1,11,1,0,0,1,0,0,50,25,0,1853,37.06,0,1,0,0,0.02,0.5,0.25,1,0.3,False,False,False,False,False,True
g547_fulltheta_smoke_00000212,new_g547_fulltheta_counterfactual_update_probe_solver_row,True,True,maze-32-32-4|50|666|25|0|14650fb0739d0383,maze-32-32-4|a50|s666|it0|g547_fulltheta_smoke_maze_32_32_4_a50_s666_b2000,generated_theta::repair5g547_theta_000001,repair5g547_theta_000001,repair5g547_theta_000001,fulltheta_smoke::all_fields_reference,maze-32-32-4,maze,50,666,2000,0,False,False,,,2016,239.2868,1,0,1853,,,False,,True,e30a75611aecfe79,alpha_commit=1.25|alpha_block=1.25|alpha_wait_spillover=0.75|rho_decay=0.94999999999999996|force_additive=0|enable_dual_channel=1|alpha_cong_commit_progress=1.25|alpha_cong_commit_nonprogress=1.25|alpha_cong_block=1.25|alpha_cong_wait_progress=0.75|alpha_cong_wait_nonprogress=0.75|alpha_flow_commit_progress=1|alpha_flow_wait_progress=1|rho_cong_decay=0.94999999999999996|rho_flow_decay=1|lambda_cong=1|lambda_flow=1|min_edge_cost=1|max_edge_cost=11|goal_projection_mode=flow_shield|flow_shield_beta=0.34999999999999998|max_flow_shield=0.75,14650fb0739d0383,1.25,1.25,1.25,0.75,0.75,1,1,0.95,1,1,1,0.35,0.75,1,11,1,0,0,1,0,0,50,25,0,1853,37.06,0,1,0,0,0.02,0.5,0.25,1,0.3,False,False,False,False,False,True
g547_fulltheta_smoke_00000213,new_g547_fulltheta_counterfactual_update_probe_solver_row,True,True,maze-32-32-4|50|666|25|0|14650fb0739d0383,maze-32-32-4|a50|s666|it0|g547_fulltheta_smoke_maze_32_32_4_a50_s666_b2000,generated_theta::repair5g547_theta_000002,repair5g547_theta_000002,repair5g547_theta_000002,fulltheta_smoke::theta_lambda_flow,maze-32-32-4,maze,50,666,2000,0,False,False,,,2016,239.3309,1,0,1853,,,False,,True,a4814b677c6d1180,alpha_commit=1.25|alpha_block=1.25|alpha_wait_spillover=0.75|rho_decay=0.94999999999999996|force_additive=0|enable_dual_channel=1|alpha_cong_commit_progress=1.25|alpha_cong_commit_nonprogress=1.25|alpha_cong_block=1.25|alpha_cong_wait_progress=0.75|alpha_cong_wait_nonprogress=0.75|alpha_flow_commit_progress=1|alpha_flow_wait_progress=1|rho_cong_decay=0.94999999999999996|rho_flow_decay=1|lambda_cong=1|lambda_flow=0.10000000000000001|min_edge_cost=1|max_edge_cost=11|goal_projection_mode=flow_shield|flow_shield_beta=0.34999999999999998|max_flow_shield=0.75,14650fb0739d0383,1.25,1.25,1.25,0.75,0.75,1,1,0.95,1,1,0.1,0.35,0.75,1,11,1,0,0,1,0,0,50,25,0,1853,37.06,0,1,0,0,0.02,0.5,0.25,1,0.3,False,False,False,False,False,True
g547_fulltheta_smoke_00000214,new_g547_fulltheta_counterfactual_update_probe_solver_row,True,True,maze-32-32-4|50|666|25|0|14650fb0739d0383,maze-32-32-4|a50|s666|it0|g547_fulltheta_smoke_maze_32_32_4_a50_s666_b2000,generated_theta::repair5g547_theta_000003,repair5g547_theta_000003,repair5g547_theta_000003,fulltheta_smoke::theta_lambda_flow,maze-32-32-4,maze,50,666,2000,0,False,False,,,2016,226.8883,1,0,1853,,,False,,True,8584e99b6c1a5647,alpha_commit=1.25|alpha_block=1.25|alpha_wait_spillover=0.75|rho_decay=0.94999999999999996|force_additive=0|enable_dual_channel=1|alpha_cong_commit_progress=1.25|alpha_cong_commit_nonprogress=1.25|alpha_cong_block=1.25|alpha_cong_wait_progress=0.75|alpha_cong_wait_nonprogress=0.75|alpha_flow_commit_progress=1|alpha_flow_wait_progress=1|rho_cong_decay=0.94999999999999996|rho_flow_decay=1|lambda_cong=1|lambda_flow=1.3999999999999999|min_edge_cost=1|max_edge_cost=11|goal_projection_mode=flow_shield|flow_shield_beta=0.34999999999999998|max_flow_shield=0.75,14650fb0739d0383,1.25,1.25,1.25,0.75,0.75,1,1,0.95,1,1,1.4,0.35,0.75,1,11,1,0,0,1,0,0,50,25,0,1853,37.06,0,1,0,0,0.02,0.5,0.25,1,0.3,False,False,False,False,False,True
g547_fulltheta_smoke_00000215,new_g547_fulltheta_counterfactual_update_probe_solver_row,True,True,maze-32-32-4|50|666|25|0|14650fb0739d0383,maze-32-32-4|a50|s666|it0|g547_fulltheta_smoke_maze_32_32_4_a50_s666_b2000,generated_theta::repair5g547_theta_000004,repair5g547_theta_000004,repair5g547_theta_000004,fulltheta_smoke::theta_lambda_cong,maze-32-32-4,maze,50,666,2000,0,False,False,,,2016,228.7832,1,0,1853,,,False,,True,b5442e0c6c6741b0,alpha_commit=1.25|alpha_block=1.25|alpha_wait_spillover=0.75|rho_decay=0.94999999999999996|force_additive=0|enable_dual_channel=1|alpha_cong_commit_progress=1.25|alpha_cong_commit_nonprogress=1.25|alpha_cong_block=1.25|alpha_cong_wait_progress=0.75|alpha_cong_wait_nonprogress=0.75|alpha_flow_commit_progress=1|alpha_flow_wait_progress=1|rho_cong_decay=0.94999999999999996|rho_flow_decay=1|lambda_cong=0.59999999999999998|lambda_flow=1|min_edge_cost=1|max_edge_cost=11|goal_projection_mode=flow_shield|flow_shield_beta=0.34999999999999998|max_flow_shield=0.75,14650fb0739d0383,1.25,1.25,1.25,0.75,0.75,1,1,0.95,1,0.6,1,0.35,0.75,1,11,1,0,0,1,0,0,50,25,0,1853,37.06,0,1,0,0,0.02,0.5,0.25,1,0.3,False,False,False,False,False,True
g547_fulltheta_smoke_00000216,new_g547_fulltheta_counterfactual_update_probe_solver_row,True,True,maze-32-32-4|50|666|25|0|14650fb0739d0383,maze-32-32-4|a50|s666|it0|g547_fulltheta_smoke_maze_32_32_4_a50_s666_b2000,generated_theta::repair5g547_theta_000005,repair5g547_theta_000005,repair5g547_theta_000005,fulltheta_smoke::theta_lambda_cong,maze-32-32-4,maze,50,666,2000,0,False,False,,,2016,232.6265,1,0,1853,,,False,,True,77f3f55aa954d3f,alpha_commit=1.25|alpha_block=1.25|alpha_wait_spillover=0.75|rho_decay=0.94999999999999996|force_additive=0|enable_dual_channel=1|alpha_cong_commit_progress=1.25|alpha_cong_commit_nonprogress=1.25|alpha_cong_block=1.25|alpha_cong_wait_progress=0.75|alpha_cong_wait_nonprogress=0.75|alpha_flow_commit_progress=1|alpha_flow_wait_progress=1|rho_cong_decay=0.94999999999999996|rho_flow_decay=1|lambda_cong=1.3999999999999999|lambda_flow=1|min_edge_cost=1|max_edge_cost=11|goal_projection_mode=flow_shield|flow_shield_beta=0.34999999999999998|max_flow_shield=0.75,14650fb0739d0383,1.25,1.25,1.25,0.75,0.75,1,1,0.95,1,1.4,1,0.35,0.75,1,11,1,0,0,1,0,0,50,25,0,1853,37.06,0,1,0,0,0.02,0.5,0.25,1,0.3,False,False,False,False,False,True
g547_fulltheta_smoke_00000217,new_g547_fulltheta_counterfactual_update_probe_solver_row,True,True,maze-32-32-4|50|666|25|0|14650fb0739d0383,maze-32-32-4|a50|s666|it0|g547_fulltheta_smoke_maze_32_32_4_a50_s666_b2000,generated_theta::repair5g547_theta_000006,repair5g547_theta_000006,repair5g547_theta_000006,fulltheta_smoke::theta_alpha_flow_wait_progress,maze-32-32-4,maze,50,666,2000,0,False,False,,,2016,275.4058,1,0,1853,,,False,,True,29c4ecda70affb5a,alpha_commit=1.25|alpha_block=1.25|alpha_wait_spillover=0.75|rho_decay=0.94999999999999996|force_additive=0|enable_dual_channel=1|alpha_cong_commit_progress=1.25|alpha_cong_commit_nonprogress=1.25|alpha_cong_block=1.25|alpha_cong_wait_progress=0.75|alpha_cong_wait_nonprogress=0.75|alpha_flow_commit_progress=1|alpha_flow_wait_progress=0|rho_cong_decay=0.94999999999999996|rho_flow_decay=1|lambda_cong=1|lambda_flow=1|min_edge_cost=1|max_edge_cost=11|goal_projection_mode=flow_shield|flow_shield_beta=0.34999999999999998|max_flow_shield=0.75,14650fb0739d0383,1.25,1.25,1.25,0.75,0.75,1,0,0.95,1,1,1,0.35,0.75,1,11,1,0,0,1,0,0,50,25,0,1853,37.06,0,1,0,0,0.02,0.5,0.25,1,0.3,False,False,False,False,False,True
g547_fulltheta_smoke_00000218,new_g547_fulltheta_counterfactual_update_probe_solver_row,True,True,maze-32-32-4|50|666|25|0|14650fb0739d0383,maze-32-32-4|a50|s666|it0|g547_fulltheta_smoke_maze_32_32_4_a50_s666_b2000,generated_theta::repair5g547_theta_000007,repair5g547_theta_000007,repair5g547_theta_000007,fulltheta_smoke::theta_alpha_flow_wait_progress,maze-32-32-4,maze,50,666,2000,0,False,False,,,2016,309.1617,1,0,1853,,,False,,True,b5a183b18079a70d,alpha_commit=1.25|alpha_block=1.25|alpha_wait_spillover=0.75|rho_decay=0.94999999999999996|force_additive=0|enable_dual_channel=1|alpha_cong_commit_progress=1.25|alpha_cong_commit_nonprogress=1.25|alpha_cong_block=1.25|alpha_cong_wait_progress=0.75|alpha_cong_wait_nonprogress=0.75|alpha_flow_commit_progress=1|alpha_flow_wait_progress=1.2|rho_cong_decay=0.94999999999999996|rho_flow_decay=1|lambda_cong=1|lambda_flow=1|min_edge_cost=1|max_edge_cost=11|goal_projection_mode=flow_shield|flow_shield_beta=0.34999999999999998|max_flow_shield=0.75,14650fb0739d0383,1.25,1.25,1.25,0.75,0.75,1,1.2,0.95,1,1,1,0.35,0.75,1,11,1,0,0,1,0,0,50,25,0,1853,37.06,0,1,0,0,0.02,0.5,0.25,1,0.3,False,False,False,False,False,True
g547_fulltheta_smoke_00000219,new_g547_fulltheta_counterfactual_update_probe_solver_row,True,True,maze-32-32-4|50|666|25|0|14650fb0739d0383,maze-32-32-4|a50|s666|it0|g547_fulltheta_smoke_maze_32_32_4_a50_s666_b2000,generated_theta::repair5g547_theta_000008,repair5g547_theta_000008,repair5g547_theta_000008,fulltheta_smoke::theta_min_edge_cost,maze-32-32-4,maze,50,666,2000,0,False,False,,,2016,356.4305,1,0,1853,,,False,,True,ef8f0d160cc2a725,alpha_commit=1.25|alpha_block=1.25|alpha_wait_spillover=0.75|rho_decay=0.94999999999999996|force_additive=0|enable_dual_channel=1|alpha_cong_commit_progress=1.25|alpha_cong_commit_nonprogress=1.25|alpha_cong_block=1.25|alpha_cong_wait_progress=0.75|alpha_cong_wait_nonprogress=0.75|alpha_flow_commit_progress=1|alpha_flow_wait_progress=1|rho_cong_decay=0.94999999999999996|rho_flow_decay=1|lambda_cong=1|lambda_flow=1|min_edge_cost=0.25|max_edge_cost=11|goal_projection_mode=flow_shield|flow_shield_beta=0.34999999999999998|max_flow_shield=0.75,14650fb0739d0383,1.25,1.25,1.25,0.75,0.75,1,1,0.95,1,1,1,0.35,0.75,0.25,11,1,0,0,1,0,0,50,25,0,1853,37.06,0,1,0,0,0.02,0.5,0.25,1,0.3,False,False,False,False,False,True
g547_fulltheta_smoke_00000220,new_g547_fulltheta_counterfactual_update_probe_solver_row,True,True,maze-32-32-4|50|666|25|0|14650fb0739d0383,maze-32-32-4|a50|s666|it0|g547_fulltheta_smoke_maze_32_32_4_a50_s666_b2000,generated_theta::repair5g547_theta_000009,repair5g547_theta_000009,repair5g547_theta_000009,fulltheta_smoke::theta_min_edge_cost,maze-32-32-4,maze,50,666,2000,0,False,False,,,2016,350.496,1,0,1853,,,False,,True,e30a75611aecfe79,alpha_commit=1.25|alpha_block=1.25|alpha_wait_spillover=0.75|rho_decay=0.94999999999999996|force_additive=0|enable_dual_channel=1|alpha_cong_commit_progress=1.25|alpha_cong_commit_nonprogress=1.25|alpha_cong_block=1.25|alpha_cong_wait_progress=0.75|alpha_cong_wait_nonprogress=0.75|alpha_flow_commit_progress=1|alpha_flow_wait_progress=1|rho_cong_decay=0.94999999999999996|rho_flow_decay=1|lambda_cong=1|lambda_flow=1|min_edge_cost=1|max_edge_cost=11|goal_projection_mode=flow_shield|flow_shield_beta=0.34999999999999998|max_flow_shield=0.75,14650fb0739d0383,1.25,1.25,1.25,0.75,0.75,1,1,0.95,1,1,1,0.35,0.75,1,11,1,0,0,1,0,0,50,25,0,1853,37.06,0,1,0,0,0.02,0.5,0.25,1,0.3,False,False,False,False,False,True
g547_fulltheta_smoke_00000221,new_g547_fulltheta_counterfactual_update_probe_solver_row,True,True,maze-32-32-4|50|666|25|0|14650fb0739d0383,maze-32-32-4|a50|s666|it0|g547_fulltheta_smoke_maze_32_32_4_a50_s666_b2000,generated_theta::repair5g547_theta_000010,repair5g547_theta_000010,repair5g547_theta_000010,fulltheta_smoke::theta_max_edge_cost,maze-32-32-4,maze,50,666,2000,0,False,False,,,2016,337.9438,1,0,1853,,,False,,True,7a35172bbc1b94cb,alpha_commit=1.25|alpha_block=1.25|alpha_wait_spillover=0.75|rho_decay=0.94999999999999996|force_additive=0|enable_dual_channel=1|alpha_cong_commit_progress=1.25|alpha_cong_commit_nonprogress=1.25|alpha_cong_block=1.25|alpha_cong_wait_progress=0.75|alpha_cong_wait_nonprogress=0.75|alpha_flow_commit_progress=1|alpha_flow_wait_progress=1|rho_cong_decay=0.94999999999999996|rho_flow_decay=1|lambda_cong=1|lambda_flow=1|min_edge_cost=1|max_edge_cost=8|goal_projection_mode=flow_shield|flow_shield_beta=0.34999999999999998|max_flow_shield=0.75,14650fb0739d0383,1.25,1.25,1.25,0.75,0.75,1,1,0.95,1,1,1,0.35,0.75,1,8,1,0,0,1,0,0,50,25,0,1853,37.06,0,1,0,0,0.02,0.5,0.25,1,0.3,False,False,False,False,False,True
g547_fulltheta_smoke_00000222,new_g547_fulltheta_counterfactual_update_probe_solver_row,True,True,maze-32-32-4|50|666|25|0|14650fb0739d0383,maze-32-32-4|a50|s666|it0|g547_fulltheta_smoke_maze_32_32_4_a50_s666_b2000,generated_theta::repair5g547_theta_000011,repair5g547_theta_000011,repair5g547_theta_000011,fulltheta_smoke::theta_max_edge_cost,maze-32-32-4,maze,50,666,2000,0,False,False,,,2016,322.506,1,0,1853,,,False,,True,35d66dc1ec012cc6,alpha_commit=1.25|alpha_block=1.25|alpha_wait_spillover=0.75|rho_decay=0.94999999999999996|force_additive=0|enable_dual_channel=1|alpha_cong_commit_progress=1.25|alpha_cong_commit_nonprogress=1.25|alpha_cong_block=1.25|alpha_cong_wait_progress=0.75|alpha_cong_wait_nonprogress=0.75|alpha_flow_commit_progress=1|alpha_flow_wait_progress=1|rho_cong_decay=0.94999999999999996|rho_flow_decay=1|lambda_cong=1|lambda_flow=1|min_edge_cost=1|max_edge_cost=12|goal_projection_mode=flow_shield|flow_shield_beta=0.34999999999999998|max_flow_shield=0.75,14650fb0739d0383,1.25,1.25,1.25,0.75,0.75,1,1,0.95,1,1,1,0.35,0.75,1,12,1,0,0,1,0,0,50,25,0,1853,37.06,0,1,0,0,0.02,0.5,0.25,1,0.3,False,False,False,False,False,True
g547_fulltheta_smoke_00000223,new_g547_fulltheta_counterfactual_update_probe_solver_row,True,True,maze-32-32-4|50|666|25|0|14650fb0739d0383,maze-32-32-4|a50|s666|it0|g547_fulltheta_smoke_maze_32_32_4_a50_s666_b2000,generated_theta::repair5g547_theta_000012,repair5g547_theta_000012,repair5g547_theta_000012,fulltheta_smoke::goal_projection_mode,maze-32-32-4,maze,50,666,2000,0,False,False,,,2016,236.7152,1,0,1853,,,False,,True,e30a75611aecfe79,alpha_commit=1.25|alpha_block=1.25|alpha_wait_spillover=0.75|rho_decay=0.94999999999999996|force_additive=0|enable_dual_channel=1|alpha_cong_commit_progress=1.25|alpha_cong_commit_nonprogress=1.25|alpha_cong_block=1.25|alpha_cong_wait_progress=0.75|alpha_cong_wait_nonprogress=0.75|alpha_flow_commit_progress=1|alpha_flow_wait_progress=1|rho_cong_decay=0.94999999999999996|rho_flow_decay=1|lambda_cong=1|lambda_flow=1|min_edge_cost=1|max_edge_cost=11|goal_projection_mode=flow_shield|flow_shield_beta=0.34999999999999998|max_flow_shield=0.75,14650fb0739d0383,1.25,1.25,1.25,0.75,0.75,1,1,0.95,1,1,1,0.35,0.75,1,11,1,0,0,1,0,0,50,25,0,1853,37.06,0,1,0,0,0.02,0.5,0.25,1,0.3,False,False,False,False,False,True
g547_fulltheta_smoke_00000224,new_g547_fulltheta_counterfactual_update_probe_solver_row,True,True,maze-32-32-4|50|666|25|0|14650fb0739d0383,maze-32-32-4|a50|s666|it0|g547_fulltheta_smoke_maze_32_32_4_a50_s666_b2000,generated_theta::repair5g547_theta_000013,repair5g547_theta_000013,repair5g547_theta_000013,fulltheta_smoke::goal_projection_mode,maze-32-32-4,maze,50,666,2000,0,False,False,,,2016,251.2455,1,0,1853,,,False,,True,562c13d7a176a2bc,alpha_commit=1.25|alpha_block=1.25|alpha_wait_spillover=0.75|rho_decay=0.94999999999999996|force_additive=0|enable_dual_channel=1|alpha_cong_commit_progress=1.25|alpha_cong_commit_nonprogress=1.25|alpha_cong_block=1.25|alpha_cong_wait_progress=0.75|alpha_cong_wait_nonprogress=0.75|alpha_flow_commit_progress=1|alpha_flow_wait_progress=1|rho_cong_decay=0.94999999999999996|rho_flow_decay=1|lambda_cong=1|lambda_flow=1|min_edge_cost=1|max_edge_cost=11|goal_projection_mode=agent_progress|flow_shield_beta=0.34999999999999998|max_flow_shield=0.75,14650fb0739d0383,1.25,1.25,1.25,0.75,0.75,1,1,0.95,1,1,1,0.35,0.75,1,11,0,1,0,1,0,0,50,25,0,1853,37.06,0,1,0,0,0.02,0.5,0.25,1,0.3,False,False,False,False,False,True
g547_fulltheta_smoke_00000225,new_g547_fulltheta_counterfactual_update_probe_solver_row,True,True,maze-32-32-4|50|666|25|0|14650fb0739d0383,maze-32-32-4|a50|s666|it0|g547_fulltheta_smoke_maze_32_32_4_a50_s666_b2000,generated_theta::repair5g547_theta_000014,repair5g547_theta_000014,repair5g547_theta_000014,fulltheta_smoke::goal_projection_mode,maze-32-32-4,maze,50,666,2000,0,False,False,,,2016,220.9517,1,0,1853,,,False,,True,b96f092bbcb39893,alpha_commit=1.25|alpha_block=1.25|alpha_wait_spillover=0.75|rho_decay=0.94999999999999996|force_additive=0|enable_dual_channel=1|alpha_cong_commit_progress=1.25|alpha_cong_commit_nonprogress=1.25|alpha_cong_block=1.25|alpha_cong_wait_progress=0.75|alpha_cong_wait_nonprogress=0.75|alpha_flow_commit_progress=1|alpha_flow_wait_progress=1|rho_cong_decay=0.94999999999999996|rho_flow_decay=1|lambda_cong=1|lambda_flow=1|min_edge_cost=1|max_edge_cost=11|goal_projection_mode=none|flow_shield_beta=0.34999999999999998|max_flow_shield=0.75,14650fb0739d0383,1.25,1.25,1.25,0.75,0.75,1,1,0.95,1,1,1,0.35,0.75,1,11,0,0,1,1,0,0,50,25,0,1853,37.06,0,1,0,0,0.02,0.5,0.25,1,0.3,False,False,False,False,False,True
g547_fulltheta_smoke_00000226,new_g547_fulltheta_counterfactual_update_probe_solver_row,True,True,maze-32-32-4|50|666|25|0|14650fb0739d0383,maze-32-32-4|a50|s666|it0|g547_fulltheta_smoke_maze_32_32_4_a50_s666_b2000,generated_theta::repair5g547_theta_000015,repair5g547_theta_000015,repair5g547_theta_000015,fulltheta_smoke::theta_alpha_cong_commit_nonprogress,maze-32-32-4,maze,50,666,2000,0,False,False,,,2016,294.8802,1,0,1853,,,False,,True,95eced852605b4c7,alpha_commit=0.5|alpha_block=1.25|alpha_wait_spillover=0.75|rho_decay=0.94999999999999996|force_additive=0|enable_dual_channel=1|alpha_cong_commit_progress=1.25|alpha_cong_commit_nonprogress=0.5|alpha_cong_block=1.25|alpha_cong_wait_progress=0.75|alpha_cong_wait_nonprogress=0.75|alpha_flow_commit_progress=1|alpha_flow_wait_progress=1|rho_cong_decay=0.94999999999999996|rho_flow_decay=1|lambda_cong=1|lambda_flow=1|min_edge_cost=1|max_edge_cost=11|goal_projection_mode=flow_shield|flow_shield_beta=0.34999999999999998|max_flow_shield=0.75,14650fb0739d0383,1.25,0.5,1.25,0.75,0.75,1,1,0.95,1,1,1,0.35,0.75,1,11,1,0,0,1,0,0,50,25,0,1853,37.06,0,1,0,0,0.02,0.5,0.25,1,0.3,False,False,False,False,False,True
g547_fulltheta_smoke_00000227,new_g547_fulltheta_counterfactual_update_probe_solver_row,True,True,maze-32-32-4|50|666|25|0|14650fb0739d0383,maze-32-32-4|a50|s666|it0|g547_fulltheta_smoke_maze_32_32_4_a50_s666_b2000,generated_theta::repair5g547_theta_000016,repair5g547_theta_000016,repair5g547_theta_000016,fulltheta_smoke::theta_alpha_cong_commit_nonprogress,maze-32-32-4,maze,50,666,2000,0,False,False,,,2016,295.103,1,0,1853,,,False,,True,2a15243280de3947,alpha_commit=1.75|alpha_block=1.25|alpha_wait_spillover=0.75|rho_decay=0.94999999999999996|force_additive=0|enable_dual_channel=1|alpha_cong_commit_progress=1.25|alpha_cong_commit_nonprogress=1.75|alpha_cong_block=1.25|alpha_cong_wait_progress=0.75|alpha_cong_wait_nonprogress=0.75|alpha_flow_commit_progress=1|alpha_flow_wait_progress=1|rho_cong_decay=0.94999999999999996|rho_flow_decay=1|lambda_cong=1|lambda_flow=1|min_edge_cost=1|max_edge_cost=11|goal_projection_mode=flow_shield|flow_shield_beta=0.34999999999999998|max_flow_shield=0.75,14650fb0739d0383,1.25,1.75,1.25,0.75,0.75,1,1,0.95,1,1,1,0.35,0.75,1,11,1,0,0,1,0,0,50,25,0,1853,37.06,0,1,0,0,0.02,0.5,0.25,1,0.3,False,False,False,False,False,True
g547_fulltheta_smoke_00000228,new_g547_fulltheta_counterfactual_update_probe_solver_row,True,True,maze-32-32-4|50|667|25|0|14650fb0739d0383,maze-32-32-4|a50|s667|it0|g547_fulltheta_smoke_maze_32_32_4_a50_s667_b500,additive_ltm,repair5g59_additive_fallback,repair5g59_additive_fallback,baseline,maze-32-32-4,maze,50,667,500,0,False,False,,,2294,151.5479,1,0,1644,,,False,,True,35049bacad216c02,alpha_commit=1|alpha_block=1|alpha_wait_spillover=1|rho_decay=1|force_additive=1|enable_dual_channel=0|alpha_cong_commit_progress=0|alpha_cong_commit_nonprogress=1|alpha_cong_block=1|alpha_cong_wait_progress=1|alpha_cong_wait_nonprogress=1|alpha_flow_commit_progress=0|alpha_flow_wait_progress=0|rho_cong_decay=1|rho_flow_decay=1|lambda_cong=1|lambda_flow=0|min_edge_cost=0.25|max_edge_cost=11|goal_projection_mode=none|flow_shield_beta=0|max_flow_shield=0,14650fb0739d0383,0,1,1,1,1,0,0,1,1,1,0,0,0.25,0.25,11,0,0,1,1,0,0,50,25,0,1644,32.88,0,1,0,0,0.02,0.5,0.25,1,0.3,False,False,False,False,False,True
g547_fulltheta_smoke_00000229,new_g547_fulltheta_counterfactual_update_probe_solver_row,True,True,maze-32-32-4|50|667|25|0|14650fb0739d0383,maze-32-32-4|a50|s667|it0|g547_fulltheta_smoke_maze_32_32_4_a50_s667_b500,static_flow_shield,repair5g59_static_flow_shield,repair5g59_static_flow_shield,baseline,maze-32-32-4,maze,50,667,500,0,False,False,,,2294,234.585,1,0,1644,,,False,,True,29737bed70c56f0d,alpha_commit=1.25|alpha_block=1.25|alpha_wait_spillover=0.75|rho_decay=0.94999999999999996|force_additive=0|enable_dual_channel=1|alpha_cong_commit_progress=1.25|alpha_cong_commit_nonprogress=1.25|alpha_cong_block=1.25|alpha_cong_wait_progress=0.75|alpha_cong_wait_nonprogress=0.75|alpha_flow_commit_progress=1|alpha_flow_wait_progress=0|rho_cong_decay=0.94999999999999996|rho_flow_decay=1|lambda_cong=1|lambda_flow=0|min_edge_cost=1|max_edge_cost=11|goal_projection_mode=flow_shield|flow_shield_beta=0.34999999999999998|max_flow_shield=0.75,14650fb0739d0383,1.25,1.25,1.25,0.75,0.75,1,1,0.95,1,1,1,0.35,0.75,1,11,1,0,0,1,0,0,50,25,0,1644,32.88,0,1,0,0,0.02,0.5,0.25,1,0.3,False,False,False,False,False,True
g547_fulltheta_smoke_00000230,new_g547_fulltheta_counterfactual_update_probe_solver_row,True,True,maze-32-32-4|50|667|25|0|14650fb0739d0383,maze-32-32-4|a50|s667|it0|g547_fulltheta_smoke_maze_32_32_4_a50_s667_b500,frozen_family_static_goal_aware,repair5g59_high_beta_cap_safe,repair5g59_high_beta_cap_safe,baseline,maze-32-32-4,maze,50,667,500,0,False,False,,,2294,250.9162,1,0,1644,,,False,,True,fbcf27bf34de68c,alpha_commit=1.25|alpha_block=1.25|alpha_wait_spillover=0.75|rho_decay=0.94999999999999996|force_additive=0|enable_dual_channel=1|alpha_cong_commit_progress=1.25|alpha_cong_commit_nonprogress=1.25|alpha_cong_block=1.25|alpha_cong_wait_progress=0.75|alpha_cong_wait_nonprogress=0.75|alpha_flow_commit_progress=1|alpha_flow_wait_progress=0|rho_cong_decay=0.94999999999999996|rho_flow_decay=1|lambda_cong=1|lambda_flow=0|min_edge_cost=1|max_edge_cost=11|goal_projection_mode=flow_shield|flow_shield_beta=0.59999999999999998|max_flow_shield=0.75,14650fb0739d0383,1.25,1.25,1.25,0.75,0.75,1,1,0.95,1,1,1,0.6,0.75,1,11,1,0,0,1,0,0,50,25,0,1644,32.88,0,1,0,0,0.02,0.5,0.25,1,0.3,False,False,False,False,False,True
g547_fulltheta_smoke_00000231,new_g547_fulltheta_counterfactual_update_probe_solver_row,True,True,maze-32-32-4|50|667|25|0|14650fb0739d0383,maze-32-32-4|a50|s667|it0|g547_fulltheta_smoke_maze_32_32_4_a50_s667_b500,generated_theta::repair5g547_theta_000001,repair5g547_theta_000001,repair5g547_theta_000001,fulltheta_smoke::all_fields_reference,maze-32-32-4,maze,50,667,500,0,False,False,,,2294,243.855,1,0,1644,,,False,,True,e30a75611aecfe79,alpha_commit=1.25|alpha_block=1.25|alpha_wait_spillover=0.75|rho_decay=0.94999999999999996|force_additive=0|enable_dual_channel=1|alpha_cong_commit_progress=1.25|alpha_cong_commit_nonprogress=1.25|alpha_cong_block=1.25|alpha_cong_wait_progress=0.75|alpha_cong_wait_nonprogress=0.75|alpha_flow_commit_progress=1|alpha_flow_wait_progress=1|rho_cong_decay=0.94999999999999996|rho_flow_decay=1|lambda_cong=1|lambda_flow=1|min_edge_cost=1|max_edge_cost=11|goal_projection_mode=flow_shield|flow_shield_beta=0.34999999999999998|max_flow_shield=0.75,14650fb0739d0383,1.25,1.25,1.25,0.75,0.75,1,1,0.95,1,1,1,0.35,0.75,1,11,1,0,0,1,0,0,50,25,0,1644,32.88,0,1,0,0,0.02,0.5,0.25,1,0.3,False,False,False,False,False,True
g547_fulltheta_smoke_00000232,new_g547_fulltheta_counterfactual_update_probe_solver_row,True,True,maze-32-32-4|50|667|25|0|14650fb0739d0383,maze-32-32-4|a50|s667|it0|g547_fulltheta_smoke_maze_32_32_4_a50_s667_b500,generated_theta::repair5g547_theta_000002,repair5g547_theta_000002,repair5g547_theta_000002,fulltheta_smoke::theta_lambda_flow,maze-32-32-4,maze,50,667,500,0,False,False,,,2294,238.7282,1,0,1644,,,False,,True,a4814b677c6d1180,alpha_commit=1.25|alpha_block=1.25|alpha_wait_spillover=0.75|rho_decay=0.94999999999999996|force_additive=0|enable_dual_channel=1|alpha_cong_commit_progress=1.25|alpha_cong_commit_nonprogress=1.25|alpha_cong_block=1.25|alpha_cong_wait_progress=0.75|alpha_cong_wait_nonprogress=0.75|alpha_flow_commit_progress=1|alpha_flow_wait_progress=1|rho_cong_decay=0.94999999999999996|rho_flow_decay=1|lambda_cong=1|lambda_flow=0.10000000000000001|min_edge_cost=1|max_edge_cost=11|goal_projection_mode=flow_shield|flow_shield_beta=0.34999999999999998|max_flow_shield=0.75,14650fb0739d0383,1.25,1.25,1.25,0.75,0.75,1,1,0.95,1,1,0.1,0.35,0.75,1,11,1,0,0,1,0,0,50,25,0,1644,32.88,0,1,0,0,0.02,0.5,0.25,1,0.3,False,False,False,False,False,True
g547_fulltheta_smoke_00000233,new_g547_fulltheta_counterfactual_update_probe_solver_row,True,True,maze-32-32-4|50|667|25|0|14650fb0739d0383,maze-32-32-4|a50|s667|it0|g547_fulltheta_smoke_maze_32_32_4_a50_s667_b500,generated_theta::repair5g547_theta_000003,repair5g547_theta_000003,repair5g547_theta_000003,fulltheta_smoke::theta_lambda_flow,maze-32-32-4,maze,50,667,500,0,False,False,,,2294,222.1292,1,0,1644,,,False,,True,8584e99b6c1a5647,alpha_commit=1.25|alpha_block=1.25|alpha_wait_spillover=0.75|rho_decay=0.94999999999999996|force_additive=0|enable_dual_channel=1|alpha_cong_commit_progress=1.25|alpha_cong_commit_nonprogress=1.25|alpha_cong_block=1.25|alpha_cong_wait_progress=0.75|alpha_cong_wait_nonprogress=0.75|alpha_flow_commit_progress=1|alpha_flow_wait_progress=1|rho_cong_decay=0.94999999999999996|rho_flow_decay=1|lambda_cong=1|lambda_flow=1.3999999999999999|min_edge_cost=1|max_edge_cost=11|goal_projection_mode=flow_shield|flow_shield_beta=0.34999999999999998|max_flow_shield=0.75,14650fb0739d0383,1.25,1.25,1.25,0.75,0.75,1,1,0.95,1,1,1.4,0.35,0.75,1,11,1,0,0,1,0,0,50,25,0,1644,32.88,0,1,0,0,0.02,0.5,0.25,1,0.3,False,False,False,False,False,True
g547_fulltheta_smoke_00000234,new_g547_fulltheta_counterfactual_update_probe_solver_row,True,True,maze-32-32-4|50|667|25|0|14650fb0739d0383,maze-32-32-4|a50|s667|it0|g547_fulltheta_smoke_maze_32_32_4_a50_s667_b500,generated_theta::repair5g547_theta_000004,repair5g547_theta_000004,repair5g547_theta_000004,fulltheta_smoke::theta_lambda_cong,maze-32-32-4,maze,50,667,500,0,False,False,,,2294,248.9765,1,0,1644,,,False,,True,b5442e0c6c6741b0,alpha_commit=1.25|alpha_block=1.25|alpha_wait_spillover=0.75|rho_decay=0.94999999999999996|force_additive=0|enable_dual_channel=1|alpha_cong_commit_progress=1.25|alpha_cong_commit_nonprogress=1.25|alpha_cong_block=1.25|alpha_cong_wait_progress=0.75|alpha_cong_wait_nonprogress=0.75|alpha_flow_commit_progress=1|alpha_flow_wait_progress=1|rho_cong_decay=0.94999999999999996|rho_flow_decay=1|lambda_cong=0.59999999999999998|lambda_flow=1|min_edge_cost=1|max_edge_cost=11|goal_projection_mode=flow_shield|flow_shield_beta=0.34999999999999998|max_flow_shield=0.75,14650fb0739d0383,1.25,1.25,1.25,0.75,0.75,1,1,0.95,1,0.6,1,0.35,0.75,1,11,1,0,0,1,0,0,50,25,0,1644,32.88,0,1,0,0,0.02,0.5,0.25,1,0.3,False,False,False,False,False,True
g547_fulltheta_smoke_00000235,new_g547_fulltheta_counterfactual_update_probe_solver_row,True,True,maze-32-32-4|50|667|25|0|14650fb0739d0383,maze-32-32-4|a50|s667|it0|g547_fulltheta_smoke_maze_32_32_4_a50_s667_b500,generated_theta::repair5g547_theta_000005,repair5g547_theta_000005,repair5g547_theta_000005,fulltheta_smoke::theta_lambda_cong,maze-32-32-4,maze,50,667,500,0,False,False,,,2294,272.3104,1,0,1644,,,False,,True,77f3f55aa954d3f,alpha_commit=1.25|alpha_block=1.25|alpha_wait_spillover=0.75|rho_decay=0.94999999999999996|force_additive=0|enable_dual_channel=1|alpha_cong_commit_progress=1.25|alpha_cong_commit_nonprogress=1.25|alpha_cong_block=1.25|alpha_cong_wait_progress=0.75|alpha_cong_wait_nonprogress=0.75|alpha_flow_commit_progress=1|alpha_flow_wait_progress=1|rho_cong_decay=0.94999999999999996|rho_flow_decay=1|lambda_cong=1.3999999999999999|lambda_flow=1|min_edge_cost=1|max_edge_cost=11|goal_projection_mode=flow_shield|flow_shield_beta=0.34999999999999998|max_flow_shield=0.75,14650fb0739d0383,1.25,1.25,1.25,0.75,0.75,1,1,0.95,1,1.4,1,0.35,0.75,1,11,1,0,0,1,0,0,50,25,0,1644,32.88,0,1,0,0,0.02,0.5,0.25,1,0.3,False,False,False,False,False,True
g547_fulltheta_smoke_00000236,new_g547_fulltheta_counterfactual_update_probe_solver_row,True,True,maze-32-32-4|50|667|25|0|14650fb0739d0383,maze-32-32-4|a50|s667|it0|g547_fulltheta_smoke_maze_32_32_4_a50_s667_b500,generated_theta::repair5g547_theta_000006,repair5g547_theta_000006,repair5g547_theta_000006,fulltheta_smoke::theta_alpha_flow_wait_progress,maze-32-32-4,maze,50,667,500,0,False,False,,,2294,458.4632,1,0,1644,,,False,,True,29c4ecda70affb5a,alpha_commit=1.25|alpha_block=1.25|alpha_wait_spillover=0.75|rho_decay=0.94999999999999996|force_additive=0|enable_dual_channel=1|alpha_cong_commit_progress=1.25|alpha_cong_commit_nonprogress=1.25|alpha_cong_block=1.25|alpha_cong_wait_progress=0.75|alpha_cong_wait_nonprogress=0.75|alpha_flow_commit_progress=1|alpha_flow_wait_progress=0|rho_cong_decay=0.94999999999999996|rho_flow_decay=1|lambda_cong=1|lambda_flow=1|min_edge_cost=1|max_edge_cost=11|goal_projection_mode=flow_shield|flow_shield_beta=0.34999999999999998|max_flow_shield=0.75,14650fb0739d0383,1.25,1.25,1.25,0.75,0.75,1,0,0.95,1,1,1,0.35,0.75,1,11,1,0,0,1,0,0,50,25,0,1644,32.88,0,1,0,0,0.02,0.5,0.25,1,0.3,False,False,False,False,False,True
g547_fulltheta_smoke_00000237,new_g547_fulltheta_counterfactual_update_probe_solver_row,True,True,maze-32-32-4|50|667|25|0|14650fb0739d0383,maze-32-32-4|a50|s667|it0|g547_fulltheta_smoke_maze_32_32_4_a50_s667_b500,generated_theta::repair5g547_theta_000007,repair5g547_theta_000007,repair5g547_theta_000007,fulltheta_smoke::theta_alpha_flow_wait_progress,maze-32-32-4,maze,50,667,500,0,False,False,,,2294,471.8671,1,0,1644,,,False,,True,b5a183b18079a70d,alpha_commit=1.25|alpha_block=1.25|alpha_wait_spillover=0.75|rho_decay=0.94999999999999996|force_additive=0|enable_dual_channel=1|alpha_cong_commit_progress=1.25|alpha_cong_commit_nonprogress=1.25|alpha_cong_block=1.25|alpha_cong_wait_progress=0.75|alpha_cong_wait_nonprogress=0.75|alpha_flow_commit_progress=1|alpha_flow_wait_progress=1.2|rho_cong_decay=0.94999999999999996|rho_flow_decay=1|lambda_cong=1|lambda_flow=1|min_edge_cost=1|max_edge_cost=11|goal_projection_mode=flow_shield|flow_shield_beta=0.34999999999999998|max_flow_shield=0.75,14650fb0739d0383,1.25,1.25,1.25,0.75,0.75,1,1.2,0.95,1,1,1,0.35,0.75,1,11,1,0,0,1,0,0,50,25,0,1644,32.88,0,1,0,0,0.02,0.5,0.25,1,0.3,False,False,False,False,False,True
g547_fulltheta_smoke_00000238,new_g547_fulltheta_counterfactual_update_probe_solver_row,True,True,maze-32-32-4|50|667|25|0|14650fb0739d0383,maze-32-32-4|a50|s667|it0|g547_fulltheta_smoke_maze_32_32_4_a50_s667_b500,generated_theta::repair5g547_theta_000008,repair5g547_theta_000008,repair5g547_theta_000008,fulltheta_smoke::theta_min_edge_cost,maze-32-32-4,maze,50,667,500,0,False,False,,,2294,421.9133,1,0,1644,,,False,,True,ef8f0d160cc2a725,alpha_commit=1.25|alpha_block=1.25|alpha_wait_spillover=0.75|rho_decay=0.94999999999999996|force_additive=0|enable_dual_channel=1|alpha_cong_commit_progress=1.25|alpha_cong_commit_nonprogress=1.25|alpha_cong_block=1.25|alpha_cong_wait_progress=0.75|alpha_cong_wait_nonprogress=0.75|alpha_flow_commit_progress=1|alpha_flow_wait_progress=1|rho_cong_decay=0.94999999999999996|rho_flow_decay=1|lambda_cong=1|lambda_flow=1|min_edge_cost=0.25|max_edge_cost=11|goal_projection_mode=flow_shield|flow_shield_beta=0.34999999999999998|max_flow_shield=0.75,14650fb0739d0383,1.25,1.25,1.25,0.75,0.75,1,1,0.95,1,1,1,0.35,0.75,0.25,11,1,0,0,1,0,0,50,25,0,1644,32.88,0,1,0,0,0.02,0.5,0.25,1,0.3,False,False,False,False,False,True
g547_fulltheta_smoke_00000239,new_g547_fulltheta_counterfactual_update_probe_solver_row,True,True,maze-32-32-4|50|667|25|0|14650fb0739d0383,maze-32-32-4|a50|s667|it0|g547_fulltheta_smoke_maze_32_32_4_a50_s667_b500,generated_theta::repair5g547_theta_000009,repair5g547_theta_000009,repair5g547_theta_000009,fulltheta_smoke::theta_min_edge_cost,maze-32-32-4,maze,50,667,500,0,False,False,,,2294,399.1465,1,0,1644,,,False,,True,e30a75611aecfe79,alpha_commit=1.25|alpha_block=1.25|alpha_wait_spillover=0.75|rho_decay=0.94999999999999996|force_additive=0|enable_dual_channel=1|alpha_cong_commit_progress=1.25|alpha_cong_commit_nonprogress=1.25|alpha_cong_block=1.25|alpha_cong_wait_progress=0.75|alpha_cong_wait_nonprogress=0.75|alpha_flow_commit_progress=1|alpha_flow_wait_progress=1|rho_cong_decay=0.94999999999999996|rho_flow_decay=1|lambda_cong=1|lambda_flow=1|min_edge_cost=1|max_edge_cost=11|goal_projection_mode=flow_shield|flow_shield_beta=0.34999999999999998|max_flow_shield=0.75,14650fb0739d0383,1.25,1.25,1.25,0.75,0.75,1,1,0.95,1,1,1,0.35,0.75,1,11,1,0,0,1,0,0,50,25,0,1644,32.88,0,1,0,0,0.02,0.5,0.25,1,0.3,False,False,False,False,False,True
g547_fulltheta_smoke_00000240,new_g547_fulltheta_counterfactual_update_probe_solver_row,True,True,maze-32-32-4|50|667|25|0|14650fb0739d0383,maze-32-32-4|a50|s667|it0|g547_fulltheta_smoke_maze_32_32_4_a50_s667_b500,generated_theta::repair5g547_theta_000010,repair5g547_theta_000010,repair5g547_theta_000010,fulltheta_smoke::theta_max_edge_cost,maze-32-32-4,maze,50,667,500,0,False,False,,,2294,397.6803,1,0,1644,,,False,,True,7a35172bbc1b94cb,alpha_commit=1.25|alpha_block=1.25|alpha_wait_spillover=0.75|rho_decay=0.94999999999999996|force_additive=0|enable_dual_channel=1|alpha_cong_commit_progress=1.25|alpha_cong_commit_nonprogress=1.25|alpha_cong_block=1.25|alpha_cong_wait_progress=0.75|alpha_cong_wait_nonprogress=0.75|alpha_flow_commit_progress=1|alpha_flow_wait_progress=1|rho_cong_decay=0.94999999999999996|rho_flow_decay=1|lambda_cong=1|lambda_flow=1|min_edge_cost=1|max_edge_cost=8|goal_projection_mode=flow_shield|flow_shield_beta=0.34999999999999998|max_flow_shield=0.75,14650fb0739d0383,1.25,1.25,1.25,0.75,0.75,1,1,0.95,1,1,1,0.35,0.75,1,8,1,0,0,1,0,0,50,25,0,1644,32.88,0,1,0,0,0.02,0.5,0.25,1,0.3,False,False,False,False,False,True
g547_fulltheta_smoke_00000241,new_g547_fulltheta_counterfactual_update_probe_solver_row,True,True,maze-32-32-4|50|667|25|0|14650fb0739d0383,maze-32-32-4|a50|s667|it0|g547_fulltheta_smoke_maze_32_32_4_a50_s667_b500,generated_theta::repair5g547_theta_000011,repair5g547_theta_000011,repair5g547_theta_000011,fulltheta_smoke::theta_max_edge_cost,maze-32-32-4,maze,50,667,500,0,False,False,,,2294,403.5279,1,0,1644,,,False,,True,35d66dc1ec012cc6,alpha_commit=1.25|alpha_block=1.25|alpha_wait_spillover=0.75|rho_decay=0.94999999999999996|force_additive=0|enable_dual_channel=1|alpha_cong_commit_progress=1.25|alpha_cong_commit_nonprogress=1.25|alpha_cong_block=1.25|alpha_cong_wait_progress=0.75|alpha_cong_wait_nonprogress=0.75|alpha_flow_commit_progress=1|alpha_flow_wait_progress=1|rho_cong_decay=0.94999999999999996|rho_flow_decay=1|lambda_cong=1|lambda_flow=1|min_edge_cost=1|max_edge_cost=12|goal_projection_mode=flow_shield|flow_shield_beta=0.34999999999999998|max_flow_shield=0.75,14650fb0739d0383,1.25,1.25,1.25,0.75,0.75,1,1,0.95,1,1,1,0.35,0.75,1,12,1,0,0,1,0,0,50,25,0,1644,32.88,0,1,0,0,0.02,0.5,0.25,1,0.3,False,False,False,False,False,True
g547_fulltheta_smoke_00000242,new_g547_fulltheta_counterfactual_update_probe_solver_row,True,True,maze-32-32-4|50|667|25|0|14650fb0739d0383,maze-32-32-4|a50|s667|it0|g547_fulltheta_smoke_maze_32_32_4_a50_s667_b500,generated_theta::repair5g547_theta_000012,repair5g547_theta_000012,repair5g547_theta_000012,fulltheta_smoke::goal_projection_mode,maze-32-32-4,maze,50,667,500,0,False,False,,,2294,382.6814,1,0,1644,,,False,,True,e30a75611aecfe79,alpha_commit=1.25|alpha_block=1.25|alpha_wait_spillover=0.75|rho_decay=0.94999999999999996|force_additive=0|enable_dual_channel=1|alpha_cong_commit_progress=1.25|alpha_cong_commit_nonprogress=1.25|alpha_cong_block=1.25|alpha_cong_wait_progress=0.75|alpha_cong_wait_nonprogress=0.75|alpha_flow_commit_progress=1|alpha_flow_wait_progress=1|rho_cong_decay=0.94999999999999996|rho_flow_decay=1|lambda_cong=1|lambda_flow=1|min_edge_cost=1|max_edge_cost=11|goal_projection_mode=flow_shield|flow_shield_beta=0.34999999999999998|max_flow_shield=0.75,14650fb0739d0383,1.25,1.25,1.25,0.75,0.75,1,1,0.95,1,1,1,0.35,0.75,1,11,1,0,0,1,0,0,50,25,0,1644,32.88,0,1,0,0,0.02,0.5,0.25,1,0.3,False,False,False,False,False,True
g547_fulltheta_smoke_00000243,new_g547_fulltheta_counterfactual_update_probe_solver_row,True,True,maze-32-32-4|50|667|25|0|14650fb0739d0383,maze-32-32-4|a50|s667|it0|g547_fulltheta_smoke_maze_32_32_4_a50_s667_b500,generated_theta::repair5g547_theta_000013,repair5g547_theta_000013,repair5g547_theta_000013,fulltheta_smoke::goal_projection_mode,maze-32-32-4,maze,50,667,500,0,False,False,,,2294,368.7675,1,0,1644,,,False,,True,562c13d7a176a2bc,alpha_commit=1.25|alpha_block=1.25|alpha_wait_spillover=0.75|rho_decay=0.94999999999999996|force_additive=0|enable_dual_channel=1|alpha_cong_commit_progress=1.25|alpha_cong_commit_nonprogress=1.25|alpha_cong_block=1.25|alpha_cong_wait_progress=0.75|alpha_cong_wait_nonprogress=0.75|alpha_flow_commit_progress=1|alpha_flow_wait_progress=1|rho_cong_decay=0.94999999999999996|rho_flow_decay=1|lambda_cong=1|lambda_flow=1|min_edge_cost=1|max_edge_cost=11|goal_projection_mode=agent_progress|flow_shield_beta=0.34999999999999998|max_flow_shield=0.75,14650fb0739d0383,1.25,1.25,1.25,0.75,0.75,1,1,0.95,1,1,1,0.35,0.75,1,11,0,1,0,1,0,0,50,25,0,1644,32.88,0,1,0,0,0.02,0.5,0.25,1,0.3,False,False,False,False,False,True
g547_fulltheta_smoke_00000244,new_g547_fulltheta_counterfactual_update_probe_solver_row,True,True,maze-32-32-4|50|667|25|0|14650fb0739d0383,maze-32-32-4|a50|s667|it0|g547_fulltheta_smoke_maze_32_32_4_a50_s667_b500,generated_theta::repair5g547_theta_000014,repair5g547_theta_000014,repair5g547_theta_000014,fulltheta_smoke::goal_projection_mode,maze-32-32-4,maze,50,667,500,0,False,False,,,2294,328.2786,1,0,1644,,,False,,True,b96f092bbcb39893,alpha_commit=1.25|alpha_block=1.25|alpha_wait_spillover=0.75|rho_decay=0.94999999999999996|force_additive=0|enable_dual_channel=1|alpha_cong_commit_progress=1.25|alpha_cong_commit_nonprogress=1.25|alpha_cong_block=1.25|alpha_cong_wait_progress=0.75|alpha_cong_wait_nonprogress=0.75|alpha_flow_commit_progress=1|alpha_flow_wait_progress=1|rho_cong_decay=0.94999999999999996|rho_flow_decay=1|lambda_cong=1|lambda_flow=1|min_edge_cost=1|max_edge_cost=11|goal_projection_mode=none|flow_shield_beta=0.34999999999999998|max_flow_shield=0.75,14650fb0739d0383,1.25,1.25,1.25,0.75,0.75,1,1,0.95,1,1,1,0.35,0.75,1,11,0,0,1,1,0,0,50,25,0,1644,32.88,0,1,0,0,0.02,0.5,0.25,1,0.3,False,False,False,False,False,True
g547_fulltheta_smoke_00000245,new_g547_fulltheta_counterfactual_update_probe_solver_row,True,True,maze-32-32-4|50|667|25|0|14650fb0739d0383,maze-32-32-4|a50|s667|it0|g547_fulltheta_smoke_maze_32_32_4_a50_s667_b500,generated_theta::repair5g547_theta_000015,repair5g547_theta_000015,repair5g547_theta_000015,fulltheta_smoke::theta_alpha_cong_commit_nonprogress,maze-32-32-4,maze,50,667,500,0,False,False,,,2294,385.9886,1,0,1644,,,False,,True,95eced852605b4c7,alpha_commit=0.5|alpha_block=1.25|alpha_wait_spillover=0.75|rho_decay=0.94999999999999996|force_additive=0|enable_dual_channel=1|alpha_cong_commit_progress=1.25|alpha_cong_commit_nonprogress=0.5|alpha_cong_block=1.25|alpha_cong_wait_progress=0.75|alpha_cong_wait_nonprogress=0.75|alpha_flow_commit_progress=1|alpha_flow_wait_progress=1|rho_cong_decay=0.94999999999999996|rho_flow_decay=1|lambda_cong=1|lambda_flow=1|min_edge_cost=1|max_edge_cost=11|goal_projection_mode=flow_shield|flow_shield_beta=0.34999999999999998|max_flow_shield=0.75,14650fb0739d0383,1.25,0.5,1.25,0.75,0.75,1,1,0.95,1,1,1,0.35,0.75,1,11,1,0,0,1,0,0,50,25,0,1644,32.88,0,1,0,0,0.02,0.5,0.25,1,0.3,False,False,False,False,False,True
g547_fulltheta_smoke_00000246,new_g547_fulltheta_counterfactual_update_probe_solver_row,True,True,maze-32-32-4|50|667|25|0|14650fb0739d0383,maze-32-32-4|a50|s667|it0|g547_fulltheta_smoke_maze_32_32_4_a50_s667_b500,generated_theta::repair5g547_theta_000016,repair5g547_theta_000016,repair5g547_theta_000016,fulltheta_smoke::theta_alpha_cong_commit_nonprogress,maze-32-32-4,maze,50,667,500,0,False,False,,,2294,385.4248,1,0,1644,,,False,,True,2a15243280de3947,alpha_commit=1.75|alpha_block=1.25|alpha_wait_spillover=0.75|rho_decay=0.94999999999999996|force_additive=0|enable_dual_channel=1|alpha_cong_commit_progress=1.25|alpha_cong_commit_nonprogress=1.75|alpha_cong_block=1.25|alpha_cong_wait_progress=0.75|alpha_cong_wait_nonprogress=0.75|alpha_flow_commit_progress=1|alpha_flow_wait_progress=1|rho_cong_decay=0.94999999999999996|rho_flow_decay=1|lambda_cong=1|lambda_flow=1|min_edge_cost=1|max_edge_cost=11|goal_projection_mode=flow_shield|flow_shield_beta=0.34999999999999998|max_flow_shield=0.75,14650fb0739d0383,1.25,1.75,1.25,0.75,0.75,1,1,0.95,1,1,1,0.35,0.75,1,11,1,0,0,1,0,0,50,25,0,1644,32.88,0,1,0,0,0.02,0.5,0.25,1,0.3,False,False,False,False,False,True
g547_fulltheta_smoke_00000247,new_g547_fulltheta_counterfactual_update_probe_solver_row,True,True,maze-32-32-4|50|667|25|0|14650fb0739d0383,maze-32-32-4|a50|s667|it0|g547_fulltheta_smoke_maze_32_32_4_a50_s667_b1000,additive_ltm,repair5g59_additive_fallback,repair5g59_additive_fallback,baseline,maze-32-32-4,maze,50,667,1000,0,False,False,,,2294,153.3459,1,0,1145,,,False,,True,35049bacad216c02,alpha_commit=1|alpha_block=1|alpha_wait_spillover=1|rho_decay=1|force_additive=1|enable_dual_channel=0|alpha_cong_commit_progress=0|alpha_cong_commit_nonprogress=1|alpha_cong_block=1|alpha_cong_wait_progress=1|alpha_cong_wait_nonprogress=1|alpha_flow_commit_progress=0|alpha_flow_wait_progress=0|rho_cong_decay=1|rho_flow_decay=1|lambda_cong=1|lambda_flow=0|min_edge_cost=0.25|max_edge_cost=11|goal_projection_mode=none|flow_shield_beta=0|max_flow_shield=0,14650fb0739d0383,0,1,1,1,1,0,0,1,1,1,0,0,0.25,0.25,11,0,0,1,1,0,0,50,25,0,1145,22.9,0,1,0,0,0.02,0.5,0.25,1,0.3,False,False,False,False,False,True
g547_fulltheta_smoke_00000248,new_g547_fulltheta_counterfactual_update_probe_solver_row,True,True,maze-32-32-4|50|667|25|0|14650fb0739d0383,maze-32-32-4|a50|s667|it0|g547_fulltheta_smoke_maze_32_32_4_a50_s667_b1000,static_flow_shield,repair5g59_static_flow_shield,repair5g59_static_flow_shield,baseline,maze-32-32-4,maze,50,667,1000,0,False,False,,,2294,268.5212,1,0,1145,,,False,,True,29737bed70c56f0d,alpha_commit=1.25|alpha_block=1.25|alpha_wait_spillover=0.75|rho_decay=0.94999999999999996|force_additive=0|enable_dual_channel=1|alpha_cong_commit_progress=1.25|alpha_cong_commit_nonprogress=1.25|alpha_cong_block=1.25|alpha_cong_wait_progress=0.75|alpha_cong_wait_nonprogress=0.75|alpha_flow_commit_progress=1|alpha_flow_wait_progress=0|rho_cong_decay=0.94999999999999996|rho_flow_decay=1|lambda_cong=1|lambda_flow=0|min_edge_cost=1|max_edge_cost=11|goal_projection_mode=flow_shield|flow_shield_beta=0.34999999999999998|max_flow_shield=0.75,14650fb0739d0383,1.25,1.25,1.25,0.75,0.75,1,1,0.95,1,1,1,0.35,0.75,1,11,1,0,0,1,0,0,50,25,0,1145,22.9,0,1,0,0,0.02,0.5,0.25,1,0.3,False,False,False,False,False,True
g547_fulltheta_smoke_00000249,new_g547_fulltheta_counterfactual_update_probe_solver_row,True,True,maze-32-32-4|50|667|25|0|14650fb0739d0383,maze-32-32-4|a50|s667|it0|g547_fulltheta_smoke_maze_32_32_4_a50_s667_b1000,frozen_family_static_goal_aware,repair5g59_high_beta_cap_safe,repair5g59_high_beta_cap_safe,baseline,maze-32-32-4,maze,50,667,1000,0,False,False,,,2294,263.8985,1,0,1145,,,False,,True,fbcf27bf34de68c,alpha_commit=1.25|alpha_block=1.25|alpha_wait_spillover=0.75|rho_decay=0.94999999999999996|force_additive=0|enable_dual_channel=1|alpha_cong_commit_progress=1.25|alpha_cong_commit_nonprogress=1.25|alpha_cong_block=1.25|alpha_cong_wait_progress=0.75|alpha_cong_wait_nonprogress=0.75|alpha_flow_commit_progress=1|alpha_flow_wait_progress=0|rho_cong_decay=0.94999999999999996|rho_flow_decay=1|lambda_cong=1|lambda_flow=0|min_edge_cost=1|max_edge_cost=11|goal_projection_mode=flow_shield|flow_shield_beta=0.59999999999999998|max_flow_shield=0.75,14650fb0739d0383,1.25,1.25,1.25,0.75,0.75,1,1,0.95,1,1,1,0.6,0.75,1,11,1,0,0,1,0,0,50,25,0,1145,22.9,0,1,0,0,0.02,0.5,0.25,1,0.3,False,False,False,False,False,True
g547_fulltheta_smoke_00000250,new_g547_fulltheta_counterfactual_update_probe_solver_row,True,True,maze-32-32-4|50|667|25|0|14650fb0739d0383,maze-32-32-4|a50|s667|it0|g547_fulltheta_smoke_maze_32_32_4_a50_s667_b1000,generated_theta::repair5g547_theta_000001,repair5g547_theta_000001,repair5g547_theta_000001,fulltheta_smoke::all_fields_reference,maze-32-32-4,maze,50,667,1000,0,False,False,,,2294,263.0808,1,0,1145,,,False,,True,e30a75611aecfe79,alpha_commit=1.25|alpha_block=1.25|alpha_wait_spillover=0.75|rho_decay=0.94999999999999996|force_additive=0|enable_dual_channel=1|alpha_cong_commit_progress=1.25|alpha_cong_commit_nonprogress=1.25|alpha_cong_block=1.25|alpha_cong_wait_progress=0.75|alpha_cong_wait_nonprogress=0.75|alpha_flow_commit_progress=1|alpha_flow_wait_progress=1|rho_cong_decay=0.94999999999999996|rho_flow_decay=1|lambda_cong=1|lambda_flow=1|min_edge_cost=1|max_edge_cost=11|goal_projection_mode=flow_shield|flow_shield_beta=0.34999999999999998|max_flow_shield=0.75,14650fb0739d0383,1.25,1.25,1.25,0.75,0.75,1,1,0.95,1,1,1,0.35,0.75,1,11,1,0,0,1,0,0,50,25,0,1145,22.9,0,1,0,0,0.02,0.5,0.25,1,0.3,False,False,False,False,False,True
g547_fulltheta_smoke_00000251,new_g547_fulltheta_counterfactual_update_probe_solver_row,True,True,maze-32-32-4|50|667|25|0|14650fb0739d0383,maze-32-32-4|a50|s667|it0|g547_fulltheta_smoke_maze_32_32_4_a50_s667_b1000,generated_theta::repair5g547_theta_000002,repair5g547_theta_000002,repair5g547_theta_000002,fulltheta_smoke::theta_lambda_flow,maze-32-32-4,maze,50,667,1000,0,False,False,,,2294,253.4135,1,0,1145,,,False,,True,a4814b677c6d1180,alpha_commit=1.25|alpha_block=1.25|alpha_wait_spillover=0.75|rho_decay=0.94999999999999996|force_additive=0|enable_dual_channel=1|alpha_cong_commit_progress=1.25|alpha_cong_commit_nonprogress=1.25|alpha_cong_block=1.25|alpha_cong_wait_progress=0.75|alpha_cong_wait_nonprogress=0.75|alpha_flow_commit_progress=1|alpha_flow_wait_progress=1|rho_cong_decay=0.94999999999999996|rho_flow_decay=1|lambda_cong=1|lambda_flow=0.10000000000000001|min_edge_cost=1|max_edge_cost=11|goal_projection_mode=flow_shield|flow_shield_beta=0.34999999999999998|max_flow_shield=0.75,14650fb0739d0383,1.25,1.25,1.25,0.75,0.75,1,1,0.95,1,1,0.1,0.35,0.75,1,11,1,0,0,1,0,0,50,25,0,1145,22.9,0,1,0,0,0.02,0.5,0.25,1,0.3,False,False,False,False,False,True
g547_fulltheta_smoke_00000252,new_g547_fulltheta_counterfactual_update_probe_solver_row,True,True,maze-32-32-4|50|667|25|0|14650fb0739d0383,maze-32-32-4|a50|s667|it0|g547_fulltheta_smoke_maze_32_32_4_a50_s667_b1000,generated_theta::repair5g547_theta_000003,repair5g547_theta_000003,repair5g547_theta_000003,fulltheta_smoke::theta_lambda_flow,maze-32-32-4,maze,50,667,1000,0,False,False,,,2294,266.9415,1,0,1145,,,False,,True,8584e99b6c1a5647,alpha_commit=1.25|alpha_block=1.25|alpha_wait_spillover=0.75|rho_decay=0.94999999999999996|force_additive=0|enable_dual_channel=1|alpha_cong_commit_progress=1.25|alpha_cong_commit_nonprogress=1.25|alpha_cong_block=1.25|alpha_cong_wait_progress=0.75|alpha_cong_wait_nonprogress=0.75|alpha_flow_commit_progress=1|alpha_flow_wait_progress=1|rho_cong_decay=0.94999999999999996|rho_flow_decay=1|lambda_cong=1|lambda_flow=1.3999999999999999|min_edge_cost=1|max_edge_cost=11|goal_projection_mode=flow_shield|flow_shield_beta=0.34999999999999998|max_flow_shield=0.75,14650fb0739d0383,1.25,1.25,1.25,0.75,0.75,1,1,0.95,1,1,1.4,0.35,0.75,1,11,1,0,0,1,0,0,50,25,0,1145,22.9,0,1,0,0,0.02,0.5,0.25,1,0.3,False,False,False,False,False,True
g547_fulltheta_smoke_00000253,new_g547_fulltheta_counterfactual_update_probe_solver_row,True,True,maze-32-32-4|50|667|25|0|14650fb0739d0383,maze-32-32-4|a50|s667|it0|g547_fulltheta_smoke_maze_32_32_4_a50_s667_b1000,generated_theta::repair5g547_theta_000004,repair5g547_theta_000004,repair5g547_theta_000004,fulltheta_smoke::theta_lambda_cong,maze-32-32-4,maze,50,667,1000,0,False,False,,,2294,264.4139,1,0,1145,,,False,,True,b5442e0c6c6741b0,alpha_commit=1.25|alpha_block=1.25|alpha_wait_spillover=0.75|rho_decay=0.94999999999999996|force_additive=0|enable_dual_channel=1|alpha_cong_commit_progress=1.25|alpha_cong_commit_nonprogress=1.25|alpha_cong_block=1.25|alpha_cong_wait_progress=0.75|alpha_cong_wait_nonprogress=0.75|alpha_flow_commit_progress=1|alpha_flow_wait_progress=1|rho_cong_decay=0.94999999999999996|rho_flow_decay=1|lambda_cong=0.59999999999999998|lambda_flow=1|min_edge_cost=1|max_edge_cost=11|goal_projection_mode=flow_shield|flow_shield_beta=0.34999999999999998|max_flow_shield=0.75,14650fb0739d0383,1.25,1.25,1.25,0.75,0.75,1,1,0.95,1,0.6,1,0.35,0.75,1,11,1,0,0,1,0,0,50,25,0,1145,22.9,0,1,0,0,0.02,0.5,0.25,1,0.3,False,False,False,False,False,True
g547_fulltheta_smoke_00000254,new_g547_fulltheta_counterfactual_update_probe_solver_row,True,True,maze-32-32-4|50|667|25|0|14650fb0739d0383,maze-32-32-4|a50|s667|it0|g547_fulltheta_smoke_maze_32_32_4_a50_s667_b1000,generated_theta::repair5g547_theta_000005,repair5g547_theta_000005,repair5g547_theta_000005,fulltheta_smoke::theta_lambda_cong,maze-32-32-4,maze,50,667,1000,0,False,False,,,2294,282.6354,1,0,1145,,,False,,True,77f3f55aa954d3f,alpha_commit=1.25|alpha_block=1.25|alpha_wait_spillover=0.75|rho_decay=0.94999999999999996|force_additive=0|enable_dual_channel=1|alpha_cong_commit_progress=1.25|alpha_cong_commit_nonprogress=1.25|alpha_cong_block=1.25|alpha_cong_wait_progress=0.75|alpha_cong_wait_nonprogress=0.75|alpha_flow_commit_progress=1|alpha_flow_wait_progress=1|rho_cong_decay=0.94999999999999996|rho_flow_decay=1|lambda_cong=1.3999999999999999|lambda_flow=1|min_edge_cost=1|max_edge_cost=11|goal_projection_mode=flow_shield|flow_shield_beta=0.34999999999999998|max_flow_shield=0.75,14650fb0739d0383,1.25,1.25,1.25,0.75,0.75,1,1,0.95,1,1.4,1,0.35,0.75,1,11,1,0,0,1,0,0,50,25,0,1145,22.9,0,1,0,0,0.02,0.5,0.25,1,0.3,False,False,False,False,False,True
g547_fulltheta_smoke_00000255,new_g547_fulltheta_counterfactual_update_probe_solver_row,True,True,maze-32-32-4|50|667|25|0|14650fb0739d0383,maze-32-32-4|a50|s667|it0|g547_fulltheta_smoke_maze_32_32_4_a50_s667_b1000,generated_theta::repair5g547_theta_000006,repair5g547_theta_000006,repair5g547_theta_000006,fulltheta_smoke::theta_alpha_flow_wait_progress,maze-32-32-4,maze,50,667,1000,0,False,False,,,2294,366.8326,1,0,1145,,,False,,True,29c4ecda70affb5a,alpha_commit=1.25|alpha_block=1.25|alpha_wait_spillover=0.75|rho_decay=0.94999999999999996|force_additive=0|enable_dual_channel=1|alpha_cong_commit_progress=1.25|alpha_cong_commit_nonprogress=1.25|alpha_cong_block=1.25|alpha_cong_wait_progress=0.75|alpha_cong_wait_nonprogress=0.75|alpha_flow_commit_progress=1|alpha_flow_wait_progress=0|rho_cong_decay=0.94999999999999996|rho_flow_decay=1|lambda_cong=1|lambda_flow=1|min_edge_cost=1|max_edge_cost=11|goal_projection_mode=flow_shield|flow_shield_beta=0.34999999999999998|max_flow_shield=0.75,14650fb0739d0383,1.25,1.25,1.25,0.75,0.75,1,0,0.95,1,1,1,0.35,0.75,1,11,1,0,0,1,0,0,50,25,0,1145,22.9,0,1,0,0,0.02,0.5,0.25,1,0.3,False,False,False,False,False,True
g547_fulltheta_smoke_00000256,new_g547_fulltheta_counterfactual_update_probe_solver_row,True,True,maze-32-32-4|50|667|25|0|14650fb0739d0383,maze-32-32-4|a50|s667|it0|g547_fulltheta_smoke_maze_32_32_4_a50_s667_b1000,generated_theta::repair5g547_theta_000007,repair5g547_theta_000007,repair5g547_theta_000007,fulltheta_smoke::theta_alpha_flow_wait_progress,maze-32-32-4,maze,50,667,1000,0,False,False,,,2294,366.0424,1,0,1145,,,False,,True,b5a183b18079a70d,alpha_commit=1.25|alpha_block=1.25|alpha_wait_spillover=0.75|rho_decay=0.94999999999999996|force_additive=0|enable_dual_channel=1|alpha_cong_commit_progress=1.25|alpha_cong_commit_nonprogress=1.25|alpha_cong_block=1.25|alpha_cong_wait_progress=0.75|alpha_cong_wait_nonprogress=0.75|alpha_flow_commit_progress=1|alpha_flow_wait_progress=1.2|rho_cong_decay=0.94999999999999996|rho_flow_decay=1|lambda_cong=1|lambda_flow=1|min_edge_cost=1|max_edge_cost=11|goal_projection_mode=flow_shield|flow_shield_beta=0.34999999999999998|max_flow_shield=0.75,14650fb0739d0383,1.25,1.25,1.25,0.75,0.75,1,1.2,0.95,1,1,1,0.35,0.75,1,11,1,0,0,1,0,0,50,25,0,1145,22.9,0,1,0,0,0.02,0.5,0.25,1,0.3,False,False,False,False,False,True
g547_fulltheta_smoke_00000257,new_g547_fulltheta_counterfactual_update_probe_solver_row,True,True,maze-32-32-4|50|667|25|0|14650fb0739d0383,maze-32-32-4|a50|s667|it0|g547_fulltheta_smoke_maze_32_32_4_a50_s667_b1000,generated_theta::repair5g547_theta_000008,repair5g547_theta_000008,repair5g547_theta_000008,fulltheta_smoke::theta_min_edge_cost,maze-32-32-4,maze,50,667,1000,0,False,False,,,2294,368.3962,1,0,1145,,,False,,True,ef8f0d160cc2a725,alpha_commit=1.25|alpha_block=1.25|alpha_wait_spillover=0.75|rho_decay=0.94999999999999996|force_additive=0|enable_dual_channel=1|alpha_cong_commit_progress=1.25|alpha_cong_commit_nonprogress=1.25|alpha_cong_block=1.25|alpha_cong_wait_progress=0.75|alpha_cong_wait_nonprogress=0.75|alpha_flow_commit_progress=1|alpha_flow_wait_progress=1|rho_cong_decay=0.94999999999999996|rho_flow_decay=1|lambda_cong=1|lambda_flow=1|min_edge_cost=0.25|max_edge_cost=11|goal_projection_mode=flow_shield|flow_shield_beta=0.34999999999999998|max_flow_shield=0.75,14650fb0739d0383,1.25,1.25,1.25,0.75,0.75,1,1,0.95,1,1,1,0.35,0.75,0.25,11,1,0,0,1,0,0,50,25,0,1145,22.9,0,1,0,0,0.02,0.5,0.25,1,0.3,False,False,False,False,False,True
g547_fulltheta_smoke_00000258,new_g547_fulltheta_counterfactual_update_probe_solver_row,True,True,maze-32-32-4|50|667|25|0|14650fb0739d0383,maze-32-32-4|a50|s667|it0|g547_fulltheta_smoke_maze_32_32_4_a50_s667_b1000,generated_theta::repair5g547_theta_000009,repair5g547_theta_000009,repair5g547_theta_000009,fulltheta_smoke::theta_min_edge_cost,maze-32-32-4,maze,50,667,1000,0,False,False,,,2294,368.5397,1,0,1145,,,False,,True,e30a75611aecfe79,alpha_commit=1.25|alpha_block=1.25|alpha_wait_spillover=0.75|rho_decay=0.94999999999999996|force_additive=0|enable_dual_channel=1|alpha_cong_commit_progress=1.25|alpha_cong_commit_nonprogress=1.25|alpha_cong_block=1.25|alpha_cong_wait_progress=0.75|alpha_cong_wait_nonprogress=0.75|alpha_flow_commit_progress=1|alpha_flow_wait_progress=1|rho_cong_decay=0.94999999999999996|rho_flow_decay=1|lambda_cong=1|lambda_flow=1|min_edge_cost=1|max_edge_cost=11|goal_projection_mode=flow_shield|flow_shield_beta=0.34999999999999998|max_flow_shield=0.75,14650fb0739d0383,1.25,1.25,1.25,0.75,0.75,1,1,0.95,1,1,1,0.35,0.75,1,11,1,0,0,1,0,0,50,25,0,1145,22.9,0,1,0,0,0.02,0.5,0.25,1,0.3,False,False,False,False,False,True
g547_fulltheta_smoke_00000259,new_g547_fulltheta_counterfactual_update_probe_solver_row,True,True,maze-32-32-4|50|667|25|0|14650fb0739d0383,maze-32-32-4|a50|s667|it0|g547_fulltheta_smoke_maze_32_32_4_a50_s667_b1000,generated_theta::repair5g547_theta_000010,repair5g547_theta_000010,repair5g547_theta_000010,fulltheta_smoke::theta_max_edge_cost,maze-32-32-4,maze,50,667,1000,0,False,False,,,2294,368.2148,1,0,1145,,,False,,True,7a35172bbc1b94cb,alpha_commit=1.25|alpha_block=1.25|alpha_wait_spillover=0.75|rho_decay=0.94999999999999996|force_additive=0|enable_dual_channel=1|alpha_cong_commit_progress=1.25|alpha_cong_commit_nonprogress=1.25|alpha_cong_block=1.25|alpha_cong_wait_progress=0.75|alpha_cong_wait_nonprogress=0.75|alpha_flow_commit_progress=1|alpha_flow_wait_progress=1|rho_cong_decay=0.94999999999999996|rho_flow_decay=1|lambda_cong=1|lambda_flow=1|min_edge_cost=1|max_edge_cost=8|goal_projection_mode=flow_shield|flow_shield_beta=0.34999999999999998|max_flow_shield=0.75,14650fb0739d0383,1.25,1.25,1.25,0.75,0.75,1,1,0.95,1,1,1,0.35,0.75,1,8,1,0,0,1,0,0,50,25,0,1145,22.9,0,1,0,0,0.02,0.5,0.25,1,0.3,False,False,False,False,False,True
g547_fulltheta_smoke_00000260,new_g547_fulltheta_counterfactual_update_probe_solver_row,True,True,maze-32-32-4|50|667|25|0|14650fb0739d0383,maze-32-32-4|a50|s667|it0|g547_fulltheta_smoke_maze_32_32_4_a50_s667_b1000,generated_theta::repair5g547_theta_000011,repair5g547_theta_000011,repair5g547_theta_000011,fulltheta_smoke::theta_max_edge_cost,maze-32-32-4,maze,50,667,1000,0,False,False,,,2294,368.1857,1,0,1145,,,False,,True,35d66dc1ec012cc6,alpha_commit=1.25|alpha_block=1.25|alpha_wait_spillover=0.75|rho_decay=0.94999999999999996|force_additive=0|enable_dual_channel=1|alpha_cong_commit_progress=1.25|alpha_cong_commit_nonprogress=1.25|alpha_cong_block=1.25|alpha_cong_wait_progress=0.75|alpha_cong_wait_nonprogress=0.75|alpha_flow_commit_progress=1|alpha_flow_wait_progress=1|rho_cong_decay=0.94999999999999996|rho_flow_decay=1|lambda_cong=1|lambda_flow=1|min_edge_cost=1|max_edge_cost=12|goal_projection_mode=flow_shield|flow_shield_beta=0.34999999999999998|max_flow_shield=0.75,14650fb0739d0383,1.25,1.25,1.25,0.75,0.75,1,1,0.95,1,1,1,0.35,0.75,1,12,1,0,0,1,0,0,50,25,0,1145,22.9,0,1,0,0,0.02,0.5,0.25,1,0.3,False,False,False,False,False,True
g547_fulltheta_smoke_00000261,new_g547_fulltheta_counterfactual_update_probe_solver_row,True,True,maze-32-32-4|50|667|25|0|14650fb0739d0383,maze-32-32-4|a50|s667|it0|g547_fulltheta_smoke_maze_32_32_4_a50_s667_b1000,generated_theta::repair5g547_theta_000012,repair5g547_theta_000012,repair5g547_theta_000012,fulltheta_smoke::goal_projection_mode,maze-32-32-4,maze,50,667,1000,0,False,False,,,2294,367.7182,1,0,1145,,,False,,True,e30a75611aecfe79,alpha_commit=1.25|alpha_block=1.25|alpha_wait_spillover=0.75|rho_decay=0.94999999999999996|force_additive=0|enable_dual_channel=1|alpha_cong_commit_progress=1.25|alpha_cong_commit_nonprogress=1.25|alpha_cong_block=1.25|alpha_cong_wait_progress=0.75|alpha_cong_wait_nonprogress=0.75|alpha_flow_commit_progress=1|alpha_flow_wait_progress=1|rho_cong_decay=0.94999999999999996|rho_flow_decay=1|lambda_cong=1|lambda_flow=1|min_edge_cost=1|max_edge_cost=11|goal_projection_mode=flow_shield|flow_shield_beta=0.34999999999999998|max_flow_shield=0.75,14650fb0739d0383,1.25,1.25,1.25,0.75,0.75,1,1,0.95,1,1,1,0.35,0.75,1,11,1,0,0,1,0,0,50,25,0,1145,22.9,0,1,0,0,0.02,0.5,0.25,1,0.3,False,False,False,False,False,True
g547_fulltheta_smoke_00000262,new_g547_fulltheta_counterfactual_update_probe_solver_row,True,True,maze-32-32-4|50|667|25|0|14650fb0739d0383,maze-32-32-4|a50|s667|it0|g547_fulltheta_smoke_maze_32_32_4_a50_s667_b1000,generated_theta::repair5g547_theta_000013,repair5g547_theta_000013,repair5g547_theta_000013,fulltheta_smoke::goal_projection_mode,maze-32-32-4,maze,50,667,1000,0,False,False,,,2294,279.6219,1,0,1145,,,False,,True,562c13d7a176a2bc,alpha_commit=1.25|alpha_block=1.25|alpha_wait_spillover=0.75|rho_decay=0.94999999999999996|force_additive=0|enable_dual_channel=1|alpha_cong_commit_progress=1.25|alpha_cong_commit_nonprogress=1.25|alpha_cong_block=1.25|alpha_cong_wait_progress=0.75|alpha_cong_wait_nonprogress=0.75|alpha_flow_commit_progress=1|alpha_flow_wait_progress=1|rho_cong_decay=0.94999999999999996|rho_flow_decay=1|lambda_cong=1|lambda_flow=1|min_edge_cost=1|max_edge_cost=11|goal_projection_mode=agent_progress|flow_shield_beta=0.34999999999999998|max_flow_shield=0.75,14650fb0739d0383,1.25,1.25,1.25,0.75,0.75,1,1,0.95,1,1,1,0.35,0.75,1,11,0,1,0,1,0,0,50,25,0,1145,22.9,0,1,0,0,0.02,0.5,0.25,1,0.3,False,False,False,False,False,True
g547_fulltheta_smoke_00000263,new_g547_fulltheta_counterfactual_update_probe_solver_row,True,True,maze-32-32-4|50|667|25|0|14650fb0739d0383,maze-32-32-4|a50|s667|it0|g547_fulltheta_smoke_maze_32_32_4_a50_s667_b1000,generated_theta::repair5g547_theta_000014,repair5g547_theta_000014,repair5g547_theta_000014,fulltheta_smoke::goal_projection_mode,maze-32-32-4,maze,50,667,1000,0,False,False,,,2294,289.1538,1,0,1145,,,False,,True,b96f092bbcb39893,alpha_commit=1.25|alpha_block=1.25|alpha_wait_spillover=0.75|rho_decay=0.94999999999999996|force_additive=0|enable_dual_channel=1|alpha_cong_commit_progress=1.25|alpha_cong_commit_nonprogress=1.25|alpha_cong_block=1.25|alpha_cong_wait_progress=0.75|alpha_cong_wait_nonprogress=0.75|alpha_flow_commit_progress=1|alpha_flow_wait_progress=1|rho_cong_decay=0.94999999999999996|rho_flow_decay=1|lambda_cong=1|lambda_flow=1|min_edge_cost=1|max_edge_cost=11|goal_projection_mode=none|flow_shield_beta=0.34999999999999998|max_flow_shield=0.75,14650fb0739d0383,1.25,1.25,1.25,0.75,0.75,1,1,0.95,1,1,1,0.35,0.75,1,11,0,0,1,1,0,0,50,25,0,1145,22.9,0,1,0,0,0.02,0.5,0.25,1,0.3,False,False,False,False,False,True
g547_fulltheta_smoke_00000264,new_g547_fulltheta_counterfactual_update_probe_solver_row,True,True,maze-32-32-4|50|667|25|0|14650fb0739d0383,maze-32-32-4|a50|s667|it0|g547_fulltheta_smoke_maze_32_32_4_a50_s667_b1000,generated_theta::repair5g547_theta_000015,repair5g547_theta_000015,repair5g547_theta_000015,fulltheta_smoke::theta_alpha_cong_commit_nonprogress,maze-32-32-4,maze,50,667,1000,0,False,False,,,2294,343.1566,1,0,1145,,,False,,True,95eced852605b4c7,alpha_commit=0.5|alpha_block=1.25|alpha_wait_spillover=0.75|rho_decay=0.94999999999999996|force_additive=0|enable_dual_channel=1|alpha_cong_commit_progress=1.25|alpha_cong_commit_nonprogress=0.5|alpha_cong_block=1.25|alpha_cong_wait_progress=0.75|alpha_cong_wait_nonprogress=0.75|alpha_flow_commit_progress=1|alpha_flow_wait_progress=1|rho_cong_decay=0.94999999999999996|rho_flow_decay=1|lambda_cong=1|lambda_flow=1|min_edge_cost=1|max_edge_cost=11|goal_projection_mode=flow_shield|flow_shield_beta=0.34999999999999998|max_flow_shield=0.75,14650fb0739d0383,1.25,0.5,1.25,0.75,0.75,1,1,0.95,1,1,1,0.35,0.75,1,11,1,0,0,1,0,0,50,25,0,1145,22.9,0,1,0,0,0.02,0.5,0.25,1,0.3,False,False,False,False,False,True
g547_fulltheta_smoke_00000265,new_g547_fulltheta_counterfactual_update_probe_solver_row,True,True,maze-32-32-4|50|667|25|0|14650fb0739d0383,maze-32-32-4|a50|s667|it0|g547_fulltheta_smoke_maze_32_32_4_a50_s667_b1000,generated_theta::repair5g547_theta_000016,repair5g547_theta_000016,repair5g547_theta_000016,fulltheta_smoke::theta_alpha_cong_commit_nonprogress,maze-32-32-4,maze,50,667,1000,0,False,False,,,2294,354.5021,1,0,1145,,,False,,True,2a15243280de3947,alpha_commit=1.75|alpha_block=1.25|alpha_wait_spillover=0.75|rho_decay=0.94999999999999996|force_additive=0|enable_dual_channel=1|alpha_cong_commit_progress=1.25|alpha_cong_commit_nonprogress=1.75|alpha_cong_block=1.25|alpha_cong_wait_progress=0.75|alpha_cong_wait_nonprogress=0.75|alpha_flow_commit_progress=1|alpha_flow_wait_progress=1|rho_cong_decay=0.94999999999999996|rho_flow_decay=1|lambda_cong=1|lambda_flow=1|min_edge_cost=1|max_edge_cost=11|goal_projection_mode=flow_shield|flow_shield_beta=0.34999999999999998|max_flow_shield=0.75,14650fb0739d0383,1.25,1.75,1.25,0.75,0.75,1,1,0.95,1,1,1,0.35,0.75,1,11,1,0,0,1,0,0,50,25,0,1145,22.9,0,1,0,0,0.02,0.5,0.25,1,0.3,False,False,False,False,False,True
g547_fulltheta_smoke_00000266,new_g547_fulltheta_counterfactual_update_probe_solver_row,True,True,maze-32-32-4|50|667|25|0|14650fb0739d0383,maze-32-32-4|a50|s667|it0|g547_fulltheta_smoke_maze_32_32_4_a50_s667_b2000,additive_ltm,repair5g59_additive_fallback,repair5g59_additive_fallback,baseline,maze-32-32-4,maze,50,667,2000,0,False,False,,,2294,148.7404,1,0,1361,,,False,,True,35049bacad216c02,alpha_commit=1|alpha_block=1|alpha_wait_spillover=1|rho_decay=1|force_additive=1|enable_dual_channel=0|alpha_cong_commit_progress=0|alpha_cong_commit_nonprogress=1|alpha_cong_block=1|alpha_cong_wait_progress=1|alpha_cong_wait_nonprogress=1|alpha_flow_commit_progress=0|alpha_flow_wait_progress=0|rho_cong_decay=1|rho_flow_decay=1|lambda_cong=1|lambda_flow=0|min_edge_cost=0.25|max_edge_cost=11|goal_projection_mode=none|flow_shield_beta=0|max_flow_shield=0,14650fb0739d0383,0,1,1,1,1,0,0,1,1,1,0,0,0.25,0.25,11,0,0,1,1,0,0,50,25,0,1361,27.22,0,1,0,0,0.02,0.5,0.25,1,0.3,False,False,False,False,False,True
g547_fulltheta_smoke_00000267,new_g547_fulltheta_counterfactual_update_probe_solver_row,True,True,maze-32-32-4|50|667|25|0|14650fb0739d0383,maze-32-32-4|a50|s667|it0|g547_fulltheta_smoke_maze_32_32_4_a50_s667_b2000,static_flow_shield,repair5g59_static_flow_shield,repair5g59_static_flow_shield,baseline,maze-32-32-4,maze,50,667,2000,0,False,False,,,2294,226.6092,1,0,1361,,,False,,True,29737bed70c56f0d,alpha_commit=1.25|alpha_block=1.25|alpha_wait_spillover=0.75|rho_decay=0.94999999999999996|force_additive=0|enable_dual_channel=1|alpha_cong_commit_progress=1.25|alpha_cong_commit_nonprogress=1.25|alpha_cong_block=1.25|alpha_cong_wait_progress=0.75|alpha_cong_wait_nonprogress=0.75|alpha_flow_commit_progress=1|alpha_flow_wait_progress=0|rho_cong_decay=0.94999999999999996|rho_flow_decay=1|lambda_cong=1|lambda_flow=0|min_edge_cost=1|max_edge_cost=11|goal_projection_mode=flow_shield|flow_shield_beta=0.34999999999999998|max_flow_shield=0.75,14650fb0739d0383,1.25,1.25,1.25,0.75,0.75,1,1,0.95,1,1,1,0.35,0.75,1,11,1,0,0,1,0,0,50,25,0,1361,27.22,0,1,0,0,0.02,0.5,0.25,1,0.3,False,False,False,False,False,True
g547_fulltheta_smoke_00000268,new_g547_fulltheta_counterfactual_update_probe_solver_row,True,True,maze-32-32-4|50|667|25|0|14650fb0739d0383,maze-32-32-4|a50|s667|it0|g547_fulltheta_smoke_maze_32_32_4_a50_s667_b2000,frozen_family_static_goal_aware,repair5g59_high_beta_cap_safe,repair5g59_high_beta_cap_safe,baseline,maze-32-32-4,maze,50,667,2000,0,False,False,,,2294,249.0023,1,0,1361,,,False,,True,fbcf27bf34de68c,alpha_commit=1.25|alpha_block=1.25|alpha_wait_spillover=0.75|rho_decay=0.94999999999999996|force_additive=0|enable_dual_channel=1|alpha_cong_commit_progress=1.25|alpha_cong_commit_nonprogress=1.25|alpha_cong_block=1.25|alpha_cong_wait_progress=0.75|alpha_cong_wait_nonprogress=0.75|alpha_flow_commit_progress=1|alpha_flow_wait_progress=0|rho_cong_decay=0.94999999999999996|rho_flow_decay=1|lambda_cong=1|lambda_flow=0|min_edge_cost=1|max_edge_cost=11|goal_projection_mode=flow_shield|flow_shield_beta=0.59999999999999998|max_flow_shield=0.75,14650fb0739d0383,1.25,1.25,1.25,0.75,0.75,1,1,0.95,1,1,1,0.6,0.75,1,11,1,0,0,1,0,0,50,25,0,1361,27.22,0,1,0,0,0.02,0.5,0.25,1,0.3,False,False,False,False,False,True
g547_fulltheta_smoke_00000269,new_g547_fulltheta_counterfactual_update_probe_solver_row,True,True,maze-32-32-4|50|667|25|0|14650fb0739d0383,maze-32-32-4|a50|s667|it0|g547_fulltheta_smoke_maze_32_32_4_a50_s667_b2000,generated_theta::repair5g547_theta_000001,repair5g547_theta_000001,repair5g547_theta_000001,fulltheta_smoke::all_fields_reference,maze-32-32-4,maze,50,667,2000,0,False,False,,,2294,252.0028,1,0,1361,,,False,,True,e30a75611aecfe79,alpha_commit=1.25|alpha_block=1.25|alpha_wait_spillover=0.75|rho_decay=0.94999999999999996|force_additive=0|enable_dual_channel=1|alpha_cong_commit_progress=1.25|alpha_cong_commit_nonprogress=1.25|alpha_cong_block=1.25|alpha_cong_wait_progress=0.75|alpha_cong_wait_nonprogress=0.75|alpha_flow_commit_progress=1|alpha_flow_wait_progress=1|rho_cong_decay=0.94999999999999996|rho_flow_decay=1|lambda_cong=1|lambda_flow=1|min_edge_cost=1|max_edge_cost=11|goal_projection_mode=flow_shield|flow_shield_beta=0.34999999999999998|max_flow_shield=0.75,14650fb0739d0383,1.25,1.25,1.25,0.75,0.75,1,1,0.95,1,1,1,0.35,0.75,1,11,1,0,0,1,0,0,50,25,0,1361,27.22,0,1,0,0,0.02,0.5,0.25,1,0.3,False,False,False,False,False,True
g547_fulltheta_smoke_00000270,new_g547_fulltheta_counterfactual_update_probe_solver_row,True,True,maze-32-32-4|50|667|25|0|14650fb0739d0383,maze-32-32-4|a50|s667|it0|g547_fulltheta_smoke_maze_32_32_4_a50_s667_b2000,generated_theta::repair5g547_theta_000002,repair5g547_theta_000002,repair5g547_theta_000002,fulltheta_smoke::theta_lambda_flow,maze-32-32-4,maze,50,667,2000,0,False,False,,,2294,236.1748,1,0,1361,,,False,,True,a4814b677c6d1180,alpha_commit=1.25|alpha_block=1.25|alpha_wait_spillover=0.75|rho_decay=0.94999999999999996|force_additive=0|enable_dual_channel=1|alpha_cong_commit_progress=1.25|alpha_cong_commit_nonprogress=1.25|alpha_cong_block=1.25|alpha_cong_wait_progress=0.75|alpha_cong_wait_nonprogress=0.75|alpha_flow_commit_progress=1|alpha_flow_wait_progress=1|rho_cong_decay=0.94999999999999996|rho_flow_decay=1|lambda_cong=1|lambda_flow=0.10000000000000001|min_edge_cost=1|max_edge_cost=11|goal_projection_mode=flow_shield|flow_shield_beta=0.34999999999999998|max_flow_shield=0.75,14650fb0739d0383,1.25,1.25,1.25,0.75,0.75,1,1,0.95,1,1,0.1,0.35,0.75,1,11,1,0,0,1,0,0,50,25,0,1361,27.22,0,1,0,0,0.02,0.5,0.25,1,0.3,False,False,False,False,False,True
g547_fulltheta_smoke_00000271,new_g547_fulltheta_counterfactual_update_probe_solver_row,True,True,maze-32-32-4|50|667|25|0|14650fb0739d0383,maze-32-32-4|a50|s667|it0|g547_fulltheta_smoke_maze_32_32_4_a50_s667_b2000,generated_theta::repair5g547_theta_000003,repair5g547_theta_000003,repair5g547_theta_000003,fulltheta_smoke::theta_lambda_flow,maze-32-32-4,maze,50,667,2000,0,False,False,,,2294,256.2988,1,0,1361,,,False,,True,8584e99b6c1a5647,alpha_commit=1.25|alpha_block=1.25|alpha_wait_spillover=0.75|rho_decay=0.94999999999999996|force_additive=0|enable_dual_channel=1|alpha_cong_commit_progress=1.25|alpha_cong_commit_nonprogress=1.25|alpha_cong_block=1.25|alpha_cong_wait_progress=0.75|alpha_cong_wait_nonprogress=0.75|alpha_flow_commit_progress=1|alpha_flow_wait_progress=1|rho_cong_decay=0.94999999999999996|rho_flow_decay=1|lambda_cong=1|lambda_flow=1.3999999999999999|min_edge_cost=1|max_edge_cost=11|goal_projection_mode=flow_shield|flow_shield_beta=0.34999999999999998|max_flow_shield=0.75,14650fb0739d0383,1.25,1.25,1.25,0.75,0.75,1,1,0.95,1,1,1.4,0.35,0.75,1,11,1,0,0,1,0,0,50,25,0,1361,27.22,0,1,0,0,0.02,0.5,0.25,1,0.3,False,False,False,False,False,True
g547_fulltheta_smoke_00000272,new_g547_fulltheta_counterfactual_update_probe_solver_row,True,True,maze-32-32-4|50|667|25|0|14650fb0739d0383,maze-32-32-4|a50|s667|it0|g547_fulltheta_smoke_maze_32_32_4_a50_s667_b2000,generated_theta::repair5g547_theta_000004,repair5g547_theta_000004,repair5g547_theta_000004,fulltheta_smoke::theta_lambda_cong,maze-32-32-4,maze,50,667,2000,0,False,False,,,2294,246.8162,1,0,1361,,,False,,True,b5442e0c6c6741b0,alpha_commit=1.25|alpha_block=1.25|alpha_wait_spillover=0.75|rho_decay=0.94999999999999996|force_additive=0|enable_dual_channel=1|alpha_cong_commit_progress=1.25|alpha_cong_commit_nonprogress=1.25|alpha_cong_block=1.25|alpha_cong_wait_progress=0.75|alpha_cong_wait_nonprogress=0.75|alpha_flow_commit_progress=1|alpha_flow_wait_progress=1|rho_cong_decay=0.94999999999999996|rho_flow_decay=1|lambda_cong=0.59999999999999998|lambda_flow=1|min_edge_cost=1|max_edge_cost=11|goal_projection_mode=flow_shield|flow_shield_beta=0.34999999999999998|max_flow_shield=0.75,14650fb0739d0383,1.25,1.25,1.25,0.75,0.75,1,1,0.95,1,0.6,1,0.35,0.75,1,11,1,0,0,1,0,0,50,25,0,1361,27.22,0,1,0,0,0.02,0.5,0.25,1,0.3,False,False,False,False,False,True
g547_fulltheta_smoke_00000273,new_g547_fulltheta_counterfactual_update_probe_solver_row,True,True,maze-32-32-4|50|667|25|0|14650fb0739d0383,maze-32-32-4|a50|s667|it0|g547_fulltheta_smoke_maze_32_32_4_a50_s667_b2000,generated_theta::repair5g547_theta_000005,repair5g547_theta_000005,repair5g547_theta_000005,fulltheta_smoke::theta_lambda_cong,maze-32-32-4,maze,50,667,2000,0,False,False,,,2294,247.8255,1,0,1361,,,False,,True,77f3f55aa954d3f,alpha_commit=1.25|alpha_block=1.25|alpha_wait_spillover=0.75|rho_decay=0.94999999999999996|force_additive=0|enable_dual_channel=1|alpha_cong_commit_progress=1.25|alpha_cong_commit_nonprogress=1.25|alpha_cong_block=1.25|alpha_cong_wait_progress=0.75|alpha_cong_wait_nonprogress=0.75|alpha_flow_commit_progress=1|alpha_flow_wait_progress=1|rho_cong_decay=0.94999999999999996|rho_flow_decay=1|lambda_cong=1.3999999999999999|lambda_flow=1|min_edge_cost=1|max_edge_cost=11|goal_projection_mode=flow_shield|flow_shield_beta=0.34999999999999998|max_flow_shield=0.75,14650fb0739d0383,1.25,1.25,1.25,0.75,0.75,1,1,0.95,1,1.4,1,0.35,0.75,1,11,1,0,0,1,0,0,50,25,0,1361,27.22,0,1,0,0,0.02,0.5,0.25,1,0.3,False,False,False,False,False,True
g547_fulltheta_smoke_00000274,new_g547_fulltheta_counterfactual_update_probe_solver_row,True,True,maze-32-32-4|50|667|25|0|14650fb0739d0383,maze-32-32-4|a50|s667|it0|g547_fulltheta_smoke_maze_32_32_4_a50_s667_b2000,generated_theta::repair5g547_theta_000006,repair5g547_theta_000006,repair5g547_theta_000006,fulltheta_smoke::theta_alpha_flow_wait_progress,maze-32-32-4,maze,50,667,2000,0,False,False,,,2294,335.4307,1,0,1361,,,False,,True,29c4ecda70affb5a,alpha_commit=1.25|alpha_block=1.25|alpha_wait_spillover=0.75|rho_decay=0.94999999999999996|force_additive=0|enable_dual_channel=1|alpha_cong_commit_progress=1.25|alpha_cong_commit_nonprogress=1.25|alpha_cong_block=1.25|alpha_cong_wait_progress=0.75|alpha_cong_wait_nonprogress=0.75|alpha_flow_commit_progress=1|alpha_flow_wait_progress=0|rho_cong_decay=0.94999999999999996|rho_flow_decay=1|lambda_cong=1|lambda_flow=1|min_edge_cost=1|max_edge_cost=11|goal_projection_mode=flow_shield|flow_shield_beta=0.34999999999999998|max_flow_shield=0.75,14650fb0739d0383,1.25,1.25,1.25,0.75,0.75,1,0,0.95,1,1,1,0.35,0.75,1,11,1,0,0,1,0,0,50,25,0,1361,27.22,0,1,0,0,0.02,0.5,0.25,1,0.3,False,False,False,False,False,True
g547_fulltheta_smoke_00000275,new_g547_fulltheta_counterfactual_update_probe_solver_row,True,True,maze-32-32-4|50|667|25|0|14650fb0739d0383,maze-32-32-4|a50|s667|it0|g547_fulltheta_smoke_maze_32_32_4_a50_s667_b2000,generated_theta::repair5g547_theta_000007,repair5g547_theta_000007,repair5g547_theta_000007,fulltheta_smoke::theta_alpha_flow_wait_progress,maze-32-32-4,maze,50,667,2000,0,False,False,,,2294,358.8553,1,0,1361,,,False,,True,b5a183b18079a70d,alpha_commit=1.25|alpha_block=1.25|alpha_wait_spillover=0.75|rho_decay=0.94999999999999996|force_additive=0|enable_dual_channel=1|alpha_cong_commit_progress=1.25|alpha_cong_commit_nonprogress=1.25|alpha_cong_block=1.25|alpha_cong_wait_progress=0.75|alpha_cong_wait_nonprogress=0.75|alpha_flow_commit_progress=1|alpha_flow_wait_progress=1.2|rho_cong_decay=0.94999999999999996|rho_flow_decay=1|lambda_cong=1|lambda_flow=1|min_edge_cost=1|max_edge_cost=11|goal_projection_mode=flow_shield|flow_shield_beta=0.34999999999999998|max_flow_shield=0.75,14650fb0739d0383,1.25,1.25,1.25,0.75,0.75,1,1.2,0.95,1,1,1,0.35,0.75,1,11,1,0,0,1,0,0,50,25,0,1361,27.22,0,1,0,0,0.02,0.5,0.25,1,0.3,False,False,False,False,False,True
g547_fulltheta_smoke_00000276,new_g547_fulltheta_counterfactual_update_probe_solver_row,True,True,maze-32-32-4|50|667|25|0|14650fb0739d0383,maze-32-32-4|a50|s667|it0|g547_fulltheta_smoke_maze_32_32_4_a50_s667_b2000,generated_theta::repair5g547_theta_000008,repair5g547_theta_000008,repair5g547_theta_000008,fulltheta_smoke::theta_min_edge_cost,maze-32-32-4,maze,50,667,2000,0,False,False,,,2294,364.9512,1,0,1361,,,False,,True,ef8f0d160cc2a725,alpha_commit=1.25|alpha_block=1.25|alpha_wait_spillover=0.75|rho_decay=0.94999999999999996|force_additive=0|enable_dual_channel=1|alpha_cong_commit_progress=1.25|alpha_cong_commit_nonprogress=1.25|alpha_cong_block=1.25|alpha_cong_wait_progress=0.75|alpha_cong_wait_nonprogress=0.75|alpha_flow_commit_progress=1|alpha_flow_wait_progress=1|rho_cong_decay=0.94999999999999996|rho_flow_decay=1|lambda_cong=1|lambda_flow=1|min_edge_cost=0.25|max_edge_cost=11|goal_projection_mode=flow_shield|flow_shield_beta=0.34999999999999998|max_flow_shield=0.75,14650fb0739d0383,1.25,1.25,1.25,0.75,0.75,1,1,0.95,1,1,1,0.35,0.75,0.25,11,1,0,0,1,0,0,50,25,0,1361,27.22,0,1,0,0,0.02,0.5,0.25,1,0.3,False,False,False,False,False,True
g547_fulltheta_smoke_00000277,new_g547_fulltheta_counterfactual_update_probe_solver_row,True,True,maze-32-32-4|50|667|25|0|14650fb0739d0383,maze-32-32-4|a50|s667|it0|g547_fulltheta_smoke_maze_32_32_4_a50_s667_b2000,generated_theta::repair5g547_theta_000009,repair5g547_theta_000009,repair5g547_theta_000009,fulltheta_smoke::theta_min_edge_cost,maze-32-32-4,maze,50,667,2000,0,False,False,,,2294,367.2495,1,0,1361,,,False,,True,e30a75611aecfe79,alpha_commit=1.25|alpha_block=1.25|alpha_wait_spillover=0.75|rho_decay=0.94999999999999996|force_additive=0|enable_dual_channel=1|alpha_cong_commit_progress=1.25|alpha_cong_commit_nonprogress=1.25|alpha_cong_block=1.25|alpha_cong_wait_progress=0.75|alpha_cong_wait_nonprogress=0.75|alpha_flow_commit_progress=1|alpha_flow_wait_progress=1|rho_cong_decay=0.94999999999999996|rho_flow_decay=1|lambda_cong=1|lambda_flow=1|min_edge_cost=1|max_edge_cost=11|goal_projection_mode=flow_shield|flow_shield_beta=0.34999999999999998|max_flow_shield=0.75,14650fb0739d0383,1.25,1.25,1.25,0.75,0.75,1,1,0.95,1,1,1,0.35,0.75,1,11,1,0,0,1,0,0,50,25,0,1361,27.22,0,1,0,0,0.02,0.5,0.25,1,0.3,False,False,False,False,False,True
g547_fulltheta_smoke_00000278,new_g547_fulltheta_counterfactual_update_probe_solver_row,True,True,maze-32-32-4|50|667|25|0|14650fb0739d0383,maze-32-32-4|a50|s667|it0|g547_fulltheta_smoke_maze_32_32_4_a50_s667_b2000,generated_theta::repair5g547_theta_000010,repair5g547_theta_000010,repair5g547_theta_000010,fulltheta_smoke::theta_max_edge_cost,maze-32-32-4,maze,50,667,2000,0,False,False,,,2294,365.1002,1,0,1361,,,False,,True,7a35172bbc1b94cb,alpha_commit=1.25|alpha_block=1.25|alpha_wait_spillover=0.75|rho_decay=0.94999999999999996|force_additive=0|enable_dual_channel=1|alpha_cong_commit_progress=1.25|alpha_cong_commit_nonprogress=1.25|alpha_cong_block=1.25|alpha_cong_wait_progress=0.75|alpha_cong_wait_nonprogress=0.75|alpha_flow_commit_progress=1|alpha_flow_wait_progress=1|rho_cong_decay=0.94999999999999996|rho_flow_decay=1|lambda_cong=1|lambda_flow=1|min_edge_cost=1|max_edge_cost=8|goal_projection_mode=flow_shield|flow_shield_beta=0.34999999999999998|max_flow_shield=0.75,14650fb0739d0383,1.25,1.25,1.25,0.75,0.75,1,1,0.95,1,1,1,0.35,0.75,1,8,1,0,0,1,0,0,50,25,0,1361,27.22,0,1,0,0,0.02,0.5,0.25,1,0.3,False,False,False,False,False,True
g547_fulltheta_smoke_00000279,new_g547_fulltheta_counterfactual_update_probe_solver_row,True,True,maze-32-32-4|50|667|25|0|14650fb0739d0383,maze-32-32-4|a50|s667|it0|g547_fulltheta_smoke_maze_32_32_4_a50_s667_b2000,generated_theta::repair5g547_theta_000011,repair5g547_theta_000011,repair5g547_theta_000011,fulltheta_smoke::theta_max_edge_cost,maze-32-32-4,maze,50,667,2000,0,False,False,,,2294,364.3109,1,0,1361,,,False,,True,35d66dc1ec012cc6,alpha_commit=1.25|alpha_block=1.25|alpha_wait_spillover=0.75|rho_decay=0.94999999999999996|force_additive=0|enable_dual_channel=1|alpha_cong_commit_progress=1.25|alpha_cong_commit_nonprogress=1.25|alpha_cong_block=1.25|alpha_cong_wait_progress=0.75|alpha_cong_wait_nonprogress=0.75|alpha_flow_commit_progress=1|alpha_flow_wait_progress=1|rho_cong_decay=0.94999999999999996|rho_flow_decay=1|lambda_cong=1|lambda_flow=1|min_edge_cost=1|max_edge_cost=12|goal_projection_mode=flow_shield|flow_shield_beta=0.34999999999999998|max_flow_shield=0.75,14650fb0739d0383,1.25,1.25,1.25,0.75,0.75,1,1,0.95,1,1,1,0.35,0.75,1,12,1,0,0,1,0,0,50,25,0,1361,27.22,0,1,0,0,0.02,0.5,0.25,1,0.3,False,False,False,False,False,True
g547_fulltheta_smoke_00000280,new_g547_fulltheta_counterfactual_update_probe_solver_row,True,True,maze-32-32-4|50|667|25|0|14650fb0739d0383,maze-32-32-4|a50|s667|it0|g547_fulltheta_smoke_maze_32_32_4_a50_s667_b2000,generated_theta::repair5g547_theta_000012,repair5g547_theta_000012,repair5g547_theta_000012,fulltheta_smoke::goal_projection_mode,maze-32-32-4,maze,50,667,2000,0,False,False,,,2294,360.4988,1,0,1361,,,False,,True,e30a75611aecfe79,alpha_commit=1.25|alpha_block=1.25|alpha_wait_spillover=0.75|rho_decay=0.94999999999999996|force_additive=0|enable_dual_channel=1|alpha_cong_commit_progress=1.25|alpha_cong_commit_nonprogress=1.25|alpha_cong_block=1.25|alpha_cong_wait_progress=0.75|alpha_cong_wait_nonprogress=0.75|alpha_flow_commit_progress=1|alpha_flow_wait_progress=1|rho_cong_decay=0.94999999999999996|rho_flow_decay=1|lambda_cong=1|lambda_flow=1|min_edge_cost=1|max_edge_cost=11|goal_projection_mode=flow_shield|flow_shield_beta=0.34999999999999998|max_flow_shield=0.75,14650fb0739d0383,1.25,1.25,1.25,0.75,0.75,1,1,0.95,1,1,1,0.35,0.75,1,11,1,0,0,1,0,0,50,25,0,1361,27.22,0,1,0,0,0.02,0.5,0.25,1,0.3,False,False,False,False,False,True
g547_fulltheta_smoke_00000281,new_g547_fulltheta_counterfactual_update_probe_solver_row,True,True,maze-32-32-4|50|667|25|0|14650fb0739d0383,maze-32-32-4|a50|s667|it0|g547_fulltheta_smoke_maze_32_32_4_a50_s667_b2000,generated_theta::repair5g547_theta_000013,repair5g547_theta_000013,repair5g547_theta_000013,fulltheta_smoke::goal_projection_mode,maze-32-32-4,maze,50,667,2000,0,False,False,,,2294,334.0646,1,0,1361,,,False,,True,562c13d7a176a2bc,alpha_commit=1.25|alpha_block=1.25|alpha_wait_spillover=0.75|rho_decay=0.94999999999999996|force_additive=0|enable_dual_channel=1|alpha_cong_commit_progress=1.25|alpha_cong_commit_nonprogress=1.25|alpha_cong_block=1.25|alpha_cong_wait_progress=0.75|alpha_cong_wait_nonprogress=0.75|alpha_flow_commit_progress=1|alpha_flow_wait_progress=1|rho_cong_decay=0.94999999999999996|rho_flow_decay=1|lambda_cong=1|lambda_flow=1|min_edge_cost=1|max_edge_cost=11|goal_projection_mode=agent_progress|flow_shield_beta=0.34999999999999998|max_flow_shield=0.75,14650fb0739d0383,1.25,1.25,1.25,0.75,0.75,1,1,0.95,1,1,1,0.35,0.75,1,11,0,1,0,1,0,0,50,25,0,1361,27.22,0,1,0,0,0.02,0.5,0.25,1,0.3,False,False,False,False,False,True
g547_fulltheta_smoke_00000282,new_g547_fulltheta_counterfactual_update_probe_solver_row,True,True,maze-32-32-4|50|667|25|0|14650fb0739d0383,maze-32-32-4|a50|s667|it0|g547_fulltheta_smoke_maze_32_32_4_a50_s667_b2000,generated_theta::repair5g547_theta_000014,repair5g547_theta_000014,repair5g547_theta_000014,fulltheta_smoke::goal_projection_mode,maze-32-32-4,maze,50,667,2000,0,False,False,,,2294,309.1198,1,0,1361,,,False,,True,b96f092bbcb39893,alpha_commit=1.25|alpha_block=1.25|alpha_wait_spillover=0.75|rho_decay=0.94999999999999996|force_additive=0|enable_dual_channel=1|alpha_cong_commit_progress=1.25|alpha_cong_commit_nonprogress=1.25|alpha_cong_block=1.25|alpha_cong_wait_progress=0.75|alpha_cong_wait_nonprogress=0.75|alpha_flow_commit_progress=1|alpha_flow_wait_progress=1|rho_cong_decay=0.94999999999999996|rho_flow_decay=1|lambda_cong=1|lambda_flow=1|min_edge_cost=1|max_edge_cost=11|goal_projection_mode=none|flow_shield_beta=0.34999999999999998|max_flow_shield=0.75,14650fb0739d0383,1.25,1.25,1.25,0.75,0.75,1,1,0.95,1,1,1,0.35,0.75,1,11,0,0,1,1,0,0,50,25,0,1361,27.22,0,1,0,0,0.02,0.5,0.25,1,0.3,False,False,False,False,False,True
g547_fulltheta_smoke_00000283,new_g547_fulltheta_counterfactual_update_probe_solver_row,True,True,maze-32-32-4|50|667|25|0|14650fb0739d0383,maze-32-32-4|a50|s667|it0|g547_fulltheta_smoke_maze_32_32_4_a50_s667_b2000,generated_theta::repair5g547_theta_000015,repair5g547_theta_000015,repair5g547_theta_000015,fulltheta_smoke::theta_alpha_cong_commit_nonprogress,maze-32-32-4,maze,50,667,2000,0,False,False,,,2294,355.7061,1,0,1361,,,False,,True,95eced852605b4c7,alpha_commit=0.5|alpha_block=1.25|alpha_wait_spillover=0.75|rho_decay=0.94999999999999996|force_additive=0|enable_dual_channel=1|alpha_cong_commit_progress=1.25|alpha_cong_commit_nonprogress=0.5|alpha_cong_block=1.25|alpha_cong_wait_progress=0.75|alpha_cong_wait_nonprogress=0.75|alpha_flow_commit_progress=1|alpha_flow_wait_progress=1|rho_cong_decay=0.94999999999999996|rho_flow_decay=1|lambda_cong=1|lambda_flow=1|min_edge_cost=1|max_edge_cost=11|goal_projection_mode=flow_shield|flow_shield_beta=0.34999999999999998|max_flow_shield=0.75,14650fb0739d0383,1.25,0.5,1.25,0.75,0.75,1,1,0.95,1,1,1,0.35,0.75,1,11,1,0,0,1,0,0,50,25,0,1361,27.22,0,1,0,0,0.02,0.5,0.25,1,0.3,False,False,False,False,False,True
g547_fulltheta_smoke_00000284,new_g547_fulltheta_counterfactual_update_probe_solver_row,True,True,maze-32-32-4|50|667|25|0|14650fb0739d0383,maze-32-32-4|a50|s667|it0|g547_fulltheta_smoke_maze_32_32_4_a50_s667_b2000,generated_theta::repair5g547_theta_000016,repair5g547_theta_000016,repair5g547_theta_000016,fulltheta_smoke::theta_alpha_cong_commit_nonprogress,maze-32-32-4,maze,50,667,2000,0,False,False,,,2294,359.2204,1,0,1361,,,False,,True,2a15243280de3947,alpha_commit=1.75|alpha_block=1.25|alpha_wait_spillover=0.75|rho_decay=0.94999999999999996|force_additive=0|enable_dual_channel=1|alpha_cong_commit_progress=1.25|alpha_cong_commit_nonprogress=1.75|alpha_cong_block=1.25|alpha_cong_wait_progress=0.75|alpha_cong_wait_nonprogress=0.75|alpha_flow_commit_progress=1|alpha_flow_wait_progress=1|rho_cong_decay=0.94999999999999996|rho_flow_decay=1|lambda_cong=1|lambda_flow=1|min_edge_cost=1|max_edge_cost=11|goal_projection_mode=flow_shield|flow_shield_beta=0.34999999999999998|max_flow_shield=0.75,14650fb0739d0383,1.25,1.75,1.25,0.75,0.75,1,1,0.95,1,1,1,0.35,0.75,1,11,1,0,0,1,0,0,50,25,0,1361,27.22,0,1,0,0,0.02,0.5,0.25,1,0.3,False,False,False,False,False,True
g547_fulltheta_smoke_00000285,new_g547_fulltheta_counterfactual_update_probe_solver_row,True,True,maze-32-32-4|50|668|25|0|14650fb0739d0383,maze-32-32-4|a50|s668|it0|g547_fulltheta_smoke_maze_32_32_4_a50_s668_b500,additive_ltm,repair5g59_additive_fallback,repair5g59_additive_fallback,baseline,maze-32-32-4,maze,50,668,500,0,False,False,,,2300,153.8457,1,0,1759,,,False,,True,35049bacad216c02,alpha_commit=1|alpha_block=1|alpha_wait_spillover=1|rho_decay=1|force_additive=1|enable_dual_channel=0|alpha_cong_commit_progress=0|alpha_cong_commit_nonprogress=1|alpha_cong_block=1|alpha_cong_wait_progress=1|alpha_cong_wait_nonprogress=1|alpha_flow_commit_progress=0|alpha_flow_wait_progress=0|rho_cong_decay=1|rho_flow_decay=1|lambda_cong=1|lambda_flow=0|min_edge_cost=0.25|max_edge_cost=11|goal_projection_mode=none|flow_shield_beta=0|max_flow_shield=0,14650fb0739d0383,0,1,1,1,1,0,0,1,1,1,0,0,0.25,0.25,11,0,0,1,1,0,0,50,25,0,1759,35.18,0,1,0,0,0.02,0.5,0.25,1,0.3,False,False,False,False,False,True
g547_fulltheta_smoke_00000286,new_g547_fulltheta_counterfactual_update_probe_solver_row,True,True,maze-32-32-4|50|668|25|0|14650fb0739d0383,maze-32-32-4|a50|s668|it0|g547_fulltheta_smoke_maze_32_32_4_a50_s668_b500,static_flow_shield,repair5g59_static_flow_shield,repair5g59_static_flow_shield,baseline,maze-32-32-4,maze,50,668,500,0,False,False,,,2300,245.0422,1,0,1759,,,False,,True,29737bed70c56f0d,alpha_commit=1.25|alpha_block=1.25|alpha_wait_spillover=0.75|rho_decay=0.94999999999999996|force_additive=0|enable_dual_channel=1|alpha_cong_commit_progress=1.25|alpha_cong_commit_nonprogress=1.25|alpha_cong_block=1.25|alpha_cong_wait_progress=0.75|alpha_cong_wait_nonprogress=0.75|alpha_flow_commit_progress=1|alpha_flow_wait_progress=0|rho_cong_decay=0.94999999999999996|rho_flow_decay=1|lambda_cong=1|lambda_flow=0|min_edge_cost=1|max_edge_cost=11|goal_projection_mode=flow_shield|flow_shield_beta=0.34999999999999998|max_flow_shield=0.75,14650fb0739d0383,1.25,1.25,1.25,0.75,0.75,1,1,0.95,1,1,1,0.35,0.75,1,11,1,0,0,1,0,0,50,25,0,1759,35.18,0,1,0,0,0.02,0.5,0.25,1,0.3,False,False,False,False,False,True
g547_fulltheta_smoke_00000287,new_g547_fulltheta_counterfactual_update_probe_solver_row,True,True,maze-32-32-4|50|668|25|0|14650fb0739d0383,maze-32-32-4|a50|s668|it0|g547_fulltheta_smoke_maze_32_32_4_a50_s668_b500,frozen_family_static_goal_aware,repair5g59_high_beta_cap_safe,repair5g59_high_beta_cap_safe,baseline,maze-32-32-4,maze,50,668,500,0,False,False,,,2300,233.429,1,0,1759,,,False,,True,fbcf27bf34de68c,alpha_commit=1.25|alpha_block=1.25|alpha_wait_spillover=0.75|rho_decay=0.94999999999999996|force_additive=0|enable_dual_channel=1|alpha_cong_commit_progress=1.25|alpha_cong_commit_nonprogress=1.25|alpha_cong_block=1.25|alpha_cong_wait_progress=0.75|alpha_cong_wait_nonprogress=0.75|alpha_flow_commit_progress=1|alpha_flow_wait_progress=0|rho_cong_decay=0.94999999999999996|rho_flow_decay=1|lambda_cong=1|lambda_flow=0|min_edge_cost=1|max_edge_cost=11|goal_projection_mode=flow_shield|flow_shield_beta=0.59999999999999998|max_flow_shield=0.75,14650fb0739d0383,1.25,1.25,1.25,0.75,0.75,1,1,0.95,1,1,1,0.6,0.75,1,11,1,0,0,1,0,0,50,25,0,1759,35.18,0,1,0,0,0.02,0.5,0.25,1,0.3,False,False,False,False,False,True
g547_fulltheta_smoke_00000288,new_g547_fulltheta_counterfactual_update_probe_solver_row,True,True,maze-32-32-4|50|668|25|0|14650fb0739d0383,maze-32-32-4|a50|s668|it0|g547_fulltheta_smoke_maze_32_32_4_a50_s668_b500,generated_theta::repair5g547_theta_000001,repair5g547_theta_000001,repair5g547_theta_000001,fulltheta_smoke::all_fields_reference,maze-32-32-4,maze,50,668,500,0,False,False,,,2300,252.0353,1,0,1759,,,False,,True,e30a75611aecfe79,alpha_commit=1.25|alpha_block=1.25|alpha_wait_spillover=0.75|rho_decay=0.94999999999999996|force_additive=0|enable_dual_channel=1|alpha_cong_commit_progress=1.25|alpha_cong_commit_nonprogress=1.25|alpha_cong_block=1.25|alpha_cong_wait_progress=0.75|alpha_cong_wait_nonprogress=0.75|alpha_flow_commit_progress=1|alpha_flow_wait_progress=1|rho_cong_decay=0.94999999999999996|rho_flow_decay=1|lambda_cong=1|lambda_flow=1|min_edge_cost=1|max_edge_cost=11|goal_projection_mode=flow_shield|flow_shield_beta=0.34999999999999998|max_flow_shield=0.75,14650fb0739d0383,1.25,1.25,1.25,0.75,0.75,1,1,0.95,1,1,1,0.35,0.75,1,11,1,0,0,1,0,0,50,25,0,1759,35.18,0,1,0,0,0.02,0.5,0.25,1,0.3,False,False,False,False,False,True
g547_fulltheta_smoke_00000289,new_g547_fulltheta_counterfactual_update_probe_solver_row,True,True,maze-32-32-4|50|668|25|0|14650fb0739d0383,maze-32-32-4|a50|s668|it0|g547_fulltheta_smoke_maze_32_32_4_a50_s668_b500,generated_theta::repair5g547_theta_000002,repair5g547_theta_000002,repair5g547_theta_000002,fulltheta_smoke::theta_lambda_flow,maze-32-32-4,maze,50,668,500,0,False,False,,,2300,253.1534,1,0,1759,,,False,,True,a4814b677c6d1180,alpha_commit=1.25|alpha_block=1.25|alpha_wait_spillover=0.75|rho_decay=0.94999999999999996|force_additive=0|enable_dual_channel=1|alpha_cong_commit_progress=1.25|alpha_cong_commit_nonprogress=1.25|alpha_cong_block=1.25|alpha_cong_wait_progress=0.75|alpha_cong_wait_nonprogress=0.75|alpha_flow_commit_progress=1|alpha_flow_wait_progress=1|rho_cong_decay=0.94999999999999996|rho_flow_decay=1|lambda_cong=1|lambda_flow=0.10000000000000001|min_edge_cost=1|max_edge_cost=11|goal_projection_mode=flow_shield|flow_shield_beta=0.34999999999999998|max_flow_shield=0.75,14650fb0739d0383,1.25,1.25,1.25,0.75,0.75,1,1,0.95,1,1,0.1,0.35,0.75,1,11,1,0,0,1,0,0,50,25,0,1759,35.18,0,1,0,0,0.02,0.5,0.25,1,0.3,False,False,False,False,False,True
g547_fulltheta_smoke_00000290,new_g547_fulltheta_counterfactual_update_probe_solver_row,True,True,maze-32-32-4|50|668|25|0|14650fb0739d0383,maze-32-32-4|a50|s668|it0|g547_fulltheta_smoke_maze_32_32_4_a50_s668_b500,generated_theta::repair5g547_theta_000003,repair5g547_theta_000003,repair5g547_theta_000003,fulltheta_smoke::theta_lambda_flow,maze-32-32-4,maze,50,668,500,0,False,False,,,2300,238.1758,1,0,1759,,,False,,True,8584e99b6c1a5647,alpha_commit=1.25|alpha_block=1.25|alpha_wait_spillover=0.75|rho_decay=0.94999999999999996|force_additive=0|enable_dual_channel=1|alpha_cong_commit_progress=1.25|alpha_cong_commit_nonprogress=1.25|alpha_cong_block=1.25|alpha_cong_wait_progress=0.75|alpha_cong_wait_nonprogress=0.75|alpha_flow_commit_progress=1|alpha_flow_wait_progress=1|rho_cong_decay=0.94999999999999996|rho_flow_decay=1|lambda_cong=1|lambda_flow=1.3999999999999999|min_edge_cost=1|max_edge_cost=11|goal_projection_mode=flow_shield|flow_shield_beta=0.34999999999999998|max_flow_shield=0.75,14650fb0739d0383,1.25,1.25,1.25,0.75,0.75,1,1,0.95,1,1,1.4,0.35,0.75,1,11,1,0,0,1,0,0,50,25,0,1759,35.18,0,1,0,0,0.02,0.5,0.25,1,0.3,False,False,False,False,False,True
g547_fulltheta_smoke_00000291,new_g547_fulltheta_counterfactual_update_probe_solver_row,True,True,maze-32-32-4|50|668|25|0|14650fb0739d0383,maze-32-32-4|a50|s668|it0|g547_fulltheta_smoke_maze_32_32_4_a50_s668_b500,generated_theta::repair5g547_theta_000004,repair5g547_theta_000004,repair5g547_theta_000004,fulltheta_smoke::theta_lambda_cong,maze-32-32-4,maze,50,668,500,0,False,False,,,2300,246.5687,1,0,1759,,,False,,True,b5442e0c6c6741b0,alpha_commit=1.25|alpha_block=1.25|alpha_wait_spillover=0.75|rho_decay=0.94999999999999996|force_additive=0|enable_dual_channel=1|alpha_cong_commit_progress=1.25|alpha_cong_commit_nonprogress=1.25|alpha_cong_block=1.25|alpha_cong_wait_progress=0.75|alpha_cong_wait_nonprogress=0.75|alpha_flow_commit_progress=1|alpha_flow_wait_progress=1|rho_cong_decay=0.94999999999999996|rho_flow_decay=1|lambda_cong=0.59999999999999998|lambda_flow=1|min_edge_cost=1|max_edge_cost=11|goal_projection_mode=flow_shield|flow_shield_beta=0.34999999999999998|max_flow_shield=0.75,14650fb0739d0383,1.25,1.25,1.25,0.75,0.75,1,1,0.95,1,0.6,1,0.35,0.75,1,11,1,0,0,1,0,0,50,25,0,1759,35.18,0,1,0,0,0.02,0.5,0.25,1,0.3,False,False,False,False,False,True
g547_fulltheta_smoke_00000292,new_g547_fulltheta_counterfactual_update_probe_solver_row,True,True,maze-32-32-4|50|668|25|0|14650fb0739d0383,maze-32-32-4|a50|s668|it0|g547_fulltheta_smoke_maze_32_32_4_a50_s668_b500,generated_theta::repair5g547_theta_000005,repair5g547_theta_000005,repair5g547_theta_000005,fulltheta_smoke::theta_lambda_cong,maze-32-32-4,maze,50,668,500,0,False,False,,,2300,244.6344,1,0,1759,,,False,,True,77f3f55aa954d3f,alpha_commit=1.25|alpha_block=1.25|alpha_wait_spillover=0.75|rho_decay=0.94999999999999996|force_additive=0|enable_dual_channel=1|alpha_cong_commit_progress=1.25|alpha_cong_commit_nonprogress=1.25|alpha_cong_block=1.25|alpha_cong_wait_progress=0.75|alpha_cong_wait_nonprogress=0.75|alpha_flow_commit_progress=1|alpha_flow_wait_progress=1|rho_cong_decay=0.94999999999999996|rho_flow_decay=1|lambda_cong=1.3999999999999999|lambda_flow=1|min_edge_cost=1|max_edge_cost=11|goal_projection_mode=flow_shield|flow_shield_beta=0.34999999999999998|max_flow_shield=0.75,14650fb0739d0383,1.25,1.25,1.25,0.75,0.75,1,1,0.95,1,1.4,1,0.35,0.75,1,11,1,0,0,1,0,0,50,25,0,1759,35.18,0,1,0,0,0.02,0.5,0.25,1,0.3,False,False,False,False,False,True
g547_fulltheta_smoke_00000293,new_g547_fulltheta_counterfactual_update_probe_solver_row,True,True,maze-32-32-4|50|668|25|0|14650fb0739d0383,maze-32-32-4|a50|s668|it0|g547_fulltheta_smoke_maze_32_32_4_a50_s668_b500,generated_theta::repair5g547_theta_000006,repair5g547_theta_000006,repair5g547_theta_000006,fulltheta_smoke::theta_alpha_flow_wait_progress,maze-32-32-4,maze,50,668,500,0,False,False,,,2300,343.5757,1,0,1759,,,False,,True,29c4ecda70affb5a,alpha_commit=1.25|alpha_block=1.25|alpha_wait_spillover=0.75|rho_decay=0.94999999999999996|force_additive=0|enable_dual_channel=1|alpha_cong_commit_progress=1.25|alpha_cong_commit_nonprogress=1.25|alpha_cong_block=1.25|alpha_cong_wait_progress=0.75|alpha_cong_wait_nonprogress=0.75|alpha_flow_commit_progress=1|alpha_flow_wait_progress=0|rho_cong_decay=0.94999999999999996|rho_flow_decay=1|lambda_cong=1|lambda_flow=1|min_edge_cost=1|max_edge_cost=11|goal_projection_mode=flow_shield|flow_shield_beta=0.34999999999999998|max_flow_shield=0.75,14650fb0739d0383,1.25,1.25,1.25,0.75,0.75,1,0,0.95,1,1,1,0.35,0.75,1,11,1,0,0,1,0,0,50,25,0,1759,35.18,0,1,0,0,0.02,0.5,0.25,1,0.3,False,False,False,False,False,True
g547_fulltheta_smoke_00000294,new_g547_fulltheta_counterfactual_update_probe_solver_row,True,True,maze-32-32-4|50|668|25|0|14650fb0739d0383,maze-32-32-4|a50|s668|it0|g547_fulltheta_smoke_maze_32_32_4_a50_s668_b500,generated_theta::repair5g547_theta_000007,repair5g547_theta_000007,repair5g547_theta_000007,fulltheta_smoke::theta_alpha_flow_wait_progress,maze-32-32-4,maze,50,668,500,0,False,False,,,2300,337.7645,1,0,1759,,,False,,True,b5a183b18079a70d,alpha_commit=1.25|alpha_block=1.25|alpha_wait_spillover=0.75|rho_decay=0.94999999999999996|force_additive=0|enable_dual_channel=1|alpha_cong_commit_progress=1.25|alpha_cong_commit_nonprogress=1.25|alpha_cong_block=1.25|alpha_cong_wait_progress=0.75|alpha_cong_wait_nonprogress=0.75|alpha_flow_commit_progress=1|alpha_flow_wait_progress=1.2|rho_cong_decay=0.94999999999999996|rho_flow_decay=1|lambda_cong=1|lambda_flow=1|min_edge_cost=1|max_edge_cost=11|goal_projection_mode=flow_shield|flow_shield_beta=0.34999999999999998|max_flow_shield=0.75,14650fb0739d0383,1.25,1.25,1.25,0.75,0.75,1,1.2,0.95,1,1,1,0.35,0.75,1,11,1,0,0,1,0,0,50,25,0,1759,35.18,0,1,0,0,0.02,0.5,0.25,1,0.3,False,False,False,False,False,True
g547_fulltheta_smoke_00000295,new_g547_fulltheta_counterfactual_update_probe_solver_row,True,True,maze-32-32-4|50|668|25|0|14650fb0739d0383,maze-32-32-4|a50|s668|it0|g547_fulltheta_smoke_maze_32_32_4_a50_s668_b500,generated_theta::repair5g547_theta_000008,repair5g547_theta_000008,repair5g547_theta_000008,fulltheta_smoke::theta_min_edge_cost,maze-32-32-4,maze,50,668,500,0,False,False,,,2300,342.3019,1,0,1759,,,False,,True,ef8f0d160cc2a725,alpha_commit=1.25|alpha_block=1.25|alpha_wait_spillover=0.75|rho_decay=0.94999999999999996|force_additive=0|enable_dual_channel=1|alpha_cong_commit_progress=1.25|alpha_cong_commit_nonprogress=1.25|alpha_cong_block=1.25|alpha_cong_wait_progress=0.75|alpha_cong_wait_nonprogress=0.75|alpha_flow_commit_progress=1|alpha_flow_wait_progress=1|rho_cong_decay=0.94999999999999996|rho_flow_decay=1|lambda_cong=1|lambda_flow=1|min_edge_cost=0.25|max_edge_cost=11|goal_projection_mode=flow_shield|flow_shield_beta=0.34999999999999998|max_flow_shield=0.75,14650fb0739d0383,1.25,1.25,1.25,0.75,0.75,1,1,0.95,1,1,1,0.35,0.75,0.25,11,1,0,0,1,0,0,50,25,0,1759,35.18,0,1,0,0,0.02,0.5,0.25,1,0.3,False,False,False,False,False,True
g547_fulltheta_smoke_00000296,new_g547_fulltheta_counterfactual_update_probe_solver_row,True,True,maze-32-32-4|50|668|25|0|14650fb0739d0383,maze-32-32-4|a50|s668|it0|g547_fulltheta_smoke_maze_32_32_4_a50_s668_b500,generated_theta::repair5g547_theta_000009,repair5g547_theta_000009,repair5g547_theta_000009,fulltheta_smoke::theta_min_edge_cost,maze-32-32-4,maze,50,668,500,0,False,False,,,2300,338.1798,1,0,1759,,,False,,True,e30a75611aecfe79,alpha_commit=1.25|alpha_block=1.25|alpha_wait_spillover=0.75|rho_decay=0.94999999999999996|force_additive=0|enable_dual_channel=1|alpha_cong_commit_progress=1.25|alpha_cong_commit_nonprogress=1.25|alpha_cong_block=1.25|alpha_cong_wait_progress=0.75|alpha_cong_wait_nonprogress=0.75|alpha_flow_commit_progress=1|alpha_flow_wait_progress=1|rho_cong_decay=0.94999999999999996|rho_flow_decay=1|lambda_cong=1|lambda_flow=1|min_edge_cost=1|max_edge_cost=11|goal_projection_mode=flow_shield|flow_shield_beta=0.34999999999999998|max_flow_shield=0.75,14650fb0739d0383,1.25,1.25,1.25,0.75,0.75,1,1,0.95,1,1,1,0.35,0.75,1,11,1,0,0,1,0,0,50,25,0,1759,35.18,0,1,0,0,0.02,0.5,0.25,1,0.3,False,False,False,False,False,True
g547_fulltheta_smoke_00000297,new_g547_fulltheta_counterfactual_update_probe_solver_row,True,True,maze-32-32-4|50|668|25|0|14650fb0739d0383,maze-32-32-4|a50|s668|it0|g547_fulltheta_smoke_maze_32_32_4_a50_s668_b500,generated_theta::repair5g547_theta_000010,repair5g547_theta_000010,repair5g547_theta_000010,fulltheta_smoke::theta_max_edge_cost,maze-32-32-4,maze,50,668,500,0,False,False,,,2300,348.9417,1,0,1759,,,False,,True,7a35172bbc1b94cb,alpha_commit=1.25|alpha_block=1.25|alpha_wait_spillover=0.75|rho_decay=0.94999999999999996|force_additive=0|enable_dual_channel=1|alpha_cong_commit_progress=1.25|alpha_cong_commit_nonprogress=1.25|alpha_cong_block=1.25|alpha_cong_wait_progress=0.75|alpha_cong_wait_nonprogress=0.75|alpha_flow_commit_progress=1|alpha_flow_wait_progress=1|rho_cong_decay=0.94999999999999996|rho_flow_decay=1|lambda_cong=1|lambda_flow=1|min_edge_cost=1|max_edge_cost=8|goal_projection_mode=flow_shield|flow_shield_beta=0.34999999999999998|max_flow_shield=0.75,14650fb0739d0383,1.25,1.25,1.25,0.75,0.75,1,1,0.95,1,1,1,0.35,0.75,1,8,1,0,0,1,0,0,50,25,0,1759,35.18,0,1,0,0,0.02,0.5,0.25,1,0.3,False,False,False,False,False,True
g547_fulltheta_smoke_00000298,new_g547_fulltheta_counterfactual_update_probe_solver_row,True,True,maze-32-32-4|50|668|25|0|14650fb0739d0383,maze-32-32-4|a50|s668|it0|g547_fulltheta_smoke_maze_32_32_4_a50_s668_b500,generated_theta::repair5g547_theta_000011,repair5g547_theta_000011,repair5g547_theta_000011,fulltheta_smoke::theta_max_edge_cost,maze-32-32-4,maze,50,668,500,0,False,False,,,2300,351.4987,1,0,1759,,,False,,True,35d66dc1ec012cc6,alpha_commit=1.25|alpha_block=1.25|alpha_wait_spillover=0.75|rho_decay=0.94999999999999996|force_additive=0|enable_dual_channel=1|alpha_cong_commit_progress=1.25|alpha_cong_commit_nonprogress=1.25|alpha_cong_block=1.25|alpha_cong_wait_progress=0.75|alpha_cong_wait_nonprogress=0.75|alpha_flow_commit_progress=1|alpha_flow_wait_progress=1|rho_cong_decay=0.94999999999999996|rho_flow_decay=1|lambda_cong=1|lambda_flow=1|min_edge_cost=1|max_edge_cost=12|goal_projection_mode=flow_shield|flow_shield_beta=0.34999999999999998|max_flow_shield=0.75,14650fb0739d0383,1.25,1.25,1.25,0.75,0.75,1,1,0.95,1,1,1,0.35,0.75,1,12,1,0,0,1,0,0,50,25,0,1759,35.18,0,1,0,0,0.02,0.5,0.25,1,0.3,False,False,False,False,False,True
g547_fulltheta_smoke_00000299,new_g547_fulltheta_counterfactual_update_probe_solver_row,True,True,maze-32-32-4|50|668|25|0|14650fb0739d0383,maze-32-32-4|a50|s668|it0|g547_fulltheta_smoke_maze_32_32_4_a50_s668_b500,generated_theta::repair5g547_theta_000012,repair5g547_theta_000012,repair5g547_theta_000012,fulltheta_smoke::goal_projection_mode,maze-32-32-4,maze,50,668,500,0,False,False,,,2300,352.3053,1,0,1759,,,False,,True,e30a75611aecfe79,alpha_commit=1.25|alpha_block=1.25|alpha_wait_spillover=0.75|rho_decay=0.94999999999999996|force_additive=0|enable_dual_channel=1|alpha_cong_commit_progress=1.25|alpha_cong_commit_nonprogress=1.25|alpha_cong_block=1.25|alpha_cong_wait_progress=0.75|alpha_cong_wait_nonprogress=0.75|alpha_flow_commit_progress=1|alpha_flow_wait_progress=1|rho_cong_decay=0.94999999999999996|rho_flow_decay=1|lambda_cong=1|lambda_flow=1|min_edge_cost=1|max_edge_cost=11|goal_projection_mode=flow_shield|flow_shield_beta=0.34999999999999998|max_flow_shield=0.75,14650fb0739d0383,1.25,1.25,1.25,0.75,0.75,1,1,0.95,1,1,1,0.35,0.75,1,11,1,0,0,1,0,0,50,25,0,1759,35.18,0,1,0,0,0.02,0.5,0.25,1,0.3,False,False,False,False,False,True
g547_fulltheta_smoke_00000300,new_g547_fulltheta_counterfactual_update_probe_solver_row,True,True,maze-32-32-4|50|668|25|0|14650fb0739d0383,maze-32-32-4|a50|s668|it0|g547_fulltheta_smoke_maze_32_32_4_a50_s668_b500,generated_theta::repair5g547_theta_000013,repair5g547_theta_000013,repair5g547_theta_000013,fulltheta_smoke::goal_projection_mode,maze-32-32-4,maze,50,668,500,0,False,False,,,2300,330.0583,1,0,1759,,,False,,True,562c13d7a176a2bc,alpha_commit=1.25|alpha_block=1.25|alpha_wait_spillover=0.75|rho_decay=0.94999999999999996|force_additive=0|enable_dual_channel=1|alpha_cong_commit_progress=1.25|alpha_cong_commit_nonprogress=1.25|alpha_cong_block=1.25|alpha_cong_wait_progress=0.75|alpha_cong_wait_nonprogress=0.75|alpha_flow_commit_progress=1|alpha_flow_wait_progress=1|rho_cong_decay=0.94999999999999996|rho_flow_decay=1|lambda_cong=1|lambda_flow=1|min_edge_cost=1|max_edge_cost=11|goal_projection_mode=agent_progress|flow_shield_beta=0.34999999999999998|max_flow_shield=0.75,14650fb0739d0383,1.25,1.25,1.25,0.75,0.75,1,1,0.95,1,1,1,0.35,0.75,1,11,0,1,0,1,0,0,50,25,0,1759,35.18,0,1,0,0,0.02,0.5,0.25,1,0.3,False,False,False,False,False,True
g547_fulltheta_smoke_00000301,new_g547_fulltheta_counterfactual_update_probe_solver_row,True,True,maze-32-32-4|50|668|25|0|14650fb0739d0383,maze-32-32-4|a50|s668|it0|g547_fulltheta_smoke_maze_32_32_4_a50_s668_b500,generated_theta::repair5g547_theta_000014,repair5g547_theta_000014,repair5g547_theta_000014,fulltheta_smoke::goal_projection_mode,maze-32-32-4,maze,50,668,500,0,False,False,,,2300,314.4624,1,0,1759,,,False,,True,b96f092bbcb39893,alpha_commit=1.25|alpha_block=1.25|alpha_wait_spillover=0.75|rho_decay=0.94999999999999996|force_additive=0|enable_dual_channel=1|alpha_cong_commit_progress=1.25|alpha_cong_commit_nonprogress=1.25|alpha_cong_block=1.25|alpha_cong_wait_progress=0.75|alpha_cong_wait_nonprogress=0.75|alpha_flow_commit_progress=1|alpha_flow_wait_progress=1|rho_cong_decay=0.94999999999999996|rho_flow_decay=1|lambda_cong=1|lambda_flow=1|min_edge_cost=1|max_edge_cost=11|goal_projection_mode=none|flow_shield_beta=0.34999999999999998|max_flow_shield=0.75,14650fb0739d0383,1.25,1.25,1.25,0.75,0.75,1,1,0.95,1,1,1,0.35,0.75,1,11,0,0,1,1,0,0,50,25,0,1759,35.18,0,1,0,0,0.02,0.5,0.25,1,0.3,False,False,False,False,False,True
g547_fulltheta_smoke_00000302,new_g547_fulltheta_counterfactual_update_probe_solver_row,True,True,maze-32-32-4|50|668|25|0|14650fb0739d0383,maze-32-32-4|a50|s668|it0|g547_fulltheta_smoke_maze_32_32_4_a50_s668_b500,generated_theta::repair5g547_theta_000015,repair5g547_theta_000015,repair5g547_theta_000015,fulltheta_smoke::theta_alpha_cong_commit_nonprogress,maze-32-32-4,maze,50,668,500,0,False,False,,,2300,297.3229,1,0,1759,,,False,,True,95eced852605b4c7,alpha_commit=0.5|alpha_block=1.25|alpha_wait_spillover=0.75|rho_decay=0.94999999999999996|force_additive=0|enable_dual_channel=1|alpha_cong_commit_progress=1.25|alpha_cong_commit_nonprogress=0.5|alpha_cong_block=1.25|alpha_cong_wait_progress=0.75|alpha_cong_wait_nonprogress=0.75|alpha_flow_commit_progress=1|alpha_flow_wait_progress=1|rho_cong_decay=0.94999999999999996|rho_flow_decay=1|lambda_cong=1|lambda_flow=1|min_edge_cost=1|max_edge_cost=11|goal_projection_mode=flow_shield|flow_shield_beta=0.34999999999999998|max_flow_shield=0.75,14650fb0739d0383,1.25,0.5,1.25,0.75,0.75,1,1,0.95,1,1,1,0.35,0.75,1,11,1,0,0,1,0,0,50,25,0,1759,35.18,0,1,0,0,0.02,0.5,0.25,1,0.3,False,False,False,False,False,True
g547_fulltheta_smoke_00000303,new_g547_fulltheta_counterfactual_update_probe_solver_row,True,True,maze-32-32-4|50|668|25|0|14650fb0739d0383,maze-32-32-4|a50|s668|it0|g547_fulltheta_smoke_maze_32_32_4_a50_s668_b500,generated_theta::repair5g547_theta_000016,repair5g547_theta_000016,repair5g547_theta_000016,fulltheta_smoke::theta_alpha_cong_commit_nonprogress,maze-32-32-4,maze,50,668,500,0,False,False,,,2300,317.0028,1,0,1759,,,False,,True,2a15243280de3947,alpha_commit=1.75|alpha_block=1.25|alpha_wait_spillover=0.75|rho_decay=0.94999999999999996|force_additive=0|enable_dual_channel=1|alpha_cong_commit_progress=1.25|alpha_cong_commit_nonprogress=1.75|alpha_cong_block=1.25|alpha_cong_wait_progress=0.75|alpha_cong_wait_nonprogress=0.75|alpha_flow_commit_progress=1|alpha_flow_wait_progress=1|rho_cong_decay=0.94999999999999996|rho_flow_decay=1|lambda_cong=1|lambda_flow=1|min_edge_cost=1|max_edge_cost=11|goal_projection_mode=flow_shield|flow_shield_beta=0.34999999999999998|max_flow_shield=0.75,14650fb0739d0383,1.25,1.75,1.25,0.75,0.75,1,1,0.95,1,1,1,0.35,0.75,1,11,1,0,0,1,0,0,50,25,0,1759,35.18,0,1,0,0,0.02,0.5,0.25,1,0.3,False,False,False,False,False,True
g547_fulltheta_smoke_00000304,new_g547_fulltheta_counterfactual_update_probe_solver_row,True,True,maze-32-32-4|50|668|25|0|14650fb0739d0383,maze-32-32-4|a50|s668|it0|g547_fulltheta_smoke_maze_32_32_4_a50_s668_b1000,additive_ltm,repair5g59_additive_fallback,repair5g59_additive_fallback,baseline,maze-32-32-4,maze,50,668,1000,0,False,False,,,2300,144.4786,1,0,1759,,,False,,True,35049bacad216c02,alpha_commit=1|alpha_block=1|alpha_wait_spillover=1|rho_decay=1|force_additive=1|enable_dual_channel=0|alpha_cong_commit_progress=0|alpha_cong_commit_nonprogress=1|alpha_cong_block=1|alpha_cong_wait_progress=1|alpha_cong_wait_nonprogress=1|alpha_flow_commit_progress=0|alpha_flow_wait_progress=0|rho_cong_decay=1|rho_flow_decay=1|lambda_cong=1|lambda_flow=0|min_edge_cost=0.25|max_edge_cost=11|goal_projection_mode=none|flow_shield_beta=0|max_flow_shield=0,14650fb0739d0383,0,1,1,1,1,0,0,1,1,1,0,0,0.25,0.25,11,0,0,1,1,0,0,50,25,0,1759,35.18,0,1,0,0,0.02,0.5,0.25,1,0.3,False,False,False,False,False,True
g547_fulltheta_smoke_00000305,new_g547_fulltheta_counterfactual_update_probe_solver_row,True,True,maze-32-32-4|50|668|25|0|14650fb0739d0383,maze-32-32-4|a50|s668|it0|g547_fulltheta_smoke_maze_32_32_4_a50_s668_b1000,static_flow_shield,repair5g59_static_flow_shield,repair5g59_static_flow_shield,baseline,maze-32-32-4,maze,50,668,1000,0,False,False,,,2300,239.3459,1,0,1759,,,False,,True,29737bed70c56f0d,alpha_commit=1.25|alpha_block=1.25|alpha_wait_spillover=0.75|rho_decay=0.94999999999999996|force_additive=0|enable_dual_channel=1|alpha_cong_commit_progress=1.25|alpha_cong_commit_nonprogress=1.25|alpha_cong_block=1.25|alpha_cong_wait_progress=0.75|alpha_cong_wait_nonprogress=0.75|alpha_flow_commit_progress=1|alpha_flow_wait_progress=0|rho_cong_decay=0.94999999999999996|rho_flow_decay=1|lambda_cong=1|lambda_flow=0|min_edge_cost=1|max_edge_cost=11|goal_projection_mode=flow_shield|flow_shield_beta=0.34999999999999998|max_flow_shield=0.75,14650fb0739d0383,1.25,1.25,1.25,0.75,0.75,1,1,0.95,1,1,1,0.35,0.75,1,11,1,0,0,1,0,0,50,25,0,1759,35.18,0,1,0,0,0.02,0.5,0.25,1,0.3,False,False,False,False,False,True
g547_fulltheta_smoke_00000306,new_g547_fulltheta_counterfactual_update_probe_solver_row,True,True,maze-32-32-4|50|668|25|0|14650fb0739d0383,maze-32-32-4|a50|s668|it0|g547_fulltheta_smoke_maze_32_32_4_a50_s668_b1000,frozen_family_static_goal_aware,repair5g59_high_beta_cap_safe,repair5g59_high_beta_cap_safe,baseline,maze-32-32-4,maze,50,668,1000,0,False,False,,,2300,234.7597,1,0,1759,,,False,,True,fbcf27bf34de68c,alpha_commit=1.25|alpha_block=1.25|alpha_wait_spillover=0.75|rho_decay=0.94999999999999996|force_additive=0|enable_dual_channel=1|alpha_cong_commit_progress=1.25|alpha_cong_commit_nonprogress=1.25|alpha_cong_block=1.25|alpha_cong_wait_progress=0.75|alpha_cong_wait_nonprogress=0.75|alpha_flow_commit_progress=1|alpha_flow_wait_progress=0|rho_cong_decay=0.94999999999999996|rho_flow_decay=1|lambda_cong=1|lambda_flow=0|min_edge_cost=1|max_edge_cost=11|goal_projection_mode=flow_shield|flow_shield_beta=0.59999999999999998|max_flow_shield=0.75,14650fb0739d0383,1.25,1.25,1.25,0.75,0.75,1,1,0.95,1,1,1,0.6,0.75,1,11,1,0,0,1,0,0,50,25,0,1759,35.18,0,1,0,0,0.02,0.5,0.25,1,0.3,False,False,False,False,False,True
g547_fulltheta_smoke_00000307,new_g547_fulltheta_counterfactual_update_probe_solver_row,True,True,maze-32-32-4|50|668|25|0|14650fb0739d0383,maze-32-32-4|a50|s668|it0|g547_fulltheta_smoke_maze_32_32_4_a50_s668_b1000,generated_theta::repair5g547_theta_000001,repair5g547_theta_000001,repair5g547_theta_000001,fulltheta_smoke::all_fields_reference,maze-32-32-4,maze,50,668,1000,0,False,False,,,2300,244.6252,1,0,1759,,,False,,True,e30a75611aecfe79,alpha_commit=1.25|alpha_block=1.25|alpha_wait_spillover=0.75|rho_decay=0.94999999999999996|force_additive=0|enable_dual_channel=1|alpha_cong_commit_progress=1.25|alpha_cong_commit_nonprogress=1.25|alpha_cong_block=1.25|alpha_cong_wait_progress=0.75|alpha_cong_wait_nonprogress=0.75|alpha_flow_commit_progress=1|alpha_flow_wait_progress=1|rho_cong_decay=0.94999999999999996|rho_flow_decay=1|lambda_cong=1|lambda_flow=1|min_edge_cost=1|max_edge_cost=11|goal_projection_mode=flow_shield|flow_shield_beta=0.34999999999999998|max_flow_shield=0.75,14650fb0739d0383,1.25,1.25,1.25,0.75,0.75,1,1,0.95,1,1,1,0.35,0.75,1,11,1,0,0,1,0,0,50,25,0,1759,35.18,0,1,0,0,0.02,0.5,0.25,1,0.3,False,False,False,False,False,True
g547_fulltheta_smoke_00000308,new_g547_fulltheta_counterfactual_update_probe_solver_row,True,True,maze-32-32-4|50|668|25|0|14650fb0739d0383,maze-32-32-4|a50|s668|it0|g547_fulltheta_smoke_maze_32_32_4_a50_s668_b1000,generated_theta::repair5g547_theta_000002,repair5g547_theta_000002,repair5g547_theta_000002,fulltheta_smoke::theta_lambda_flow,maze-32-32-4,maze,50,668,1000,0,False,False,,,2300,235.5684,1,0,1759,,,False,,True,a4814b677c6d1180,alpha_commit=1.25|alpha_block=1.25|alpha_wait_spillover=0.75|rho_decay=0.94999999999999996|force_additive=0|enable_dual_channel=1|alpha_cong_commit_progress=1.25|alpha_cong_commit_nonprogress=1.25|alpha_cong_block=1.25|alpha_cong_wait_progress=0.75|alpha_cong_wait_nonprogress=0.75|alpha_flow_commit_progress=1|alpha_flow_wait_progress=1|rho_cong_decay=0.94999999999999996|rho_flow_decay=1|lambda_cong=1|lambda_flow=0.10000000000000001|min_edge_cost=1|max_edge_cost=11|goal_projection_mode=flow_shield|flow_shield_beta=0.34999999999999998|max_flow_shield=0.75,14650fb0739d0383,1.25,1.25,1.25,0.75,0.75,1,1,0.95,1,1,0.1,0.35,0.75,1,11,1,0,0,1,0,0,50,25,0,1759,35.18,0,1,0,0,0.02,0.5,0.25,1,0.3,False,False,False,False,False,True
g547_fulltheta_smoke_00000309,new_g547_fulltheta_counterfactual_update_probe_solver_row,True,True,maze-32-32-4|50|668|25|0|14650fb0739d0383,maze-32-32-4|a50|s668|it0|g547_fulltheta_smoke_maze_32_32_4_a50_s668_b1000,generated_theta::repair5g547_theta_000003,repair5g547_theta_000003,repair5g547_theta_000003,fulltheta_smoke::theta_lambda_flow,maze-32-32-4,maze,50,668,1000,0,False,False,,,2300,231.0994,1,0,1759,,,False,,True,8584e99b6c1a5647,alpha_commit=1.25|alpha_block=1.25|alpha_wait_spillover=0.75|rho_decay=0.94999999999999996|force_additive=0|enable_dual_channel=1|alpha_cong_commit_progress=1.25|alpha_cong_commit_nonprogress=1.25|alpha_cong_block=1.25|alpha_cong_wait_progress=0.75|alpha_cong_wait_nonprogress=0.75|alpha_flow_commit_progress=1|alpha_flow_wait_progress=1|rho_cong_decay=0.94999999999999996|rho_flow_decay=1|lambda_cong=1|lambda_flow=1.3999999999999999|min_edge_cost=1|max_edge_cost=11|goal_projection_mode=flow_shield|flow_shield_beta=0.34999999999999998|max_flow_shield=0.75,14650fb0739d0383,1.25,1.25,1.25,0.75,0.75,1,1,0.95,1,1,1.4,0.35,0.75,1,11,1,0,0,1,0,0,50,25,0,1759,35.18,0,1,0,0,0.02,0.5,0.25,1,0.3,False,False,False,False,False,True
g547_fulltheta_smoke_00000310,new_g547_fulltheta_counterfactual_update_probe_solver_row,True,True,maze-32-32-4|50|668|25|0|14650fb0739d0383,maze-32-32-4|a50|s668|it0|g547_fulltheta_smoke_maze_32_32_4_a50_s668_b1000,generated_theta::repair5g547_theta_000004,repair5g547_theta_000004,repair5g547_theta_000004,fulltheta_smoke::theta_lambda_cong,maze-32-32-4,maze,50,668,1000,0,False,False,,,2300,229.523,1,0,1759,,,False,,True,b5442e0c6c6741b0,alpha_commit=1.25|alpha_block=1.25|alpha_wait_spillover=0.75|rho_decay=0.94999999999999996|force_additive=0|enable_dual_channel=1|alpha_cong_commit_progress=1.25|alpha_cong_commit_nonprogress=1.25|alpha_cong_block=1.25|alpha_cong_wait_progress=0.75|alpha_cong_wait_nonprogress=0.75|alpha_flow_commit_progress=1|alpha_flow_wait_progress=1|rho_cong_decay=0.94999999999999996|rho_flow_decay=1|lambda_cong=0.59999999999999998|lambda_flow=1|min_edge_cost=1|max_edge_cost=11|goal_projection_mode=flow_shield|flow_shield_beta=0.34999999999999998|max_flow_shield=0.75,14650fb0739d0383,1.25,1.25,1.25,0.75,0.75,1,1,0.95,1,0.6,1,0.35,0.75,1,11,1,0,0,1,0,0,50,25,0,1759,35.18,0,1,0,0,0.02,0.5,0.25,1,0.3,False,False,False,False,False,True
g547_fulltheta_smoke_00000311,new_g547_fulltheta_counterfactual_update_probe_solver_row,True,True,maze-32-32-4|50|668|25|0|14650fb0739d0383,maze-32-32-4|a50|s668|it0|g547_fulltheta_smoke_maze_32_32_4_a50_s668_b1000,generated_theta::repair5g547_theta_000005,repair5g547_theta_000005,repair5g547_theta_000005,fulltheta_smoke::theta_lambda_cong,maze-32-32-4,maze,50,668,1000,0,False,False,,,2300,234.7445,1,0,1759,,,False,,True,77f3f55aa954d3f,alpha_commit=1.25|alpha_block=1.25|alpha_wait_spillover=0.75|rho_decay=0.94999999999999996|force_additive=0|enable_dual_channel=1|alpha_cong_commit_progress=1.25|alpha_cong_commit_nonprogress=1.25|alpha_cong_block=1.25|alpha_cong_wait_progress=0.75|alpha_cong_wait_nonprogress=0.75|alpha_flow_commit_progress=1|alpha_flow_wait_progress=1|rho_cong_decay=0.94999999999999996|rho_flow_decay=1|lambda_cong=1.3999999999999999|lambda_flow=1|min_edge_cost=1|max_edge_cost=11|goal_projection_mode=flow_shield|flow_shield_beta=0.34999999999999998|max_flow_shield=0.75,14650fb0739d0383,1.25,1.25,1.25,0.75,0.75,1,1,0.95,1,1.4,1,0.35,0.75,1,11,1,0,0,1,0,0,50,25,0,1759,35.18,0,1,0,0,0.02,0.5,0.25,1,0.3,False,False,False,False,False,True
g547_fulltheta_smoke_00000312,new_g547_fulltheta_counterfactual_update_probe_solver_row,True,True,maze-32-32-4|50|668|25|0|14650fb0739d0383,maze-32-32-4|a50|s668|it0|g547_fulltheta_smoke_maze_32_32_4_a50_s668_b1000,generated_theta::repair5g547_theta_000006,repair5g547_theta_000006,repair5g547_theta_000006,fulltheta_smoke::theta_alpha_flow_wait_progress,maze-32-32-4,maze,50,668,1000,0,False,False,,,2300,279.6341,1,0,1759,,,False,,True,29c4ecda70affb5a,alpha_commit=1.25|alpha_block=1.25|alpha_wait_spillover=0.75|rho_decay=0.94999999999999996|force_additive=0|enable_dual_channel=1|alpha_cong_commit_progress=1.25|alpha_cong_commit_nonprogress=1.25|alpha_cong_block=1.25|alpha_cong_wait_progress=0.75|alpha_cong_wait_nonprogress=0.75|alpha_flow_commit_progress=1|alpha_flow_wait_progress=0|rho_cong_decay=0.94999999999999996|rho_flow_decay=1|lambda_cong=1|lambda_flow=1|min_edge_cost=1|max_edge_cost=11|goal_projection_mode=flow_shield|flow_shield_beta=0.34999999999999998|max_flow_shield=0.75,14650fb0739d0383,1.25,1.25,1.25,0.75,0.75,1,0,0.95,1,1,1,0.35,0.75,1,11,1,0,0,1,0,0,50,25,0,1759,35.18,0,1,0,0,0.02,0.5,0.25,1,0.3,False,False,False,False,False,True
g547_fulltheta_smoke_00000313,new_g547_fulltheta_counterfactual_update_probe_solver_row,True,True,maze-32-32-4|50|668|25|0|14650fb0739d0383,maze-32-32-4|a50|s668|it0|g547_fulltheta_smoke_maze_32_32_4_a50_s668_b1000,generated_theta::repair5g547_theta_000007,repair5g547_theta_000007,repair5g547_theta_000007,fulltheta_smoke::theta_alpha_flow_wait_progress,maze-32-32-4,maze,50,668,1000,0,False,False,,,2300,338.1558,1,0,1759,,,False,,True,b5a183b18079a70d,alpha_commit=1.25|alpha_block=1.25|alpha_wait_spillover=0.75|rho_decay=0.94999999999999996|force_additive=0|enable_dual_channel=1|alpha_cong_commit_progress=1.25|alpha_cong_commit_nonprogress=1.25|alpha_cong_block=1.25|alpha_cong_wait_progress=0.75|alpha_cong_wait_nonprogress=0.75|alpha_flow_commit_progress=1|alpha_flow_wait_progress=1.2|rho_cong_decay=0.94999999999999996|rho_flow_decay=1|lambda_cong=1|lambda_flow=1|min_edge_cost=1|max_edge_cost=11|goal_projection_mode=flow_shield|flow_shield_beta=0.34999999999999998|max_flow_shield=0.75,14650fb0739d0383,1.25,1.25,1.25,0.75,0.75,1,1.2,0.95,1,1,1,0.35,0.75,1,11,1,0,0,1,0,0,50,25,0,1759,35.18,0,1,0,0,0.02,0.5,0.25,1,0.3,False,False,False,False,False,True
g547_fulltheta_smoke_00000314,new_g547_fulltheta_counterfactual_update_probe_solver_row,True,True,maze-32-32-4|50|668|25|0|14650fb0739d0383,maze-32-32-4|a50|s668|it0|g547_fulltheta_smoke_maze_32_32_4_a50_s668_b1000,generated_theta::repair5g547_theta_000008,repair5g547_theta_000008,repair5g547_theta_000008,fulltheta_smoke::theta_min_edge_cost,maze-32-32-4,maze,50,668,1000,0,False,False,,,2300,337.195,1,0,1759,,,False,,True,ef8f0d160cc2a725,alpha_commit=1.25|alpha_block=1.25|alpha_wait_spillover=0.75|rho_decay=0.94999999999999996|force_additive=0|enable_dual_channel=1|alpha_cong_commit_progress=1.25|alpha_cong_commit_nonprogress=1.25|alpha_cong_block=1.25|alpha_cong_wait_progress=0.75|alpha_cong_wait_nonprogress=0.75|alpha_flow_commit_progress=1|alpha_flow_wait_progress=1|rho_cong_decay=0.94999999999999996|rho_flow_decay=1|lambda_cong=1|lambda_flow=1|min_edge_cost=0.25|max_edge_cost=11|goal_projection_mode=flow_shield|flow_shield_beta=0.34999999999999998|max_flow_shield=0.75,14650fb0739d0383,1.25,1.25,1.25,0.75,0.75,1,1,0.95,1,1,1,0.35,0.75,0.25,11,1,0,0,1,0,0,50,25,0,1759,35.18,0,1,0,0,0.02,0.5,0.25,1,0.3,False,False,False,False,False,True
g547_fulltheta_smoke_00000315,new_g547_fulltheta_counterfactual_update_probe_solver_row,True,True,maze-32-32-4|50|668|25|0|14650fb0739d0383,maze-32-32-4|a50|s668|it0|g547_fulltheta_smoke_maze_32_32_4_a50_s668_b1000,generated_theta::repair5g547_theta_000009,repair5g547_theta_000009,repair5g547_theta_000009,fulltheta_smoke::theta_min_edge_cost,maze-32-32-4,maze,50,668,1000,0,False,False,,,2300,347.7883,1,0,1759,,,False,,True,e30a75611aecfe79,alpha_commit=1.25|alpha_block=1.25|alpha_wait_spillover=0.75|rho_decay=0.94999999999999996|force_additive=0|enable_dual_channel=1|alpha_cong_commit_progress=1.25|alpha_cong_commit_nonprogress=1.25|alpha_cong_block=1.25|alpha_cong_wait_progress=0.75|alpha_cong_wait_nonprogress=0.75|alpha_flow_commit_progress=1|alpha_flow_wait_progress=1|rho_cong_decay=0.94999999999999996|rho_flow_decay=1|lambda_cong=1|lambda_flow=1|min_edge_cost=1|max_edge_cost=11|goal_projection_mode=flow_shield|flow_shield_beta=0.34999999999999998|max_flow_shield=0.75,14650fb0739d0383,1.25,1.25,1.25,0.75,0.75,1,1,0.95,1,1,1,0.35,0.75,1,11,1,0,0,1,0,0,50,25,0,1759,35.18,0,1,0,0,0.02,0.5,0.25,1,0.3,False,False,False,False,False,True
g547_fulltheta_smoke_00000316,new_g547_fulltheta_counterfactual_update_probe_solver_row,True,True,maze-32-32-4|50|668|25|0|14650fb0739d0383,maze-32-32-4|a50|s668|it0|g547_fulltheta_smoke_maze_32_32_4_a50_s668_b1000,generated_theta::repair5g547_theta_000010,repair5g547_theta_000010,repair5g547_theta_000010,fulltheta_smoke::theta_max_edge_cost,maze-32-32-4,maze,50,668,1000,0,False,False,,,2300,357.2614,1,0,1759,,,False,,True,7a35172bbc1b94cb,alpha_commit=1.25|alpha_block=1.25|alpha_wait_spillover=0.75|rho_decay=0.94999999999999996|force_additive=0|enable_dual_channel=1|alpha_cong_commit_progress=1.25|alpha_cong_commit_nonprogress=1.25|alpha_cong_block=1.25|alpha_cong_wait_progress=0.75|alpha_cong_wait_nonprogress=0.75|alpha_flow_commit_progress=1|alpha_flow_wait_progress=1|rho_cong_decay=0.94999999999999996|rho_flow_decay=1|lambda_cong=1|lambda_flow=1|min_edge_cost=1|max_edge_cost=8|goal_projection_mode=flow_shield|flow_shield_beta=0.34999999999999998|max_flow_shield=0.75,14650fb0739d0383,1.25,1.25,1.25,0.75,0.75,1,1,0.95,1,1,1,0.35,0.75,1,8,1,0,0,1,0,0,50,25,0,1759,35.18,0,1,0,0,0.02,0.5,0.25,1,0.3,False,False,False,False,False,True
g547_fulltheta_smoke_00000317,new_g547_fulltheta_counterfactual_update_probe_solver_row,True,True,maze-32-32-4|50|668|25|0|14650fb0739d0383,maze-32-32-4|a50|s668|it0|g547_fulltheta_smoke_maze_32_32_4_a50_s668_b1000,generated_theta::repair5g547_theta_000011,repair5g547_theta_000011,repair5g547_theta_000011,fulltheta_smoke::theta_max_edge_cost,maze-32-32-4,maze,50,668,1000,0,False,False,,,2300,334.1249,1,0,1759,,,False,,True,35d66dc1ec012cc6,alpha_commit=1.25|alpha_block=1.25|alpha_wait_spillover=0.75|rho_decay=0.94999999999999996|force_additive=0|enable_dual_channel=1|alpha_cong_commit_progress=1.25|alpha_cong_commit_nonprogress=1.25|alpha_cong_block=1.25|alpha_cong_wait_progress=0.75|alpha_cong_wait_nonprogress=0.75|alpha_flow_commit_progress=1|alpha_flow_wait_progress=1|rho_cong_decay=0.94999999999999996|rho_flow_decay=1|lambda_cong=1|lambda_flow=1|min_edge_cost=1|max_edge_cost=12|goal_projection_mode=flow_shield|flow_shield_beta=0.34999999999999998|max_flow_shield=0.75,14650fb0739d0383,1.25,1.25,1.25,0.75,0.75,1,1,0.95,1,1,1,0.35,0.75,1,12,1,0,0,1,0,0,50,25,0,1759,35.18,0,1,0,0,0.02,0.5,0.25,1,0.3,False,False,False,False,False,True
g547_fulltheta_smoke_00000318,new_g547_fulltheta_counterfactual_update_probe_solver_row,True,True,maze-32-32-4|50|668|25|0|14650fb0739d0383,maze-32-32-4|a50|s668|it0|g547_fulltheta_smoke_maze_32_32_4_a50_s668_b1000,generated_theta::repair5g547_theta_000012,repair5g547_theta_000012,repair5g547_theta_000012,fulltheta_smoke::goal_projection_mode,maze-32-32-4,maze,50,668,1000,0,False,False,,,2300,360.8909,1,0,1759,,,False,,True,e30a75611aecfe79,alpha_commit=1.25|alpha_block=1.25|alpha_wait_spillover=0.75|rho_decay=0.94999999999999996|force_additive=0|enable_dual_channel=1|alpha_cong_commit_progress=1.25|alpha_cong_commit_nonprogress=1.25|alpha_cong_block=1.25|alpha_cong_wait_progress=0.75|alpha_cong_wait_nonprogress=0.75|alpha_flow_commit_progress=1|alpha_flow_wait_progress=1|rho_cong_decay=0.94999999999999996|rho_flow_decay=1|lambda_cong=1|lambda_flow=1|min_edge_cost=1|max_edge_cost=11|goal_projection_mode=flow_shield|flow_shield_beta=0.34999999999999998|max_flow_shield=0.75,14650fb0739d0383,1.25,1.25,1.25,0.75,0.75,1,1,0.95,1,1,1,0.35,0.75,1,11,1,0,0,1,0,0,50,25,0,1759,35.18,0,1,0,0,0.02,0.5,0.25,1,0.3,False,False,False,False,False,True
g547_fulltheta_smoke_00000319,new_g547_fulltheta_counterfactual_update_probe_solver_row,True,True,maze-32-32-4|50|668|25|0|14650fb0739d0383,maze-32-32-4|a50|s668|it0|g547_fulltheta_smoke_maze_32_32_4_a50_s668_b1000,generated_theta::repair5g547_theta_000013,repair5g547_theta_000013,repair5g547_theta_000013,fulltheta_smoke::goal_projection_mode,maze-32-32-4,maze,50,668,1000,0,False,False,,,2300,336.9193,1,0,1759,,,False,,True,562c13d7a176a2bc,alpha_commit=1.25|alpha_block=1.25|alpha_wait_spillover=0.75|rho_decay=0.94999999999999996|force_additive=0|enable_dual_channel=1|alpha_cong_commit_progress=1.25|alpha_cong_commit_nonprogress=1.25|alpha_cong_block=1.25|alpha_cong_wait_progress=0.75|alpha_cong_wait_nonprogress=0.75|alpha_flow_commit_progress=1|alpha_flow_wait_progress=1|rho_cong_decay=0.94999999999999996|rho_flow_decay=1|lambda_cong=1|lambda_flow=1|min_edge_cost=1|max_edge_cost=11|goal_projection_mode=agent_progress|flow_shield_beta=0.34999999999999998|max_flow_shield=0.75,14650fb0739d0383,1.25,1.25,1.25,0.75,0.75,1,1,0.95,1,1,1,0.35,0.75,1,11,0,1,0,1,0,0,50,25,0,1759,35.18,0,1,0,0,0.02,0.5,0.25,1,0.3,False,False,False,False,False,True
g547_fulltheta_smoke_00000320,new_g547_fulltheta_counterfactual_update_probe_solver_row,True,True,maze-32-32-4|50|668|25|0|14650fb0739d0383,maze-32-32-4|a50|s668|it0|g547_fulltheta_smoke_maze_32_32_4_a50_s668_b1000,generated_theta::repair5g547_theta_000014,repair5g547_theta_000014,repair5g547_theta_000014,fulltheta_smoke::goal_projection_mode,maze-32-32-4,maze,50,668,1000,0,False,False,,,2300,273.671,1,0,1759,,,False,,True,b96f092bbcb39893,alpha_commit=1.25|alpha_block=1.25|alpha_wait_spillover=0.75|rho_decay=0.94999999999999996|force_additive=0|enable_dual_channel=1|alpha_cong_commit_progress=1.25|alpha_cong_commit_nonprogress=1.25|alpha_cong_block=1.25|alpha_cong_wait_progress=0.75|alpha_cong_wait_nonprogress=0.75|alpha_flow_commit_progress=1|alpha_flow_wait_progress=1|rho_cong_decay=0.94999999999999996|rho_flow_decay=1|lambda_cong=1|lambda_flow=1|min_edge_cost=1|max_edge_cost=11|goal_projection_mode=none|flow_shield_beta=0.34999999999999998|max_flow_shield=0.75,14650fb0739d0383,1.25,1.25,1.25,0.75,0.75,1,1,0.95,1,1,1,0.35,0.75,1,11,0,0,1,1,0,0,50,25,0,1759,35.18,0,1,0,0,0.02,0.5,0.25,1,0.3,False,False,False,False,False,True
g547_fulltheta_smoke_00000321,new_g547_fulltheta_counterfactual_update_probe_solver_row,True,True,maze-32-32-4|50|668|25|0|14650fb0739d0383,maze-32-32-4|a50|s668|it0|g547_fulltheta_smoke_maze_32_32_4_a50_s668_b1000,generated_theta::repair5g547_theta_000015,repair5g547_theta_000015,repair5g547_theta_000015,fulltheta_smoke::theta_alpha_cong_commit_nonprogress,maze-32-32-4,maze,50,668,1000,0,False,False,,,2300,333.9068,1,0,1759,,,False,,True,95eced852605b4c7,alpha_commit=0.5|alpha_block=1.25|alpha_wait_spillover=0.75|rho_decay=0.94999999999999996|force_additive=0|enable_dual_channel=1|alpha_cong_commit_progress=1.25|alpha_cong_commit_nonprogress=0.5|alpha_cong_block=1.25|alpha_cong_wait_progress=0.75|alpha_cong_wait_nonprogress=0.75|alpha_flow_commit_progress=1|alpha_flow_wait_progress=1|rho_cong_decay=0.94999999999999996|rho_flow_decay=1|lambda_cong=1|lambda_flow=1|min_edge_cost=1|max_edge_cost=11|goal_projection_mode=flow_shield|flow_shield_beta=0.34999999999999998|max_flow_shield=0.75,14650fb0739d0383,1.25,0.5,1.25,0.75,0.75,1,1,0.95,1,1,1,0.35,0.75,1,11,1,0,0,1,0,0,50,25,0,1759,35.18,0,1,0,0,0.02,0.5,0.25,1,0.3,False,False,False,False,False,True
g547_fulltheta_smoke_00000322,new_g547_fulltheta_counterfactual_update_probe_solver_row,True,True,maze-32-32-4|50|668|25|0|14650fb0739d0383,maze-32-32-4|a50|s668|it0|g547_fulltheta_smoke_maze_32_32_4_a50_s668_b1000,generated_theta::repair5g547_theta_000016,repair5g547_theta_000016,repair5g547_theta_000016,fulltheta_smoke::theta_alpha_cong_commit_nonprogress,maze-32-32-4,maze,50,668,1000,0,False,False,,,2300,335.8363,1,0,1759,,,False,,True,2a15243280de3947,alpha_commit=1.75|alpha_block=1.25|alpha_wait_spillover=0.75|rho_decay=0.94999999999999996|force_additive=0|enable_dual_channel=1|alpha_cong_commit_progress=1.25|alpha_cong_commit_nonprogress=1.75|alpha_cong_block=1.25|alpha_cong_wait_progress=0.75|alpha_cong_wait_nonprogress=0.75|alpha_flow_commit_progress=1|alpha_flow_wait_progress=1|rho_cong_decay=0.94999999999999996|rho_flow_decay=1|lambda_cong=1|lambda_flow=1|min_edge_cost=1|max_edge_cost=11|goal_projection_mode=flow_shield|flow_shield_beta=0.34999999999999998|max_flow_shield=0.75,14650fb0739d0383,1.25,1.75,1.25,0.75,0.75,1,1,0.95,1,1,1,0.35,0.75,1,11,1,0,0,1,0,0,50,25,0,1759,35.18,0,1,0,0,0.02,0.5,0.25,1,0.3,False,False,False,False,False,True
g547_fulltheta_smoke_00000323,new_g547_fulltheta_counterfactual_update_probe_solver_row,True,True,maze-32-32-4|50|668|25|0|14650fb0739d0383,maze-32-32-4|a50|s668|it0|g547_fulltheta_smoke_maze_32_32_4_a50_s668_b2000,additive_ltm,repair5g59_additive_fallback,repair5g59_additive_fallback,baseline,maze-32-32-4,maze,50,668,2000,0,False,False,,,2300,151.0292,1,0,1523,,,False,,True,35049bacad216c02,alpha_commit=1|alpha_block=1|alpha_wait_spillover=1|rho_decay=1|force_additive=1|enable_dual_channel=0|alpha_cong_commit_progress=0|alpha_cong_commit_nonprogress=1|alpha_cong_block=1|alpha_cong_wait_progress=1|alpha_cong_wait_nonprogress=1|alpha_flow_commit_progress=0|alpha_flow_wait_progress=0|rho_cong_decay=1|rho_flow_decay=1|lambda_cong=1|lambda_flow=0|min_edge_cost=0.25|max_edge_cost=11|goal_projection_mode=none|flow_shield_beta=0|max_flow_shield=0,14650fb0739d0383,0,1,1,1,1,0,0,1,1,1,0,0,0.25,0.25,11,0,0,1,1,0,0,50,25,0,1523,30.46,0,1,0,0,0.02,0.5,0.25,1,0.3,False,False,False,False,False,True
g547_fulltheta_smoke_00000324,new_g547_fulltheta_counterfactual_update_probe_solver_row,True,True,maze-32-32-4|50|668|25|0|14650fb0739d0383,maze-32-32-4|a50|s668|it0|g547_fulltheta_smoke_maze_32_32_4_a50_s668_b2000,static_flow_shield,repair5g59_static_flow_shield,repair5g59_static_flow_shield,baseline,maze-32-32-4,maze,50,668,2000,0,False,False,,,2300,243.6606,1,0,1523,,,False,,True,29737bed70c56f0d,alpha_commit=1.25|alpha_block=1.25|alpha_wait_spillover=0.75|rho_decay=0.94999999999999996|force_additive=0|enable_dual_channel=1|alpha_cong_commit_progress=1.25|alpha_cong_commit_nonprogress=1.25|alpha_cong_block=1.25|alpha_cong_wait_progress=0.75|alpha_cong_wait_nonprogress=0.75|alpha_flow_commit_progress=1|alpha_flow_wait_progress=0|rho_cong_decay=0.94999999999999996|rho_flow_decay=1|lambda_cong=1|lambda_flow=0|min_edge_cost=1|max_edge_cost=11|goal_projection_mode=flow_shield|flow_shield_beta=0.34999999999999998|max_flow_shield=0.75,14650fb0739d0383,1.25,1.25,1.25,0.75,0.75,1,1,0.95,1,1,1,0.35,0.75,1,11,1,0,0,1,0,0,50,25,0,1523,30.46,0,1,0,0,0.02,0.5,0.25,1,0.3,False,False,False,False,False,True
g547_fulltheta_smoke_00000325,new_g547_fulltheta_counterfactual_update_probe_solver_row,True,True,maze-32-32-4|50|668|25|0|14650fb0739d0383,maze-32-32-4|a50|s668|it0|g547_fulltheta_smoke_maze_32_32_4_a50_s668_b2000,frozen_family_static_goal_aware,repair5g59_high_beta_cap_safe,repair5g59_high_beta_cap_safe,baseline,maze-32-32-4,maze,50,668,2000,0,False,False,,,2300,232.8476,1,0,1523,,,False,,True,fbcf27bf34de68c,alpha_commit=1.25|alpha_block=1.25|alpha_wait_spillover=0.75|rho_decay=0.94999999999999996|force_additive=0|enable_dual_channel=1|alpha_cong_commit_progress=1.25|alpha_cong_commit_nonprogress=1.25|alpha_cong_block=1.25|alpha_cong_wait_progress=0.75|alpha_cong_wait_nonprogress=0.75|alpha_flow_commit_progress=1|alpha_flow_wait_progress=0|rho_cong_decay=0.94999999999999996|rho_flow_decay=1|lambda_cong=1|lambda_flow=0|min_edge_cost=1|max_edge_cost=11|goal_projection_mode=flow_shield|flow_shield_beta=0.59999999999999998|max_flow_shield=0.75,14650fb0739d0383,1.25,1.25,1.25,0.75,0.75,1,1,0.95,1,1,1,0.6,0.75,1,11,1,0,0,1,0,0,50,25,0,1523,30.46,0,1,0,0,0.02,0.5,0.25,1,0.3,False,False,False,False,False,True
g547_fulltheta_smoke_00000326,new_g547_fulltheta_counterfactual_update_probe_solver_row,True,True,maze-32-32-4|50|668|25|0|14650fb0739d0383,maze-32-32-4|a50|s668|it0|g547_fulltheta_smoke_maze_32_32_4_a50_s668_b2000,generated_theta::repair5g547_theta_000001,repair5g547_theta_000001,repair5g547_theta_000001,fulltheta_smoke::all_fields_reference,maze-32-32-4,maze,50,668,2000,0,False,False,,,2300,231.9661,1,0,1523,,,False,,True,e30a75611aecfe79,alpha_commit=1.25|alpha_block=1.25|alpha_wait_spillover=0.75|rho_decay=0.94999999999999996|force_additive=0|enable_dual_channel=1|alpha_cong_commit_progress=1.25|alpha_cong_commit_nonprogress=1.25|alpha_cong_block=1.25|alpha_cong_wait_progress=0.75|alpha_cong_wait_nonprogress=0.75|alpha_flow_commit_progress=1|alpha_flow_wait_progress=1|rho_cong_decay=0.94999999999999996|rho_flow_decay=1|lambda_cong=1|lambda_flow=1|min_edge_cost=1|max_edge_cost=11|goal_projection_mode=flow_shield|flow_shield_beta=0.34999999999999998|max_flow_shield=0.75,14650fb0739d0383,1.25,1.25,1.25,0.75,0.75,1,1,0.95,1,1,1,0.35,0.75,1,11,1,0,0,1,0,0,50,25,0,1523,30.46,0,1,0,0,0.02,0.5,0.25,1,0.3,False,False,False,False,False,True
g547_fulltheta_smoke_00000327,new_g547_fulltheta_counterfactual_update_probe_solver_row,True,True,maze-32-32-4|50|668|25|0|14650fb0739d0383,maze-32-32-4|a50|s668|it0|g547_fulltheta_smoke_maze_32_32_4_a50_s668_b2000,generated_theta::repair5g547_theta_000002,repair5g547_theta_000002,repair5g547_theta_000002,fulltheta_smoke::theta_lambda_flow,maze-32-32-4,maze,50,668,2000,0,False,False,,,2300,243.0218,1,0,1523,,,False,,True,a4814b677c6d1180,alpha_commit=1.25|alpha_block=1.25|alpha_wait_spillover=0.75|rho_decay=0.94999999999999996|force_additive=0|enable_dual_channel=1|alpha_cong_commit_progress=1.25|alpha_cong_commit_nonprogress=1.25|alpha_cong_block=1.25|alpha_cong_wait_progress=0.75|alpha_cong_wait_nonprogress=0.75|alpha_flow_commit_progress=1|alpha_flow_wait_progress=1|rho_cong_decay=0.94999999999999996|rho_flow_decay=1|lambda_cong=1|lambda_flow=0.10000000000000001|min_edge_cost=1|max_edge_cost=11|goal_projection_mode=flow_shield|flow_shield_beta=0.34999999999999998|max_flow_shield=0.75,14650fb0739d0383,1.25,1.25,1.25,0.75,0.75,1,1,0.95,1,1,0.1,0.35,0.75,1,11,1,0,0,1,0,0,50,25,0,1523,30.46,0,1,0,0,0.02,0.5,0.25,1,0.3,False,False,False,False,False,True
g547_fulltheta_smoke_00000328,new_g547_fulltheta_counterfactual_update_probe_solver_row,True,True,maze-32-32-4|50|668|25|0|14650fb0739d0383,maze-32-32-4|a50|s668|it0|g547_fulltheta_smoke_maze_32_32_4_a50_s668_b2000,generated_theta::repair5g547_theta_000003,repair5g547_theta_000003,repair5g547_theta_000003,fulltheta_smoke::theta_lambda_flow,maze-32-32-4,maze,50,668,2000,0,False,False,,,2300,240.5174,1,0,1523,,,False,,True,8584e99b6c1a5647,alpha_commit=1.25|alpha_block=1.25|alpha_wait_spillover=0.75|rho_decay=0.94999999999999996|force_additive=0|enable_dual_channel=1|alpha_cong_commit_progress=1.25|alpha_cong_commit_nonprogress=1.25|alpha_cong_block=1.25|alpha_cong_wait_progress=0.75|alpha_cong_wait_nonprogress=0.75|alpha_flow_commit_progress=1|alpha_flow_wait_progress=1|rho_cong_decay=0.94999999999999996|rho_flow_decay=1|lambda_cong=1|lambda_flow=1.3999999999999999|min_edge_cost=1|max_edge_cost=11|goal_projection_mode=flow_shield|flow_shield_beta=0.34999999999999998|max_flow_shield=0.75,14650fb0739d0383,1.25,1.25,1.25,0.75,0.75,1,1,0.95,1,1,1.4,0.35,0.75,1,11,1,0,0,1,0,0,50,25,0,1523,30.46,0,1,0,0,0.02,0.5,0.25,1,0.3,False,False,False,False,False,True
g547_fulltheta_smoke_00000329,new_g547_fulltheta_counterfactual_update_probe_solver_row,True,True,maze-32-32-4|50|668|25|0|14650fb0739d0383,maze-32-32-4|a50|s668|it0|g547_fulltheta_smoke_maze_32_32_4_a50_s668_b2000,generated_theta::repair5g547_theta_000004,repair5g547_theta_000004,repair5g547_theta_000004,fulltheta_smoke::theta_lambda_cong,maze-32-32-4,maze,50,668,2000,0,False,False,,,2300,230.212,1,0,1523,,,False,,True,b5442e0c6c6741b0,alpha_commit=1.25|alpha_block=1.25|alpha_wait_spillover=0.75|rho_decay=0.94999999999999996|force_additive=0|enable_dual_channel=1|alpha_cong_commit_progress=1.25|alpha_cong_commit_nonprogress=1.25|alpha_cong_block=1.25|alpha_cong_wait_progress=0.75|alpha_cong_wait_nonprogress=0.75|alpha_flow_commit_progress=1|alpha_flow_wait_progress=1|rho_cong_decay=0.94999999999999996|rho_flow_decay=1|lambda_cong=0.59999999999999998|lambda_flow=1|min_edge_cost=1|max_edge_cost=11|goal_projection_mode=flow_shield|flow_shield_beta=0.34999999999999998|max_flow_shield=0.75,14650fb0739d0383,1.25,1.25,1.25,0.75,0.75,1,1,0.95,1,0.6,1,0.35,0.75,1,11,1,0,0,1,0,0,50,25,0,1523,30.46,0,1,0,0,0.02,0.5,0.25,1,0.3,False,False,False,False,False,True
g547_fulltheta_smoke_00000330,new_g547_fulltheta_counterfactual_update_probe_solver_row,True,True,maze-32-32-4|50|668|25|0|14650fb0739d0383,maze-32-32-4|a50|s668|it0|g547_fulltheta_smoke_maze_32_32_4_a50_s668_b2000,generated_theta::repair5g547_theta_000005,repair5g547_theta_000005,repair5g547_theta_000005,fulltheta_smoke::theta_lambda_cong,maze-32-32-4,maze,50,668,2000,0,False,False,,,2300,242.4473,1,0,1523,,,False,,True,77f3f55aa954d3f,alpha_commit=1.25|alpha_block=1.25|alpha_wait_spillover=0.75|rho_decay=0.94999999999999996|force_additive=0|enable_dual_channel=1|alpha_cong_commit_progress=1.25|alpha_cong_commit_nonprogress=1.25|alpha_cong_block=1.25|alpha_cong_wait_progress=0.75|alpha_cong_wait_nonprogress=0.75|alpha_flow_commit_progress=1|alpha_flow_wait_progress=1|rho_cong_decay=0.94999999999999996|rho_flow_decay=1|lambda_cong=1.3999999999999999|lambda_flow=1|min_edge_cost=1|max_edge_cost=11|goal_projection_mode=flow_shield|flow_shield_beta=0.34999999999999998|max_flow_shield=0.75,14650fb0739d0383,1.25,1.25,1.25,0.75,0.75,1,1,0.95,1,1.4,1,0.35,0.75,1,11,1,0,0,1,0,0,50,25,0,1523,30.46,0,1,0,0,0.02,0.5,0.25,1,0.3,False,False,False,False,False,True
g547_fulltheta_smoke_00000331,new_g547_fulltheta_counterfactual_update_probe_solver_row,True,True,maze-32-32-4|50|668|25|0|14650fb0739d0383,maze-32-32-4|a50|s668|it0|g547_fulltheta_smoke_maze_32_32_4_a50_s668_b2000,generated_theta::repair5g547_theta_000006,repair5g547_theta_000006,repair5g547_theta_000006,fulltheta_smoke::theta_alpha_flow_wait_progress,maze-32-32-4,maze,50,668,2000,0,False,False,,,2300,304.4772,1,0,1523,,,False,,True,29c4ecda70affb5a,alpha_commit=1.25|alpha_block=1.25|alpha_wait_spillover=0.75|rho_decay=0.94999999999999996|force_additive=0|enable_dual_channel=1|alpha_cong_commit_progress=1.25|alpha_cong_commit_nonprogress=1.25|alpha_cong_block=1.25|alpha_cong_wait_progress=0.75|alpha_cong_wait_nonprogress=0.75|alpha_flow_commit_progress=1|alpha_flow_wait_progress=0|rho_cong_decay=0.94999999999999996|rho_flow_decay=1|lambda_cong=1|lambda_flow=1|min_edge_cost=1|max_edge_cost=11|goal_projection_mode=flow_shield|flow_shield_beta=0.34999999999999998|max_flow_shield=0.75,14650fb0739d0383,1.25,1.25,1.25,0.75,0.75,1,0,0.95,1,1,1,0.35,0.75,1,11,1,0,0,1,0,0,50,25,0,1523,30.46,0,1,0,0,0.02,0.5,0.25,1,0.3,False,False,False,False,False,True
g547_fulltheta_smoke_00000332,new_g547_fulltheta_counterfactual_update_probe_solver_row,True,True,maze-32-32-4|50|668|25|0|14650fb0739d0383,maze-32-32-4|a50|s668|it0|g547_fulltheta_smoke_maze_32_32_4_a50_s668_b2000,generated_theta::repair5g547_theta_000007,repair5g547_theta_000007,repair5g547_theta_000007,fulltheta_smoke::theta_alpha_flow_wait_progress,maze-32-32-4,maze,50,668,2000,0,False,False,,,2300,318.3678,1,0,1523,,,False,,True,b5a183b18079a70d,alpha_commit=1.25|alpha_block=1.25|alpha_wait_spillover=0.75|rho_decay=0.94999999999999996|force_additive=0|enable_dual_channel=1|alpha_cong_commit_progress=1.25|alpha_cong_commit_nonprogress=1.25|alpha_cong_block=1.25|alpha_cong_wait_progress=0.75|alpha_cong_wait_nonprogress=0.75|alpha_flow_commit_progress=1|alpha_flow_wait_progress=1.2|rho_cong_decay=0.94999999999999996|rho_flow_decay=1|lambda_cong=1|lambda_flow=1|min_edge_cost=1|max_edge_cost=11|goal_projection_mode=flow_shield|flow_shield_beta=0.34999999999999998|max_flow_shield=0.75,14650fb0739d0383,1.25,1.25,1.25,0.75,0.75,1,1.2,0.95,1,1,1,0.35,0.75,1,11,1,0,0,1,0,0,50,25,0,1523,30.46,0,1,0,0,0.02,0.5,0.25,1,0.3,False,False,False,False,False,True
g547_fulltheta_smoke_00000333,new_g547_fulltheta_counterfactual_update_probe_solver_row,True,True,maze-32-32-4|50|668|25|0|14650fb0739d0383,maze-32-32-4|a50|s668|it0|g547_fulltheta_smoke_maze_32_32_4_a50_s668_b2000,generated_theta::repair5g547_theta_000008,repair5g547_theta_000008,repair5g547_theta_000008,fulltheta_smoke::theta_min_edge_cost,maze-32-32-4,maze,50,668,2000,0,False,False,,,2300,352.5804,1,0,1523,,,False,,True,ef8f0d160cc2a725,alpha_commit=1.25|alpha_block=1.25|alpha_wait_spillover=0.75|rho_decay=0.94999999999999996|force_additive=0|enable_dual_channel=1|alpha_cong_commit_progress=1.25|alpha_cong_commit_nonprogress=1.25|alpha_cong_block=1.25|alpha_cong_wait_progress=0.75|alpha_cong_wait_nonprogress=0.75|alpha_flow_commit_progress=1|alpha_flow_wait_progress=1|rho_cong_decay=0.94999999999999996|rho_flow_decay=1|lambda_cong=1|lambda_flow=1|min_edge_cost=0.25|max_edge_cost=11|goal_projection_mode=flow_shield|flow_shield_beta=0.34999999999999998|max_flow_shield=0.75,14650fb0739d0383,1.25,1.25,1.25,0.75,0.75,1,1,0.95,1,1,1,0.35,0.75,0.25,11,1,0,0,1,0,0,50,25,0,1523,30.46,0,1,0,0,0.02,0.5,0.25,1,0.3,False,False,False,False,False,True
g547_fulltheta_smoke_00000334,new_g547_fulltheta_counterfactual_update_probe_solver_row,True,True,maze-32-32-4|50|668|25|0|14650fb0739d0383,maze-32-32-4|a50|s668|it0|g547_fulltheta_smoke_maze_32_32_4_a50_s668_b2000,generated_theta::repair5g547_theta_000009,repair5g547_theta_000009,repair5g547_theta_000009,fulltheta_smoke::theta_min_edge_cost,maze-32-32-4,maze,50,668,2000,0,False,False,,,2300,342.9913,1,0,1523,,,False,,True,e30a75611aecfe79,alpha_commit=1.25|alpha_block=1.25|alpha_wait_spillover=0.75|rho_decay=0.94999999999999996|force_additive=0|enable_dual_channel=1|alpha_cong_commit_progress=1.25|alpha_cong_commit_nonprogress=1.25|alpha_cong_block=1.25|alpha_cong_wait_progress=0.75|alpha_cong_wait_nonprogress=0.75|alpha_flow_commit_progress=1|alpha_flow_wait_progress=1|rho_cong_decay=0.94999999999999996|rho_flow_decay=1|lambda_cong=1|lambda_flow=1|min_edge_cost=1|max_edge_cost=11|goal_projection_mode=flow_shield|flow_shield_beta=0.34999999999999998|max_flow_shield=0.75,14650fb0739d0383,1.25,1.25,1.25,0.75,0.75,1,1,0.95,1,1,1,0.35,0.75,1,11,1,0,0,1,0,0,50,25,0,1523,30.46,0,1,0,0,0.02,0.5,0.25,1,0.3,False,False,False,False,False,True
g547_fulltheta_smoke_00000335,new_g547_fulltheta_counterfactual_update_probe_solver_row,True,True,maze-32-32-4|50|668|25|0|14650fb0739d0383,maze-32-32-4|a50|s668|it0|g547_fulltheta_smoke_maze_32_32_4_a50_s668_b2000,generated_theta::repair5g547_theta_000010,repair5g547_theta_000010,repair5g547_theta_000010,fulltheta_smoke::theta_max_edge_cost,maze-32-32-4,maze,50,668,2000,0,False,False,,,2300,323.8311,1,0,1523,,,False,,True,7a35172bbc1b94cb,alpha_commit=1.25|alpha_block=1.25|alpha_wait_spillover=0.75|rho_decay=0.94999999999999996|force_additive=0|enable_dual_channel=1|alpha_cong_commit_progress=1.25|alpha_cong_commit_nonprogress=1.25|alpha_cong_block=1.25|alpha_cong_wait_progress=0.75|alpha_cong_wait_nonprogress=0.75|alpha_flow_commit_progress=1|alpha_flow_wait_progress=1|rho_cong_decay=0.94999999999999996|rho_flow_decay=1|lambda_cong=1|lambda_flow=1|min_edge_cost=1|max_edge_cost=8|goal_projection_mode=flow_shield|flow_shield_beta=0.34999999999999998|max_flow_shield=0.75,14650fb0739d0383,1.25,1.25,1.25,0.75,0.75,1,1,0.95,1,1,1,0.35,0.75,1,8,1,0,0,1,0,0,50,25,0,1523,30.46,0,1,0,0,0.02,0.5,0.25,1,0.3,False,False,False,False,False,True
g547_fulltheta_smoke_00000336,new_g547_fulltheta_counterfactual_update_probe_solver_row,True,True,maze-32-32-4|50|668|25|0|14650fb0739d0383,maze-32-32-4|a50|s668|it0|g547_fulltheta_smoke_maze_32_32_4_a50_s668_b2000,generated_theta::repair5g547_theta_000011,repair5g547_theta_000011,repair5g547_theta_000011,fulltheta_smoke::theta_max_edge_cost,maze-32-32-4,maze,50,668,2000,0,False,False,,,2300,319.8816,1,0,1523,,,False,,True,35d66dc1ec012cc6,alpha_commit=1.25|alpha_block=1.25|alpha_wait_spillover=0.75|rho_decay=0.94999999999999996|force_additive=0|enable_dual_channel=1|alpha_cong_commit_progress=1.25|alpha_cong_commit_nonprogress=1.25|alpha_cong_block=1.25|alpha_cong_wait_progress=0.75|alpha_cong_wait_nonprogress=0.75|alpha_flow_commit_progress=1|alpha_flow_wait_progress=1|rho_cong_decay=0.94999999999999996|rho_flow_decay=1|lambda_cong=1|lambda_flow=1|min_edge_cost=1|max_edge_cost=12|goal_projection_mode=flow_shield|flow_shield_beta=0.34999999999999998|max_flow_shield=0.75,14650fb0739d0383,1.25,1.25,1.25,0.75,0.75,1,1,0.95,1,1,1,0.35,0.75,1,12,1,0,0,1,0,0,50,25,0,1523,30.46,0,1,0,0,0.02,0.5,0.25,1,0.3,False,False,False,False,False,True
g547_fulltheta_smoke_00000337,new_g547_fulltheta_counterfactual_update_probe_solver_row,True,True,maze-32-32-4|50|668|25|0|14650fb0739d0383,maze-32-32-4|a50|s668|it0|g547_fulltheta_smoke_maze_32_32_4_a50_s668_b2000,generated_theta::repair5g547_theta_000012,repair5g547_theta_000012,repair5g547_theta_000012,fulltheta_smoke::goal_projection_mode,maze-32-32-4,maze,50,668,2000,0,False,False,,,2300,313.7665,1,0,1523,,,False,,True,e30a75611aecfe79,alpha_commit=1.25|alpha_block=1.25|alpha_wait_spillover=0.75|rho_decay=0.94999999999999996|force_additive=0|enable_dual_channel=1|alpha_cong_commit_progress=1.25|alpha_cong_commit_nonprogress=1.25|alpha_cong_block=1.25|alpha_cong_wait_progress=0.75|alpha_cong_wait_nonprogress=0.75|alpha_flow_commit_progress=1|alpha_flow_wait_progress=1|rho_cong_decay=0.94999999999999996|rho_flow_decay=1|lambda_cong=1|lambda_flow=1|min_edge_cost=1|max_edge_cost=11|goal_projection_mode=flow_shield|flow_shield_beta=0.34999999999999998|max_flow_shield=0.75,14650fb0739d0383,1.25,1.25,1.25,0.75,0.75,1,1,0.95,1,1,1,0.35,0.75,1,11,1,0,0,1,0,0,50,25,0,1523,30.46,0,1,0,0,0.02,0.5,0.25,1,0.3,False,False,False,False,False,True
g547_fulltheta_smoke_00000338,new_g547_fulltheta_counterfactual_update_probe_solver_row,True,True,maze-32-32-4|50|668|25|0|14650fb0739d0383,maze-32-32-4|a50|s668|it0|g547_fulltheta_smoke_maze_32_32_4_a50_s668_b2000,generated_theta::repair5g547_theta_000013,repair5g547_theta_000013,repair5g547_theta_000013,fulltheta_smoke::goal_projection_mode,maze-32-32-4,maze,50,668,2000,0,False,False,,,2300,337.7145,1,0,1523,,,False,,True,562c13d7a176a2bc,alpha_commit=1.25|alpha_block=1.25|alpha_wait_spillover=0.75|rho_decay=0.94999999999999996|force_additive=0|enable_dual_channel=1|alpha_cong_commit_progress=1.25|alpha_cong_commit_nonprogress=1.25|alpha_cong_block=1.25|alpha_cong_wait_progress=0.75|alpha_cong_wait_nonprogress=0.75|alpha_flow_commit_progress=1|alpha_flow_wait_progress=1|rho_cong_decay=0.94999999999999996|rho_flow_decay=1|lambda_cong=1|lambda_flow=1|min_edge_cost=1|max_edge_cost=11|goal_projection_mode=agent_progress|flow_shield_beta=0.34999999999999998|max_flow_shield=0.75,14650fb0739d0383,1.25,1.25,1.25,0.75,0.75,1,1,0.95,1,1,1,0.35,0.75,1,11,0,1,0,1,0,0,50,25,0,1523,30.46,0,1,0,0,0.02,0.5,0.25,1,0.3,False,False,False,False,False,True
g547_fulltheta_smoke_00000339,new_g547_fulltheta_counterfactual_update_probe_solver_row,True,True,maze-32-32-4|50|668|25|0|14650fb0739d0383,maze-32-32-4|a50|s668|it0|g547_fulltheta_smoke_maze_32_32_4_a50_s668_b2000,generated_theta::repair5g547_theta_000014,repair5g547_theta_000014,repair5g547_theta_000014,fulltheta_smoke::goal_projection_mode,maze-32-32-4,maze,50,668,2000,0,False,False,,,2300,274.8816,1,0,1523,,,False,,True,b96f092bbcb39893,alpha_commit=1.25|alpha_block=1.25|alpha_wait_spillover=0.75|rho_decay=0.94999999999999996|force_additive=0|enable_dual_channel=1|alpha_cong_commit_progress=1.25|alpha_cong_commit_nonprogress=1.25|alpha_cong_block=1.25|alpha_cong_wait_progress=0.75|alpha_cong_wait_nonprogress=0.75|alpha_flow_commit_progress=1|alpha_flow_wait_progress=1|rho_cong_decay=0.94999999999999996|rho_flow_decay=1|lambda_cong=1|lambda_flow=1|min_edge_cost=1|max_edge_cost=11|goal_projection_mode=none|flow_shield_beta=0.34999999999999998|max_flow_shield=0.75,14650fb0739d0383,1.25,1.25,1.25,0.75,0.75,1,1,0.95,1,1,1,0.35,0.75,1,11,0,0,1,1,0,0,50,25,0,1523,30.46,0,1,0,0,0.02,0.5,0.25,1,0.3,False,False,False,False,False,True
g547_fulltheta_smoke_00000340,new_g547_fulltheta_counterfactual_update_probe_solver_row,True,True,maze-32-32-4|50|668|25|0|14650fb0739d0383,maze-32-32-4|a50|s668|it0|g547_fulltheta_smoke_maze_32_32_4_a50_s668_b2000,generated_theta::repair5g547_theta_000015,repair5g547_theta_000015,repair5g547_theta_000015,fulltheta_smoke::theta_alpha_cong_commit_nonprogress,maze-32-32-4,maze,50,668,2000,0,False,False,,,2300,335.61,1,0,1523,,,False,,True,95eced852605b4c7,alpha_commit=0.5|alpha_block=1.25|alpha_wait_spillover=0.75|rho_decay=0.94999999999999996|force_additive=0|enable_dual_channel=1|alpha_cong_commit_progress=1.25|alpha_cong_commit_nonprogress=0.5|alpha_cong_block=1.25|alpha_cong_wait_progress=0.75|alpha_cong_wait_nonprogress=0.75|alpha_flow_commit_progress=1|alpha_flow_wait_progress=1|rho_cong_decay=0.94999999999999996|rho_flow_decay=1|lambda_cong=1|lambda_flow=1|min_edge_cost=1|max_edge_cost=11|goal_projection_mode=flow_shield|flow_shield_beta=0.34999999999999998|max_flow_shield=0.75,14650fb0739d0383,1.25,0.5,1.25,0.75,0.75,1,1,0.95,1,1,1,0.35,0.75,1,11,1,0,0,1,0,0,50,25,0,1523,30.46,0,1,0,0,0.02,0.5,0.25,1,0.3,False,False,False,False,False,True
g547_fulltheta_smoke_00000341,new_g547_fulltheta_counterfactual_update_probe_solver_row,True,True,maze-32-32-4|50|668|25|0|14650fb0739d0383,maze-32-32-4|a50|s668|it0|g547_fulltheta_smoke_maze_32_32_4_a50_s668_b2000,generated_theta::repair5g547_theta_000016,repair5g547_theta_000016,repair5g547_theta_000016,fulltheta_smoke::theta_alpha_cong_commit_nonprogress,maze-32-32-4,maze,50,668,2000,0,False,False,,,2300,332.2403,1,0,1523,,,False,,True,2a15243280de3947,alpha_commit=1.75|alpha_block=1.25|alpha_wait_spillover=0.75|rho_decay=0.94999999999999996|force_additive=0|enable_dual_channel=1|alpha_cong_commit_progress=1.25|alpha_cong_commit_nonprogress=1.75|alpha_cong_block=1.25|alpha_cong_wait_progress=0.75|alpha_cong_wait_nonprogress=0.75|alpha_flow_commit_progress=1|alpha_flow_wait_progress=1|rho_cong_decay=0.94999999999999996|rho_flow_decay=1|lambda_cong=1|lambda_flow=1|min_edge_cost=1|max_edge_cost=11|goal_projection_mode=flow_shield|flow_shield_beta=0.34999999999999998|max_flow_shield=0.75,14650fb0739d0383,1.25,1.75,1.25,0.75,0.75,1,1,0.95,1,1,1,0.35,0.75,1,11,1,0,0,1,0,0,50,25,0,1523,30.46,0,1,0,0,0.02,0.5,0.25,1,0.3,False,False,False,False,False,True
g547_fulltheta_smoke_00000342,new_g547_fulltheta_counterfactual_update_probe_solver_row,True,True,maze-32-32-4|50|669|25|0|14650fb0739d0383,maze-32-32-4|a50|s669|it0|g547_fulltheta_smoke_maze_32_32_4_a50_s669_b500,additive_ltm,repair5g59_additive_fallback,repair5g59_additive_fallback,baseline,maze-32-32-4,maze,50,669,500,0,False,False,,,2149,149.0093,1,0,1041,,,False,,True,35049bacad216c02,alpha_commit=1|alpha_block=1|alpha_wait_spillover=1|rho_decay=1|force_additive=1|enable_dual_channel=0|alpha_cong_commit_progress=0|alpha_cong_commit_nonprogress=1|alpha_cong_block=1|alpha_cong_wait_progress=1|alpha_cong_wait_nonprogress=1|alpha_flow_commit_progress=0|alpha_flow_wait_progress=0|rho_cong_decay=1|rho_flow_decay=1|lambda_cong=1|lambda_flow=0|min_edge_cost=0.25|max_edge_cost=11|goal_projection_mode=none|flow_shield_beta=0|max_flow_shield=0,14650fb0739d0383,0,1,1,1,1,0,0,1,1,1,0,0,0.25,0.25,11,0,0,1,1,0,0,50,25,0,1041,20.82,0,1,0,0,0.02,0.5,0.25,1,0.3,False,False,False,False,False,True
g547_fulltheta_smoke_00000343,new_g547_fulltheta_counterfactual_update_probe_solver_row,True,True,maze-32-32-4|50|669|25|0|14650fb0739d0383,maze-32-32-4|a50|s669|it0|g547_fulltheta_smoke_maze_32_32_4_a50_s669_b500,static_flow_shield,repair5g59_static_flow_shield,repair5g59_static_flow_shield,baseline,maze-32-32-4,maze,50,669,500,0,False,False,,,2149,242.6785,1,0,1041,,,False,,True,29737bed70c56f0d,alpha_commit=1.25|alpha_block=1.25|alpha_wait_spillover=0.75|rho_decay=0.94999999999999996|force_additive=0|enable_dual_channel=1|alpha_cong_commit_progress=1.25|alpha_cong_commit_nonprogress=1.25|alpha_cong_block=1.25|alpha_cong_wait_progress=0.75|alpha_cong_wait_nonprogress=0.75|alpha_flow_commit_progress=1|alpha_flow_wait_progress=0|rho_cong_decay=0.94999999999999996|rho_flow_decay=1|lambda_cong=1|lambda_flow=0|min_edge_cost=1|max_edge_cost=11|goal_projection_mode=flow_shield|flow_shield_beta=0.34999999999999998|max_flow_shield=0.75,14650fb0739d0383,1.25,1.25,1.25,0.75,0.75,1,1,0.95,1,1,1,0.35,0.75,1,11,1,0,0,1,0,0,50,25,0,1041,20.82,0,1,0,0,0.02,0.5,0.25,1,0.3,False,False,False,False,False,True
g547_fulltheta_smoke_00000344,new_g547_fulltheta_counterfactual_update_probe_solver_row,True,True,maze-32-32-4|50|669|25|0|14650fb0739d0383,maze-32-32-4|a50|s669|it0|g547_fulltheta_smoke_maze_32_32_4_a50_s669_b500,frozen_family_static_goal_aware,repair5g59_high_beta_cap_safe,repair5g59_high_beta_cap_safe,baseline,maze-32-32-4,maze,50,669,500,0,False,False,,,2149,253.4263,1,0,1041,,,False,,True,fbcf27bf34de68c,alpha_commit=1.25|alpha_block=1.25|alpha_wait_spillover=0.75|rho_decay=0.94999999999999996|force_additive=0|enable_dual_channel=1|alpha_cong_commit_progress=1.25|alpha_cong_commit_nonprogress=1.25|alpha_cong_block=1.25|alpha_cong_wait_progress=0.75|alpha_cong_wait_nonprogress=0.75|alpha_flow_commit_progress=1|alpha_flow_wait_progress=0|rho_cong_decay=0.94999999999999996|rho_flow_decay=1|lambda_cong=1|lambda_flow=0|min_edge_cost=1|max_edge_cost=11|goal_projection_mode=flow_shield|flow_shield_beta=0.59999999999999998|max_flow_shield=0.75,14650fb0739d0383,1.25,1.25,1.25,0.75,0.75,1,1,0.95,1,1,1,0.6,0.75,1,11,1,0,0,1,0,0,50,25,0,1041,20.82,0,1,0,0,0.02,0.5,0.25,1,0.3,False,False,False,False,False,True
g547_fulltheta_smoke_00000345,new_g547_fulltheta_counterfactual_update_probe_solver_row,True,True,maze-32-32-4|50|669|25|0|14650fb0739d0383,maze-32-32-4|a50|s669|it0|g547_fulltheta_smoke_maze_32_32_4_a50_s669_b500,generated_theta::repair5g547_theta_000001,repair5g547_theta_000001,repair5g547_theta_000001,fulltheta_smoke::all_fields_reference,maze-32-32-4,maze,50,669,500,0,False,False,,,2149,255.2713,1,0,1041,,,False,,True,e30a75611aecfe79,alpha_commit=1.25|alpha_block=1.25|alpha_wait_spillover=0.75|rho_decay=0.94999999999999996|force_additive=0|enable_dual_channel=1|alpha_cong_commit_progress=1.25|alpha_cong_commit_nonprogress=1.25|alpha_cong_block=1.25|alpha_cong_wait_progress=0.75|alpha_cong_wait_nonprogress=0.75|alpha_flow_commit_progress=1|alpha_flow_wait_progress=1|rho_cong_decay=0.94999999999999996|rho_flow_decay=1|lambda_cong=1|lambda_flow=1|min_edge_cost=1|max_edge_cost=11|goal_projection_mode=flow_shield|flow_shield_beta=0.34999999999999998|max_flow_shield=0.75,14650fb0739d0383,1.25,1.25,1.25,0.75,0.75,1,1,0.95,1,1,1,0.35,0.75,1,11,1,0,0,1,0,0,50,25,0,1041,20.82,0,1,0,0,0.02,0.5,0.25,1,0.3,False,False,False,False,False,True
g547_fulltheta_smoke_00000346,new_g547_fulltheta_counterfactual_update_probe_solver_row,True,True,maze-32-32-4|50|669|25|0|14650fb0739d0383,maze-32-32-4|a50|s669|it0|g547_fulltheta_smoke_maze_32_32_4_a50_s669_b500,generated_theta::repair5g547_theta_000002,repair5g547_theta_000002,repair5g547_theta_000002,fulltheta_smoke::theta_lambda_flow,maze-32-32-4,maze,50,669,500,0,False,False,,,2149,249.115,1,0,1041,,,False,,True,a4814b677c6d1180,alpha_commit=1.25|alpha_block=1.25|alpha_wait_spillover=0.75|rho_decay=0.94999999999999996|force_additive=0|enable_dual_channel=1|alpha_cong_commit_progress=1.25|alpha_cong_commit_nonprogress=1.25|alpha_cong_block=1.25|alpha_cong_wait_progress=0.75|alpha_cong_wait_nonprogress=0.75|alpha_flow_commit_progress=1|alpha_flow_wait_progress=1|rho_cong_decay=0.94999999999999996|rho_flow_decay=1|lambda_cong=1|lambda_flow=0.10000000000000001|min_edge_cost=1|max_edge_cost=11|goal_projection_mode=flow_shield|flow_shield_beta=0.34999999999999998|max_flow_shield=0.75,14650fb0739d0383,1.25,1.25,1.25,0.75,0.75,1,1,0.95,1,1,0.1,0.35,0.75,1,11,1,0,0,1,0,0,50,25,0,1041,20.82,0,1,0,0,0.02,0.5,0.25,1,0.3,False,False,False,False,False,True
g547_fulltheta_smoke_00000347,new_g547_fulltheta_counterfactual_update_probe_solver_row,True,True,maze-32-32-4|50|669|25|0|14650fb0739d0383,maze-32-32-4|a50|s669|it0|g547_fulltheta_smoke_maze_32_32_4_a50_s669_b500,generated_theta::repair5g547_theta_000003,repair5g547_theta_000003,repair5g547_theta_000003,fulltheta_smoke::theta_lambda_flow,maze-32-32-4,maze,50,669,500,0,False,False,,,2149,271.1542,1,0,1041,,,False,,True,8584e99b6c1a5647,alpha_commit=1.25|alpha_block=1.25|alpha_wait_spillover=0.75|rho_decay=0.94999999999999996|force_additive=0|enable_dual_channel=1|alpha_cong_commit_progress=1.25|alpha_cong_commit_nonprogress=1.25|alpha_cong_block=1.25|alpha_cong_wait_progress=0.75|alpha_cong_wait_nonprogress=0.75|alpha_flow_commit_progress=1|alpha_flow_wait_progress=1|rho_cong_decay=0.94999999999999996|rho_flow_decay=1|lambda_cong=1|lambda_flow=1.3999999999999999|min_edge_cost=1|max_edge_cost=11|goal_projection_mode=flow_shield|flow_shield_beta=0.34999999999999998|max_flow_shield=0.75,14650fb0739d0383,1.25,1.25,1.25,0.75,0.75,1,1,0.95,1,1,1.4,0.35,0.75,1,11,1,0,0,1,0,0,50,25,0,1041,20.82,0,1,0,0,0.02,0.5,0.25,1,0.3,False,False,False,False,False,True
g547_fulltheta_smoke_00000348,new_g547_fulltheta_counterfactual_update_probe_solver_row,True,True,maze-32-32-4|50|669|25|0|14650fb0739d0383,maze-32-32-4|a50|s669|it0|g547_fulltheta_smoke_maze_32_32_4_a50_s669_b500,generated_theta::repair5g547_theta_000004,repair5g547_theta_000004,repair5g547_theta_000004,fulltheta_smoke::theta_lambda_cong,maze-32-32-4,maze,50,669,500,0,False,False,,,2149,247.4139,1,0,1041,,,False,,True,b5442e0c6c6741b0,alpha_commit=1.25|alpha_block=1.25|alpha_wait_spillover=0.75|rho_decay=0.94999999999999996|force_additive=0|enable_dual_channel=1|alpha_cong_commit_progress=1.25|alpha_cong_commit_nonprogress=1.25|alpha_cong_block=1.25|alpha_cong_wait_progress=0.75|alpha_cong_wait_nonprogress=0.75|alpha_flow_commit_progress=1|alpha_flow_wait_progress=1|rho_cong_decay=0.94999999999999996|rho_flow_decay=1|lambda_cong=0.59999999999999998|lambda_flow=1|min_edge_cost=1|max_edge_cost=11|goal_projection_mode=flow_shield|flow_shield_beta=0.34999999999999998|max_flow_shield=0.75,14650fb0739d0383,1.25,1.25,1.25,0.75,0.75,1,1,0.95,1,0.6,1,0.35,0.75,1,11,1,0,0,1,0,0,50,25,0,1041,20.82,0,1,0,0,0.02,0.5,0.25,1,0.3,False,False,False,False,False,True
g547_fulltheta_smoke_00000349,new_g547_fulltheta_counterfactual_update_probe_solver_row,True,True,maze-32-32-4|50|669|25|0|14650fb0739d0383,maze-32-32-4|a50|s669|it0|g547_fulltheta_smoke_maze_32_32_4_a50_s669_b500,generated_theta::repair5g547_theta_000005,repair5g547_theta_000005,repair5g547_theta_000005,fulltheta_smoke::theta_lambda_cong,maze-32-32-4,maze,50,669,500,0,False,False,,,2149,262.2554,1,0,1041,,,False,,True,77f3f55aa954d3f,alpha_commit=1.25|alpha_block=1.25|alpha_wait_spillover=0.75|rho_decay=0.94999999999999996|force_additive=0|enable_dual_channel=1|alpha_cong_commit_progress=1.25|alpha_cong_commit_nonprogress=1.25|alpha_cong_block=1.25|alpha_cong_wait_progress=0.75|alpha_cong_wait_nonprogress=0.75|alpha_flow_commit_progress=1|alpha_flow_wait_progress=1|rho_cong_decay=0.94999999999999996|rho_flow_decay=1|lambda_cong=1.3999999999999999|lambda_flow=1|min_edge_cost=1|max_edge_cost=11|goal_projection_mode=flow_shield|flow_shield_beta=0.34999999999999998|max_flow_shield=0.75,14650fb0739d0383,1.25,1.25,1.25,0.75,0.75,1,1,0.95,1,1.4,1,0.35,0.75,1,11,1,0,0,1,0,0,50,25,0,1041,20.82,0,1,0,0,0.02,0.5,0.25,1,0.3,False,False,False,False,False,True
g547_fulltheta_smoke_00000350,new_g547_fulltheta_counterfactual_update_probe_solver_row,True,True,maze-32-32-4|50|669|25|0|14650fb0739d0383,maze-32-32-4|a50|s669|it0|g547_fulltheta_smoke_maze_32_32_4_a50_s669_b500,generated_theta::repair5g547_theta_000006,repair5g547_theta_000006,repair5g547_theta_000006,fulltheta_smoke::theta_alpha_flow_wait_progress,maze-32-32-4,maze,50,669,500,0,False,False,,,2149,370.9656,1,0,1041,,,False,,True,29c4ecda70affb5a,alpha_commit=1.25|alpha_block=1.25|alpha_wait_spillover=0.75|rho_decay=0.94999999999999996|force_additive=0|enable_dual_channel=1|alpha_cong_commit_progress=1.25|alpha_cong_commit_nonprogress=1.25|alpha_cong_block=1.25|alpha_cong_wait_progress=0.75|alpha_cong_wait_nonprogress=0.75|alpha_flow_commit_progress=1|alpha_flow_wait_progress=0|rho_cong_decay=0.94999999999999996|rho_flow_decay=1|lambda_cong=1|lambda_flow=1|min_edge_cost=1|max_edge_cost=11|goal_projection_mode=flow_shield|flow_shield_beta=0.34999999999999998|max_flow_shield=0.75,14650fb0739d0383,1.25,1.25,1.25,0.75,0.75,1,0,0.95,1,1,1,0.35,0.75,1,11,1,0,0,1,0,0,50,25,0,1041,20.82,0,1,0,0,0.02,0.5,0.25,1,0.3,False,False,False,False,False,True
g547_fulltheta_smoke_00000351,new_g547_fulltheta_counterfactual_update_probe_solver_row,True,True,maze-32-32-4|50|669|25|0|14650fb0739d0383,maze-32-32-4|a50|s669|it0|g547_fulltheta_smoke_maze_32_32_4_a50_s669_b500,generated_theta::repair5g547_theta_000007,repair5g547_theta_000007,repair5g547_theta_000007,fulltheta_smoke::theta_alpha_flow_wait_progress,maze-32-32-4,maze,50,669,500,0,False,False,,,2149,392.6828,1,0,1041,,,False,,True,b5a183b18079a70d,alpha_commit=1.25|alpha_block=1.25|alpha_wait_spillover=0.75|rho_decay=0.94999999999999996|force_additive=0|enable_dual_channel=1|alpha_cong_commit_progress=1.25|alpha_cong_commit_nonprogress=1.25|alpha_cong_block=1.25|alpha_cong_wait_progress=0.75|alpha_cong_wait_nonprogress=0.75|alpha_flow_commit_progress=1|alpha_flow_wait_progress=1.2|rho_cong_decay=0.94999999999999996|rho_flow_decay=1|lambda_cong=1|lambda_flow=1|min_edge_cost=1|max_edge_cost=11|goal_projection_mode=flow_shield|flow_shield_beta=0.34999999999999998|max_flow_shield=0.75,14650fb0739d0383,1.25,1.25,1.25,0.75,0.75,1,1.2,0.95,1,1,1,0.35,0.75,1,11,1,0,0,1,0,0,50,25,0,1041,20.82,0,1,0,0,0.02,0.5,0.25,1,0.3,False,False,False,False,False,True
g547_fulltheta_smoke_00000352,new_g547_fulltheta_counterfactual_update_probe_solver_row,True,True,maze-32-32-4|50|669|25|0|14650fb0739d0383,maze-32-32-4|a50|s669|it0|g547_fulltheta_smoke_maze_32_32_4_a50_s669_b500,generated_theta::repair5g547_theta_000008,repair5g547_theta_000008,repair5g547_theta_000008,fulltheta_smoke::theta_min_edge_cost,maze-32-32-4,maze,50,669,500,0,False,False,,,2149,341.6996,1,0,1041,,,False,,True,ef8f0d160cc2a725,alpha_commit=1.25|alpha_block=1.25|alpha_wait_spillover=0.75|rho_decay=0.94999999999999996|force_additive=0|enable_dual_channel=1|alpha_cong_commit_progress=1.25|alpha_cong_commit_nonprogress=1.25|alpha_cong_block=1.25|alpha_cong_wait_progress=0.75|alpha_cong_wait_nonprogress=0.75|alpha_flow_commit_progress=1|alpha_flow_wait_progress=1|rho_cong_decay=0.94999999999999996|rho_flow_decay=1|lambda_cong=1|lambda_flow=1|min_edge_cost=0.25|max_edge_cost=11|goal_projection_mode=flow_shield|flow_shield_beta=0.34999999999999998|max_flow_shield=0.75,14650fb0739d0383,1.25,1.25,1.25,0.75,0.75,1,1,0.95,1,1,1,0.35,0.75,0.25,11,1,0,0,1,0,0,50,25,0,1041,20.82,0,1,0,0,0.02,0.5,0.25,1,0.3,False,False,False,False,False,True
g547_fulltheta_smoke_00000353,new_g547_fulltheta_counterfactual_update_probe_solver_row,True,True,maze-32-32-4|50|669|25|0|14650fb0739d0383,maze-32-32-4|a50|s669|it0|g547_fulltheta_smoke_maze_32_32_4_a50_s669_b500,generated_theta::repair5g547_theta_000009,repair5g547_theta_000009,repair5g547_theta_000009,fulltheta_smoke::theta_min_edge_cost,maze-32-32-4,maze,50,669,500,0,False,False,,,2149,346.6672,1,0,1041,,,False,,True,e30a75611aecfe79,alpha_commit=1.25|alpha_block=1.25|alpha_wait_spillover=0.75|rho_decay=0.94999999999999996|force_additive=0|enable_dual_channel=1|alpha_cong_commit_progress=1.25|alpha_cong_commit_nonprogress=1.25|alpha_cong_block=1.25|alpha_cong_wait_progress=0.75|alpha_cong_wait_nonprogress=0.75|alpha_flow_commit_progress=1|alpha_flow_wait_progress=1|rho_cong_decay=0.94999999999999996|rho_flow_decay=1|lambda_cong=1|lambda_flow=1|min_edge_cost=1|max_edge_cost=11|goal_projection_mode=flow_shield|flow_shield_beta=0.34999999999999998|max_flow_shield=0.75,14650fb0739d0383,1.25,1.25,1.25,0.75,0.75,1,1,0.95,1,1,1,0.35,0.75,1,11,1,0,0,1,0,0,50,25,0,1041,20.82,0,1,0,0,0.02,0.5,0.25,1,0.3,False,False,False,False,False,True
g547_fulltheta_smoke_00000354,new_g547_fulltheta_counterfactual_update_probe_solver_row,True,True,maze-32-32-4|50|669|25|0|14650fb0739d0383,maze-32-32-4|a50|s669|it0|g547_fulltheta_smoke_maze_32_32_4_a50_s669_b500,generated_theta::repair5g547_theta_000010,repair5g547_theta_000010,repair5g547_theta_000010,fulltheta_smoke::theta_max_edge_cost,maze-32-32-4,maze,50,669,500,0,False,False,,,2149,375.7026,1,0,1041,,,False,,True,7a35172bbc1b94cb,alpha_commit=1.25|alpha_block=1.25|alpha_wait_spillover=0.75|rho_decay=0.94999999999999996|force_additive=0|enable_dual_channel=1|alpha_cong_commit_progress=1.25|alpha_cong_commit_nonprogress=1.25|alpha_cong_block=1.25|alpha_cong_wait_progress=0.75|alpha_cong_wait_nonprogress=0.75|alpha_flow_commit_progress=1|alpha_flow_wait_progress=1|rho_cong_decay=0.94999999999999996|rho_flow_decay=1|lambda_cong=1|lambda_flow=1|min_edge_cost=1|max_edge_cost=8|goal_projection_mode=flow_shield|flow_shield_beta=0.34999999999999998|max_flow_shield=0.75,14650fb0739d0383,1.25,1.25,1.25,0.75,0.75,1,1,0.95,1,1,1,0.35,0.75,1,8,1,0,0,1,0,0,50,25,0,1041,20.82,0,1,0,0,0.02,0.5,0.25,1,0.3,False,False,False,False,False,True
g547_fulltheta_smoke_00000355,new_g547_fulltheta_counterfactual_update_probe_solver_row,True,True,maze-32-32-4|50|669|25|0|14650fb0739d0383,maze-32-32-4|a50|s669|it0|g547_fulltheta_smoke_maze_32_32_4_a50_s669_b500,generated_theta::repair5g547_theta_000011,repair5g547_theta_000011,repair5g547_theta_000011,fulltheta_smoke::theta_max_edge_cost,maze-32-32-4,maze,50,669,500,0,False,False,,,2149,307.3644,1,0,1041,,,False,,True,35d66dc1ec012cc6,alpha_commit=1.25|alpha_block=1.25|alpha_wait_spillover=0.75|rho_decay=0.94999999999999996|force_additive=0|enable_dual_channel=1|alpha_cong_commit_progress=1.25|alpha_cong_commit_nonprogress=1.25|alpha_cong_block=1.25|alpha_cong_wait_progress=0.75|alpha_cong_wait_nonprogress=0.75|alpha_flow_commit_progress=1|alpha_flow_wait_progress=1|rho_cong_decay=0.94999999999999996|rho_flow_decay=1|lambda_cong=1|lambda_flow=1|min_edge_cost=1|max_edge_cost=12|goal_projection_mode=flow_shield|flow_shield_beta=0.34999999999999998|max_flow_shield=0.75,14650fb0739d0383,1.25,1.25,1.25,0.75,0.75,1,1,0.95,1,1,1,0.35,0.75,1,12,1,0,0,1,0,0,50,25,0,1041,20.82,0,1,0,0,0.02,0.5,0.25,1,0.3,False,False,False,False,False,True
g547_fulltheta_smoke_00000356,new_g547_fulltheta_counterfactual_update_probe_solver_row,True,True,maze-32-32-4|50|669|25|0|14650fb0739d0383,maze-32-32-4|a50|s669|it0|g547_fulltheta_smoke_maze_32_32_4_a50_s669_b500,generated_theta::repair5g547_theta_000012,repair5g547_theta_000012,repair5g547_theta_000012,fulltheta_smoke::goal_projection_mode,maze-32-32-4,maze,50,669,500,0,False,False,,,2149,371.3058,1,0,1041,,,False,,True,e30a75611aecfe79,alpha_commit=1.25|alpha_block=1.25|alpha_wait_spillover=0.75|rho_decay=0.94999999999999996|force_additive=0|enable_dual_channel=1|alpha_cong_commit_progress=1.25|alpha_cong_commit_nonprogress=1.25|alpha_cong_block=1.25|alpha_cong_wait_progress=0.75|alpha_cong_wait_nonprogress=0.75|alpha_flow_commit_progress=1|alpha_flow_wait_progress=1|rho_cong_decay=0.94999999999999996|rho_flow_decay=1|lambda_cong=1|lambda_flow=1|min_edge_cost=1|max_edge_cost=11|goal_projection_mode=flow_shield|flow_shield_beta=0.34999999999999998|max_flow_shield=0.75,14650fb0739d0383,1.25,1.25,1.25,0.75,0.75,1,1,0.95,1,1,1,0.35,0.75,1,11,1,0,0,1,0,0,50,25,0,1041,20.82,0,1,0,0,0.02,0.5,0.25,1,0.3,False,False,False,False,False,True
g547_fulltheta_smoke_00000357,new_g547_fulltheta_counterfactual_update_probe_solver_row,True,True,maze-32-32-4|50|669|25|0|14650fb0739d0383,maze-32-32-4|a50|s669|it0|g547_fulltheta_smoke_maze_32_32_4_a50_s669_b500,generated_theta::repair5g547_theta_000013,repair5g547_theta_000013,repair5g547_theta_000013,fulltheta_smoke::goal_projection_mode,maze-32-32-4,maze,50,669,500,0,False,False,,,2149,355.527,1,0,1041,,,False,,True,562c13d7a176a2bc,alpha_commit=1.25|alpha_block=1.25|alpha_wait_spillover=0.75|rho_decay=0.94999999999999996|force_additive=0|enable_dual_channel=1|alpha_cong_commit_progress=1.25|alpha_cong_commit_nonprogress=1.25|alpha_cong_block=1.25|alpha_cong_wait_progress=0.75|alpha_cong_wait_nonprogress=0.75|alpha_flow_commit_progress=1|alpha_flow_wait_progress=1|rho_cong_decay=0.94999999999999996|rho_flow_decay=1|lambda_cong=1|lambda_flow=1|min_edge_cost=1|max_edge_cost=11|goal_projection_mode=agent_progress|flow_shield_beta=0.34999999999999998|max_flow_shield=0.75,14650fb0739d0383,1.25,1.25,1.25,0.75,0.75,1,1,0.95,1,1,1,0.35,0.75,1,11,0,1,0,1,0,0,50,25,0,1041,20.82,0,1,0,0,0.02,0.5,0.25,1,0.3,False,False,False,False,False,True
g547_fulltheta_smoke_00000358,new_g547_fulltheta_counterfactual_update_probe_solver_row,True,True,maze-32-32-4|50|669|25|0|14650fb0739d0383,maze-32-32-4|a50|s669|it0|g547_fulltheta_smoke_maze_32_32_4_a50_s669_b500,generated_theta::repair5g547_theta_000014,repair5g547_theta_000014,repair5g547_theta_000014,fulltheta_smoke::goal_projection_mode,maze-32-32-4,maze,50,669,500,0,False,False,,,2149,318.3261,1,0,1041,,,False,,True,b96f092bbcb39893,alpha_commit=1.25|alpha_block=1.25|alpha_wait_spillover=0.75|rho_decay=0.94999999999999996|force_additive=0|enable_dual_channel=1|alpha_cong_commit_progress=1.25|alpha_cong_commit_nonprogress=1.25|alpha_cong_block=1.25|alpha_cong_wait_progress=0.75|alpha_cong_wait_nonprogress=0.75|alpha_flow_commit_progress=1|alpha_flow_wait_progress=1|rho_cong_decay=0.94999999999999996|rho_flow_decay=1|lambda_cong=1|lambda_flow=1|min_edge_cost=1|max_edge_cost=11|goal_projection_mode=none|flow_shield_beta=0.34999999999999998|max_flow_shield=0.75,14650fb0739d0383,1.25,1.25,1.25,0.75,0.75,1,1,0.95,1,1,1,0.35,0.75,1,11,0,0,1,1,0,0,50,25,0,1041,20.82,0,1,0,0,0.02,0.5,0.25,1,0.3,False,False,False,False,False,True
g547_fulltheta_smoke_00000359,new_g547_fulltheta_counterfactual_update_probe_solver_row,True,True,maze-32-32-4|50|669|25|0|14650fb0739d0383,maze-32-32-4|a50|s669|it0|g547_fulltheta_smoke_maze_32_32_4_a50_s669_b500,generated_theta::repair5g547_theta_000015,repair5g547_theta_000015,repair5g547_theta_000015,fulltheta_smoke::theta_alpha_cong_commit_nonprogress,maze-32-32-4,maze,50,669,500,0,False,False,,,2149,361.2624,1,0,1041,,,False,,True,95eced852605b4c7,alpha_commit=0.5|alpha_block=1.25|alpha_wait_spillover=0.75|rho_decay=0.94999999999999996|force_additive=0|enable_dual_channel=1|alpha_cong_commit_progress=1.25|alpha_cong_commit_nonprogress=0.5|alpha_cong_block=1.25|alpha_cong_wait_progress=0.75|alpha_cong_wait_nonprogress=0.75|alpha_flow_commit_progress=1|alpha_flow_wait_progress=1|rho_cong_decay=0.94999999999999996|rho_flow_decay=1|lambda_cong=1|lambda_flow=1|min_edge_cost=1|max_edge_cost=11|goal_projection_mode=flow_shield|flow_shield_beta=0.34999999999999998|max_flow_shield=0.75,14650fb0739d0383,1.25,0.5,1.25,0.75,0.75,1,1,0.95,1,1,1,0.35,0.75,1,11,1,0,0,1,0,0,50,25,0,1041,20.82,0,1,0,0,0.02,0.5,0.25,1,0.3,False,False,False,False,False,True
g547_fulltheta_smoke_00000360,new_g547_fulltheta_counterfactual_update_probe_solver_row,True,True,maze-32-32-4|50|669|25|0|14650fb0739d0383,maze-32-32-4|a50|s669|it0|g547_fulltheta_smoke_maze_32_32_4_a50_s669_b500,generated_theta::repair5g547_theta_000016,repair5g547_theta_000016,repair5g547_theta_000016,fulltheta_smoke::theta_alpha_cong_commit_nonprogress,maze-32-32-4,maze,50,669,500,0,False,False,,,2149,350.2689,1,0,1041,,,False,,True,2a15243280de3947,alpha_commit=1.75|alpha_block=1.25|alpha_wait_spillover=0.75|rho_decay=0.94999999999999996|force_additive=0|enable_dual_channel=1|alpha_cong_commit_progress=1.25|alpha_cong_commit_nonprogress=1.75|alpha_cong_block=1.25|alpha_cong_wait_progress=0.75|alpha_cong_wait_nonprogress=0.75|alpha_flow_commit_progress=1|alpha_flow_wait_progress=1|rho_cong_decay=0.94999999999999996|rho_flow_decay=1|lambda_cong=1|lambda_flow=1|min_edge_cost=1|max_edge_cost=11|goal_projection_mode=flow_shield|flow_shield_beta=0.34999999999999998|max_flow_shield=0.75,14650fb0739d0383,1.25,1.75,1.25,0.75,0.75,1,1,0.95,1,1,1,0.35,0.75,1,11,1,0,0,1,0,0,50,25,0,1041,20.82,0,1,0,0,0.02,0.5,0.25,1,0.3,False,False,False,False,False,True
g547_fulltheta_smoke_00000361,new_g547_fulltheta_counterfactual_update_probe_solver_row,True,True,maze-32-32-4|50|669|25|0|14650fb0739d0383,maze-32-32-4|a50|s669|it0|g547_fulltheta_smoke_maze_32_32_4_a50_s669_b1000,additive_ltm,repair5g59_additive_fallback,repair5g59_additive_fallback,baseline,maze-32-32-4,maze,50,669,1000,0,False,False,,,2149,148.8758,1,0,1482,,,False,,True,35049bacad216c02,alpha_commit=1|alpha_block=1|alpha_wait_spillover=1|rho_decay=1|force_additive=1|enable_dual_channel=0|alpha_cong_commit_progress=0|alpha_cong_commit_nonprogress=1|alpha_cong_block=1|alpha_cong_wait_progress=1|alpha_cong_wait_nonprogress=1|alpha_flow_commit_progress=0|alpha_flow_wait_progress=0|rho_cong_decay=1|rho_flow_decay=1|lambda_cong=1|lambda_flow=0|min_edge_cost=0.25|max_edge_cost=11|goal_projection_mode=none|flow_shield_beta=0|max_flow_shield=0,14650fb0739d0383,0,1,1,1,1,0,0,1,1,1,0,0,0.25,0.25,11,0,0,1,1,0,0,50,25,0,1482,29.64,0,1,0,0,0.02,0.5,0.25,1,0.3,False,False,False,False,False,True
g547_fulltheta_smoke_00000362,new_g547_fulltheta_counterfactual_update_probe_solver_row,True,True,maze-32-32-4|50|669|25|0|14650fb0739d0383,maze-32-32-4|a50|s669|it0|g547_fulltheta_smoke_maze_32_32_4_a50_s669_b1000,static_flow_shield,repair5g59_static_flow_shield,repair5g59_static_flow_shield,baseline,maze-32-32-4,maze,50,669,1000,0,False,False,,,2149,240.2061,1,0,1482,,,False,,True,29737bed70c56f0d,alpha_commit=1.25|alpha_block=1.25|alpha_wait_spillover=0.75|rho_decay=0.94999999999999996|force_additive=0|enable_dual_channel=1|alpha_cong_commit_progress=1.25|alpha_cong_commit_nonprogress=1.25|alpha_cong_block=1.25|alpha_cong_wait_progress=0.75|alpha_cong_wait_nonprogress=0.75|alpha_flow_commit_progress=1|alpha_flow_wait_progress=0|rho_cong_decay=0.94999999999999996|rho_flow_decay=1|lambda_cong=1|lambda_flow=0|min_edge_cost=1|max_edge_cost=11|goal_projection_mode=flow_shield|flow_shield_beta=0.34999999999999998|max_flow_shield=0.75,14650fb0739d0383,1.25,1.25,1.25,0.75,0.75,1,1,0.95,1,1,1,0.35,0.75,1,11,1,0,0,1,0,0,50,25,0,1482,29.64,0,1,0,0,0.02,0.5,0.25,1,0.3,False,False,False,False,False,True
g547_fulltheta_smoke_00000363,new_g547_fulltheta_counterfactual_update_probe_solver_row,True,True,maze-32-32-4|50|669|25|0|14650fb0739d0383,maze-32-32-4|a50|s669|it0|g547_fulltheta_smoke_maze_32_32_4_a50_s669_b1000,frozen_family_static_goal_aware,repair5g59_high_beta_cap_safe,repair5g59_high_beta_cap_safe,baseline,maze-32-32-4,maze,50,669,1000,0,False,False,,,2149,235.7407,1,0,1482,,,False,,True,fbcf27bf34de68c,alpha_commit=1.25|alpha_block=1.25|alpha_wait_spillover=0.75|rho_decay=0.94999999999999996|force_additive=0|enable_dual_channel=1|alpha_cong_commit_progress=1.25|alpha_cong_commit_nonprogress=1.25|alpha_cong_block=1.25|alpha_cong_wait_progress=0.75|alpha_cong_wait_nonprogress=0.75|alpha_flow_commit_progress=1|alpha_flow_wait_progress=0|rho_cong_decay=0.94999999999999996|rho_flow_decay=1|lambda_cong=1|lambda_flow=0|min_edge_cost=1|max_edge_cost=11|goal_projection_mode=flow_shield|flow_shield_beta=0.59999999999999998|max_flow_shield=0.75,14650fb0739d0383,1.25,1.25,1.25,0.75,0.75,1,1,0.95,1,1,1,0.6,0.75,1,11,1,0,0,1,0,0,50,25,0,1482,29.64,0,1,0,0,0.02,0.5,0.25,1,0.3,False,False,False,False,False,True
g547_fulltheta_smoke_00000364,new_g547_fulltheta_counterfactual_update_probe_solver_row,True,True,maze-32-32-4|50|669|25|0|14650fb0739d0383,maze-32-32-4|a50|s669|it0|g547_fulltheta_smoke_maze_32_32_4_a50_s669_b1000,generated_theta::repair5g547_theta_000001,repair5g547_theta_000001,repair5g547_theta_000001,fulltheta_smoke::all_fields_reference,maze-32-32-4,maze,50,669,1000,0,False,False,,,2149,252.4098,1,0,1482,,,False,,True,e30a75611aecfe79,alpha_commit=1.25|alpha_block=1.25|alpha_wait_spillover=0.75|rho_decay=0.94999999999999996|force_additive=0|enable_dual_channel=1|alpha_cong_commit_progress=1.25|alpha_cong_commit_nonprogress=1.25|alpha_cong_block=1.25|alpha_cong_wait_progress=0.75|alpha_cong_wait_nonprogress=0.75|alpha_flow_commit_progress=1|alpha_flow_wait_progress=1|rho_cong_decay=0.94999999999999996|rho_flow_decay=1|lambda_cong=1|lambda_flow=1|min_edge_cost=1|max_edge_cost=11|goal_projection_mode=flow_shield|flow_shield_beta=0.34999999999999998|max_flow_shield=0.75,14650fb0739d0383,1.25,1.25,1.25,0.75,0.75,1,1,0.95,1,1,1,0.35,0.75,1,11,1,0,0,1,0,0,50,25,0,1482,29.64,0,1,0,0,0.02,0.5,0.25,1,0.3,False,False,False,False,False,True
g547_fulltheta_smoke_00000365,new_g547_fulltheta_counterfactual_update_probe_solver_row,True,True,maze-32-32-4|50|669|25|0|14650fb0739d0383,maze-32-32-4|a50|s669|it0|g547_fulltheta_smoke_maze_32_32_4_a50_s669_b1000,generated_theta::repair5g547_theta_000002,repair5g547_theta_000002,repair5g547_theta_000002,fulltheta_smoke::theta_lambda_flow,maze-32-32-4,maze,50,669,1000,0,False,False,,,2149,225.5674,1,0,1482,,,False,,True,a4814b677c6d1180,alpha_commit=1.25|alpha_block=1.25|alpha_wait_spillover=0.75|rho_decay=0.94999999999999996|force_additive=0|enable_dual_channel=1|alpha_cong_commit_progress=1.25|alpha_cong_commit_nonprogress=1.25|alpha_cong_block=1.25|alpha_cong_wait_progress=0.75|alpha_cong_wait_nonprogress=0.75|alpha_flow_commit_progress=1|alpha_flow_wait_progress=1|rho_cong_decay=0.94999999999999996|rho_flow_decay=1|lambda_cong=1|lambda_flow=0.10000000000000001|min_edge_cost=1|max_edge_cost=11|goal_projection_mode=flow_shield|flow_shield_beta=0.34999999999999998|max_flow_shield=0.75,14650fb0739d0383,1.25,1.25,1.25,0.75,0.75,1,1,0.95,1,1,0.1,0.35,0.75,1,11,1,0,0,1,0,0,50,25,0,1482,29.64,0,1,0,0,0.02,0.5,0.25,1,0.3,False,False,False,False,False,True
g547_fulltheta_smoke_00000366,new_g547_fulltheta_counterfactual_update_probe_solver_row,True,True,maze-32-32-4|50|669|25|0|14650fb0739d0383,maze-32-32-4|a50|s669|it0|g547_fulltheta_smoke_maze_32_32_4_a50_s669_b1000,generated_theta::repair5g547_theta_000003,repair5g547_theta_000003,repair5g547_theta_000003,fulltheta_smoke::theta_lambda_flow,maze-32-32-4,maze,50,669,1000,0,False,False,,,2149,238.1065,1,0,1482,,,False,,True,8584e99b6c1a5647,alpha_commit=1.25|alpha_block=1.25|alpha_wait_spillover=0.75|rho_decay=0.94999999999999996|force_additive=0|enable_dual_channel=1|alpha_cong_commit_progress=1.25|alpha_cong_commit_nonprogress=1.25|alpha_cong_block=1.25|alpha_cong_wait_progress=0.75|alpha_cong_wait_nonprogress=0.75|alpha_flow_commit_progress=1|alpha_flow_wait_progress=1|rho_cong_decay=0.94999999999999996|rho_flow_decay=1|lambda_cong=1|lambda_flow=1.3999999999999999|min_edge_cost=1|max_edge_cost=11|goal_projection_mode=flow_shield|flow_shield_beta=0.34999999999999998|max_flow_shield=0.75,14650fb0739d0383,1.25,1.25,1.25,0.75,0.75,1,1,0.95,1,1,1.4,0.35,0.75,1,11,1,0,0,1,0,0,50,25,0,1482,29.64,0,1,0,0,0.02,0.5,0.25,1,0.3,False,False,False,False,False,True
g547_fulltheta_smoke_00000367,new_g547_fulltheta_counterfactual_update_probe_solver_row,True,True,maze-32-32-4|50|669|25|0|14650fb0739d0383,maze-32-32-4|a50|s669|it0|g547_fulltheta_smoke_maze_32_32_4_a50_s669_b1000,generated_theta::repair5g547_theta_000004,repair5g547_theta_000004,repair5g547_theta_000004,fulltheta_smoke::theta_lambda_cong,maze-32-32-4,maze,50,669,1000,0,False,False,,,2149,239.6939,1,0,1482,,,False,,True,b5442e0c6c6741b0,alpha_commit=1.25|alpha_block=1.25|alpha_wait_spillover=0.75|rho_decay=0.94999999999999996|force_additive=0|enable_dual_channel=1|alpha_cong_commit_progress=1.25|alpha_cong_commit_nonprogress=1.25|alpha_cong_block=1.25|alpha_cong_wait_progress=0.75|alpha_cong_wait_nonprogress=0.75|alpha_flow_commit_progress=1|alpha_flow_wait_progress=1|rho_cong_decay=0.94999999999999996|rho_flow_decay=1|lambda_cong=0.59999999999999998|lambda_flow=1|min_edge_cost=1|max_edge_cost=11|goal_projection_mode=flow_shield|flow_shield_beta=0.34999999999999998|max_flow_shield=0.75,14650fb0739d0383,1.25,1.25,1.25,0.75,0.75,1,1,0.95,1,0.6,1,0.35,0.75,1,11,1,0,0,1,0,0,50,25,0,1482,29.64,0,1,0,0,0.02,0.5,0.25,1,0.3,False,False,False,False,False,True
g547_fulltheta_smoke_00000368,new_g547_fulltheta_counterfactual_update_probe_solver_row,True,True,maze-32-32-4|50|669|25|0|14650fb0739d0383,maze-32-32-4|a50|s669|it0|g547_fulltheta_smoke_maze_32_32_4_a50_s669_b1000,generated_theta::repair5g547_theta_000005,repair5g547_theta_000005,repair5g547_theta_000005,fulltheta_smoke::theta_lambda_cong,maze-32-32-4,maze,50,669,1000,0,False,False,,,2149,243.172,1,0,1482,,,False,,True,77f3f55aa954d3f,alpha_commit=1.25|alpha_block=1.25|alpha_wait_spillover=0.75|rho_decay=0.94999999999999996|force_additive=0|enable_dual_channel=1|alpha_cong_commit_progress=1.25|alpha_cong_commit_nonprogress=1.25|alpha_cong_block=1.25|alpha_cong_wait_progress=0.75|alpha_cong_wait_nonprogress=0.75|alpha_flow_commit_progress=1|alpha_flow_wait_progress=1|rho_cong_decay=0.94999999999999996|rho_flow_decay=1|lambda_cong=1.3999999999999999|lambda_flow=1|min_edge_cost=1|max_edge_cost=11|goal_projection_mode=flow_shield|flow_shield_beta=0.34999999999999998|max_flow_shield=0.75,14650fb0739d0383,1.25,1.25,1.25,0.75,0.75,1,1,0.95,1,1.4,1,0.35,0.75,1,11,1,0,0,1,0,0,50,25,0,1482,29.64,0,1,0,0,0.02,0.5,0.25,1,0.3,False,False,False,False,False,True
g547_fulltheta_smoke_00000369,new_g547_fulltheta_counterfactual_update_probe_solver_row,True,True,maze-32-32-4|50|669|25|0|14650fb0739d0383,maze-32-32-4|a50|s669|it0|g547_fulltheta_smoke_maze_32_32_4_a50_s669_b1000,generated_theta::repair5g547_theta_000006,repair5g547_theta_000006,repair5g547_theta_000006,fulltheta_smoke::theta_alpha_flow_wait_progress,maze-32-32-4,maze,50,669,1000,0,False,False,,,2149,289.2228,1,0,1482,,,False,,True,29c4ecda70affb5a,alpha_commit=1.25|alpha_block=1.25|alpha_wait_spillover=0.75|rho_decay=0.94999999999999996|force_additive=0|enable_dual_channel=1|alpha_cong_commit_progress=1.25|alpha_cong_commit_nonprogress=1.25|alpha_cong_block=1.25|alpha_cong_wait_progress=0.75|alpha_cong_wait_nonprogress=0.75|alpha_flow_commit_progress=1|alpha_flow_wait_progress=0|rho_cong_decay=0.94999999999999996|rho_flow_decay=1|lambda_cong=1|lambda_flow=1|min_edge_cost=1|max_edge_cost=11|goal_projection_mode=flow_shield|flow_shield_beta=0.34999999999999998|max_flow_shield=0.75,14650fb0739d0383,1.25,1.25,1.25,0.75,0.75,1,0,0.95,1,1,1,0.35,0.75,1,11,1,0,0,1,0,0,50,25,0,1482,29.64,0,1,0,0,0.02,0.5,0.25,1,0.3,False,False,False,False,False,True
g547_fulltheta_smoke_00000370,new_g547_fulltheta_counterfactual_update_probe_solver_row,True,True,maze-32-32-4|50|669|25|0|14650fb0739d0383,maze-32-32-4|a50|s669|it0|g547_fulltheta_smoke_maze_32_32_4_a50_s669_b1000,generated_theta::repair5g547_theta_000007,repair5g547_theta_000007,repair5g547_theta_000007,fulltheta_smoke::theta_alpha_flow_wait_progress,maze-32-32-4,maze,50,669,1000,0,False,False,,,2149,345.5717,1,0,1482,,,False,,True,b5a183b18079a70d,alpha_commit=1.25|alpha_block=1.25|alpha_wait_spillover=0.75|rho_decay=0.94999999999999996|force_additive=0|enable_dual_channel=1|alpha_cong_commit_progress=1.25|alpha_cong_commit_nonprogress=1.25|alpha_cong_block=1.25|alpha_cong_wait_progress=0.75|alpha_cong_wait_nonprogress=0.75|alpha_flow_commit_progress=1|alpha_flow_wait_progress=1.2|rho_cong_decay=0.94999999999999996|rho_flow_decay=1|lambda_cong=1|lambda_flow=1|min_edge_cost=1|max_edge_cost=11|goal_projection_mode=flow_shield|flow_shield_beta=0.34999999999999998|max_flow_shield=0.75,14650fb0739d0383,1.25,1.25,1.25,0.75,0.75,1,1.2,0.95,1,1,1,0.35,0.75,1,11,1,0,0,1,0,0,50,25,0,1482,29.64,0,1,0,0,0.02,0.5,0.25,1,0.3,False,False,False,False,False,True
g547_fulltheta_smoke_00000371,new_g547_fulltheta_counterfactual_update_probe_solver_row,True,True,maze-32-32-4|50|669|25|0|14650fb0739d0383,maze-32-32-4|a50|s669|it0|g547_fulltheta_smoke_maze_32_32_4_a50_s669_b1000,generated_theta::repair5g547_theta_000008,repair5g547_theta_000008,repair5g547_theta_000008,fulltheta_smoke::theta_min_edge_cost,maze-32-32-4,maze,50,669,1000,0,False,False,,,2149,341.3307,1,0,1482,,,False,,True,ef8f0d160cc2a725,alpha_commit=1.25|alpha_block=1.25|alpha_wait_spillover=0.75|rho_decay=0.94999999999999996|force_additive=0|enable_dual_channel=1|alpha_cong_commit_progress=1.25|alpha_cong_commit_nonprogress=1.25|alpha_cong_block=1.25|alpha_cong_wait_progress=0.75|alpha_cong_wait_nonprogress=0.75|alpha_flow_commit_progress=1|alpha_flow_wait_progress=1|rho_cong_decay=0.94999999999999996|rho_flow_decay=1|lambda_cong=1|lambda_flow=1|min_edge_cost=0.25|max_edge_cost=11|goal_projection_mode=flow_shield|flow_shield_beta=0.34999999999999998|max_flow_shield=0.75,14650fb0739d0383,1.25,1.25,1.25,0.75,0.75,1,1,0.95,1,1,1,0.35,0.75,0.25,11,1,0,0,1,0,0,50,25,0,1482,29.64,0,1,0,0,0.02,0.5,0.25,1,0.3,False,False,False,False,False,True
g547_fulltheta_smoke_00000372,new_g547_fulltheta_counterfactual_update_probe_solver_row,True,True,maze-32-32-4|50|669|25|0|14650fb0739d0383,maze-32-32-4|a50|s669|it0|g547_fulltheta_smoke_maze_32_32_4_a50_s669_b1000,generated_theta::repair5g547_theta_000009,repair5g547_theta_000009,repair5g547_theta_000009,fulltheta_smoke::theta_min_edge_cost,maze-32-32-4,maze,50,669,1000,0,False,False,,,2149,343.8261,1,0,1482,,,False,,True,e30a75611aecfe79,alpha_commit=1.25|alpha_block=1.25|alpha_wait_spillover=0.75|rho_decay=0.94999999999999996|force_additive=0|enable_dual_channel=1|alpha_cong_commit_progress=1.25|alpha_cong_commit_nonprogress=1.25|alpha_cong_block=1.25|alpha_cong_wait_progress=0.75|alpha_cong_wait_nonprogress=0.75|alpha_flow_commit_progress=1|alpha_flow_wait_progress=1|rho_cong_decay=0.94999999999999996|rho_flow_decay=1|lambda_cong=1|lambda_flow=1|min_edge_cost=1|max_edge_cost=11|goal_projection_mode=flow_shield|flow_shield_beta=0.34999999999999998|max_flow_shield=0.75,14650fb0739d0383,1.25,1.25,1.25,0.75,0.75,1,1,0.95,1,1,1,0.35,0.75,1,11,1,0,0,1,0,0,50,25,0,1482,29.64,0,1,0,0,0.02,0.5,0.25,1,0.3,False,False,False,False,False,True
g547_fulltheta_smoke_00000373,new_g547_fulltheta_counterfactual_update_probe_solver_row,True,True,maze-32-32-4|50|669|25|0|14650fb0739d0383,maze-32-32-4|a50|s669|it0|g547_fulltheta_smoke_maze_32_32_4_a50_s669_b1000,generated_theta::repair5g547_theta_000010,repair5g547_theta_000010,repair5g547_theta_000010,fulltheta_smoke::theta_max_edge_cost,maze-32-32-4,maze,50,669,1000,0,False,False,,,2149,338.7191,1,0,1482,,,False,,True,7a35172bbc1b94cb,alpha_commit=1.25|alpha_block=1.25|alpha_wait_spillover=0.75|rho_decay=0.94999999999999996|force_additive=0|enable_dual_channel=1|alpha_cong_commit_progress=1.25|alpha_cong_commit_nonprogress=1.25|alpha_cong_block=1.25|alpha_cong_wait_progress=0.75|alpha_cong_wait_nonprogress=0.75|alpha_flow_commit_progress=1|alpha_flow_wait_progress=1|rho_cong_decay=0.94999999999999996|rho_flow_decay=1|lambda_cong=1|lambda_flow=1|min_edge_cost=1|max_edge_cost=8|goal_projection_mode=flow_shield|flow_shield_beta=0.34999999999999998|max_flow_shield=0.75,14650fb0739d0383,1.25,1.25,1.25,0.75,0.75,1,1,0.95,1,1,1,0.35,0.75,1,8,1,0,0,1,0,0,50,25,0,1482,29.64,0,1,0,0,0.02,0.5,0.25,1,0.3,False,False,False,False,False,True
g547_fulltheta_smoke_00000374,new_g547_fulltheta_counterfactual_update_probe_solver_row,True,True,maze-32-32-4|50|669|25|0|14650fb0739d0383,maze-32-32-4|a50|s669|it0|g547_fulltheta_smoke_maze_32_32_4_a50_s669_b1000,generated_theta::repair5g547_theta_000011,repair5g547_theta_000011,repair5g547_theta_000011,fulltheta_smoke::theta_max_edge_cost,maze-32-32-4,maze,50,669,1000,0,False,False,,,2149,326.0178,1,0,1482,,,False,,True,35d66dc1ec012cc6,alpha_commit=1.25|alpha_block=1.25|alpha_wait_spillover=0.75|rho_decay=0.94999999999999996|force_additive=0|enable_dual_channel=1|alpha_cong_commit_progress=1.25|alpha_cong_commit_nonprogress=1.25|alpha_cong_block=1.25|alpha_cong_wait_progress=0.75|alpha_cong_wait_nonprogress=0.75|alpha_flow_commit_progress=1|alpha_flow_wait_progress=1|rho_cong_decay=0.94999999999999996|rho_flow_decay=1|lambda_cong=1|lambda_flow=1|min_edge_cost=1|max_edge_cost=12|goal_projection_mode=flow_shield|flow_shield_beta=0.34999999999999998|max_flow_shield=0.75,14650fb0739d0383,1.25,1.25,1.25,0.75,0.75,1,1,0.95,1,1,1,0.35,0.75,1,12,1,0,0,1,0,0,50,25,0,1482,29.64,0,1,0,0,0.02,0.5,0.25,1,0.3,False,False,False,False,False,True
g547_fulltheta_smoke_00000375,new_g547_fulltheta_counterfactual_update_probe_solver_row,True,True,maze-32-32-4|50|669|25|0|14650fb0739d0383,maze-32-32-4|a50|s669|it0|g547_fulltheta_smoke_maze_32_32_4_a50_s669_b1000,generated_theta::repair5g547_theta_000012,repair5g547_theta_000012,repair5g547_theta_000012,fulltheta_smoke::goal_projection_mode,maze-32-32-4,maze,50,669,1000,0,False,False,,,2149,335.4846,1,0,1482,,,False,,True,e30a75611aecfe79,alpha_commit=1.25|alpha_block=1.25|alpha_wait_spillover=0.75|rho_decay=0.94999999999999996|force_additive=0|enable_dual_channel=1|alpha_cong_commit_progress=1.25|alpha_cong_commit_nonprogress=1.25|alpha_cong_block=1.25|alpha_cong_wait_progress=0.75|alpha_cong_wait_nonprogress=0.75|alpha_flow_commit_progress=1|alpha_flow_wait_progress=1|rho_cong_decay=0.94999999999999996|rho_flow_decay=1|lambda_cong=1|lambda_flow=1|min_edge_cost=1|max_edge_cost=11|goal_projection_mode=flow_shield|flow_shield_beta=0.34999999999999998|max_flow_shield=0.75,14650fb0739d0383,1.25,1.25,1.25,0.75,0.75,1,1,0.95,1,1,1,0.35,0.75,1,11,1,0,0,1,0,0,50,25,0,1482,29.64,0,1,0,0,0.02,0.5,0.25,1,0.3,False,False,False,False,False,True
g547_fulltheta_smoke_00000376,new_g547_fulltheta_counterfactual_update_probe_solver_row,True,True,maze-32-32-4|50|669|25|0|14650fb0739d0383,maze-32-32-4|a50|s669|it0|g547_fulltheta_smoke_maze_32_32_4_a50_s669_b1000,generated_theta::repair5g547_theta_000013,repair5g547_theta_000013,repair5g547_theta_000013,fulltheta_smoke::goal_projection_mode,maze-32-32-4,maze,50,669,1000,0,False,False,,,2149,312.0195,1,0,1482,,,False,,True,562c13d7a176a2bc,alpha_commit=1.25|alpha_block=1.25|alpha_wait_spillover=0.75|rho_decay=0.94999999999999996|force_additive=0|enable_dual_channel=1|alpha_cong_commit_progress=1.25|alpha_cong_commit_nonprogress=1.25|alpha_cong_block=1.25|alpha_cong_wait_progress=0.75|alpha_cong_wait_nonprogress=0.75|alpha_flow_commit_progress=1|alpha_flow_wait_progress=1|rho_cong_decay=0.94999999999999996|rho_flow_decay=1|lambda_cong=1|lambda_flow=1|min_edge_cost=1|max_edge_cost=11|goal_projection_mode=agent_progress|flow_shield_beta=0.34999999999999998|max_flow_shield=0.75,14650fb0739d0383,1.25,1.25,1.25,0.75,0.75,1,1,0.95,1,1,1,0.35,0.75,1,11,0,1,0,1,0,0,50,25,0,1482,29.64,0,1,0,0,0.02,0.5,0.25,1,0.3,False,False,False,False,False,True
g547_fulltheta_smoke_00000377,new_g547_fulltheta_counterfactual_update_probe_solver_row,True,True,maze-32-32-4|50|669|25|0|14650fb0739d0383,maze-32-32-4|a50|s669|it0|g547_fulltheta_smoke_maze_32_32_4_a50_s669_b1000,generated_theta::repair5g547_theta_000014,repair5g547_theta_000014,repair5g547_theta_000014,fulltheta_smoke::goal_projection_mode,maze-32-32-4,maze,50,669,1000,0,False,False,,,2149,293.0907,1,0,1482,,,False,,True,b96f092bbcb39893,alpha_commit=1.25|alpha_block=1.25|alpha_wait_spillover=0.75|rho_decay=0.94999999999999996|force_additive=0|enable_dual_channel=1|alpha_cong_commit_progress=1.25|alpha_cong_commit_nonprogress=1.25|alpha_cong_block=1.25|alpha_cong_wait_progress=0.75|alpha_cong_wait_nonprogress=0.75|alpha_flow_commit_progress=1|alpha_flow_wait_progress=1|rho_cong_decay=0.94999999999999996|rho_flow_decay=1|lambda_cong=1|lambda_flow=1|min_edge_cost=1|max_edge_cost=11|goal_projection_mode=none|flow_shield_beta=0.34999999999999998|max_flow_shield=0.75,14650fb0739d0383,1.25,1.25,1.25,0.75,0.75,1,1,0.95,1,1,1,0.35,0.75,1,11,0,0,1,1,0,0,50,25,0,1482,29.64,0,1,0,0,0.02,0.5,0.25,1,0.3,False,False,False,False,False,True
g547_fulltheta_smoke_00000378,new_g547_fulltheta_counterfactual_update_probe_solver_row,True,True,maze-32-32-4|50|669|25|0|14650fb0739d0383,maze-32-32-4|a50|s669|it0|g547_fulltheta_smoke_maze_32_32_4_a50_s669_b1000,generated_theta::repair5g547_theta_000015,repair5g547_theta_000015,repair5g547_theta_000015,fulltheta_smoke::theta_alpha_cong_commit_nonprogress,maze-32-32-4,maze,50,669,1000,0,False,False,,,2149,349.3654,1,0,1482,,,False,,True,95eced852605b4c7,alpha_commit=0.5|alpha_block=1.25|alpha_wait_spillover=0.75|rho_decay=0.94999999999999996|force_additive=0|enable_dual_channel=1|alpha_cong_commit_progress=1.25|alpha_cong_commit_nonprogress=0.5|alpha_cong_block=1.25|alpha_cong_wait_progress=0.75|alpha_cong_wait_nonprogress=0.75|alpha_flow_commit_progress=1|alpha_flow_wait_progress=1|rho_cong_decay=0.94999999999999996|rho_flow_decay=1|lambda_cong=1|lambda_flow=1|min_edge_cost=1|max_edge_cost=11|goal_projection_mode=flow_shield|flow_shield_beta=0.34999999999999998|max_flow_shield=0.75,14650fb0739d0383,1.25,0.5,1.25,0.75,0.75,1,1,0.95,1,1,1,0.35,0.75,1,11,1,0,0,1,0,0,50,25,0,1482,29.64,0,1,0,0,0.02,0.5,0.25,1,0.3,False,False,False,False,False,True
g547_fulltheta_smoke_00000379,new_g547_fulltheta_counterfactual_update_probe_solver_row,True,True,maze-32-32-4|50|669|25|0|14650fb0739d0383,maze-32-32-4|a50|s669|it0|g547_fulltheta_smoke_maze_32_32_4_a50_s669_b1000,generated_theta::repair5g547_theta_000016,repair5g547_theta_000016,repair5g547_theta_000016,fulltheta_smoke::theta_alpha_cong_commit_nonprogress,maze-32-32-4,maze,50,669,1000,0,False,False,,,2149,348.6267,1,0,1482,,,False,,True,2a15243280de3947,alpha_commit=1.75|alpha_block=1.25|alpha_wait_spillover=0.75|rho_decay=0.94999999999999996|force_additive=0|enable_dual_channel=1|alpha_cong_commit_progress=1.25|alpha_cong_commit_nonprogress=1.75|alpha_cong_block=1.25|alpha_cong_wait_progress=0.75|alpha_cong_wait_nonprogress=0.75|alpha_flow_commit_progress=1|alpha_flow_wait_progress=1|rho_cong_decay=0.94999999999999996|rho_flow_decay=1|lambda_cong=1|lambda_flow=1|min_edge_cost=1|max_edge_cost=11|goal_projection_mode=flow_shield|flow_shield_beta=0.34999999999999998|max_flow_shield=0.75,14650fb0739d0383,1.25,1.75,1.25,0.75,0.75,1,1,0.95,1,1,1,0.35,0.75,1,11,1,0,0,1,0,0,50,25,0,1482,29.64,0,1,0,0,0.02,0.5,0.25,1,0.3,False,False,False,False,False,True
g547_fulltheta_smoke_00000380,new_g547_fulltheta_counterfactual_update_probe_solver_row,True,True,maze-32-32-4|50|669|25|0|14650fb0739d0383,maze-32-32-4|a50|s669|it0|g547_fulltheta_smoke_maze_32_32_4_a50_s669_b2000,additive_ltm,repair5g59_additive_fallback,repair5g59_additive_fallback,baseline,maze-32-32-4,maze,50,669,2000,0,False,False,,,2149,147.6011,1,0,1752,,,False,,True,35049bacad216c02,alpha_commit=1|alpha_block=1|alpha_wait_spillover=1|rho_decay=1|force_additive=1|enable_dual_channel=0|alpha_cong_commit_progress=0|alpha_cong_commit_nonprogress=1|alpha_cong_block=1|alpha_cong_wait_progress=1|alpha_cong_wait_nonprogress=1|alpha_flow_commit_progress=0|alpha_flow_wait_progress=0|rho_cong_decay=1|rho_flow_decay=1|lambda_cong=1|lambda_flow=0|min_edge_cost=0.25|max_edge_cost=11|goal_projection_mode=none|flow_shield_beta=0|max_flow_shield=0,14650fb0739d0383,0,1,1,1,1,0,0,1,1,1,0,0,0.25,0.25,11,0,0,1,1,0,0,50,25,0,1752,35.04,0,1,0,0,0.02,0.5,0.25,1,0.3,False,False,False,False,False,True
g547_fulltheta_smoke_00000381,new_g547_fulltheta_counterfactual_update_probe_solver_row,True,True,maze-32-32-4|50|669|25|0|14650fb0739d0383,maze-32-32-4|a50|s669|it0|g547_fulltheta_smoke_maze_32_32_4_a50_s669_b2000,static_flow_shield,repair5g59_static_flow_shield,repair5g59_static_flow_shield,baseline,maze-32-32-4,maze,50,669,2000,0,False,False,,,2149,236.3982,1,0,1752,,,False,,True,29737bed70c56f0d,alpha_commit=1.25|alpha_block=1.25|alpha_wait_spillover=0.75|rho_decay=0.94999999999999996|force_additive=0|enable_dual_channel=1|alpha_cong_commit_progress=1.25|alpha_cong_commit_nonprogress=1.25|alpha_cong_block=1.25|alpha_cong_wait_progress=0.75|alpha_cong_wait_nonprogress=0.75|alpha_flow_commit_progress=1|alpha_flow_wait_progress=0|rho_cong_decay=0.94999999999999996|rho_flow_decay=1|lambda_cong=1|lambda_flow=0|min_edge_cost=1|max_edge_cost=11|goal_projection_mode=flow_shield|flow_shield_beta=0.34999999999999998|max_flow_shield=0.75,14650fb0739d0383,1.25,1.25,1.25,0.75,0.75,1,1,0.95,1,1,1,0.35,0.75,1,11,1,0,0,1,0,0,50,25,0,1752,35.04,0,1,0,0,0.02,0.5,0.25,1,0.3,False,False,False,False,False,True
g547_fulltheta_smoke_00000382,new_g547_fulltheta_counterfactual_update_probe_solver_row,True,True,maze-32-32-4|50|669|25|0|14650fb0739d0383,maze-32-32-4|a50|s669|it0|g547_fulltheta_smoke_maze_32_32_4_a50_s669_b2000,frozen_family_static_goal_aware,repair5g59_high_beta_cap_safe,repair5g59_high_beta_cap_safe,baseline,maze-32-32-4,maze,50,669,2000,0,False,False,,,2149,240.846,1,0,1752,,,False,,True,fbcf27bf34de68c,alpha_commit=1.25|alpha_block=1.25|alpha_wait_spillover=0.75|rho_decay=0.94999999999999996|force_additive=0|enable_dual_channel=1|alpha_cong_commit_progress=1.25|alpha_cong_commit_nonprogress=1.25|alpha_cong_block=1.25|alpha_cong_wait_progress=0.75|alpha_cong_wait_nonprogress=0.75|alpha_flow_commit_progress=1|alpha_flow_wait_progress=0|rho_cong_decay=0.94999999999999996|rho_flow_decay=1|lambda_cong=1|lambda_flow=0|min_edge_cost=1|max_edge_cost=11|goal_projection_mode=flow_shield|flow_shield_beta=0.59999999999999998|max_flow_shield=0.75,14650fb0739d0383,1.25,1.25,1.25,0.75,0.75,1,1,0.95,1,1,1,0.6,0.75,1,11,1,0,0,1,0,0,50,25,0,1752,35.04,0,1,0,0,0.02,0.5,0.25,1,0.3,False,False,False,False,False,True
g547_fulltheta_smoke_00000383,new_g547_fulltheta_counterfactual_update_probe_solver_row,True,True,maze-32-32-4|50|669|25|0|14650fb0739d0383,maze-32-32-4|a50|s669|it0|g547_fulltheta_smoke_maze_32_32_4_a50_s669_b2000,generated_theta::repair5g547_theta_000001,repair5g547_theta_000001,repair5g547_theta_000001,fulltheta_smoke::all_fields_reference,maze-32-32-4,maze,50,669,2000,0,False,False,,,2149,233.8972,1,0,1752,,,False,,True,e30a75611aecfe79,alpha_commit=1.25|alpha_block=1.25|alpha_wait_spillover=0.75|rho_decay=0.94999999999999996|force_additive=0|enable_dual_channel=1|alpha_cong_commit_progress=1.25|alpha_cong_commit_nonprogress=1.25|alpha_cong_block=1.25|alpha_cong_wait_progress=0.75|alpha_cong_wait_nonprogress=0.75|alpha_flow_commit_progress=1|alpha_flow_wait_progress=1|rho_cong_decay=0.94999999999999996|rho_flow_decay=1|lambda_cong=1|lambda_flow=1|min_edge_cost=1|max_edge_cost=11|goal_projection_mode=flow_shield|flow_shield_beta=0.34999999999999998|max_flow_shield=0.75,14650fb0739d0383,1.25,1.25,1.25,0.75,0.75,1,1,0.95,1,1,1,0.35,0.75,1,11,1,0,0,1,0,0,50,25,0,1752,35.04,0,1,0,0,0.02,0.5,0.25,1,0.3,False,False,False,False,False,True
g547_fulltheta_smoke_00000384,new_g547_fulltheta_counterfactual_update_probe_solver_row,True,True,maze-32-32-4|50|669|25|0|14650fb0739d0383,maze-32-32-4|a50|s669|it0|g547_fulltheta_smoke_maze_32_32_4_a50_s669_b2000,generated_theta::repair5g547_theta_000002,repair5g547_theta_000002,repair5g547_theta_000002,fulltheta_smoke::theta_lambda_flow,maze-32-32-4,maze,50,669,2000,0,False,False,,,2149,232.559,1,0,1752,,,False,,True,a4814b677c6d1180,alpha_commit=1.25|alpha_block=1.25|alpha_wait_spillover=0.75|rho_decay=0.94999999999999996|force_additive=0|enable_dual_channel=1|alpha_cong_commit_progress=1.25|alpha_cong_commit_nonprogress=1.25|alpha_cong_block=1.25|alpha_cong_wait_progress=0.75|alpha_cong_wait_nonprogress=0.75|alpha_flow_commit_progress=1|alpha_flow_wait_progress=1|rho_cong_decay=0.94999999999999996|rho_flow_decay=1|lambda_cong=1|lambda_flow=0.10000000000000001|min_edge_cost=1|max_edge_cost=11|goal_projection_mode=flow_shield|flow_shield_beta=0.34999999999999998|max_flow_shield=0.75,14650fb0739d0383,1.25,1.25,1.25,0.75,0.75,1,1,0.95,1,1,0.1,0.35,0.75,1,11,1,0,0,1,0,0,50,25,0,1752,35.04,0,1,0,0,0.02,0.5,0.25,1,0.3,False,False,False,False,False,True
g547_fulltheta_smoke_00000385,new_g547_fulltheta_counterfactual_update_probe_solver_row,True,True,maze-32-32-4|50|669|25|0|14650fb0739d0383,maze-32-32-4|a50|s669|it0|g547_fulltheta_smoke_maze_32_32_4_a50_s669_b2000,generated_theta::repair5g547_theta_000003,repair5g547_theta_000003,repair5g547_theta_000003,fulltheta_smoke::theta_lambda_flow,maze-32-32-4,maze,50,669,2000,0,False,False,,,2149,234.1495,1,0,1752,,,False,,True,8584e99b6c1a5647,alpha_commit=1.25|alpha_block=1.25|alpha_wait_spillover=0.75|rho_decay=0.94999999999999996|force_additive=0|enable_dual_channel=1|alpha_cong_commit_progress=1.25|alpha_cong_commit_nonprogress=1.25|alpha_cong_block=1.25|alpha_cong_wait_progress=0.75|alpha_cong_wait_nonprogress=0.75|alpha_flow_commit_progress=1|alpha_flow_wait_progress=1|rho_cong_decay=0.94999999999999996|rho_flow_decay=1|lambda_cong=1|lambda_flow=1.3999999999999999|min_edge_cost=1|max_edge_cost=11|goal_projection_mode=flow_shield|flow_shield_beta=0.34999999999999998|max_flow_shield=0.75,14650fb0739d0383,1.25,1.25,1.25,0.75,0.75,1,1,0.95,1,1,1.4,0.35,0.75,1,11,1,0,0,1,0,0,50,25,0,1752,35.04,0,1,0,0,0.02,0.5,0.25,1,0.3,False,False,False,False,False,True
g547_fulltheta_smoke_00000386,new_g547_fulltheta_counterfactual_update_probe_solver_row,True,True,maze-32-32-4|50|669|25|0|14650fb0739d0383,maze-32-32-4|a50|s669|it0|g547_fulltheta_smoke_maze_32_32_4_a50_s669_b2000,generated_theta::repair5g547_theta_000004,repair5g547_theta_000004,repair5g547_theta_000004,fulltheta_smoke::theta_lambda_cong,maze-32-32-4,maze,50,669,2000,0,False,False,,,2149,240.0371,1,0,1752,,,False,,True,b5442e0c6c6741b0,alpha_commit=1.25|alpha_block=1.25|alpha_wait_spillover=0.75|rho_decay=0.94999999999999996|force_additive=0|enable_dual_channel=1|alpha_cong_commit_progress=1.25|alpha_cong_commit_nonprogress=1.25|alpha_cong_block=1.25|alpha_cong_wait_progress=0.75|alpha_cong_wait_nonprogress=0.75|alpha_flow_commit_progress=1|alpha_flow_wait_progress=1|rho_cong_decay=0.94999999999999996|rho_flow_decay=1|lambda_cong=0.59999999999999998|lambda_flow=1|min_edge_cost=1|max_edge_cost=11|goal_projection_mode=flow_shield|flow_shield_beta=0.34999999999999998|max_flow_shield=0.75,14650fb0739d0383,1.25,1.25,1.25,0.75,0.75,1,1,0.95,1,0.6,1,0.35,0.75,1,11,1,0,0,1,0,0,50,25,0,1752,35.04,0,1,0,0,0.02,0.5,0.25,1,0.3,False,False,False,False,False,True
g547_fulltheta_smoke_00000387,new_g547_fulltheta_counterfactual_update_probe_solver_row,True,True,maze-32-32-4|50|669|25|0|14650fb0739d0383,maze-32-32-4|a50|s669|it0|g547_fulltheta_smoke_maze_32_32_4_a50_s669_b2000,generated_theta::repair5g547_theta_000005,repair5g547_theta_000005,repair5g547_theta_000005,fulltheta_smoke::theta_lambda_cong,maze-32-32-4,maze,50,669,2000,0,False,False,,,2149,239.6729,1,0,1752,,,False,,True,77f3f55aa954d3f,alpha_commit=1.25|alpha_block=1.25|alpha_wait_spillover=0.75|rho_decay=0.94999999999999996|force_additive=0|enable_dual_channel=1|alpha_cong_commit_progress=1.25|alpha_cong_commit_nonprogress=1.25|alpha_cong_block=1.25|alpha_cong_wait_progress=0.75|alpha_cong_wait_nonprogress=0.75|alpha_flow_commit_progress=1|alpha_flow_wait_progress=1|rho_cong_decay=0.94999999999999996|rho_flow_decay=1|lambda_cong=1.3999999999999999|lambda_flow=1|min_edge_cost=1|max_edge_cost=11|goal_projection_mode=flow_shield|flow_shield_beta=0.34999999999999998|max_flow_shield=0.75,14650fb0739d0383,1.25,1.25,1.25,0.75,0.75,1,1,0.95,1,1.4,1,0.35,0.75,1,11,1,0,0,1,0,0,50,25,0,1752,35.04,0,1,0,0,0.02,0.5,0.25,1,0.3,False,False,False,False,False,True
g547_fulltheta_smoke_00000388,new_g547_fulltheta_counterfactual_update_probe_solver_row,True,True,maze-32-32-4|50|669|25|0|14650fb0739d0383,maze-32-32-4|a50|s669|it0|g547_fulltheta_smoke_maze_32_32_4_a50_s669_b2000,generated_theta::repair5g547_theta_000006,repair5g547_theta_000006,repair5g547_theta_000006,fulltheta_smoke::theta_alpha_flow_wait_progress,maze-32-32-4,maze,50,669,2000,0,False,False,,,2149,273.4926,1,0,1752,,,False,,True,29c4ecda70affb5a,alpha_commit=1.25|alpha_block=1.25|alpha_wait_spillover=0.75|rho_decay=0.94999999999999996|force_additive=0|enable_dual_channel=1|alpha_cong_commit_progress=1.25|alpha_cong_commit_nonprogress=1.25|alpha_cong_block=1.25|alpha_cong_wait_progress=0.75|alpha_cong_wait_nonprogress=0.75|alpha_flow_commit_progress=1|alpha_flow_wait_progress=0|rho_cong_decay=0.94999999999999996|rho_flow_decay=1|lambda_cong=1|lambda_flow=1|min_edge_cost=1|max_edge_cost=11|goal_projection_mode=flow_shield|flow_shield_beta=0.34999999999999998|max_flow_shield=0.75,14650fb0739d0383,1.25,1.25,1.25,0.75,0.75,1,0,0.95,1,1,1,0.35,0.75,1,11,1,0,0,1,0,0,50,25,0,1752,35.04,0,1,0,0,0.02,0.5,0.25,1,0.3,False,False,False,False,False,True
g547_fulltheta_smoke_00000389,new_g547_fulltheta_counterfactual_update_probe_solver_row,True,True,maze-32-32-4|50|669|25|0|14650fb0739d0383,maze-32-32-4|a50|s669|it0|g547_fulltheta_smoke_maze_32_32_4_a50_s669_b2000,generated_theta::repair5g547_theta_000007,repair5g547_theta_000007,repair5g547_theta_000007,fulltheta_smoke::theta_alpha_flow_wait_progress,maze-32-32-4,maze,50,669,2000,0,False,False,,,2149,324.7698,1,0,1752,,,False,,True,b5a183b18079a70d,alpha_commit=1.25|alpha_block=1.25|alpha_wait_spillover=0.75|rho_decay=0.94999999999999996|force_additive=0|enable_dual_channel=1|alpha_cong_commit_progress=1.25|alpha_cong_commit_nonprogress=1.25|alpha_cong_block=1.25|alpha_cong_wait_progress=0.75|alpha_cong_wait_nonprogress=0.75|alpha_flow_commit_progress=1|alpha_flow_wait_progress=1.2|rho_cong_decay=0.94999999999999996|rho_flow_decay=1|lambda_cong=1|lambda_flow=1|min_edge_cost=1|max_edge_cost=11|goal_projection_mode=flow_shield|flow_shield_beta=0.34999999999999998|max_flow_shield=0.75,14650fb0739d0383,1.25,1.25,1.25,0.75,0.75,1,1.2,0.95,1,1,1,0.35,0.75,1,11,1,0,0,1,0,0,50,25,0,1752,35.04,0,1,0,0,0.02,0.5,0.25,1,0.3,False,False,False,False,False,True
g547_fulltheta_smoke_00000390,new_g547_fulltheta_counterfactual_update_probe_solver_row,True,True,maze-32-32-4|50|669|25|0|14650fb0739d0383,maze-32-32-4|a50|s669|it0|g547_fulltheta_smoke_maze_32_32_4_a50_s669_b2000,generated_theta::repair5g547_theta_000008,repair5g547_theta_000008,repair5g547_theta_000008,fulltheta_smoke::theta_min_edge_cost,maze-32-32-4,maze,50,669,2000,0,False,False,,,2149,337.97,1,0,1752,,,False,,True,ef8f0d160cc2a725,alpha_commit=1.25|alpha_block=1.25|alpha_wait_spillover=0.75|rho_decay=0.94999999999999996|force_additive=0|enable_dual_channel=1|alpha_cong_commit_progress=1.25|alpha_cong_commit_nonprogress=1.25|alpha_cong_block=1.25|alpha_cong_wait_progress=0.75|alpha_cong_wait_nonprogress=0.75|alpha_flow_commit_progress=1|alpha_flow_wait_progress=1|rho_cong_decay=0.94999999999999996|rho_flow_decay=1|lambda_cong=1|lambda_flow=1|min_edge_cost=0.25|max_edge_cost=11|goal_projection_mode=flow_shield|flow_shield_beta=0.34999999999999998|max_flow_shield=0.75,14650fb0739d0383,1.25,1.25,1.25,0.75,0.75,1,1,0.95,1,1,1,0.35,0.75,0.25,11,1,0,0,1,0,0,50,25,0,1752,35.04,0,1,0,0,0.02,0.5,0.25,1,0.3,False,False,False,False,False,True
g547_fulltheta_smoke_00000391,new_g547_fulltheta_counterfactual_update_probe_solver_row,True,True,maze-32-32-4|50|669|25|0|14650fb0739d0383,maze-32-32-4|a50|s669|it0|g547_fulltheta_smoke_maze_32_32_4_a50_s669_b2000,generated_theta::repair5g547_theta_000009,repair5g547_theta_000009,repair5g547_theta_000009,fulltheta_smoke::theta_min_edge_cost,maze-32-32-4,maze,50,669,2000,0,False,False,,,2149,329.1279,1,0,1752,,,False,,True,e30a75611aecfe79,alpha_commit=1.25|alpha_block=1.25|alpha_wait_spillover=0.75|rho_decay=0.94999999999999996|force_additive=0|enable_dual_channel=1|alpha_cong_commit_progress=1.25|alpha_cong_commit_nonprogress=1.25|alpha_cong_block=1.25|alpha_cong_wait_progress=0.75|alpha_cong_wait_nonprogress=0.75|alpha_flow_commit_progress=1|alpha_flow_wait_progress=1|rho_cong_decay=0.94999999999999996|rho_flow_decay=1|lambda_cong=1|lambda_flow=1|min_edge_cost=1|max_edge_cost=11|goal_projection_mode=flow_shield|flow_shield_beta=0.34999999999999998|max_flow_shield=0.75,14650fb0739d0383,1.25,1.25,1.25,0.75,0.75,1,1,0.95,1,1,1,0.35,0.75,1,11,1,0,0,1,0,0,50,25,0,1752,35.04,0,1,0,0,0.02,0.5,0.25,1,0.3,False,False,False,False,False,True
g547_fulltheta_smoke_00000392,new_g547_fulltheta_counterfactual_update_probe_solver_row,True,True,maze-32-32-4|50|669|25|0|14650fb0739d0383,maze-32-32-4|a50|s669|it0|g547_fulltheta_smoke_maze_32_32_4_a50_s669_b2000,generated_theta::repair5g547_theta_000010,repair5g547_theta_000010,repair5g547_theta_000010,fulltheta_smoke::theta_max_edge_cost,maze-32-32-4,maze,50,669,2000,0,False,False,,,2149,349.0211,1,0,1752,,,False,,True,7a35172bbc1b94cb,alpha_commit=1.25|alpha_block=1.25|alpha_wait_spillover=0.75|rho_decay=0.94999999999999996|force_additive=0|enable_dual_channel=1|alpha_cong_commit_progress=1.25|alpha_cong_commit_nonprogress=1.25|alpha_cong_block=1.25|alpha_cong_wait_progress=0.75|alpha_cong_wait_nonprogress=0.75|alpha_flow_commit_progress=1|alpha_flow_wait_progress=1|rho_cong_decay=0.94999999999999996|rho_flow_decay=1|lambda_cong=1|lambda_flow=1|min_edge_cost=1|max_edge_cost=8|goal_projection_mode=flow_shield|flow_shield_beta=0.34999999999999998|max_flow_shield=0.75,14650fb0739d0383,1.25,1.25,1.25,0.75,0.75,1,1,0.95,1,1,1,0.35,0.75,1,8,1,0,0,1,0,0,50,25,0,1752,35.04,0,1,0,0,0.02,0.5,0.25,1,0.3,False,False,False,False,False,True
g547_fulltheta_smoke_00000393,new_g547_fulltheta_counterfactual_update_probe_solver_row,True,True,maze-32-32-4|50|669|25|0|14650fb0739d0383,maze-32-32-4|a50|s669|it0|g547_fulltheta_smoke_maze_32_32_4_a50_s669_b2000,generated_theta::repair5g547_theta_000011,repair5g547_theta_000011,repair5g547_theta_000011,fulltheta_smoke::theta_max_edge_cost,maze-32-32-4,maze,50,669,2000,0,False,False,,,2149,330.3435,1,0,1752,,,False,,True,35d66dc1ec012cc6,alpha_commit=1.25|alpha_block=1.25|alpha_wait_spillover=0.75|rho_decay=0.94999999999999996|force_additive=0|enable_dual_channel=1|alpha_cong_commit_progress=1.25|alpha_cong_commit_nonprogress=1.25|alpha_cong_block=1.25|alpha_cong_wait_progress=0.75|alpha_cong_wait_nonprogress=0.75|alpha_flow_commit_progress=1|alpha_flow_wait_progress=1|rho_cong_decay=0.94999999999999996|rho_flow_decay=1|lambda_cong=1|lambda_flow=1|min_edge_cost=1|max_edge_cost=12|goal_projection_mode=flow_shield|flow_shield_beta=0.34999999999999998|max_flow_shield=0.75,14650fb0739d0383,1.25,1.25,1.25,0.75,0.75,1,1,0.95,1,1,1,0.35,0.75,1,12,1,0,0,1,0,0,50,25,0,1752,35.04,0,1,0,0,0.02,0.5,0.25,1,0.3,False,False,False,False,False,True
g547_fulltheta_smoke_00000394,new_g547_fulltheta_counterfactual_update_probe_solver_row,True,True,maze-32-32-4|50|669|25|0|14650fb0739d0383,maze-32-32-4|a50|s669|it0|g547_fulltheta_smoke_maze_32_32_4_a50_s669_b2000,generated_theta::repair5g547_theta_000012,repair5g547_theta_000012,repair5g547_theta_000012,fulltheta_smoke::goal_projection_mode,maze-32-32-4,maze,50,669,2000,0,False,False,,,2149,275.6488,1,0,1752,,,False,,True,e30a75611aecfe79,alpha_commit=1.25|alpha_block=1.25|alpha_wait_spillover=0.75|rho_decay=0.94999999999999996|force_additive=0|enable_dual_channel=1|alpha_cong_commit_progress=1.25|alpha_cong_commit_nonprogress=1.25|alpha_cong_block=1.25|alpha_cong_wait_progress=0.75|alpha_cong_wait_nonprogress=0.75|alpha_flow_commit_progress=1|alpha_flow_wait_progress=1|rho_cong_decay=0.94999999999999996|rho_flow_decay=1|lambda_cong=1|lambda_flow=1|min_edge_cost=1|max_edge_cost=11|goal_projection_mode=flow_shield|flow_shield_beta=0.34999999999999998|max_flow_shield=0.75,14650fb0739d0383,1.25,1.25,1.25,0.75,0.75,1,1,0.95,1,1,1,0.35,0.75,1,11,1,0,0,1,0,0,50,25,0,1752,35.04,0,1,0,0,0.02,0.5,0.25,1,0.3,False,False,False,False,False,True
g547_fulltheta_smoke_00000395,new_g547_fulltheta_counterfactual_update_probe_solver_row,True,True,maze-32-32-4|50|669|25|0|14650fb0739d0383,maze-32-32-4|a50|s669|it0|g547_fulltheta_smoke_maze_32_32_4_a50_s669_b2000,generated_theta::repair5g547_theta_000013,repair5g547_theta_000013,repair5g547_theta_000013,fulltheta_smoke::goal_projection_mode,maze-32-32-4,maze,50,669,2000,0,False,False,,,2149,298.0918,1,0,1752,,,False,,True,562c13d7a176a2bc,alpha_commit=1.25|alpha_block=1.25|alpha_wait_spillover=0.75|rho_decay=0.94999999999999996|force_additive=0|enable_dual_channel=1|alpha_cong_commit_progress=1.25|alpha_cong_commit_nonprogress=1.25|alpha_cong_block=1.25|alpha_cong_wait_progress=0.75|alpha_cong_wait_nonprogress=0.75|alpha_flow_commit_progress=1|alpha_flow_wait_progress=1|rho_cong_decay=0.94999999999999996|rho_flow_decay=1|lambda_cong=1|lambda_flow=1|min_edge_cost=1|max_edge_cost=11|goal_projection_mode=agent_progress|flow_shield_beta=0.34999999999999998|max_flow_shield=0.75,14650fb0739d0383,1.25,1.25,1.25,0.75,0.75,1,1,0.95,1,1,1,0.35,0.75,1,11,0,1,0,1,0,0,50,25,0,1752,35.04,0,1,0,0,0.02,0.5,0.25,1,0.3,False,False,False,False,False,True
g547_fulltheta_smoke_00000396,new_g547_fulltheta_counterfactual_update_probe_solver_row,True,True,maze-32-32-4|50|669|25|0|14650fb0739d0383,maze-32-32-4|a50|s669|it0|g547_fulltheta_smoke_maze_32_32_4_a50_s669_b2000,generated_theta::repair5g547_theta_000014,repair5g547_theta_000014,repair5g547_theta_000014,fulltheta_smoke::goal_projection_mode,maze-32-32-4,maze,50,669,2000,0,False,False,,,2149,245.0916,1,0,1752,,,False,,True,b96f092bbcb39893,alpha_commit=1.25|alpha_block=1.25|alpha_wait_spillover=0.75|rho_decay=0.94999999999999996|force_additive=0|enable_dual_channel=1|alpha_cong_commit_progress=1.25|alpha_cong_commit_nonprogress=1.25|alpha_cong_block=1.25|alpha_cong_wait_progress=0.75|alpha_cong_wait_nonprogress=0.75|alpha_flow_commit_progress=1|alpha_flow_wait_progress=1|rho_cong_decay=0.94999999999999996|rho_flow_decay=1|lambda_cong=1|lambda_flow=1|min_edge_cost=1|max_edge_cost=11|goal_projection_mode=none|flow_shield_beta=0.34999999999999998|max_flow_shield=0.75,14650fb0739d0383,1.25,1.25,1.25,0.75,0.75,1,1,0.95,1,1,1,0.35,0.75,1,11,0,0,1,1,0,0,50,25,0,1752,35.04,0,1,0,0,0.02,0.5,0.25,1,0.3,False,False,False,False,False,True
g547_fulltheta_smoke_00000397,new_g547_fulltheta_counterfactual_update_probe_solver_row,True,True,maze-32-32-4|50|669|25|0|14650fb0739d0383,maze-32-32-4|a50|s669|it0|g547_fulltheta_smoke_maze_32_32_4_a50_s669_b2000,generated_theta::repair5g547_theta_000015,repair5g547_theta_000015,repair5g547_theta_000015,fulltheta_smoke::theta_alpha_cong_commit_nonprogress,maze-32-32-4,maze,50,669,2000,0,False,False,,,2149,274.3421,1,0,1752,,,False,,True,95eced852605b4c7,alpha_commit=0.5|alpha_block=1.25|alpha_wait_spillover=0.75|rho_decay=0.94999999999999996|force_additive=0|enable_dual_channel=1|alpha_cong_commit_progress=1.25|alpha_cong_commit_nonprogress=0.5|alpha_cong_block=1.25|alpha_cong_wait_progress=0.75|alpha_cong_wait_nonprogress=0.75|alpha_flow_commit_progress=1|alpha_flow_wait_progress=1|rho_cong_decay=0.94999999999999996|rho_flow_decay=1|lambda_cong=1|lambda_flow=1|min_edge_cost=1|max_edge_cost=11|goal_projection_mode=flow_shield|flow_shield_beta=0.34999999999999998|max_flow_shield=0.75,14650fb0739d0383,1.25,0.5,1.25,0.75,0.75,1,1,0.95,1,1,1,0.35,0.75,1,11,1,0,0,1,0,0,50,25,0,1752,35.04,0,1,0,0,0.02,0.5,0.25,1,0.3,False,False,False,False,False,True
g547_fulltheta_smoke_00000398,new_g547_fulltheta_counterfactual_update_probe_solver_row,True,True,maze-32-32-4|50|669|25|0|14650fb0739d0383,maze-32-32-4|a50|s669|it0|g547_fulltheta_smoke_maze_32_32_4_a50_s669_b2000,generated_theta::repair5g547_theta_000016,repair5g547_theta_000016,repair5g547_theta_000016,fulltheta_smoke::theta_alpha_cong_commit_nonprogress,maze-32-32-4,maze,50,669,2000,0,False,False,,,2149,301.4452,1,0,1752,,,False,,True,2a15243280de3947,alpha_commit=1.75|alpha_block=1.25|alpha_wait_spillover=0.75|rho_decay=0.94999999999999996|force_additive=0|enable_dual_channel=1|alpha_cong_commit_progress=1.25|alpha_cong_commit_nonprogress=1.75|alpha_cong_block=1.25|alpha_cong_wait_progress=0.75|alpha_cong_wait_nonprogress=0.75|alpha_flow_commit_progress=1|alpha_flow_wait_progress=1|rho_cong_decay=0.94999999999999996|rho_flow_decay=1|lambda_cong=1|lambda_flow=1|min_edge_cost=1|max_edge_cost=11|goal_projection_mode=flow_shield|flow_shield_beta=0.34999999999999998|max_flow_shield=0.75,14650fb0739d0383,1.25,1.75,1.25,0.75,0.75,1,1,0.95,1,1,1,0.35,0.75,1,11,1,0,0,1,0,0,50,25,0,1752,35.04,0,1,0,0,0.02,0.5,0.25,1,0.3,False,False,False,False,False,True
g547_fulltheta_smoke_00000399,new_g547_fulltheta_counterfactual_update_probe_solver_row,True,True,maze-32-32-4|50|670|25|0|14650fb0739d0383,maze-32-32-4|a50|s670|it0|g547_fulltheta_smoke_maze_32_32_4_a50_s670_b500,additive_ltm,repair5g59_additive_fallback,repair5g59_additive_fallback,baseline,maze-32-32-4,maze,50,670,500,0,False,False,,,2199,152.8987,1,0,1175,,,False,,True,35049bacad216c02,alpha_commit=1|alpha_block=1|alpha_wait_spillover=1|rho_decay=1|force_additive=1|enable_dual_channel=0|alpha_cong_commit_progress=0|alpha_cong_commit_nonprogress=1|alpha_cong_block=1|alpha_cong_wait_progress=1|alpha_cong_wait_nonprogress=1|alpha_flow_commit_progress=0|alpha_flow_wait_progress=0|rho_cong_decay=1|rho_flow_decay=1|lambda_cong=1|lambda_flow=0|min_edge_cost=0.25|max_edge_cost=11|goal_projection_mode=none|flow_shield_beta=0|max_flow_shield=0,14650fb0739d0383,0,1,1,1,1,0,0,1,1,1,0,0,0.25,0.25,11,0,0,1,1,0,0,50,25,0,1175,23.5,0,1,0,0,0.02,0.5,0.25,1,0.3,False,False,False,False,False,True
g547_fulltheta_smoke_00000400,new_g547_fulltheta_counterfactual_update_probe_solver_row,True,True,maze-32-32-4|50|670|25|0|14650fb0739d0383,maze-32-32-4|a50|s670|it0|g547_fulltheta_smoke_maze_32_32_4_a50_s670_b500,static_flow_shield,repair5g59_static_flow_shield,repair5g59_static_flow_shield,baseline,maze-32-32-4,maze,50,670,500,0,False,False,,,2199,241.7589,1,0,1175,,,False,,True,29737bed70c56f0d,alpha_commit=1.25|alpha_block=1.25|alpha_wait_spillover=0.75|rho_decay=0.94999999999999996|force_additive=0|enable_dual_channel=1|alpha_cong_commit_progress=1.25|alpha_cong_commit_nonprogress=1.25|alpha_cong_block=1.25|alpha_cong_wait_progress=0.75|alpha_cong_wait_nonprogress=0.75|alpha_flow_commit_progress=1|alpha_flow_wait_progress=0|rho_cong_decay=0.94999999999999996|rho_flow_decay=1|lambda_cong=1|lambda_flow=0|min_edge_cost=1|max_edge_cost=11|goal_projection_mode=flow_shield|flow_shield_beta=0.34999999999999998|max_flow_shield=0.75,14650fb0739d0383,1.25,1.25,1.25,0.75,0.75,1,1,0.95,1,1,1,0.35,0.75,1,11,1,0,0,1,0,0,50,25,0,1175,23.5,0,1,0,0,0.02,0.5,0.25,1,0.3,False,False,False,False,False,True
g547_fulltheta_smoke_00000401,new_g547_fulltheta_counterfactual_update_probe_solver_row,True,True,maze-32-32-4|50|670|25|0|14650fb0739d0383,maze-32-32-4|a50|s670|it0|g547_fulltheta_smoke_maze_32_32_4_a50_s670_b500,frozen_family_static_goal_aware,repair5g59_high_beta_cap_safe,repair5g59_high_beta_cap_safe,baseline,maze-32-32-4,maze,50,670,500,0,False,False,,,2199,234.5489,1,0,1175,,,False,,True,fbcf27bf34de68c,alpha_commit=1.25|alpha_block=1.25|alpha_wait_spillover=0.75|rho_decay=0.94999999999999996|force_additive=0|enable_dual_channel=1|alpha_cong_commit_progress=1.25|alpha_cong_commit_nonprogress=1.25|alpha_cong_block=1.25|alpha_cong_wait_progress=0.75|alpha_cong_wait_nonprogress=0.75|alpha_flow_commit_progress=1|alpha_flow_wait_progress=0|rho_cong_decay=0.94999999999999996|rho_flow_decay=1|lambda_cong=1|lambda_flow=0|min_edge_cost=1|max_edge_cost=11|goal_projection_mode=flow_shield|flow_shield_beta=0.59999999999999998|max_flow_shield=0.75,14650fb0739d0383,1.25,1.25,1.25,0.75,0.75,1,1,0.95,1,1,1,0.6,0.75,1,11,1,0,0,1,0,0,50,25,0,1175,23.5,0,1,0,0,0.02,0.5,0.25,1,0.3,False,False,False,False,False,True
g547_fulltheta_smoke_00000402,new_g547_fulltheta_counterfactual_update_probe_solver_row,True,True,maze-32-32-4|50|670|25|0|14650fb0739d0383,maze-32-32-4|a50|s670|it0|g547_fulltheta_smoke_maze_32_32_4_a50_s670_b500,generated_theta::repair5g547_theta_000001,repair5g547_theta_000001,repair5g547_theta_000001,fulltheta_smoke::all_fields_reference,maze-32-32-4,maze,50,670,500,0,False,False,,,2199,241.1328,1,0,1175,,,False,,True,e30a75611aecfe79,alpha_commit=1.25|alpha_block=1.25|alpha_wait_spillover=0.75|rho_decay=0.94999999999999996|force_additive=0|enable_dual_channel=1|alpha_cong_commit_progress=1.25|alpha_cong_commit_nonprogress=1.25|alpha_cong_block=1.25|alpha_cong_wait_progress=0.75|alpha_cong_wait_nonprogress=0.75|alpha_flow_commit_progress=1|alpha_flow_wait_progress=1|rho_cong_decay=0.94999999999999996|rho_flow_decay=1|lambda_cong=1|lambda_flow=1|min_edge_cost=1|max_edge_cost=11|goal_projection_mode=flow_shield|flow_shield_beta=0.34999999999999998|max_flow_shield=0.75,14650fb0739d0383,1.25,1.25,1.25,0.75,0.75,1,1,0.95,1,1,1,0.35,0.75,1,11,1,0,0,1,0,0,50,25,0,1175,23.5,0,1,0,0,0.02,0.5,0.25,1,0.3,False,False,False,False,False,True
g547_fulltheta_smoke_00000403,new_g547_fulltheta_counterfactual_update_probe_solver_row,True,True,maze-32-32-4|50|670|25|0|14650fb0739d0383,maze-32-32-4|a50|s670|it0|g547_fulltheta_smoke_maze_32_32_4_a50_s670_b500,generated_theta::repair5g547_theta_000002,repair5g547_theta_000002,repair5g547_theta_000002,fulltheta_smoke::theta_lambda_flow,maze-32-32-4,maze,50,670,500,0,False,False,,,2199,241.3008,1,0,1175,,,False,,True,a4814b677c6d1180,alpha_commit=1.25|alpha_block=1.25|alpha_wait_spillover=0.75|rho_decay=0.94999999999999996|force_additive=0|enable_dual_channel=1|alpha_cong_commit_progress=1.25|alpha_cong_commit_nonprogress=1.25|alpha_cong_block=1.25|alpha_cong_wait_progress=0.75|alpha_cong_wait_nonprogress=0.75|alpha_flow_commit_progress=1|alpha_flow_wait_progress=1|rho_cong_decay=0.94999999999999996|rho_flow_decay=1|lambda_cong=1|lambda_flow=0.10000000000000001|min_edge_cost=1|max_edge_cost=11|goal_projection_mode=flow_shield|flow_shield_beta=0.34999999999999998|max_flow_shield=0.75,14650fb0739d0383,1.25,1.25,1.25,0.75,0.75,1,1,0.95,1,1,0.1,0.35,0.75,1,11,1,0,0,1,0,0,50,25,0,1175,23.5,0,1,0,0,0.02,0.5,0.25,1,0.3,False,False,False,False,False,True
g547_fulltheta_smoke_00000404,new_g547_fulltheta_counterfactual_update_probe_solver_row,True,True,maze-32-32-4|50|670|25|0|14650fb0739d0383,maze-32-32-4|a50|s670|it0|g547_fulltheta_smoke_maze_32_32_4_a50_s670_b500,generated_theta::repair5g547_theta_000003,repair5g547_theta_000003,repair5g547_theta_000003,fulltheta_smoke::theta_lambda_flow,maze-32-32-4,maze,50,670,500,0,False,False,,,2199,236.7063,1,0,1175,,,False,,True,8584e99b6c1a5647,alpha_commit=1.25|alpha_block=1.25|alpha_wait_spillover=0.75|rho_decay=0.94999999999999996|force_additive=0|enable_dual_channel=1|alpha_cong_commit_progress=1.25|alpha_cong_commit_nonprogress=1.25|alpha_cong_block=1.25|alpha_cong_wait_progress=0.75|alpha_cong_wait_nonprogress=0.75|alpha_flow_commit_progress=1|alpha_flow_wait_progress=1|rho_cong_decay=0.94999999999999996|rho_flow_decay=1|lambda_cong=1|lambda_flow=1.3999999999999999|min_edge_cost=1|max_edge_cost=11|goal_projection_mode=flow_shield|flow_shield_beta=0.34999999999999998|max_flow_shield=0.75,14650fb0739d0383,1.25,1.25,1.25,0.75,0.75,1,1,0.95,1,1,1.4,0.35,0.75,1,11,1,0,0,1,0,0,50,25,0,1175,23.5,0,1,0,0,0.02,0.5,0.25,1,0.3,False,False,False,False,False,True
g547_fulltheta_smoke_00000405,new_g547_fulltheta_counterfactual_update_probe_solver_row,True,True,maze-32-32-4|50|670|25|0|14650fb0739d0383,maze-32-32-4|a50|s670|it0|g547_fulltheta_smoke_maze_32_32_4_a50_s670_b500,generated_theta::repair5g547_theta_000004,repair5g547_theta_000004,repair5g547_theta_000004,fulltheta_smoke::theta_lambda_cong,maze-32-32-4,maze,50,670,500,0,False,False,,,2199,238.2599,1,0,1175,,,False,,True,b5442e0c6c6741b0,alpha_commit=1.25|alpha_block=1.25|alpha_wait_spillover=0.75|rho_decay=0.94999999999999996|force_additive=0|enable_dual_channel=1|alpha_cong_commit_progress=1.25|alpha_cong_commit_nonprogress=1.25|alpha_cong_block=1.25|alpha_cong_wait_progress=0.75|alpha_cong_wait_nonprogress=0.75|alpha_flow_commit_progress=1|alpha_flow_wait_progress=1|rho_cong_decay=0.94999999999999996|rho_flow_decay=1|lambda_cong=0.59999999999999998|lambda_flow=1|min_edge_cost=1|max_edge_cost=11|goal_projection_mode=flow_shield|flow_shield_beta=0.34999999999999998|max_flow_shield=0.75,14650fb0739d0383,1.25,1.25,1.25,0.75,0.75,1,1,0.95,1,0.6,1,0.35,0.75,1,11,1,0,0,1,0,0,50,25,0,1175,23.5,0,1,0,0,0.02,0.5,0.25,1,0.3,False,False,False,False,False,True
g547_fulltheta_smoke_00000406,new_g547_fulltheta_counterfactual_update_probe_solver_row,True,True,maze-32-32-4|50|670|25|0|14650fb0739d0383,maze-32-32-4|a50|s670|it0|g547_fulltheta_smoke_maze_32_32_4_a50_s670_b500,generated_theta::repair5g547_theta_000005,repair5g547_theta_000005,repair5g547_theta_000005,fulltheta_smoke::theta_lambda_cong,maze-32-32-4,maze,50,670,500,0,False,False,,,2199,231.4079,1,0,1175,,,False,,True,77f3f55aa954d3f,alpha_commit=1.25|alpha_block=1.25|alpha_wait_spillover=0.75|rho_decay=0.94999999999999996|force_additive=0|enable_dual_channel=1|alpha_cong_commit_progress=1.25|alpha_cong_commit_nonprogress=1.25|alpha_cong_block=1.25|alpha_cong_wait_progress=0.75|alpha_cong_wait_nonprogress=0.75|alpha_flow_commit_progress=1|alpha_flow_wait_progress=1|rho_cong_decay=0.94999999999999996|rho_flow_decay=1|lambda_cong=1.3999999999999999|lambda_flow=1|min_edge_cost=1|max_edge_cost=11|goal_projection_mode=flow_shield|flow_shield_beta=0.34999999999999998|max_flow_shield=0.75,14650fb0739d0383,1.25,1.25,1.25,0.75,0.75,1,1,0.95,1,1.4,1,0.35,0.75,1,11,1,0,0,1,0,0,50,25,0,1175,23.5,0,1,0,0,0.02,0.5,0.25,1,0.3,False,False,False,False,False,True
g547_fulltheta_smoke_00000407,new_g547_fulltheta_counterfactual_update_probe_solver_row,True,True,maze-32-32-4|50|670|25|0|14650fb0739d0383,maze-32-32-4|a50|s670|it0|g547_fulltheta_smoke_maze_32_32_4_a50_s670_b500,generated_theta::repair5g547_theta_000006,repair5g547_theta_000006,repair5g547_theta_000006,fulltheta_smoke::theta_alpha_flow_wait_progress,maze-32-32-4,maze,50,670,500,0,False,False,,,2199,226.8431,1,0,1175,,,False,,True,29c4ecda70affb5a,alpha_commit=1.25|alpha_block=1.25|alpha_wait_spillover=0.75|rho_decay=0.94999999999999996|force_additive=0|enable_dual_channel=1|alpha_cong_commit_progress=1.25|alpha_cong_commit_nonprogress=1.25|alpha_cong_block=1.25|alpha_cong_wait_progress=0.75|alpha_cong_wait_nonprogress=0.75|alpha_flow_commit_progress=1|alpha_flow_wait_progress=0|rho_cong_decay=0.94999999999999996|rho_flow_decay=1|lambda_cong=1|lambda_flow=1|min_edge_cost=1|max_edge_cost=11|goal_projection_mode=flow_shield|flow_shield_beta=0.34999999999999998|max_flow_shield=0.75,14650fb0739d0383,1.25,1.25,1.25,0.75,0.75,1,0,0.95,1,1,1,0.35,0.75,1,11,1,0,0,1,0,0,50,25,0,1175,23.5,0,1,0,0,0.02,0.5,0.25,1,0.3,False,False,False,False,False,True
g547_fulltheta_smoke_00000408,new_g547_fulltheta_counterfactual_update_probe_solver_row,True,True,maze-32-32-4|50|670|25|0|14650fb0739d0383,maze-32-32-4|a50|s670|it0|g547_fulltheta_smoke_maze_32_32_4_a50_s670_b500,generated_theta::repair5g547_theta_000007,repair5g547_theta_000007,repair5g547_theta_000007,fulltheta_smoke::theta_alpha_flow_wait_progress,maze-32-32-4,maze,50,670,500,0,False,False,,,2199,337.2829,1,0,1175,,,False,,True,b5a183b18079a70d,alpha_commit=1.25|alpha_block=1.25|alpha_wait_spillover=0.75|rho_decay=0.94999999999999996|force_additive=0|enable_dual_channel=1|alpha_cong_commit_progress=1.25|alpha_cong_commit_nonprogress=1.25|alpha_cong_block=1.25|alpha_cong_wait_progress=0.75|alpha_cong_wait_nonprogress=0.75|alpha_flow_commit_progress=1|alpha_flow_wait_progress=1.2|rho_cong_decay=0.94999999999999996|rho_flow_decay=1|lambda_cong=1|lambda_flow=1|min_edge_cost=1|max_edge_cost=11|goal_projection_mode=flow_shield|flow_shield_beta=0.34999999999999998|max_flow_shield=0.75,14650fb0739d0383,1.25,1.25,1.25,0.75,0.75,1,1.2,0.95,1,1,1,0.35,0.75,1,11,1,0,0,1,0,0,50,25,0,1175,23.5,0,1,0,0,0.02,0.5,0.25,1,0.3,False,False,False,False,False,True
g547_fulltheta_smoke_00000409,new_g547_fulltheta_counterfactual_update_probe_solver_row,True,True,maze-32-32-4|50|670|25|0|14650fb0739d0383,maze-32-32-4|a50|s670|it0|g547_fulltheta_smoke_maze_32_32_4_a50_s670_b500,generated_theta::repair5g547_theta_000008,repair5g547_theta_000008,repair5g547_theta_000008,fulltheta_smoke::theta_min_edge_cost,maze-32-32-4,maze,50,670,500,0,False,False,,,2199,330.2261,1,0,1175,,,False,,True,ef8f0d160cc2a725,alpha_commit=1.25|alpha_block=1.25|alpha_wait_spillover=0.75|rho_decay=0.94999999999999996|force_additive=0|enable_dual_channel=1|alpha_cong_commit_progress=1.25|alpha_cong_commit_nonprogress=1.25|alpha_cong_block=1.25|alpha_cong_wait_progress=0.75|alpha_cong_wait_nonprogress=0.75|alpha_flow_commit_progress=1|alpha_flow_wait_progress=1|rho_cong_decay=0.94999999999999996|rho_flow_decay=1|lambda_cong=1|lambda_flow=1|min_edge_cost=0.25|max_edge_cost=11|goal_projection_mode=flow_shield|flow_shield_beta=0.34999999999999998|max_flow_shield=0.75,14650fb0739d0383,1.25,1.25,1.25,0.75,0.75,1,1,0.95,1,1,1,0.35,0.75,0.25,11,1,0,0,1,0,0,50,25,0,1175,23.5,0,1,0,0,0.02,0.5,0.25,1,0.3,False,False,False,False,False,True
g547_fulltheta_smoke_00000410,new_g547_fulltheta_counterfactual_update_probe_solver_row,True,True,maze-32-32-4|50|670|25|0|14650fb0739d0383,maze-32-32-4|a50|s670|it0|g547_fulltheta_smoke_maze_32_32_4_a50_s670_b500,generated_theta::repair5g547_theta_000009,repair5g547_theta_000009,repair5g547_theta_000009,fulltheta_smoke::theta_min_edge_cost,maze-32-32-4,maze,50,670,500,0,False,False,,,2199,354.3914,1,0,1175,,,False,,True,e30a75611aecfe79,alpha_commit=1.25|alpha_block=1.25|alpha_wait_spillover=0.75|rho_decay=0.94999999999999996|force_additive=0|enable_dual_channel=1|alpha_cong_commit_progress=1.25|alpha_cong_commit_nonprogress=1.25|alpha_cong_block=1.25|alpha_cong_wait_progress=0.75|alpha_cong_wait_nonprogress=0.75|alpha_flow_commit_progress=1|alpha_flow_wait_progress=1|rho_cong_decay=0.94999999999999996|rho_flow_decay=1|lambda_cong=1|lambda_flow=1|min_edge_cost=1|max_edge_cost=11|goal_projection_mode=flow_shield|flow_shield_beta=0.34999999999999998|max_flow_shield=0.75,14650fb0739d0383,1.25,1.25,1.25,0.75,0.75,1,1,0.95,1,1,1,0.35,0.75,1,11,1,0,0,1,0,0,50,25,0,1175,23.5,0,1,0,0,0.02,0.5,0.25,1,0.3,False,False,False,False,False,True
g547_fulltheta_smoke_00000411,new_g547_fulltheta_counterfactual_update_probe_solver_row,True,True,maze-32-32-4|50|670|25|0|14650fb0739d0383,maze-32-32-4|a50|s670|it0|g547_fulltheta_smoke_maze_32_32_4_a50_s670_b500,generated_theta::repair5g547_theta_000010,repair5g547_theta_000010,repair5g547_theta_000010,fulltheta_smoke::theta_max_edge_cost,maze-32-32-4,maze,50,670,500,0,False,False,,,2199,332.7491,1,0,1175,,,False,,True,7a35172bbc1b94cb,alpha_commit=1.25|alpha_block=1.25|alpha_wait_spillover=0.75|rho_decay=0.94999999999999996|force_additive=0|enable_dual_channel=1|alpha_cong_commit_progress=1.25|alpha_cong_commit_nonprogress=1.25|alpha_cong_block=1.25|alpha_cong_wait_progress=0.75|alpha_cong_wait_nonprogress=0.75|alpha_flow_commit_progress=1|alpha_flow_wait_progress=1|rho_cong_decay=0.94999999999999996|rho_flow_decay=1|lambda_cong=1|lambda_flow=1|min_edge_cost=1|max_edge_cost=8|goal_projection_mode=flow_shield|flow_shield_beta=0.34999999999999998|max_flow_shield=0.75,14650fb0739d0383,1.25,1.25,1.25,0.75,0.75,1,1,0.95,1,1,1,0.35,0.75,1,8,1,0,0,1,0,0,50,25,0,1175,23.5,0,1,0,0,0.02,0.5,0.25,1,0.3,False,False,False,False,False,True
g547_fulltheta_smoke_00000412,new_g547_fulltheta_counterfactual_update_probe_solver_row,True,True,maze-32-32-4|50|670|25|0|14650fb0739d0383,maze-32-32-4|a50|s670|it0|g547_fulltheta_smoke_maze_32_32_4_a50_s670_b500,generated_theta::repair5g547_theta_000011,repair5g547_theta_000011,repair5g547_theta_000011,fulltheta_smoke::theta_max_edge_cost,maze-32-32-4,maze,50,670,500,0,False,False,,,2199,352.9763,1,0,1175,,,False,,True,35d66dc1ec012cc6,alpha_commit=1.25|alpha_block=1.25|alpha_wait_spillover=0.75|rho_decay=0.94999999999999996|force_additive=0|enable_dual_channel=1|alpha_cong_commit_progress=1.25|alpha_cong_commit_nonprogress=1.25|alpha_cong_block=1.25|alpha_cong_wait_progress=0.75|alpha_cong_wait_nonprogress=0.75|alpha_flow_commit_progress=1|alpha_flow_wait_progress=1|rho_cong_decay=0.94999999999999996|rho_flow_decay=1|lambda_cong=1|lambda_flow=1|min_edge_cost=1|max_edge_cost=12|goal_projection_mode=flow_shield|flow_shield_beta=0.34999999999999998|max_flow_shield=0.75,14650fb0739d0383,1.25,1.25,1.25,0.75,0.75,1,1,0.95,1,1,1,0.35,0.75,1,12,1,0,0,1,0,0,50,25,0,1175,23.5,0,1,0,0,0.02,0.5,0.25,1,0.3,False,False,False,False,False,True
g547_fulltheta_smoke_00000413,new_g547_fulltheta_counterfactual_update_probe_solver_row,True,True,maze-32-32-4|50|670|25|0|14650fb0739d0383,maze-32-32-4|a50|s670|it0|g547_fulltheta_smoke_maze_32_32_4_a50_s670_b500,generated_theta::repair5g547_theta_000012,repair5g547_theta_000012,repair5g547_theta_000012,fulltheta_smoke::goal_projection_mode,maze-32-32-4,maze,50,670,500,0,False,False,,,2199,326.195,1,0,1175,,,False,,True,e30a75611aecfe79,alpha_commit=1.25|alpha_block=1.25|alpha_wait_spillover=0.75|rho_decay=0.94999999999999996|force_additive=0|enable_dual_channel=1|alpha_cong_commit_progress=1.25|alpha_cong_commit_nonprogress=1.25|alpha_cong_block=1.25|alpha_cong_wait_progress=0.75|alpha_cong_wait_nonprogress=0.75|alpha_flow_commit_progress=1|alpha_flow_wait_progress=1|rho_cong_decay=0.94999999999999996|rho_flow_decay=1|lambda_cong=1|lambda_flow=1|min_edge_cost=1|max_edge_cost=11|goal_projection_mode=flow_shield|flow_shield_beta=0.34999999999999998|max_flow_shield=0.75,14650fb0739d0383,1.25,1.25,1.25,0.75,0.75,1,1,0.95,1,1,1,0.35,0.75,1,11,1,0,0,1,0,0,50,25,0,1175,23.5,0,1,0,0,0.02,0.5,0.25,1,0.3,False,False,False,False,False,True
g547_fulltheta_smoke_00000414,new_g547_fulltheta_counterfactual_update_probe_solver_row,True,True,maze-32-32-4|50|670|25|0|14650fb0739d0383,maze-32-32-4|a50|s670|it0|g547_fulltheta_smoke_maze_32_32_4_a50_s670_b500,generated_theta::repair5g547_theta_000013,repair5g547_theta_000013,repair5g547_theta_000013,fulltheta_smoke::goal_projection_mode,maze-32-32-4,maze,50,670,500,0,False,False,,,2199,283.5434,1,0,1175,,,False,,True,562c13d7a176a2bc,alpha_commit=1.25|alpha_block=1.25|alpha_wait_spillover=0.75|rho_decay=0.94999999999999996|force_additive=0|enable_dual_channel=1|alpha_cong_commit_progress=1.25|alpha_cong_commit_nonprogress=1.25|alpha_cong_block=1.25|alpha_cong_wait_progress=0.75|alpha_cong_wait_nonprogress=0.75|alpha_flow_commit_progress=1|alpha_flow_wait_progress=1|rho_cong_decay=0.94999999999999996|rho_flow_decay=1|lambda_cong=1|lambda_flow=1|min_edge_cost=1|max_edge_cost=11|goal_projection_mode=agent_progress|flow_shield_beta=0.34999999999999998|max_flow_shield=0.75,14650fb0739d0383,1.25,1.25,1.25,0.75,0.75,1,1,0.95,1,1,1,0.35,0.75,1,11,0,1,0,1,0,0,50,25,0,1175,23.5,0,1,0,0,0.02,0.5,0.25,1,0.3,False,False,False,False,False,True
g547_fulltheta_smoke_00000415,new_g547_fulltheta_counterfactual_update_probe_solver_row,True,True,maze-32-32-4|50|670|25|0|14650fb0739d0383,maze-32-32-4|a50|s670|it0|g547_fulltheta_smoke_maze_32_32_4_a50_s670_b500,generated_theta::repair5g547_theta_000014,repair5g547_theta_000014,repair5g547_theta_000014,fulltheta_smoke::goal_projection_mode,maze-32-32-4,maze,50,670,500,0,False,False,,,2199,259.8906,1,0,1175,,,False,,True,b96f092bbcb39893,alpha_commit=1.25|alpha_block=1.25|alpha_wait_spillover=0.75|rho_decay=0.94999999999999996|force_additive=0|enable_dual_channel=1|alpha_cong_commit_progress=1.25|alpha_cong_commit_nonprogress=1.25|alpha_cong_block=1.25|alpha_cong_wait_progress=0.75|alpha_cong_wait_nonprogress=0.75|alpha_flow_commit_progress=1|alpha_flow_wait_progress=1|rho_cong_decay=0.94999999999999996|rho_flow_decay=1|lambda_cong=1|lambda_flow=1|min_edge_cost=1|max_edge_cost=11|goal_projection_mode=none|flow_shield_beta=0.34999999999999998|max_flow_shield=0.75,14650fb0739d0383,1.25,1.25,1.25,0.75,0.75,1,1,0.95,1,1,1,0.35,0.75,1,11,0,0,1,1,0,0,50,25,0,1175,23.5,0,1,0,0,0.02,0.5,0.25,1,0.3,False,False,False,False,False,True
g547_fulltheta_smoke_00000416,new_g547_fulltheta_counterfactual_update_probe_solver_row,True,True,maze-32-32-4|50|670|25|0|14650fb0739d0383,maze-32-32-4|a50|s670|it0|g547_fulltheta_smoke_maze_32_32_4_a50_s670_b500,generated_theta::repair5g547_theta_000015,repair5g547_theta_000015,repair5g547_theta_000015,fulltheta_smoke::theta_alpha_cong_commit_nonprogress,maze-32-32-4,maze,50,670,500,0,False,False,,,2199,310.9048,1,0,1175,,,False,,True,95eced852605b4c7,alpha_commit=0.5|alpha_block=1.25|alpha_wait_spillover=0.75|rho_decay=0.94999999999999996|force_additive=0|enable_dual_channel=1|alpha_cong_commit_progress=1.25|alpha_cong_commit_nonprogress=0.5|alpha_cong_block=1.25|alpha_cong_wait_progress=0.75|alpha_cong_wait_nonprogress=0.75|alpha_flow_commit_progress=1|alpha_flow_wait_progress=1|rho_cong_decay=0.94999999999999996|rho_flow_decay=1|lambda_cong=1|lambda_flow=1|min_edge_cost=1|max_edge_cost=11|goal_projection_mode=flow_shield|flow_shield_beta=0.34999999999999998|max_flow_shield=0.75,14650fb0739d0383,1.25,0.5,1.25,0.75,0.75,1,1,0.95,1,1,1,0.35,0.75,1,11,1,0,0,1,0,0,50,25,0,1175,23.5,0,1,0,0,0.02,0.5,0.25,1,0.3,False,False,False,False,False,True
g547_fulltheta_smoke_00000417,new_g547_fulltheta_counterfactual_update_probe_solver_row,True,True,maze-32-32-4|50|670|25|0|14650fb0739d0383,maze-32-32-4|a50|s670|it0|g547_fulltheta_smoke_maze_32_32_4_a50_s670_b500,generated_theta::repair5g547_theta_000016,repair5g547_theta_000016,repair5g547_theta_000016,fulltheta_smoke::theta_alpha_cong_commit_nonprogress,maze-32-32-4,maze,50,670,500,0,False,False,,,2199,320.332,1,0,1175,,,False,,True,2a15243280de3947,alpha_commit=1.75|alpha_block=1.25|alpha_wait_spillover=0.75|rho_decay=0.94999999999999996|force_additive=0|enable_dual_channel=1|alpha_cong_commit_progress=1.25|alpha_cong_commit_nonprogress=1.75|alpha_cong_block=1.25|alpha_cong_wait_progress=0.75|alpha_cong_wait_nonprogress=0.75|alpha_flow_commit_progress=1|alpha_flow_wait_progress=1|rho_cong_decay=0.94999999999999996|rho_flow_decay=1|lambda_cong=1|lambda_flow=1|min_edge_cost=1|max_edge_cost=11|goal_projection_mode=flow_shield|flow_shield_beta=0.34999999999999998|max_flow_shield=0.75,14650fb0739d0383,1.25,1.75,1.25,0.75,0.75,1,1,0.95,1,1,1,0.35,0.75,1,11,1,0,0,1,0,0,50,25,0,1175,23.5,0,1,0,0,0.02,0.5,0.25,1,0.3,False,False,False,False,False,True
g547_fulltheta_smoke_00000418,new_g547_fulltheta_counterfactual_update_probe_solver_row,True,True,maze-32-32-4|50|670|25|0|14650fb0739d0383,maze-32-32-4|a50|s670|it0|g547_fulltheta_smoke_maze_32_32_4_a50_s670_b1000,additive_ltm,repair5g59_additive_fallback,repair5g59_additive_fallback,baseline,maze-32-32-4,maze,50,670,1000,0,False,False,,,2199,150.9964,1,0,1522,,,False,,True,35049bacad216c02,alpha_commit=1|alpha_block=1|alpha_wait_spillover=1|rho_decay=1|force_additive=1|enable_dual_channel=0|alpha_cong_commit_progress=0|alpha_cong_commit_nonprogress=1|alpha_cong_block=1|alpha_cong_wait_progress=1|alpha_cong_wait_nonprogress=1|alpha_flow_commit_progress=0|alpha_flow_wait_progress=0|rho_cong_decay=1|rho_flow_decay=1|lambda_cong=1|lambda_flow=0|min_edge_cost=0.25|max_edge_cost=11|goal_projection_mode=none|flow_shield_beta=0|max_flow_shield=0,14650fb0739d0383,0,1,1,1,1,0,0,1,1,1,0,0,0.25,0.25,11,0,0,1,1,0,0,50,25,0,1522,30.44,0,1,0,0,0.02,0.5,0.25,1,0.3,False,False,False,False,False,True
g547_fulltheta_smoke_00000419,new_g547_fulltheta_counterfactual_update_probe_solver_row,True,True,maze-32-32-4|50|670|25|0|14650fb0739d0383,maze-32-32-4|a50|s670|it0|g547_fulltheta_smoke_maze_32_32_4_a50_s670_b1000,static_flow_shield,repair5g59_static_flow_shield,repair5g59_static_flow_shield,baseline,maze-32-32-4,maze,50,670,1000,0,False,False,,,2199,246.9811,1,0,1522,,,False,,True,29737bed70c56f0d,alpha_commit=1.25|alpha_block=1.25|alpha_wait_spillover=0.75|rho_decay=0.94999999999999996|force_additive=0|enable_dual_channel=1|alpha_cong_commit_progress=1.25|alpha_cong_commit_nonprogress=1.25|alpha_cong_block=1.25|alpha_cong_wait_progress=0.75|alpha_cong_wait_nonprogress=0.75|alpha_flow_commit_progress=1|alpha_flow_wait_progress=0|rho_cong_decay=0.94999999999999996|rho_flow_decay=1|lambda_cong=1|lambda_flow=0|min_edge_cost=1|max_edge_cost=11|goal_projection_mode=flow_shield|flow_shield_beta=0.34999999999999998|max_flow_shield=0.75,14650fb0739d0383,1.25,1.25,1.25,0.75,0.75,1,1,0.95,1,1,1,0.35,0.75,1,11,1,0,0,1,0,0,50,25,0,1522,30.44,0,1,0,0,0.02,0.5,0.25,1,0.3,False,False,False,False,False,True
g547_fulltheta_smoke_00000420,new_g547_fulltheta_counterfactual_update_probe_solver_row,True,True,maze-32-32-4|50|670|25|0|14650fb0739d0383,maze-32-32-4|a50|s670|it0|g547_fulltheta_smoke_maze_32_32_4_a50_s670_b1000,frozen_family_static_goal_aware,repair5g59_high_beta_cap_safe,repair5g59_high_beta_cap_safe,baseline,maze-32-32-4,maze,50,670,1000,0,False,False,,,2199,234.0596,1,0,1522,,,False,,True,fbcf27bf34de68c,alpha_commit=1.25|alpha_block=1.25|alpha_wait_spillover=0.75|rho_decay=0.94999999999999996|force_additive=0|enable_dual_channel=1|alpha_cong_commit_progress=1.25|alpha_cong_commit_nonprogress=1.25|alpha_cong_block=1.25|alpha_cong_wait_progress=0.75|alpha_cong_wait_nonprogress=0.75|alpha_flow_commit_progress=1|alpha_flow_wait_progress=0|rho_cong_decay=0.94999999999999996|rho_flow_decay=1|lambda_cong=1|lambda_flow=0|min_edge_cost=1|max_edge_cost=11|goal_projection_mode=flow_shield|flow_shield_beta=0.59999999999999998|max_flow_shield=0.75,14650fb0739d0383,1.25,1.25,1.25,0.75,0.75,1,1,0.95,1,1,1,0.6,0.75,1,11,1,0,0,1,0,0,50,25,0,1522,30.44,0,1,0,0,0.02,0.5,0.25,1,0.3,False,False,False,False,False,True
g547_fulltheta_smoke_00000421,new_g547_fulltheta_counterfactual_update_probe_solver_row,True,True,maze-32-32-4|50|670|25|0|14650fb0739d0383,maze-32-32-4|a50|s670|it0|g547_fulltheta_smoke_maze_32_32_4_a50_s670_b1000,generated_theta::repair5g547_theta_000001,repair5g547_theta_000001,repair5g547_theta_000001,fulltheta_smoke::all_fields_reference,maze-32-32-4,maze,50,670,1000,0,False,False,,,2199,236.5469,1,0,1522,,,False,,True,e30a75611aecfe79,alpha_commit=1.25|alpha_block=1.25|alpha_wait_spillover=0.75|rho_decay=0.94999999999999996|force_additive=0|enable_dual_channel=1|alpha_cong_commit_progress=1.25|alpha_cong_commit_nonprogress=1.25|alpha_cong_block=1.25|alpha_cong_wait_progress=0.75|alpha_cong_wait_nonprogress=0.75|alpha_flow_commit_progress=1|alpha_flow_wait_progress=1|rho_cong_decay=0.94999999999999996|rho_flow_decay=1|lambda_cong=1|lambda_flow=1|min_edge_cost=1|max_edge_cost=11|goal_projection_mode=flow_shield|flow_shield_beta=0.34999999999999998|max_flow_shield=0.75,14650fb0739d0383,1.25,1.25,1.25,0.75,0.75,1,1,0.95,1,1,1,0.35,0.75,1,11,1,0,0,1,0,0,50,25,0,1522,30.44,0,1,0,0,0.02,0.5,0.25,1,0.3,False,False,False,False,False,True
g547_fulltheta_smoke_00000422,new_g547_fulltheta_counterfactual_update_probe_solver_row,True,True,maze-32-32-4|50|670|25|0|14650fb0739d0383,maze-32-32-4|a50|s670|it0|g547_fulltheta_smoke_maze_32_32_4_a50_s670_b1000,generated_theta::repair5g547_theta_000002,repair5g547_theta_000002,repair5g547_theta_000002,fulltheta_smoke::theta_lambda_flow,maze-32-32-4,maze,50,670,1000,0,False,False,,,2199,240.7414,1,0,1522,,,False,,True,a4814b677c6d1180,alpha_commit=1.25|alpha_block=1.25|alpha_wait_spillover=0.75|rho_decay=0.94999999999999996|force_additive=0|enable_dual_channel=1|alpha_cong_commit_progress=1.25|alpha_cong_commit_nonprogress=1.25|alpha_cong_block=1.25|alpha_cong_wait_progress=0.75|alpha_cong_wait_nonprogress=0.75|alpha_flow_commit_progress=1|alpha_flow_wait_progress=1|rho_cong_decay=0.94999999999999996|rho_flow_decay=1|lambda_cong=1|lambda_flow=0.10000000000000001|min_edge_cost=1|max_edge_cost=11|goal_projection_mode=flow_shield|flow_shield_beta=0.34999999999999998|max_flow_shield=0.75,14650fb0739d0383,1.25,1.25,1.25,0.75,0.75,1,1,0.95,1,1,0.1,0.35,0.75,1,11,1,0,0,1,0,0,50,25,0,1522,30.44,0,1,0,0,0.02,0.5,0.25,1,0.3,False,False,False,False,False,True
g547_fulltheta_smoke_00000423,new_g547_fulltheta_counterfactual_update_probe_solver_row,True,True,maze-32-32-4|50|670|25|0|14650fb0739d0383,maze-32-32-4|a50|s670|it0|g547_fulltheta_smoke_maze_32_32_4_a50_s670_b1000,generated_theta::repair5g547_theta_000003,repair5g547_theta_000003,repair5g547_theta_000003,fulltheta_smoke::theta_lambda_flow,maze-32-32-4,maze,50,670,1000,0,False,False,,,2199,245.0843,1,0,1522,,,False,,True,8584e99b6c1a5647,alpha_commit=1.25|alpha_block=1.25|alpha_wait_spillover=0.75|rho_decay=0.94999999999999996|force_additive=0|enable_dual_channel=1|alpha_cong_commit_progress=1.25|alpha_cong_commit_nonprogress=1.25|alpha_cong_block=1.25|alpha_cong_wait_progress=0.75|alpha_cong_wait_nonprogress=0.75|alpha_flow_commit_progress=1|alpha_flow_wait_progress=1|rho_cong_decay=0.94999999999999996|rho_flow_decay=1|lambda_cong=1|lambda_flow=1.3999999999999999|min_edge_cost=1|max_edge_cost=11|goal_projection_mode=flow_shield|flow_shield_beta=0.34999999999999998|max_flow_shield=0.75,14650fb0739d0383,1.25,1.25,1.25,0.75,0.75,1,1,0.95,1,1,1.4,0.35,0.75,1,11,1,0,0,1,0,0,50,25,0,1522,30.44,0,1,0,0,0.02,0.5,0.25,1,0.3,False,False,False,False,False,True
g547_fulltheta_smoke_00000424,new_g547_fulltheta_counterfactual_update_probe_solver_row,True,True,maze-32-32-4|50|670|25|0|14650fb0739d0383,maze-32-32-4|a50|s670|it0|g547_fulltheta_smoke_maze_32_32_4_a50_s670_b1000,generated_theta::repair5g547_theta_000004,repair5g547_theta_000004,repair5g547_theta_000004,fulltheta_smoke::theta_lambda_cong,maze-32-32-4,maze,50,670,1000,0,False,False,,,2199,239.1596,1,0,1522,,,False,,True,b5442e0c6c6741b0,alpha_commit=1.25|alpha_block=1.25|alpha_wait_spillover=0.75|rho_decay=0.94999999999999996|force_additive=0|enable_dual_channel=1|alpha_cong_commit_progress=1.25|alpha_cong_commit_nonprogress=1.25|alpha_cong_block=1.25|alpha_cong_wait_progress=0.75|alpha_cong_wait_nonprogress=0.75|alpha_flow_commit_progress=1|alpha_flow_wait_progress=1|rho_cong_decay=0.94999999999999996|rho_flow_decay=1|lambda_cong=0.59999999999999998|lambda_flow=1|min_edge_cost=1|max_edge_cost=11|goal_projection_mode=flow_shield|flow_shield_beta=0.34999999999999998|max_flow_shield=0.75,14650fb0739d0383,1.25,1.25,1.25,0.75,0.75,1,1,0.95,1,0.6,1,0.35,0.75,1,11,1,0,0,1,0,0,50,25,0,1522,30.44,0,1,0,0,0.02,0.5,0.25,1,0.3,False,False,False,False,False,True
g547_fulltheta_smoke_00000425,new_g547_fulltheta_counterfactual_update_probe_solver_row,True,True,maze-32-32-4|50|670|25|0|14650fb0739d0383,maze-32-32-4|a50|s670|it0|g547_fulltheta_smoke_maze_32_32_4_a50_s670_b1000,generated_theta::repair5g547_theta_000005,repair5g547_theta_000005,repair5g547_theta_000005,fulltheta_smoke::theta_lambda_cong,maze-32-32-4,maze,50,670,1000,0,False,False,,,2199,236.5024,1,0,1522,,,False,,True,77f3f55aa954d3f,alpha_commit=1.25|alpha_block=1.25|alpha_wait_spillover=0.75|rho_decay=0.94999999999999996|force_additive=0|enable_dual_channel=1|alpha_cong_commit_progress=1.25|alpha_cong_commit_nonprogress=1.25|alpha_cong_block=1.25|alpha_cong_wait_progress=0.75|alpha_cong_wait_nonprogress=0.75|alpha_flow_commit_progress=1|alpha_flow_wait_progress=1|rho_cong_decay=0.94999999999999996|rho_flow_decay=1|lambda_cong=1.3999999999999999|lambda_flow=1|min_edge_cost=1|max_edge_cost=11|goal_projection_mode=flow_shield|flow_shield_beta=0.34999999999999998|max_flow_shield=0.75,14650fb0739d0383,1.25,1.25,1.25,0.75,0.75,1,1,0.95,1,1.4,1,0.35,0.75,1,11,1,0,0,1,0,0,50,25,0,1522,30.44,0,1,0,0,0.02,0.5,0.25,1,0.3,False,False,False,False,False,True
g547_fulltheta_smoke_00000426,new_g547_fulltheta_counterfactual_update_probe_solver_row,True,True,maze-32-32-4|50|670|25|0|14650fb0739d0383,maze-32-32-4|a50|s670|it0|g547_fulltheta_smoke_maze_32_32_4_a50_s670_b1000,generated_theta::repair5g547_theta_000006,repair5g547_theta_000006,repair5g547_theta_000006,fulltheta_smoke::theta_alpha_flow_wait_progress,maze-32-32-4,maze,50,670,1000,0,False,False,,,2199,314.9115,1,0,1522,,,False,,True,29c4ecda70affb5a,alpha_commit=1.25|alpha_block=1.25|alpha_wait_spillover=0.75|rho_decay=0.94999999999999996|force_additive=0|enable_dual_channel=1|alpha_cong_commit_progress=1.25|alpha_cong_commit_nonprogress=1.25|alpha_cong_block=1.25|alpha_cong_wait_progress=0.75|alpha_cong_wait_nonprogress=0.75|alpha_flow_commit_progress=1|alpha_flow_wait_progress=0|rho_cong_decay=0.94999999999999996|rho_flow_decay=1|lambda_cong=1|lambda_flow=1|min_edge_cost=1|max_edge_cost=11|goal_projection_mode=flow_shield|flow_shield_beta=0.34999999999999998|max_flow_shield=0.75,14650fb0739d0383,1.25,1.25,1.25,0.75,0.75,1,0,0.95,1,1,1,0.35,0.75,1,11,1,0,0,1,0,0,50,25,0,1522,30.44,0,1,0,0,0.02,0.5,0.25,1,0.3,False,False,False,False,False,True
g547_fulltheta_smoke_00000427,new_g547_fulltheta_counterfactual_update_probe_solver_row,True,True,maze-32-32-4|50|670|25|0|14650fb0739d0383,maze-32-32-4|a50|s670|it0|g547_fulltheta_smoke_maze_32_32_4_a50_s670_b1000,generated_theta::repair5g547_theta_000007,repair5g547_theta_000007,repair5g547_theta_000007,fulltheta_smoke::theta_alpha_flow_wait_progress,maze-32-32-4,maze,50,670,1000,0,False,False,,,2199,277.9082,1,0,1522,,,False,,True,b5a183b18079a70d,alpha_commit=1.25|alpha_block=1.25|alpha_wait_spillover=0.75|rho_decay=0.94999999999999996|force_additive=0|enable_dual_channel=1|alpha_cong_commit_progress=1.25|alpha_cong_commit_nonprogress=1.25|alpha_cong_block=1.25|alpha_cong_wait_progress=0.75|alpha_cong_wait_nonprogress=0.75|alpha_flow_commit_progress=1|alpha_flow_wait_progress=1.2|rho_cong_decay=0.94999999999999996|rho_flow_decay=1|lambda_cong=1|lambda_flow=1|min_edge_cost=1|max_edge_cost=11|goal_projection_mode=flow_shield|flow_shield_beta=0.34999999999999998|max_flow_shield=0.75,14650fb0739d0383,1.25,1.25,1.25,0.75,0.75,1,1.2,0.95,1,1,1,0.35,0.75,1,11,1,0,0,1,0,0,50,25,0,1522,30.44,0,1,0,0,0.02,0.5,0.25,1,0.3,False,False,False,False,False,True
g547_fulltheta_smoke_00000428,new_g547_fulltheta_counterfactual_update_probe_solver_row,True,True,maze-32-32-4|50|670|25|0|14650fb0739d0383,maze-32-32-4|a50|s670|it0|g547_fulltheta_smoke_maze_32_32_4_a50_s670_b1000,generated_theta::repair5g547_theta_000008,repair5g547_theta_000008,repair5g547_theta_000008,fulltheta_smoke::theta_min_edge_cost,maze-32-32-4,maze,50,670,1000,0,False,False,,,2199,263.7106,1,0,1522,,,False,,True,ef8f0d160cc2a725,alpha_commit=1.25|alpha_block=1.25|alpha_wait_spillover=0.75|rho_decay=0.94999999999999996|force_additive=0|enable_dual_channel=1|alpha_cong_commit_progress=1.25|alpha_cong_commit_nonprogress=1.25|alpha_cong_block=1.25|alpha_cong_wait_progress=0.75|alpha_cong_wait_nonprogress=0.75|alpha_flow_commit_progress=1|alpha_flow_wait_progress=1|rho_cong_decay=0.94999999999999996|rho_flow_decay=1|lambda_cong=1|lambda_flow=1|min_edge_cost=0.25|max_edge_cost=11|goal_projection_mode=flow_shield|flow_shield_beta=0.34999999999999998|max_flow_shield=0.75,14650fb0739d0383,1.25,1.25,1.25,0.75,0.75,1,1,0.95,1,1,1,0.35,0.75,0.25,11,1,0,0,1,0,0,50,25,0,1522,30.44,0,1,0,0,0.02,0.5,0.25,1,0.3,False,False,False,False,False,True
g547_fulltheta_smoke_00000429,new_g547_fulltheta_counterfactual_update_probe_solver_row,True,True,maze-32-32-4|50|670|25|0|14650fb0739d0383,maze-32-32-4|a50|s670|it0|g547_fulltheta_smoke_maze_32_32_4_a50_s670_b1000,generated_theta::repair5g547_theta_000009,repair5g547_theta_000009,repair5g547_theta_000009,fulltheta_smoke::theta_min_edge_cost,maze-32-32-4,maze,50,670,1000,0,False,False,,,2199,296.7397,1,0,1522,,,False,,True,e30a75611aecfe79,alpha_commit=1.25|alpha_block=1.25|alpha_wait_spillover=0.75|rho_decay=0.94999999999999996|force_additive=0|enable_dual_channel=1|alpha_cong_commit_progress=1.25|alpha_cong_commit_nonprogress=1.25|alpha_cong_block=1.25|alpha_cong_wait_progress=0.75|alpha_cong_wait_nonprogress=0.75|alpha_flow_commit_progress=1|alpha_flow_wait_progress=1|rho_cong_decay=0.94999999999999996|rho_flow_decay=1|lambda_cong=1|lambda_flow=1|min_edge_cost=1|max_edge_cost=11|goal_projection_mode=flow_shield|flow_shield_beta=0.34999999999999998|max_flow_shield=0.75,14650fb0739d0383,1.25,1.25,1.25,0.75,0.75,1,1,0.95,1,1,1,0.35,0.75,1,11,1,0,0,1,0,0,50,25,0,1522,30.44,0,1,0,0,0.02,0.5,0.25,1,0.3,False,False,False,False,False,True
g547_fulltheta_smoke_00000430,new_g547_fulltheta_counterfactual_update_probe_solver_row,True,True,maze-32-32-4|50|670|25|0|14650fb0739d0383,maze-32-32-4|a50|s670|it0|g547_fulltheta_smoke_maze_32_32_4_a50_s670_b1000,generated_theta::repair5g547_theta_000010,repair5g547_theta_000010,repair5g547_theta_000010,fulltheta_smoke::theta_max_edge_cost,maze-32-32-4,maze,50,670,1000,0,False,False,,,2199,288.3899,1,0,1522,,,False,,True,7a35172bbc1b94cb,alpha_commit=1.25|alpha_block=1.25|alpha_wait_spillover=0.75|rho_decay=0.94999999999999996|force_additive=0|enable_dual_channel=1|alpha_cong_commit_progress=1.25|alpha_cong_commit_nonprogress=1.25|alpha_cong_block=1.25|alpha_cong_wait_progress=0.75|alpha_cong_wait_nonprogress=0.75|alpha_flow_commit_progress=1|alpha_flow_wait_progress=1|rho_cong_decay=0.94999999999999996|rho_flow_decay=1|lambda_cong=1|lambda_flow=1|min_edge_cost=1|max_edge_cost=8|goal_projection_mode=flow_shield|flow_shield_beta=0.34999999999999998|max_flow_shield=0.75,14650fb0739d0383,1.25,1.25,1.25,0.75,0.75,1,1,0.95,1,1,1,0.35,0.75,1,8,1,0,0,1,0,0,50,25,0,1522,30.44,0,1,0,0,0.02,0.5,0.25,1,0.3,False,False,False,False,False,True
g547_fulltheta_smoke_00000431,new_g547_fulltheta_counterfactual_update_probe_solver_row,True,True,maze-32-32-4|50|670|25|0|14650fb0739d0383,maze-32-32-4|a50|s670|it0|g547_fulltheta_smoke_maze_32_32_4_a50_s670_b1000,generated_theta::repair5g547_theta_000011,repair5g547_theta_000011,repair5g547_theta_000011,fulltheta_smoke::theta_max_edge_cost,maze-32-32-4,maze,50,670,1000,0,False,False,,,2199,289.607,1,0,1522,,,False,,True,35d66dc1ec012cc6,alpha_commit=1.25|alpha_block=1.25|alpha_wait_spillover=0.75|rho_decay=0.94999999999999996|force_additive=0|enable_dual_channel=1|alpha_cong_commit_progress=1.25|alpha_cong_commit_nonprogress=1.25|alpha_cong_block=1.25|alpha_cong_wait_progress=0.75|alpha_cong_wait_nonprogress=0.75|alpha_flow_commit_progress=1|alpha_flow_wait_progress=1|rho_cong_decay=0.94999999999999996|rho_flow_decay=1|lambda_cong=1|lambda_flow=1|min_edge_cost=1|max_edge_cost=12|goal_projection_mode=flow_shield|flow_shield_beta=0.34999999999999998|max_flow_shield=0.75,14650fb0739d0383,1.25,1.25,1.25,0.75,0.75,1,1,0.95,1,1,1,0.35,0.75,1,12,1,0,0,1,0,0,50,25,0,1522,30.44,0,1,0,0,0.02,0.5,0.25,1,0.3,False,False,False,False,False,True
g547_fulltheta_smoke_00000432,new_g547_fulltheta_counterfactual_update_probe_solver_row,True,True,maze-32-32-4|50|670|25|0|14650fb0739d0383,maze-32-32-4|a50|s670|it0|g547_fulltheta_smoke_maze_32_32_4_a50_s670_b1000,generated_theta::repair5g547_theta_000012,repair5g547_theta_000012,repair5g547_theta_000012,fulltheta_smoke::goal_projection_mode,maze-32-32-4,maze,50,670,1000,0,False,False,,,2199,253.1928,1,0,1522,,,False,,True,e30a75611aecfe79,alpha_commit=1.25|alpha_block=1.25|alpha_wait_spillover=0.75|rho_decay=0.94999999999999996|force_additive=0|enable_dual_channel=1|alpha_cong_commit_progress=1.25|alpha_cong_commit_nonprogress=1.25|alpha_cong_block=1.25|alpha_cong_wait_progress=0.75|alpha_cong_wait_nonprogress=0.75|alpha_flow_commit_progress=1|alpha_flow_wait_progress=1|rho_cong_decay=0.94999999999999996|rho_flow_decay=1|lambda_cong=1|lambda_flow=1|min_edge_cost=1|max_edge_cost=11|goal_projection_mode=flow_shield|flow_shield_beta=0.34999999999999998|max_flow_shield=0.75,14650fb0739d0383,1.25,1.25,1.25,0.75,0.75,1,1,0.95,1,1,1,0.35,0.75,1,11,1,0,0,1,0,0,50,25,0,1522,30.44,0,1,0,0,0.02,0.5,0.25,1,0.3,False,False,False,False,False,True
g547_fulltheta_smoke_00000433,new_g547_fulltheta_counterfactual_update_probe_solver_row,True,True,maze-32-32-4|50|670|25|0|14650fb0739d0383,maze-32-32-4|a50|s670|it0|g547_fulltheta_smoke_maze_32_32_4_a50_s670_b1000,generated_theta::repair5g547_theta_000013,repair5g547_theta_000013,repair5g547_theta_000013,fulltheta_smoke::goal_projection_mode,maze-32-32-4,maze,50,670,1000,0,False,False,,,2199,241.623,1,0,1522,,,False,,True,562c13d7a176a2bc,alpha_commit=1.25|alpha_block=1.25|alpha_wait_spillover=0.75|rho_decay=0.94999999999999996|force_additive=0|enable_dual_channel=1|alpha_cong_commit_progress=1.25|alpha_cong_commit_nonprogress=1.25|alpha_cong_block=1.25|alpha_cong_wait_progress=0.75|alpha_cong_wait_nonprogress=0.75|alpha_flow_commit_progress=1|alpha_flow_wait_progress=1|rho_cong_decay=0.94999999999999996|rho_flow_decay=1|lambda_cong=1|lambda_flow=1|min_edge_cost=1|max_edge_cost=11|goal_projection_mode=agent_progress|flow_shield_beta=0.34999999999999998|max_flow_shield=0.75,14650fb0739d0383,1.25,1.25,1.25,0.75,0.75,1,1,0.95,1,1,1,0.35,0.75,1,11,0,1,0,1,0,0,50,25,0,1522,30.44,0,1,0,0,0.02,0.5,0.25,1,0.3,False,False,False,False,False,True
g547_fulltheta_smoke_00000434,new_g547_fulltheta_counterfactual_update_probe_solver_row,True,True,maze-32-32-4|50|670|25|0|14650fb0739d0383,maze-32-32-4|a50|s670|it0|g547_fulltheta_smoke_maze_32_32_4_a50_s670_b1000,generated_theta::repair5g547_theta_000014,repair5g547_theta_000014,repair5g547_theta_000014,fulltheta_smoke::goal_projection_mode,maze-32-32-4,maze,50,670,1000,0,False,False,,,2199,250.399,1,0,1522,,,False,,True,b96f092bbcb39893,alpha_commit=1.25|alpha_block=1.25|alpha_wait_spillover=0.75|rho_decay=0.94999999999999996|force_additive=0|enable_dual_channel=1|alpha_cong_commit_progress=1.25|alpha_cong_commit_nonprogress=1.25|alpha_cong_block=1.25|alpha_cong_wait_progress=0.75|alpha_cong_wait_nonprogress=0.75|alpha_flow_commit_progress=1|alpha_flow_wait_progress=1|rho_cong_decay=0.94999999999999996|rho_flow_decay=1|lambda_cong=1|lambda_flow=1|min_edge_cost=1|max_edge_cost=11|goal_projection_mode=none|flow_shield_beta=0.34999999999999998|max_flow_shield=0.75,14650fb0739d0383,1.25,1.25,1.25,0.75,0.75,1,1,0.95,1,1,1,0.35,0.75,1,11,0,0,1,1,0,0,50,25,0,1522,30.44,0,1,0,0,0.02,0.5,0.25,1,0.3,False,False,False,False,False,True
g547_fulltheta_smoke_00000435,new_g547_fulltheta_counterfactual_update_probe_solver_row,True,True,maze-32-32-4|50|670|25|0|14650fb0739d0383,maze-32-32-4|a50|s670|it0|g547_fulltheta_smoke_maze_32_32_4_a50_s670_b1000,generated_theta::repair5g547_theta_000015,repair5g547_theta_000015,repair5g547_theta_000015,fulltheta_smoke::theta_alpha_cong_commit_nonprogress,maze-32-32-4,maze,50,670,1000,0,False,False,,,2199,344.3858,1,0,1522,,,False,,True,95eced852605b4c7,alpha_commit=0.5|alpha_block=1.25|alpha_wait_spillover=0.75|rho_decay=0.94999999999999996|force_additive=0|enable_dual_channel=1|alpha_cong_commit_progress=1.25|alpha_cong_commit_nonprogress=0.5|alpha_cong_block=1.25|alpha_cong_wait_progress=0.75|alpha_cong_wait_nonprogress=0.75|alpha_flow_commit_progress=1|alpha_flow_wait_progress=1|rho_cong_decay=0.94999999999999996|rho_flow_decay=1|lambda_cong=1|lambda_flow=1|min_edge_cost=1|max_edge_cost=11|goal_projection_mode=flow_shield|flow_shield_beta=0.34999999999999998|max_flow_shield=0.75,14650fb0739d0383,1.25,0.5,1.25,0.75,0.75,1,1,0.95,1,1,1,0.35,0.75,1,11,1,0,0,1,0,0,50,25,0,1522,30.44,0,1,0,0,0.02,0.5,0.25,1,0.3,False,False,False,False,False,True
g547_fulltheta_smoke_00000436,new_g547_fulltheta_counterfactual_update_probe_solver_row,True,True,maze-32-32-4|50|670|25|0|14650fb0739d0383,maze-32-32-4|a50|s670|it0|g547_fulltheta_smoke_maze_32_32_4_a50_s670_b1000,generated_theta::repair5g547_theta_000016,repair5g547_theta_000016,repair5g547_theta_000016,fulltheta_smoke::theta_alpha_cong_commit_nonprogress,maze-32-32-4,maze,50,670,1000,0,False,False,,,2199,311.6846,1,0,1522,,,False,,True,2a15243280de3947,alpha_commit=1.75|alpha_block=1.25|alpha_wait_spillover=0.75|rho_decay=0.94999999999999996|force_additive=0|enable_dual_channel=1|alpha_cong_commit_progress=1.25|alpha_cong_commit_nonprogress=1.75|alpha_cong_block=1.25|alpha_cong_wait_progress=0.75|alpha_cong_wait_nonprogress=0.75|alpha_flow_commit_progress=1|alpha_flow_wait_progress=1|rho_cong_decay=0.94999999999999996|rho_flow_decay=1|lambda_cong=1|lambda_flow=1|min_edge_cost=1|max_edge_cost=11|goal_projection_mode=flow_shield|flow_shield_beta=0.34999999999999998|max_flow_shield=0.75,14650fb0739d0383,1.25,1.75,1.25,0.75,0.75,1,1,0.95,1,1,1,0.35,0.75,1,11,1,0,0,1,0,0,50,25,0,1522,30.44,0,1,0,0,0.02,0.5,0.25,1,0.3,False,False,False,False,False,True
g547_fulltheta_smoke_00000437,new_g547_fulltheta_counterfactual_update_probe_solver_row,True,True,maze-32-32-4|50|670|25|0|14650fb0739d0383,maze-32-32-4|a50|s670|it0|g547_fulltheta_smoke_maze_32_32_4_a50_s670_b2000,additive_ltm,repair5g59_additive_fallback,repair5g59_additive_fallback,baseline,maze-32-32-4,maze,50,670,2000,0,False,False,,,2199,152.7439,1,0,1643,,,False,,True,35049bacad216c02,alpha_commit=1|alpha_block=1|alpha_wait_spillover=1|rho_decay=1|force_additive=1|enable_dual_channel=0|alpha_cong_commit_progress=0|alpha_cong_commit_nonprogress=1|alpha_cong_block=1|alpha_cong_wait_progress=1|alpha_cong_wait_nonprogress=1|alpha_flow_commit_progress=0|alpha_flow_wait_progress=0|rho_cong_decay=1|rho_flow_decay=1|lambda_cong=1|lambda_flow=0|min_edge_cost=0.25|max_edge_cost=11|goal_projection_mode=none|flow_shield_beta=0|max_flow_shield=0,14650fb0739d0383,0,1,1,1,1,0,0,1,1,1,0,0,0.25,0.25,11,0,0,1,1,0,0,50,25,0,1643,32.86,0,1,0,0,0.02,0.5,0.25,1,0.3,False,False,False,False,False,True
g547_fulltheta_smoke_00000438,new_g547_fulltheta_counterfactual_update_probe_solver_row,True,True,maze-32-32-4|50|670|25|0|14650fb0739d0383,maze-32-32-4|a50|s670|it0|g547_fulltheta_smoke_maze_32_32_4_a50_s670_b2000,static_flow_shield,repair5g59_static_flow_shield,repair5g59_static_flow_shield,baseline,maze-32-32-4,maze,50,670,2000,0,False,False,,,2199,231.3876,1,0,1643,,,False,,True,29737bed70c56f0d,alpha_commit=1.25|alpha_block=1.25|alpha_wait_spillover=0.75|rho_decay=0.94999999999999996|force_additive=0|enable_dual_channel=1|alpha_cong_commit_progress=1.25|alpha_cong_commit_nonprogress=1.25|alpha_cong_block=1.25|alpha_cong_wait_progress=0.75|alpha_cong_wait_nonprogress=0.75|alpha_flow_commit_progress=1|alpha_flow_wait_progress=0|rho_cong_decay=0.94999999999999996|rho_flow_decay=1|lambda_cong=1|lambda_flow=0|min_edge_cost=1|max_edge_cost=11|goal_projection_mode=flow_shield|flow_shield_beta=0.34999999999999998|max_flow_shield=0.75,14650fb0739d0383,1.25,1.25,1.25,0.75,0.75,1,1,0.95,1,1,1,0.35,0.75,1,11,1,0,0,1,0,0,50,25,0,1643,32.86,0,1,0,0,0.02,0.5,0.25,1,0.3,False,False,False,False,False,True
g547_fulltheta_smoke_00000439,new_g547_fulltheta_counterfactual_update_probe_solver_row,True,True,maze-32-32-4|50|670|25|0|14650fb0739d0383,maze-32-32-4|a50|s670|it0|g547_fulltheta_smoke_maze_32_32_4_a50_s670_b2000,frozen_family_static_goal_aware,repair5g59_high_beta_cap_safe,repair5g59_high_beta_cap_safe,baseline,maze-32-32-4,maze,50,670,2000,0,False,False,,,2199,217.4691,1,0,1643,,,False,,True,fbcf27bf34de68c,alpha_commit=1.25|alpha_block=1.25|alpha_wait_spillover=0.75|rho_decay=0.94999999999999996|force_additive=0|enable_dual_channel=1|alpha_cong_commit_progress=1.25|alpha_cong_commit_nonprogress=1.25|alpha_cong_block=1.25|alpha_cong_wait_progress=0.75|alpha_cong_wait_nonprogress=0.75|alpha_flow_commit_progress=1|alpha_flow_wait_progress=0|rho_cong_decay=0.94999999999999996|rho_flow_decay=1|lambda_cong=1|lambda_flow=0|min_edge_cost=1|max_edge_cost=11|goal_projection_mode=flow_shield|flow_shield_beta=0.59999999999999998|max_flow_shield=0.75,14650fb0739d0383,1.25,1.25,1.25,0.75,0.75,1,1,0.95,1,1,1,0.6,0.75,1,11,1,0,0,1,0,0,50,25,0,1643,32.86,0,1,0,0,0.02,0.5,0.25,1,0.3,False,False,False,False,False,True
g547_fulltheta_smoke_00000440,new_g547_fulltheta_counterfactual_update_probe_solver_row,True,True,maze-32-32-4|50|670|25|0|14650fb0739d0383,maze-32-32-4|a50|s670|it0|g547_fulltheta_smoke_maze_32_32_4_a50_s670_b2000,generated_theta::repair5g547_theta_000001,repair5g547_theta_000001,repair5g547_theta_000001,fulltheta_smoke::all_fields_reference,maze-32-32-4,maze,50,670,2000,0,False,False,,,2199,228.7455,1,0,1643,,,False,,True,e30a75611aecfe79,alpha_commit=1.25|alpha_block=1.25|alpha_wait_spillover=0.75|rho_decay=0.94999999999999996|force_additive=0|enable_dual_channel=1|alpha_cong_commit_progress=1.25|alpha_cong_commit_nonprogress=1.25|alpha_cong_block=1.25|alpha_cong_wait_progress=0.75|alpha_cong_wait_nonprogress=0.75|alpha_flow_commit_progress=1|alpha_flow_wait_progress=1|rho_cong_decay=0.94999999999999996|rho_flow_decay=1|lambda_cong=1|lambda_flow=1|min_edge_cost=1|max_edge_cost=11|goal_projection_mode=flow_shield|flow_shield_beta=0.34999999999999998|max_flow_shield=0.75,14650fb0739d0383,1.25,1.25,1.25,0.75,0.75,1,1,0.95,1,1,1,0.35,0.75,1,11,1,0,0,1,0,0,50,25,0,1643,32.86,0,1,0,0,0.02,0.5,0.25,1,0.3,False,False,False,False,False,True
g547_fulltheta_smoke_00000441,new_g547_fulltheta_counterfactual_update_probe_solver_row,True,True,maze-32-32-4|50|670|25|0|14650fb0739d0383,maze-32-32-4|a50|s670|it0|g547_fulltheta_smoke_maze_32_32_4_a50_s670_b2000,generated_theta::repair5g547_theta_000002,repair5g547_theta_000002,repair5g547_theta_000002,fulltheta_smoke::theta_lambda_flow,maze-32-32-4,maze,50,670,2000,0,False,False,,,2199,231.444,1,0,1643,,,False,,True,a4814b677c6d1180,alpha_commit=1.25|alpha_block=1.25|alpha_wait_spillover=0.75|rho_decay=0.94999999999999996|force_additive=0|enable_dual_channel=1|alpha_cong_commit_progress=1.25|alpha_cong_commit_nonprogress=1.25|alpha_cong_block=1.25|alpha_cong_wait_progress=0.75|alpha_cong_wait_nonprogress=0.75|alpha_flow_commit_progress=1|alpha_flow_wait_progress=1|rho_cong_decay=0.94999999999999996|rho_flow_decay=1|lambda_cong=1|lambda_flow=0.10000000000000001|min_edge_cost=1|max_edge_cost=11|goal_projection_mode=flow_shield|flow_shield_beta=0.34999999999999998|max_flow_shield=0.75,14650fb0739d0383,1.25,1.25,1.25,0.75,0.75,1,1,0.95,1,1,0.1,0.35,0.75,1,11,1,0,0,1,0,0,50,25,0,1643,32.86,0,1,0,0,0.02,0.5,0.25,1,0.3,False,False,False,False,False,True
g547_fulltheta_smoke_00000442,new_g547_fulltheta_counterfactual_update_probe_solver_row,True,True,maze-32-32-4|50|670|25|0|14650fb0739d0383,maze-32-32-4|a50|s670|it0|g547_fulltheta_smoke_maze_32_32_4_a50_s670_b2000,generated_theta::repair5g547_theta_000003,repair5g547_theta_000003,repair5g547_theta_000003,fulltheta_smoke::theta_lambda_flow,maze-32-32-4,maze,50,670,2000,0,False,False,,,2199,245.8926,1,0,1643,,,False,,True,8584e99b6c1a5647,alpha_commit=1.25|alpha_block=1.25|alpha_wait_spillover=0.75|rho_decay=0.94999999999999996|force_additive=0|enable_dual_channel=1|alpha_cong_commit_progress=1.25|alpha_cong_commit_nonprogress=1.25|alpha_cong_block=1.25|alpha_cong_wait_progress=0.75|alpha_cong_wait_nonprogress=0.75|alpha_flow_commit_progress=1|alpha_flow_wait_progress=1|rho_cong_decay=0.94999999999999996|rho_flow_decay=1|lambda_cong=1|lambda_flow=1.3999999999999999|min_edge_cost=1|max_edge_cost=11|goal_projection_mode=flow_shield|flow_shield_beta=0.34999999999999998|max_flow_shield=0.75,14650fb0739d0383,1.25,1.25,1.25,0.75,0.75,1,1,0.95,1,1,1.4,0.35,0.75,1,11,1,0,0,1,0,0,50,25,0,1643,32.86,0,1,0,0,0.02,0.5,0.25,1,0.3,False,False,False,False,False,True
g547_fulltheta_smoke_00000443,new_g547_fulltheta_counterfactual_update_probe_solver_row,True,True,maze-32-32-4|50|670|25|0|14650fb0739d0383,maze-32-32-4|a50|s670|it0|g547_fulltheta_smoke_maze_32_32_4_a50_s670_b2000,generated_theta::repair5g547_theta_000004,repair5g547_theta_000004,repair5g547_theta_000004,fulltheta_smoke::theta_lambda_cong,maze-32-32-4,maze,50,670,2000,0,False,False,,,2199,228.2151,1,0,1643,,,False,,True,b5442e0c6c6741b0,alpha_commit=1.25|alpha_block=1.25|alpha_wait_spillover=0.75|rho_decay=0.94999999999999996|force_additive=0|enable_dual_channel=1|alpha_cong_commit_progress=1.25|alpha_cong_commit_nonprogress=1.25|alpha_cong_block=1.25|alpha_cong_wait_progress=0.75|alpha_cong_wait_nonprogress=0.75|alpha_flow_commit_progress=1|alpha_flow_wait_progress=1|rho_cong_decay=0.94999999999999996|rho_flow_decay=1|lambda_cong=0.59999999999999998|lambda_flow=1|min_edge_cost=1|max_edge_cost=11|goal_projection_mode=flow_shield|flow_shield_beta=0.34999999999999998|max_flow_shield=0.75,14650fb0739d0383,1.25,1.25,1.25,0.75,0.75,1,1,0.95,1,0.6,1,0.35,0.75,1,11,1,0,0,1,0,0,50,25,0,1643,32.86,0,1,0,0,0.02,0.5,0.25,1,0.3,False,False,False,False,False,True
g547_fulltheta_smoke_00000444,new_g547_fulltheta_counterfactual_update_probe_solver_row,True,True,maze-32-32-4|50|670|25|0|14650fb0739d0383,maze-32-32-4|a50|s670|it0|g547_fulltheta_smoke_maze_32_32_4_a50_s670_b2000,generated_theta::repair5g547_theta_000005,repair5g547_theta_000005,repair5g547_theta_000005,fulltheta_smoke::theta_lambda_cong,maze-32-32-4,maze,50,670,2000,0,False,False,,,2199,246.1111,1,0,1643,,,False,,True,77f3f55aa954d3f,alpha_commit=1.25|alpha_block=1.25|alpha_wait_spillover=0.75|rho_decay=0.94999999999999996|force_additive=0|enable_dual_channel=1|alpha_cong_commit_progress=1.25|alpha_cong_commit_nonprogress=1.25|alpha_cong_block=1.25|alpha_cong_wait_progress=0.75|alpha_cong_wait_nonprogress=0.75|alpha_flow_commit_progress=1|alpha_flow_wait_progress=1|rho_cong_decay=0.94999999999999996|rho_flow_decay=1|lambda_cong=1.3999999999999999|lambda_flow=1|min_edge_cost=1|max_edge_cost=11|goal_projection_mode=flow_shield|flow_shield_beta=0.34999999999999998|max_flow_shield=0.75,14650fb0739d0383,1.25,1.25,1.25,0.75,0.75,1,1,0.95,1,1.4,1,0.35,0.75,1,11,1,0,0,1,0,0,50,25,0,1643,32.86,0,1,0,0,0.02,0.5,0.25,1,0.3,False,False,False,False,False,True
g547_fulltheta_smoke_00000445,new_g547_fulltheta_counterfactual_update_probe_solver_row,True,True,maze-32-32-4|50|670|25|0|14650fb0739d0383,maze-32-32-4|a50|s670|it0|g547_fulltheta_smoke_maze_32_32_4_a50_s670_b2000,generated_theta::repair5g547_theta_000006,repair5g547_theta_000006,repair5g547_theta_000006,fulltheta_smoke::theta_alpha_flow_wait_progress,maze-32-32-4,maze,50,670,2000,0,False,False,,,2199,259.2693,1,0,1643,,,False,,True,29c4ecda70affb5a,alpha_commit=1.25|alpha_block=1.25|alpha_wait_spillover=0.75|rho_decay=0.94999999999999996|force_additive=0|enable_dual_channel=1|alpha_cong_commit_progress=1.25|alpha_cong_commit_nonprogress=1.25|alpha_cong_block=1.25|alpha_cong_wait_progress=0.75|alpha_cong_wait_nonprogress=0.75|alpha_flow_commit_progress=1|alpha_flow_wait_progress=0|rho_cong_decay=0.94999999999999996|rho_flow_decay=1|lambda_cong=1|lambda_flow=1|min_edge_cost=1|max_edge_cost=11|goal_projection_mode=flow_shield|flow_shield_beta=0.34999999999999998|max_flow_shield=0.75,14650fb0739d0383,1.25,1.25,1.25,0.75,0.75,1,0,0.95,1,1,1,0.35,0.75,1,11,1,0,0,1,0,0,50,25,0,1643,32.86,0,1,0,0,0.02,0.5,0.25,1,0.3,False,False,False,False,False,True
g547_fulltheta_smoke_00000446,new_g547_fulltheta_counterfactual_update_probe_solver_row,True,True,maze-32-32-4|50|670|25|0|14650fb0739d0383,maze-32-32-4|a50|s670|it0|g547_fulltheta_smoke_maze_32_32_4_a50_s670_b2000,generated_theta::repair5g547_theta_000007,repair5g547_theta_000007,repair5g547_theta_000007,fulltheta_smoke::theta_alpha_flow_wait_progress,maze-32-32-4,maze,50,670,2000,0,False,False,,,2199,311.8928,1,0,1643,,,False,,True,b5a183b18079a70d,alpha_commit=1.25|alpha_block=1.25|alpha_wait_spillover=0.75|rho_decay=0.94999999999999996|force_additive=0|enable_dual_channel=1|alpha_cong_commit_progress=1.25|alpha_cong_commit_nonprogress=1.25|alpha_cong_block=1.25|alpha_cong_wait_progress=0.75|alpha_cong_wait_nonprogress=0.75|alpha_flow_commit_progress=1|alpha_flow_wait_progress=1.2|rho_cong_decay=0.94999999999999996|rho_flow_decay=1|lambda_cong=1|lambda_flow=1|min_edge_cost=1|max_edge_cost=11|goal_projection_mode=flow_shield|flow_shield_beta=0.34999999999999998|max_flow_shield=0.75,14650fb0739d0383,1.25,1.25,1.25,0.75,0.75,1,1.2,0.95,1,1,1,0.35,0.75,1,11,1,0,0,1,0,0,50,25,0,1643,32.86,0,1,0,0,0.02,0.5,0.25,1,0.3,False,False,False,False,False,True
g547_fulltheta_smoke_00000447,new_g547_fulltheta_counterfactual_update_probe_solver_row,True,True,maze-32-32-4|50|670|25|0|14650fb0739d0383,maze-32-32-4|a50|s670|it0|g547_fulltheta_smoke_maze_32_32_4_a50_s670_b2000,generated_theta::repair5g547_theta_000008,repair5g547_theta_000008,repair5g547_theta_000008,fulltheta_smoke::theta_min_edge_cost,maze-32-32-4,maze,50,670,2000,0,False,False,,,2199,275.9455,1,0,1643,,,False,,True,ef8f0d160cc2a725,alpha_commit=1.25|alpha_block=1.25|alpha_wait_spillover=0.75|rho_decay=0.94999999999999996|force_additive=0|enable_dual_channel=1|alpha_cong_commit_progress=1.25|alpha_cong_commit_nonprogress=1.25|alpha_cong_block=1.25|alpha_cong_wait_progress=0.75|alpha_cong_wait_nonprogress=0.75|alpha_flow_commit_progress=1|alpha_flow_wait_progress=1|rho_cong_decay=0.94999999999999996|rho_flow_decay=1|lambda_cong=1|lambda_flow=1|min_edge_cost=0.25|max_edge_cost=11|goal_projection_mode=flow_shield|flow_shield_beta=0.34999999999999998|max_flow_shield=0.75,14650fb0739d0383,1.25,1.25,1.25,0.75,0.75,1,1,0.95,1,1,1,0.35,0.75,0.25,11,1,0,0,1,0,0,50,25,0,1643,32.86,0,1,0,0,0.02,0.5,0.25,1,0.3,False,False,False,False,False,True
g547_fulltheta_smoke_00000448,new_g547_fulltheta_counterfactual_update_probe_solver_row,True,True,maze-32-32-4|50|670|25|0|14650fb0739d0383,maze-32-32-4|a50|s670|it0|g547_fulltheta_smoke_maze_32_32_4_a50_s670_b2000,generated_theta::repair5g547_theta_000009,repair5g547_theta_000009,repair5g547_theta_000009,fulltheta_smoke::theta_min_edge_cost,maze-32-32-4,maze,50,670,2000,0,False,False,,,2199,289.399,1,0,1643,,,False,,True,e30a75611aecfe79,alpha_commit=1.25|alpha_block=1.25|alpha_wait_spillover=0.75|rho_decay=0.94999999999999996|force_additive=0|enable_dual_channel=1|alpha_cong_commit_progress=1.25|alpha_cong_commit_nonprogress=1.25|alpha_cong_block=1.25|alpha_cong_wait_progress=0.75|alpha_cong_wait_nonprogress=0.75|alpha_flow_commit_progress=1|alpha_flow_wait_progress=1|rho_cong_decay=0.94999999999999996|rho_flow_decay=1|lambda_cong=1|lambda_flow=1|min_edge_cost=1|max_edge_cost=11|goal_projection_mode=flow_shield|flow_shield_beta=0.34999999999999998|max_flow_shield=0.75,14650fb0739d0383,1.25,1.25,1.25,0.75,0.75,1,1,0.95,1,1,1,0.35,0.75,1,11,1,0,0,1,0,0,50,25,0,1643,32.86,0,1,0,0,0.02,0.5,0.25,1,0.3,False,False,False,False,False,True
g547_fulltheta_smoke_00000449,new_g547_fulltheta_counterfactual_update_probe_solver_row,True,True,maze-32-32-4|50|670|25|0|14650fb0739d0383,maze-32-32-4|a50|s670|it0|g547_fulltheta_smoke_maze_32_32_4_a50_s670_b2000,generated_theta::repair5g547_theta_000010,repair5g547_theta_000010,repair5g547_theta_000010,fulltheta_smoke::theta_max_edge_cost,maze-32-32-4,maze,50,670,2000,0,False,False,,,2199,288.3444,1,0,1643,,,False,,True,7a35172bbc1b94cb,alpha_commit=1.25|alpha_block=1.25|alpha_wait_spillover=0.75|rho_decay=0.94999999999999996|force_additive=0|enable_dual_channel=1|alpha_cong_commit_progress=1.25|alpha_cong_commit_nonprogress=1.25|alpha_cong_block=1.25|alpha_cong_wait_progress=0.75|alpha_cong_wait_nonprogress=0.75|alpha_flow_commit_progress=1|alpha_flow_wait_progress=1|rho_cong_decay=0.94999999999999996|rho_flow_decay=1|lambda_cong=1|lambda_flow=1|min_edge_cost=1|max_edge_cost=8|goal_projection_mode=flow_shield|flow_shield_beta=0.34999999999999998|max_flow_shield=0.75,14650fb0739d0383,1.25,1.25,1.25,0.75,0.75,1,1,0.95,1,1,1,0.35,0.75,1,8,1,0,0,1,0,0,50,25,0,1643,32.86,0,1,0,0,0.02,0.5,0.25,1,0.3,False,False,False,False,False,True
g547_fulltheta_smoke_00000450,new_g547_fulltheta_counterfactual_update_probe_solver_row,True,True,maze-32-32-4|50|670|25|0|14650fb0739d0383,maze-32-32-4|a50|s670|it0|g547_fulltheta_smoke_maze_32_32_4_a50_s670_b2000,generated_theta::repair5g547_theta_000011,repair5g547_theta_000011,repair5g547_theta_000011,fulltheta_smoke::theta_max_edge_cost,maze-32-32-4,maze,50,670,2000,0,False,False,,,2199,328.8791,1,0,1643,,,False,,True,35d66dc1ec012cc6,alpha_commit=1.25|alpha_block=1.25|alpha_wait_spillover=0.75|rho_decay=0.94999999999999996|force_additive=0|enable_dual_channel=1|alpha_cong_commit_progress=1.25|alpha_cong_commit_nonprogress=1.25|alpha_cong_block=1.25|alpha_cong_wait_progress=0.75|alpha_cong_wait_nonprogress=0.75|alpha_flow_commit_progress=1|alpha_flow_wait_progress=1|rho_cong_decay=0.94999999999999996|rho_flow_decay=1|lambda_cong=1|lambda_flow=1|min_edge_cost=1|max_edge_cost=12|goal_projection_mode=flow_shield|flow_shield_beta=0.34999999999999998|max_flow_shield=0.75,14650fb0739d0383,1.25,1.25,1.25,0.75,0.75,1,1,0.95,1,1,1,0.35,0.75,1,12,1,0,0,1,0,0,50,25,0,1643,32.86,0,1,0,0,0.02,0.5,0.25,1,0.3,False,False,False,False,False,True
g547_fulltheta_smoke_00000451,new_g547_fulltheta_counterfactual_update_probe_solver_row,True,True,maze-32-32-4|50|670|25|0|14650fb0739d0383,maze-32-32-4|a50|s670|it0|g547_fulltheta_smoke_maze_32_32_4_a50_s670_b2000,generated_theta::repair5g547_theta_000012,repair5g547_theta_000012,repair5g547_theta_000012,fulltheta_smoke::goal_projection_mode,maze-32-32-4,maze,50,670,2000,0,False,False,,,2199,320.0656,1,0,1643,,,False,,True,e30a75611aecfe79,alpha_commit=1.25|alpha_block=1.25|alpha_wait_spillover=0.75|rho_decay=0.94999999999999996|force_additive=0|enable_dual_channel=1|alpha_cong_commit_progress=1.25|alpha_cong_commit_nonprogress=1.25|alpha_cong_block=1.25|alpha_cong_wait_progress=0.75|alpha_cong_wait_nonprogress=0.75|alpha_flow_commit_progress=1|alpha_flow_wait_progress=1|rho_cong_decay=0.94999999999999996|rho_flow_decay=1|lambda_cong=1|lambda_flow=1|min_edge_cost=1|max_edge_cost=11|goal_projection_mode=flow_shield|flow_shield_beta=0.34999999999999998|max_flow_shield=0.75,14650fb0739d0383,1.25,1.25,1.25,0.75,0.75,1,1,0.95,1,1,1,0.35,0.75,1,11,1,0,0,1,0,0,50,25,0,1643,32.86,0,1,0,0,0.02,0.5,0.25,1,0.3,False,False,False,False,False,True
g547_fulltheta_smoke_00000452,new_g547_fulltheta_counterfactual_update_probe_solver_row,True,True,maze-32-32-4|50|670|25|0|14650fb0739d0383,maze-32-32-4|a50|s670|it0|g547_fulltheta_smoke_maze_32_32_4_a50_s670_b2000,generated_theta::repair5g547_theta_000013,repair5g547_theta_000013,repair5g547_theta_000013,fulltheta_smoke::goal_projection_mode,maze-32-32-4,maze,50,670,2000,0,False,False,,,2199,324.4565,1,0,1643,,,False,,True,562c13d7a176a2bc,alpha_commit=1.25|alpha_block=1.25|alpha_wait_spillover=0.75|rho_decay=0.94999999999999996|force_additive=0|enable_dual_channel=1|alpha_cong_commit_progress=1.25|alpha_cong_commit_nonprogress=1.25|alpha_cong_block=1.25|alpha_cong_wait_progress=0.75|alpha_cong_wait_nonprogress=0.75|alpha_flow_commit_progress=1|alpha_flow_wait_progress=1|rho_cong_decay=0.94999999999999996|rho_flow_decay=1|lambda_cong=1|lambda_flow=1|min_edge_cost=1|max_edge_cost=11|goal_projection_mode=agent_progress|flow_shield_beta=0.34999999999999998|max_flow_shield=0.75,14650fb0739d0383,1.25,1.25,1.25,0.75,0.75,1,1,0.95,1,1,1,0.35,0.75,1,11,0,1,0,1,0,0,50,25,0,1643,32.86,0,1,0,0,0.02,0.5,0.25,1,0.3,False,False,False,False,False,True
g547_fulltheta_smoke_00000453,new_g547_fulltheta_counterfactual_update_probe_solver_row,True,True,maze-32-32-4|50|670|25|0|14650fb0739d0383,maze-32-32-4|a50|s670|it0|g547_fulltheta_smoke_maze_32_32_4_a50_s670_b2000,generated_theta::repair5g547_theta_000014,repair5g547_theta_000014,repair5g547_theta_000014,fulltheta_smoke::goal_projection_mode,maze-32-32-4,maze,50,670,2000,0,False,False,,,2199,306.9501,1,0,1643,,,False,,True,b96f092bbcb39893,alpha_commit=1.25|alpha_block=1.25|alpha_wait_spillover=0.75|rho_decay=0.94999999999999996|force_additive=0|enable_dual_channel=1|alpha_cong_commit_progress=1.25|alpha_cong_commit_nonprogress=1.25|alpha_cong_block=1.25|alpha_cong_wait_progress=0.75|alpha_cong_wait_nonprogress=0.75|alpha_flow_commit_progress=1|alpha_flow_wait_progress=1|rho_cong_decay=0.94999999999999996|rho_flow_decay=1|lambda_cong=1|lambda_flow=1|min_edge_cost=1|max_edge_cost=11|goal_projection_mode=none|flow_shield_beta=0.34999999999999998|max_flow_shield=0.75,14650fb0739d0383,1.25,1.25,1.25,0.75,0.75,1,1,0.95,1,1,1,0.35,0.75,1,11,0,0,1,1,0,0,50,25,0,1643,32.86,0,1,0,0,0.02,0.5,0.25,1,0.3,False,False,False,False,False,True
g547_fulltheta_smoke_00000454,new_g547_fulltheta_counterfactual_update_probe_solver_row,True,True,maze-32-32-4|50|670|25|0|14650fb0739d0383,maze-32-32-4|a50|s670|it0|g547_fulltheta_smoke_maze_32_32_4_a50_s670_b2000,generated_theta::repair5g547_theta_000015,repair5g547_theta_000015,repair5g547_theta_000015,fulltheta_smoke::theta_alpha_cong_commit_nonprogress,maze-32-32-4,maze,50,670,2000,0,False,False,,,2199,336.5173,1,0,1643,,,False,,True,95eced852605b4c7,alpha_commit=0.5|alpha_block=1.25|alpha_wait_spillover=0.75|rho_decay=0.94999999999999996|force_additive=0|enable_dual_channel=1|alpha_cong_commit_progress=1.25|alpha_cong_commit_nonprogress=0.5|alpha_cong_block=1.25|alpha_cong_wait_progress=0.75|alpha_cong_wait_nonprogress=0.75|alpha_flow_commit_progress=1|alpha_flow_wait_progress=1|rho_cong_decay=0.94999999999999996|rho_flow_decay=1|lambda_cong=1|lambda_flow=1|min_edge_cost=1|max_edge_cost=11|goal_projection_mode=flow_shield|flow_shield_beta=0.34999999999999998|max_flow_shield=0.75,14650fb0739d0383,1.25,0.5,1.25,0.75,0.75,1,1,0.95,1,1,1,0.35,0.75,1,11,1,0,0,1,0,0,50,25,0,1643,32.86,0,1,0,0,0.02,0.5,0.25,1,0.3,False,False,False,False,False,True
g547_fulltheta_smoke_00000455,new_g547_fulltheta_counterfactual_update_probe_solver_row,True,True,maze-32-32-4|50|670|25|0|14650fb0739d0383,maze-32-32-4|a50|s670|it0|g547_fulltheta_smoke_maze_32_32_4_a50_s670_b2000,generated_theta::repair5g547_theta_000016,repair5g547_theta_000016,repair5g547_theta_000016,fulltheta_smoke::theta_alpha_cong_commit_nonprogress,maze-32-32-4,maze,50,670,2000,0,False,False,,,2199,335.6839,1,0,1643,,,False,,True,2a15243280de3947,alpha_commit=1.75|alpha_block=1.25|alpha_wait_spillover=0.75|rho_decay=0.94999999999999996|force_additive=0|enable_dual_channel=1|alpha_cong_commit_progress=1.25|alpha_cong_commit_nonprogress=1.75|alpha_cong_block=1.25|alpha_cong_wait_progress=0.75|alpha_cong_wait_nonprogress=0.75|alpha_flow_commit_progress=1|alpha_flow_wait_progress=1|rho_cong_decay=0.94999999999999996|rho_flow_decay=1|lambda_cong=1|lambda_flow=1|min_edge_cost=1|max_edge_cost=11|goal_projection_mode=flow_shield|flow_shield_beta=0.34999999999999998|max_flow_shield=0.75,14650fb0739d0383,1.25,1.75,1.25,0.75,0.75,1,1,0.95,1,1,1,0.35,0.75,1,11,1,0,0,1,0,0,50,25,0,1643,32.86,0,1,0,0,0.02,0.5,0.25,1,0.3,False,False,False,False,False,True
