aaai_ready,agents,candidate_id,candidate_recognized,context_id,delta_vs_additive_in_same_context,delta_vs_static_in_same_context,forbidden_feature_audit_passed,is_best_candidate_in_context,iteration,map,method,normalized_context_key,oracle_gap_vs_static,phase5p5_allowed,phase6_allowed,probe_expanded_nodes,probe_feasible,probe_low_level_pibt_calls,probe_lower_bound,probe_runtime_ms,probe_solution_found,probe_sum_of_loss,probe_sum_of_loss_ratio,resolved_candidate_id,scen,schema_version,seed,short_budget_ms,trace_event_count,traffic_before_hash_full,updateparams_fingerprint,updateparams_hash
False,50,repair5g59_additive_fallback,True,maze-32-32-4|a50|s151|it0|repair5g518_batch_C_budget_1000ms_static_context,0,0.0943106099436,True,False,0,maze-32-32-4,repair5g518_batch_C_budget_1000ms_static_context,maze-32-32-4|a50|s151|it0|14650fb0739d0383,-0.00666324961558,False,False,130,True,6450,1951,213.7221,True,2438,1.24961558175,repair5g59_additive_fallback,maze-32-32-4-random-151.scen,phase5p5_repair5g54_counterfactual_update_probe_v1,151,1000,5073,14650fb0739d0383,alpha_commit=1|alpha_block=1|alpha_wait_spillover=1|rho_decay=1|force_additive=1|enable_dual_channel=0|alpha_cong_commit_progress=0|alpha_cong_commit_nonprogress=1|alpha_cong_block=1|alpha_cong_wait_progress=1|alpha_cong_wait_nonprogress=1|alpha_flow_commit_progress=0|alpha_flow_wait_progress=0|rho_cong_decay=1|rho_flow_decay=1|lambda_cong=1|lambda_flow=0|min_edge_cost=0.25|max_edge_cost=11|goal_projection_mode=none|flow_shield_beta=0|max_flow_shield=0,35049bacad216c02
False,50,repair5g59_block_heavy_flow_guard,True,maze-32-32-4|a50|s151|it0|repair5g518_batch_C_budget_1000ms_static_context,-0.087647360328,0.00666324961558,True,False,0,maze-32-32-4,repair5g518_batch_C_budget_1000ms_static_context,maze-32-32-4|a50|s151|it0|14650fb0739d0383,-0.00666324961558,False,False,101,True,5000,1951,315.4701,True,2267,1.16196822142,repair5g59_block_heavy_flow_guard,maze-32-32-4-random-151.scen,phase5p5_repair5g54_counterfactual_update_probe_v1,151,1000,5073,14650fb0739d0383,alpha_commit=1|alpha_block=1.5|alpha_wait_spillover=0.5|rho_decay=0.94999999999999996|force_additive=0|enable_dual_channel=1|alpha_cong_commit_progress=1|alpha_cong_commit_nonprogress=1|alpha_cong_block=1.5|alpha_cong_wait_progress=0.5|alpha_cong_wait_nonprogress=0.5|alpha_flow_commit_progress=1|alpha_flow_wait_progress=0|rho_cong_decay=0.94999999999999996|rho_flow_decay=1|lambda_cong=1|lambda_flow=0|min_edge_cost=1|max_edge_cost=11|goal_projection_mode=flow_shield|flow_shield_beta=0.34999999999999998|max_flow_shield=0.75,bb2a55cecde4524d
False,50,repair5g59_c_only_f_disabled,True,maze-32-32-4|a50|s151|it0|repair5g518_batch_C_budget_1000ms_static_context,-0.0399794976935,0.0543311122501,True,False,0,maze-32-32-4,repair5g518_batch_C_budget_1000ms_static_context,maze-32-32-4|a50|s151|it0|14650fb0739d0383,-0.00666324961558,False,False,107,True,5300,1951,261.6604,True,2360,1.20963608406,repair5g59_c_only_f_disabled,maze-32-32-4-random-151.scen,phase5p5_repair5g54_counterfactual_update_probe_v1,151,1000,5073,14650fb0739d0383,alpha_commit=1.25|alpha_block=1.25|alpha_wait_spillover=0.75|rho_decay=0.94999999999999996|force_additive=0|enable_dual_channel=1|alpha_cong_commit_progress=1.25|alpha_cong_commit_nonprogress=1.25|alpha_cong_block=1.25|alpha_cong_wait_progress=0.75|alpha_cong_wait_nonprogress=0.75|alpha_flow_commit_progress=0|alpha_flow_wait_progress=0|rho_cong_decay=0.94999999999999996|rho_flow_decay=1|lambda_cong=1|lambda_flow=0|min_edge_cost=0.25|max_edge_cost=11|goal_projection_mode=none|flow_shield_beta=0|max_flow_shield=0,6cf6b157bee71acd
False,50,repair5g59_commit_heavy_flow_guard,True,maze-32-32-4|a50|s151|it0|repair5g518_batch_C_budget_1000ms_static_context,-0.0943106099436,0,True,False,0,maze-32-32-4,repair5g518_batch_C_budget_1000ms_static_context,maze-32-32-4|a50|s151|it0|14650fb0739d0383,-0.00666324961558,False,False,97,True,4800,1951,287.4375,True,2254,1.15530497181,repair5g59_commit_heavy_flow_guard,maze-32-32-4-random-151.scen,phase5p5_repair5g54_counterfactual_update_probe_v1,151,1000,5073,14650fb0739d0383,alpha_commit=1.5|alpha_block=1|alpha_wait_spillover=0.75|rho_decay=0.94999999999999996|force_additive=0|enable_dual_channel=1|alpha_cong_commit_progress=1.5|alpha_cong_commit_nonprogress=1.5|alpha_cong_block=1|alpha_cong_wait_progress=0.75|alpha_cong_wait_nonprogress=0.75|alpha_flow_commit_progress=1|alpha_flow_wait_progress=0|rho_cong_decay=0.94999999999999996|rho_flow_decay=1|lambda_cong=1|lambda_flow=0|min_edge_cost=1|max_edge_cost=11|goal_projection_mode=flow_shield|flow_shield_beta=0.34999999999999998|max_flow_shield=0.75,3cd172c18b79c21
False,50,repair5g59_fast_decay_low_shield,True,maze-32-32-4|a50|s151|it0|repair5g518_batch_C_budget_1000ms_static_context,-0.058431573552,0.0358790363916,True,False,0,maze-32-32-4,repair5g518_batch_C_budget_1000ms_static_context,maze-32-32-4|a50|s151|it0|14650fb0739d0383,-0.00666324961558,False,False,101,True,5000,1951,328.1195,True,2324,1.1911840082,repair5g59_fast_decay_low_shield,maze-32-32-4-random-151.scen,phase5p5_repair5g54_counterfactual_update_probe_v1,151,1000,5073,14650fb0739d0383,alpha_commit=1.25|alpha_block=1.25|alpha_wait_spillover=0.75|rho_decay=0.90000000000000002|force_additive=0|enable_dual_channel=1|alpha_cong_commit_progress=1.25|alpha_cong_commit_nonprogress=1.25|alpha_cong_block=1.25|alpha_cong_wait_progress=0.75|alpha_cong_wait_nonprogress=0.75|alpha_flow_commit_progress=1|alpha_flow_wait_progress=0|rho_cong_decay=0.90000000000000002|rho_flow_decay=1|lambda_cong=1|lambda_flow=0|min_edge_cost=1|max_edge_cost=11|goal_projection_mode=flow_shield|flow_shield_beta=0.20000000000000001|max_flow_shield=0.5,3f2416d2709cdc46
False,50,repair5g59_flow_decay,True,maze-32-32-4|a50|s151|it0|repair5g518_batch_C_budget_1000ms_static_context,-0.0943106099436,0,True,False,0,maze-32-32-4,repair5g518_batch_C_budget_1000ms_static_context,maze-32-32-4|a50|s151|it0|14650fb0739d0383,-0.00666324961558,False,False,100,True,4950,1951,288.9935,True,2254,1.15530497181,repair5g59_flow_decay,maze-32-32-4-random-151.scen,phase5p5_repair5g54_counterfactual_update_probe_v1,151,1000,5073,14650fb0739d0383,alpha_commit=1.25|alpha_block=1.25|alpha_wait_spillover=0.75|rho_decay=0.94999999999999996|force_additive=0|enable_dual_channel=1|alpha_cong_commit_progress=1.25|alpha_cong_commit_nonprogress=1.25|alpha_cong_block=1.25|alpha_cong_wait_progress=0.75|alpha_cong_wait_nonprogress=0.75|alpha_flow_commit_progress=1|alpha_flow_wait_progress=0|rho_cong_decay=0.94999999999999996|rho_flow_decay=0.94999999999999996|lambda_cong=1|lambda_flow=0|min_edge_cost=1|max_edge_cost=11|goal_projection_mode=flow_shield|flow_shield_beta=0.34999999999999998|max_flow_shield=0.75,f091bb5344ed5c8f
False,50,repair5g59_high_beta_cap_safe,True,maze-32-32-4|a50|s151|it0|repair5g518_batch_C_budget_1000ms_static_context,-0.0932854946181,0.00102511532547,True,False,0,maze-32-32-4,repair5g518_batch_C_budget_1000ms_static_context,maze-32-32-4|a50|s151|it0|14650fb0739d0383,-0.00666324961558,False,False,97,True,4800,1951,293.9698,True,2256,1.15633008713,repair5g59_high_beta_cap_safe,maze-32-32-4-random-151.scen,phase5p5_repair5g54_counterfactual_update_probe_v1,151,1000,5073,14650fb0739d0383,alpha_commit=1.25|alpha_block=1.25|alpha_wait_spillover=0.75|rho_decay=0.94999999999999996|force_additive=0|enable_dual_channel=1|alpha_cong_commit_progress=1.25|alpha_cong_commit_nonprogress=1.25|alpha_cong_block=1.25|alpha_cong_wait_progress=0.75|alpha_cong_wait_nonprogress=0.75|alpha_flow_commit_progress=1|alpha_flow_wait_progress=0|rho_cong_decay=0.94999999999999996|rho_flow_decay=1|lambda_cong=1|lambda_flow=0|min_edge_cost=1|max_edge_cost=11|goal_projection_mode=flow_shield|flow_shield_beta=0.59999999999999998|max_flow_shield=0.75,fbcf27bf34de68c
False,50,repair5g59_light_cong_light_flow,True,maze-32-32-4|a50|s151|it0|repair5g518_batch_C_budget_1000ms_static_context,-0.0625320348539,0.0317785750897,True,False,0,maze-32-32-4,repair5g518_batch_C_budget_1000ms_static_context,maze-32-32-4|a50|s151|it0|14650fb0739d0383,-0.00666324961558,False,False,104,True,5150,1951,437.2313,True,2316,1.1870835469,repair5g59_light_cong_light_flow,maze-32-32-4-random-151.scen,phase5p5_repair5g54_counterfactual_update_probe_v1,151,1000,5073,14650fb0739d0383,alpha_commit=1|alpha_block=1|alpha_wait_spillover=0.75|rho_decay=0.97999999999999998|force_additive=0|enable_dual_channel=1|alpha_cong_commit_progress=1|alpha_cong_commit_nonprogress=1|alpha_cong_block=1|alpha_cong_wait_progress=0.75|alpha_cong_wait_nonprogress=0.75|alpha_flow_commit_progress=0.75|alpha_flow_wait_progress=0|rho_cong_decay=0.97999999999999998|rho_flow_decay=1|lambda_cong=1|lambda_flow=0|min_edge_cost=1|max_edge_cost=11|goal_projection_mode=flow_shield|flow_shield_beta=0.25|max_flow_shield=0.5,15be9d4820cb1154
False,50,repair5g59_low_beta_high_cap,True,maze-32-32-4|a50|s151|it0|repair5g518_batch_C_budget_1000ms_static_context,-0.0871348026653,0.00717580727832,True,False,0,maze-32-32-4,repair5g518_batch_C_budget_1000ms_static_context,maze-32-32-4|a50|s151|it0|14650fb0739d0383,-0.00666324961558,False,False,97,True,4800,1951,414.5578,True,2268,1.16248077909,repair5g59_low_beta_high_cap,maze-32-32-4-random-151.scen,phase5p5_repair5g54_counterfactual_update_probe_v1,151,1000,5073,14650fb0739d0383,alpha_commit=1.25|alpha_block=1.25|alpha_wait_spillover=0.75|rho_decay=0.94999999999999996|force_additive=0|enable_dual_channel=1|alpha_cong_commit_progress=1.25|alpha_cong_commit_nonprogress=1.25|alpha_cong_block=1.25|alpha_cong_wait_progress=0.75|alpha_cong_wait_nonprogress=0.75|alpha_flow_commit_progress=1|alpha_flow_wait_progress=0|rho_cong_decay=0.94999999999999996|rho_flow_decay=1|lambda_cong=1|lambda_flow=0|min_edge_cost=1|max_edge_cost=11|goal_projection_mode=flow_shield|flow_shield_beta=0.20000000000000001|max_flow_shield=1.25,5b1c2a7ba7dd48cb
False,50,repair5g59_slow_decay_high_shield,True,maze-32-32-4|a50|s151|it0|repair5g518_batch_C_budget_1000ms_static_context,0.182983085597,0.277293695541,True,False,0,maze-32-32-4,repair5g518_batch_C_budget_1000ms_static_context,maze-32-32-4|a50|s151|it0|14650fb0739d0383,-0.00666324961558,False,False,153,True,7600,1951,450.2186,True,2795,1.43259866735,repair5g59_slow_decay_high_shield,maze-32-32-4-random-151.scen,phase5p5_repair5g54_counterfactual_update_probe_v1,151,1000,5073,14650fb0739d0383,alpha_commit=1.25|alpha_block=1.25|alpha_wait_spillover=0.75|rho_decay=0.97999999999999998|force_additive=0|enable_dual_channel=1|alpha_cong_commit_progress=1.25|alpha_cong_commit_nonprogress=1.25|alpha_cong_block=1.25|alpha_cong_wait_progress=0.75|alpha_cong_wait_nonprogress=0.75|alpha_flow_commit_progress=1|alpha_flow_wait_progress=0|rho_cong_decay=0.97999999999999998|rho_flow_decay=1|lambda_cong=1|lambda_flow=0|min_edge_cost=1|max_edge_cost=11|goal_projection_mode=flow_shield|flow_shield_beta=0.5|max_flow_shield=1,15da3e1ec294f75e
False,50,repair5g59_static_abstain_candidate,True,maze-32-32-4|a50|s151|it0|repair5g518_batch_C_budget_1000ms_static_context,-0.0943106099436,0,True,False,0,maze-32-32-4,repair5g518_batch_C_budget_1000ms_static_context,maze-32-32-4|a50|s151|it0|14650fb0739d0383,-0.00666324961558,False,False,100,True,4950,1951,417.8523,True,2254,1.15530497181,repair5g59_static_abstain_candidate,maze-32-32-4-random-151.scen,phase5p5_repair5g54_counterfactual_update_probe_v1,151,1000,5073,14650fb0739d0383,alpha_commit=1.25|alpha_block=1.25|alpha_wait_spillover=0.75|rho_decay=0.94999999999999996|force_additive=0|enable_dual_channel=1|alpha_cong_commit_progress=1.25|alpha_cong_commit_nonprogress=1.25|alpha_cong_block=1.25|alpha_cong_wait_progress=0.75|alpha_cong_wait_nonprogress=0.75|alpha_flow_commit_progress=1|alpha_flow_wait_progress=0|rho_cong_decay=0.94999999999999996|rho_flow_decay=1|lambda_cong=1|lambda_flow=0|min_edge_cost=1|max_edge_cost=11|goal_projection_mode=flow_shield|flow_shield_beta=0.34999999999999998|max_flow_shield=0.75,29737bed70c56f0d
False,50,repair5g59_static_flow_shield,True,maze-32-32-4|a50|s151|it0|repair5g518_batch_C_budget_1000ms_static_context,-0.0943106099436,0,True,False,0,maze-32-32-4,repair5g518_batch_C_budget_1000ms_static_context,maze-32-32-4|a50|s151|it0|14650fb0739d0383,-0.00666324961558,False,False,100,True,4950,1951,421.3453,True,2254,1.15530497181,repair5g59_static_flow_shield,maze-32-32-4-random-151.scen,phase5p5_repair5g54_counterfactual_update_probe_v1,151,1000,5073,14650fb0739d0383,alpha_commit=1.25|alpha_block=1.25|alpha_wait_spillover=0.75|rho_decay=0.94999999999999996|force_additive=0|enable_dual_channel=1|alpha_cong_commit_progress=1.25|alpha_cong_commit_nonprogress=1.25|alpha_cong_block=1.25|alpha_cong_wait_progress=0.75|alpha_cong_wait_nonprogress=0.75|alpha_flow_commit_progress=1|alpha_flow_wait_progress=0|rho_cong_decay=0.94999999999999996|rho_flow_decay=1|lambda_cong=1|lambda_flow=0|min_edge_cost=1|max_edge_cost=11|goal_projection_mode=flow_shield|flow_shield_beta=0.34999999999999998|max_flow_shield=0.75,29737bed70c56f0d
False,50,repair5g59_wait_aggressive,True,maze-32-32-4|a50|s151|it0|repair5g518_batch_C_budget_1000ms_static_context,-0.0850845720144,0.00922603792927,True,False,0,maze-32-32-4,repair5g518_batch_C_budget_1000ms_static_context,maze-32-32-4|a50|s151|it0|14650fb0739d0383,-0.00666324961558,False,False,100,True,4950,1951,408.298,True,2272,1.16453100974,repair5g59_wait_aggressive,maze-32-32-4-random-151.scen,phase5p5_repair5g54_counterfactual_update_probe_v1,151,1000,5073,14650fb0739d0383,alpha_commit=1.25|alpha_block=1.25|alpha_wait_spillover=1|rho_decay=0.94999999999999996|force_additive=0|enable_dual_channel=1|alpha_cong_commit_progress=1.25|alpha_cong_commit_nonprogress=1.25|alpha_cong_block=1.25|alpha_cong_wait_progress=1|alpha_cong_wait_nonprogress=1|alpha_flow_commit_progress=1|alpha_flow_wait_progress=0|rho_cong_decay=0.94999999999999996|rho_flow_decay=1|lambda_cong=1|lambda_flow=0|min_edge_cost=1|max_edge_cost=11|goal_projection_mode=flow_shield|flow_shield_beta=0.34999999999999998|max_flow_shield=0.75,1adae8b415a845e4
False,50,repair5g59_wait_conservative,True,maze-32-32-4|a50|s151|it0|repair5g518_batch_C_budget_1000ms_static_context,-0.0753459764223,0.0189646335213,True,False,0,maze-32-32-4,repair5g518_batch_C_budget_1000ms_static_context,maze-32-32-4|a50|s151|it0|14650fb0739d0383,-0.00666324961558,False,False,101,True,5000,1951,417.4718,True,2291,1.17426960533,repair5g59_wait_conservative,maze-32-32-4-random-151.scen,phase5p5_repair5g54_counterfactual_update_probe_v1,151,1000,5073,14650fb0739d0383,alpha_commit=1.25|alpha_block=1.25|alpha_wait_spillover=0.5|rho_decay=0.94999999999999996|force_additive=0|enable_dual_channel=1|alpha_cong_commit_progress=1.25|alpha_cong_commit_nonprogress=1.25|alpha_cong_block=1.25|alpha_cong_wait_progress=0.5|alpha_cong_wait_nonprogress=0.5|alpha_flow_commit_progress=1|alpha_flow_wait_progress=0|rho_cong_decay=0.94999999999999996|rho_flow_decay=1|lambda_cong=1|lambda_flow=0|min_edge_cost=1|max_edge_cost=11|goal_projection_mode=flow_shield|flow_shield_beta=0.34999999999999998|max_flow_shield=0.75,421aa7c6efea31b2
False,50,repair5g518_grid_c1p20_b1p15_f1p00_w0p70_dc0p95_df1p00_beta0p60_max0p75_c0,True,maze-32-32-4|a50|s151|it0|repair5g518_batch_C_budget_1000ms_static_context,-0.0825217837007,0.011788826243,True,False,0,maze-32-32-4,repair5g518_batch_C_budget_1000ms_static_context,maze-32-32-4|a50|s151|it0|14650fb0739d0383,-0.00666324961558,False,False,101,True,5000,1951,413.7547,True,2277,1.16709379805,repair5g518_grid_c1p20_b1p15_f1p00_w0p70_dc0p95_df1p00_beta0p60_max0p75_c0,maze-32-32-4-random-151.scen,phase5p5_repair5g54_counterfactual_update_probe_v1,151,1000,5073,14650fb0739d0383,alpha_commit=1.2|alpha_block=1.1499999999999999|alpha_wait_spillover=0.69999999999999996|rho_decay=0.94999999999999996|force_additive=0|enable_dual_channel=1|alpha_cong_commit_progress=1.2|alpha_cong_commit_nonprogress=1.2|alpha_cong_block=1.1499999999999999|alpha_cong_wait_progress=0.69999999999999996|alpha_cong_wait_nonprogress=0.69999999999999996|alpha_flow_commit_progress=1|alpha_flow_wait_progress=0|rho_cong_decay=0.94999999999999996|rho_flow_decay=1|lambda_cong=1|lambda_flow=0|min_edge_cost=1|max_edge_cost=11|goal_projection_mode=flow_shield|flow_shield_beta=0.59999999999999998|max_flow_shield=0.75,bd71bc939325964
False,50,repair5g518_grid_c1p20_b1p35_f1p00_w0p70_dc0p95_df1p00_beta0p55_max0p75_c0,True,maze-32-32-4|a50|s151|it0|repair5g518_batch_C_budget_1000ms_static_context,-0.0784213223988,0.0158892875448,True,False,0,maze-32-32-4,repair5g518_batch_C_budget_1000ms_static_context,maze-32-32-4|a50|s151|it0|14650fb0739d0383,-0.00666324961558,False,False,100,True,4950,1951,426.0255,True,2285,1.17119425935,repair5g518_grid_c1p20_b1p35_f1p00_w0p70_dc0p95_df1p00_beta0p55_max0p75_c0,maze-32-32-4-random-151.scen,phase5p5_repair5g54_counterfactual_update_probe_v1,151,1000,5073,14650fb0739d0383,alpha_commit=1.2|alpha_block=1.3500000000000001|alpha_wait_spillover=0.69999999999999996|rho_decay=0.94999999999999996|force_additive=0|enable_dual_channel=1|alpha_cong_commit_progress=1.2|alpha_cong_commit_nonprogress=1.2|alpha_cong_block=1.3500000000000001|alpha_cong_wait_progress=0.69999999999999996|alpha_cong_wait_nonprogress=0.69999999999999996|alpha_flow_commit_progress=1|alpha_flow_wait_progress=0|rho_cong_decay=0.94999999999999996|rho_flow_decay=1|lambda_cong=1|lambda_flow=0|min_edge_cost=1|max_edge_cost=11|goal_projection_mode=flow_shield|flow_shield_beta=0.55000000000000004|max_flow_shield=0.75,64aae9147d013f06
False,50,repair5g518_grid_c1p35_b1p35_f1p00_w0p80_dc0p95_df1p00_beta0p25_max0p75_c0,True,maze-32-32-4|a50|s151|it0|repair5g518_batch_C_budget_1000ms_static_context,-0.0948231676064,-0.000512557662737,True,False,0,maze-32-32-4,repair5g518_batch_C_budget_1000ms_static_context,maze-32-32-4|a50|s151|it0|14650fb0739d0383,-0.00666324961558,False,False,98,True,4850,1951,413.7212,True,2253,1.15479241415,repair5g518_grid_c1p35_b1p35_f1p00_w0p80_dc0p95_df1p00_beta0p25_max0p75_c0,maze-32-32-4-random-151.scen,phase5p5_repair5g54_counterfactual_update_probe_v1,151,1000,5073,14650fb0739d0383,alpha_commit=1.3500000000000001|alpha_block=1.3500000000000001|alpha_wait_spillover=0.80000000000000004|rho_decay=0.94999999999999996|force_additive=0|enable_dual_channel=1|alpha_cong_commit_progress=1.3500000000000001|alpha_cong_commit_nonprogress=1.3500000000000001|alpha_cong_block=1.3500000000000001|alpha_cong_wait_progress=0.80000000000000004|alpha_cong_wait_nonprogress=0.80000000000000004|alpha_flow_commit_progress=1|alpha_flow_wait_progress=0|rho_cong_decay=0.94999999999999996|rho_flow_decay=1|lambda_cong=1|lambda_flow=0|min_edge_cost=1|max_edge_cost=11|goal_projection_mode=flow_shield|flow_shield_beta=0.25|max_flow_shield=0.75,3d3823354692d4b7
False,50,repair5g518_grid_c1p20_b1p15_f1p00_w0p70_dc0p95_df1p00_beta0p55_max0p75_c0,True,maze-32-32-4|a50|s151|it0|repair5g518_batch_C_budget_1000ms_static_context,-0.100973859559,-0.00666324961558,True,True,0,maze-32-32-4,repair5g518_batch_C_budget_1000ms_static_context,maze-32-32-4|a50|s151|it0|14650fb0739d0383,-0.00666324961558,False,False,97,True,4800,1951,417.3382,True,2241,1.14864172219,repair5g518_grid_c1p20_b1p15_f1p00_w0p70_dc0p95_df1p00_beta0p55_max0p75_c0,maze-32-32-4-random-151.scen,phase5p5_repair5g54_counterfactual_update_probe_v1,151,1000,5073,14650fb0739d0383,alpha_commit=1.2|alpha_block=1.1499999999999999|alpha_wait_spillover=0.69999999999999996|rho_decay=0.94999999999999996|force_additive=0|enable_dual_channel=1|alpha_cong_commit_progress=1.2|alpha_cong_commit_nonprogress=1.2|alpha_cong_block=1.1499999999999999|alpha_cong_wait_progress=0.69999999999999996|alpha_cong_wait_nonprogress=0.69999999999999996|alpha_flow_commit_progress=1|alpha_flow_wait_progress=0|rho_cong_decay=0.94999999999999996|rho_flow_decay=1|lambda_cong=1|lambda_flow=0|min_edge_cost=1|max_edge_cost=11|goal_projection_mode=flow_shield|flow_shield_beta=0.55000000000000004|max_flow_shield=0.75,c75a028b5f4a7c6a
False,50,repair5g518_grid_c1p35_b1p15_f1p00_w0p80_dc0p95_df1p00_beta0p25_max0p90_c0,True,maze-32-32-4|a50|s151|it0|repair5g518_batch_C_budget_1000ms_static_context,-0.0958482829318,-0.00153767298821,True,False,0,maze-32-32-4,repair5g518_batch_C_budget_1000ms_static_context,maze-32-32-4|a50|s151|it0|14650fb0739d0383,-0.00666324961558,False,False,97,True,4800,1951,407.2217,True,2251,1.15376729882,repair5g518_grid_c1p35_b1p15_f1p00_w0p80_dc0p95_df1p00_beta0p25_max0p90_c0,maze-32-32-4-random-151.scen,phase5p5_repair5g54_counterfactual_update_probe_v1,151,1000,5073,14650fb0739d0383,alpha_commit=1.3500000000000001|alpha_block=1.1499999999999999|alpha_wait_spillover=0.80000000000000004|rho_decay=0.94999999999999996|force_additive=0|enable_dual_channel=1|alpha_cong_commit_progress=1.3500000000000001|alpha_cong_commit_nonprogress=1.3500000000000001|alpha_cong_block=1.1499999999999999|alpha_cong_wait_progress=0.80000000000000004|alpha_cong_wait_nonprogress=0.80000000000000004|alpha_flow_commit_progress=1|alpha_flow_wait_progress=0|rho_cong_decay=0.94999999999999996|rho_flow_decay=1|lambda_cong=1|lambda_flow=0|min_edge_cost=1|max_edge_cost=11|goal_projection_mode=flow_shield|flow_shield_beta=0.25|max_flow_shield=0.90000000000000002,c14a9259b35efe2c
False,50,repair5g518_grid_c1p20_b1p15_f1p00_w0p80_dc0p95_df1p00_beta0p25_max0p75_c0,True,maze-32-32-4|a50|s151|it0|repair5g518_batch_C_budget_1000ms_static_context,-0.0820092260379,0.0123013839057,True,False,0,maze-32-32-4,repair5g518_batch_C_budget_1000ms_static_context,maze-32-32-4|a50|s151|it0|14650fb0739d0383,-0.00666324961558,False,False,101,True,5000,1951,411.0839,True,2278,1.16760635572,repair5g518_grid_c1p20_b1p15_f1p00_w0p80_dc0p95_df1p00_beta0p25_max0p75_c0,maze-32-32-4-random-151.scen,phase5p5_repair5g54_counterfactual_update_probe_v1,151,1000,5073,14650fb0739d0383,alpha_commit=1.2|alpha_block=1.1499999999999999|alpha_wait_spillover=0.80000000000000004|rho_decay=0.94999999999999996|force_additive=0|enable_dual_channel=1|alpha_cong_commit_progress=1.2|alpha_cong_commit_nonprogress=1.2|alpha_cong_block=1.1499999999999999|alpha_cong_wait_progress=0.80000000000000004|alpha_cong_wait_nonprogress=0.80000000000000004|alpha_flow_commit_progress=1|alpha_flow_wait_progress=0|rho_cong_decay=0.94999999999999996|rho_flow_decay=1|lambda_cong=1|lambda_flow=0|min_edge_cost=1|max_edge_cost=11|goal_projection_mode=flow_shield|flow_shield_beta=0.25|max_flow_shield=0.75,97751ce856647dd0
False,50,repair5g518_grid_c1p25_b1p25_f1p00_w0p60_dc0p95_df1p00_beta0p25_max1p00_c0,True,maze-32-32-4|a50|s151|it0|repair5g518_batch_C_budget_1000ms_static_context,0.166068682727,0.26037929267,True,False,0,maze-32-32-4,repair5g518_batch_C_budget_1000ms_static_context,maze-32-32-4|a50|s151|it0|14650fb0739d0383,-0.00666324961558,False,False,156,True,7750,1951,448.5015,True,2762,1.41568426448,repair5g518_grid_c1p25_b1p25_f1p00_w0p60_dc0p95_df1p00_beta0p25_max1p00_c0,maze-32-32-4-random-151.scen,phase5p5_repair5g54_counterfactual_update_probe_v1,151,1000,5073,14650fb0739d0383,alpha_commit=1.25|alpha_block=1.25|alpha_wait_spillover=0.59999999999999998|rho_decay=0.94999999999999996|force_additive=0|enable_dual_channel=1|alpha_cong_commit_progress=1.25|alpha_cong_commit_nonprogress=1.25|alpha_cong_block=1.25|alpha_cong_wait_progress=0.59999999999999998|alpha_cong_wait_nonprogress=0.59999999999999998|alpha_flow_commit_progress=1|alpha_flow_wait_progress=0|rho_cong_decay=0.94999999999999996|rho_flow_decay=1|lambda_cong=1|lambda_flow=0|min_edge_cost=1|max_edge_cost=11|goal_projection_mode=flow_shield|flow_shield_beta=0.25|max_flow_shield=1,bf6282b8805592a2
False,50,repair5g518_grid_c1p25_b1p25_f1p00_w0p60_dc0p95_df1p00_beta0p20_max1p00_c0,True,maze-32-32-4|a50|s151|it0|repair5g518_batch_C_budget_1000ms_static_context,-0.0240902101486,0.070220399795,True,False,0,maze-32-32-4,repair5g518_batch_C_budget_1000ms_static_context,maze-32-32-4|a50|s151|it0|14650fb0739d0383,-0.00666324961558,False,False,97,True,4800,1951,417.2335,True,2391,1.2255253716,repair5g518_grid_c1p25_b1p25_f1p00_w0p60_dc0p95_df1p00_beta0p20_max1p00_c0,maze-32-32-4-random-151.scen,phase5p5_repair5g54_counterfactual_update_probe_v1,151,1000,5073,14650fb0739d0383,alpha_commit=1.25|alpha_block=1.25|alpha_wait_spillover=0.59999999999999998|rho_decay=0.94999999999999996|force_additive=0|enable_dual_channel=1|alpha_cong_commit_progress=1.25|alpha_cong_commit_nonprogress=1.25|alpha_cong_block=1.25|alpha_cong_wait_progress=0.59999999999999998|alpha_cong_wait_nonprogress=0.59999999999999998|alpha_flow_commit_progress=1|alpha_flow_wait_progress=0|rho_cong_decay=0.94999999999999996|rho_flow_decay=1|lambda_cong=1|lambda_flow=0|min_edge_cost=1|max_edge_cost=11|goal_projection_mode=flow_shield|flow_shield_beta=0.20000000000000001|max_flow_shield=1,2625f07ab5b8f9e2
False,50,repair5g59_additive_fallback,True,maze-32-32-4|a50|s151|it0|repair5g518_batch_C_budget_2000ms_static_context,0,0.0943106099436,True,False,0,maze-32-32-4,repair5g518_batch_C_budget_2000ms_static_context,maze-32-32-4|a50|s151|it0|14650fb0739d0383,-0.00666324961558,False,False,130,True,6450,1951,202.1715,True,2438,1.24961558175,repair5g59_additive_fallback,maze-32-32-4-random-151.scen,phase5p5_repair5g54_counterfactual_update_probe_v1,151,2000,5073,14650fb0739d0383,alpha_commit=1|alpha_block=1|alpha_wait_spillover=1|rho_decay=1|force_additive=1|enable_dual_channel=0|alpha_cong_commit_progress=0|alpha_cong_commit_nonprogress=1|alpha_cong_block=1|alpha_cong_wait_progress=1|alpha_cong_wait_nonprogress=1|alpha_flow_commit_progress=0|alpha_flow_wait_progress=0|rho_cong_decay=1|rho_flow_decay=1|lambda_cong=1|lambda_flow=0|min_edge_cost=0.25|max_edge_cost=11|goal_projection_mode=none|flow_shield_beta=0|max_flow_shield=0,35049bacad216c02
False,50,repair5g59_block_heavy_flow_guard,True,maze-32-32-4|a50|s151|it0|repair5g518_batch_C_budget_2000ms_static_context,-0.087647360328,0.00666324961558,True,False,0,maze-32-32-4,repair5g518_batch_C_budget_2000ms_static_context,maze-32-32-4|a50|s151|it0|14650fb0739d0383,-0.00666324961558,False,False,101,True,5000,1951,264.8326,True,2267,1.16196822142,repair5g59_block_heavy_flow_guard,maze-32-32-4-random-151.scen,phase5p5_repair5g54_counterfactual_update_probe_v1,151,2000,5073,14650fb0739d0383,alpha_commit=1|alpha_block=1.5|alpha_wait_spillover=0.5|rho_decay=0.94999999999999996|force_additive=0|enable_dual_channel=1|alpha_cong_commit_progress=1|alpha_cong_commit_nonprogress=1|alpha_cong_block=1.5|alpha_cong_wait_progress=0.5|alpha_cong_wait_nonprogress=0.5|alpha_flow_commit_progress=1|alpha_flow_wait_progress=0|rho_cong_decay=0.94999999999999996|rho_flow_decay=1|lambda_cong=1|lambda_flow=0|min_edge_cost=1|max_edge_cost=11|goal_projection_mode=flow_shield|flow_shield_beta=0.34999999999999998|max_flow_shield=0.75,bb2a55cecde4524d
False,50,repair5g59_c_only_f_disabled,True,maze-32-32-4|a50|s151|it0|repair5g518_batch_C_budget_2000ms_static_context,-0.0399794976935,0.0543311122501,True,False,0,maze-32-32-4,repair5g518_batch_C_budget_2000ms_static_context,maze-32-32-4|a50|s151|it0|14650fb0739d0383,-0.00666324961558,False,False,107,True,5300,1951,246.8346,True,2360,1.20963608406,repair5g59_c_only_f_disabled,maze-32-32-4-random-151.scen,phase5p5_repair5g54_counterfactual_update_probe_v1,151,2000,5073,14650fb0739d0383,alpha_commit=1.25|alpha_block=1.25|alpha_wait_spillover=0.75|rho_decay=0.94999999999999996|force_additive=0|enable_dual_channel=1|alpha_cong_commit_progress=1.25|alpha_cong_commit_nonprogress=1.25|alpha_cong_block=1.25|alpha_cong_wait_progress=0.75|alpha_cong_wait_nonprogress=0.75|alpha_flow_commit_progress=0|alpha_flow_wait_progress=0|rho_cong_decay=0.94999999999999996|rho_flow_decay=1|lambda_cong=1|lambda_flow=0|min_edge_cost=0.25|max_edge_cost=11|goal_projection_mode=none|flow_shield_beta=0|max_flow_shield=0,6cf6b157bee71acd
False,50,repair5g59_commit_heavy_flow_guard,True,maze-32-32-4|a50|s151|it0|repair5g518_batch_C_budget_2000ms_static_context,-0.0943106099436,0,True,False,0,maze-32-32-4,repair5g518_batch_C_budget_2000ms_static_context,maze-32-32-4|a50|s151|it0|14650fb0739d0383,-0.00666324961558,False,False,97,True,4800,1951,267.8669,True,2254,1.15530497181,repair5g59_commit_heavy_flow_guard,maze-32-32-4-random-151.scen,phase5p5_repair5g54_counterfactual_update_probe_v1,151,2000,5073,14650fb0739d0383,alpha_commit=1.5|alpha_block=1|alpha_wait_spillover=0.75|rho_decay=0.94999999999999996|force_additive=0|enable_dual_channel=1|alpha_cong_commit_progress=1.5|alpha_cong_commit_nonprogress=1.5|alpha_cong_block=1|alpha_cong_wait_progress=0.75|alpha_cong_wait_nonprogress=0.75|alpha_flow_commit_progress=1|alpha_flow_wait_progress=0|rho_cong_decay=0.94999999999999996|rho_flow_decay=1|lambda_cong=1|lambda_flow=0|min_edge_cost=1|max_edge_cost=11|goal_projection_mode=flow_shield|flow_shield_beta=0.34999999999999998|max_flow_shield=0.75,3cd172c18b79c21
False,50,repair5g59_fast_decay_low_shield,True,maze-32-32-4|a50|s151|it0|repair5g518_batch_C_budget_2000ms_static_context,-0.058431573552,0.0358790363916,True,False,0,maze-32-32-4,repair5g518_batch_C_budget_2000ms_static_context,maze-32-32-4|a50|s151|it0|14650fb0739d0383,-0.00666324961558,False,False,101,True,5000,1951,278.4219,True,2324,1.1911840082,repair5g59_fast_decay_low_shield,maze-32-32-4-random-151.scen,phase5p5_repair5g54_counterfactual_update_probe_v1,151,2000,5073,14650fb0739d0383,alpha_commit=1.25|alpha_block=1.25|alpha_wait_spillover=0.75|rho_decay=0.90000000000000002|force_additive=0|enable_dual_channel=1|alpha_cong_commit_progress=1.25|alpha_cong_commit_nonprogress=1.25|alpha_cong_block=1.25|alpha_cong_wait_progress=0.75|alpha_cong_wait_nonprogress=0.75|alpha_flow_commit_progress=1|alpha_flow_wait_progress=0|rho_cong_decay=0.90000000000000002|rho_flow_decay=1|lambda_cong=1|lambda_flow=0|min_edge_cost=1|max_edge_cost=11|goal_projection_mode=flow_shield|flow_shield_beta=0.20000000000000001|max_flow_shield=0.5,3f2416d2709cdc46
False,50,repair5g59_flow_decay,True,maze-32-32-4|a50|s151|it0|repair5g518_batch_C_budget_2000ms_static_context,-0.0943106099436,0,True,False,0,maze-32-32-4,repair5g518_batch_C_budget_2000ms_static_context,maze-32-32-4|a50|s151|it0|14650fb0739d0383,-0.00666324961558,False,False,100,True,4950,1951,266.6315,True,2254,1.15530497181,repair5g59_flow_decay,maze-32-32-4-random-151.scen,phase5p5_repair5g54_counterfactual_update_probe_v1,151,2000,5073,14650fb0739d0383,alpha_commit=1.25|alpha_block=1.25|alpha_wait_spillover=0.75|rho_decay=0.94999999999999996|force_additive=0|enable_dual_channel=1|alpha_cong_commit_progress=1.25|alpha_cong_commit_nonprogress=1.25|alpha_cong_block=1.25|alpha_cong_wait_progress=0.75|alpha_cong_wait_nonprogress=0.75|alpha_flow_commit_progress=1|alpha_flow_wait_progress=0|rho_cong_decay=0.94999999999999996|rho_flow_decay=0.94999999999999996|lambda_cong=1|lambda_flow=0|min_edge_cost=1|max_edge_cost=11|goal_projection_mode=flow_shield|flow_shield_beta=0.34999999999999998|max_flow_shield=0.75,f091bb5344ed5c8f
False,50,repair5g59_high_beta_cap_safe,True,maze-32-32-4|a50|s151|it0|repair5g518_batch_C_budget_2000ms_static_context,-0.0932854946181,0.00102511532547,True,False,0,maze-32-32-4,repair5g518_batch_C_budget_2000ms_static_context,maze-32-32-4|a50|s151|it0|14650fb0739d0383,-0.00666324961558,False,False,97,True,4800,1951,258.8646,True,2256,1.15633008713,repair5g59_high_beta_cap_safe,maze-32-32-4-random-151.scen,phase5p5_repair5g54_counterfactual_update_probe_v1,151,2000,5073,14650fb0739d0383,alpha_commit=1.25|alpha_block=1.25|alpha_wait_spillover=0.75|rho_decay=0.94999999999999996|force_additive=0|enable_dual_channel=1|alpha_cong_commit_progress=1.25|alpha_cong_commit_nonprogress=1.25|alpha_cong_block=1.25|alpha_cong_wait_progress=0.75|alpha_cong_wait_nonprogress=0.75|alpha_flow_commit_progress=1|alpha_flow_wait_progress=0|rho_cong_decay=0.94999999999999996|rho_flow_decay=1|lambda_cong=1|lambda_flow=0|min_edge_cost=1|max_edge_cost=11|goal_projection_mode=flow_shield|flow_shield_beta=0.59999999999999998|max_flow_shield=0.75,fbcf27bf34de68c
False,50,repair5g59_light_cong_light_flow,True,maze-32-32-4|a50|s151|it0|repair5g518_batch_C_budget_2000ms_static_context,-0.0625320348539,0.0317785750897,True,False,0,maze-32-32-4,repair5g518_batch_C_budget_2000ms_static_context,maze-32-32-4|a50|s151|it0|14650fb0739d0383,-0.00666324961558,False,False,104,True,5150,1951,264.2345,True,2316,1.1870835469,repair5g59_light_cong_light_flow,maze-32-32-4-random-151.scen,phase5p5_repair5g54_counterfactual_update_probe_v1,151,2000,5073,14650fb0739d0383,alpha_commit=1|alpha_block=1|alpha_wait_spillover=0.75|rho_decay=0.97999999999999998|force_additive=0|enable_dual_channel=1|alpha_cong_commit_progress=1|alpha_cong_commit_nonprogress=1|alpha_cong_block=1|alpha_cong_wait_progress=0.75|alpha_cong_wait_nonprogress=0.75|alpha_flow_commit_progress=0.75|alpha_flow_wait_progress=0|rho_cong_decay=0.97999999999999998|rho_flow_decay=1|lambda_cong=1|lambda_flow=0|min_edge_cost=1|max_edge_cost=11|goal_projection_mode=flow_shield|flow_shield_beta=0.25|max_flow_shield=0.5,15be9d4820cb1154
False,50,repair5g59_low_beta_high_cap,True,maze-32-32-4|a50|s151|it0|repair5g518_batch_C_budget_2000ms_static_context,-0.0871348026653,0.00717580727832,True,False,0,maze-32-32-4,repair5g518_batch_C_budget_2000ms_static_context,maze-32-32-4|a50|s151|it0|14650fb0739d0383,-0.00666324961558,False,False,97,True,4800,1951,319.8842,True,2268,1.16248077909,repair5g59_low_beta_high_cap,maze-32-32-4-random-151.scen,phase5p5_repair5g54_counterfactual_update_probe_v1,151,2000,5073,14650fb0739d0383,alpha_commit=1.25|alpha_block=1.25|alpha_wait_spillover=0.75|rho_decay=0.94999999999999996|force_additive=0|enable_dual_channel=1|alpha_cong_commit_progress=1.25|alpha_cong_commit_nonprogress=1.25|alpha_cong_block=1.25|alpha_cong_wait_progress=0.75|alpha_cong_wait_nonprogress=0.75|alpha_flow_commit_progress=1|alpha_flow_wait_progress=0|rho_cong_decay=0.94999999999999996|rho_flow_decay=1|lambda_cong=1|lambda_flow=0|min_edge_cost=1|max_edge_cost=11|goal_projection_mode=flow_shield|flow_shield_beta=0.20000000000000001|max_flow_shield=1.25,5b1c2a7ba7dd48cb
False,50,repair5g59_slow_decay_high_shield,True,maze-32-32-4|a50|s151|it0|repair5g518_batch_C_budget_2000ms_static_context,0.182983085597,0.277293695541,True,False,0,maze-32-32-4,repair5g518_batch_C_budget_2000ms_static_context,maze-32-32-4|a50|s151|it0|14650fb0739d0383,-0.00666324961558,False,False,153,True,7600,1951,396.7896,True,2795,1.43259866735,repair5g59_slow_decay_high_shield,maze-32-32-4-random-151.scen,phase5p5_repair5g54_counterfactual_update_probe_v1,151,2000,5073,14650fb0739d0383,alpha_commit=1.25|alpha_block=1.25|alpha_wait_spillover=0.75|rho_decay=0.97999999999999998|force_additive=0|enable_dual_channel=1|alpha_cong_commit_progress=1.25|alpha_cong_commit_nonprogress=1.25|alpha_cong_block=1.25|alpha_cong_wait_progress=0.75|alpha_cong_wait_nonprogress=0.75|alpha_flow_commit_progress=1|alpha_flow_wait_progress=0|rho_cong_decay=0.97999999999999998|rho_flow_decay=1|lambda_cong=1|lambda_flow=0|min_edge_cost=1|max_edge_cost=11|goal_projection_mode=flow_shield|flow_shield_beta=0.5|max_flow_shield=1,15da3e1ec294f75e
False,50,repair5g59_static_abstain_candidate,True,maze-32-32-4|a50|s151|it0|repair5g518_batch_C_budget_2000ms_static_context,-0.0943106099436,0,True,False,0,maze-32-32-4,repair5g518_batch_C_budget_2000ms_static_context,maze-32-32-4|a50|s151|it0|14650fb0739d0383,-0.00666324961558,False,False,100,True,4950,1951,404.0616,True,2254,1.15530497181,repair5g59_static_abstain_candidate,maze-32-32-4-random-151.scen,phase5p5_repair5g54_counterfactual_update_probe_v1,151,2000,5073,14650fb0739d0383,alpha_commit=1.25|alpha_block=1.25|alpha_wait_spillover=0.75|rho_decay=0.94999999999999996|force_additive=0|enable_dual_channel=1|alpha_cong_commit_progress=1.25|alpha_cong_commit_nonprogress=1.25|alpha_cong_block=1.25|alpha_cong_wait_progress=0.75|alpha_cong_wait_nonprogress=0.75|alpha_flow_commit_progress=1|alpha_flow_wait_progress=0|rho_cong_decay=0.94999999999999996|rho_flow_decay=1|lambda_cong=1|lambda_flow=0|min_edge_cost=1|max_edge_cost=11|goal_projection_mode=flow_shield|flow_shield_beta=0.34999999999999998|max_flow_shield=0.75,29737bed70c56f0d
False,50,repair5g59_static_flow_shield,True,maze-32-32-4|a50|s151|it0|repair5g518_batch_C_budget_2000ms_static_context,-0.0943106099436,0,True,False,0,maze-32-32-4,repair5g518_batch_C_budget_2000ms_static_context,maze-32-32-4|a50|s151|it0|14650fb0739d0383,-0.00666324961558,False,False,100,True,4950,1951,403.4348,True,2254,1.15530497181,repair5g59_static_flow_shield,maze-32-32-4-random-151.scen,phase5p5_repair5g54_counterfactual_update_probe_v1,151,2000,5073,14650fb0739d0383,alpha_commit=1.25|alpha_block=1.25|alpha_wait_spillover=0.75|rho_decay=0.94999999999999996|force_additive=0|enable_dual_channel=1|alpha_cong_commit_progress=1.25|alpha_cong_commit_nonprogress=1.25|alpha_cong_block=1.25|alpha_cong_wait_progress=0.75|alpha_cong_wait_nonprogress=0.75|alpha_flow_commit_progress=1|alpha_flow_wait_progress=0|rho_cong_decay=0.94999999999999996|rho_flow_decay=1|lambda_cong=1|lambda_flow=0|min_edge_cost=1|max_edge_cost=11|goal_projection_mode=flow_shield|flow_shield_beta=0.34999999999999998|max_flow_shield=0.75,29737bed70c56f0d
False,50,repair5g59_wait_aggressive,True,maze-32-32-4|a50|s151|it0|repair5g518_batch_C_budget_2000ms_static_context,-0.0850845720144,0.00922603792927,True,False,0,maze-32-32-4,repair5g518_batch_C_budget_2000ms_static_context,maze-32-32-4|a50|s151|it0|14650fb0739d0383,-0.00666324961558,False,False,100,True,4950,1951,394.8248,True,2272,1.16453100974,repair5g59_wait_aggressive,maze-32-32-4-random-151.scen,phase5p5_repair5g54_counterfactual_update_probe_v1,151,2000,5073,14650fb0739d0383,alpha_commit=1.25|alpha_block=1.25|alpha_wait_spillover=1|rho_decay=0.94999999999999996|force_additive=0|enable_dual_channel=1|alpha_cong_commit_progress=1.25|alpha_cong_commit_nonprogress=1.25|alpha_cong_block=1.25|alpha_cong_wait_progress=1|alpha_cong_wait_nonprogress=1|alpha_flow_commit_progress=1|alpha_flow_wait_progress=0|rho_cong_decay=0.94999999999999996|rho_flow_decay=1|lambda_cong=1|lambda_flow=0|min_edge_cost=1|max_edge_cost=11|goal_projection_mode=flow_shield|flow_shield_beta=0.34999999999999998|max_flow_shield=0.75,1adae8b415a845e4
False,50,repair5g59_wait_conservative,True,maze-32-32-4|a50|s151|it0|repair5g518_batch_C_budget_2000ms_static_context,-0.0753459764223,0.0189646335213,True,False,0,maze-32-32-4,repair5g518_batch_C_budget_2000ms_static_context,maze-32-32-4|a50|s151|it0|14650fb0739d0383,-0.00666324961558,False,False,101,True,5000,1951,391.0336,True,2291,1.17426960533,repair5g59_wait_conservative,maze-32-32-4-random-151.scen,phase5p5_repair5g54_counterfactual_update_probe_v1,151,2000,5073,14650fb0739d0383,alpha_commit=1.25|alpha_block=1.25|alpha_wait_spillover=0.5|rho_decay=0.94999999999999996|force_additive=0|enable_dual_channel=1|alpha_cong_commit_progress=1.25|alpha_cong_commit_nonprogress=1.25|alpha_cong_block=1.25|alpha_cong_wait_progress=0.5|alpha_cong_wait_nonprogress=0.5|alpha_flow_commit_progress=1|alpha_flow_wait_progress=0|rho_cong_decay=0.94999999999999996|rho_flow_decay=1|lambda_cong=1|lambda_flow=0|min_edge_cost=1|max_edge_cost=11|goal_projection_mode=flow_shield|flow_shield_beta=0.34999999999999998|max_flow_shield=0.75,421aa7c6efea31b2
False,50,repair5g518_grid_c1p20_b1p15_f1p00_w0p70_dc0p95_df1p00_beta0p60_max0p75_c0,True,maze-32-32-4|a50|s151|it0|repair5g518_batch_C_budget_2000ms_static_context,-0.0825217837007,0.011788826243,True,False,0,maze-32-32-4,repair5g518_batch_C_budget_2000ms_static_context,maze-32-32-4|a50|s151|it0|14650fb0739d0383,-0.00666324961558,False,False,101,True,5000,1951,286.4125,True,2277,1.16709379805,repair5g518_grid_c1p20_b1p15_f1p00_w0p70_dc0p95_df1p00_beta0p60_max0p75_c0,maze-32-32-4-random-151.scen,phase5p5_repair5g54_counterfactual_update_probe_v1,151,2000,5073,14650fb0739d0383,alpha_commit=1.2|alpha_block=1.1499999999999999|alpha_wait_spillover=0.69999999999999996|rho_decay=0.94999999999999996|force_additive=0|enable_dual_channel=1|alpha_cong_commit_progress=1.2|alpha_cong_commit_nonprogress=1.2|alpha_cong_block=1.1499999999999999|alpha_cong_wait_progress=0.69999999999999996|alpha_cong_wait_nonprogress=0.69999999999999996|alpha_flow_commit_progress=1|alpha_flow_wait_progress=0|rho_cong_decay=0.94999999999999996|rho_flow_decay=1|lambda_cong=1|lambda_flow=0|min_edge_cost=1|max_edge_cost=11|goal_projection_mode=flow_shield|flow_shield_beta=0.59999999999999998|max_flow_shield=0.75,bd71bc939325964
False,50,repair5g518_grid_c1p20_b1p35_f1p00_w0p70_dc0p95_df1p00_beta0p55_max0p75_c0,True,maze-32-32-4|a50|s151|it0|repair5g518_batch_C_budget_2000ms_static_context,-0.0784213223988,0.0158892875448,True,False,0,maze-32-32-4,repair5g518_batch_C_budget_2000ms_static_context,maze-32-32-4|a50|s151|it0|14650fb0739d0383,-0.00666324961558,False,False,100,True,4950,1951,340.315,True,2285,1.17119425935,repair5g518_grid_c1p20_b1p35_f1p00_w0p70_dc0p95_df1p00_beta0p55_max0p75_c0,maze-32-32-4-random-151.scen,phase5p5_repair5g54_counterfactual_update_probe_v1,151,2000,5073,14650fb0739d0383,alpha_commit=1.2|alpha_block=1.3500000000000001|alpha_wait_spillover=0.69999999999999996|rho_decay=0.94999999999999996|force_additive=0|enable_dual_channel=1|alpha_cong_commit_progress=1.2|alpha_cong_commit_nonprogress=1.2|alpha_cong_block=1.3500000000000001|alpha_cong_wait_progress=0.69999999999999996|alpha_cong_wait_nonprogress=0.69999999999999996|alpha_flow_commit_progress=1|alpha_flow_wait_progress=0|rho_cong_decay=0.94999999999999996|rho_flow_decay=1|lambda_cong=1|lambda_flow=0|min_edge_cost=1|max_edge_cost=11|goal_projection_mode=flow_shield|flow_shield_beta=0.55000000000000004|max_flow_shield=0.75,64aae9147d013f06
False,50,repair5g518_grid_c1p35_b1p35_f1p00_w0p80_dc0p95_df1p00_beta0p25_max0p75_c0,True,maze-32-32-4|a50|s151|it0|repair5g518_batch_C_budget_2000ms_static_context,-0.0948231676064,-0.000512557662737,True,False,0,maze-32-32-4,repair5g518_batch_C_budget_2000ms_static_context,maze-32-32-4|a50|s151|it0|14650fb0739d0383,-0.00666324961558,False,False,98,True,4850,1951,355.5253,True,2253,1.15479241415,repair5g518_grid_c1p35_b1p35_f1p00_w0p80_dc0p95_df1p00_beta0p25_max0p75_c0,maze-32-32-4-random-151.scen,phase5p5_repair5g54_counterfactual_update_probe_v1,151,2000,5073,14650fb0739d0383,alpha_commit=1.3500000000000001|alpha_block=1.3500000000000001|alpha_wait_spillover=0.80000000000000004|rho_decay=0.94999999999999996|force_additive=0|enable_dual_channel=1|alpha_cong_commit_progress=1.3500000000000001|alpha_cong_commit_nonprogress=1.3500000000000001|alpha_cong_block=1.3500000000000001|alpha_cong_wait_progress=0.80000000000000004|alpha_cong_wait_nonprogress=0.80000000000000004|alpha_flow_commit_progress=1|alpha_flow_wait_progress=0|rho_cong_decay=0.94999999999999996|rho_flow_decay=1|lambda_cong=1|lambda_flow=0|min_edge_cost=1|max_edge_cost=11|goal_projection_mode=flow_shield|flow_shield_beta=0.25|max_flow_shield=0.75,3d3823354692d4b7
False,50,repair5g518_grid_c1p20_b1p15_f1p00_w0p70_dc0p95_df1p00_beta0p55_max0p75_c0,True,maze-32-32-4|a50|s151|it0|repair5g518_batch_C_budget_2000ms_static_context,-0.100973859559,-0.00666324961558,True,True,0,maze-32-32-4,repair5g518_batch_C_budget_2000ms_static_context,maze-32-32-4|a50|s151|it0|14650fb0739d0383,-0.00666324961558,False,False,97,True,4800,1951,439.9737,True,2241,1.14864172219,repair5g518_grid_c1p20_b1p15_f1p00_w0p70_dc0p95_df1p00_beta0p55_max0p75_c0,maze-32-32-4-random-151.scen,phase5p5_repair5g54_counterfactual_update_probe_v1,151,2000,5073,14650fb0739d0383,alpha_commit=1.2|alpha_block=1.1499999999999999|alpha_wait_spillover=0.69999999999999996|rho_decay=0.94999999999999996|force_additive=0|enable_dual_channel=1|alpha_cong_commit_progress=1.2|alpha_cong_commit_nonprogress=1.2|alpha_cong_block=1.1499999999999999|alpha_cong_wait_progress=0.69999999999999996|alpha_cong_wait_nonprogress=0.69999999999999996|alpha_flow_commit_progress=1|alpha_flow_wait_progress=0|rho_cong_decay=0.94999999999999996|rho_flow_decay=1|lambda_cong=1|lambda_flow=0|min_edge_cost=1|max_edge_cost=11|goal_projection_mode=flow_shield|flow_shield_beta=0.55000000000000004|max_flow_shield=0.75,c75a028b5f4a7c6a
False,50,repair5g518_grid_c1p35_b1p15_f1p00_w0p80_dc0p95_df1p00_beta0p25_max0p90_c0,True,maze-32-32-4|a50|s151|it0|repair5g518_batch_C_budget_2000ms_static_context,-0.0958482829318,-0.00153767298821,True,False,0,maze-32-32-4,repair5g518_batch_C_budget_2000ms_static_context,maze-32-32-4|a50|s151|it0|14650fb0739d0383,-0.00666324961558,False,False,97,True,4800,1951,716.7554,True,2251,1.15376729882,repair5g518_grid_c1p35_b1p15_f1p00_w0p80_dc0p95_df1p00_beta0p25_max0p90_c0,maze-32-32-4-random-151.scen,phase5p5_repair5g54_counterfactual_update_probe_v1,151,2000,5073,14650fb0739d0383,alpha_commit=1.3500000000000001|alpha_block=1.1499999999999999|alpha_wait_spillover=0.80000000000000004|rho_decay=0.94999999999999996|force_additive=0|enable_dual_channel=1|alpha_cong_commit_progress=1.3500000000000001|alpha_cong_commit_nonprogress=1.3500000000000001|alpha_cong_block=1.1499999999999999|alpha_cong_wait_progress=0.80000000000000004|alpha_cong_wait_nonprogress=0.80000000000000004|alpha_flow_commit_progress=1|alpha_flow_wait_progress=0|rho_cong_decay=0.94999999999999996|rho_flow_decay=1|lambda_cong=1|lambda_flow=0|min_edge_cost=1|max_edge_cost=11|goal_projection_mode=flow_shield|flow_shield_beta=0.25|max_flow_shield=0.90000000000000002,c14a9259b35efe2c
False,50,repair5g518_grid_c1p20_b1p15_f1p00_w0p80_dc0p95_df1p00_beta0p25_max0p75_c0,True,maze-32-32-4|a50|s151|it0|repair5g518_batch_C_budget_2000ms_static_context,-0.0820092260379,0.0123013839057,True,False,0,maze-32-32-4,repair5g518_batch_C_budget_2000ms_static_context,maze-32-32-4|a50|s151|it0|14650fb0739d0383,-0.00666324961558,False,False,101,True,5000,1951,601.6697,True,2278,1.16760635572,repair5g518_grid_c1p20_b1p15_f1p00_w0p80_dc0p95_df1p00_beta0p25_max0p75_c0,maze-32-32-4-random-151.scen,phase5p5_repair5g54_counterfactual_update_probe_v1,151,2000,5073,14650fb0739d0383,alpha_commit=1.2|alpha_block=1.1499999999999999|alpha_wait_spillover=0.80000000000000004|rho_decay=0.94999999999999996|force_additive=0|enable_dual_channel=1|alpha_cong_commit_progress=1.2|alpha_cong_commit_nonprogress=1.2|alpha_cong_block=1.1499999999999999|alpha_cong_wait_progress=0.80000000000000004|alpha_cong_wait_nonprogress=0.80000000000000004|alpha_flow_commit_progress=1|alpha_flow_wait_progress=0|rho_cong_decay=0.94999999999999996|rho_flow_decay=1|lambda_cong=1|lambda_flow=0|min_edge_cost=1|max_edge_cost=11|goal_projection_mode=flow_shield|flow_shield_beta=0.25|max_flow_shield=0.75,97751ce856647dd0
False,50,repair5g518_grid_c1p25_b1p25_f1p00_w0p60_dc0p95_df1p00_beta0p25_max1p00_c0,True,maze-32-32-4|a50|s151|it0|repair5g518_batch_C_budget_2000ms_static_context,0.166068682727,0.26037929267,True,False,0,maze-32-32-4,repair5g518_batch_C_budget_2000ms_static_context,maze-32-32-4|a50|s151|it0|14650fb0739d0383,-0.00666324961558,False,False,156,True,7750,1951,663.8881,True,2762,1.41568426448,repair5g518_grid_c1p25_b1p25_f1p00_w0p60_dc0p95_df1p00_beta0p25_max1p00_c0,maze-32-32-4-random-151.scen,phase5p5_repair5g54_counterfactual_update_probe_v1,151,2000,5073,14650fb0739d0383,alpha_commit=1.25|alpha_block=1.25|alpha_wait_spillover=0.59999999999999998|rho_decay=0.94999999999999996|force_additive=0|enable_dual_channel=1|alpha_cong_commit_progress=1.25|alpha_cong_commit_nonprogress=1.25|alpha_cong_block=1.25|alpha_cong_wait_progress=0.59999999999999998|alpha_cong_wait_nonprogress=0.59999999999999998|alpha_flow_commit_progress=1|alpha_flow_wait_progress=0|rho_cong_decay=0.94999999999999996|rho_flow_decay=1|lambda_cong=1|lambda_flow=0|min_edge_cost=1|max_edge_cost=11|goal_projection_mode=flow_shield|flow_shield_beta=0.25|max_flow_shield=1,bf6282b8805592a2
False,50,repair5g518_grid_c1p25_b1p25_f1p00_w0p60_dc0p95_df1p00_beta0p20_max1p00_c0,True,maze-32-32-4|a50|s151|it0|repair5g518_batch_C_budget_2000ms_static_context,-0.0240902101486,0.070220399795,True,False,0,maze-32-32-4,repair5g518_batch_C_budget_2000ms_static_context,maze-32-32-4|a50|s151|it0|14650fb0739d0383,-0.00666324961558,False,False,97,True,4800,1951,463.5995,True,2391,1.2255253716,repair5g518_grid_c1p25_b1p25_f1p00_w0p60_dc0p95_df1p00_beta0p20_max1p00_c0,maze-32-32-4-random-151.scen,phase5p5_repair5g54_counterfactual_update_probe_v1,151,2000,5073,14650fb0739d0383,alpha_commit=1.25|alpha_block=1.25|alpha_wait_spillover=0.59999999999999998|rho_decay=0.94999999999999996|force_additive=0|enable_dual_channel=1|alpha_cong_commit_progress=1.25|alpha_cong_commit_nonprogress=1.25|alpha_cong_block=1.25|alpha_cong_wait_progress=0.59999999999999998|alpha_cong_wait_nonprogress=0.59999999999999998|alpha_flow_commit_progress=1|alpha_flow_wait_progress=0|rho_cong_decay=0.94999999999999996|rho_flow_decay=1|lambda_cong=1|lambda_flow=0|min_edge_cost=1|max_edge_cost=11|goal_projection_mode=flow_shield|flow_shield_beta=0.20000000000000001|max_flow_shield=1,2625f07ab5b8f9e2
False,50,repair5g59_additive_fallback,True,random-32-32-20|a50|s151|it0|repair5g518_batch_C_budget_1000ms_static_context,0,0.163412127441,True,False,0,random-32-32-20,repair5g518_batch_C_budget_1000ms_static_context,random-32-32-20|a50|s151|it0|14650fb0739d0383,-0.0801644398767,False,False,49,True,2400,973,163.4102,True,1326,1.3627954779,repair5g59_additive_fallback,random-32-32-20-random-151.scen,phase5p5_repair5g54_counterfactual_update_probe_v1,151,1000,2246,14650fb0739d0383,alpha_commit=1|alpha_block=1|alpha_wait_spillover=1|rho_decay=1|force_additive=1|enable_dual_channel=0|alpha_cong_commit_progress=0|alpha_cong_commit_nonprogress=1|alpha_cong_block=1|alpha_cong_wait_progress=1|alpha_cong_wait_nonprogress=1|alpha_flow_commit_progress=0|alpha_flow_wait_progress=0|rho_cong_decay=1|rho_flow_decay=1|lambda_cong=1|lambda_flow=0|min_edge_cost=0.25|max_edge_cost=11|goal_projection_mode=none|flow_shield_beta=0|max_flow_shield=0,35049bacad216c02
False,50,repair5g59_block_heavy_flow_guard,True,random-32-32-20|a50|s151|it0|repair5g518_batch_C_budget_1000ms_static_context,-0.144912641316,0.0184994861254,True,False,0,random-32-32-20,repair5g518_batch_C_budget_1000ms_static_context,random-32-32-20|a50|s151|it0|14650fb0739d0383,-0.0801644398767,False,False,49,True,2400,973,263.394,True,1185,1.21788283659,repair5g59_block_heavy_flow_guard,random-32-32-20-random-151.scen,phase5p5_repair5g54_counterfactual_update_probe_v1,151,1000,2246,14650fb0739d0383,alpha_commit=1|alpha_block=1.5|alpha_wait_spillover=0.5|rho_decay=0.94999999999999996|force_additive=0|enable_dual_channel=1|alpha_cong_commit_progress=1|alpha_cong_commit_nonprogress=1|alpha_cong_block=1.5|alpha_cong_wait_progress=0.5|alpha_cong_wait_nonprogress=0.5|alpha_flow_commit_progress=1|alpha_flow_wait_progress=0|rho_cong_decay=0.94999999999999996|rho_flow_decay=1|lambda_cong=1|lambda_flow=0|min_edge_cost=1|max_edge_cost=11|goal_projection_mode=flow_shield|flow_shield_beta=0.34999999999999998|max_flow_shield=0.75,bb2a55cecde4524d
False,50,repair5g59_c_only_f_disabled,True,random-32-32-20|a50|s151|it0|repair5g518_batch_C_budget_1000ms_static_context,-0.0113052415211,0.15210688592,True,False,0,random-32-32-20,repair5g518_batch_C_budget_1000ms_static_context,random-32-32-20|a50|s151|it0|14650fb0739d0383,-0.0801644398767,False,False,49,True,2400,973,230.8737,True,1315,1.35149023638,repair5g59_c_only_f_disabled,random-32-32-20-random-151.scen,phase5p5_repair5g54_counterfactual_update_probe_v1,151,1000,2246,14650fb0739d0383,alpha_commit=1.25|alpha_block=1.25|alpha_wait_spillover=0.75|rho_decay=0.94999999999999996|force_additive=0|enable_dual_channel=1|alpha_cong_commit_progress=1.25|alpha_cong_commit_nonprogress=1.25|alpha_cong_block=1.25|alpha_cong_wait_progress=0.75|alpha_cong_wait_nonprogress=0.75|alpha_flow_commit_progress=0|alpha_flow_wait_progress=0|rho_cong_decay=0.94999999999999996|rho_flow_decay=1|lambda_cong=1|lambda_flow=0|min_edge_cost=0.25|max_edge_cost=11|goal_projection_mode=none|flow_shield_beta=0|max_flow_shield=0,6cf6b157bee71acd
False,50,repair5g59_commit_heavy_flow_guard,True,random-32-32-20|a50|s151|it0|repair5g518_batch_C_budget_1000ms_static_context,-0.144912641316,0.0184994861254,True,False,0,random-32-32-20,repair5g518_batch_C_budget_1000ms_static_context,random-32-32-20|a50|s151|it0|14650fb0739d0383,-0.0801644398767,False,False,51,True,2500,973,252.1454,True,1185,1.21788283659,repair5g59_commit_heavy_flow_guard,random-32-32-20-random-151.scen,phase5p5_repair5g54_counterfactual_update_probe_v1,151,1000,2246,14650fb0739d0383,alpha_commit=1.5|alpha_block=1|alpha_wait_spillover=0.75|rho_decay=0.94999999999999996|force_additive=0|enable_dual_channel=1|alpha_cong_commit_progress=1.5|alpha_cong_commit_nonprogress=1.5|alpha_cong_block=1|alpha_cong_wait_progress=0.75|alpha_cong_wait_nonprogress=0.75|alpha_flow_commit_progress=1|alpha_flow_wait_progress=0|rho_cong_decay=0.94999999999999996|rho_flow_decay=1|lambda_cong=1|lambda_flow=0|min_edge_cost=1|max_edge_cost=11|goal_projection_mode=flow_shield|flow_shield_beta=0.34999999999999998|max_flow_shield=0.75,3cd172c18b79c21
False,50,repair5g59_fast_decay_low_shield,True,random-32-32-20|a50|s151|it0|repair5g518_batch_C_budget_1000ms_static_context,-0.119218910586,0.0441932168551,True,False,0,random-32-32-20,repair5g518_batch_C_budget_1000ms_static_context,random-32-32-20|a50|s151|it0|14650fb0739d0383,-0.0801644398767,False,False,49,True,2400,973,248.4939,True,1210,1.24357656732,repair5g59_fast_decay_low_shield,random-32-32-20-random-151.scen,phase5p5_repair5g54_counterfactual_update_probe_v1,151,1000,2246,14650fb0739d0383,alpha_commit=1.25|alpha_block=1.25|alpha_wait_spillover=0.75|rho_decay=0.90000000000000002|force_additive=0|enable_dual_channel=1|alpha_cong_commit_progress=1.25|alpha_cong_commit_nonprogress=1.25|alpha_cong_block=1.25|alpha_cong_wait_progress=0.75|alpha_cong_wait_nonprogress=0.75|alpha_flow_commit_progress=1|alpha_flow_wait_progress=0|rho_cong_decay=0.90000000000000002|rho_flow_decay=1|lambda_cong=1|lambda_flow=0|min_edge_cost=1|max_edge_cost=11|goal_projection_mode=flow_shield|flow_shield_beta=0.20000000000000001|max_flow_shield=0.5,3f2416d2709cdc46
False,50,repair5g59_flow_decay,True,random-32-32-20|a50|s151|it0|repair5g518_batch_C_budget_1000ms_static_context,-0.163412127441,0,True,False,0,random-32-32-20,repair5g518_batch_C_budget_1000ms_static_context,random-32-32-20|a50|s151|it0|14650fb0739d0383,-0.0801644398767,False,False,49,True,2400,973,266.7301,True,1167,1.19938335046,repair5g59_flow_decay,random-32-32-20-random-151.scen,phase5p5_repair5g54_counterfactual_update_probe_v1,151,1000,2246,14650fb0739d0383,alpha_commit=1.25|alpha_block=1.25|alpha_wait_spillover=0.75|rho_decay=0.94999999999999996|force_additive=0|enable_dual_channel=1|alpha_cong_commit_progress=1.25|alpha_cong_commit_nonprogress=1.25|alpha_cong_block=1.25|alpha_cong_wait_progress=0.75|alpha_cong_wait_nonprogress=0.75|alpha_flow_commit_progress=1|alpha_flow_wait_progress=0|rho_cong_decay=0.94999999999999996|rho_flow_decay=0.94999999999999996|lambda_cong=1|lambda_flow=0|min_edge_cost=1|max_edge_cost=11|goal_projection_mode=flow_shield|flow_shield_beta=0.34999999999999998|max_flow_shield=0.75,f091bb5344ed5c8f
False,50,repair5g59_high_beta_cap_safe,True,random-32-32-20|a50|s151|it0|repair5g518_batch_C_budget_1000ms_static_context,-0.219938335046,-0.0565262076053,True,False,0,random-32-32-20,repair5g518_batch_C_budget_1000ms_static_context,random-32-32-20|a50|s151|it0|14650fb0739d0383,-0.0801644398767,False,False,49,True,2399,973,266.4891,True,1112,1.14285714286,repair5g59_high_beta_cap_safe,random-32-32-20-random-151.scen,phase5p5_repair5g54_counterfactual_update_probe_v1,151,1000,2246,14650fb0739d0383,alpha_commit=1.25|alpha_block=1.25|alpha_wait_spillover=0.75|rho_decay=0.94999999999999996|force_additive=0|enable_dual_channel=1|alpha_cong_commit_progress=1.25|alpha_cong_commit_nonprogress=1.25|alpha_cong_block=1.25|alpha_cong_wait_progress=0.75|alpha_cong_wait_nonprogress=0.75|alpha_flow_commit_progress=1|alpha_flow_wait_progress=0|rho_cong_decay=0.94999999999999996|rho_flow_decay=1|lambda_cong=1|lambda_flow=0|min_edge_cost=1|max_edge_cost=11|goal_projection_mode=flow_shield|flow_shield_beta=0.59999999999999998|max_flow_shield=0.75,fbcf27bf34de68c
False,50,repair5g59_light_cong_light_flow,True,random-32-32-20|a50|s151|it0|repair5g518_batch_C_budget_1000ms_static_context,-0.113052415211,0.0503597122302,True,False,0,random-32-32-20,repair5g518_batch_C_budget_1000ms_static_context,random-32-32-20|a50|s151|it0|14650fb0739d0383,-0.0801644398767,False,False,49,True,2399,973,245.7498,True,1216,1.24974306269,repair5g59_light_cong_light_flow,random-32-32-20-random-151.scen,phase5p5_repair5g54_counterfactual_update_probe_v1,151,1000,2246,14650fb0739d0383,alpha_commit=1|alpha_block=1|alpha_wait_spillover=0.75|rho_decay=0.97999999999999998|force_additive=0|enable_dual_channel=1|alpha_cong_commit_progress=1|alpha_cong_commit_nonprogress=1|alpha_cong_block=1|alpha_cong_wait_progress=0.75|alpha_cong_wait_nonprogress=0.75|alpha_flow_commit_progress=0.75|alpha_flow_wait_progress=0|rho_cong_decay=0.97999999999999998|rho_flow_decay=1|lambda_cong=1|lambda_flow=0|min_edge_cost=1|max_edge_cost=11|goal_projection_mode=flow_shield|flow_shield_beta=0.25|max_flow_shield=0.5,15be9d4820cb1154
False,50,repair5g59_low_beta_high_cap,True,random-32-32-20|a50|s151|it0|repair5g518_batch_C_budget_1000ms_static_context,-0.15210688592,0.0113052415211,True,False,0,random-32-32-20,repair5g518_batch_C_budget_1000ms_static_context,random-32-32-20|a50|s151|it0|14650fb0739d0383,-0.0801644398767,False,False,46,True,2249,973,355.8152,True,1178,1.21068859198,repair5g59_low_beta_high_cap,random-32-32-20-random-151.scen,phase5p5_repair5g54_counterfactual_update_probe_v1,151,1000,2246,14650fb0739d0383,alpha_commit=1.25|alpha_block=1.25|alpha_wait_spillover=0.75|rho_decay=0.94999999999999996|force_additive=0|enable_dual_channel=1|alpha_cong_commit_progress=1.25|alpha_cong_commit_nonprogress=1.25|alpha_cong_block=1.25|alpha_cong_wait_progress=0.75|alpha_cong_wait_nonprogress=0.75|alpha_flow_commit_progress=1|alpha_flow_wait_progress=0|rho_cong_decay=0.94999999999999996|rho_flow_decay=1|lambda_cong=1|lambda_flow=0|min_edge_cost=1|max_edge_cost=11|goal_projection_mode=flow_shield|flow_shield_beta=0.20000000000000001|max_flow_shield=1.25,5b1c2a7ba7dd48cb
False,50,repair5g59_slow_decay_high_shield,True,random-32-32-20|a50|s151|it0|repair5g518_batch_C_budget_1000ms_static_context,-0.243576567318,-0.0801644398767,True,True,0,random-32-32-20,repair5g518_batch_C_budget_1000ms_static_context,random-32-32-20|a50|s151|it0|14650fb0739d0383,-0.0801644398767,False,False,43,True,2100,973,369.5713,True,1089,1.11921891059,repair5g59_slow_decay_high_shield,random-32-32-20-random-151.scen,phase5p5_repair5g54_counterfactual_update_probe_v1,151,1000,2246,14650fb0739d0383,alpha_commit=1.25|alpha_block=1.25|alpha_wait_spillover=0.75|rho_decay=0.97999999999999998|force_additive=0|enable_dual_channel=1|alpha_cong_commit_progress=1.25|alpha_cong_commit_nonprogress=1.25|alpha_cong_block=1.25|alpha_cong_wait_progress=0.75|alpha_cong_wait_nonprogress=0.75|alpha_flow_commit_progress=1|alpha_flow_wait_progress=0|rho_cong_decay=0.97999999999999998|rho_flow_decay=1|lambda_cong=1|lambda_flow=0|min_edge_cost=1|max_edge_cost=11|goal_projection_mode=flow_shield|flow_shield_beta=0.5|max_flow_shield=1,15da3e1ec294f75e
False,50,repair5g59_static_abstain_candidate,True,random-32-32-20|a50|s151|it0|repair5g518_batch_C_budget_1000ms_static_context,-0.163412127441,0,True,False,0,random-32-32-20,repair5g518_batch_C_budget_1000ms_static_context,random-32-32-20|a50|s151|it0|14650fb0739d0383,-0.0801644398767,False,False,49,True,2400,973,363.1658,True,1167,1.19938335046,repair5g59_static_abstain_candidate,random-32-32-20-random-151.scen,phase5p5_repair5g54_counterfactual_update_probe_v1,151,1000,2246,14650fb0739d0383,alpha_commit=1.25|alpha_block=1.25|alpha_wait_spillover=0.75|rho_decay=0.94999999999999996|force_additive=0|enable_dual_channel=1|alpha_cong_commit_progress=1.25|alpha_cong_commit_nonprogress=1.25|alpha_cong_block=1.25|alpha_cong_wait_progress=0.75|alpha_cong_wait_nonprogress=0.75|alpha_flow_commit_progress=1|alpha_flow_wait_progress=0|rho_cong_decay=0.94999999999999996|rho_flow_decay=1|lambda_cong=1|lambda_flow=0|min_edge_cost=1|max_edge_cost=11|goal_projection_mode=flow_shield|flow_shield_beta=0.34999999999999998|max_flow_shield=0.75,29737bed70c56f0d
False,50,repair5g59_static_flow_shield,True,random-32-32-20|a50|s151|it0|repair5g518_batch_C_budget_1000ms_static_context,-0.163412127441,0,True,False,0,random-32-32-20,repair5g518_batch_C_budget_1000ms_static_context,random-32-32-20|a50|s151|it0|14650fb0739d0383,-0.0801644398767,False,False,49,True,2400,973,375.4719,True,1167,1.19938335046,repair5g59_static_flow_shield,random-32-32-20-random-151.scen,phase5p5_repair5g54_counterfactual_update_probe_v1,151,1000,2246,14650fb0739d0383,alpha_commit=1.25|alpha_block=1.25|alpha_wait_spillover=0.75|rho_decay=0.94999999999999996|force_additive=0|enable_dual_channel=1|alpha_cong_commit_progress=1.25|alpha_cong_commit_nonprogress=1.25|alpha_cong_block=1.25|alpha_cong_wait_progress=0.75|alpha_cong_wait_nonprogress=0.75|alpha_flow_commit_progress=1|alpha_flow_wait_progress=0|rho_cong_decay=0.94999999999999996|rho_flow_decay=1|lambda_cong=1|lambda_flow=0|min_edge_cost=1|max_edge_cost=11|goal_projection_mode=flow_shield|flow_shield_beta=0.34999999999999998|max_flow_shield=0.75,29737bed70c56f0d
False,50,repair5g59_wait_aggressive,True,random-32-32-20|a50|s151|it0|repair5g518_batch_C_budget_1000ms_static_context,-0.17780061665,-0.0143884892086,True,False,0,random-32-32-20,repair5g518_batch_C_budget_1000ms_static_context,random-32-32-20|a50|s151|it0|14650fb0739d0383,-0.0801644398767,False,False,49,True,2399,973,366.8665,True,1153,1.18499486125,repair5g59_wait_aggressive,random-32-32-20-random-151.scen,phase5p5_repair5g54_counterfactual_update_probe_v1,151,1000,2246,14650fb0739d0383,alpha_commit=1.25|alpha_block=1.25|alpha_wait_spillover=1|rho_decay=0.94999999999999996|force_additive=0|enable_dual_channel=1|alpha_cong_commit_progress=1.25|alpha_cong_commit_nonprogress=1.25|alpha_cong_block=1.25|alpha_cong_wait_progress=1|alpha_cong_wait_nonprogress=1|alpha_flow_commit_progress=1|alpha_flow_wait_progress=0|rho_cong_decay=0.94999999999999996|rho_flow_decay=1|lambda_cong=1|lambda_flow=0|min_edge_cost=1|max_edge_cost=11|goal_projection_mode=flow_shield|flow_shield_beta=0.34999999999999998|max_flow_shield=0.75,1adae8b415a845e4
False,50,repair5g59_wait_conservative,True,random-32-32-20|a50|s151|it0|repair5g518_batch_C_budget_1000ms_static_context,-0.182939362795,-0.0195272353546,True,False,0,random-32-32-20,repair5g518_batch_C_budget_1000ms_static_context,random-32-32-20|a50|s151|it0|14650fb0739d0383,-0.0801644398767,False,False,49,True,2400,973,369.9601,True,1148,1.17985611511,repair5g59_wait_conservative,random-32-32-20-random-151.scen,phase5p5_repair5g54_counterfactual_update_probe_v1,151,1000,2246,14650fb0739d0383,alpha_commit=1.25|alpha_block=1.25|alpha_wait_spillover=0.5|rho_decay=0.94999999999999996|force_additive=0|enable_dual_channel=1|alpha_cong_commit_progress=1.25|alpha_cong_commit_nonprogress=1.25|alpha_cong_block=1.25|alpha_cong_wait_progress=0.5|alpha_cong_wait_nonprogress=0.5|alpha_flow_commit_progress=1|alpha_flow_wait_progress=0|rho_cong_decay=0.94999999999999996|rho_flow_decay=1|lambda_cong=1|lambda_flow=0|min_edge_cost=1|max_edge_cost=11|goal_projection_mode=flow_shield|flow_shield_beta=0.34999999999999998|max_flow_shield=0.75,421aa7c6efea31b2
False,50,repair5g518_grid_c1p20_b1p15_f1p00_w0p70_dc0p95_df1p00_beta0p60_max0p75_c0,True,random-32-32-20|a50|s151|it0|repair5g518_batch_C_budget_1000ms_static_context,-0.219938335046,-0.0565262076053,True,False,0,random-32-32-20,repair5g518_batch_C_budget_1000ms_static_context,random-32-32-20|a50|s151|it0|14650fb0739d0383,-0.0801644398767,False,False,49,True,2399,973,370.9685,True,1112,1.14285714286,repair5g518_grid_c1p20_b1p15_f1p00_w0p70_dc0p95_df1p00_beta0p60_max0p75_c0,random-32-32-20-random-151.scen,phase5p5_repair5g54_counterfactual_update_probe_v1,151,1000,2246,14650fb0739d0383,alpha_commit=1.2|alpha_block=1.1499999999999999|alpha_wait_spillover=0.69999999999999996|rho_decay=0.94999999999999996|force_additive=0|enable_dual_channel=1|alpha_cong_commit_progress=1.2|alpha_cong_commit_nonprogress=1.2|alpha_cong_block=1.1499999999999999|alpha_cong_wait_progress=0.69999999999999996|alpha_cong_wait_nonprogress=0.69999999999999996|alpha_flow_commit_progress=1|alpha_flow_wait_progress=0|rho_cong_decay=0.94999999999999996|rho_flow_decay=1|lambda_cong=1|lambda_flow=0|min_edge_cost=1|max_edge_cost=11|goal_projection_mode=flow_shield|flow_shield_beta=0.59999999999999998|max_flow_shield=0.75,bd71bc939325964
False,50,repair5g518_grid_c1p20_b1p35_f1p00_w0p70_dc0p95_df1p00_beta0p55_max0p75_c0,True,random-32-32-20|a50|s151|it0|repair5g518_batch_C_budget_1000ms_static_context,-0.179856115108,-0.016443987667,True,False,0,random-32-32-20,repair5g518_batch_C_budget_1000ms_static_context,random-32-32-20|a50|s151|it0|14650fb0739d0383,-0.0801644398767,False,False,49,True,2400,973,370.55,True,1151,1.1829393628,repair5g518_grid_c1p20_b1p35_f1p00_w0p70_dc0p95_df1p00_beta0p55_max0p75_c0,random-32-32-20-random-151.scen,phase5p5_repair5g54_counterfactual_update_probe_v1,151,1000,2246,14650fb0739d0383,alpha_commit=1.2|alpha_block=1.3500000000000001|alpha_wait_spillover=0.69999999999999996|rho_decay=0.94999999999999996|force_additive=0|enable_dual_channel=1|alpha_cong_commit_progress=1.2|alpha_cong_commit_nonprogress=1.2|alpha_cong_block=1.3500000000000001|alpha_cong_wait_progress=0.69999999999999996|alpha_cong_wait_nonprogress=0.69999999999999996|alpha_flow_commit_progress=1|alpha_flow_wait_progress=0|rho_cong_decay=0.94999999999999996|rho_flow_decay=1|lambda_cong=1|lambda_flow=0|min_edge_cost=1|max_edge_cost=11|goal_projection_mode=flow_shield|flow_shield_beta=0.55000000000000004|max_flow_shield=0.75,64aae9147d013f06
False,50,repair5g518_grid_c1p35_b1p35_f1p00_w0p80_dc0p95_df1p00_beta0p25_max0p75_c0,True,random-32-32-20|a50|s151|it0|repair5g518_batch_C_budget_1000ms_static_context,-0.116135662898,0.0472764645427,True,False,0,random-32-32-20,repair5g518_batch_C_budget_1000ms_static_context,random-32-32-20|a50|s151|it0|14650fb0739d0383,-0.0801644398767,False,False,49,True,2400,973,373.646,True,1213,1.24665981501,repair5g518_grid_c1p35_b1p35_f1p00_w0p80_dc0p95_df1p00_beta0p25_max0p75_c0,random-32-32-20-random-151.scen,phase5p5_repair5g54_counterfactual_update_probe_v1,151,1000,2246,14650fb0739d0383,alpha_commit=1.3500000000000001|alpha_block=1.3500000000000001|alpha_wait_spillover=0.80000000000000004|rho_decay=0.94999999999999996|force_additive=0|enable_dual_channel=1|alpha_cong_commit_progress=1.3500000000000001|alpha_cong_commit_nonprogress=1.3500000000000001|alpha_cong_block=1.3500000000000001|alpha_cong_wait_progress=0.80000000000000004|alpha_cong_wait_nonprogress=0.80000000000000004|alpha_flow_commit_progress=1|alpha_flow_wait_progress=0|rho_cong_decay=0.94999999999999996|rho_flow_decay=1|lambda_cong=1|lambda_flow=0|min_edge_cost=1|max_edge_cost=11|goal_projection_mode=flow_shield|flow_shield_beta=0.25|max_flow_shield=0.75,3d3823354692d4b7
False,50,repair5g518_grid_c1p20_b1p15_f1p00_w0p70_dc0p95_df1p00_beta0p55_max0p75_c0,True,random-32-32-20|a50|s151|it0|repair5g518_batch_C_budget_1000ms_static_context,-0.219938335046,-0.0565262076053,True,False,0,random-32-32-20,repair5g518_batch_C_budget_1000ms_static_context,random-32-32-20|a50|s151|it0|14650fb0739d0383,-0.0801644398767,False,False,49,True,2399,973,362.0219,True,1112,1.14285714286,repair5g518_grid_c1p20_b1p15_f1p00_w0p70_dc0p95_df1p00_beta0p55_max0p75_c0,random-32-32-20-random-151.scen,phase5p5_repair5g54_counterfactual_update_probe_v1,151,1000,2246,14650fb0739d0383,alpha_commit=1.2|alpha_block=1.1499999999999999|alpha_wait_spillover=0.69999999999999996|rho_decay=0.94999999999999996|force_additive=0|enable_dual_channel=1|alpha_cong_commit_progress=1.2|alpha_cong_commit_nonprogress=1.2|alpha_cong_block=1.1499999999999999|alpha_cong_wait_progress=0.69999999999999996|alpha_cong_wait_nonprogress=0.69999999999999996|alpha_flow_commit_progress=1|alpha_flow_wait_progress=0|rho_cong_decay=0.94999999999999996|rho_flow_decay=1|lambda_cong=1|lambda_flow=0|min_edge_cost=1|max_edge_cost=11|goal_projection_mode=flow_shield|flow_shield_beta=0.55000000000000004|max_flow_shield=0.75,c75a028b5f4a7c6a
False,50,repair5g518_grid_c1p35_b1p15_f1p00_w0p80_dc0p95_df1p00_beta0p25_max0p90_c0,True,random-32-32-20|a50|s151|it0|repair5g518_batch_C_budget_1000ms_static_context,-0.155190133607,0.0082219938335,True,False,0,random-32-32-20,repair5g518_batch_C_budget_1000ms_static_context,random-32-32-20|a50|s151|it0|14650fb0739d0383,-0.0801644398767,False,False,49,True,2400,973,363.354,True,1175,1.2076053443,repair5g518_grid_c1p35_b1p15_f1p00_w0p80_dc0p95_df1p00_beta0p25_max0p90_c0,random-32-32-20-random-151.scen,phase5p5_repair5g54_counterfactual_update_probe_v1,151,1000,2246,14650fb0739d0383,alpha_commit=1.3500000000000001|alpha_block=1.1499999999999999|alpha_wait_spillover=0.80000000000000004|rho_decay=0.94999999999999996|force_additive=0|enable_dual_channel=1|alpha_cong_commit_progress=1.3500000000000001|alpha_cong_commit_nonprogress=1.3500000000000001|alpha_cong_block=1.1499999999999999|alpha_cong_wait_progress=0.80000000000000004|alpha_cong_wait_nonprogress=0.80000000000000004|alpha_flow_commit_progress=1|alpha_flow_wait_progress=0|rho_cong_decay=0.94999999999999996|rho_flow_decay=1|lambda_cong=1|lambda_flow=0|min_edge_cost=1|max_edge_cost=11|goal_projection_mode=flow_shield|flow_shield_beta=0.25|max_flow_shield=0.90000000000000002,c14a9259b35efe2c
False,50,repair5g518_grid_c1p20_b1p15_f1p00_w0p80_dc0p95_df1p00_beta0p25_max0p75_c0,True,random-32-32-20|a50|s151|it0|repair5g518_batch_C_budget_1000ms_static_context,-0.0770811921891,0.0863309352518,True,False,0,random-32-32-20,repair5g518_batch_C_budget_1000ms_static_context,random-32-32-20|a50|s151|it0|14650fb0739d0383,-0.0801644398767,False,False,49,True,2400,973,368.4395,True,1251,1.28571428571,repair5g518_grid_c1p20_b1p15_f1p00_w0p80_dc0p95_df1p00_beta0p25_max0p75_c0,random-32-32-20-random-151.scen,phase5p5_repair5g54_counterfactual_update_probe_v1,151,1000,2246,14650fb0739d0383,alpha_commit=1.2|alpha_block=1.1499999999999999|alpha_wait_spillover=0.80000000000000004|rho_decay=0.94999999999999996|force_additive=0|enable_dual_channel=1|alpha_cong_commit_progress=1.2|alpha_cong_commit_nonprogress=1.2|alpha_cong_block=1.1499999999999999|alpha_cong_wait_progress=0.80000000000000004|alpha_cong_wait_nonprogress=0.80000000000000004|alpha_flow_commit_progress=1|alpha_flow_wait_progress=0|rho_cong_decay=0.94999999999999996|rho_flow_decay=1|lambda_cong=1|lambda_flow=0|min_edge_cost=1|max_edge_cost=11|goal_projection_mode=flow_shield|flow_shield_beta=0.25|max_flow_shield=0.75,97751ce856647dd0
False,50,repair5g518_grid_c1p25_b1p25_f1p00_w0p60_dc0p95_df1p00_beta0p25_max1p00_c0,True,random-32-32-20|a50|s151|it0|repair5g518_batch_C_budget_1000ms_static_context,-0.174717368962,-0.0113052415211,True,False,0,random-32-32-20,repair5g518_batch_C_budget_1000ms_static_context,random-32-32-20|a50|s151|it0|14650fb0739d0383,-0.0801644398767,False,False,44,True,2150,973,361.8671,True,1156,1.18807810894,repair5g518_grid_c1p25_b1p25_f1p00_w0p60_dc0p95_df1p00_beta0p25_max1p00_c0,random-32-32-20-random-151.scen,phase5p5_repair5g54_counterfactual_update_probe_v1,151,1000,2246,14650fb0739d0383,alpha_commit=1.25|alpha_block=1.25|alpha_wait_spillover=0.59999999999999998|rho_decay=0.94999999999999996|force_additive=0|enable_dual_channel=1|alpha_cong_commit_progress=1.25|alpha_cong_commit_nonprogress=1.25|alpha_cong_block=1.25|alpha_cong_wait_progress=0.59999999999999998|alpha_cong_wait_nonprogress=0.59999999999999998|alpha_flow_commit_progress=1|alpha_flow_wait_progress=0|rho_cong_decay=0.94999999999999996|rho_flow_decay=1|lambda_cong=1|lambda_flow=0|min_edge_cost=1|max_edge_cost=11|goal_projection_mode=flow_shield|flow_shield_beta=0.25|max_flow_shield=1,bf6282b8805592a2
False,50,repair5g518_grid_c1p25_b1p25_f1p00_w0p60_dc0p95_df1p00_beta0p20_max1p00_c0,True,random-32-32-20|a50|s151|it0|repair5g518_batch_C_budget_1000ms_static_context,-0.134635149024,0.0287769784173,True,False,0,random-32-32-20,repair5g518_batch_C_budget_1000ms_static_context,random-32-32-20|a50|s151|it0|14650fb0739d0383,-0.0801644398767,False,False,46,True,2249,973,357.599,True,1195,1.22816032888,repair5g518_grid_c1p25_b1p25_f1p00_w0p60_dc0p95_df1p00_beta0p20_max1p00_c0,random-32-32-20-random-151.scen,phase5p5_repair5g54_counterfactual_update_probe_v1,151,1000,2246,14650fb0739d0383,alpha_commit=1.25|alpha_block=1.25|alpha_wait_spillover=0.59999999999999998|rho_decay=0.94999999999999996|force_additive=0|enable_dual_channel=1|alpha_cong_commit_progress=1.25|alpha_cong_commit_nonprogress=1.25|alpha_cong_block=1.25|alpha_cong_wait_progress=0.59999999999999998|alpha_cong_wait_nonprogress=0.59999999999999998|alpha_flow_commit_progress=1|alpha_flow_wait_progress=0|rho_cong_decay=0.94999999999999996|rho_flow_decay=1|lambda_cong=1|lambda_flow=0|min_edge_cost=1|max_edge_cost=11|goal_projection_mode=flow_shield|flow_shield_beta=0.20000000000000001|max_flow_shield=1,2625f07ab5b8f9e2
False,50,repair5g59_additive_fallback,True,random-32-32-20|a50|s151|it0|repair5g518_batch_C_budget_2000ms_static_context,0,0.163412127441,True,False,0,random-32-32-20,repair5g518_batch_C_budget_2000ms_static_context,random-32-32-20|a50|s151|it0|14650fb0739d0383,-0.0801644398767,False,False,49,True,2400,973,165.8021,True,1326,1.3627954779,repair5g59_additive_fallback,random-32-32-20-random-151.scen,phase5p5_repair5g54_counterfactual_update_probe_v1,151,2000,2246,14650fb0739d0383,alpha_commit=1|alpha_block=1|alpha_wait_spillover=1|rho_decay=1|force_additive=1|enable_dual_channel=0|alpha_cong_commit_progress=0|alpha_cong_commit_nonprogress=1|alpha_cong_block=1|alpha_cong_wait_progress=1|alpha_cong_wait_nonprogress=1|alpha_flow_commit_progress=0|alpha_flow_wait_progress=0|rho_cong_decay=1|rho_flow_decay=1|lambda_cong=1|lambda_flow=0|min_edge_cost=0.25|max_edge_cost=11|goal_projection_mode=none|flow_shield_beta=0|max_flow_shield=0,35049bacad216c02
False,50,repair5g59_block_heavy_flow_guard,True,random-32-32-20|a50|s151|it0|repair5g518_batch_C_budget_2000ms_static_context,-0.144912641316,0.0184994861254,True,False,0,random-32-32-20,repair5g518_batch_C_budget_2000ms_static_context,random-32-32-20|a50|s151|it0|14650fb0739d0383,-0.0801644398767,False,False,49,True,2400,973,248.3834,True,1185,1.21788283659,repair5g59_block_heavy_flow_guard,random-32-32-20-random-151.scen,phase5p5_repair5g54_counterfactual_update_probe_v1,151,2000,2246,14650fb0739d0383,alpha_commit=1|alpha_block=1.5|alpha_wait_spillover=0.5|rho_decay=0.94999999999999996|force_additive=0|enable_dual_channel=1|alpha_cong_commit_progress=1|alpha_cong_commit_nonprogress=1|alpha_cong_block=1.5|alpha_cong_wait_progress=0.5|alpha_cong_wait_nonprogress=0.5|alpha_flow_commit_progress=1|alpha_flow_wait_progress=0|rho_cong_decay=0.94999999999999996|rho_flow_decay=1|lambda_cong=1|lambda_flow=0|min_edge_cost=1|max_edge_cost=11|goal_projection_mode=flow_shield|flow_shield_beta=0.34999999999999998|max_flow_shield=0.75,bb2a55cecde4524d
False,50,repair5g59_c_only_f_disabled,True,random-32-32-20|a50|s151|it0|repair5g518_batch_C_budget_2000ms_static_context,-0.0113052415211,0.15210688592,True,False,0,random-32-32-20,repair5g518_batch_C_budget_2000ms_static_context,random-32-32-20|a50|s151|it0|14650fb0739d0383,-0.0801644398767,False,False,49,True,2400,973,208.2668,True,1315,1.35149023638,repair5g59_c_only_f_disabled,random-32-32-20-random-151.scen,phase5p5_repair5g54_counterfactual_update_probe_v1,151,2000,2246,14650fb0739d0383,alpha_commit=1.25|alpha_block=1.25|alpha_wait_spillover=0.75|rho_decay=0.94999999999999996|force_additive=0|enable_dual_channel=1|alpha_cong_commit_progress=1.25|alpha_cong_commit_nonprogress=1.25|alpha_cong_block=1.25|alpha_cong_wait_progress=0.75|alpha_cong_wait_nonprogress=0.75|alpha_flow_commit_progress=0|alpha_flow_wait_progress=0|rho_cong_decay=0.94999999999999996|rho_flow_decay=1|lambda_cong=1|lambda_flow=0|min_edge_cost=0.25|max_edge_cost=11|goal_projection_mode=none|flow_shield_beta=0|max_flow_shield=0,6cf6b157bee71acd
False,50,repair5g59_commit_heavy_flow_guard,True,random-32-32-20|a50|s151|it0|repair5g518_batch_C_budget_2000ms_static_context,-0.144912641316,0.0184994861254,True,False,0,random-32-32-20,repair5g518_batch_C_budget_2000ms_static_context,random-32-32-20|a50|s151|it0|14650fb0739d0383,-0.0801644398767,False,False,51,True,2500,973,236.057,True,1185,1.21788283659,repair5g59_commit_heavy_flow_guard,random-32-32-20-random-151.scen,phase5p5_repair5g54_counterfactual_update_probe_v1,151,2000,2246,14650fb0739d0383,alpha_commit=1.5|alpha_block=1|alpha_wait_spillover=0.75|rho_decay=0.94999999999999996|force_additive=0|enable_dual_channel=1|alpha_cong_commit_progress=1.5|alpha_cong_commit_nonprogress=1.5|alpha_cong_block=1|alpha_cong_wait_progress=0.75|alpha_cong_wait_nonprogress=0.75|alpha_flow_commit_progress=1|alpha_flow_wait_progress=0|rho_cong_decay=0.94999999999999996|rho_flow_decay=1|lambda_cong=1|lambda_flow=0|min_edge_cost=1|max_edge_cost=11|goal_projection_mode=flow_shield|flow_shield_beta=0.34999999999999998|max_flow_shield=0.75,3cd172c18b79c21
False,50,repair5g59_fast_decay_low_shield,True,random-32-32-20|a50|s151|it0|repair5g518_batch_C_budget_2000ms_static_context,-0.119218910586,0.0441932168551,True,False,0,random-32-32-20,repair5g518_batch_C_budget_2000ms_static_context,random-32-32-20|a50|s151|it0|14650fb0739d0383,-0.0801644398767,False,False,49,True,2400,973,260.7884,True,1210,1.24357656732,repair5g59_fast_decay_low_shield,random-32-32-20-random-151.scen,phase5p5_repair5g54_counterfactual_update_probe_v1,151,2000,2246,14650fb0739d0383,alpha_commit=1.25|alpha_block=1.25|alpha_wait_spillover=0.75|rho_decay=0.90000000000000002|force_additive=0|enable_dual_channel=1|alpha_cong_commit_progress=1.25|alpha_cong_commit_nonprogress=1.25|alpha_cong_block=1.25|alpha_cong_wait_progress=0.75|alpha_cong_wait_nonprogress=0.75|alpha_flow_commit_progress=1|alpha_flow_wait_progress=0|rho_cong_decay=0.90000000000000002|rho_flow_decay=1|lambda_cong=1|lambda_flow=0|min_edge_cost=1|max_edge_cost=11|goal_projection_mode=flow_shield|flow_shield_beta=0.20000000000000001|max_flow_shield=0.5,3f2416d2709cdc46
False,50,repair5g59_flow_decay,True,random-32-32-20|a50|s151|it0|repair5g518_batch_C_budget_2000ms_static_context,-0.163412127441,0,True,False,0,random-32-32-20,repair5g518_batch_C_budget_2000ms_static_context,random-32-32-20|a50|s151|it0|14650fb0739d0383,-0.0801644398767,False,False,49,True,2400,973,262.7402,True,1167,1.19938335046,repair5g59_flow_decay,random-32-32-20-random-151.scen,phase5p5_repair5g54_counterfactual_update_probe_v1,151,2000,2246,14650fb0739d0383,alpha_commit=1.25|alpha_block=1.25|alpha_wait_spillover=0.75|rho_decay=0.94999999999999996|force_additive=0|enable_dual_channel=1|alpha_cong_commit_progress=1.25|alpha_cong_commit_nonprogress=1.25|alpha_cong_block=1.25|alpha_cong_wait_progress=0.75|alpha_cong_wait_nonprogress=0.75|alpha_flow_commit_progress=1|alpha_flow_wait_progress=0|rho_cong_decay=0.94999999999999996|rho_flow_decay=0.94999999999999996|lambda_cong=1|lambda_flow=0|min_edge_cost=1|max_edge_cost=11|goal_projection_mode=flow_shield|flow_shield_beta=0.34999999999999998|max_flow_shield=0.75,f091bb5344ed5c8f
False,50,repair5g59_high_beta_cap_safe,True,random-32-32-20|a50|s151|it0|repair5g518_batch_C_budget_2000ms_static_context,-0.219938335046,-0.0565262076053,True,False,0,random-32-32-20,repair5g518_batch_C_budget_2000ms_static_context,random-32-32-20|a50|s151|it0|14650fb0739d0383,-0.0801644398767,False,False,49,True,2399,973,231.0214,True,1112,1.14285714286,repair5g59_high_beta_cap_safe,random-32-32-20-random-151.scen,phase5p5_repair5g54_counterfactual_update_probe_v1,151,2000,2246,14650fb0739d0383,alpha_commit=1.25|alpha_block=1.25|alpha_wait_spillover=0.75|rho_decay=0.94999999999999996|force_additive=0|enable_dual_channel=1|alpha_cong_commit_progress=1.25|alpha_cong_commit_nonprogress=1.25|alpha_cong_block=1.25|alpha_cong_wait_progress=0.75|alpha_cong_wait_nonprogress=0.75|alpha_flow_commit_progress=1|alpha_flow_wait_progress=0|rho_cong_decay=0.94999999999999996|rho_flow_decay=1|lambda_cong=1|lambda_flow=0|min_edge_cost=1|max_edge_cost=11|goal_projection_mode=flow_shield|flow_shield_beta=0.59999999999999998|max_flow_shield=0.75,fbcf27bf34de68c
False,50,repair5g59_light_cong_light_flow,True,random-32-32-20|a50|s151|it0|repair5g518_batch_C_budget_2000ms_static_context,-0.113052415211,0.0503597122302,True,False,0,random-32-32-20,repair5g518_batch_C_budget_2000ms_static_context,random-32-32-20|a50|s151|it0|14650fb0739d0383,-0.0801644398767,False,False,49,True,2399,973,231.5635,True,1216,1.24974306269,repair5g59_light_cong_light_flow,random-32-32-20-random-151.scen,phase5p5_repair5g54_counterfactual_update_probe_v1,151,2000,2246,14650fb0739d0383,alpha_commit=1|alpha_block=1|alpha_wait_spillover=0.75|rho_decay=0.97999999999999998|force_additive=0|enable_dual_channel=1|alpha_cong_commit_progress=1|alpha_cong_commit_nonprogress=1|alpha_cong_block=1|alpha_cong_wait_progress=0.75|alpha_cong_wait_nonprogress=0.75|alpha_flow_commit_progress=0.75|alpha_flow_wait_progress=0|rho_cong_decay=0.97999999999999998|rho_flow_decay=1|lambda_cong=1|lambda_flow=0|min_edge_cost=1|max_edge_cost=11|goal_projection_mode=flow_shield|flow_shield_beta=0.25|max_flow_shield=0.5,15be9d4820cb1154
False,50,repair5g59_low_beta_high_cap,True,random-32-32-20|a50|s151|it0|repair5g518_batch_C_budget_2000ms_static_context,-0.15210688592,0.0113052415211,True,False,0,random-32-32-20,repair5g518_batch_C_budget_2000ms_static_context,random-32-32-20|a50|s151|it0|14650fb0739d0383,-0.0801644398767,False,False,46,True,2249,973,232.728,True,1178,1.21068859198,repair5g59_low_beta_high_cap,random-32-32-20-random-151.scen,phase5p5_repair5g54_counterfactual_update_probe_v1,151,2000,2246,14650fb0739d0383,alpha_commit=1.25|alpha_block=1.25|alpha_wait_spillover=0.75|rho_decay=0.94999999999999996|force_additive=0|enable_dual_channel=1|alpha_cong_commit_progress=1.25|alpha_cong_commit_nonprogress=1.25|alpha_cong_block=1.25|alpha_cong_wait_progress=0.75|alpha_cong_wait_nonprogress=0.75|alpha_flow_commit_progress=1|alpha_flow_wait_progress=0|rho_cong_decay=0.94999999999999996|rho_flow_decay=1|lambda_cong=1|lambda_flow=0|min_edge_cost=1|max_edge_cost=11|goal_projection_mode=flow_shield|flow_shield_beta=0.20000000000000001|max_flow_shield=1.25,5b1c2a7ba7dd48cb
False,50,repair5g59_slow_decay_high_shield,True,random-32-32-20|a50|s151|it0|repair5g518_batch_C_budget_2000ms_static_context,-0.243576567318,-0.0801644398767,True,True,0,random-32-32-20,repair5g518_batch_C_budget_2000ms_static_context,random-32-32-20|a50|s151|it0|14650fb0739d0383,-0.0801644398767,False,False,43,True,2100,973,333.811,True,1089,1.11921891059,repair5g59_slow_decay_high_shield,random-32-32-20-random-151.scen,phase5p5_repair5g54_counterfactual_update_probe_v1,151,2000,2246,14650fb0739d0383,alpha_commit=1.25|alpha_block=1.25|alpha_wait_spillover=0.75|rho_decay=0.97999999999999998|force_additive=0|enable_dual_channel=1|alpha_cong_commit_progress=1.25|alpha_cong_commit_nonprogress=1.25|alpha_cong_block=1.25|alpha_cong_wait_progress=0.75|alpha_cong_wait_nonprogress=0.75|alpha_flow_commit_progress=1|alpha_flow_wait_progress=0|rho_cong_decay=0.97999999999999998|rho_flow_decay=1|lambda_cong=1|lambda_flow=0|min_edge_cost=1|max_edge_cost=11|goal_projection_mode=flow_shield|flow_shield_beta=0.5|max_flow_shield=1,15da3e1ec294f75e
False,50,repair5g59_static_abstain_candidate,True,random-32-32-20|a50|s151|it0|repair5g518_batch_C_budget_2000ms_static_context,-0.163412127441,0,True,False,0,random-32-32-20,repair5g518_batch_C_budget_2000ms_static_context,random-32-32-20|a50|s151|it0|14650fb0739d0383,-0.0801644398767,False,False,49,True,2400,973,330.8371,True,1167,1.19938335046,repair5g59_static_abstain_candidate,random-32-32-20-random-151.scen,phase5p5_repair5g54_counterfactual_update_probe_v1,151,2000,2246,14650fb0739d0383,alpha_commit=1.25|alpha_block=1.25|alpha_wait_spillover=0.75|rho_decay=0.94999999999999996|force_additive=0|enable_dual_channel=1|alpha_cong_commit_progress=1.25|alpha_cong_commit_nonprogress=1.25|alpha_cong_block=1.25|alpha_cong_wait_progress=0.75|alpha_cong_wait_nonprogress=0.75|alpha_flow_commit_progress=1|alpha_flow_wait_progress=0|rho_cong_decay=0.94999999999999996|rho_flow_decay=1|lambda_cong=1|lambda_flow=0|min_edge_cost=1|max_edge_cost=11|goal_projection_mode=flow_shield|flow_shield_beta=0.34999999999999998|max_flow_shield=0.75,29737bed70c56f0d
False,50,repair5g59_static_flow_shield,True,random-32-32-20|a50|s151|it0|repair5g518_batch_C_budget_2000ms_static_context,-0.163412127441,0,True,False,0,random-32-32-20,repair5g518_batch_C_budget_2000ms_static_context,random-32-32-20|a50|s151|it0|14650fb0739d0383,-0.0801644398767,False,False,49,True,2400,973,353.5847,True,1167,1.19938335046,repair5g59_static_flow_shield,random-32-32-20-random-151.scen,phase5p5_repair5g54_counterfactual_update_probe_v1,151,2000,2246,14650fb0739d0383,alpha_commit=1.25|alpha_block=1.25|alpha_wait_spillover=0.75|rho_decay=0.94999999999999996|force_additive=0|enable_dual_channel=1|alpha_cong_commit_progress=1.25|alpha_cong_commit_nonprogress=1.25|alpha_cong_block=1.25|alpha_cong_wait_progress=0.75|alpha_cong_wait_nonprogress=0.75|alpha_flow_commit_progress=1|alpha_flow_wait_progress=0|rho_cong_decay=0.94999999999999996|rho_flow_decay=1|lambda_cong=1|lambda_flow=0|min_edge_cost=1|max_edge_cost=11|goal_projection_mode=flow_shield|flow_shield_beta=0.34999999999999998|max_flow_shield=0.75,29737bed70c56f0d
False,50,repair5g59_wait_aggressive,True,random-32-32-20|a50|s151|it0|repair5g518_batch_C_budget_2000ms_static_context,-0.17780061665,-0.0143884892086,True,False,0,random-32-32-20,repair5g518_batch_C_budget_2000ms_static_context,random-32-32-20|a50|s151|it0|14650fb0739d0383,-0.0801644398767,False,False,49,True,2399,973,361.186,True,1153,1.18499486125,repair5g59_wait_aggressive,random-32-32-20-random-151.scen,phase5p5_repair5g54_counterfactual_update_probe_v1,151,2000,2246,14650fb0739d0383,alpha_commit=1.25|alpha_block=1.25|alpha_wait_spillover=1|rho_decay=0.94999999999999996|force_additive=0|enable_dual_channel=1|alpha_cong_commit_progress=1.25|alpha_cong_commit_nonprogress=1.25|alpha_cong_block=1.25|alpha_cong_wait_progress=1|alpha_cong_wait_nonprogress=1|alpha_flow_commit_progress=1|alpha_flow_wait_progress=0|rho_cong_decay=0.94999999999999996|rho_flow_decay=1|lambda_cong=1|lambda_flow=0|min_edge_cost=1|max_edge_cost=11|goal_projection_mode=flow_shield|flow_shield_beta=0.34999999999999998|max_flow_shield=0.75,1adae8b415a845e4
False,50,repair5g59_wait_conservative,True,random-32-32-20|a50|s151|it0|repair5g518_batch_C_budget_2000ms_static_context,-0.182939362795,-0.0195272353546,True,False,0,random-32-32-20,repair5g518_batch_C_budget_2000ms_static_context,random-32-32-20|a50|s151|it0|14650fb0739d0383,-0.0801644398767,False,False,49,True,2400,973,348.1984,True,1148,1.17985611511,repair5g59_wait_conservative,random-32-32-20-random-151.scen,phase5p5_repair5g54_counterfactual_update_probe_v1,151,2000,2246,14650fb0739d0383,alpha_commit=1.25|alpha_block=1.25|alpha_wait_spillover=0.5|rho_decay=0.94999999999999996|force_additive=0|enable_dual_channel=1|alpha_cong_commit_progress=1.25|alpha_cong_commit_nonprogress=1.25|alpha_cong_block=1.25|alpha_cong_wait_progress=0.5|alpha_cong_wait_nonprogress=0.5|alpha_flow_commit_progress=1|alpha_flow_wait_progress=0|rho_cong_decay=0.94999999999999996|rho_flow_decay=1|lambda_cong=1|lambda_flow=0|min_edge_cost=1|max_edge_cost=11|goal_projection_mode=flow_shield|flow_shield_beta=0.34999999999999998|max_flow_shield=0.75,421aa7c6efea31b2
False,50,repair5g518_grid_c1p20_b1p15_f1p00_w0p70_dc0p95_df1p00_beta0p60_max0p75_c0,True,random-32-32-20|a50|s151|it0|repair5g518_batch_C_budget_2000ms_static_context,-0.219938335046,-0.0565262076053,True,False,0,random-32-32-20,repair5g518_batch_C_budget_2000ms_static_context,random-32-32-20|a50|s151|it0|14650fb0739d0383,-0.0801644398767,False,False,49,True,2399,973,310.0834,True,1112,1.14285714286,repair5g518_grid_c1p20_b1p15_f1p00_w0p70_dc0p95_df1p00_beta0p60_max0p75_c0,random-32-32-20-random-151.scen,phase5p5_repair5g54_counterfactual_update_probe_v1,151,2000,2246,14650fb0739d0383,alpha_commit=1.2|alpha_block=1.1499999999999999|alpha_wait_spillover=0.69999999999999996|rho_decay=0.94999999999999996|force_additive=0|enable_dual_channel=1|alpha_cong_commit_progress=1.2|alpha_cong_commit_nonprogress=1.2|alpha_cong_block=1.1499999999999999|alpha_cong_wait_progress=0.69999999999999996|alpha_cong_wait_nonprogress=0.69999999999999996|alpha_flow_commit_progress=1|alpha_flow_wait_progress=0|rho_cong_decay=0.94999999999999996|rho_flow_decay=1|lambda_cong=1|lambda_flow=0|min_edge_cost=1|max_edge_cost=11|goal_projection_mode=flow_shield|flow_shield_beta=0.59999999999999998|max_flow_shield=0.75,bd71bc939325964
False,50,repair5g518_grid_c1p20_b1p35_f1p00_w0p70_dc0p95_df1p00_beta0p55_max0p75_c0,True,random-32-32-20|a50|s151|it0|repair5g518_batch_C_budget_2000ms_static_context,-0.179856115108,-0.016443987667,True,False,0,random-32-32-20,repair5g518_batch_C_budget_2000ms_static_context,random-32-32-20|a50|s151|it0|14650fb0739d0383,-0.0801644398767,False,False,49,True,2400,973,306.1185,True,1151,1.1829393628,repair5g518_grid_c1p20_b1p35_f1p00_w0p70_dc0p95_df1p00_beta0p55_max0p75_c0,random-32-32-20-random-151.scen,phase5p5_repair5g54_counterfactual_update_probe_v1,151,2000,2246,14650fb0739d0383,alpha_commit=1.2|alpha_block=1.3500000000000001|alpha_wait_spillover=0.69999999999999996|rho_decay=0.94999999999999996|force_additive=0|enable_dual_channel=1|alpha_cong_commit_progress=1.2|alpha_cong_commit_nonprogress=1.2|alpha_cong_block=1.3500000000000001|alpha_cong_wait_progress=0.69999999999999996|alpha_cong_wait_nonprogress=0.69999999999999996|alpha_flow_commit_progress=1|alpha_flow_wait_progress=0|rho_cong_decay=0.94999999999999996|rho_flow_decay=1|lambda_cong=1|lambda_flow=0|min_edge_cost=1|max_edge_cost=11|goal_projection_mode=flow_shield|flow_shield_beta=0.55000000000000004|max_flow_shield=0.75,64aae9147d013f06
False,50,repair5g518_grid_c1p35_b1p35_f1p00_w0p80_dc0p95_df1p00_beta0p25_max0p75_c0,True,random-32-32-20|a50|s151|it0|repair5g518_batch_C_budget_2000ms_static_context,-0.116135662898,0.0472764645427,True,False,0,random-32-32-20,repair5g518_batch_C_budget_2000ms_static_context,random-32-32-20|a50|s151|it0|14650fb0739d0383,-0.0801644398767,False,False,49,True,2400,973,331.8678,True,1213,1.24665981501,repair5g518_grid_c1p35_b1p35_f1p00_w0p80_dc0p95_df1p00_beta0p25_max0p75_c0,random-32-32-20-random-151.scen,phase5p5_repair5g54_counterfactual_update_probe_v1,151,2000,2246,14650fb0739d0383,alpha_commit=1.3500000000000001|alpha_block=1.3500000000000001|alpha_wait_spillover=0.80000000000000004|rho_decay=0.94999999999999996|force_additive=0|enable_dual_channel=1|alpha_cong_commit_progress=1.3500000000000001|alpha_cong_commit_nonprogress=1.3500000000000001|alpha_cong_block=1.3500000000000001|alpha_cong_wait_progress=0.80000000000000004|alpha_cong_wait_nonprogress=0.80000000000000004|alpha_flow_commit_progress=1|alpha_flow_wait_progress=0|rho_cong_decay=0.94999999999999996|rho_flow_decay=1|lambda_cong=1|lambda_flow=0|min_edge_cost=1|max_edge_cost=11|goal_projection_mode=flow_shield|flow_shield_beta=0.25|max_flow_shield=0.75,3d3823354692d4b7
False,50,repair5g518_grid_c1p20_b1p15_f1p00_w0p70_dc0p95_df1p00_beta0p55_max0p75_c0,True,random-32-32-20|a50|s151|it0|repair5g518_batch_C_budget_2000ms_static_context,-0.219938335046,-0.0565262076053,True,False,0,random-32-32-20,repair5g518_batch_C_budget_2000ms_static_context,random-32-32-20|a50|s151|it0|14650fb0739d0383,-0.0801644398767,False,False,49,True,2399,973,373.8941,True,1112,1.14285714286,repair5g518_grid_c1p20_b1p15_f1p00_w0p70_dc0p95_df1p00_beta0p55_max0p75_c0,random-32-32-20-random-151.scen,phase5p5_repair5g54_counterfactual_update_probe_v1,151,2000,2246,14650fb0739d0383,alpha_commit=1.2|alpha_block=1.1499999999999999|alpha_wait_spillover=0.69999999999999996|rho_decay=0.94999999999999996|force_additive=0|enable_dual_channel=1|alpha_cong_commit_progress=1.2|alpha_cong_commit_nonprogress=1.2|alpha_cong_block=1.1499999999999999|alpha_cong_wait_progress=0.69999999999999996|alpha_cong_wait_nonprogress=0.69999999999999996|alpha_flow_commit_progress=1|alpha_flow_wait_progress=0|rho_cong_decay=0.94999999999999996|rho_flow_decay=1|lambda_cong=1|lambda_flow=0|min_edge_cost=1|max_edge_cost=11|goal_projection_mode=flow_shield|flow_shield_beta=0.55000000000000004|max_flow_shield=0.75,c75a028b5f4a7c6a
False,50,repair5g518_grid_c1p35_b1p15_f1p00_w0p80_dc0p95_df1p00_beta0p25_max0p90_c0,True,random-32-32-20|a50|s151|it0|repair5g518_batch_C_budget_2000ms_static_context,-0.155190133607,0.0082219938335,True,False,0,random-32-32-20,repair5g518_batch_C_budget_2000ms_static_context,random-32-32-20|a50|s151|it0|14650fb0739d0383,-0.0801644398767,False,False,49,True,2400,973,326.8326,True,1175,1.2076053443,repair5g518_grid_c1p35_b1p15_f1p00_w0p80_dc0p95_df1p00_beta0p25_max0p90_c0,random-32-32-20-random-151.scen,phase5p5_repair5g54_counterfactual_update_probe_v1,151,2000,2246,14650fb0739d0383,alpha_commit=1.3500000000000001|alpha_block=1.1499999999999999|alpha_wait_spillover=0.80000000000000004|rho_decay=0.94999999999999996|force_additive=0|enable_dual_channel=1|alpha_cong_commit_progress=1.3500000000000001|alpha_cong_commit_nonprogress=1.3500000000000001|alpha_cong_block=1.1499999999999999|alpha_cong_wait_progress=0.80000000000000004|alpha_cong_wait_nonprogress=0.80000000000000004|alpha_flow_commit_progress=1|alpha_flow_wait_progress=0|rho_cong_decay=0.94999999999999996|rho_flow_decay=1|lambda_cong=1|lambda_flow=0|min_edge_cost=1|max_edge_cost=11|goal_projection_mode=flow_shield|flow_shield_beta=0.25|max_flow_shield=0.90000000000000002,c14a9259b35efe2c
False,50,repair5g518_grid_c1p20_b1p15_f1p00_w0p80_dc0p95_df1p00_beta0p25_max0p75_c0,True,random-32-32-20|a50|s151|it0|repair5g518_batch_C_budget_2000ms_static_context,-0.0770811921891,0.0863309352518,True,False,0,random-32-32-20,repair5g518_batch_C_budget_2000ms_static_context,random-32-32-20|a50|s151|it0|14650fb0739d0383,-0.0801644398767,False,False,49,True,2400,973,388.5745,True,1251,1.28571428571,repair5g518_grid_c1p20_b1p15_f1p00_w0p80_dc0p95_df1p00_beta0p25_max0p75_c0,random-32-32-20-random-151.scen,phase5p5_repair5g54_counterfactual_update_probe_v1,151,2000,2246,14650fb0739d0383,alpha_commit=1.2|alpha_block=1.1499999999999999|alpha_wait_spillover=0.80000000000000004|rho_decay=0.94999999999999996|force_additive=0|enable_dual_channel=1|alpha_cong_commit_progress=1.2|alpha_cong_commit_nonprogress=1.2|alpha_cong_block=1.1499999999999999|alpha_cong_wait_progress=0.80000000000000004|alpha_cong_wait_nonprogress=0.80000000000000004|alpha_flow_commit_progress=1|alpha_flow_wait_progress=0|rho_cong_decay=0.94999999999999996|rho_flow_decay=1|lambda_cong=1|lambda_flow=0|min_edge_cost=1|max_edge_cost=11|goal_projection_mode=flow_shield|flow_shield_beta=0.25|max_flow_shield=0.75,97751ce856647dd0
False,50,repair5g518_grid_c1p25_b1p25_f1p00_w0p60_dc0p95_df1p00_beta0p25_max1p00_c0,True,random-32-32-20|a50|s151|it0|repair5g518_batch_C_budget_2000ms_static_context,-0.174717368962,-0.0113052415211,True,False,0,random-32-32-20,repair5g518_batch_C_budget_2000ms_static_context,random-32-32-20|a50|s151|it0|14650fb0739d0383,-0.0801644398767,False,False,44,True,2150,973,365.3891,True,1156,1.18807810894,repair5g518_grid_c1p25_b1p25_f1p00_w0p60_dc0p95_df1p00_beta0p25_max1p00_c0,random-32-32-20-random-151.scen,phase5p5_repair5g54_counterfactual_update_probe_v1,151,2000,2246,14650fb0739d0383,alpha_commit=1.25|alpha_block=1.25|alpha_wait_spillover=0.59999999999999998|rho_decay=0.94999999999999996|force_additive=0|enable_dual_channel=1|alpha_cong_commit_progress=1.25|alpha_cong_commit_nonprogress=1.25|alpha_cong_block=1.25|alpha_cong_wait_progress=0.59999999999999998|alpha_cong_wait_nonprogress=0.59999999999999998|alpha_flow_commit_progress=1|alpha_flow_wait_progress=0|rho_cong_decay=0.94999999999999996|rho_flow_decay=1|lambda_cong=1|lambda_flow=0|min_edge_cost=1|max_edge_cost=11|goal_projection_mode=flow_shield|flow_shield_beta=0.25|max_flow_shield=1,bf6282b8805592a2
False,50,repair5g518_grid_c1p25_b1p25_f1p00_w0p60_dc0p95_df1p00_beta0p20_max1p00_c0,True,random-32-32-20|a50|s151|it0|repair5g518_batch_C_budget_2000ms_static_context,-0.134635149024,0.0287769784173,True,False,0,random-32-32-20,repair5g518_batch_C_budget_2000ms_static_context,random-32-32-20|a50|s151|it0|14650fb0739d0383,-0.0801644398767,False,False,46,True,2249,973,300.6487,True,1195,1.22816032888,repair5g518_grid_c1p25_b1p25_f1p00_w0p60_dc0p95_df1p00_beta0p20_max1p00_c0,random-32-32-20-random-151.scen,phase5p5_repair5g54_counterfactual_update_probe_v1,151,2000,2246,14650fb0739d0383,alpha_commit=1.25|alpha_block=1.25|alpha_wait_spillover=0.59999999999999998|rho_decay=0.94999999999999996|force_additive=0|enable_dual_channel=1|alpha_cong_commit_progress=1.25|alpha_cong_commit_nonprogress=1.25|alpha_cong_block=1.25|alpha_cong_wait_progress=0.59999999999999998|alpha_cong_wait_nonprogress=0.59999999999999998|alpha_flow_commit_progress=1|alpha_flow_wait_progress=0|rho_cong_decay=0.94999999999999996|rho_flow_decay=1|lambda_cong=1|lambda_flow=0|min_edge_cost=1|max_edge_cost=11|goal_projection_mode=flow_shield|flow_shield_beta=0.20000000000000001|max_flow_shield=1,2625f07ab5b8f9e2
False,100,repair5g59_additive_fallback,True,warehouse-10-20-10-2-1|a100|s154|it0|repair5g518_batch_C_budget_1000ms_static_context,,,True,False,0,warehouse-10-20-10-2-1,repair5g518_batch_C_budget_1000ms_static_context,warehouse-10-20-10-2-1|a100|s154|it0|14650fb0739d0383,,False,False,1,False,0,7938,3617.9574,False,,,repair5g59_additive_fallback,warehouse-10-20-10-2-1-random-154.scen,phase5p5_repair5g54_counterfactual_update_probe_v1,154,1000,23721,14650fb0739d0383,alpha_commit=1|alpha_block=1|alpha_wait_spillover=1|rho_decay=1|force_additive=1|enable_dual_channel=0|alpha_cong_commit_progress=0|alpha_cong_commit_nonprogress=1|alpha_cong_block=1|alpha_cong_wait_progress=1|alpha_cong_wait_nonprogress=1|alpha_flow_commit_progress=0|alpha_flow_wait_progress=0|rho_cong_decay=1|rho_flow_decay=1|lambda_cong=1|lambda_flow=0|min_edge_cost=0.25|max_edge_cost=11|goal_projection_mode=none|flow_shield_beta=0|max_flow_shield=0,35049bacad216c02
False,100,repair5g59_block_heavy_flow_guard,True,warehouse-10-20-10-2-1|a100|s154|it0|repair5g518_batch_C_budget_1000ms_static_context,,,True,False,0,warehouse-10-20-10-2-1,repair5g518_batch_C_budget_1000ms_static_context,warehouse-10-20-10-2-1|a100|s154|it0|14650fb0739d0383,,False,False,1,False,0,7938,5039.0913,False,,,repair5g59_block_heavy_flow_guard,warehouse-10-20-10-2-1-random-154.scen,phase5p5_repair5g54_counterfactual_update_probe_v1,154,1000,23721,14650fb0739d0383,alpha_commit=1|alpha_block=1.5|alpha_wait_spillover=0.5|rho_decay=0.94999999999999996|force_additive=0|enable_dual_channel=1|alpha_cong_commit_progress=1|alpha_cong_commit_nonprogress=1|alpha_cong_block=1.5|alpha_cong_wait_progress=0.5|alpha_cong_wait_nonprogress=0.5|alpha_flow_commit_progress=1|alpha_flow_wait_progress=0|rho_cong_decay=0.94999999999999996|rho_flow_decay=1|lambda_cong=1|lambda_flow=0|min_edge_cost=1|max_edge_cost=11|goal_projection_mode=flow_shield|flow_shield_beta=0.34999999999999998|max_flow_shield=0.75,bb2a55cecde4524d
False,100,repair5g59_c_only_f_disabled,True,warehouse-10-20-10-2-1|a100|s154|it0|repair5g518_batch_C_budget_1000ms_static_context,,,True,False,0,warehouse-10-20-10-2-1,repair5g518_batch_C_budget_1000ms_static_context,warehouse-10-20-10-2-1|a100|s154|it0|14650fb0739d0383,,False,False,1,False,0,7938,6115.4522,False,,,repair5g59_c_only_f_disabled,warehouse-10-20-10-2-1-random-154.scen,phase5p5_repair5g54_counterfactual_update_probe_v1,154,1000,23721,14650fb0739d0383,alpha_commit=1.25|alpha_block=1.25|alpha_wait_spillover=0.75|rho_decay=0.94999999999999996|force_additive=0|enable_dual_channel=1|alpha_cong_commit_progress=1.25|alpha_cong_commit_nonprogress=1.25|alpha_cong_block=1.25|alpha_cong_wait_progress=0.75|alpha_cong_wait_nonprogress=0.75|alpha_flow_commit_progress=0|alpha_flow_wait_progress=0|rho_cong_decay=0.94999999999999996|rho_flow_decay=1|lambda_cong=1|lambda_flow=0|min_edge_cost=0.25|max_edge_cost=11|goal_projection_mode=none|flow_shield_beta=0|max_flow_shield=0,6cf6b157bee71acd
False,100,repair5g59_commit_heavy_flow_guard,True,warehouse-10-20-10-2-1|a100|s154|it0|repair5g518_batch_C_budget_1000ms_static_context,,,True,False,0,warehouse-10-20-10-2-1,repair5g518_batch_C_budget_1000ms_static_context,warehouse-10-20-10-2-1|a100|s154|it0|14650fb0739d0383,,False,False,1,False,0,7938,6036.0193,False,,,repair5g59_commit_heavy_flow_guard,warehouse-10-20-10-2-1-random-154.scen,phase5p5_repair5g54_counterfactual_update_probe_v1,154,1000,23721,14650fb0739d0383,alpha_commit=1.5|alpha_block=1|alpha_wait_spillover=0.75|rho_decay=0.94999999999999996|force_additive=0|enable_dual_channel=1|alpha_cong_commit_progress=1.5|alpha_cong_commit_nonprogress=1.5|alpha_cong_block=1|alpha_cong_wait_progress=0.75|alpha_cong_wait_nonprogress=0.75|alpha_flow_commit_progress=1|alpha_flow_wait_progress=0|rho_cong_decay=0.94999999999999996|rho_flow_decay=1|lambda_cong=1|lambda_flow=0|min_edge_cost=1|max_edge_cost=11|goal_projection_mode=flow_shield|flow_shield_beta=0.34999999999999998|max_flow_shield=0.75,3cd172c18b79c21
False,100,repair5g59_fast_decay_low_shield,True,warehouse-10-20-10-2-1|a100|s154|it0|repair5g518_batch_C_budget_1000ms_static_context,,,True,False,0,warehouse-10-20-10-2-1,repair5g518_batch_C_budget_1000ms_static_context,warehouse-10-20-10-2-1|a100|s154|it0|14650fb0739d0383,,False,False,1,False,0,7938,5091.4484,False,,,repair5g59_fast_decay_low_shield,warehouse-10-20-10-2-1-random-154.scen,phase5p5_repair5g54_counterfactual_update_probe_v1,154,1000,23721,14650fb0739d0383,alpha_commit=1.25|alpha_block=1.25|alpha_wait_spillover=0.75|rho_decay=0.90000000000000002|force_additive=0|enable_dual_channel=1|alpha_cong_commit_progress=1.25|alpha_cong_commit_nonprogress=1.25|alpha_cong_block=1.25|alpha_cong_wait_progress=0.75|alpha_cong_wait_nonprogress=0.75|alpha_flow_commit_progress=1|alpha_flow_wait_progress=0|rho_cong_decay=0.90000000000000002|rho_flow_decay=1|lambda_cong=1|lambda_flow=0|min_edge_cost=1|max_edge_cost=11|goal_projection_mode=flow_shield|flow_shield_beta=0.20000000000000001|max_flow_shield=0.5,3f2416d2709cdc46
False,100,repair5g59_flow_decay,True,warehouse-10-20-10-2-1|a100|s154|it0|repair5g518_batch_C_budget_1000ms_static_context,,,True,False,0,warehouse-10-20-10-2-1,repair5g518_batch_C_budget_1000ms_static_context,warehouse-10-20-10-2-1|a100|s154|it0|14650fb0739d0383,,False,False,1,False,0,7938,4797.9023,False,,,repair5g59_flow_decay,warehouse-10-20-10-2-1-random-154.scen,phase5p5_repair5g54_counterfactual_update_probe_v1,154,1000,23721,14650fb0739d0383,alpha_commit=1.25|alpha_block=1.25|alpha_wait_spillover=0.75|rho_decay=0.94999999999999996|force_additive=0|enable_dual_channel=1|alpha_cong_commit_progress=1.25|alpha_cong_commit_nonprogress=1.25|alpha_cong_block=1.25|alpha_cong_wait_progress=0.75|alpha_cong_wait_nonprogress=0.75|alpha_flow_commit_progress=1|alpha_flow_wait_progress=0|rho_cong_decay=0.94999999999999996|rho_flow_decay=0.94999999999999996|lambda_cong=1|lambda_flow=0|min_edge_cost=1|max_edge_cost=11|goal_projection_mode=flow_shield|flow_shield_beta=0.34999999999999998|max_flow_shield=0.75,f091bb5344ed5c8f
False,100,repair5g59_high_beta_cap_safe,True,warehouse-10-20-10-2-1|a100|s154|it0|repair5g518_batch_C_budget_1000ms_static_context,,,True,False,0,warehouse-10-20-10-2-1,repair5g518_batch_C_budget_1000ms_static_context,warehouse-10-20-10-2-1|a100|s154|it0|14650fb0739d0383,,False,False,1,False,0,7938,4603.2279,False,,,repair5g59_high_beta_cap_safe,warehouse-10-20-10-2-1-random-154.scen,phase5p5_repair5g54_counterfactual_update_probe_v1,154,1000,23721,14650fb0739d0383,alpha_commit=1.25|alpha_block=1.25|alpha_wait_spillover=0.75|rho_decay=0.94999999999999996|force_additive=0|enable_dual_channel=1|alpha_cong_commit_progress=1.25|alpha_cong_commit_nonprogress=1.25|alpha_cong_block=1.25|alpha_cong_wait_progress=0.75|alpha_cong_wait_nonprogress=0.75|alpha_flow_commit_progress=1|alpha_flow_wait_progress=0|rho_cong_decay=0.94999999999999996|rho_flow_decay=1|lambda_cong=1|lambda_flow=0|min_edge_cost=1|max_edge_cost=11|goal_projection_mode=flow_shield|flow_shield_beta=0.59999999999999998|max_flow_shield=0.75,fbcf27bf34de68c
False,100,repair5g59_light_cong_light_flow,True,warehouse-10-20-10-2-1|a100|s154|it0|repair5g518_batch_C_budget_1000ms_static_context,,,True,False,0,warehouse-10-20-10-2-1,repair5g518_batch_C_budget_1000ms_static_context,warehouse-10-20-10-2-1|a100|s154|it0|14650fb0739d0383,,False,False,1,False,0,7938,4616.5716,False,,,repair5g59_light_cong_light_flow,warehouse-10-20-10-2-1-random-154.scen,phase5p5_repair5g54_counterfactual_update_probe_v1,154,1000,23721,14650fb0739d0383,alpha_commit=1|alpha_block=1|alpha_wait_spillover=0.75|rho_decay=0.97999999999999998|force_additive=0|enable_dual_channel=1|alpha_cong_commit_progress=1|alpha_cong_commit_nonprogress=1|alpha_cong_block=1|alpha_cong_wait_progress=0.75|alpha_cong_wait_nonprogress=0.75|alpha_flow_commit_progress=0.75|alpha_flow_wait_progress=0|rho_cong_decay=0.97999999999999998|rho_flow_decay=1|lambda_cong=1|lambda_flow=0|min_edge_cost=1|max_edge_cost=11|goal_projection_mode=flow_shield|flow_shield_beta=0.25|max_flow_shield=0.5,15be9d4820cb1154
False,100,repair5g59_low_beta_high_cap,True,warehouse-10-20-10-2-1|a100|s154|it0|repair5g518_batch_C_budget_1000ms_static_context,,,True,False,0,warehouse-10-20-10-2-1,repair5g518_batch_C_budget_1000ms_static_context,warehouse-10-20-10-2-1|a100|s154|it0|14650fb0739d0383,,False,False,1,False,0,7938,4776.5017,False,,,repair5g59_low_beta_high_cap,warehouse-10-20-10-2-1-random-154.scen,phase5p5_repair5g54_counterfactual_update_probe_v1,154,1000,23721,14650fb0739d0383,alpha_commit=1.25|alpha_block=1.25|alpha_wait_spillover=0.75|rho_decay=0.94999999999999996|force_additive=0|enable_dual_channel=1|alpha_cong_commit_progress=1.25|alpha_cong_commit_nonprogress=1.25|alpha_cong_block=1.25|alpha_cong_wait_progress=0.75|alpha_cong_wait_nonprogress=0.75|alpha_flow_commit_progress=1|alpha_flow_wait_progress=0|rho_cong_decay=0.94999999999999996|rho_flow_decay=1|lambda_cong=1|lambda_flow=0|min_edge_cost=1|max_edge_cost=11|goal_projection_mode=flow_shield|flow_shield_beta=0.20000000000000001|max_flow_shield=1.25,5b1c2a7ba7dd48cb
False,100,repair5g59_slow_decay_high_shield,True,warehouse-10-20-10-2-1|a100|s154|it0|repair5g518_batch_C_budget_1000ms_static_context,,,True,False,0,warehouse-10-20-10-2-1,repair5g518_batch_C_budget_1000ms_static_context,warehouse-10-20-10-2-1|a100|s154|it0|14650fb0739d0383,,False,False,1,False,0,7938,4606.2089,False,,,repair5g59_slow_decay_high_shield,warehouse-10-20-10-2-1-random-154.scen,phase5p5_repair5g54_counterfactual_update_probe_v1,154,1000,23721,14650fb0739d0383,alpha_commit=1.25|alpha_block=1.25|alpha_wait_spillover=0.75|rho_decay=0.97999999999999998|force_additive=0|enable_dual_channel=1|alpha_cong_commit_progress=1.25|alpha_cong_commit_nonprogress=1.25|alpha_cong_block=1.25|alpha_cong_wait_progress=0.75|alpha_cong_wait_nonprogress=0.75|alpha_flow_commit_progress=1|alpha_flow_wait_progress=0|rho_cong_decay=0.97999999999999998|rho_flow_decay=1|lambda_cong=1|lambda_flow=0|min_edge_cost=1|max_edge_cost=11|goal_projection_mode=flow_shield|flow_shield_beta=0.5|max_flow_shield=1,15da3e1ec294f75e
False,100,repair5g59_static_abstain_candidate,True,warehouse-10-20-10-2-1|a100|s154|it0|repair5g518_batch_C_budget_1000ms_static_context,,,True,False,0,warehouse-10-20-10-2-1,repair5g518_batch_C_budget_1000ms_static_context,warehouse-10-20-10-2-1|a100|s154|it0|14650fb0739d0383,,False,False,1,False,0,7938,4652.6653,False,,,repair5g59_static_abstain_candidate,warehouse-10-20-10-2-1-random-154.scen,phase5p5_repair5g54_counterfactual_update_probe_v1,154,1000,23721,14650fb0739d0383,alpha_commit=1.25|alpha_block=1.25|alpha_wait_spillover=0.75|rho_decay=0.94999999999999996|force_additive=0|enable_dual_channel=1|alpha_cong_commit_progress=1.25|alpha_cong_commit_nonprogress=1.25|alpha_cong_block=1.25|alpha_cong_wait_progress=0.75|alpha_cong_wait_nonprogress=0.75|alpha_flow_commit_progress=1|alpha_flow_wait_progress=0|rho_cong_decay=0.94999999999999996|rho_flow_decay=1|lambda_cong=1|lambda_flow=0|min_edge_cost=1|max_edge_cost=11|goal_projection_mode=flow_shield|flow_shield_beta=0.34999999999999998|max_flow_shield=0.75,29737bed70c56f0d
False,100,repair5g59_static_flow_shield,True,warehouse-10-20-10-2-1|a100|s154|it0|repair5g518_batch_C_budget_1000ms_static_context,,,True,False,0,warehouse-10-20-10-2-1,repair5g518_batch_C_budget_1000ms_static_context,warehouse-10-20-10-2-1|a100|s154|it0|14650fb0739d0383,,False,False,1,False,0,7938,4382.8188,False,,,repair5g59_static_flow_shield,warehouse-10-20-10-2-1-random-154.scen,phase5p5_repair5g54_counterfactual_update_probe_v1,154,1000,23721,14650fb0739d0383,alpha_commit=1.25|alpha_block=1.25|alpha_wait_spillover=0.75|rho_decay=0.94999999999999996|force_additive=0|enable_dual_channel=1|alpha_cong_commit_progress=1.25|alpha_cong_commit_nonprogress=1.25|alpha_cong_block=1.25|alpha_cong_wait_progress=0.75|alpha_cong_wait_nonprogress=0.75|alpha_flow_commit_progress=1|alpha_flow_wait_progress=0|rho_cong_decay=0.94999999999999996|rho_flow_decay=1|lambda_cong=1|lambda_flow=0|min_edge_cost=1|max_edge_cost=11|goal_projection_mode=flow_shield|flow_shield_beta=0.34999999999999998|max_flow_shield=0.75,29737bed70c56f0d
False,100,repair5g59_wait_aggressive,True,warehouse-10-20-10-2-1|a100|s154|it0|repair5g518_batch_C_budget_1000ms_static_context,,,True,False,0,warehouse-10-20-10-2-1,repair5g518_batch_C_budget_1000ms_static_context,warehouse-10-20-10-2-1|a100|s154|it0|14650fb0739d0383,,False,False,1,False,0,7938,4212.9794,False,,,repair5g59_wait_aggressive,warehouse-10-20-10-2-1-random-154.scen,phase5p5_repair5g54_counterfactual_update_probe_v1,154,1000,23721,14650fb0739d0383,alpha_commit=1.25|alpha_block=1.25|alpha_wait_spillover=1|rho_decay=0.94999999999999996|force_additive=0|enable_dual_channel=1|alpha_cong_commit_progress=1.25|alpha_cong_commit_nonprogress=1.25|alpha_cong_block=1.25|alpha_cong_wait_progress=1|alpha_cong_wait_nonprogress=1|alpha_flow_commit_progress=1|alpha_flow_wait_progress=0|rho_cong_decay=0.94999999999999996|rho_flow_decay=1|lambda_cong=1|lambda_flow=0|min_edge_cost=1|max_edge_cost=11|goal_projection_mode=flow_shield|flow_shield_beta=0.34999999999999998|max_flow_shield=0.75,1adae8b415a845e4
False,100,repair5g59_wait_conservative,True,warehouse-10-20-10-2-1|a100|s154|it0|repair5g518_batch_C_budget_1000ms_static_context,,,True,False,0,warehouse-10-20-10-2-1,repair5g518_batch_C_budget_1000ms_static_context,warehouse-10-20-10-2-1|a100|s154|it0|14650fb0739d0383,,False,False,1,False,0,7938,4246.4231,False,,,repair5g59_wait_conservative,warehouse-10-20-10-2-1-random-154.scen,phase5p5_repair5g54_counterfactual_update_probe_v1,154,1000,23721,14650fb0739d0383,alpha_commit=1.25|alpha_block=1.25|alpha_wait_spillover=0.5|rho_decay=0.94999999999999996|force_additive=0|enable_dual_channel=1|alpha_cong_commit_progress=1.25|alpha_cong_commit_nonprogress=1.25|alpha_cong_block=1.25|alpha_cong_wait_progress=0.5|alpha_cong_wait_nonprogress=0.5|alpha_flow_commit_progress=1|alpha_flow_wait_progress=0|rho_cong_decay=0.94999999999999996|rho_flow_decay=1|lambda_cong=1|lambda_flow=0|min_edge_cost=1|max_edge_cost=11|goal_projection_mode=flow_shield|flow_shield_beta=0.34999999999999998|max_flow_shield=0.75,421aa7c6efea31b2
False,100,repair5g518_grid_c1p20_b1p15_f1p00_w0p70_dc0p95_df1p00_beta0p60_max0p75_c0,True,warehouse-10-20-10-2-1|a100|s154|it0|repair5g518_batch_C_budget_1000ms_static_context,,,True,False,0,warehouse-10-20-10-2-1,repair5g518_batch_C_budget_1000ms_static_context,warehouse-10-20-10-2-1|a100|s154|it0|14650fb0739d0383,,False,False,1,False,0,7938,4215.9064,False,,,repair5g518_grid_c1p20_b1p15_f1p00_w0p70_dc0p95_df1p00_beta0p60_max0p75_c0,warehouse-10-20-10-2-1-random-154.scen,phase5p5_repair5g54_counterfactual_update_probe_v1,154,1000,23721,14650fb0739d0383,alpha_commit=1.2|alpha_block=1.1499999999999999|alpha_wait_spillover=0.69999999999999996|rho_decay=0.94999999999999996|force_additive=0|enable_dual_channel=1|alpha_cong_commit_progress=1.2|alpha_cong_commit_nonprogress=1.2|alpha_cong_block=1.1499999999999999|alpha_cong_wait_progress=0.69999999999999996|alpha_cong_wait_nonprogress=0.69999999999999996|alpha_flow_commit_progress=1|alpha_flow_wait_progress=0|rho_cong_decay=0.94999999999999996|rho_flow_decay=1|lambda_cong=1|lambda_flow=0|min_edge_cost=1|max_edge_cost=11|goal_projection_mode=flow_shield|flow_shield_beta=0.59999999999999998|max_flow_shield=0.75,bd71bc939325964
False,100,repair5g518_grid_c1p20_b1p35_f1p00_w0p70_dc0p95_df1p00_beta0p55_max0p75_c0,True,warehouse-10-20-10-2-1|a100|s154|it0|repair5g518_batch_C_budget_1000ms_static_context,,,True,False,0,warehouse-10-20-10-2-1,repair5g518_batch_C_budget_1000ms_static_context,warehouse-10-20-10-2-1|a100|s154|it0|14650fb0739d0383,,False,False,1,False,0,7938,4195.84,False,,,repair5g518_grid_c1p20_b1p35_f1p00_w0p70_dc0p95_df1p00_beta0p55_max0p75_c0,warehouse-10-20-10-2-1-random-154.scen,phase5p5_repair5g54_counterfactual_update_probe_v1,154,1000,23721,14650fb0739d0383,alpha_commit=1.2|alpha_block=1.3500000000000001|alpha_wait_spillover=0.69999999999999996|rho_decay=0.94999999999999996|force_additive=0|enable_dual_channel=1|alpha_cong_commit_progress=1.2|alpha_cong_commit_nonprogress=1.2|alpha_cong_block=1.3500000000000001|alpha_cong_wait_progress=0.69999999999999996|alpha_cong_wait_nonprogress=0.69999999999999996|alpha_flow_commit_progress=1|alpha_flow_wait_progress=0|rho_cong_decay=0.94999999999999996|rho_flow_decay=1|lambda_cong=1|lambda_flow=0|min_edge_cost=1|max_edge_cost=11|goal_projection_mode=flow_shield|flow_shield_beta=0.55000000000000004|max_flow_shield=0.75,64aae9147d013f06
False,100,repair5g518_grid_c1p35_b1p35_f1p00_w0p80_dc0p95_df1p00_beta0p25_max0p75_c0,True,warehouse-10-20-10-2-1|a100|s154|it0|repair5g518_batch_C_budget_1000ms_static_context,,,True,False,0,warehouse-10-20-10-2-1,repair5g518_batch_C_budget_1000ms_static_context,warehouse-10-20-10-2-1|a100|s154|it0|14650fb0739d0383,,False,False,1,False,0,7938,4321.203,False,,,repair5g518_grid_c1p35_b1p35_f1p00_w0p80_dc0p95_df1p00_beta0p25_max0p75_c0,warehouse-10-20-10-2-1-random-154.scen,phase5p5_repair5g54_counterfactual_update_probe_v1,154,1000,23721,14650fb0739d0383,alpha_commit=1.3500000000000001|alpha_block=1.3500000000000001|alpha_wait_spillover=0.80000000000000004|rho_decay=0.94999999999999996|force_additive=0|enable_dual_channel=1|alpha_cong_commit_progress=1.3500000000000001|alpha_cong_commit_nonprogress=1.3500000000000001|alpha_cong_block=1.3500000000000001|alpha_cong_wait_progress=0.80000000000000004|alpha_cong_wait_nonprogress=0.80000000000000004|alpha_flow_commit_progress=1|alpha_flow_wait_progress=0|rho_cong_decay=0.94999999999999996|rho_flow_decay=1|lambda_cong=1|lambda_flow=0|min_edge_cost=1|max_edge_cost=11|goal_projection_mode=flow_shield|flow_shield_beta=0.25|max_flow_shield=0.75,3d3823354692d4b7
False,100,repair5g518_grid_c1p20_b1p15_f1p00_w0p70_dc0p95_df1p00_beta0p55_max0p75_c0,True,warehouse-10-20-10-2-1|a100|s154|it0|repair5g518_batch_C_budget_1000ms_static_context,,,True,False,0,warehouse-10-20-10-2-1,repair5g518_batch_C_budget_1000ms_static_context,warehouse-10-20-10-2-1|a100|s154|it0|14650fb0739d0383,,False,False,1,False,0,7938,4160.7546,False,,,repair5g518_grid_c1p20_b1p15_f1p00_w0p70_dc0p95_df1p00_beta0p55_max0p75_c0,warehouse-10-20-10-2-1-random-154.scen,phase5p5_repair5g54_counterfactual_update_probe_v1,154,1000,23721,14650fb0739d0383,alpha_commit=1.2|alpha_block=1.1499999999999999|alpha_wait_spillover=0.69999999999999996|rho_decay=0.94999999999999996|force_additive=0|enable_dual_channel=1|alpha_cong_commit_progress=1.2|alpha_cong_commit_nonprogress=1.2|alpha_cong_block=1.1499999999999999|alpha_cong_wait_progress=0.69999999999999996|alpha_cong_wait_nonprogress=0.69999999999999996|alpha_flow_commit_progress=1|alpha_flow_wait_progress=0|rho_cong_decay=0.94999999999999996|rho_flow_decay=1|lambda_cong=1|lambda_flow=0|min_edge_cost=1|max_edge_cost=11|goal_projection_mode=flow_shield|flow_shield_beta=0.55000000000000004|max_flow_shield=0.75,c75a028b5f4a7c6a
False,100,repair5g518_grid_c1p35_b1p15_f1p00_w0p80_dc0p95_df1p00_beta0p25_max0p90_c0,True,warehouse-10-20-10-2-1|a100|s154|it0|repair5g518_batch_C_budget_1000ms_static_context,,,True,False,0,warehouse-10-20-10-2-1,repair5g518_batch_C_budget_1000ms_static_context,warehouse-10-20-10-2-1|a100|s154|it0|14650fb0739d0383,,False,False,1,False,0,7938,4859.0274,False,,,repair5g518_grid_c1p35_b1p15_f1p00_w0p80_dc0p95_df1p00_beta0p25_max0p90_c0,warehouse-10-20-10-2-1-random-154.scen,phase5p5_repair5g54_counterfactual_update_probe_v1,154,1000,23721,14650fb0739d0383,alpha_commit=1.3500000000000001|alpha_block=1.1499999999999999|alpha_wait_spillover=0.80000000000000004|rho_decay=0.94999999999999996|force_additive=0|enable_dual_channel=1|alpha_cong_commit_progress=1.3500000000000001|alpha_cong_commit_nonprogress=1.3500000000000001|alpha_cong_block=1.1499999999999999|alpha_cong_wait_progress=0.80000000000000004|alpha_cong_wait_nonprogress=0.80000000000000004|alpha_flow_commit_progress=1|alpha_flow_wait_progress=0|rho_cong_decay=0.94999999999999996|rho_flow_decay=1|lambda_cong=1|lambda_flow=0|min_edge_cost=1|max_edge_cost=11|goal_projection_mode=flow_shield|flow_shield_beta=0.25|max_flow_shield=0.90000000000000002,c14a9259b35efe2c
False,100,repair5g518_grid_c1p20_b1p15_f1p00_w0p80_dc0p95_df1p00_beta0p25_max0p75_c0,True,warehouse-10-20-10-2-1|a100|s154|it0|repair5g518_batch_C_budget_1000ms_static_context,,,True,False,0,warehouse-10-20-10-2-1,repair5g518_batch_C_budget_1000ms_static_context,warehouse-10-20-10-2-1|a100|s154|it0|14650fb0739d0383,,False,False,1,False,0,7938,4644.5421,False,,,repair5g518_grid_c1p20_b1p15_f1p00_w0p80_dc0p95_df1p00_beta0p25_max0p75_c0,warehouse-10-20-10-2-1-random-154.scen,phase5p5_repair5g54_counterfactual_update_probe_v1,154,1000,23721,14650fb0739d0383,alpha_commit=1.2|alpha_block=1.1499999999999999|alpha_wait_spillover=0.80000000000000004|rho_decay=0.94999999999999996|force_additive=0|enable_dual_channel=1|alpha_cong_commit_progress=1.2|alpha_cong_commit_nonprogress=1.2|alpha_cong_block=1.1499999999999999|alpha_cong_wait_progress=0.80000000000000004|alpha_cong_wait_nonprogress=0.80000000000000004|alpha_flow_commit_progress=1|alpha_flow_wait_progress=0|rho_cong_decay=0.94999999999999996|rho_flow_decay=1|lambda_cong=1|lambda_flow=0|min_edge_cost=1|max_edge_cost=11|goal_projection_mode=flow_shield|flow_shield_beta=0.25|max_flow_shield=0.75,97751ce856647dd0
False,100,repair5g518_grid_c1p25_b1p25_f1p00_w0p60_dc0p95_df1p00_beta0p25_max1p00_c0,True,warehouse-10-20-10-2-1|a100|s154|it0|repair5g518_batch_C_budget_1000ms_static_context,,,True,False,0,warehouse-10-20-10-2-1,repair5g518_batch_C_budget_1000ms_static_context,warehouse-10-20-10-2-1|a100|s154|it0|14650fb0739d0383,,False,False,1,False,0,7938,4815.5387,False,,,repair5g518_grid_c1p25_b1p25_f1p00_w0p60_dc0p95_df1p00_beta0p25_max1p00_c0,warehouse-10-20-10-2-1-random-154.scen,phase5p5_repair5g54_counterfactual_update_probe_v1,154,1000,23721,14650fb0739d0383,alpha_commit=1.25|alpha_block=1.25|alpha_wait_spillover=0.59999999999999998|rho_decay=0.94999999999999996|force_additive=0|enable_dual_channel=1|alpha_cong_commit_progress=1.25|alpha_cong_commit_nonprogress=1.25|alpha_cong_block=1.25|alpha_cong_wait_progress=0.59999999999999998|alpha_cong_wait_nonprogress=0.59999999999999998|alpha_flow_commit_progress=1|alpha_flow_wait_progress=0|rho_cong_decay=0.94999999999999996|rho_flow_decay=1|lambda_cong=1|lambda_flow=0|min_edge_cost=1|max_edge_cost=11|goal_projection_mode=flow_shield|flow_shield_beta=0.25|max_flow_shield=1,bf6282b8805592a2
False,100,repair5g518_grid_c1p25_b1p25_f1p00_w0p60_dc0p95_df1p00_beta0p20_max1p00_c0,True,warehouse-10-20-10-2-1|a100|s154|it0|repair5g518_batch_C_budget_1000ms_static_context,,,True,False,0,warehouse-10-20-10-2-1,repair5g518_batch_C_budget_1000ms_static_context,warehouse-10-20-10-2-1|a100|s154|it0|14650fb0739d0383,,False,False,1,False,0,7938,4765.4979,False,,,repair5g518_grid_c1p25_b1p25_f1p00_w0p60_dc0p95_df1p00_beta0p20_max1p00_c0,warehouse-10-20-10-2-1-random-154.scen,phase5p5_repair5g54_counterfactual_update_probe_v1,154,1000,23721,14650fb0739d0383,alpha_commit=1.25|alpha_block=1.25|alpha_wait_spillover=0.59999999999999998|rho_decay=0.94999999999999996|force_additive=0|enable_dual_channel=1|alpha_cong_commit_progress=1.25|alpha_cong_commit_nonprogress=1.25|alpha_cong_block=1.25|alpha_cong_wait_progress=0.59999999999999998|alpha_cong_wait_nonprogress=0.59999999999999998|alpha_flow_commit_progress=1|alpha_flow_wait_progress=0|rho_cong_decay=0.94999999999999996|rho_flow_decay=1|lambda_cong=1|lambda_flow=0|min_edge_cost=1|max_edge_cost=11|goal_projection_mode=flow_shield|flow_shield_beta=0.20000000000000001|max_flow_shield=1,2625f07ab5b8f9e2
False,100,repair5g59_additive_fallback,True,warehouse-10-20-10-2-1|a100|s154|it0|repair5g518_batch_C_budget_2000ms_static_context,,,True,False,0,warehouse-10-20-10-2-1,repair5g518_batch_C_budget_2000ms_static_context,warehouse-10-20-10-2-1|a100|s154|it0|14650fb0739d0383,,False,False,1,False,0,7938,3650.6614,False,,,repair5g59_additive_fallback,warehouse-10-20-10-2-1-random-154.scen,phase5p5_repair5g54_counterfactual_update_probe_v1,154,2000,23721,14650fb0739d0383,alpha_commit=1|alpha_block=1|alpha_wait_spillover=1|rho_decay=1|force_additive=1|enable_dual_channel=0|alpha_cong_commit_progress=0|alpha_cong_commit_nonprogress=1|alpha_cong_block=1|alpha_cong_wait_progress=1|alpha_cong_wait_nonprogress=1|alpha_flow_commit_progress=0|alpha_flow_wait_progress=0|rho_cong_decay=1|rho_flow_decay=1|lambda_cong=1|lambda_flow=0|min_edge_cost=0.25|max_edge_cost=11|goal_projection_mode=none|flow_shield_beta=0|max_flow_shield=0,35049bacad216c02
False,100,repair5g59_block_heavy_flow_guard,True,warehouse-10-20-10-2-1|a100|s154|it0|repair5g518_batch_C_budget_2000ms_static_context,,,True,False,0,warehouse-10-20-10-2-1,repair5g518_batch_C_budget_2000ms_static_context,warehouse-10-20-10-2-1|a100|s154|it0|14650fb0739d0383,,False,False,1,False,0,7938,4921.0231,False,,,repair5g59_block_heavy_flow_guard,warehouse-10-20-10-2-1-random-154.scen,phase5p5_repair5g54_counterfactual_update_probe_v1,154,2000,23721,14650fb0739d0383,alpha_commit=1|alpha_block=1.5|alpha_wait_spillover=0.5|rho_decay=0.94999999999999996|force_additive=0|enable_dual_channel=1|alpha_cong_commit_progress=1|alpha_cong_commit_nonprogress=1|alpha_cong_block=1.5|alpha_cong_wait_progress=0.5|alpha_cong_wait_nonprogress=0.5|alpha_flow_commit_progress=1|alpha_flow_wait_progress=0|rho_cong_decay=0.94999999999999996|rho_flow_decay=1|lambda_cong=1|lambda_flow=0|min_edge_cost=1|max_edge_cost=11|goal_projection_mode=flow_shield|flow_shield_beta=0.34999999999999998|max_flow_shield=0.75,bb2a55cecde4524d
False,100,repair5g59_c_only_f_disabled,True,warehouse-10-20-10-2-1|a100|s154|it0|repair5g518_batch_C_budget_2000ms_static_context,,,True,False,0,warehouse-10-20-10-2-1,repair5g518_batch_C_budget_2000ms_static_context,warehouse-10-20-10-2-1|a100|s154|it0|14650fb0739d0383,,False,False,1,False,0,7938,5650.3173,False,,,repair5g59_c_only_f_disabled,warehouse-10-20-10-2-1-random-154.scen,phase5p5_repair5g54_counterfactual_update_probe_v1,154,2000,23721,14650fb0739d0383,alpha_commit=1.25|alpha_block=1.25|alpha_wait_spillover=0.75|rho_decay=0.94999999999999996|force_additive=0|enable_dual_channel=1|alpha_cong_commit_progress=1.25|alpha_cong_commit_nonprogress=1.25|alpha_cong_block=1.25|alpha_cong_wait_progress=0.75|alpha_cong_wait_nonprogress=0.75|alpha_flow_commit_progress=0|alpha_flow_wait_progress=0|rho_cong_decay=0.94999999999999996|rho_flow_decay=1|lambda_cong=1|lambda_flow=0|min_edge_cost=0.25|max_edge_cost=11|goal_projection_mode=none|flow_shield_beta=0|max_flow_shield=0,6cf6b157bee71acd
False,100,repair5g59_commit_heavy_flow_guard,True,warehouse-10-20-10-2-1|a100|s154|it0|repair5g518_batch_C_budget_2000ms_static_context,,,True,False,0,warehouse-10-20-10-2-1,repair5g518_batch_C_budget_2000ms_static_context,warehouse-10-20-10-2-1|a100|s154|it0|14650fb0739d0383,,False,False,1,False,0,7938,6016.5568,False,,,repair5g59_commit_heavy_flow_guard,warehouse-10-20-10-2-1-random-154.scen,phase5p5_repair5g54_counterfactual_update_probe_v1,154,2000,23721,14650fb0739d0383,alpha_commit=1.5|alpha_block=1|alpha_wait_spillover=0.75|rho_decay=0.94999999999999996|force_additive=0|enable_dual_channel=1|alpha_cong_commit_progress=1.5|alpha_cong_commit_nonprogress=1.5|alpha_cong_block=1|alpha_cong_wait_progress=0.75|alpha_cong_wait_nonprogress=0.75|alpha_flow_commit_progress=1|alpha_flow_wait_progress=0|rho_cong_decay=0.94999999999999996|rho_flow_decay=1|lambda_cong=1|lambda_flow=0|min_edge_cost=1|max_edge_cost=11|goal_projection_mode=flow_shield|flow_shield_beta=0.34999999999999998|max_flow_shield=0.75,3cd172c18b79c21
False,100,repair5g59_fast_decay_low_shield,True,warehouse-10-20-10-2-1|a100|s154|it0|repair5g518_batch_C_budget_2000ms_static_context,,,True,False,0,warehouse-10-20-10-2-1,repair5g518_batch_C_budget_2000ms_static_context,warehouse-10-20-10-2-1|a100|s154|it0|14650fb0739d0383,,False,False,1,False,0,7938,5690.0579,False,,,repair5g59_fast_decay_low_shield,warehouse-10-20-10-2-1-random-154.scen,phase5p5_repair5g54_counterfactual_update_probe_v1,154,2000,23721,14650fb0739d0383,alpha_commit=1.25|alpha_block=1.25|alpha_wait_spillover=0.75|rho_decay=0.90000000000000002|force_additive=0|enable_dual_channel=1|alpha_cong_commit_progress=1.25|alpha_cong_commit_nonprogress=1.25|alpha_cong_block=1.25|alpha_cong_wait_progress=0.75|alpha_cong_wait_nonprogress=0.75|alpha_flow_commit_progress=1|alpha_flow_wait_progress=0|rho_cong_decay=0.90000000000000002|rho_flow_decay=1|lambda_cong=1|lambda_flow=0|min_edge_cost=1|max_edge_cost=11|goal_projection_mode=flow_shield|flow_shield_beta=0.20000000000000001|max_flow_shield=0.5,3f2416d2709cdc46
False,100,repair5g59_flow_decay,True,warehouse-10-20-10-2-1|a100|s154|it0|repair5g518_batch_C_budget_2000ms_static_context,,,True,False,0,warehouse-10-20-10-2-1,repair5g518_batch_C_budget_2000ms_static_context,warehouse-10-20-10-2-1|a100|s154|it0|14650fb0739d0383,,False,False,1,False,0,7938,5302.5851,False,,,repair5g59_flow_decay,warehouse-10-20-10-2-1-random-154.scen,phase5p5_repair5g54_counterfactual_update_probe_v1,154,2000,23721,14650fb0739d0383,alpha_commit=1.25|alpha_block=1.25|alpha_wait_spillover=0.75|rho_decay=0.94999999999999996|force_additive=0|enable_dual_channel=1|alpha_cong_commit_progress=1.25|alpha_cong_commit_nonprogress=1.25|alpha_cong_block=1.25|alpha_cong_wait_progress=0.75|alpha_cong_wait_nonprogress=0.75|alpha_flow_commit_progress=1|alpha_flow_wait_progress=0|rho_cong_decay=0.94999999999999996|rho_flow_decay=0.94999999999999996|lambda_cong=1|lambda_flow=0|min_edge_cost=1|max_edge_cost=11|goal_projection_mode=flow_shield|flow_shield_beta=0.34999999999999998|max_flow_shield=0.75,f091bb5344ed5c8f
False,100,repair5g59_high_beta_cap_safe,True,warehouse-10-20-10-2-1|a100|s154|it0|repair5g518_batch_C_budget_2000ms_static_context,,,True,False,0,warehouse-10-20-10-2-1,repair5g518_batch_C_budget_2000ms_static_context,warehouse-10-20-10-2-1|a100|s154|it0|14650fb0739d0383,,False,False,1,False,0,7938,6321.5253,False,,,repair5g59_high_beta_cap_safe,warehouse-10-20-10-2-1-random-154.scen,phase5p5_repair5g54_counterfactual_update_probe_v1,154,2000,23721,14650fb0739d0383,alpha_commit=1.25|alpha_block=1.25|alpha_wait_spillover=0.75|rho_decay=0.94999999999999996|force_additive=0|enable_dual_channel=1|alpha_cong_commit_progress=1.25|alpha_cong_commit_nonprogress=1.25|alpha_cong_block=1.25|alpha_cong_wait_progress=0.75|alpha_cong_wait_nonprogress=0.75|alpha_flow_commit_progress=1|alpha_flow_wait_progress=0|rho_cong_decay=0.94999999999999996|rho_flow_decay=1|lambda_cong=1|lambda_flow=0|min_edge_cost=1|max_edge_cost=11|goal_projection_mode=flow_shield|flow_shield_beta=0.59999999999999998|max_flow_shield=0.75,fbcf27bf34de68c
False,100,repair5g59_light_cong_light_flow,True,warehouse-10-20-10-2-1|a100|s154|it0|repair5g518_batch_C_budget_2000ms_static_context,,,True,False,0,warehouse-10-20-10-2-1,repair5g518_batch_C_budget_2000ms_static_context,warehouse-10-20-10-2-1|a100|s154|it0|14650fb0739d0383,,False,False,1,False,0,7938,5924.5718,False,,,repair5g59_light_cong_light_flow,warehouse-10-20-10-2-1-random-154.scen,phase5p5_repair5g54_counterfactual_update_probe_v1,154,2000,23721,14650fb0739d0383,alpha_commit=1|alpha_block=1|alpha_wait_spillover=0.75|rho_decay=0.97999999999999998|force_additive=0|enable_dual_channel=1|alpha_cong_commit_progress=1|alpha_cong_commit_nonprogress=1|alpha_cong_block=1|alpha_cong_wait_progress=0.75|alpha_cong_wait_nonprogress=0.75|alpha_flow_commit_progress=0.75|alpha_flow_wait_progress=0|rho_cong_decay=0.97999999999999998|rho_flow_decay=1|lambda_cong=1|lambda_flow=0|min_edge_cost=1|max_edge_cost=11|goal_projection_mode=flow_shield|flow_shield_beta=0.25|max_flow_shield=0.5,15be9d4820cb1154
False,100,repair5g59_low_beta_high_cap,True,warehouse-10-20-10-2-1|a100|s154|it0|repair5g518_batch_C_budget_2000ms_static_context,,,True,False,0,warehouse-10-20-10-2-1,repair5g518_batch_C_budget_2000ms_static_context,warehouse-10-20-10-2-1|a100|s154|it0|14650fb0739d0383,,False,False,1,False,0,7938,4938.2081,False,,,repair5g59_low_beta_high_cap,warehouse-10-20-10-2-1-random-154.scen,phase5p5_repair5g54_counterfactual_update_probe_v1,154,2000,23721,14650fb0739d0383,alpha_commit=1.25|alpha_block=1.25|alpha_wait_spillover=0.75|rho_decay=0.94999999999999996|force_additive=0|enable_dual_channel=1|alpha_cong_commit_progress=1.25|alpha_cong_commit_nonprogress=1.25|alpha_cong_block=1.25|alpha_cong_wait_progress=0.75|alpha_cong_wait_nonprogress=0.75|alpha_flow_commit_progress=1|alpha_flow_wait_progress=0|rho_cong_decay=0.94999999999999996|rho_flow_decay=1|lambda_cong=1|lambda_flow=0|min_edge_cost=1|max_edge_cost=11|goal_projection_mode=flow_shield|flow_shield_beta=0.20000000000000001|max_flow_shield=1.25,5b1c2a7ba7dd48cb
False,100,repair5g59_slow_decay_high_shield,True,warehouse-10-20-10-2-1|a100|s154|it0|repair5g518_batch_C_budget_2000ms_static_context,,,True,False,0,warehouse-10-20-10-2-1,repair5g518_batch_C_budget_2000ms_static_context,warehouse-10-20-10-2-1|a100|s154|it0|14650fb0739d0383,,False,False,1,False,0,7938,6107.4519,False,,,repair5g59_slow_decay_high_shield,warehouse-10-20-10-2-1-random-154.scen,phase5p5_repair5g54_counterfactual_update_probe_v1,154,2000,23721,14650fb0739d0383,alpha_commit=1.25|alpha_block=1.25|alpha_wait_spillover=0.75|rho_decay=0.97999999999999998|force_additive=0|enable_dual_channel=1|alpha_cong_commit_progress=1.25|alpha_cong_commit_nonprogress=1.25|alpha_cong_block=1.25|alpha_cong_wait_progress=0.75|alpha_cong_wait_nonprogress=0.75|alpha_flow_commit_progress=1|alpha_flow_wait_progress=0|rho_cong_decay=0.97999999999999998|rho_flow_decay=1|lambda_cong=1|lambda_flow=0|min_edge_cost=1|max_edge_cost=11|goal_projection_mode=flow_shield|flow_shield_beta=0.5|max_flow_shield=1,15da3e1ec294f75e
False,100,repair5g59_static_abstain_candidate,True,warehouse-10-20-10-2-1|a100|s154|it0|repair5g518_batch_C_budget_2000ms_static_context,,,True,False,0,warehouse-10-20-10-2-1,repair5g518_batch_C_budget_2000ms_static_context,warehouse-10-20-10-2-1|a100|s154|it0|14650fb0739d0383,,False,False,1,False,0,7938,6027.2542,False,,,repair5g59_static_abstain_candidate,warehouse-10-20-10-2-1-random-154.scen,phase5p5_repair5g54_counterfactual_update_probe_v1,154,2000,23721,14650fb0739d0383,alpha_commit=1.25|alpha_block=1.25|alpha_wait_spillover=0.75|rho_decay=0.94999999999999996|force_additive=0|enable_dual_channel=1|alpha_cong_commit_progress=1.25|alpha_cong_commit_nonprogress=1.25|alpha_cong_block=1.25|alpha_cong_wait_progress=0.75|alpha_cong_wait_nonprogress=0.75|alpha_flow_commit_progress=1|alpha_flow_wait_progress=0|rho_cong_decay=0.94999999999999996|rho_flow_decay=1|lambda_cong=1|lambda_flow=0|min_edge_cost=1|max_edge_cost=11|goal_projection_mode=flow_shield|flow_shield_beta=0.34999999999999998|max_flow_shield=0.75,29737bed70c56f0d
False,100,repair5g59_static_flow_shield,True,warehouse-10-20-10-2-1|a100|s154|it0|repair5g518_batch_C_budget_2000ms_static_context,,,True,False,0,warehouse-10-20-10-2-1,repair5g518_batch_C_budget_2000ms_static_context,warehouse-10-20-10-2-1|a100|s154|it0|14650fb0739d0383,,False,False,1,False,0,7938,5211.5964,False,,,repair5g59_static_flow_shield,warehouse-10-20-10-2-1-random-154.scen,phase5p5_repair5g54_counterfactual_update_probe_v1,154,2000,23721,14650fb0739d0383,alpha_commit=1.25|alpha_block=1.25|alpha_wait_spillover=0.75|rho_decay=0.94999999999999996|force_additive=0|enable_dual_channel=1|alpha_cong_commit_progress=1.25|alpha_cong_commit_nonprogress=1.25|alpha_cong_block=1.25|alpha_cong_wait_progress=0.75|alpha_cong_wait_nonprogress=0.75|alpha_flow_commit_progress=1|alpha_flow_wait_progress=0|rho_cong_decay=0.94999999999999996|rho_flow_decay=1|lambda_cong=1|lambda_flow=0|min_edge_cost=1|max_edge_cost=11|goal_projection_mode=flow_shield|flow_shield_beta=0.34999999999999998|max_flow_shield=0.75,29737bed70c56f0d
False,100,repair5g59_wait_aggressive,True,warehouse-10-20-10-2-1|a100|s154|it0|repair5g518_batch_C_budget_2000ms_static_context,,,True,False,0,warehouse-10-20-10-2-1,repair5g518_batch_C_budget_2000ms_static_context,warehouse-10-20-10-2-1|a100|s154|it0|14650fb0739d0383,,False,False,1,False,0,7938,4094.4556,False,,,repair5g59_wait_aggressive,warehouse-10-20-10-2-1-random-154.scen,phase5p5_repair5g54_counterfactual_update_probe_v1,154,2000,23721,14650fb0739d0383,alpha_commit=1.25|alpha_block=1.25|alpha_wait_spillover=1|rho_decay=0.94999999999999996|force_additive=0|enable_dual_channel=1|alpha_cong_commit_progress=1.25|alpha_cong_commit_nonprogress=1.25|alpha_cong_block=1.25|alpha_cong_wait_progress=1|alpha_cong_wait_nonprogress=1|alpha_flow_commit_progress=1|alpha_flow_wait_progress=0|rho_cong_decay=0.94999999999999996|rho_flow_decay=1|lambda_cong=1|lambda_flow=0|min_edge_cost=1|max_edge_cost=11|goal_projection_mode=flow_shield|flow_shield_beta=0.34999999999999998|max_flow_shield=0.75,1adae8b415a845e4
False,100,repair5g59_wait_conservative,True,warehouse-10-20-10-2-1|a100|s154|it0|repair5g518_batch_C_budget_2000ms_static_context,,,True,False,0,warehouse-10-20-10-2-1,repair5g518_batch_C_budget_2000ms_static_context,warehouse-10-20-10-2-1|a100|s154|it0|14650fb0739d0383,,False,False,1,False,0,7938,4109.4257,False,,,repair5g59_wait_conservative,warehouse-10-20-10-2-1-random-154.scen,phase5p5_repair5g54_counterfactual_update_probe_v1,154,2000,23721,14650fb0739d0383,alpha_commit=1.25|alpha_block=1.25|alpha_wait_spillover=0.5|rho_decay=0.94999999999999996|force_additive=0|enable_dual_channel=1|alpha_cong_commit_progress=1.25|alpha_cong_commit_nonprogress=1.25|alpha_cong_block=1.25|alpha_cong_wait_progress=0.5|alpha_cong_wait_nonprogress=0.5|alpha_flow_commit_progress=1|alpha_flow_wait_progress=0|rho_cong_decay=0.94999999999999996|rho_flow_decay=1|lambda_cong=1|lambda_flow=0|min_edge_cost=1|max_edge_cost=11|goal_projection_mode=flow_shield|flow_shield_beta=0.34999999999999998|max_flow_shield=0.75,421aa7c6efea31b2
False,100,repair5g518_grid_c1p20_b1p15_f1p00_w0p70_dc0p95_df1p00_beta0p60_max0p75_c0,True,warehouse-10-20-10-2-1|a100|s154|it0|repair5g518_batch_C_budget_2000ms_static_context,,,True,False,0,warehouse-10-20-10-2-1,repair5g518_batch_C_budget_2000ms_static_context,warehouse-10-20-10-2-1|a100|s154|it0|14650fb0739d0383,,False,False,1,False,0,7938,4373.2972,False,,,repair5g518_grid_c1p20_b1p15_f1p00_w0p70_dc0p95_df1p00_beta0p60_max0p75_c0,warehouse-10-20-10-2-1-random-154.scen,phase5p5_repair5g54_counterfactual_update_probe_v1,154,2000,23721,14650fb0739d0383,alpha_commit=1.2|alpha_block=1.1499999999999999|alpha_wait_spillover=0.69999999999999996|rho_decay=0.94999999999999996|force_additive=0|enable_dual_channel=1|alpha_cong_commit_progress=1.2|alpha_cong_commit_nonprogress=1.2|alpha_cong_block=1.1499999999999999|alpha_cong_wait_progress=0.69999999999999996|alpha_cong_wait_nonprogress=0.69999999999999996|alpha_flow_commit_progress=1|alpha_flow_wait_progress=0|rho_cong_decay=0.94999999999999996|rho_flow_decay=1|lambda_cong=1|lambda_flow=0|min_edge_cost=1|max_edge_cost=11|goal_projection_mode=flow_shield|flow_shield_beta=0.59999999999999998|max_flow_shield=0.75,bd71bc939325964
False,100,repair5g518_grid_c1p20_b1p35_f1p00_w0p70_dc0p95_df1p00_beta0p55_max0p75_c0,True,warehouse-10-20-10-2-1|a100|s154|it0|repair5g518_batch_C_budget_2000ms_static_context,,,True,False,0,warehouse-10-20-10-2-1,repair5g518_batch_C_budget_2000ms_static_context,warehouse-10-20-10-2-1|a100|s154|it0|14650fb0739d0383,,False,False,1,False,0,7938,4200.0412,False,,,repair5g518_grid_c1p20_b1p35_f1p00_w0p70_dc0p95_df1p00_beta0p55_max0p75_c0,warehouse-10-20-10-2-1-random-154.scen,phase5p5_repair5g54_counterfactual_update_probe_v1,154,2000,23721,14650fb0739d0383,alpha_commit=1.2|alpha_block=1.3500000000000001|alpha_wait_spillover=0.69999999999999996|rho_decay=0.94999999999999996|force_additive=0|enable_dual_channel=1|alpha_cong_commit_progress=1.2|alpha_cong_commit_nonprogress=1.2|alpha_cong_block=1.3500000000000001|alpha_cong_wait_progress=0.69999999999999996|alpha_cong_wait_nonprogress=0.69999999999999996|alpha_flow_commit_progress=1|alpha_flow_wait_progress=0|rho_cong_decay=0.94999999999999996|rho_flow_decay=1|lambda_cong=1|lambda_flow=0|min_edge_cost=1|max_edge_cost=11|goal_projection_mode=flow_shield|flow_shield_beta=0.55000000000000004|max_flow_shield=0.75,64aae9147d013f06
False,100,repair5g518_grid_c1p35_b1p35_f1p00_w0p80_dc0p95_df1p00_beta0p25_max0p75_c0,True,warehouse-10-20-10-2-1|a100|s154|it0|repair5g518_batch_C_budget_2000ms_static_context,,,True,False,0,warehouse-10-20-10-2-1,repair5g518_batch_C_budget_2000ms_static_context,warehouse-10-20-10-2-1|a100|s154|it0|14650fb0739d0383,,False,False,1,False,0,7938,4242.0277,False,,,repair5g518_grid_c1p35_b1p35_f1p00_w0p80_dc0p95_df1p00_beta0p25_max0p75_c0,warehouse-10-20-10-2-1-random-154.scen,phase5p5_repair5g54_counterfactual_update_probe_v1,154,2000,23721,14650fb0739d0383,alpha_commit=1.3500000000000001|alpha_block=1.3500000000000001|alpha_wait_spillover=0.80000000000000004|rho_decay=0.94999999999999996|force_additive=0|enable_dual_channel=1|alpha_cong_commit_progress=1.3500000000000001|alpha_cong_commit_nonprogress=1.3500000000000001|alpha_cong_block=1.3500000000000001|alpha_cong_wait_progress=0.80000000000000004|alpha_cong_wait_nonprogress=0.80000000000000004|alpha_flow_commit_progress=1|alpha_flow_wait_progress=0|rho_cong_decay=0.94999999999999996|rho_flow_decay=1|lambda_cong=1|lambda_flow=0|min_edge_cost=1|max_edge_cost=11|goal_projection_mode=flow_shield|flow_shield_beta=0.25|max_flow_shield=0.75,3d3823354692d4b7
False,100,repair5g518_grid_c1p20_b1p15_f1p00_w0p70_dc0p95_df1p00_beta0p55_max0p75_c0,True,warehouse-10-20-10-2-1|a100|s154|it0|repair5g518_batch_C_budget_2000ms_static_context,,,True,False,0,warehouse-10-20-10-2-1,repair5g518_batch_C_budget_2000ms_static_context,warehouse-10-20-10-2-1|a100|s154|it0|14650fb0739d0383,,False,False,1,False,0,7938,4234.5447,False,,,repair5g518_grid_c1p20_b1p15_f1p00_w0p70_dc0p95_df1p00_beta0p55_max0p75_c0,warehouse-10-20-10-2-1-random-154.scen,phase5p5_repair5g54_counterfactual_update_probe_v1,154,2000,23721,14650fb0739d0383,alpha_commit=1.2|alpha_block=1.1499999999999999|alpha_wait_spillover=0.69999999999999996|rho_decay=0.94999999999999996|force_additive=0|enable_dual_channel=1|alpha_cong_commit_progress=1.2|alpha_cong_commit_nonprogress=1.2|alpha_cong_block=1.1499999999999999|alpha_cong_wait_progress=0.69999999999999996|alpha_cong_wait_nonprogress=0.69999999999999996|alpha_flow_commit_progress=1|alpha_flow_wait_progress=0|rho_cong_decay=0.94999999999999996|rho_flow_decay=1|lambda_cong=1|lambda_flow=0|min_edge_cost=1|max_edge_cost=11|goal_projection_mode=flow_shield|flow_shield_beta=0.55000000000000004|max_flow_shield=0.75,c75a028b5f4a7c6a
False,100,repair5g518_grid_c1p35_b1p15_f1p00_w0p80_dc0p95_df1p00_beta0p25_max0p90_c0,True,warehouse-10-20-10-2-1|a100|s154|it0|repair5g518_batch_C_budget_2000ms_static_context,,,True,False,0,warehouse-10-20-10-2-1,repair5g518_batch_C_budget_2000ms_static_context,warehouse-10-20-10-2-1|a100|s154|it0|14650fb0739d0383,,False,False,1,False,0,7938,4343.0954,False,,,repair5g518_grid_c1p35_b1p15_f1p00_w0p80_dc0p95_df1p00_beta0p25_max0p90_c0,warehouse-10-20-10-2-1-random-154.scen,phase5p5_repair5g54_counterfactual_update_probe_v1,154,2000,23721,14650fb0739d0383,alpha_commit=1.3500000000000001|alpha_block=1.1499999999999999|alpha_wait_spillover=0.80000000000000004|rho_decay=0.94999999999999996|force_additive=0|enable_dual_channel=1|alpha_cong_commit_progress=1.3500000000000001|alpha_cong_commit_nonprogress=1.3500000000000001|alpha_cong_block=1.1499999999999999|alpha_cong_wait_progress=0.80000000000000004|alpha_cong_wait_nonprogress=0.80000000000000004|alpha_flow_commit_progress=1|alpha_flow_wait_progress=0|rho_cong_decay=0.94999999999999996|rho_flow_decay=1|lambda_cong=1|lambda_flow=0|min_edge_cost=1|max_edge_cost=11|goal_projection_mode=flow_shield|flow_shield_beta=0.25|max_flow_shield=0.90000000000000002,c14a9259b35efe2c
False,100,repair5g518_grid_c1p20_b1p15_f1p00_w0p80_dc0p95_df1p00_beta0p25_max0p75_c0,True,warehouse-10-20-10-2-1|a100|s154|it0|repair5g518_batch_C_budget_2000ms_static_context,,,True,False,0,warehouse-10-20-10-2-1,repair5g518_batch_C_budget_2000ms_static_context,warehouse-10-20-10-2-1|a100|s154|it0|14650fb0739d0383,,False,False,1,False,0,7938,4251.0417,False,,,repair5g518_grid_c1p20_b1p15_f1p00_w0p80_dc0p95_df1p00_beta0p25_max0p75_c0,warehouse-10-20-10-2-1-random-154.scen,phase5p5_repair5g54_counterfactual_update_probe_v1,154,2000,23721,14650fb0739d0383,alpha_commit=1.2|alpha_block=1.1499999999999999|alpha_wait_spillover=0.80000000000000004|rho_decay=0.94999999999999996|force_additive=0|enable_dual_channel=1|alpha_cong_commit_progress=1.2|alpha_cong_commit_nonprogress=1.2|alpha_cong_block=1.1499999999999999|alpha_cong_wait_progress=0.80000000000000004|alpha_cong_wait_nonprogress=0.80000000000000004|alpha_flow_commit_progress=1|alpha_flow_wait_progress=0|rho_cong_decay=0.94999999999999996|rho_flow_decay=1|lambda_cong=1|lambda_flow=0|min_edge_cost=1|max_edge_cost=11|goal_projection_mode=flow_shield|flow_shield_beta=0.25|max_flow_shield=0.75,97751ce856647dd0
False,100,repair5g518_grid_c1p25_b1p25_f1p00_w0p60_dc0p95_df1p00_beta0p25_max1p00_c0,True,warehouse-10-20-10-2-1|a100|s154|it0|repair5g518_batch_C_budget_2000ms_static_context,,,True,False,0,warehouse-10-20-10-2-1,repair5g518_batch_C_budget_2000ms_static_context,warehouse-10-20-10-2-1|a100|s154|it0|14650fb0739d0383,,False,False,1,False,0,7938,4231.6293,False,,,repair5g518_grid_c1p25_b1p25_f1p00_w0p60_dc0p95_df1p00_beta0p25_max1p00_c0,warehouse-10-20-10-2-1-random-154.scen,phase5p5_repair5g54_counterfactual_update_probe_v1,154,2000,23721,14650fb0739d0383,alpha_commit=1.25|alpha_block=1.25|alpha_wait_spillover=0.59999999999999998|rho_decay=0.94999999999999996|force_additive=0|enable_dual_channel=1|alpha_cong_commit_progress=1.25|alpha_cong_commit_nonprogress=1.25|alpha_cong_block=1.25|alpha_cong_wait_progress=0.59999999999999998|alpha_cong_wait_nonprogress=0.59999999999999998|alpha_flow_commit_progress=1|alpha_flow_wait_progress=0|rho_cong_decay=0.94999999999999996|rho_flow_decay=1|lambda_cong=1|lambda_flow=0|min_edge_cost=1|max_edge_cost=11|goal_projection_mode=flow_shield|flow_shield_beta=0.25|max_flow_shield=1,bf6282b8805592a2
False,100,repair5g518_grid_c1p25_b1p25_f1p00_w0p60_dc0p95_df1p00_beta0p20_max1p00_c0,True,warehouse-10-20-10-2-1|a100|s154|it0|repair5g518_batch_C_budget_2000ms_static_context,,,True,False,0,warehouse-10-20-10-2-1,repair5g518_batch_C_budget_2000ms_static_context,warehouse-10-20-10-2-1|a100|s154|it0|14650fb0739d0383,,False,False,1,False,0,7938,4743.9639,False,,,repair5g518_grid_c1p25_b1p25_f1p00_w0p60_dc0p95_df1p00_beta0p20_max1p00_c0,warehouse-10-20-10-2-1-random-154.scen,phase5p5_repair5g54_counterfactual_update_probe_v1,154,2000,23721,14650fb0739d0383,alpha_commit=1.25|alpha_block=1.25|alpha_wait_spillover=0.59999999999999998|rho_decay=0.94999999999999996|force_additive=0|enable_dual_channel=1|alpha_cong_commit_progress=1.25|alpha_cong_commit_nonprogress=1.25|alpha_cong_block=1.25|alpha_cong_wait_progress=0.59999999999999998|alpha_cong_wait_nonprogress=0.59999999999999998|alpha_flow_commit_progress=1|alpha_flow_wait_progress=0|rho_cong_decay=0.94999999999999996|rho_flow_decay=1|lambda_cong=1|lambda_flow=0|min_edge_cost=1|max_edge_cost=11|goal_projection_mode=flow_shield|flow_shield_beta=0.20000000000000001|max_flow_shield=1,2625f07ab5b8f9e2
False,100,repair5g59_additive_fallback,True,maze-32-32-4|a100|s146|it0|repair5g518_batch_C_budget_1000ms_static_context,0,0.109589041096,True,False,0,maze-32-32-4,repair5g518_batch_C_budget_1000ms_static_context,maze-32-32-4|a100|s146|it0|14650fb0739d0383,-0.0306950786403,False,False,103,True,10200,3942,384.6054,True,5600,1.42059868087,repair5g59_additive_fallback,maze-32-32-4-random-146.scen,phase5p5_repair5g54_counterfactual_update_probe_v1,146,1000,14860,14650fb0739d0383,alpha_commit=1|alpha_block=1|alpha_wait_spillover=1|rho_decay=1|force_additive=1|enable_dual_channel=0|alpha_cong_commit_progress=0|alpha_cong_commit_nonprogress=1|alpha_cong_block=1|alpha_cong_wait_progress=1|alpha_cong_wait_nonprogress=1|alpha_flow_commit_progress=0|alpha_flow_wait_progress=0|rho_cong_decay=1|rho_flow_decay=1|lambda_cong=1|lambda_flow=0|min_edge_cost=0.25|max_edge_cost=11|goal_projection_mode=none|flow_shield_beta=0|max_flow_shield=0,35049bacad216c02
False,100,repair5g59_block_heavy_flow_guard,True,maze-32-32-4|a100|s146|it0|repair5g518_batch_C_budget_1000ms_static_context,-0.130898021309,-0.0213089802131,True,False,0,maze-32-32-4,repair5g518_batch_C_budget_1000ms_static_context,maze-32-32-4|a100|s146|it0|14650fb0739d0383,-0.0306950786403,False,False,91,True,9000,3942,552.1221,True,5084,1.28970065956,repair5g59_block_heavy_flow_guard,maze-32-32-4-random-146.scen,phase5p5_repair5g54_counterfactual_update_probe_v1,146,1000,14860,14650fb0739d0383,alpha_commit=1|alpha_block=1.5|alpha_wait_spillover=0.5|rho_decay=0.94999999999999996|force_additive=0|enable_dual_channel=1|alpha_cong_commit_progress=1|alpha_cong_commit_nonprogress=1|alpha_cong_block=1.5|alpha_cong_wait_progress=0.5|alpha_cong_wait_nonprogress=0.5|alpha_flow_commit_progress=1|alpha_flow_wait_progress=0|rho_cong_decay=0.94999999999999996|rho_flow_decay=1|lambda_cong=1|lambda_flow=0|min_edge_cost=1|max_edge_cost=11|goal_projection_mode=flow_shield|flow_shield_beta=0.34999999999999998|max_flow_shield=0.75,bb2a55cecde4524d
False,100,repair5g59_c_only_f_disabled,True,maze-32-32-4|a100|s146|it0|repair5g518_batch_C_budget_1000ms_static_context,-0.0111618467783,0.0984271943176,True,False,0,maze-32-32-4,repair5g518_batch_C_budget_1000ms_static_context,maze-32-32-4|a100|s146|it0|14650fb0739d0383,-0.0306950786403,False,False,95,True,9400,3942,652.5258,True,5556,1.40943683409,repair5g59_c_only_f_disabled,maze-32-32-4-random-146.scen,phase5p5_repair5g54_counterfactual_update_probe_v1,146,1000,14860,14650fb0739d0383,alpha_commit=1.25|alpha_block=1.25|alpha_wait_spillover=0.75|rho_decay=0.94999999999999996|force_additive=0|enable_dual_channel=1|alpha_cong_commit_progress=1.25|alpha_cong_commit_nonprogress=1.25|alpha_cong_block=1.25|alpha_cong_wait_progress=0.75|alpha_cong_wait_nonprogress=0.75|alpha_flow_commit_progress=0|alpha_flow_wait_progress=0|rho_cong_decay=0.94999999999999996|rho_flow_decay=1|lambda_cong=1|lambda_flow=0|min_edge_cost=0.25|max_edge_cost=11|goal_projection_mode=none|flow_shield_beta=0|max_flow_shield=0,6cf6b157bee71acd
False,100,repair5g59_commit_heavy_flow_guard,True,maze-32-32-4|a100|s146|it0|repair5g518_batch_C_budget_1000ms_static_context,,,True,False,0,maze-32-32-4,repair5g518_batch_C_budget_1000ms_static_context,maze-32-32-4|a100|s146|it0|14650fb0739d0383,-0.0306950786403,False,False,1,False,0,3942,1567.507,False,,,repair5g59_commit_heavy_flow_guard,maze-32-32-4-random-146.scen,phase5p5_repair5g54_counterfactual_update_probe_v1,146,1000,14860,14650fb0739d0383,alpha_commit=1.5|alpha_block=1|alpha_wait_spillover=0.75|rho_decay=0.94999999999999996|force_additive=0|enable_dual_channel=1|alpha_cong_commit_progress=1.5|alpha_cong_commit_nonprogress=1.5|alpha_cong_block=1|alpha_cong_wait_progress=0.75|alpha_cong_wait_nonprogress=0.75|alpha_flow_commit_progress=1|alpha_flow_wait_progress=0|rho_cong_decay=0.94999999999999996|rho_flow_decay=1|lambda_cong=1|lambda_flow=0|min_edge_cost=1|max_edge_cost=11|goal_projection_mode=flow_shield|flow_shield_beta=0.34999999999999998|max_flow_shield=0.75,3cd172c18b79c21
False,100,repair5g59_fast_decay_low_shield,True,maze-32-32-4|a100|s146|it0|repair5g518_batch_C_budget_1000ms_static_context,,,True,False,0,maze-32-32-4,repair5g518_batch_C_budget_1000ms_static_context,maze-32-32-4|a100|s146|it0|14650fb0739d0383,-0.0306950786403,False,False,66,False,6500,3942,996.7326,False,,,repair5g59_fast_decay_low_shield,maze-32-32-4-random-146.scen,phase5p5_repair5g54_counterfactual_update_probe_v1,146,1000,14860,14650fb0739d0383,alpha_commit=1.25|alpha_block=1.25|alpha_wait_spillover=0.75|rho_decay=0.90000000000000002|force_additive=0|enable_dual_channel=1|alpha_cong_commit_progress=1.25|alpha_cong_commit_nonprogress=1.25|alpha_cong_block=1.25|alpha_cong_wait_progress=0.75|alpha_cong_wait_nonprogress=0.75|alpha_flow_commit_progress=1|alpha_flow_wait_progress=0|rho_cong_decay=0.90000000000000002|rho_flow_decay=1|lambda_cong=1|lambda_flow=0|min_edge_cost=1|max_edge_cost=11|goal_projection_mode=flow_shield|flow_shield_beta=0.20000000000000001|max_flow_shield=0.5,3f2416d2709cdc46
False,100,repair5g59_flow_decay,True,maze-32-32-4|a100|s146|it0|repair5g518_batch_C_budget_1000ms_static_context,,,True,False,0,maze-32-32-4,repair5g518_batch_C_budget_1000ms_static_context,maze-32-32-4|a100|s146|it0|14650fb0739d0383,-0.0306950786403,False,False,79,False,7800,3942,998.3384,False,,,repair5g59_flow_decay,maze-32-32-4-random-146.scen,phase5p5_repair5g54_counterfactual_update_probe_v1,146,1000,14860,14650fb0739d0383,alpha_commit=1.25|alpha_block=1.25|alpha_wait_spillover=0.75|rho_decay=0.94999999999999996|force_additive=0|enable_dual_channel=1|alpha_cong_commit_progress=1.25|alpha_cong_commit_nonprogress=1.25|alpha_cong_block=1.25|alpha_cong_wait_progress=0.75|alpha_cong_wait_nonprogress=0.75|alpha_flow_commit_progress=1|alpha_flow_wait_progress=0|rho_cong_decay=0.94999999999999996|rho_flow_decay=0.94999999999999996|lambda_cong=1|lambda_flow=0|min_edge_cost=1|max_edge_cost=11|goal_projection_mode=flow_shield|flow_shield_beta=0.34999999999999998|max_flow_shield=0.75,f091bb5344ed5c8f
False,100,repair5g59_high_beta_cap_safe,True,maze-32-32-4|a100|s146|it0|repair5g518_batch_C_budget_1000ms_static_context,-0.0733130390665,0.0362760020294,True,False,0,maze-32-32-4,repair5g518_batch_C_budget_1000ms_static_context,maze-32-32-4|a100|s146|it0|14650fb0739d0383,-0.0306950786403,False,False,91,True,9000,3942,857.639,True,5311,1.34728564181,repair5g59_high_beta_cap_safe,maze-32-32-4-random-146.scen,phase5p5_repair5g54_counterfactual_update_probe_v1,146,1000,14860,14650fb0739d0383,alpha_commit=1.25|alpha_block=1.25|alpha_wait_spillover=0.75|rho_decay=0.94999999999999996|force_additive=0|enable_dual_channel=1|alpha_cong_commit_progress=1.25|alpha_cong_commit_nonprogress=1.25|alpha_cong_block=1.25|alpha_cong_wait_progress=0.75|alpha_cong_wait_nonprogress=0.75|alpha_flow_commit_progress=1|alpha_flow_wait_progress=0|rho_cong_decay=0.94999999999999996|rho_flow_decay=1|lambda_cong=1|lambda_flow=0|min_edge_cost=1|max_edge_cost=11|goal_projection_mode=flow_shield|flow_shield_beta=0.59999999999999998|max_flow_shield=0.75,fbcf27bf34de68c
False,100,repair5g59_light_cong_light_flow,True,maze-32-32-4|a100|s146|it0|repair5g518_batch_C_budget_1000ms_static_context,-0.0570776255708,0.0525114155251,True,False,0,maze-32-32-4,repair5g518_batch_C_budget_1000ms_static_context,maze-32-32-4|a100|s146|it0|14650fb0739d0383,-0.0306950786403,False,False,94,True,9300,3942,865.0432,True,5375,1.3635210553,repair5g59_light_cong_light_flow,maze-32-32-4-random-146.scen,phase5p5_repair5g54_counterfactual_update_probe_v1,146,1000,14860,14650fb0739d0383,alpha_commit=1|alpha_block=1|alpha_wait_spillover=0.75|rho_decay=0.97999999999999998|force_additive=0|enable_dual_channel=1|alpha_cong_commit_progress=1|alpha_cong_commit_nonprogress=1|alpha_cong_block=1|alpha_cong_wait_progress=0.75|alpha_cong_wait_nonprogress=0.75|alpha_flow_commit_progress=0.75|alpha_flow_wait_progress=0|rho_cong_decay=0.97999999999999998|rho_flow_decay=1|lambda_cong=1|lambda_flow=0|min_edge_cost=1|max_edge_cost=11|goal_projection_mode=flow_shield|flow_shield_beta=0.25|max_flow_shield=0.5,15be9d4820cb1154
False,100,repair5g59_low_beta_high_cap,True,maze-32-32-4|a100|s146|it0|repair5g518_batch_C_budget_1000ms_static_context,-0.0202942668696,0.0892947742263,True,False,0,maze-32-32-4,repair5g518_batch_C_budget_1000ms_static_context,maze-32-32-4|a100|s146|it0|14650fb0739d0383,-0.0306950786403,False,False,155,True,15400,3942,908.4897,True,5520,1.400304414,repair5g59_low_beta_high_cap,maze-32-32-4-random-146.scen,phase5p5_repair5g54_counterfactual_update_probe_v1,146,1000,14860,14650fb0739d0383,alpha_commit=1.25|alpha_block=1.25|alpha_wait_spillover=0.75|rho_decay=0.94999999999999996|force_additive=0|enable_dual_channel=1|alpha_cong_commit_progress=1.25|alpha_cong_commit_nonprogress=1.25|alpha_cong_block=1.25|alpha_cong_wait_progress=0.75|alpha_cong_wait_nonprogress=0.75|alpha_flow_commit_progress=1|alpha_flow_wait_progress=0|rho_cong_decay=0.94999999999999996|rho_flow_decay=1|lambda_cong=1|lambda_flow=0|min_edge_cost=1|max_edge_cost=11|goal_projection_mode=flow_shield|flow_shield_beta=0.20000000000000001|max_flow_shield=1.25,5b1c2a7ba7dd48cb
False,100,repair5g59_slow_decay_high_shield,True,maze-32-32-4|a100|s146|it0|repair5g518_batch_C_budget_1000ms_static_context,-0.103500761035,0.00608828006088,True,False,0,maze-32-32-4,repair5g518_batch_C_budget_1000ms_static_context,maze-32-32-4|a100|s146|it0|14650fb0739d0383,-0.0306950786403,False,False,88,True,8700,3942,835.425,True,5192,1.31709791984,repair5g59_slow_decay_high_shield,maze-32-32-4-random-146.scen,phase5p5_repair5g54_counterfactual_update_probe_v1,146,1000,14860,14650fb0739d0383,alpha_commit=1.25|alpha_block=1.25|alpha_wait_spillover=0.75|rho_decay=0.97999999999999998|force_additive=0|enable_dual_channel=1|alpha_cong_commit_progress=1.25|alpha_cong_commit_nonprogress=1.25|alpha_cong_block=1.25|alpha_cong_wait_progress=0.75|alpha_cong_wait_nonprogress=0.75|alpha_flow_commit_progress=1|alpha_flow_wait_progress=0|rho_cong_decay=0.97999999999999998|rho_flow_decay=1|lambda_cong=1|lambda_flow=0|min_edge_cost=1|max_edge_cost=11|goal_projection_mode=flow_shield|flow_shield_beta=0.5|max_flow_shield=1,15da3e1ec294f75e
False,100,repair5g59_static_abstain_candidate,True,maze-32-32-4|a100|s146|it0|repair5g518_batch_C_budget_1000ms_static_context,-0.109589041096,0,True,False,0,maze-32-32-4,repair5g518_batch_C_budget_1000ms_static_context,maze-32-32-4|a100|s146|it0|14650fb0739d0383,-0.0306950786403,False,False,91,True,9000,3942,827.4215,True,5168,1.31100963978,repair5g59_static_abstain_candidate,maze-32-32-4-random-146.scen,phase5p5_repair5g54_counterfactual_update_probe_v1,146,1000,14860,14650fb0739d0383,alpha_commit=1.25|alpha_block=1.25|alpha_wait_spillover=0.75|rho_decay=0.94999999999999996|force_additive=0|enable_dual_channel=1|alpha_cong_commit_progress=1.25|alpha_cong_commit_nonprogress=1.25|alpha_cong_block=1.25|alpha_cong_wait_progress=0.75|alpha_cong_wait_nonprogress=0.75|alpha_flow_commit_progress=1|alpha_flow_wait_progress=0|rho_cong_decay=0.94999999999999996|rho_flow_decay=1|lambda_cong=1|lambda_flow=0|min_edge_cost=1|max_edge_cost=11|goal_projection_mode=flow_shield|flow_shield_beta=0.34999999999999998|max_flow_shield=0.75,29737bed70c56f0d
False,100,repair5g59_static_flow_shield,True,maze-32-32-4|a100|s146|it0|repair5g518_batch_C_budget_1000ms_static_context,-0.109589041096,0,True,False,0,maze-32-32-4,repair5g518_batch_C_budget_1000ms_static_context,maze-32-32-4|a100|s146|it0|14650fb0739d0383,-0.0306950786403,False,False,91,True,9000,3942,829.1049,True,5168,1.31100963978,repair5g59_static_flow_shield,maze-32-32-4-random-146.scen,phase5p5_repair5g54_counterfactual_update_probe_v1,146,1000,14860,14650fb0739d0383,alpha_commit=1.25|alpha_block=1.25|alpha_wait_spillover=0.75|rho_decay=0.94999999999999996|force_additive=0|enable_dual_channel=1|alpha_cong_commit_progress=1.25|alpha_cong_commit_nonprogress=1.25|alpha_cong_block=1.25|alpha_cong_wait_progress=0.75|alpha_cong_wait_nonprogress=0.75|alpha_flow_commit_progress=1|alpha_flow_wait_progress=0|rho_cong_decay=0.94999999999999996|rho_flow_decay=1|lambda_cong=1|lambda_flow=0|min_edge_cost=1|max_edge_cost=11|goal_projection_mode=flow_shield|flow_shield_beta=0.34999999999999998|max_flow_shield=0.75,29737bed70c56f0d
False,100,repair5g59_wait_aggressive,True,maze-32-32-4|a100|s146|it0|repair5g518_batch_C_budget_1000ms_static_context,-0.122780314561,-0.0131912734652,True,False,0,maze-32-32-4,repair5g518_batch_C_budget_1000ms_static_context,maze-32-32-4|a100|s146|it0|14650fb0739d0383,-0.0306950786403,False,False,94,True,9693,3942,840.8144,True,5116,1.29781836631,repair5g59_wait_aggressive,maze-32-32-4-random-146.scen,phase5p5_repair5g54_counterfactual_update_probe_v1,146,1000,14860,14650fb0739d0383,alpha_commit=1.25|alpha_block=1.25|alpha_wait_spillover=1|rho_decay=0.94999999999999996|force_additive=0|enable_dual_channel=1|alpha_cong_commit_progress=1.25|alpha_cong_commit_nonprogress=1.25|alpha_cong_block=1.25|alpha_cong_wait_progress=1|alpha_cong_wait_nonprogress=1|alpha_flow_commit_progress=1|alpha_flow_wait_progress=0|rho_cong_decay=0.94999999999999996|rho_flow_decay=1|lambda_cong=1|lambda_flow=0|min_edge_cost=1|max_edge_cost=11|goal_projection_mode=flow_shield|flow_shield_beta=0.34999999999999998|max_flow_shield=0.75,1adae8b415a845e4
False,100,repair5g59_wait_conservative,True,maze-32-32-4|a100|s146|it0|repair5g518_batch_C_budget_1000ms_static_context,-0.140284119736,-0.0306950786403,True,True,0,maze-32-32-4,repair5g518_batch_C_budget_1000ms_static_context,maze-32-32-4|a100|s146|it0|14650fb0739d0383,-0.0306950786403,False,False,94,True,9300,3942,827.6036,True,5047,1.28031456114,repair5g59_wait_conservative,maze-32-32-4-random-146.scen,phase5p5_repair5g54_counterfactual_update_probe_v1,146,1000,14860,14650fb0739d0383,alpha_commit=1.25|alpha_block=1.25|alpha_wait_spillover=0.5|rho_decay=0.94999999999999996|force_additive=0|enable_dual_channel=1|alpha_cong_commit_progress=1.25|alpha_cong_commit_nonprogress=1.25|alpha_cong_block=1.25|alpha_cong_wait_progress=0.5|alpha_cong_wait_nonprogress=0.5|alpha_flow_commit_progress=1|alpha_flow_wait_progress=0|rho_cong_decay=0.94999999999999996|rho_flow_decay=1|lambda_cong=1|lambda_flow=0|min_edge_cost=1|max_edge_cost=11|goal_projection_mode=flow_shield|flow_shield_beta=0.34999999999999998|max_flow_shield=0.75,421aa7c6efea31b2
False,100,repair5g518_grid_c1p20_b1p15_f1p00_w0p70_dc0p95_df1p00_beta0p60_max0p75_c0,True,maze-32-32-4|a100|s146|it0|repair5g518_batch_C_budget_1000ms_static_context,-0.0915778792491,0.0180111618468,True,False,0,maze-32-32-4,repair5g518_batch_C_budget_1000ms_static_context,maze-32-32-4|a100|s146|it0|14650fb0739d0383,-0.0306950786403,False,False,91,True,9000,3942,811.8502,True,5239,1.32902080162,repair5g518_grid_c1p20_b1p15_f1p00_w0p70_dc0p95_df1p00_beta0p60_max0p75_c0,maze-32-32-4-random-146.scen,phase5p5_repair5g54_counterfactual_update_probe_v1,146,1000,14860,14650fb0739d0383,alpha_commit=1.2|alpha_block=1.1499999999999999|alpha_wait_spillover=0.69999999999999996|rho_decay=0.94999999999999996|force_additive=0|enable_dual_channel=1|alpha_cong_commit_progress=1.2|alpha_cong_commit_nonprogress=1.2|alpha_cong_block=1.1499999999999999|alpha_cong_wait_progress=0.69999999999999996|alpha_cong_wait_nonprogress=0.69999999999999996|alpha_flow_commit_progress=1|alpha_flow_wait_progress=0|rho_cong_decay=0.94999999999999996|rho_flow_decay=1|lambda_cong=1|lambda_flow=0|min_edge_cost=1|max_edge_cost=11|goal_projection_mode=flow_shield|flow_shield_beta=0.59999999999999998|max_flow_shield=0.75,bd71bc939325964
False,100,repair5g518_grid_c1p20_b1p35_f1p00_w0p70_dc0p95_df1p00_beta0p55_max0p75_c0,True,maze-32-32-4|a100|s146|it0|repair5g518_batch_C_budget_1000ms_static_context,-0.101725012684,0.00786402841197,True,False,0,maze-32-32-4,repair5g518_batch_C_budget_1000ms_static_context,maze-32-32-4|a100|s146|it0|14650fb0739d0383,-0.0306950786403,False,False,91,True,9000,3942,827.6954,True,5199,1.31887366819,repair5g518_grid_c1p20_b1p35_f1p00_w0p70_dc0p95_df1p00_beta0p55_max0p75_c0,maze-32-32-4-random-146.scen,phase5p5_repair5g54_counterfactual_update_probe_v1,146,1000,14860,14650fb0739d0383,alpha_commit=1.2|alpha_block=1.3500000000000001|alpha_wait_spillover=0.69999999999999996|rho_decay=0.94999999999999996|force_additive=0|enable_dual_channel=1|alpha_cong_commit_progress=1.2|alpha_cong_commit_nonprogress=1.2|alpha_cong_block=1.3500000000000001|alpha_cong_wait_progress=0.69999999999999996|alpha_cong_wait_nonprogress=0.69999999999999996|alpha_flow_commit_progress=1|alpha_flow_wait_progress=0|rho_cong_decay=0.94999999999999996|rho_flow_decay=1|lambda_cong=1|lambda_flow=0|min_edge_cost=1|max_edge_cost=11|goal_projection_mode=flow_shield|flow_shield_beta=0.55000000000000004|max_flow_shield=0.75,64aae9147d013f06
False,100,repair5g518_grid_c1p35_b1p35_f1p00_w0p80_dc0p95_df1p00_beta0p25_max0p75_c0,True,maze-32-32-4|a100|s146|it0|repair5g518_batch_C_budget_1000ms_static_context,-0.138508371385,-0.0289193302892,True,False,0,maze-32-32-4,repair5g518_batch_C_budget_1000ms_static_context,maze-32-32-4|a100|s146|it0|14650fb0739d0383,-0.0306950786403,False,False,92,True,9100,3942,824.0577,True,5054,1.28209030949,repair5g518_grid_c1p35_b1p35_f1p00_w0p80_dc0p95_df1p00_beta0p25_max0p75_c0,maze-32-32-4-random-146.scen,phase5p5_repair5g54_counterfactual_update_probe_v1,146,1000,14860,14650fb0739d0383,alpha_commit=1.3500000000000001|alpha_block=1.3500000000000001|alpha_wait_spillover=0.80000000000000004|rho_decay=0.94999999999999996|force_additive=0|enable_dual_channel=1|alpha_cong_commit_progress=1.3500000000000001|alpha_cong_commit_nonprogress=1.3500000000000001|alpha_cong_block=1.3500000000000001|alpha_cong_wait_progress=0.80000000000000004|alpha_cong_wait_nonprogress=0.80000000000000004|alpha_flow_commit_progress=1|alpha_flow_wait_progress=0|rho_cong_decay=0.94999999999999996|rho_flow_decay=1|lambda_cong=1|lambda_flow=0|min_edge_cost=1|max_edge_cost=11|goal_projection_mode=flow_shield|flow_shield_beta=0.25|max_flow_shield=0.75,3d3823354692d4b7
False,100,repair5g518_grid_c1p20_b1p15_f1p00_w0p70_dc0p95_df1p00_beta0p55_max0p75_c0,True,maze-32-32-4|a100|s146|it0|repair5g518_batch_C_budget_1000ms_static_context,-0.0905631659056,0.0190258751903,True,False,0,maze-32-32-4,repair5g518_batch_C_budget_1000ms_static_context,maze-32-32-4|a100|s146|it0|14650fb0739d0383,-0.0306950786403,False,False,93,True,9198,3942,813.6146,True,5243,1.33003551497,repair5g518_grid_c1p20_b1p15_f1p00_w0p70_dc0p95_df1p00_beta0p55_max0p75_c0,maze-32-32-4-random-146.scen,phase5p5_repair5g54_counterfactual_update_probe_v1,146,1000,14860,14650fb0739d0383,alpha_commit=1.2|alpha_block=1.1499999999999999|alpha_wait_spillover=0.69999999999999996|rho_decay=0.94999999999999996|force_additive=0|enable_dual_channel=1|alpha_cong_commit_progress=1.2|alpha_cong_commit_nonprogress=1.2|alpha_cong_block=1.1499999999999999|alpha_cong_wait_progress=0.69999999999999996|alpha_cong_wait_nonprogress=0.69999999999999996|alpha_flow_commit_progress=1|alpha_flow_wait_progress=0|rho_cong_decay=0.94999999999999996|rho_flow_decay=1|lambda_cong=1|lambda_flow=0|min_edge_cost=1|max_edge_cost=11|goal_projection_mode=flow_shield|flow_shield_beta=0.55000000000000004|max_flow_shield=0.75,c75a028b5f4a7c6a
False,100,repair5g518_grid_c1p35_b1p15_f1p00_w0p80_dc0p95_df1p00_beta0p25_max0p90_c0,True,maze-32-32-4|a100|s146|it0|repair5g518_batch_C_budget_1000ms_static_context,-0.0948756976154,0.0147133434805,True,False,0,maze-32-32-4,repair5g518_batch_C_budget_1000ms_static_context,maze-32-32-4|a100|s146|it0|14650fb0739d0383,-0.0306950786403,False,False,134,True,13300,3942,861.0979,True,5226,1.32572298326,repair5g518_grid_c1p35_b1p15_f1p00_w0p80_dc0p95_df1p00_beta0p25_max0p90_c0,maze-32-32-4-random-146.scen,phase5p5_repair5g54_counterfactual_update_probe_v1,146,1000,14860,14650fb0739d0383,alpha_commit=1.3500000000000001|alpha_block=1.1499999999999999|alpha_wait_spillover=0.80000000000000004|rho_decay=0.94999999999999996|force_additive=0|enable_dual_channel=1|alpha_cong_commit_progress=1.3500000000000001|alpha_cong_commit_nonprogress=1.3500000000000001|alpha_cong_block=1.1499999999999999|alpha_cong_wait_progress=0.80000000000000004|alpha_cong_wait_nonprogress=0.80000000000000004|alpha_flow_commit_progress=1|alpha_flow_wait_progress=0|rho_cong_decay=0.94999999999999996|rho_flow_decay=1|lambda_cong=1|lambda_flow=0|min_edge_cost=1|max_edge_cost=11|goal_projection_mode=flow_shield|flow_shield_beta=0.25|max_flow_shield=0.90000000000000002,c14a9259b35efe2c
False,100,repair5g518_grid_c1p20_b1p15_f1p00_w0p80_dc0p95_df1p00_beta0p25_max0p75_c0,True,maze-32-32-4|a100|s146|it0|repair5g518_batch_C_budget_1000ms_static_context,-0.107813292745,0.00177574835109,True,False,0,maze-32-32-4,repair5g518_batch_C_budget_1000ms_static_context,maze-32-32-4|a100|s146|it0|14650fb0739d0383,-0.0306950786403,False,False,93,True,9200,3942,766.853,True,5175,1.31278538813,repair5g518_grid_c1p20_b1p15_f1p00_w0p80_dc0p95_df1p00_beta0p25_max0p75_c0,maze-32-32-4-random-146.scen,phase5p5_repair5g54_counterfactual_update_probe_v1,146,1000,14860,14650fb0739d0383,alpha_commit=1.2|alpha_block=1.1499999999999999|alpha_wait_spillover=0.80000000000000004|rho_decay=0.94999999999999996|force_additive=0|enable_dual_channel=1|alpha_cong_commit_progress=1.2|alpha_cong_commit_nonprogress=1.2|alpha_cong_block=1.1499999999999999|alpha_cong_wait_progress=0.80000000000000004|alpha_cong_wait_nonprogress=0.80000000000000004|alpha_flow_commit_progress=1|alpha_flow_wait_progress=0|rho_cong_decay=0.94999999999999996|rho_flow_decay=1|lambda_cong=1|lambda_flow=0|min_edge_cost=1|max_edge_cost=11|goal_projection_mode=flow_shield|flow_shield_beta=0.25|max_flow_shield=0.75,97751ce856647dd0
False,100,repair5g518_grid_c1p25_b1p25_f1p00_w0p60_dc0p95_df1p00_beta0p25_max1p00_c0,True,maze-32-32-4|a100|s146|it0|repair5g518_batch_C_budget_1000ms_static_context,0.0388127853881,0.148401826484,True,False,0,maze-32-32-4,repair5g518_batch_C_budget_1000ms_static_context,maze-32-32-4|a100|s146|it0|14650fb0739d0383,-0.0306950786403,False,False,159,True,15899,3942,762.546,True,5753,1.45941146626,repair5g518_grid_c1p25_b1p25_f1p00_w0p60_dc0p95_df1p00_beta0p25_max1p00_c0,maze-32-32-4-random-146.scen,phase5p5_repair5g54_counterfactual_update_probe_v1,146,1000,14860,14650fb0739d0383,alpha_commit=1.25|alpha_block=1.25|alpha_wait_spillover=0.59999999999999998|rho_decay=0.94999999999999996|force_additive=0|enable_dual_channel=1|alpha_cong_commit_progress=1.25|alpha_cong_commit_nonprogress=1.25|alpha_cong_block=1.25|alpha_cong_wait_progress=0.59999999999999998|alpha_cong_wait_nonprogress=0.59999999999999998|alpha_flow_commit_progress=1|alpha_flow_wait_progress=0|rho_cong_decay=0.94999999999999996|rho_flow_decay=1|lambda_cong=1|lambda_flow=0|min_edge_cost=1|max_edge_cost=11|goal_projection_mode=flow_shield|flow_shield_beta=0.25|max_flow_shield=1,bf6282b8805592a2
False,100,repair5g518_grid_c1p25_b1p25_f1p00_w0p60_dc0p95_df1p00_beta0p20_max1p00_c0,True,maze-32-32-4|a100|s146|it0|repair5g518_batch_C_budget_1000ms_static_context,0.0124302384576,0.122019279554,True,False,0,maze-32-32-4,repair5g518_batch_C_budget_1000ms_static_context,maze-32-32-4|a100|s146|it0|14650fb0739d0383,-0.0306950786403,False,False,147,True,14600,3942,862.2771,True,5649,1.43302891933,repair5g518_grid_c1p25_b1p25_f1p00_w0p60_dc0p95_df1p00_beta0p20_max1p00_c0,maze-32-32-4-random-146.scen,phase5p5_repair5g54_counterfactual_update_probe_v1,146,1000,14860,14650fb0739d0383,alpha_commit=1.25|alpha_block=1.25|alpha_wait_spillover=0.59999999999999998|rho_decay=0.94999999999999996|force_additive=0|enable_dual_channel=1|alpha_cong_commit_progress=1.25|alpha_cong_commit_nonprogress=1.25|alpha_cong_block=1.25|alpha_cong_wait_progress=0.59999999999999998|alpha_cong_wait_nonprogress=0.59999999999999998|alpha_flow_commit_progress=1|alpha_flow_wait_progress=0|rho_cong_decay=0.94999999999999996|rho_flow_decay=1|lambda_cong=1|lambda_flow=0|min_edge_cost=1|max_edge_cost=11|goal_projection_mode=flow_shield|flow_shield_beta=0.20000000000000001|max_flow_shield=1,2625f07ab5b8f9e2
False,100,repair5g59_additive_fallback,True,maze-32-32-4|a100|s146|it0|repair5g518_batch_C_budget_2000ms_static_context,0,0.109589041096,True,False,0,maze-32-32-4,repair5g518_batch_C_budget_2000ms_static_context,maze-32-32-4|a100|s146|it0|14650fb0739d0383,-0.0306950786403,False,False,103,True,10200,3942,383.7972,True,5600,1.42059868087,repair5g59_additive_fallback,maze-32-32-4-random-146.scen,phase5p5_repair5g54_counterfactual_update_probe_v1,146,2000,14860,14650fb0739d0383,alpha_commit=1|alpha_block=1|alpha_wait_spillover=1|rho_decay=1|force_additive=1|enable_dual_channel=0|alpha_cong_commit_progress=0|alpha_cong_commit_nonprogress=1|alpha_cong_block=1|alpha_cong_wait_progress=1|alpha_cong_wait_nonprogress=1|alpha_flow_commit_progress=0|alpha_flow_wait_progress=0|rho_cong_decay=1|rho_flow_decay=1|lambda_cong=1|lambda_flow=0|min_edge_cost=0.25|max_edge_cost=11|goal_projection_mode=none|flow_shield_beta=0|max_flow_shield=0,35049bacad216c02
False,100,repair5g59_block_heavy_flow_guard,True,maze-32-32-4|a100|s146|it0|repair5g518_batch_C_budget_2000ms_static_context,-0.130898021309,-0.0213089802131,True,False,0,maze-32-32-4,repair5g518_batch_C_budget_2000ms_static_context,maze-32-32-4|a100|s146|it0|14650fb0739d0383,-0.0306950786403,False,False,91,True,9000,3942,939.8124,True,5084,1.28970065956,repair5g59_block_heavy_flow_guard,maze-32-32-4-random-146.scen,phase5p5_repair5g54_counterfactual_update_probe_v1,146,2000,14860,14650fb0739d0383,alpha_commit=1|alpha_block=1.5|alpha_wait_spillover=0.5|rho_decay=0.94999999999999996|force_additive=0|enable_dual_channel=1|alpha_cong_commit_progress=1|alpha_cong_commit_nonprogress=1|alpha_cong_block=1.5|alpha_cong_wait_progress=0.5|alpha_cong_wait_nonprogress=0.5|alpha_flow_commit_progress=1|alpha_flow_wait_progress=0|rho_cong_decay=0.94999999999999996|rho_flow_decay=1|lambda_cong=1|lambda_flow=0|min_edge_cost=1|max_edge_cost=11|goal_projection_mode=flow_shield|flow_shield_beta=0.34999999999999998|max_flow_shield=0.75,bb2a55cecde4524d
False,100,repair5g59_c_only_f_disabled,True,maze-32-32-4|a100|s146|it0|repair5g518_batch_C_budget_2000ms_static_context,-0.0111618467783,0.0984271943176,True,False,0,maze-32-32-4,repair5g518_batch_C_budget_2000ms_static_context,maze-32-32-4|a100|s146|it0|14650fb0739d0383,-0.0306950786403,False,False,95,True,9400,3942,1551.5554,True,5556,1.40943683409,repair5g59_c_only_f_disabled,maze-32-32-4-random-146.scen,phase5p5_repair5g54_counterfactual_update_probe_v1,146,2000,14860,14650fb0739d0383,alpha_commit=1.25|alpha_block=1.25|alpha_wait_spillover=0.75|rho_decay=0.94999999999999996|force_additive=0|enable_dual_channel=1|alpha_cong_commit_progress=1.25|alpha_cong_commit_nonprogress=1.25|alpha_cong_block=1.25|alpha_cong_wait_progress=0.75|alpha_cong_wait_nonprogress=0.75|alpha_flow_commit_progress=0|alpha_flow_wait_progress=0|rho_cong_decay=0.94999999999999996|rho_flow_decay=1|lambda_cong=1|lambda_flow=0|min_edge_cost=0.25|max_edge_cost=11|goal_projection_mode=none|flow_shield_beta=0|max_flow_shield=0,6cf6b157bee71acd
False,100,repair5g59_commit_heavy_flow_guard,True,maze-32-32-4|a100|s146|it0|repair5g518_batch_C_budget_2000ms_static_context,-0.107559614409,0.00202942668696,True,False,0,maze-32-32-4,repair5g518_batch_C_budget_2000ms_static_context,maze-32-32-4|a100|s146|it0|14650fb0739d0383,-0.0306950786403,False,False,91,True,9000,3942,969.5983,True,5176,1.31303906646,repair5g59_commit_heavy_flow_guard,maze-32-32-4-random-146.scen,phase5p5_repair5g54_counterfactual_update_probe_v1,146,2000,14860,14650fb0739d0383,alpha_commit=1.5|alpha_block=1|alpha_wait_spillover=0.75|rho_decay=0.94999999999999996|force_additive=0|enable_dual_channel=1|alpha_cong_commit_progress=1.5|alpha_cong_commit_nonprogress=1.5|alpha_cong_block=1|alpha_cong_wait_progress=0.75|alpha_cong_wait_nonprogress=0.75|alpha_flow_commit_progress=1|alpha_flow_wait_progress=0|rho_cong_decay=0.94999999999999996|rho_flow_decay=1|lambda_cong=1|lambda_flow=0|min_edge_cost=1|max_edge_cost=11|goal_projection_mode=flow_shield|flow_shield_beta=0.34999999999999998|max_flow_shield=0.75,3cd172c18b79c21
False,100,repair5g59_fast_decay_low_shield,True,maze-32-32-4|a100|s146|it0|repair5g518_batch_C_budget_2000ms_static_context,-0.0568239472349,0.052765093861,True,False,0,maze-32-32-4,repair5g518_batch_C_budget_2000ms_static_context,maze-32-32-4|a100|s146|it0|14650fb0739d0383,-0.0306950786403,False,False,93,True,9200,3942,931.2048,True,5376,1.36377473364,repair5g59_fast_decay_low_shield,maze-32-32-4-random-146.scen,phase5p5_repair5g54_counterfactual_update_probe_v1,146,2000,14860,14650fb0739d0383,alpha_commit=1.25|alpha_block=1.25|alpha_wait_spillover=0.75|rho_decay=0.90000000000000002|force_additive=0|enable_dual_channel=1|alpha_cong_commit_progress=1.25|alpha_cong_commit_nonprogress=1.25|alpha_cong_block=1.25|alpha_cong_wait_progress=0.75|alpha_cong_wait_nonprogress=0.75|alpha_flow_commit_progress=1|alpha_flow_wait_progress=0|rho_cong_decay=0.90000000000000002|rho_flow_decay=1|lambda_cong=1|lambda_flow=0|min_edge_cost=1|max_edge_cost=11|goal_projection_mode=flow_shield|flow_shield_beta=0.20000000000000001|max_flow_shield=0.5,3f2416d2709cdc46
False,100,repair5g59_flow_decay,True,maze-32-32-4|a100|s146|it0|repair5g518_batch_C_budget_2000ms_static_context,-0.109589041096,0,True,False,0,maze-32-32-4,repair5g518_batch_C_budget_2000ms_static_context,maze-32-32-4|a100|s146|it0|14650fb0739d0383,-0.0306950786403,False,False,91,True,9000,3942,931.0689,True,5168,1.31100963978,repair5g59_flow_decay,maze-32-32-4-random-146.scen,phase5p5_repair5g54_counterfactual_update_probe_v1,146,2000,14860,14650fb0739d0383,alpha_commit=1.25|alpha_block=1.25|alpha_wait_spillover=0.75|rho_decay=0.94999999999999996|force_additive=0|enable_dual_channel=1|alpha_cong_commit_progress=1.25|alpha_cong_commit_nonprogress=1.25|alpha_cong_block=1.25|alpha_cong_wait_progress=0.75|alpha_cong_wait_nonprogress=0.75|alpha_flow_commit_progress=1|alpha_flow_wait_progress=0|rho_cong_decay=0.94999999999999996|rho_flow_decay=0.94999999999999996|lambda_cong=1|lambda_flow=0|min_edge_cost=1|max_edge_cost=11|goal_projection_mode=flow_shield|flow_shield_beta=0.34999999999999998|max_flow_shield=0.75,f091bb5344ed5c8f
False,100,repair5g59_high_beta_cap_safe,True,maze-32-32-4|a100|s146|it0|repair5g518_batch_C_budget_2000ms_static_context,-0.0733130390665,0.0362760020294,True,False,0,maze-32-32-4,repair5g518_batch_C_budget_2000ms_static_context,maze-32-32-4|a100|s146|it0|14650fb0739d0383,-0.0306950786403,False,False,91,True,9000,3942,928.7287,True,5311,1.34728564181,repair5g59_high_beta_cap_safe,maze-32-32-4-random-146.scen,phase5p5_repair5g54_counterfactual_update_probe_v1,146,2000,14860,14650fb0739d0383,alpha_commit=1.25|alpha_block=1.25|alpha_wait_spillover=0.75|rho_decay=0.94999999999999996|force_additive=0|enable_dual_channel=1|alpha_cong_commit_progress=1.25|alpha_cong_commit_nonprogress=1.25|alpha_cong_block=1.25|alpha_cong_wait_progress=0.75|alpha_cong_wait_nonprogress=0.75|alpha_flow_commit_progress=1|alpha_flow_wait_progress=0|rho_cong_decay=0.94999999999999996|rho_flow_decay=1|lambda_cong=1|lambda_flow=0|min_edge_cost=1|max_edge_cost=11|goal_projection_mode=flow_shield|flow_shield_beta=0.59999999999999998|max_flow_shield=0.75,fbcf27bf34de68c
False,100,repair5g59_light_cong_light_flow,True,maze-32-32-4|a100|s146|it0|repair5g518_batch_C_budget_2000ms_static_context,-0.0570776255708,0.0525114155251,True,False,0,maze-32-32-4,repair5g518_batch_C_budget_2000ms_static_context,maze-32-32-4|a100|s146|it0|14650fb0739d0383,-0.0306950786403,False,False,94,True,9300,3942,904.6388,True,5375,1.3635210553,repair5g59_light_cong_light_flow,maze-32-32-4-random-146.scen,phase5p5_repair5g54_counterfactual_update_probe_v1,146,2000,14860,14650fb0739d0383,alpha_commit=1|alpha_block=1|alpha_wait_spillover=0.75|rho_decay=0.97999999999999998|force_additive=0|enable_dual_channel=1|alpha_cong_commit_progress=1|alpha_cong_commit_nonprogress=1|alpha_cong_block=1|alpha_cong_wait_progress=0.75|alpha_cong_wait_nonprogress=0.75|alpha_flow_commit_progress=0.75|alpha_flow_wait_progress=0|rho_cong_decay=0.97999999999999998|rho_flow_decay=1|lambda_cong=1|lambda_flow=0|min_edge_cost=1|max_edge_cost=11|goal_projection_mode=flow_shield|flow_shield_beta=0.25|max_flow_shield=0.5,15be9d4820cb1154
False,100,repair5g59_low_beta_high_cap,True,maze-32-32-4|a100|s146|it0|repair5g518_batch_C_budget_2000ms_static_context,-0.0202942668696,0.0892947742263,True,False,0,maze-32-32-4,repair5g518_batch_C_budget_2000ms_static_context,maze-32-32-4|a100|s146|it0|14650fb0739d0383,-0.0306950786403,False,False,155,True,15400,3942,977.3837,True,5520,1.400304414,repair5g59_low_beta_high_cap,maze-32-32-4-random-146.scen,phase5p5_repair5g54_counterfactual_update_probe_v1,146,2000,14860,14650fb0739d0383,alpha_commit=1.25|alpha_block=1.25|alpha_wait_spillover=0.75|rho_decay=0.94999999999999996|force_additive=0|enable_dual_channel=1|alpha_cong_commit_progress=1.25|alpha_cong_commit_nonprogress=1.25|alpha_cong_block=1.25|alpha_cong_wait_progress=0.75|alpha_cong_wait_nonprogress=0.75|alpha_flow_commit_progress=1|alpha_flow_wait_progress=0|rho_cong_decay=0.94999999999999996|rho_flow_decay=1|lambda_cong=1|lambda_flow=0|min_edge_cost=1|max_edge_cost=11|goal_projection_mode=flow_shield|flow_shield_beta=0.20000000000000001|max_flow_shield=1.25,5b1c2a7ba7dd48cb
False,100,repair5g59_slow_decay_high_shield,True,maze-32-32-4|a100|s146|it0|repair5g518_batch_C_budget_2000ms_static_context,-0.103500761035,0.00608828006088,True,False,0,maze-32-32-4,repair5g518_batch_C_budget_2000ms_static_context,maze-32-32-4|a100|s146|it0|14650fb0739d0383,-0.0306950786403,False,False,88,True,8700,3942,907.7609,True,5192,1.31709791984,repair5g59_slow_decay_high_shield,maze-32-32-4-random-146.scen,phase5p5_repair5g54_counterfactual_update_probe_v1,146,2000,14860,14650fb0739d0383,alpha_commit=1.25|alpha_block=1.25|alpha_wait_spillover=0.75|rho_decay=0.97999999999999998|force_additive=0|enable_dual_channel=1|alpha_cong_commit_progress=1.25|alpha_cong_commit_nonprogress=1.25|alpha_cong_block=1.25|alpha_cong_wait_progress=0.75|alpha_cong_wait_nonprogress=0.75|alpha_flow_commit_progress=1|alpha_flow_wait_progress=0|rho_cong_decay=0.97999999999999998|rho_flow_decay=1|lambda_cong=1|lambda_flow=0|min_edge_cost=1|max_edge_cost=11|goal_projection_mode=flow_shield|flow_shield_beta=0.5|max_flow_shield=1,15da3e1ec294f75e
False,100,repair5g59_static_abstain_candidate,True,maze-32-32-4|a100|s146|it0|repair5g518_batch_C_budget_2000ms_static_context,-0.109589041096,0,True,False,0,maze-32-32-4,repair5g518_batch_C_budget_2000ms_static_context,maze-32-32-4|a100|s146|it0|14650fb0739d0383,-0.0306950786403,False,False,91,True,9000,3942,874.8869,True,5168,1.31100963978,repair5g59_static_abstain_candidate,maze-32-32-4-random-146.scen,phase5p5_repair5g54_counterfactual_update_probe_v1,146,2000,14860,14650fb0739d0383,alpha_commit=1.25|alpha_block=1.25|alpha_wait_spillover=0.75|rho_decay=0.94999999999999996|force_additive=0|enable_dual_channel=1|alpha_cong_commit_progress=1.25|alpha_cong_commit_nonprogress=1.25|alpha_cong_block=1.25|alpha_cong_wait_progress=0.75|alpha_cong_wait_nonprogress=0.75|alpha_flow_commit_progress=1|alpha_flow_wait_progress=0|rho_cong_decay=0.94999999999999996|rho_flow_decay=1|lambda_cong=1|lambda_flow=0|min_edge_cost=1|max_edge_cost=11|goal_projection_mode=flow_shield|flow_shield_beta=0.34999999999999998|max_flow_shield=0.75,29737bed70c56f0d
False,100,repair5g59_static_flow_shield,True,maze-32-32-4|a100|s146|it0|repair5g518_batch_C_budget_2000ms_static_context,-0.109589041096,0,True,False,0,maze-32-32-4,repair5g518_batch_C_budget_2000ms_static_context,maze-32-32-4|a100|s146|it0|14650fb0739d0383,-0.0306950786403,False,False,91,True,9000,3942,894.2529,True,5168,1.31100963978,repair5g59_static_flow_shield,maze-32-32-4-random-146.scen,phase5p5_repair5g54_counterfactual_update_probe_v1,146,2000,14860,14650fb0739d0383,alpha_commit=1.25|alpha_block=1.25|alpha_wait_spillover=0.75|rho_decay=0.94999999999999996|force_additive=0|enable_dual_channel=1|alpha_cong_commit_progress=1.25|alpha_cong_commit_nonprogress=1.25|alpha_cong_block=1.25|alpha_cong_wait_progress=0.75|alpha_cong_wait_nonprogress=0.75|alpha_flow_commit_progress=1|alpha_flow_wait_progress=0|rho_cong_decay=0.94999999999999996|rho_flow_decay=1|lambda_cong=1|lambda_flow=0|min_edge_cost=1|max_edge_cost=11|goal_projection_mode=flow_shield|flow_shield_beta=0.34999999999999998|max_flow_shield=0.75,29737bed70c56f0d
False,100,repair5g59_wait_aggressive,True,maze-32-32-4|a100|s146|it0|repair5g518_batch_C_budget_2000ms_static_context,-0.122780314561,-0.0131912734652,True,False,0,maze-32-32-4,repair5g518_batch_C_budget_2000ms_static_context,maze-32-32-4|a100|s146|it0|14650fb0739d0383,-0.0306950786403,False,False,94,True,9693,3942,892.5006,True,5116,1.29781836631,repair5g59_wait_aggressive,maze-32-32-4-random-146.scen,phase5p5_repair5g54_counterfactual_update_probe_v1,146,2000,14860,14650fb0739d0383,alpha_commit=1.25|alpha_block=1.25|alpha_wait_spillover=1|rho_decay=0.94999999999999996|force_additive=0|enable_dual_channel=1|alpha_cong_commit_progress=1.25|alpha_cong_commit_nonprogress=1.25|alpha_cong_block=1.25|alpha_cong_wait_progress=1|alpha_cong_wait_nonprogress=1|alpha_flow_commit_progress=1|alpha_flow_wait_progress=0|rho_cong_decay=0.94999999999999996|rho_flow_decay=1|lambda_cong=1|lambda_flow=0|min_edge_cost=1|max_edge_cost=11|goal_projection_mode=flow_shield|flow_shield_beta=0.34999999999999998|max_flow_shield=0.75,1adae8b415a845e4
False,100,repair5g59_wait_conservative,True,maze-32-32-4|a100|s146|it0|repair5g518_batch_C_budget_2000ms_static_context,-0.140284119736,-0.0306950786403,True,True,0,maze-32-32-4,repair5g518_batch_C_budget_2000ms_static_context,maze-32-32-4|a100|s146|it0|14650fb0739d0383,-0.0306950786403,False,False,94,True,9300,3942,905.4449,True,5047,1.28031456114,repair5g59_wait_conservative,maze-32-32-4-random-146.scen,phase5p5_repair5g54_counterfactual_update_probe_v1,146,2000,14860,14650fb0739d0383,alpha_commit=1.25|alpha_block=1.25|alpha_wait_spillover=0.5|rho_decay=0.94999999999999996|force_additive=0|enable_dual_channel=1|alpha_cong_commit_progress=1.25|alpha_cong_commit_nonprogress=1.25|alpha_cong_block=1.25|alpha_cong_wait_progress=0.5|alpha_cong_wait_nonprogress=0.5|alpha_flow_commit_progress=1|alpha_flow_wait_progress=0|rho_cong_decay=0.94999999999999996|rho_flow_decay=1|lambda_cong=1|lambda_flow=0|min_edge_cost=1|max_edge_cost=11|goal_projection_mode=flow_shield|flow_shield_beta=0.34999999999999998|max_flow_shield=0.75,421aa7c6efea31b2
False,100,repair5g518_grid_c1p20_b1p15_f1p00_w0p70_dc0p95_df1p00_beta0p60_max0p75_c0,True,maze-32-32-4|a100|s146|it0|repair5g518_batch_C_budget_2000ms_static_context,-0.0915778792491,0.0180111618468,True,False,0,maze-32-32-4,repair5g518_batch_C_budget_2000ms_static_context,maze-32-32-4|a100|s146|it0|14650fb0739d0383,-0.0306950786403,False,False,91,True,9000,3942,895.8722,True,5239,1.32902080162,repair5g518_grid_c1p20_b1p15_f1p00_w0p70_dc0p95_df1p00_beta0p60_max0p75_c0,maze-32-32-4-random-146.scen,phase5p5_repair5g54_counterfactual_update_probe_v1,146,2000,14860,14650fb0739d0383,alpha_commit=1.2|alpha_block=1.1499999999999999|alpha_wait_spillover=0.69999999999999996|rho_decay=0.94999999999999996|force_additive=0|enable_dual_channel=1|alpha_cong_commit_progress=1.2|alpha_cong_commit_nonprogress=1.2|alpha_cong_block=1.1499999999999999|alpha_cong_wait_progress=0.69999999999999996|alpha_cong_wait_nonprogress=0.69999999999999996|alpha_flow_commit_progress=1|alpha_flow_wait_progress=0|rho_cong_decay=0.94999999999999996|rho_flow_decay=1|lambda_cong=1|lambda_flow=0|min_edge_cost=1|max_edge_cost=11|goal_projection_mode=flow_shield|flow_shield_beta=0.59999999999999998|max_flow_shield=0.75,bd71bc939325964
False,100,repair5g518_grid_c1p20_b1p35_f1p00_w0p70_dc0p95_df1p00_beta0p55_max0p75_c0,True,maze-32-32-4|a100|s146|it0|repair5g518_batch_C_budget_2000ms_static_context,-0.101725012684,0.00786402841197,True,False,0,maze-32-32-4,repair5g518_batch_C_budget_2000ms_static_context,maze-32-32-4|a100|s146|it0|14650fb0739d0383,-0.0306950786403,False,False,91,True,9000,3942,848.0834,True,5199,1.31887366819,repair5g518_grid_c1p20_b1p35_f1p00_w0p70_dc0p95_df1p00_beta0p55_max0p75_c0,maze-32-32-4-random-146.scen,phase5p5_repair5g54_counterfactual_update_probe_v1,146,2000,14860,14650fb0739d0383,alpha_commit=1.2|alpha_block=1.3500000000000001|alpha_wait_spillover=0.69999999999999996|rho_decay=0.94999999999999996|force_additive=0|enable_dual_channel=1|alpha_cong_commit_progress=1.2|alpha_cong_commit_nonprogress=1.2|alpha_cong_block=1.3500000000000001|alpha_cong_wait_progress=0.69999999999999996|alpha_cong_wait_nonprogress=0.69999999999999996|alpha_flow_commit_progress=1|alpha_flow_wait_progress=0|rho_cong_decay=0.94999999999999996|rho_flow_decay=1|lambda_cong=1|lambda_flow=0|min_edge_cost=1|max_edge_cost=11|goal_projection_mode=flow_shield|flow_shield_beta=0.55000000000000004|max_flow_shield=0.75,64aae9147d013f06
False,100,repair5g518_grid_c1p35_b1p35_f1p00_w0p80_dc0p95_df1p00_beta0p25_max0p75_c0,True,maze-32-32-4|a100|s146|it0|repair5g518_batch_C_budget_2000ms_static_context,-0.138508371385,-0.0289193302892,True,False,0,maze-32-32-4,repair5g518_batch_C_budget_2000ms_static_context,maze-32-32-4|a100|s146|it0|14650fb0739d0383,-0.0306950786403,False,False,92,True,9100,3942,764.0193,True,5054,1.28209030949,repair5g518_grid_c1p35_b1p35_f1p00_w0p80_dc0p95_df1p00_beta0p25_max0p75_c0,maze-32-32-4-random-146.scen,phase5p5_repair5g54_counterfactual_update_probe_v1,146,2000,14860,14650fb0739d0383,alpha_commit=1.3500000000000001|alpha_block=1.3500000000000001|alpha_wait_spillover=0.80000000000000004|rho_decay=0.94999999999999996|force_additive=0|enable_dual_channel=1|alpha_cong_commit_progress=1.3500000000000001|alpha_cong_commit_nonprogress=1.3500000000000001|alpha_cong_block=1.3500000000000001|alpha_cong_wait_progress=0.80000000000000004|alpha_cong_wait_nonprogress=0.80000000000000004|alpha_flow_commit_progress=1|alpha_flow_wait_progress=0|rho_cong_decay=0.94999999999999996|rho_flow_decay=1|lambda_cong=1|lambda_flow=0|min_edge_cost=1|max_edge_cost=11|goal_projection_mode=flow_shield|flow_shield_beta=0.25|max_flow_shield=0.75,3d3823354692d4b7
False,100,repair5g518_grid_c1p20_b1p15_f1p00_w0p70_dc0p95_df1p00_beta0p55_max0p75_c0,True,maze-32-32-4|a100|s146|it0|repair5g518_batch_C_budget_2000ms_static_context,-0.0905631659056,0.0190258751903,True,False,0,maze-32-32-4,repair5g518_batch_C_budget_2000ms_static_context,maze-32-32-4|a100|s146|it0|14650fb0739d0383,-0.0306950786403,False,False,93,True,9198,3942,858.9865,True,5243,1.33003551497,repair5g518_grid_c1p20_b1p15_f1p00_w0p70_dc0p95_df1p00_beta0p55_max0p75_c0,maze-32-32-4-random-146.scen,phase5p5_repair5g54_counterfactual_update_probe_v1,146,2000,14860,14650fb0739d0383,alpha_commit=1.2|alpha_block=1.1499999999999999|alpha_wait_spillover=0.69999999999999996|rho_decay=0.94999999999999996|force_additive=0|enable_dual_channel=1|alpha_cong_commit_progress=1.2|alpha_cong_commit_nonprogress=1.2|alpha_cong_block=1.1499999999999999|alpha_cong_wait_progress=0.69999999999999996|alpha_cong_wait_nonprogress=0.69999999999999996|alpha_flow_commit_progress=1|alpha_flow_wait_progress=0|rho_cong_decay=0.94999999999999996|rho_flow_decay=1|lambda_cong=1|lambda_flow=0|min_edge_cost=1|max_edge_cost=11|goal_projection_mode=flow_shield|flow_shield_beta=0.55000000000000004|max_flow_shield=0.75,c75a028b5f4a7c6a
False,100,repair5g518_grid_c1p35_b1p15_f1p00_w0p80_dc0p95_df1p00_beta0p25_max0p90_c0,True,maze-32-32-4|a100|s146|it0|repair5g518_batch_C_budget_2000ms_static_context,-0.0948756976154,0.0147133434805,True,False,0,maze-32-32-4,repair5g518_batch_C_budget_2000ms_static_context,maze-32-32-4|a100|s146|it0|14650fb0739d0383,-0.0306950786403,False,False,134,True,13300,3942,706.6008,True,5226,1.32572298326,repair5g518_grid_c1p35_b1p15_f1p00_w0p80_dc0p95_df1p00_beta0p25_max0p90_c0,maze-32-32-4-random-146.scen,phase5p5_repair5g54_counterfactual_update_probe_v1,146,2000,14860,14650fb0739d0383,alpha_commit=1.3500000000000001|alpha_block=1.1499999999999999|alpha_wait_spillover=0.80000000000000004|rho_decay=0.94999999999999996|force_additive=0|enable_dual_channel=1|alpha_cong_commit_progress=1.3500000000000001|alpha_cong_commit_nonprogress=1.3500000000000001|alpha_cong_block=1.1499999999999999|alpha_cong_wait_progress=0.80000000000000004|alpha_cong_wait_nonprogress=0.80000000000000004|alpha_flow_commit_progress=1|alpha_flow_wait_progress=0|rho_cong_decay=0.94999999999999996|rho_flow_decay=1|lambda_cong=1|lambda_flow=0|min_edge_cost=1|max_edge_cost=11|goal_projection_mode=flow_shield|flow_shield_beta=0.25|max_flow_shield=0.90000000000000002,c14a9259b35efe2c
False,100,repair5g518_grid_c1p20_b1p15_f1p00_w0p80_dc0p95_df1p00_beta0p25_max0p75_c0,True,maze-32-32-4|a100|s146|it0|repair5g518_batch_C_budget_2000ms_static_context,-0.107813292745,0.00177574835109,True,False,0,maze-32-32-4,repair5g518_batch_C_budget_2000ms_static_context,maze-32-32-4|a100|s146|it0|14650fb0739d0383,-0.0306950786403,False,False,93,True,9200,3942,697.834,True,5175,1.31278538813,repair5g518_grid_c1p20_b1p15_f1p00_w0p80_dc0p95_df1p00_beta0p25_max0p75_c0,maze-32-32-4-random-146.scen,phase5p5_repair5g54_counterfactual_update_probe_v1,146,2000,14860,14650fb0739d0383,alpha_commit=1.2|alpha_block=1.1499999999999999|alpha_wait_spillover=0.80000000000000004|rho_decay=0.94999999999999996|force_additive=0|enable_dual_channel=1|alpha_cong_commit_progress=1.2|alpha_cong_commit_nonprogress=1.2|alpha_cong_block=1.1499999999999999|alpha_cong_wait_progress=0.80000000000000004|alpha_cong_wait_nonprogress=0.80000000000000004|alpha_flow_commit_progress=1|alpha_flow_wait_progress=0|rho_cong_decay=0.94999999999999996|rho_flow_decay=1|lambda_cong=1|lambda_flow=0|min_edge_cost=1|max_edge_cost=11|goal_projection_mode=flow_shield|flow_shield_beta=0.25|max_flow_shield=0.75,97751ce856647dd0
False,100,repair5g518_grid_c1p25_b1p25_f1p00_w0p60_dc0p95_df1p00_beta0p25_max1p00_c0,True,maze-32-32-4|a100|s146|it0|repair5g518_batch_C_budget_2000ms_static_context,0.0388127853881,0.148401826484,True,False,0,maze-32-32-4,repair5g518_batch_C_budget_2000ms_static_context,maze-32-32-4|a100|s146|it0|14650fb0739d0383,-0.0306950786403,False,False,159,True,15899,3942,800.0931,True,5753,1.45941146626,repair5g518_grid_c1p25_b1p25_f1p00_w0p60_dc0p95_df1p00_beta0p25_max1p00_c0,maze-32-32-4-random-146.scen,phase5p5_repair5g54_counterfactual_update_probe_v1,146,2000,14860,14650fb0739d0383,alpha_commit=1.25|alpha_block=1.25|alpha_wait_spillover=0.59999999999999998|rho_decay=0.94999999999999996|force_additive=0|enable_dual_channel=1|alpha_cong_commit_progress=1.25|alpha_cong_commit_nonprogress=1.25|alpha_cong_block=1.25|alpha_cong_wait_progress=0.59999999999999998|alpha_cong_wait_nonprogress=0.59999999999999998|alpha_flow_commit_progress=1|alpha_flow_wait_progress=0|rho_cong_decay=0.94999999999999996|rho_flow_decay=1|lambda_cong=1|lambda_flow=0|min_edge_cost=1|max_edge_cost=11|goal_projection_mode=flow_shield|flow_shield_beta=0.25|max_flow_shield=1,bf6282b8805592a2
False,100,repair5g518_grid_c1p25_b1p25_f1p00_w0p60_dc0p95_df1p00_beta0p20_max1p00_c0,True,maze-32-32-4|a100|s146|it0|repair5g518_batch_C_budget_2000ms_static_context,0.0124302384576,0.122019279554,True,False,0,maze-32-32-4,repair5g518_batch_C_budget_2000ms_static_context,maze-32-32-4|a100|s146|it0|14650fb0739d0383,-0.0306950786403,False,False,147,True,14600,3942,798.2702,True,5649,1.43302891933,repair5g518_grid_c1p25_b1p25_f1p00_w0p60_dc0p95_df1p00_beta0p20_max1p00_c0,maze-32-32-4-random-146.scen,phase5p5_repair5g54_counterfactual_update_probe_v1,146,2000,14860,14650fb0739d0383,alpha_commit=1.25|alpha_block=1.25|alpha_wait_spillover=0.59999999999999998|rho_decay=0.94999999999999996|force_additive=0|enable_dual_channel=1|alpha_cong_commit_progress=1.25|alpha_cong_commit_nonprogress=1.25|alpha_cong_block=1.25|alpha_cong_wait_progress=0.59999999999999998|alpha_cong_wait_nonprogress=0.59999999999999998|alpha_flow_commit_progress=1|alpha_flow_wait_progress=0|rho_cong_decay=0.94999999999999996|rho_flow_decay=1|lambda_cong=1|lambda_flow=0|min_edge_cost=1|max_edge_cost=11|goal_projection_mode=flow_shield|flow_shield_beta=0.20000000000000001|max_flow_shield=1,2625f07ab5b8f9e2
False,100,repair5g59_additive_fallback,True,maze-32-32-4|a100|s147|it0|repair5g518_batch_C_budget_1000ms_static_context,,,True,False,0,maze-32-32-4,repair5g518_batch_C_budget_1000ms_static_context,maze-32-32-4|a100|s147|it0|14650fb0739d0383,-0.0141861622698,False,False,220,False,49677,4018,1003.3755,False,,,repair5g59_additive_fallback,maze-32-32-4-random-147.scen,phase5p5_repair5g54_counterfactual_update_probe_v1,147,1000,11647,14650fb0739d0383,alpha_commit=1|alpha_block=1|alpha_wait_spillover=1|rho_decay=1|force_additive=1|enable_dual_channel=0|alpha_cong_commit_progress=0|alpha_cong_commit_nonprogress=1|alpha_cong_block=1|alpha_cong_wait_progress=1|alpha_cong_wait_nonprogress=1|alpha_flow_commit_progress=0|alpha_flow_wait_progress=0|rho_cong_decay=1|rho_flow_decay=1|lambda_cong=1|lambda_flow=0|min_edge_cost=0.25|max_edge_cost=11|goal_projection_mode=none|flow_shield_beta=0|max_flow_shield=0,35049bacad216c02
False,100,repair5g59_block_heavy_flow_guard,True,maze-32-32-4|a100|s147|it0|repair5g518_batch_C_budget_1000ms_static_context,,-0.0141861622698,True,True,0,maze-32-32-4,repair5g518_batch_C_budget_1000ms_static_context,maze-32-32-4|a100|s147|it0|14650fb0739d0383,-0.0141861622698,False,False,104,True,10297,4018,883.375,True,5097,1.26854156297,repair5g59_block_heavy_flow_guard,maze-32-32-4-random-147.scen,phase5p5_repair5g54_counterfactual_update_probe_v1,147,1000,11647,14650fb0739d0383,alpha_commit=1|alpha_block=1.5|alpha_wait_spillover=0.5|rho_decay=0.94999999999999996|force_additive=0|enable_dual_channel=1|alpha_cong_commit_progress=1|alpha_cong_commit_nonprogress=1|alpha_cong_block=1.5|alpha_cong_wait_progress=0.5|alpha_cong_wait_nonprogress=0.5|alpha_flow_commit_progress=1|alpha_flow_wait_progress=0|rho_cong_decay=0.94999999999999996|rho_flow_decay=1|lambda_cong=1|lambda_flow=0|min_edge_cost=1|max_edge_cost=11|goal_projection_mode=flow_shield|flow_shield_beta=0.34999999999999998|max_flow_shield=0.75,bb2a55cecde4524d
False,100,repair5g59_c_only_f_disabled,True,maze-32-32-4|a100|s147|it0|repair5g518_batch_C_budget_1000ms_static_context,,0.0848680935789,True,False,0,maze-32-32-4,repair5g518_batch_C_budget_1000ms_static_context,maze-32-32-4|a100|s147|it0|14650fb0739d0383,-0.0141861622698,False,False,110,True,10898,4018,819.1123,True,5495,1.36759581882,repair5g59_c_only_f_disabled,maze-32-32-4-random-147.scen,phase5p5_repair5g54_counterfactual_update_probe_v1,147,1000,11647,14650fb0739d0383,alpha_commit=1.25|alpha_block=1.25|alpha_wait_spillover=0.75|rho_decay=0.94999999999999996|force_additive=0|enable_dual_channel=1|alpha_cong_commit_progress=1.25|alpha_cong_commit_nonprogress=1.25|alpha_cong_block=1.25|alpha_cong_wait_progress=0.75|alpha_cong_wait_nonprogress=0.75|alpha_flow_commit_progress=0|alpha_flow_wait_progress=0|rho_cong_decay=0.94999999999999996|rho_flow_decay=1|lambda_cong=1|lambda_flow=0|min_edge_cost=0.25|max_edge_cost=11|goal_projection_mode=none|flow_shield_beta=0|max_flow_shield=0,6cf6b157bee71acd
False,100,repair5g59_commit_heavy_flow_guard,True,maze-32-32-4|a100|s147|it0|repair5g518_batch_C_budget_1000ms_static_context,,0.00199104031857,True,False,0,maze-32-32-4,repair5g518_batch_C_budget_1000ms_static_context,maze-32-32-4|a100|s147|it0|14650fb0739d0383,-0.0141861622698,False,False,111,True,11000,4018,875.762,True,5162,1.28471876556,repair5g59_commit_heavy_flow_guard,maze-32-32-4-random-147.scen,phase5p5_repair5g54_counterfactual_update_probe_v1,147,1000,11647,14650fb0739d0383,alpha_commit=1.5|alpha_block=1|alpha_wait_spillover=0.75|rho_decay=0.94999999999999996|force_additive=0|enable_dual_channel=1|alpha_cong_commit_progress=1.5|alpha_cong_commit_nonprogress=1.5|alpha_cong_block=1|alpha_cong_wait_progress=0.75|alpha_cong_wait_nonprogress=0.75|alpha_flow_commit_progress=1|alpha_flow_wait_progress=0|rho_cong_decay=0.94999999999999996|rho_flow_decay=1|lambda_cong=1|lambda_flow=0|min_edge_cost=1|max_edge_cost=11|goal_projection_mode=flow_shield|flow_shield_beta=0.34999999999999998|max_flow_shield=0.75,3cd172c18b79c21
False,100,repair5g59_fast_decay_low_shield,True,maze-32-32-4|a100|s147|it0|repair5g518_batch_C_budget_1000ms_static_context,,0.050024888004,True,False,0,maze-32-32-4,repair5g518_batch_C_budget_1000ms_static_context,maze-32-32-4|a100|s147|it0|14650fb0739d0383,-0.0141861622698,False,False,108,True,10700,4018,862.2168,True,5355,1.33275261324,repair5g59_fast_decay_low_shield,maze-32-32-4-random-147.scen,phase5p5_repair5g54_counterfactual_update_probe_v1,147,1000,11647,14650fb0739d0383,alpha_commit=1.25|alpha_block=1.25|alpha_wait_spillover=0.75|rho_decay=0.90000000000000002|force_additive=0|enable_dual_channel=1|alpha_cong_commit_progress=1.25|alpha_cong_commit_nonprogress=1.25|alpha_cong_block=1.25|alpha_cong_wait_progress=0.75|alpha_cong_wait_nonprogress=0.75|alpha_flow_commit_progress=1|alpha_flow_wait_progress=0|rho_cong_decay=0.90000000000000002|rho_flow_decay=1|lambda_cong=1|lambda_flow=0|min_edge_cost=1|max_edge_cost=11|goal_projection_mode=flow_shield|flow_shield_beta=0.20000000000000001|max_flow_shield=0.5,3f2416d2709cdc46
False,100,repair5g59_flow_decay,True,maze-32-32-4|a100|s147|it0|repair5g518_batch_C_budget_1000ms_static_context,,0,True,False,0,maze-32-32-4,repair5g518_batch_C_budget_1000ms_static_context,maze-32-32-4|a100|s147|it0|14650fb0739d0383,-0.0141861622698,False,False,106,True,10500,4018,855.9083,True,5154,1.28272772524,repair5g59_flow_decay,maze-32-32-4-random-147.scen,phase5p5_repair5g54_counterfactual_update_probe_v1,147,1000,11647,14650fb0739d0383,alpha_commit=1.25|alpha_block=1.25|alpha_wait_spillover=0.75|rho_decay=0.94999999999999996|force_additive=0|enable_dual_channel=1|alpha_cong_commit_progress=1.25|alpha_cong_commit_nonprogress=1.25|alpha_cong_block=1.25|alpha_cong_wait_progress=0.75|alpha_cong_wait_nonprogress=0.75|alpha_flow_commit_progress=1|alpha_flow_wait_progress=0|rho_cong_decay=0.94999999999999996|rho_flow_decay=0.94999999999999996|lambda_cong=1|lambda_flow=0|min_edge_cost=1|max_edge_cost=11|goal_projection_mode=flow_shield|flow_shield_beta=0.34999999999999998|max_flow_shield=0.75,f091bb5344ed5c8f
False,100,repair5g59_high_beta_cap_safe,True,maze-32-32-4|a100|s147|it0|repair5g518_batch_C_budget_1000ms_static_context,,,True,False,0,maze-32-32-4,repair5g518_batch_C_budget_1000ms_static_context,maze-32-32-4|a100|s147|it0|14650fb0739d0383,-0.0141861622698,False,False,152,False,25305,4018,1000.2572,False,,,repair5g59_high_beta_cap_safe,maze-32-32-4-random-147.scen,phase5p5_repair5g54_counterfactual_update_probe_v1,147,1000,11647,14650fb0739d0383,alpha_commit=1.25|alpha_block=1.25|alpha_wait_spillover=0.75|rho_decay=0.94999999999999996|force_additive=0|enable_dual_channel=1|alpha_cong_commit_progress=1.25|alpha_cong_commit_nonprogress=1.25|alpha_cong_block=1.25|alpha_cong_wait_progress=0.75|alpha_cong_wait_nonprogress=0.75|alpha_flow_commit_progress=1|alpha_flow_wait_progress=0|rho_cong_decay=0.94999999999999996|rho_flow_decay=1|lambda_cong=1|lambda_flow=0|min_edge_cost=1|max_edge_cost=11|goal_projection_mode=flow_shield|flow_shield_beta=0.59999999999999998|max_flow_shield=0.75,fbcf27bf34de68c
False,100,repair5g59_light_cong_light_flow,True,maze-32-32-4|a100|s147|it0|repair5g518_batch_C_budget_1000ms_static_context,,0.0447984071677,True,False,0,maze-32-32-4,repair5g518_batch_C_budget_1000ms_static_context,maze-32-32-4|a100|s147|it0|14650fb0739d0383,-0.0141861622698,False,False,113,True,11200,4018,835.6048,True,5334,1.3275261324,repair5g59_light_cong_light_flow,maze-32-32-4-random-147.scen,phase5p5_repair5g54_counterfactual_update_probe_v1,147,1000,11647,14650fb0739d0383,alpha_commit=1|alpha_block=1|alpha_wait_spillover=0.75|rho_decay=0.97999999999999998|force_additive=0|enable_dual_channel=1|alpha_cong_commit_progress=1|alpha_cong_commit_nonprogress=1|alpha_cong_block=1|alpha_cong_wait_progress=0.75|alpha_cong_wait_nonprogress=0.75|alpha_flow_commit_progress=0.75|alpha_flow_wait_progress=0|rho_cong_decay=0.97999999999999998|rho_flow_decay=1|lambda_cong=1|lambda_flow=0|min_edge_cost=1|max_edge_cost=11|goal_projection_mode=flow_shield|flow_shield_beta=0.25|max_flow_shield=0.5,15be9d4820cb1154
False,100,repair5g59_low_beta_high_cap,True,maze-32-32-4|a100|s147|it0|repair5g518_batch_C_budget_1000ms_static_context,,0.0216525634644,True,False,0,maze-32-32-4,repair5g518_batch_C_budget_1000ms_static_context,maze-32-32-4|a100|s147|it0|14650fb0739d0383,-0.0141861622698,False,False,105,True,10400,4018,812.8883,True,5241,1.3043802887,repair5g59_low_beta_high_cap,maze-32-32-4-random-147.scen,phase5p5_repair5g54_counterfactual_update_probe_v1,147,1000,11647,14650fb0739d0383,alpha_commit=1.25|alpha_block=1.25|alpha_wait_spillover=0.75|rho_decay=0.94999999999999996|force_additive=0|enable_dual_channel=1|alpha_cong_commit_progress=1.25|alpha_cong_commit_nonprogress=1.25|alpha_cong_block=1.25|alpha_cong_wait_progress=0.75|alpha_cong_wait_nonprogress=0.75|alpha_flow_commit_progress=1|alpha_flow_wait_progress=0|rho_cong_decay=0.94999999999999996|rho_flow_decay=1|lambda_cong=1|lambda_flow=0|min_edge_cost=1|max_edge_cost=11|goal_projection_mode=flow_shield|flow_shield_beta=0.20000000000000001|max_flow_shield=1.25,5b1c2a7ba7dd48cb
False,100,repair5g59_slow_decay_high_shield,True,maze-32-32-4|a100|s147|it0|repair5g518_batch_C_budget_1000ms_static_context,,0.076406172225,True,False,0,maze-32-32-4,repair5g518_batch_C_budget_1000ms_static_context,maze-32-32-4|a100|s147|it0|14650fb0739d0383,-0.0141861622698,False,False,101,True,10000,4018,807.2998,True,5461,1.35913389746,repair5g59_slow_decay_high_shield,maze-32-32-4-random-147.scen,phase5p5_repair5g54_counterfactual_update_probe_v1,147,1000,11647,14650fb0739d0383,alpha_commit=1.25|alpha_block=1.25|alpha_wait_spillover=0.75|rho_decay=0.97999999999999998|force_additive=0|enable_dual_channel=1|alpha_cong_commit_progress=1.25|alpha_cong_commit_nonprogress=1.25|alpha_cong_block=1.25|alpha_cong_wait_progress=0.75|alpha_cong_wait_nonprogress=0.75|alpha_flow_commit_progress=1|alpha_flow_wait_progress=0|rho_cong_decay=0.97999999999999998|rho_flow_decay=1|lambda_cong=1|lambda_flow=0|min_edge_cost=1|max_edge_cost=11|goal_projection_mode=flow_shield|flow_shield_beta=0.5|max_flow_shield=1,15da3e1ec294f75e
False,100,repair5g59_static_abstain_candidate,True,maze-32-32-4|a100|s147|it0|repair5g518_batch_C_budget_1000ms_static_context,,0,True,False,0,maze-32-32-4,repair5g518_batch_C_budget_1000ms_static_context,maze-32-32-4|a100|s147|it0|14650fb0739d0383,-0.0141861622698,False,False,106,True,10500,4018,815.7819,True,5154,1.28272772524,repair5g59_static_abstain_candidate,maze-32-32-4-random-147.scen,phase5p5_repair5g54_counterfactual_update_probe_v1,147,1000,11647,14650fb0739d0383,alpha_commit=1.25|alpha_block=1.25|alpha_wait_spillover=0.75|rho_decay=0.94999999999999996|force_additive=0|enable_dual_channel=1|alpha_cong_commit_progress=1.25|alpha_cong_commit_nonprogress=1.25|alpha_cong_block=1.25|alpha_cong_wait_progress=0.75|alpha_cong_wait_nonprogress=0.75|alpha_flow_commit_progress=1|alpha_flow_wait_progress=0|rho_cong_decay=0.94999999999999996|rho_flow_decay=1|lambda_cong=1|lambda_flow=0|min_edge_cost=1|max_edge_cost=11|goal_projection_mode=flow_shield|flow_shield_beta=0.34999999999999998|max_flow_shield=0.75,29737bed70c56f0d
False,100,repair5g59_static_flow_shield,True,maze-32-32-4|a100|s147|it0|repair5g518_batch_C_budget_1000ms_static_context,,0,True,False,0,maze-32-32-4,repair5g518_batch_C_budget_1000ms_static_context,maze-32-32-4|a100|s147|it0|14650fb0739d0383,-0.0141861622698,False,False,106,True,10500,4018,812.2442,True,5154,1.28272772524,repair5g59_static_flow_shield,maze-32-32-4-random-147.scen,phase5p5_repair5g54_counterfactual_update_probe_v1,147,1000,11647,14650fb0739d0383,alpha_commit=1.25|alpha_block=1.25|alpha_wait_spillover=0.75|rho_decay=0.94999999999999996|force_additive=0|enable_dual_channel=1|alpha_cong_commit_progress=1.25|alpha_cong_commit_nonprogress=1.25|alpha_cong_block=1.25|alpha_cong_wait_progress=0.75|alpha_cong_wait_nonprogress=0.75|alpha_flow_commit_progress=1|alpha_flow_wait_progress=0|rho_cong_decay=0.94999999999999996|rho_flow_decay=1|lambda_cong=1|lambda_flow=0|min_edge_cost=1|max_edge_cost=11|goal_projection_mode=flow_shield|flow_shield_beta=0.34999999999999998|max_flow_shield=0.75,29737bed70c56f0d
False,100,repair5g59_wait_aggressive,True,maze-32-32-4|a100|s147|it0|repair5g518_batch_C_budget_1000ms_static_context,,,True,False,0,maze-32-32-4,repair5g518_batch_C_budget_1000ms_static_context,maze-32-32-4|a100|s147|it0|14650fb0739d0383,-0.0141861622698,False,False,158,False,28567,4018,1000.7349,False,,,repair5g59_wait_aggressive,maze-32-32-4-random-147.scen,phase5p5_repair5g54_counterfactual_update_probe_v1,147,1000,11647,14650fb0739d0383,alpha_commit=1.25|alpha_block=1.25|alpha_wait_spillover=1|rho_decay=0.94999999999999996|force_additive=0|enable_dual_channel=1|alpha_cong_commit_progress=1.25|alpha_cong_commit_nonprogress=1.25|alpha_cong_block=1.25|alpha_cong_wait_progress=1|alpha_cong_wait_nonprogress=1|alpha_flow_commit_progress=1|alpha_flow_wait_progress=0|rho_cong_decay=0.94999999999999996|rho_flow_decay=1|lambda_cong=1|lambda_flow=0|min_edge_cost=1|max_edge_cost=11|goal_projection_mode=flow_shield|flow_shield_beta=0.34999999999999998|max_flow_shield=0.75,1adae8b415a845e4
False,100,repair5g59_wait_conservative,True,maze-32-32-4|a100|s147|it0|repair5g518_batch_C_budget_1000ms_static_context,,-0.00846192135391,True,False,0,maze-32-32-4,repair5g518_batch_C_budget_1000ms_static_context,maze-32-32-4|a100|s147|it0|14650fb0739d0383,-0.0141861622698,False,False,127,True,16045,4018,868.8672,True,5120,1.27426580388,repair5g59_wait_conservative,maze-32-32-4-random-147.scen,phase5p5_repair5g54_counterfactual_update_probe_v1,147,1000,11647,14650fb0739d0383,alpha_commit=1.25|alpha_block=1.25|alpha_wait_spillover=0.5|rho_decay=0.94999999999999996|force_additive=0|enable_dual_channel=1|alpha_cong_commit_progress=1.25|alpha_cong_commit_nonprogress=1.25|alpha_cong_block=1.25|alpha_cong_wait_progress=0.5|alpha_cong_wait_nonprogress=0.5|alpha_flow_commit_progress=1|alpha_flow_wait_progress=0|rho_cong_decay=0.94999999999999996|rho_flow_decay=1|lambda_cong=1|lambda_flow=0|min_edge_cost=1|max_edge_cost=11|goal_projection_mode=flow_shield|flow_shield_beta=0.34999999999999998|max_flow_shield=0.75,421aa7c6efea31b2
False,100,repair5g518_grid_c1p20_b1p15_f1p00_w0p70_dc0p95_df1p00_beta0p60_max0p75_c0,True,maze-32-32-4|a100|s147|it0|repair5g518_batch_C_budget_1000ms_static_context,,0.0116973618716,True,False,0,maze-32-32-4,repair5g518_batch_C_budget_1000ms_static_context,maze-32-32-4|a100|s147|it0|14650fb0739d0383,-0.0141861622698,False,False,162,True,27703,4018,982.8446,True,5201,1.29442508711,repair5g518_grid_c1p20_b1p15_f1p00_w0p70_dc0p95_df1p00_beta0p60_max0p75_c0,maze-32-32-4-random-147.scen,phase5p5_repair5g54_counterfactual_update_probe_v1,147,1000,11647,14650fb0739d0383,alpha_commit=1.2|alpha_block=1.1499999999999999|alpha_wait_spillover=0.69999999999999996|rho_decay=0.94999999999999996|force_additive=0|enable_dual_channel=1|alpha_cong_commit_progress=1.2|alpha_cong_commit_nonprogress=1.2|alpha_cong_block=1.1499999999999999|alpha_cong_wait_progress=0.69999999999999996|alpha_cong_wait_nonprogress=0.69999999999999996|alpha_flow_commit_progress=1|alpha_flow_wait_progress=0|rho_cong_decay=0.94999999999999996|rho_flow_decay=1|lambda_cong=1|lambda_flow=0|min_edge_cost=1|max_edge_cost=11|goal_projection_mode=flow_shield|flow_shield_beta=0.59999999999999998|max_flow_shield=0.75,bd71bc939325964
False,100,repair5g518_grid_c1p20_b1p35_f1p00_w0p70_dc0p95_df1p00_beta0p55_max0p75_c0,True,maze-32-32-4|a100|s147|it0|repair5g518_batch_C_budget_1000ms_static_context,,-0.00199104031857,True,False,0,maze-32-32-4,repair5g518_batch_C_budget_1000ms_static_context,maze-32-32-4|a100|s147|it0|14650fb0739d0383,-0.0141861622698,False,False,107,True,10597,4018,787.0831,True,5146,1.28073668492,repair5g518_grid_c1p20_b1p35_f1p00_w0p70_dc0p95_df1p00_beta0p55_max0p75_c0,maze-32-32-4-random-147.scen,phase5p5_repair5g54_counterfactual_update_probe_v1,147,1000,11647,14650fb0739d0383,alpha_commit=1.2|alpha_block=1.3500000000000001|alpha_wait_spillover=0.69999999999999996|rho_decay=0.94999999999999996|force_additive=0|enable_dual_channel=1|alpha_cong_commit_progress=1.2|alpha_cong_commit_nonprogress=1.2|alpha_cong_block=1.3500000000000001|alpha_cong_wait_progress=0.69999999999999996|alpha_cong_wait_nonprogress=0.69999999999999996|alpha_flow_commit_progress=1|alpha_flow_wait_progress=0|rho_cong_decay=0.94999999999999996|rho_flow_decay=1|lambda_cong=1|lambda_flow=0|min_edge_cost=1|max_edge_cost=11|goal_projection_mode=flow_shield|flow_shield_beta=0.55000000000000004|max_flow_shield=0.75,64aae9147d013f06
False,100,repair5g518_grid_c1p35_b1p35_f1p00_w0p80_dc0p95_df1p00_beta0p25_max0p75_c0,True,maze-32-32-4|a100|s147|it0|repair5g518_batch_C_budget_1000ms_static_context,,0.0159283225485,True,False,0,maze-32-32-4,repair5g518_batch_C_budget_1000ms_static_context,maze-32-32-4|a100|s147|it0|14650fb0739d0383,-0.0141861622698,False,False,106,True,10500,4018,694.0697,True,5218,1.29865604778,repair5g518_grid_c1p35_b1p35_f1p00_w0p80_dc0p95_df1p00_beta0p25_max0p75_c0,maze-32-32-4-random-147.scen,phase5p5_repair5g54_counterfactual_update_probe_v1,147,1000,11647,14650fb0739d0383,alpha_commit=1.3500000000000001|alpha_block=1.3500000000000001|alpha_wait_spillover=0.80000000000000004|rho_decay=0.94999999999999996|force_additive=0|enable_dual_channel=1|alpha_cong_commit_progress=1.3500000000000001|alpha_cong_commit_nonprogress=1.3500000000000001|alpha_cong_block=1.3500000000000001|alpha_cong_wait_progress=0.80000000000000004|alpha_cong_wait_nonprogress=0.80000000000000004|alpha_flow_commit_progress=1|alpha_flow_wait_progress=0|rho_cong_decay=0.94999999999999996|rho_flow_decay=1|lambda_cong=1|lambda_flow=0|min_edge_cost=1|max_edge_cost=11|goal_projection_mode=flow_shield|flow_shield_beta=0.25|max_flow_shield=0.75,3d3823354692d4b7
False,100,repair5g518_grid_c1p20_b1p15_f1p00_w0p70_dc0p95_df1p00_beta0p55_max0p75_c0,True,maze-32-32-4|a100|s147|it0|repair5g518_batch_C_budget_1000ms_static_context,,0.030612244898,True,False,0,maze-32-32-4,repair5g518_batch_C_budget_1000ms_static_context,maze-32-32-4|a100|s147|it0|14650fb0739d0383,-0.0141861622698,False,False,106,True,10500,4018,553.4107,True,5277,1.31333997013,repair5g518_grid_c1p20_b1p15_f1p00_w0p70_dc0p95_df1p00_beta0p55_max0p75_c0,maze-32-32-4-random-147.scen,phase5p5_repair5g54_counterfactual_update_probe_v1,147,1000,11647,14650fb0739d0383,alpha_commit=1.2|alpha_block=1.1499999999999999|alpha_wait_spillover=0.69999999999999996|rho_decay=0.94999999999999996|force_additive=0|enable_dual_channel=1|alpha_cong_commit_progress=1.2|alpha_cong_commit_nonprogress=1.2|alpha_cong_block=1.1499999999999999|alpha_cong_wait_progress=0.69999999999999996|alpha_cong_wait_nonprogress=0.69999999999999996|alpha_flow_commit_progress=1|alpha_flow_wait_progress=0|rho_cong_decay=0.94999999999999996|rho_flow_decay=1|lambda_cong=1|lambda_flow=0|min_edge_cost=1|max_edge_cost=11|goal_projection_mode=flow_shield|flow_shield_beta=0.55000000000000004|max_flow_shield=0.75,c75a028b5f4a7c6a
False,100,repair5g518_grid_c1p35_b1p15_f1p00_w0p80_dc0p95_df1p00_beta0p25_max0p90_c0,True,maze-32-32-4|a100|s147|it0|repair5g518_batch_C_budget_1000ms_static_context,,0.0151816824291,True,False,0,maze-32-32-4,repair5g518_batch_C_budget_1000ms_static_context,maze-32-32-4|a100|s147|it0|14650fb0739d0383,-0.0141861622698,False,False,128,True,15451,4018,716.7137,True,5215,1.29790940767,repair5g518_grid_c1p35_b1p15_f1p00_w0p80_dc0p95_df1p00_beta0p25_max0p90_c0,maze-32-32-4-random-147.scen,phase5p5_repair5g54_counterfactual_update_probe_v1,147,1000,11647,14650fb0739d0383,alpha_commit=1.3500000000000001|alpha_block=1.1499999999999999|alpha_wait_spillover=0.80000000000000004|rho_decay=0.94999999999999996|force_additive=0|enable_dual_channel=1|alpha_cong_commit_progress=1.3500000000000001|alpha_cong_commit_nonprogress=1.3500000000000001|alpha_cong_block=1.1499999999999999|alpha_cong_wait_progress=0.80000000000000004|alpha_cong_wait_nonprogress=0.80000000000000004|alpha_flow_commit_progress=1|alpha_flow_wait_progress=0|rho_cong_decay=0.94999999999999996|rho_flow_decay=1|lambda_cong=1|lambda_flow=0|min_edge_cost=1|max_edge_cost=11|goal_projection_mode=flow_shield|flow_shield_beta=0.25|max_flow_shield=0.90000000000000002,c14a9259b35efe2c
False,100,repair5g518_grid_c1p20_b1p15_f1p00_w0p80_dc0p95_df1p00_beta0p25_max0p75_c0,True,maze-32-32-4|a100|s147|it0|repair5g518_batch_C_budget_1000ms_static_context,,0.0281234444998,True,False,0,maze-32-32-4,repair5g518_batch_C_budget_1000ms_static_context,maze-32-32-4|a100|s147|it0|14650fb0739d0383,-0.0141861622698,False,False,109,True,10800,4018,775.5857,True,5267,1.31085116974,repair5g518_grid_c1p20_b1p15_f1p00_w0p80_dc0p95_df1p00_beta0p25_max0p75_c0,maze-32-32-4-random-147.scen,phase5p5_repair5g54_counterfactual_update_probe_v1,147,1000,11647,14650fb0739d0383,alpha_commit=1.2|alpha_block=1.1499999999999999|alpha_wait_spillover=0.80000000000000004|rho_decay=0.94999999999999996|force_additive=0|enable_dual_channel=1|alpha_cong_commit_progress=1.2|alpha_cong_commit_nonprogress=1.2|alpha_cong_block=1.1499999999999999|alpha_cong_wait_progress=0.80000000000000004|alpha_cong_wait_nonprogress=0.80000000000000004|alpha_flow_commit_progress=1|alpha_flow_wait_progress=0|rho_cong_decay=0.94999999999999996|rho_flow_decay=1|lambda_cong=1|lambda_flow=0|min_edge_cost=1|max_edge_cost=11|goal_projection_mode=flow_shield|flow_shield_beta=0.25|max_flow_shield=0.75,97751ce856647dd0
False,100,repair5g518_grid_c1p25_b1p25_f1p00_w0p60_dc0p95_df1p00_beta0p25_max1p00_c0,True,maze-32-32-4|a100|s147|it0|repair5g518_batch_C_budget_1000ms_static_context,,0.108760577402,True,False,0,maze-32-32-4,repair5g518_batch_C_budget_1000ms_static_context,maze-32-32-4|a100|s147|it0|14650fb0739d0383,-0.0141861622698,False,False,116,True,11499,4018,750.0404,True,5591,1.39148830264,repair5g518_grid_c1p25_b1p25_f1p00_w0p60_dc0p95_df1p00_beta0p25_max1p00_c0,maze-32-32-4-random-147.scen,phase5p5_repair5g54_counterfactual_update_probe_v1,147,1000,11647,14650fb0739d0383,alpha_commit=1.25|alpha_block=1.25|alpha_wait_spillover=0.59999999999999998|rho_decay=0.94999999999999996|force_additive=0|enable_dual_channel=1|alpha_cong_commit_progress=1.25|alpha_cong_commit_nonprogress=1.25|alpha_cong_block=1.25|alpha_cong_wait_progress=0.59999999999999998|alpha_cong_wait_nonprogress=0.59999999999999998|alpha_flow_commit_progress=1|alpha_flow_wait_progress=0|rho_cong_decay=0.94999999999999996|rho_flow_decay=1|lambda_cong=1|lambda_flow=0|min_edge_cost=1|max_edge_cost=11|goal_projection_mode=flow_shield|flow_shield_beta=0.25|max_flow_shield=1,bf6282b8805592a2
False,100,repair5g518_grid_c1p25_b1p25_f1p00_w0p60_dc0p95_df1p00_beta0p20_max1p00_c0,True,maze-32-32-4|a100|s147|it0|repair5g518_batch_C_budget_1000ms_static_context,,0.0380786460926,True,False,0,maze-32-32-4,repair5g518_batch_C_budget_1000ms_static_context,maze-32-32-4|a100|s147|it0|14650fb0739d0383,-0.0141861622698,False,False,119,True,11798,4018,632.5635,True,5307,1.32080637133,repair5g518_grid_c1p25_b1p25_f1p00_w0p60_dc0p95_df1p00_beta0p20_max1p00_c0,maze-32-32-4-random-147.scen,phase5p5_repair5g54_counterfactual_update_probe_v1,147,1000,11647,14650fb0739d0383,alpha_commit=1.25|alpha_block=1.25|alpha_wait_spillover=0.59999999999999998|rho_decay=0.94999999999999996|force_additive=0|enable_dual_channel=1|alpha_cong_commit_progress=1.25|alpha_cong_commit_nonprogress=1.25|alpha_cong_block=1.25|alpha_cong_wait_progress=0.59999999999999998|alpha_cong_wait_nonprogress=0.59999999999999998|alpha_flow_commit_progress=1|alpha_flow_wait_progress=0|rho_cong_decay=0.94999999999999996|rho_flow_decay=1|lambda_cong=1|lambda_flow=0|min_edge_cost=1|max_edge_cost=11|goal_projection_mode=flow_shield|flow_shield_beta=0.20000000000000001|max_flow_shield=1,2625f07ab5b8f9e2
False,100,repair5g59_additive_fallback,True,maze-32-32-4|a100|s147|it0|repair5g518_batch_C_budget_2000ms_static_context,,,True,False,0,maze-32-32-4,repair5g518_batch_C_budget_2000ms_static_context,maze-32-32-4|a100|s147|it0|14650fb0739d0383,-0.0141861622698,False,False,541,False,155862,4018,2014.7995,False,,,repair5g59_additive_fallback,maze-32-32-4-random-147.scen,phase5p5_repair5g54_counterfactual_update_probe_v1,147,2000,11647,14650fb0739d0383,alpha_commit=1|alpha_block=1|alpha_wait_spillover=1|rho_decay=1|force_additive=1|enable_dual_channel=0|alpha_cong_commit_progress=0|alpha_cong_commit_nonprogress=1|alpha_cong_block=1|alpha_cong_wait_progress=1|alpha_cong_wait_nonprogress=1|alpha_flow_commit_progress=0|alpha_flow_wait_progress=0|rho_cong_decay=1|rho_flow_decay=1|lambda_cong=1|lambda_flow=0|min_edge_cost=0.25|max_edge_cost=11|goal_projection_mode=none|flow_shield_beta=0|max_flow_shield=0,35049bacad216c02
False,100,repair5g59_block_heavy_flow_guard,True,maze-32-32-4|a100|s147|it0|repair5g518_batch_C_budget_2000ms_static_context,,-0.0141861622698,True,True,0,maze-32-32-4,repair5g518_batch_C_budget_2000ms_static_context,maze-32-32-4|a100|s147|it0|14650fb0739d0383,-0.0141861622698,False,False,104,True,10297,4018,884.4691,True,5097,1.26854156297,repair5g59_block_heavy_flow_guard,maze-32-32-4-random-147.scen,phase5p5_repair5g54_counterfactual_update_probe_v1,147,2000,11647,14650fb0739d0383,alpha_commit=1|alpha_block=1.5|alpha_wait_spillover=0.5|rho_decay=0.94999999999999996|force_additive=0|enable_dual_channel=1|alpha_cong_commit_progress=1|alpha_cong_commit_nonprogress=1|alpha_cong_block=1.5|alpha_cong_wait_progress=0.5|alpha_cong_wait_nonprogress=0.5|alpha_flow_commit_progress=1|alpha_flow_wait_progress=0|rho_cong_decay=0.94999999999999996|rho_flow_decay=1|lambda_cong=1|lambda_flow=0|min_edge_cost=1|max_edge_cost=11|goal_projection_mode=flow_shield|flow_shield_beta=0.34999999999999998|max_flow_shield=0.75,bb2a55cecde4524d
False,100,repair5g59_c_only_f_disabled,True,maze-32-32-4|a100|s147|it0|repair5g518_batch_C_budget_2000ms_static_context,,0.0848680935789,True,False,0,maze-32-32-4,repair5g518_batch_C_budget_2000ms_static_context,maze-32-32-4|a100|s147|it0|14650fb0739d0383,-0.0141861622698,False,False,110,True,10898,4018,808.6846,True,5495,1.36759581882,repair5g59_c_only_f_disabled,maze-32-32-4-random-147.scen,phase5p5_repair5g54_counterfactual_update_probe_v1,147,2000,11647,14650fb0739d0383,alpha_commit=1.25|alpha_block=1.25|alpha_wait_spillover=0.75|rho_decay=0.94999999999999996|force_additive=0|enable_dual_channel=1|alpha_cong_commit_progress=1.25|alpha_cong_commit_nonprogress=1.25|alpha_cong_block=1.25|alpha_cong_wait_progress=0.75|alpha_cong_wait_nonprogress=0.75|alpha_flow_commit_progress=0|alpha_flow_wait_progress=0|rho_cong_decay=0.94999999999999996|rho_flow_decay=1|lambda_cong=1|lambda_flow=0|min_edge_cost=0.25|max_edge_cost=11|goal_projection_mode=none|flow_shield_beta=0|max_flow_shield=0,6cf6b157bee71acd
False,100,repair5g59_commit_heavy_flow_guard,True,maze-32-32-4|a100|s147|it0|repair5g518_batch_C_budget_2000ms_static_context,,0.00199104031857,True,False,0,maze-32-32-4,repair5g518_batch_C_budget_2000ms_static_context,maze-32-32-4|a100|s147|it0|14650fb0739d0383,-0.0141861622698,False,False,111,True,11000,4018,888.4689,True,5162,1.28471876556,repair5g59_commit_heavy_flow_guard,maze-32-32-4-random-147.scen,phase5p5_repair5g54_counterfactual_update_probe_v1,147,2000,11647,14650fb0739d0383,alpha_commit=1.5|alpha_block=1|alpha_wait_spillover=0.75|rho_decay=0.94999999999999996|force_additive=0|enable_dual_channel=1|alpha_cong_commit_progress=1.5|alpha_cong_commit_nonprogress=1.5|alpha_cong_block=1|alpha_cong_wait_progress=0.75|alpha_cong_wait_nonprogress=0.75|alpha_flow_commit_progress=1|alpha_flow_wait_progress=0|rho_cong_decay=0.94999999999999996|rho_flow_decay=1|lambda_cong=1|lambda_flow=0|min_edge_cost=1|max_edge_cost=11|goal_projection_mode=flow_shield|flow_shield_beta=0.34999999999999998|max_flow_shield=0.75,3cd172c18b79c21
False,100,repair5g59_fast_decay_low_shield,True,maze-32-32-4|a100|s147|it0|repair5g518_batch_C_budget_2000ms_static_context,,0.050024888004,True,False,0,maze-32-32-4,repair5g518_batch_C_budget_2000ms_static_context,maze-32-32-4|a100|s147|it0|14650fb0739d0383,-0.0141861622698,False,False,108,True,10700,4018,876.5542,True,5355,1.33275261324,repair5g59_fast_decay_low_shield,maze-32-32-4-random-147.scen,phase5p5_repair5g54_counterfactual_update_probe_v1,147,2000,11647,14650fb0739d0383,alpha_commit=1.25|alpha_block=1.25|alpha_wait_spillover=0.75|rho_decay=0.90000000000000002|force_additive=0|enable_dual_channel=1|alpha_cong_commit_progress=1.25|alpha_cong_commit_nonprogress=1.25|alpha_cong_block=1.25|alpha_cong_wait_progress=0.75|alpha_cong_wait_nonprogress=0.75|alpha_flow_commit_progress=1|alpha_flow_wait_progress=0|rho_cong_decay=0.90000000000000002|rho_flow_decay=1|lambda_cong=1|lambda_flow=0|min_edge_cost=1|max_edge_cost=11|goal_projection_mode=flow_shield|flow_shield_beta=0.20000000000000001|max_flow_shield=0.5,3f2416d2709cdc46
False,100,repair5g59_flow_decay,True,maze-32-32-4|a100|s147|it0|repair5g518_batch_C_budget_2000ms_static_context,,0,True,False,0,maze-32-32-4,repair5g518_batch_C_budget_2000ms_static_context,maze-32-32-4|a100|s147|it0|14650fb0739d0383,-0.0141861622698,False,False,106,True,10500,4018,858.1241,True,5154,1.28272772524,repair5g59_flow_decay,maze-32-32-4-random-147.scen,phase5p5_repair5g54_counterfactual_update_probe_v1,147,2000,11647,14650fb0739d0383,alpha_commit=1.25|alpha_block=1.25|alpha_wait_spillover=0.75|rho_decay=0.94999999999999996|force_additive=0|enable_dual_channel=1|alpha_cong_commit_progress=1.25|alpha_cong_commit_nonprogress=1.25|alpha_cong_block=1.25|alpha_cong_wait_progress=0.75|alpha_cong_wait_nonprogress=0.75|alpha_flow_commit_progress=1|alpha_flow_wait_progress=0|rho_cong_decay=0.94999999999999996|rho_flow_decay=0.94999999999999996|lambda_cong=1|lambda_flow=0|min_edge_cost=1|max_edge_cost=11|goal_projection_mode=flow_shield|flow_shield_beta=0.34999999999999998|max_flow_shield=0.75,f091bb5344ed5c8f
False,100,repair5g59_high_beta_cap_safe,True,maze-32-32-4|a100|s147|it0|repair5g518_batch_C_budget_2000ms_static_context,,,True,False,0,maze-32-32-4,repair5g518_batch_C_budget_2000ms_static_context,maze-32-32-4|a100|s147|it0|14650fb0739d0383,-0.0141861622698,False,False,395,False,119807,4018,2008.3157,False,,,repair5g59_high_beta_cap_safe,maze-32-32-4-random-147.scen,phase5p5_repair5g54_counterfactual_update_probe_v1,147,2000,11647,14650fb0739d0383,alpha_commit=1.25|alpha_block=1.25|alpha_wait_spillover=0.75|rho_decay=0.94999999999999996|force_additive=0|enable_dual_channel=1|alpha_cong_commit_progress=1.25|alpha_cong_commit_nonprogress=1.25|alpha_cong_block=1.25|alpha_cong_wait_progress=0.75|alpha_cong_wait_nonprogress=0.75|alpha_flow_commit_progress=1|alpha_flow_wait_progress=0|rho_cong_decay=0.94999999999999996|rho_flow_decay=1|lambda_cong=1|lambda_flow=0|min_edge_cost=1|max_edge_cost=11|goal_projection_mode=flow_shield|flow_shield_beta=0.59999999999999998|max_flow_shield=0.75,fbcf27bf34de68c
False,100,repair5g59_light_cong_light_flow,True,maze-32-32-4|a100|s147|it0|repair5g518_batch_C_budget_2000ms_static_context,,0.0447984071677,True,False,0,maze-32-32-4,repair5g518_batch_C_budget_2000ms_static_context,maze-32-32-4|a100|s147|it0|14650fb0739d0383,-0.0141861622698,False,False,113,True,11200,4018,871.3109,True,5334,1.3275261324,repair5g59_light_cong_light_flow,maze-32-32-4-random-147.scen,phase5p5_repair5g54_counterfactual_update_probe_v1,147,2000,11647,14650fb0739d0383,alpha_commit=1|alpha_block=1|alpha_wait_spillover=0.75|rho_decay=0.97999999999999998|force_additive=0|enable_dual_channel=1|alpha_cong_commit_progress=1|alpha_cong_commit_nonprogress=1|alpha_cong_block=1|alpha_cong_wait_progress=0.75|alpha_cong_wait_nonprogress=0.75|alpha_flow_commit_progress=0.75|alpha_flow_wait_progress=0|rho_cong_decay=0.97999999999999998|rho_flow_decay=1|lambda_cong=1|lambda_flow=0|min_edge_cost=1|max_edge_cost=11|goal_projection_mode=flow_shield|flow_shield_beta=0.25|max_flow_shield=0.5,15be9d4820cb1154
False,100,repair5g59_low_beta_high_cap,True,maze-32-32-4|a100|s147|it0|repair5g518_batch_C_budget_2000ms_static_context,,0.0216525634644,True,False,0,maze-32-32-4,repair5g518_batch_C_budget_2000ms_static_context,maze-32-32-4|a100|s147|it0|14650fb0739d0383,-0.0141861622698,False,False,105,True,10400,4018,844.2048,True,5241,1.3043802887,repair5g59_low_beta_high_cap,maze-32-32-4-random-147.scen,phase5p5_repair5g54_counterfactual_update_probe_v1,147,2000,11647,14650fb0739d0383,alpha_commit=1.25|alpha_block=1.25|alpha_wait_spillover=0.75|rho_decay=0.94999999999999996|force_additive=0|enable_dual_channel=1|alpha_cong_commit_progress=1.25|alpha_cong_commit_nonprogress=1.25|alpha_cong_block=1.25|alpha_cong_wait_progress=0.75|alpha_cong_wait_nonprogress=0.75|alpha_flow_commit_progress=1|alpha_flow_wait_progress=0|rho_cong_decay=0.94999999999999996|rho_flow_decay=1|lambda_cong=1|lambda_flow=0|min_edge_cost=1|max_edge_cost=11|goal_projection_mode=flow_shield|flow_shield_beta=0.20000000000000001|max_flow_shield=1.25,5b1c2a7ba7dd48cb
False,100,repair5g59_slow_decay_high_shield,True,maze-32-32-4|a100|s147|it0|repair5g518_batch_C_budget_2000ms_static_context,,0.076406172225,True,False,0,maze-32-32-4,repair5g518_batch_C_budget_2000ms_static_context,maze-32-32-4|a100|s147|it0|14650fb0739d0383,-0.0141861622698,False,False,101,True,10000,4018,843.6515,True,5461,1.35913389746,repair5g59_slow_decay_high_shield,maze-32-32-4-random-147.scen,phase5p5_repair5g54_counterfactual_update_probe_v1,147,2000,11647,14650fb0739d0383,alpha_commit=1.25|alpha_block=1.25|alpha_wait_spillover=0.75|rho_decay=0.97999999999999998|force_additive=0|enable_dual_channel=1|alpha_cong_commit_progress=1.25|alpha_cong_commit_nonprogress=1.25|alpha_cong_block=1.25|alpha_cong_wait_progress=0.75|alpha_cong_wait_nonprogress=0.75|alpha_flow_commit_progress=1|alpha_flow_wait_progress=0|rho_cong_decay=0.97999999999999998|rho_flow_decay=1|lambda_cong=1|lambda_flow=0|min_edge_cost=1|max_edge_cost=11|goal_projection_mode=flow_shield|flow_shield_beta=0.5|max_flow_shield=1,15da3e1ec294f75e
False,100,repair5g59_static_abstain_candidate,True,maze-32-32-4|a100|s147|it0|repair5g518_batch_C_budget_2000ms_static_context,,0,True,False,0,maze-32-32-4,repair5g518_batch_C_budget_2000ms_static_context,maze-32-32-4|a100|s147|it0|14650fb0739d0383,-0.0141861622698,False,False,106,True,10500,4018,842.893,True,5154,1.28272772524,repair5g59_static_abstain_candidate,maze-32-32-4-random-147.scen,phase5p5_repair5g54_counterfactual_update_probe_v1,147,2000,11647,14650fb0739d0383,alpha_commit=1.25|alpha_block=1.25|alpha_wait_spillover=0.75|rho_decay=0.94999999999999996|force_additive=0|enable_dual_channel=1|alpha_cong_commit_progress=1.25|alpha_cong_commit_nonprogress=1.25|alpha_cong_block=1.25|alpha_cong_wait_progress=0.75|alpha_cong_wait_nonprogress=0.75|alpha_flow_commit_progress=1|alpha_flow_wait_progress=0|rho_cong_decay=0.94999999999999996|rho_flow_decay=1|lambda_cong=1|lambda_flow=0|min_edge_cost=1|max_edge_cost=11|goal_projection_mode=flow_shield|flow_shield_beta=0.34999999999999998|max_flow_shield=0.75,29737bed70c56f0d
False,100,repair5g59_static_flow_shield,True,maze-32-32-4|a100|s147|it0|repair5g518_batch_C_budget_2000ms_static_context,,0,True,False,0,maze-32-32-4,repair5g518_batch_C_budget_2000ms_static_context,maze-32-32-4|a100|s147|it0|14650fb0739d0383,-0.0141861622698,False,False,106,True,10500,4018,833.8835,True,5154,1.28272772524,repair5g59_static_flow_shield,maze-32-32-4-random-147.scen,phase5p5_repair5g54_counterfactual_update_probe_v1,147,2000,11647,14650fb0739d0383,alpha_commit=1.25|alpha_block=1.25|alpha_wait_spillover=0.75|rho_decay=0.94999999999999996|force_additive=0|enable_dual_channel=1|alpha_cong_commit_progress=1.25|alpha_cong_commit_nonprogress=1.25|alpha_cong_block=1.25|alpha_cong_wait_progress=0.75|alpha_cong_wait_nonprogress=0.75|alpha_flow_commit_progress=1|alpha_flow_wait_progress=0|rho_cong_decay=0.94999999999999996|rho_flow_decay=1|lambda_cong=1|lambda_flow=0|min_edge_cost=1|max_edge_cost=11|goal_projection_mode=flow_shield|flow_shield_beta=0.34999999999999998|max_flow_shield=0.75,29737bed70c56f0d
False,100,repair5g59_wait_aggressive,True,maze-32-32-4|a100|s147|it0|repair5g518_batch_C_budget_2000ms_static_context,,,True,False,0,maze-32-32-4,repair5g518_batch_C_budget_2000ms_static_context,maze-32-32-4|a100|s147|it0|14650fb0739d0383,-0.0141861622698,False,False,487,False,157913,4018,2007.9607,False,,,repair5g59_wait_aggressive,maze-32-32-4-random-147.scen,phase5p5_repair5g54_counterfactual_update_probe_v1,147,2000,11647,14650fb0739d0383,alpha_commit=1.25|alpha_block=1.25|alpha_wait_spillover=1|rho_decay=0.94999999999999996|force_additive=0|enable_dual_channel=1|alpha_cong_commit_progress=1.25|alpha_cong_commit_nonprogress=1.25|alpha_cong_block=1.25|alpha_cong_wait_progress=1|alpha_cong_wait_nonprogress=1|alpha_flow_commit_progress=1|alpha_flow_wait_progress=0|rho_cong_decay=0.94999999999999996|rho_flow_decay=1|lambda_cong=1|lambda_flow=0|min_edge_cost=1|max_edge_cost=11|goal_projection_mode=flow_shield|flow_shield_beta=0.34999999999999998|max_flow_shield=0.75,1adae8b415a845e4
False,100,repair5g59_wait_conservative,True,maze-32-32-4|a100|s147|it0|repair5g518_batch_C_budget_2000ms_static_context,,-0.00846192135391,True,False,0,maze-32-32-4,repair5g518_batch_C_budget_2000ms_static_context,maze-32-32-4|a100|s147|it0|14650fb0739d0383,-0.0141861622698,False,False,127,True,16045,4018,766.9698,True,5120,1.27426580388,repair5g59_wait_conservative,maze-32-32-4-random-147.scen,phase5p5_repair5g54_counterfactual_update_probe_v1,147,2000,11647,14650fb0739d0383,alpha_commit=1.25|alpha_block=1.25|alpha_wait_spillover=0.5|rho_decay=0.94999999999999996|force_additive=0|enable_dual_channel=1|alpha_cong_commit_progress=1.25|alpha_cong_commit_nonprogress=1.25|alpha_cong_block=1.25|alpha_cong_wait_progress=0.5|alpha_cong_wait_nonprogress=0.5|alpha_flow_commit_progress=1|alpha_flow_wait_progress=0|rho_cong_decay=0.94999999999999996|rho_flow_decay=1|lambda_cong=1|lambda_flow=0|min_edge_cost=1|max_edge_cost=11|goal_projection_mode=flow_shield|flow_shield_beta=0.34999999999999998|max_flow_shield=0.75,421aa7c6efea31b2
False,100,repair5g518_grid_c1p20_b1p15_f1p00_w0p70_dc0p95_df1p00_beta0p60_max0p75_c0,True,maze-32-32-4|a100|s147|it0|repair5g518_batch_C_budget_2000ms_static_context,,0.0116973618716,True,False,0,maze-32-32-4,repair5g518_batch_C_budget_2000ms_static_context,maze-32-32-4|a100|s147|it0|14650fb0739d0383,-0.0141861622698,False,False,162,True,27703,4018,771.0774,True,5201,1.29442508711,repair5g518_grid_c1p20_b1p15_f1p00_w0p70_dc0p95_df1p00_beta0p60_max0p75_c0,maze-32-32-4-random-147.scen,phase5p5_repair5g54_counterfactual_update_probe_v1,147,2000,11647,14650fb0739d0383,alpha_commit=1.2|alpha_block=1.1499999999999999|alpha_wait_spillover=0.69999999999999996|rho_decay=0.94999999999999996|force_additive=0|enable_dual_channel=1|alpha_cong_commit_progress=1.2|alpha_cong_commit_nonprogress=1.2|alpha_cong_block=1.1499999999999999|alpha_cong_wait_progress=0.69999999999999996|alpha_cong_wait_nonprogress=0.69999999999999996|alpha_flow_commit_progress=1|alpha_flow_wait_progress=0|rho_cong_decay=0.94999999999999996|rho_flow_decay=1|lambda_cong=1|lambda_flow=0|min_edge_cost=1|max_edge_cost=11|goal_projection_mode=flow_shield|flow_shield_beta=0.59999999999999998|max_flow_shield=0.75,bd71bc939325964
False,100,repair5g518_grid_c1p20_b1p35_f1p00_w0p70_dc0p95_df1p00_beta0p55_max0p75_c0,True,maze-32-32-4|a100|s147|it0|repair5g518_batch_C_budget_2000ms_static_context,,-0.00199104031857,True,False,0,maze-32-32-4,repair5g518_batch_C_budget_2000ms_static_context,maze-32-32-4|a100|s147|it0|14650fb0739d0383,-0.0141861622698,False,False,107,True,10597,4018,675.5256,True,5146,1.28073668492,repair5g518_grid_c1p20_b1p35_f1p00_w0p70_dc0p95_df1p00_beta0p55_max0p75_c0,maze-32-32-4-random-147.scen,phase5p5_repair5g54_counterfactual_update_probe_v1,147,2000,11647,14650fb0739d0383,alpha_commit=1.2|alpha_block=1.3500000000000001|alpha_wait_spillover=0.69999999999999996|rho_decay=0.94999999999999996|force_additive=0|enable_dual_channel=1|alpha_cong_commit_progress=1.2|alpha_cong_commit_nonprogress=1.2|alpha_cong_block=1.3500000000000001|alpha_cong_wait_progress=0.69999999999999996|alpha_cong_wait_nonprogress=0.69999999999999996|alpha_flow_commit_progress=1|alpha_flow_wait_progress=0|rho_cong_decay=0.94999999999999996|rho_flow_decay=1|lambda_cong=1|lambda_flow=0|min_edge_cost=1|max_edge_cost=11|goal_projection_mode=flow_shield|flow_shield_beta=0.55000000000000004|max_flow_shield=0.75,64aae9147d013f06
False,100,repair5g518_grid_c1p35_b1p35_f1p00_w0p80_dc0p95_df1p00_beta0p25_max0p75_c0,True,maze-32-32-4|a100|s147|it0|repair5g518_batch_C_budget_2000ms_static_context,,0.0159283225485,True,False,0,maze-32-32-4,repair5g518_batch_C_budget_2000ms_static_context,maze-32-32-4|a100|s147|it0|14650fb0739d0383,-0.0141861622698,False,False,106,True,10500,4018,575.8602,True,5218,1.29865604778,repair5g518_grid_c1p35_b1p35_f1p00_w0p80_dc0p95_df1p00_beta0p25_max0p75_c0,maze-32-32-4-random-147.scen,phase5p5_repair5g54_counterfactual_update_probe_v1,147,2000,11647,14650fb0739d0383,alpha_commit=1.3500000000000001|alpha_block=1.3500000000000001|alpha_wait_spillover=0.80000000000000004|rho_decay=0.94999999999999996|force_additive=0|enable_dual_channel=1|alpha_cong_commit_progress=1.3500000000000001|alpha_cong_commit_nonprogress=1.3500000000000001|alpha_cong_block=1.3500000000000001|alpha_cong_wait_progress=0.80000000000000004|alpha_cong_wait_nonprogress=0.80000000000000004|alpha_flow_commit_progress=1|alpha_flow_wait_progress=0|rho_cong_decay=0.94999999999999996|rho_flow_decay=1|lambda_cong=1|lambda_flow=0|min_edge_cost=1|max_edge_cost=11|goal_projection_mode=flow_shield|flow_shield_beta=0.25|max_flow_shield=0.75,3d3823354692d4b7
False,100,repair5g518_grid_c1p20_b1p15_f1p00_w0p70_dc0p95_df1p00_beta0p55_max0p75_c0,True,maze-32-32-4|a100|s147|it0|repair5g518_batch_C_budget_2000ms_static_context,,0.030612244898,True,False,0,maze-32-32-4,repair5g518_batch_C_budget_2000ms_static_context,maze-32-32-4|a100|s147|it0|14650fb0739d0383,-0.0141861622698,False,False,106,True,10500,4018,572.8894,True,5277,1.31333997013,repair5g518_grid_c1p20_b1p15_f1p00_w0p70_dc0p95_df1p00_beta0p55_max0p75_c0,maze-32-32-4-random-147.scen,phase5p5_repair5g54_counterfactual_update_probe_v1,147,2000,11647,14650fb0739d0383,alpha_commit=1.2|alpha_block=1.1499999999999999|alpha_wait_spillover=0.69999999999999996|rho_decay=0.94999999999999996|force_additive=0|enable_dual_channel=1|alpha_cong_commit_progress=1.2|alpha_cong_commit_nonprogress=1.2|alpha_cong_block=1.1499999999999999|alpha_cong_wait_progress=0.69999999999999996|alpha_cong_wait_nonprogress=0.69999999999999996|alpha_flow_commit_progress=1|alpha_flow_wait_progress=0|rho_cong_decay=0.94999999999999996|rho_flow_decay=1|lambda_cong=1|lambda_flow=0|min_edge_cost=1|max_edge_cost=11|goal_projection_mode=flow_shield|flow_shield_beta=0.55000000000000004|max_flow_shield=0.75,c75a028b5f4a7c6a
False,100,repair5g518_grid_c1p35_b1p15_f1p00_w0p80_dc0p95_df1p00_beta0p25_max0p90_c0,True,maze-32-32-4|a100|s147|it0|repair5g518_batch_C_budget_2000ms_static_context,,0.0151816824291,True,False,0,maze-32-32-4,repair5g518_batch_C_budget_2000ms_static_context,maze-32-32-4|a100|s147|it0|14650fb0739d0383,-0.0141861622698,False,False,128,True,15451,4018,651.4355,True,5215,1.29790940767,repair5g518_grid_c1p35_b1p15_f1p00_w0p80_dc0p95_df1p00_beta0p25_max0p90_c0,maze-32-32-4-random-147.scen,phase5p5_repair5g54_counterfactual_update_probe_v1,147,2000,11647,14650fb0739d0383,alpha_commit=1.3500000000000001|alpha_block=1.1499999999999999|alpha_wait_spillover=0.80000000000000004|rho_decay=0.94999999999999996|force_additive=0|enable_dual_channel=1|alpha_cong_commit_progress=1.3500000000000001|alpha_cong_commit_nonprogress=1.3500000000000001|alpha_cong_block=1.1499999999999999|alpha_cong_wait_progress=0.80000000000000004|alpha_cong_wait_nonprogress=0.80000000000000004|alpha_flow_commit_progress=1|alpha_flow_wait_progress=0|rho_cong_decay=0.94999999999999996|rho_flow_decay=1|lambda_cong=1|lambda_flow=0|min_edge_cost=1|max_edge_cost=11|goal_projection_mode=flow_shield|flow_shield_beta=0.25|max_flow_shield=0.90000000000000002,c14a9259b35efe2c
False,100,repair5g518_grid_c1p20_b1p15_f1p00_w0p80_dc0p95_df1p00_beta0p25_max0p75_c0,True,maze-32-32-4|a100|s147|it0|repair5g518_batch_C_budget_2000ms_static_context,,0.0281234444998,True,False,0,maze-32-32-4,repair5g518_batch_C_budget_2000ms_static_context,maze-32-32-4|a100|s147|it0|14650fb0739d0383,-0.0141861622698,False,False,109,True,10800,4018,1342.2389,True,5267,1.31085116974,repair5g518_grid_c1p20_b1p15_f1p00_w0p80_dc0p95_df1p00_beta0p25_max0p75_c0,maze-32-32-4-random-147.scen,phase5p5_repair5g54_counterfactual_update_probe_v1,147,2000,11647,14650fb0739d0383,alpha_commit=1.2|alpha_block=1.1499999999999999|alpha_wait_spillover=0.80000000000000004|rho_decay=0.94999999999999996|force_additive=0|enable_dual_channel=1|alpha_cong_commit_progress=1.2|alpha_cong_commit_nonprogress=1.2|alpha_cong_block=1.1499999999999999|alpha_cong_wait_progress=0.80000000000000004|alpha_cong_wait_nonprogress=0.80000000000000004|alpha_flow_commit_progress=1|alpha_flow_wait_progress=0|rho_cong_decay=0.94999999999999996|rho_flow_decay=1|lambda_cong=1|lambda_flow=0|min_edge_cost=1|max_edge_cost=11|goal_projection_mode=flow_shield|flow_shield_beta=0.25|max_flow_shield=0.75,97751ce856647dd0
False,100,repair5g518_grid_c1p25_b1p25_f1p00_w0p60_dc0p95_df1p00_beta0p25_max1p00_c0,True,maze-32-32-4|a100|s147|it0|repair5g518_batch_C_budget_2000ms_static_context,,0.108760577402,True,False,0,maze-32-32-4,repair5g518_batch_C_budget_2000ms_static_context,maze-32-32-4|a100|s147|it0|14650fb0739d0383,-0.0141861622698,False,False,116,True,11499,4018,930.1773,True,5591,1.39148830264,repair5g518_grid_c1p25_b1p25_f1p00_w0p60_dc0p95_df1p00_beta0p25_max1p00_c0,maze-32-32-4-random-147.scen,phase5p5_repair5g54_counterfactual_update_probe_v1,147,2000,11647,14650fb0739d0383,alpha_commit=1.25|alpha_block=1.25|alpha_wait_spillover=0.59999999999999998|rho_decay=0.94999999999999996|force_additive=0|enable_dual_channel=1|alpha_cong_commit_progress=1.25|alpha_cong_commit_nonprogress=1.25|alpha_cong_block=1.25|alpha_cong_wait_progress=0.59999999999999998|alpha_cong_wait_nonprogress=0.59999999999999998|alpha_flow_commit_progress=1|alpha_flow_wait_progress=0|rho_cong_decay=0.94999999999999996|rho_flow_decay=1|lambda_cong=1|lambda_flow=0|min_edge_cost=1|max_edge_cost=11|goal_projection_mode=flow_shield|flow_shield_beta=0.25|max_flow_shield=1,bf6282b8805592a2
False,100,repair5g518_grid_c1p25_b1p25_f1p00_w0p60_dc0p95_df1p00_beta0p20_max1p00_c0,True,maze-32-32-4|a100|s147|it0|repair5g518_batch_C_budget_2000ms_static_context,,0.0380786460926,True,False,0,maze-32-32-4,repair5g518_batch_C_budget_2000ms_static_context,maze-32-32-4|a100|s147|it0|14650fb0739d0383,-0.0141861622698,False,False,119,True,11798,4018,923.6758,True,5307,1.32080637133,repair5g518_grid_c1p25_b1p25_f1p00_w0p60_dc0p95_df1p00_beta0p20_max1p00_c0,maze-32-32-4-random-147.scen,phase5p5_repair5g54_counterfactual_update_probe_v1,147,2000,11647,14650fb0739d0383,alpha_commit=1.25|alpha_block=1.25|alpha_wait_spillover=0.59999999999999998|rho_decay=0.94999999999999996|force_additive=0|enable_dual_channel=1|alpha_cong_commit_progress=1.25|alpha_cong_commit_nonprogress=1.25|alpha_cong_block=1.25|alpha_cong_wait_progress=0.59999999999999998|alpha_cong_wait_nonprogress=0.59999999999999998|alpha_flow_commit_progress=1|alpha_flow_wait_progress=0|rho_cong_decay=0.94999999999999996|rho_flow_decay=1|lambda_cong=1|lambda_flow=0|min_edge_cost=1|max_edge_cost=11|goal_projection_mode=flow_shield|flow_shield_beta=0.20000000000000001|max_flow_shield=1,2625f07ab5b8f9e2
False,100,repair5g59_additive_fallback,True,maze-32-32-4|a100|s148|it0|repair5g518_batch_C_budget_1000ms_static_context,0,0.136044880785,True,False,0,maze-32-32-4,repair5g518_batch_C_budget_1000ms_static_context,maze-32-32-4|a100|s148|it0|14650fb0739d0383,-0.070126227209,False,False,170,True,16900,4278,459.6365,True,6241,1.45885928004,repair5g59_additive_fallback,maze-32-32-4-random-148.scen,phase5p5_repair5g54_counterfactual_update_probe_v1,148,1000,16777,14650fb0739d0383,alpha_commit=1|alpha_block=1|alpha_wait_spillover=1|rho_decay=1|force_additive=1|enable_dual_channel=0|alpha_cong_commit_progress=0|alpha_cong_commit_nonprogress=1|alpha_cong_block=1|alpha_cong_wait_progress=1|alpha_cong_wait_nonprogress=1|alpha_flow_commit_progress=0|alpha_flow_wait_progress=0|rho_cong_decay=1|rho_flow_decay=1|lambda_cong=1|lambda_flow=0|min_edge_cost=0.25|max_edge_cost=11|goal_projection_mode=none|flow_shield_beta=0|max_flow_shield=0,35049bacad216c02
False,100,repair5g59_block_heavy_flow_guard,True,maze-32-32-4|a100|s148|it0|repair5g518_batch_C_budget_1000ms_static_context,-0.206171107994,-0.070126227209,True,True,0,maze-32-32-4,repair5g518_batch_C_budget_1000ms_static_context,maze-32-32-4|a100|s148|it0|14650fb0739d0383,-0.070126227209,False,False,105,True,10400,4278,561.4658,True,5359,1.25268817204,repair5g59_block_heavy_flow_guard,maze-32-32-4-random-148.scen,phase5p5_repair5g54_counterfactual_update_probe_v1,148,1000,16777,14650fb0739d0383,alpha_commit=1|alpha_block=1.5|alpha_wait_spillover=0.5|rho_decay=0.94999999999999996|force_additive=0|enable_dual_channel=1|alpha_cong_commit_progress=1|alpha_cong_commit_nonprogress=1|alpha_cong_block=1.5|alpha_cong_wait_progress=0.5|alpha_cong_wait_nonprogress=0.5|alpha_flow_commit_progress=1|alpha_flow_wait_progress=0|rho_cong_decay=0.94999999999999996|rho_flow_decay=1|lambda_cong=1|lambda_flow=0|min_edge_cost=1|max_edge_cost=11|goal_projection_mode=flow_shield|flow_shield_beta=0.34999999999999998|max_flow_shield=0.75,bb2a55cecde4524d
False,100,repair5g59_c_only_f_disabled,True,maze-32-32-4|a100|s148|it0|repair5g518_batch_C_budget_1000ms_static_context,-0.0294530154278,0.106591865358,True,False,0,maze-32-32-4,repair5g518_batch_C_budget_1000ms_static_context,maze-32-32-4|a100|s148|it0|14650fb0739d0383,-0.070126227209,False,False,167,True,16600,4278,709.7318,True,6115,1.42940626461,repair5g59_c_only_f_disabled,maze-32-32-4-random-148.scen,phase5p5_repair5g54_counterfactual_update_probe_v1,148,1000,16777,14650fb0739d0383,alpha_commit=1.25|alpha_block=1.25|alpha_wait_spillover=0.75|rho_decay=0.94999999999999996|force_additive=0|enable_dual_channel=1|alpha_cong_commit_progress=1.25|alpha_cong_commit_nonprogress=1.25|alpha_cong_block=1.25|alpha_cong_wait_progress=0.75|alpha_cong_wait_nonprogress=0.75|alpha_flow_commit_progress=0|alpha_flow_wait_progress=0|rho_cong_decay=0.94999999999999996|rho_flow_decay=1|lambda_cong=1|lambda_flow=0|min_edge_cost=0.25|max_edge_cost=11|goal_projection_mode=none|flow_shield_beta=0|max_flow_shield=0,6cf6b157bee71acd
False,100,repair5g59_commit_heavy_flow_guard,True,maze-32-32-4|a100|s148|it0|repair5g518_batch_C_budget_1000ms_static_context,-0.125759700795,0.0102851799906,True,False,0,maze-32-32-4,repair5g518_batch_C_budget_1000ms_static_context,maze-32-32-4|a100|s148|it0|14650fb0739d0383,-0.070126227209,False,False,157,True,15600,4278,886.9552,True,5703,1.33309957924,repair5g59_commit_heavy_flow_guard,maze-32-32-4-random-148.scen,phase5p5_repair5g54_counterfactual_update_probe_v1,148,1000,16777,14650fb0739d0383,alpha_commit=1.5|alpha_block=1|alpha_wait_spillover=0.75|rho_decay=0.94999999999999996|force_additive=0|enable_dual_channel=1|alpha_cong_commit_progress=1.5|alpha_cong_commit_nonprogress=1.5|alpha_cong_block=1|alpha_cong_wait_progress=0.75|alpha_cong_wait_nonprogress=0.75|alpha_flow_commit_progress=1|alpha_flow_wait_progress=0|rho_cong_decay=0.94999999999999996|rho_flow_decay=1|lambda_cong=1|lambda_flow=0|min_edge_cost=1|max_edge_cost=11|goal_projection_mode=flow_shield|flow_shield_beta=0.34999999999999998|max_flow_shield=0.75,3cd172c18b79c21
False,100,repair5g59_fast_decay_low_shield,True,maze-32-32-4|a100|s148|it0|repair5g518_batch_C_budget_1000ms_static_context,-0.0825151940159,0.0535296867695,True,False,0,maze-32-32-4,repair5g518_batch_C_budget_1000ms_static_context,maze-32-32-4|a100|s148|it0|14650fb0739d0383,-0.070126227209,False,False,160,True,15900,4278,890.3382,True,5888,1.37634408602,repair5g59_fast_decay_low_shield,maze-32-32-4-random-148.scen,phase5p5_repair5g54_counterfactual_update_probe_v1,148,1000,16777,14650fb0739d0383,alpha_commit=1.25|alpha_block=1.25|alpha_wait_spillover=0.75|rho_decay=0.90000000000000002|force_additive=0|enable_dual_channel=1|alpha_cong_commit_progress=1.25|alpha_cong_commit_nonprogress=1.25|alpha_cong_block=1.25|alpha_cong_wait_progress=0.75|alpha_cong_wait_nonprogress=0.75|alpha_flow_commit_progress=1|alpha_flow_wait_progress=0|rho_cong_decay=0.90000000000000002|rho_flow_decay=1|lambda_cong=1|lambda_flow=0|min_edge_cost=1|max_edge_cost=11|goal_projection_mode=flow_shield|flow_shield_beta=0.20000000000000001|max_flow_shield=0.5,3f2416d2709cdc46
False,100,repair5g59_flow_decay,True,maze-32-32-4|a100|s148|it0|repair5g518_batch_C_budget_1000ms_static_context,-0.136044880785,0,True,False,0,maze-32-32-4,repair5g518_batch_C_budget_1000ms_static_context,maze-32-32-4|a100|s148|it0|14650fb0739d0383,-0.070126227209,False,False,155,True,15400,4278,880.1394,True,5659,1.32281439925,repair5g59_flow_decay,maze-32-32-4-random-148.scen,phase5p5_repair5g54_counterfactual_update_probe_v1,148,1000,16777,14650fb0739d0383,alpha_commit=1.25|alpha_block=1.25|alpha_wait_spillover=0.75|rho_decay=0.94999999999999996|force_additive=0|enable_dual_channel=1|alpha_cong_commit_progress=1.25|alpha_cong_commit_nonprogress=1.25|alpha_cong_block=1.25|alpha_cong_wait_progress=0.75|alpha_cong_wait_nonprogress=0.75|alpha_flow_commit_progress=1|alpha_flow_wait_progress=0|rho_cong_decay=0.94999999999999996|rho_flow_decay=0.94999999999999996|lambda_cong=1|lambda_flow=0|min_edge_cost=1|max_edge_cost=11|goal_projection_mode=flow_shield|flow_shield_beta=0.34999999999999998|max_flow_shield=0.75,f091bb5344ed5c8f
False,100,repair5g59_high_beta_cap_safe,True,maze-32-32-4|a100|s148|it0|repair5g518_batch_C_budget_1000ms_static_context,-0.145862552595,-0.00981767180926,True,False,0,maze-32-32-4,repair5g518_batch_C_budget_1000ms_static_context,maze-32-32-4|a100|s148|it0|14650fb0739d0383,-0.070126227209,False,False,153,True,15200,4278,869.5216,True,5617,1.31299672744,repair5g59_high_beta_cap_safe,maze-32-32-4-random-148.scen,phase5p5_repair5g54_counterfactual_update_probe_v1,148,1000,16777,14650fb0739d0383,alpha_commit=1.25|alpha_block=1.25|alpha_wait_spillover=0.75|rho_decay=0.94999999999999996|force_additive=0|enable_dual_channel=1|alpha_cong_commit_progress=1.25|alpha_cong_commit_nonprogress=1.25|alpha_cong_block=1.25|alpha_cong_wait_progress=0.75|alpha_cong_wait_nonprogress=0.75|alpha_flow_commit_progress=1|alpha_flow_wait_progress=0|rho_cong_decay=0.94999999999999996|rho_flow_decay=1|lambda_cong=1|lambda_flow=0|min_edge_cost=1|max_edge_cost=11|goal_projection_mode=flow_shield|flow_shield_beta=0.59999999999999998|max_flow_shield=0.75,fbcf27bf34de68c
False,100,repair5g59_light_cong_light_flow,True,maze-32-32-4|a100|s148|it0|repair5g518_batch_C_budget_1000ms_static_context,-0.0860215053763,0.0500233754091,True,False,0,maze-32-32-4,repair5g518_batch_C_budget_1000ms_static_context,maze-32-32-4|a100|s148|it0|14650fb0739d0383,-0.070126227209,False,False,164,True,16300,4278,887.0705,True,5873,1.37283777466,repair5g59_light_cong_light_flow,maze-32-32-4-random-148.scen,phase5p5_repair5g54_counterfactual_update_probe_v1,148,1000,16777,14650fb0739d0383,alpha_commit=1|alpha_block=1|alpha_wait_spillover=0.75|rho_decay=0.97999999999999998|force_additive=0|enable_dual_channel=1|alpha_cong_commit_progress=1|alpha_cong_commit_nonprogress=1|alpha_cong_block=1|alpha_cong_wait_progress=0.75|alpha_cong_wait_nonprogress=0.75|alpha_flow_commit_progress=0.75|alpha_flow_wait_progress=0|rho_cong_decay=0.97999999999999998|rho_flow_decay=1|lambda_cong=1|lambda_flow=0|min_edge_cost=1|max_edge_cost=11|goal_projection_mode=flow_shield|flow_shield_beta=0.25|max_flow_shield=0.5,15be9d4820cb1154
False,100,repair5g59_low_beta_high_cap,True,maze-32-32-4|a100|s148|it0|repair5g518_batch_C_budget_1000ms_static_context,-0.128097241702,0.00794763908368,True,False,0,maze-32-32-4,repair5g518_batch_C_budget_1000ms_static_context,maze-32-32-4|a100|s148|it0|14650fb0739d0383,-0.070126227209,False,False,150,True,14900,4278,872.2415,True,5693,1.33076203834,repair5g59_low_beta_high_cap,maze-32-32-4-random-148.scen,phase5p5_repair5g54_counterfactual_update_probe_v1,148,1000,16777,14650fb0739d0383,alpha_commit=1.25|alpha_block=1.25|alpha_wait_spillover=0.75|rho_decay=0.94999999999999996|force_additive=0|enable_dual_channel=1|alpha_cong_commit_progress=1.25|alpha_cong_commit_nonprogress=1.25|alpha_cong_block=1.25|alpha_cong_wait_progress=0.75|alpha_cong_wait_nonprogress=0.75|alpha_flow_commit_progress=1|alpha_flow_wait_progress=0|rho_cong_decay=0.94999999999999996|rho_flow_decay=1|lambda_cong=1|lambda_flow=0|min_edge_cost=1|max_edge_cost=11|goal_projection_mode=flow_shield|flow_shield_beta=0.20000000000000001|max_flow_shield=1.25,5b1c2a7ba7dd48cb
False,100,repair5g59_slow_decay_high_shield,True,maze-32-32-4|a100|s148|it0|repair5g518_batch_C_budget_1000ms_static_context,-0.0537634408602,0.0822814399252,True,False,0,maze-32-32-4,repair5g518_batch_C_budget_1000ms_static_context,maze-32-32-4|a100|s148|it0|14650fb0739d0383,-0.070126227209,False,False,152,True,15100,4278,809.8406,True,6011,1.40509583918,repair5g59_slow_decay_high_shield,maze-32-32-4-random-148.scen,phase5p5_repair5g54_counterfactual_update_probe_v1,148,1000,16777,14650fb0739d0383,alpha_commit=1.25|alpha_block=1.25|alpha_wait_spillover=0.75|rho_decay=0.97999999999999998|force_additive=0|enable_dual_channel=1|alpha_cong_commit_progress=1.25|alpha_cong_commit_nonprogress=1.25|alpha_cong_block=1.25|alpha_cong_wait_progress=0.75|alpha_cong_wait_nonprogress=0.75|alpha_flow_commit_progress=1|alpha_flow_wait_progress=0|rho_cong_decay=0.97999999999999998|rho_flow_decay=1|lambda_cong=1|lambda_flow=0|min_edge_cost=1|max_edge_cost=11|goal_projection_mode=flow_shield|flow_shield_beta=0.5|max_flow_shield=1,15da3e1ec294f75e
False,100,repair5g59_static_abstain_candidate,True,maze-32-32-4|a100|s148|it0|repair5g518_batch_C_budget_1000ms_static_context,-0.136044880785,0,True,False,0,maze-32-32-4,repair5g518_batch_C_budget_1000ms_static_context,maze-32-32-4|a100|s148|it0|14650fb0739d0383,-0.070126227209,False,False,155,True,15400,4278,771.0413,True,5659,1.32281439925,repair5g59_static_abstain_candidate,maze-32-32-4-random-148.scen,phase5p5_repair5g54_counterfactual_update_probe_v1,148,1000,16777,14650fb0739d0383,alpha_commit=1.25|alpha_block=1.25|alpha_wait_spillover=0.75|rho_decay=0.94999999999999996|force_additive=0|enable_dual_channel=1|alpha_cong_commit_progress=1.25|alpha_cong_commit_nonprogress=1.25|alpha_cong_block=1.25|alpha_cong_wait_progress=0.75|alpha_cong_wait_nonprogress=0.75|alpha_flow_commit_progress=1|alpha_flow_wait_progress=0|rho_cong_decay=0.94999999999999996|rho_flow_decay=1|lambda_cong=1|lambda_flow=0|min_edge_cost=1|max_edge_cost=11|goal_projection_mode=flow_shield|flow_shield_beta=0.34999999999999998|max_flow_shield=0.75,29737bed70c56f0d
False,100,repair5g59_static_flow_shield,True,maze-32-32-4|a100|s148|it0|repair5g518_batch_C_budget_1000ms_static_context,-0.136044880785,0,True,False,0,maze-32-32-4,repair5g518_batch_C_budget_1000ms_static_context,maze-32-32-4|a100|s148|it0|14650fb0739d0383,-0.070126227209,False,False,155,True,15400,4278,758.4623,True,5659,1.32281439925,repair5g59_static_flow_shield,maze-32-32-4-random-148.scen,phase5p5_repair5g54_counterfactual_update_probe_v1,148,1000,16777,14650fb0739d0383,alpha_commit=1.25|alpha_block=1.25|alpha_wait_spillover=0.75|rho_decay=0.94999999999999996|force_additive=0|enable_dual_channel=1|alpha_cong_commit_progress=1.25|alpha_cong_commit_nonprogress=1.25|alpha_cong_block=1.25|alpha_cong_wait_progress=0.75|alpha_cong_wait_nonprogress=0.75|alpha_flow_commit_progress=1|alpha_flow_wait_progress=0|rho_cong_decay=0.94999999999999996|rho_flow_decay=1|lambda_cong=1|lambda_flow=0|min_edge_cost=1|max_edge_cost=11|goal_projection_mode=flow_shield|flow_shield_beta=0.34999999999999998|max_flow_shield=0.75,29737bed70c56f0d
False,100,repair5g59_wait_aggressive,True,maze-32-32-4|a100|s148|it0|repair5g518_batch_C_budget_1000ms_static_context,-0.128330995792,0.00771388499299,True,False,0,maze-32-32-4,repair5g518_batch_C_budget_1000ms_static_context,maze-32-32-4|a100|s148|it0|14650fb0739d0383,-0.070126227209,False,False,157,True,15600,4278,679.9992,True,5692,1.33052828424,repair5g59_wait_aggressive,maze-32-32-4-random-148.scen,phase5p5_repair5g54_counterfactual_update_probe_v1,148,1000,16777,14650fb0739d0383,alpha_commit=1.25|alpha_block=1.25|alpha_wait_spillover=1|rho_decay=0.94999999999999996|force_additive=0|enable_dual_channel=1|alpha_cong_commit_progress=1.25|alpha_cong_commit_nonprogress=1.25|alpha_cong_block=1.25|alpha_cong_wait_progress=1|alpha_cong_wait_nonprogress=1|alpha_flow_commit_progress=1|alpha_flow_wait_progress=0|rho_cong_decay=0.94999999999999996|rho_flow_decay=1|lambda_cong=1|lambda_flow=0|min_edge_cost=1|max_edge_cost=11|goal_projection_mode=flow_shield|flow_shield_beta=0.34999999999999998|max_flow_shield=0.75,1adae8b415a845e4
False,100,repair5g59_wait_conservative,True,maze-32-32-4|a100|s148|it0|repair5g518_batch_C_budget_1000ms_static_context,-0.12739597943,0.00864890135577,True,False,0,maze-32-32-4,repair5g518_batch_C_budget_1000ms_static_context,maze-32-32-4|a100|s148|it0|14650fb0739d0383,-0.070126227209,False,False,159,True,15800,4278,746.2647,True,5696,1.33146330061,repair5g59_wait_conservative,maze-32-32-4-random-148.scen,phase5p5_repair5g54_counterfactual_update_probe_v1,148,1000,16777,14650fb0739d0383,alpha_commit=1.25|alpha_block=1.25|alpha_wait_spillover=0.5|rho_decay=0.94999999999999996|force_additive=0|enable_dual_channel=1|alpha_cong_commit_progress=1.25|alpha_cong_commit_nonprogress=1.25|alpha_cong_block=1.25|alpha_cong_wait_progress=0.5|alpha_cong_wait_nonprogress=0.5|alpha_flow_commit_progress=1|alpha_flow_wait_progress=0|rho_cong_decay=0.94999999999999996|rho_flow_decay=1|lambda_cong=1|lambda_flow=0|min_edge_cost=1|max_edge_cost=11|goal_projection_mode=flow_shield|flow_shield_beta=0.34999999999999998|max_flow_shield=0.75,421aa7c6efea31b2
False,100,repair5g518_grid_c1p20_b1p15_f1p00_w0p70_dc0p95_df1p00_beta0p60_max0p75_c0,True,maze-32-32-4|a100|s148|it0|repair5g518_batch_C_budget_1000ms_static_context,-0.134876110332,0.00116877045348,True,False,0,maze-32-32-4,repair5g518_batch_C_budget_1000ms_static_context,maze-32-32-4|a100|s148|it0|14650fb0739d0383,-0.070126227209,False,False,146,True,14500,4278,730.7202,True,5664,1.32398316971,repair5g518_grid_c1p20_b1p15_f1p00_w0p70_dc0p95_df1p00_beta0p60_max0p75_c0,maze-32-32-4-random-148.scen,phase5p5_repair5g54_counterfactual_update_probe_v1,148,1000,16777,14650fb0739d0383,alpha_commit=1.2|alpha_block=1.1499999999999999|alpha_wait_spillover=0.69999999999999996|rho_decay=0.94999999999999996|force_additive=0|enable_dual_channel=1|alpha_cong_commit_progress=1.2|alpha_cong_commit_nonprogress=1.2|alpha_cong_block=1.1499999999999999|alpha_cong_wait_progress=0.69999999999999996|alpha_cong_wait_nonprogress=0.69999999999999996|alpha_flow_commit_progress=1|alpha_flow_wait_progress=0|rho_cong_decay=0.94999999999999996|rho_flow_decay=1|lambda_cong=1|lambda_flow=0|min_edge_cost=1|max_edge_cost=11|goal_projection_mode=flow_shield|flow_shield_beta=0.59999999999999998|max_flow_shield=0.75,bd71bc939325964
False,100,repair5g518_grid_c1p20_b1p35_f1p00_w0p70_dc0p95_df1p00_beta0p55_max0p75_c0,True,maze-32-32-4|a100|s148|it0|repair5g518_batch_C_budget_1000ms_static_context,-0.134408602151,0.00163627863488,True,False,0,maze-32-32-4,repair5g518_batch_C_budget_1000ms_static_context,maze-32-32-4|a100|s148|it0|14650fb0739d0383,-0.070126227209,False,False,153,True,15200,4278,666.5324,True,5666,1.32445067789,repair5g518_grid_c1p20_b1p35_f1p00_w0p70_dc0p95_df1p00_beta0p55_max0p75_c0,maze-32-32-4-random-148.scen,phase5p5_repair5g54_counterfactual_update_probe_v1,148,1000,16777,14650fb0739d0383,alpha_commit=1.2|alpha_block=1.3500000000000001|alpha_wait_spillover=0.69999999999999996|rho_decay=0.94999999999999996|force_additive=0|enable_dual_channel=1|alpha_cong_commit_progress=1.2|alpha_cong_commit_nonprogress=1.2|alpha_cong_block=1.3500000000000001|alpha_cong_wait_progress=0.69999999999999996|alpha_cong_wait_nonprogress=0.69999999999999996|alpha_flow_commit_progress=1|alpha_flow_wait_progress=0|rho_cong_decay=0.94999999999999996|rho_flow_decay=1|lambda_cong=1|lambda_flow=0|min_edge_cost=1|max_edge_cost=11|goal_projection_mode=flow_shield|flow_shield_beta=0.55000000000000004|max_flow_shield=0.75,64aae9147d013f06
False,100,repair5g518_grid_c1p35_b1p35_f1p00_w0p80_dc0p95_df1p00_beta0p25_max0p75_c0,True,maze-32-32-4|a100|s148|it0|repair5g518_batch_C_budget_1000ms_static_context,-0.125759700795,0.0102851799906,True,False,0,maze-32-32-4,repair5g518_batch_C_budget_1000ms_static_context,maze-32-32-4|a100|s148|it0|14650fb0739d0383,-0.070126227209,False,False,159,True,15800,4278,656.9187,True,5703,1.33309957924,repair5g518_grid_c1p35_b1p35_f1p00_w0p80_dc0p95_df1p00_beta0p25_max0p75_c0,maze-32-32-4-random-148.scen,phase5p5_repair5g54_counterfactual_update_probe_v1,148,1000,16777,14650fb0739d0383,alpha_commit=1.3500000000000001|alpha_block=1.3500000000000001|alpha_wait_spillover=0.80000000000000004|rho_decay=0.94999999999999996|force_additive=0|enable_dual_channel=1|alpha_cong_commit_progress=1.3500000000000001|alpha_cong_commit_nonprogress=1.3500000000000001|alpha_cong_block=1.3500000000000001|alpha_cong_wait_progress=0.80000000000000004|alpha_cong_wait_nonprogress=0.80000000000000004|alpha_flow_commit_progress=1|alpha_flow_wait_progress=0|rho_cong_decay=0.94999999999999996|rho_flow_decay=1|lambda_cong=1|lambda_flow=0|min_edge_cost=1|max_edge_cost=11|goal_projection_mode=flow_shield|flow_shield_beta=0.25|max_flow_shield=0.75,3d3823354692d4b7
False,100,repair5g518_grid_c1p20_b1p15_f1p00_w0p70_dc0p95_df1p00_beta0p55_max0p75_c0,True,maze-32-32-4|a100|s148|it0|repair5g518_batch_C_budget_1000ms_static_context,-0.167601683029,-0.031556802244,True,False,0,maze-32-32-4,repair5g518_batch_C_budget_1000ms_static_context,maze-32-32-4|a100|s148|it0|14650fb0739d0383,-0.070126227209,False,False,112,True,11100,4278,606.7773,True,5524,1.29125759701,repair5g518_grid_c1p20_b1p15_f1p00_w0p70_dc0p95_df1p00_beta0p55_max0p75_c0,maze-32-32-4-random-148.scen,phase5p5_repair5g54_counterfactual_update_probe_v1,148,1000,16777,14650fb0739d0383,alpha_commit=1.2|alpha_block=1.1499999999999999|alpha_wait_spillover=0.69999999999999996|rho_decay=0.94999999999999996|force_additive=0|enable_dual_channel=1|alpha_cong_commit_progress=1.2|alpha_cong_commit_nonprogress=1.2|alpha_cong_block=1.1499999999999999|alpha_cong_wait_progress=0.69999999999999996|alpha_cong_wait_nonprogress=0.69999999999999996|alpha_flow_commit_progress=1|alpha_flow_wait_progress=0|rho_cong_decay=0.94999999999999996|rho_flow_decay=1|lambda_cong=1|lambda_flow=0|min_edge_cost=1|max_edge_cost=11|goal_projection_mode=flow_shield|flow_shield_beta=0.55000000000000004|max_flow_shield=0.75,c75a028b5f4a7c6a
False,100,repair5g518_grid_c1p35_b1p15_f1p00_w0p80_dc0p95_df1p00_beta0p25_max0p90_c0,True,maze-32-32-4|a100|s148|it0|repair5g518_batch_C_budget_1000ms_static_context,-0.111266947172,0.0247779336138,True,False,0,maze-32-32-4,repair5g518_batch_C_budget_1000ms_static_context,maze-32-32-4|a100|s148|it0|14650fb0739d0383,-0.070126227209,False,False,108,True,10700,4278,599.2437,True,5765,1.34759233287,repair5g518_grid_c1p35_b1p15_f1p00_w0p80_dc0p95_df1p00_beta0p25_max0p90_c0,maze-32-32-4-random-148.scen,phase5p5_repair5g54_counterfactual_update_probe_v1,148,1000,16777,14650fb0739d0383,alpha_commit=1.3500000000000001|alpha_block=1.1499999999999999|alpha_wait_spillover=0.80000000000000004|rho_decay=0.94999999999999996|force_additive=0|enable_dual_channel=1|alpha_cong_commit_progress=1.3500000000000001|alpha_cong_commit_nonprogress=1.3500000000000001|alpha_cong_block=1.1499999999999999|alpha_cong_wait_progress=0.80000000000000004|alpha_cong_wait_nonprogress=0.80000000000000004|alpha_flow_commit_progress=1|alpha_flow_wait_progress=0|rho_cong_decay=0.94999999999999996|rho_flow_decay=1|lambda_cong=1|lambda_flow=0|min_edge_cost=1|max_edge_cost=11|goal_projection_mode=flow_shield|flow_shield_beta=0.25|max_flow_shield=0.90000000000000002,c14a9259b35efe2c
False,100,repair5g518_grid_c1p20_b1p15_f1p00_w0p80_dc0p95_df1p00_beta0p25_max0p75_c0,True,maze-32-32-4|a100|s148|it0|repair5g518_batch_C_budget_1000ms_static_context,-0.123655913978,0.0123889668069,True,False,0,maze-32-32-4,repair5g518_batch_C_budget_1000ms_static_context,maze-32-32-4|a100|s148|it0|14650fb0739d0383,-0.070126227209,False,False,157,True,15600,4278,635.433,True,5712,1.33520336606,repair5g518_grid_c1p20_b1p15_f1p00_w0p80_dc0p95_df1p00_beta0p25_max0p75_c0,maze-32-32-4-random-148.scen,phase5p5_repair5g54_counterfactual_update_probe_v1,148,1000,16777,14650fb0739d0383,alpha_commit=1.2|alpha_block=1.1499999999999999|alpha_wait_spillover=0.80000000000000004|rho_decay=0.94999999999999996|force_additive=0|enable_dual_channel=1|alpha_cong_commit_progress=1.2|alpha_cong_commit_nonprogress=1.2|alpha_cong_block=1.1499999999999999|alpha_cong_wait_progress=0.80000000000000004|alpha_cong_wait_nonprogress=0.80000000000000004|alpha_flow_commit_progress=1|alpha_flow_wait_progress=0|rho_cong_decay=0.94999999999999996|rho_flow_decay=1|lambda_cong=1|lambda_flow=0|min_edge_cost=1|max_edge_cost=11|goal_projection_mode=flow_shield|flow_shield_beta=0.25|max_flow_shield=0.75,97751ce856647dd0
False,100,repair5g518_grid_c1p25_b1p25_f1p00_w0p60_dc0p95_df1p00_beta0p25_max1p00_c0,True,maze-32-32-4|a100|s148|it0|repair5g518_batch_C_budget_1000ms_static_context,-0.033894343151,0.102150537634,True,False,0,maze-32-32-4,repair5g518_batch_C_budget_1000ms_static_context,maze-32-32-4|a100|s148|it0|14650fb0739d0383,-0.070126227209,False,False,167,True,16600,4278,603.5914,True,6096,1.42496493689,repair5g518_grid_c1p25_b1p25_f1p00_w0p60_dc0p95_df1p00_beta0p25_max1p00_c0,maze-32-32-4-random-148.scen,phase5p5_repair5g54_counterfactual_update_probe_v1,148,1000,16777,14650fb0739d0383,alpha_commit=1.25|alpha_block=1.25|alpha_wait_spillover=0.59999999999999998|rho_decay=0.94999999999999996|force_additive=0|enable_dual_channel=1|alpha_cong_commit_progress=1.25|alpha_cong_commit_nonprogress=1.25|alpha_cong_block=1.25|alpha_cong_wait_progress=0.59999999999999998|alpha_cong_wait_nonprogress=0.59999999999999998|alpha_flow_commit_progress=1|alpha_flow_wait_progress=0|rho_cong_decay=0.94999999999999996|rho_flow_decay=1|lambda_cong=1|lambda_flow=0|min_edge_cost=1|max_edge_cost=11|goal_projection_mode=flow_shield|flow_shield_beta=0.25|max_flow_shield=1,bf6282b8805592a2
False,100,repair5g518_grid_c1p25_b1p25_f1p00_w0p60_dc0p95_df1p00_beta0p20_max1p00_c0,True,maze-32-32-4|a100|s148|it0|repair5g518_batch_C_budget_1000ms_static_context,-0.112201963534,0.0238429172511,True,False,0,maze-32-32-4,repair5g518_batch_C_budget_1000ms_static_context,maze-32-32-4|a100|s148|it0|14650fb0739d0383,-0.070126227209,False,False,149,True,14800,4278,571.2077,True,5761,1.3466573165,repair5g518_grid_c1p25_b1p25_f1p00_w0p60_dc0p95_df1p00_beta0p20_max1p00_c0,maze-32-32-4-random-148.scen,phase5p5_repair5g54_counterfactual_update_probe_v1,148,1000,16777,14650fb0739d0383,alpha_commit=1.25|alpha_block=1.25|alpha_wait_spillover=0.59999999999999998|rho_decay=0.94999999999999996|force_additive=0|enable_dual_channel=1|alpha_cong_commit_progress=1.25|alpha_cong_commit_nonprogress=1.25|alpha_cong_block=1.25|alpha_cong_wait_progress=0.59999999999999998|alpha_cong_wait_nonprogress=0.59999999999999998|alpha_flow_commit_progress=1|alpha_flow_wait_progress=0|rho_cong_decay=0.94999999999999996|rho_flow_decay=1|lambda_cong=1|lambda_flow=0|min_edge_cost=1|max_edge_cost=11|goal_projection_mode=flow_shield|flow_shield_beta=0.20000000000000001|max_flow_shield=1,2625f07ab5b8f9e2
False,100,repair5g59_additive_fallback,True,maze-32-32-4|a100|s148|it0|repair5g518_batch_C_budget_2000ms_static_context,0,0.136044880785,True,False,0,maze-32-32-4,repair5g518_batch_C_budget_2000ms_static_context,maze-32-32-4|a100|s148|it0|14650fb0739d0383,-0.070126227209,False,False,170,True,16900,4278,421.8582,True,6241,1.45885928004,repair5g59_additive_fallback,maze-32-32-4-random-148.scen,phase5p5_repair5g54_counterfactual_update_probe_v1,148,2000,16777,14650fb0739d0383,alpha_commit=1|alpha_block=1|alpha_wait_spillover=1|rho_decay=1|force_additive=1|enable_dual_channel=0|alpha_cong_commit_progress=0|alpha_cong_commit_nonprogress=1|alpha_cong_block=1|alpha_cong_wait_progress=1|alpha_cong_wait_nonprogress=1|alpha_flow_commit_progress=0|alpha_flow_wait_progress=0|rho_cong_decay=1|rho_flow_decay=1|lambda_cong=1|lambda_flow=0|min_edge_cost=0.25|max_edge_cost=11|goal_projection_mode=none|flow_shield_beta=0|max_flow_shield=0,35049bacad216c02
False,100,repair5g59_block_heavy_flow_guard,True,maze-32-32-4|a100|s148|it0|repair5g518_batch_C_budget_2000ms_static_context,-0.206171107994,-0.070126227209,True,True,0,maze-32-32-4,repair5g518_batch_C_budget_2000ms_static_context,maze-32-32-4|a100|s148|it0|14650fb0739d0383,-0.070126227209,False,False,105,True,10400,4278,530.7838,True,5359,1.25268817204,repair5g59_block_heavy_flow_guard,maze-32-32-4-random-148.scen,phase5p5_repair5g54_counterfactual_update_probe_v1,148,2000,16777,14650fb0739d0383,alpha_commit=1|alpha_block=1.5|alpha_wait_spillover=0.5|rho_decay=0.94999999999999996|force_additive=0|enable_dual_channel=1|alpha_cong_commit_progress=1|alpha_cong_commit_nonprogress=1|alpha_cong_block=1.5|alpha_cong_wait_progress=0.5|alpha_cong_wait_nonprogress=0.5|alpha_flow_commit_progress=1|alpha_flow_wait_progress=0|rho_cong_decay=0.94999999999999996|rho_flow_decay=1|lambda_cong=1|lambda_flow=0|min_edge_cost=1|max_edge_cost=11|goal_projection_mode=flow_shield|flow_shield_beta=0.34999999999999998|max_flow_shield=0.75,bb2a55cecde4524d
False,100,repair5g59_c_only_f_disabled,True,maze-32-32-4|a100|s148|it0|repair5g518_batch_C_budget_2000ms_static_context,-0.0294530154278,0.106591865358,True,False,0,maze-32-32-4,repair5g518_batch_C_budget_2000ms_static_context,maze-32-32-4|a100|s148|it0|14650fb0739d0383,-0.070126227209,False,False,167,True,16600,4278,526.1201,True,6115,1.42940626461,repair5g59_c_only_f_disabled,maze-32-32-4-random-148.scen,phase5p5_repair5g54_counterfactual_update_probe_v1,148,2000,16777,14650fb0739d0383,alpha_commit=1.25|alpha_block=1.25|alpha_wait_spillover=0.75|rho_decay=0.94999999999999996|force_additive=0|enable_dual_channel=1|alpha_cong_commit_progress=1.25|alpha_cong_commit_nonprogress=1.25|alpha_cong_block=1.25|alpha_cong_wait_progress=0.75|alpha_cong_wait_nonprogress=0.75|alpha_flow_commit_progress=0|alpha_flow_wait_progress=0|rho_cong_decay=0.94999999999999996|rho_flow_decay=1|lambda_cong=1|lambda_flow=0|min_edge_cost=0.25|max_edge_cost=11|goal_projection_mode=none|flow_shield_beta=0|max_flow_shield=0,6cf6b157bee71acd
False,100,repair5g59_commit_heavy_flow_guard,True,maze-32-32-4|a100|s148|it0|repair5g518_batch_C_budget_2000ms_static_context,-0.125759700795,0.0102851799906,True,False,0,maze-32-32-4,repair5g518_batch_C_budget_2000ms_static_context,maze-32-32-4|a100|s148|it0|14650fb0739d0383,-0.070126227209,False,False,157,True,15600,4278,630.2257,True,5703,1.33309957924,repair5g59_commit_heavy_flow_guard,maze-32-32-4-random-148.scen,phase5p5_repair5g54_counterfactual_update_probe_v1,148,2000,16777,14650fb0739d0383,alpha_commit=1.5|alpha_block=1|alpha_wait_spillover=0.75|rho_decay=0.94999999999999996|force_additive=0|enable_dual_channel=1|alpha_cong_commit_progress=1.5|alpha_cong_commit_nonprogress=1.5|alpha_cong_block=1|alpha_cong_wait_progress=0.75|alpha_cong_wait_nonprogress=0.75|alpha_flow_commit_progress=1|alpha_flow_wait_progress=0|rho_cong_decay=0.94999999999999996|rho_flow_decay=1|lambda_cong=1|lambda_flow=0|min_edge_cost=1|max_edge_cost=11|goal_projection_mode=flow_shield|flow_shield_beta=0.34999999999999998|max_flow_shield=0.75,3cd172c18b79c21
False,100,repair5g59_fast_decay_low_shield,True,maze-32-32-4|a100|s148|it0|repair5g518_batch_C_budget_2000ms_static_context,-0.0825151940159,0.0535296867695,True,False,0,maze-32-32-4,repair5g518_batch_C_budget_2000ms_static_context,maze-32-32-4|a100|s148|it0|14650fb0739d0383,-0.070126227209,False,False,160,True,15900,4278,734.7137,True,5888,1.37634408602,repair5g59_fast_decay_low_shield,maze-32-32-4-random-148.scen,phase5p5_repair5g54_counterfactual_update_probe_v1,148,2000,16777,14650fb0739d0383,alpha_commit=1.25|alpha_block=1.25|alpha_wait_spillover=0.75|rho_decay=0.90000000000000002|force_additive=0|enable_dual_channel=1|alpha_cong_commit_progress=1.25|alpha_cong_commit_nonprogress=1.25|alpha_cong_block=1.25|alpha_cong_wait_progress=0.75|alpha_cong_wait_nonprogress=0.75|alpha_flow_commit_progress=1|alpha_flow_wait_progress=0|rho_cong_decay=0.90000000000000002|rho_flow_decay=1|lambda_cong=1|lambda_flow=0|min_edge_cost=1|max_edge_cost=11|goal_projection_mode=flow_shield|flow_shield_beta=0.20000000000000001|max_flow_shield=0.5,3f2416d2709cdc46
False,100,repair5g59_flow_decay,True,maze-32-32-4|a100|s148|it0|repair5g518_batch_C_budget_2000ms_static_context,-0.136044880785,0,True,False,0,maze-32-32-4,repair5g518_batch_C_budget_2000ms_static_context,maze-32-32-4|a100|s148|it0|14650fb0739d0383,-0.070126227209,False,False,155,True,15400,4278,838.8489,True,5659,1.32281439925,repair5g59_flow_decay,maze-32-32-4-random-148.scen,phase5p5_repair5g54_counterfactual_update_probe_v1,148,2000,16777,14650fb0739d0383,alpha_commit=1.25|alpha_block=1.25|alpha_wait_spillover=0.75|rho_decay=0.94999999999999996|force_additive=0|enable_dual_channel=1|alpha_cong_commit_progress=1.25|alpha_cong_commit_nonprogress=1.25|alpha_cong_block=1.25|alpha_cong_wait_progress=0.75|alpha_cong_wait_nonprogress=0.75|alpha_flow_commit_progress=1|alpha_flow_wait_progress=0|rho_cong_decay=0.94999999999999996|rho_flow_decay=0.94999999999999996|lambda_cong=1|lambda_flow=0|min_edge_cost=1|max_edge_cost=11|goal_projection_mode=flow_shield|flow_shield_beta=0.34999999999999998|max_flow_shield=0.75,f091bb5344ed5c8f
False,100,repair5g59_high_beta_cap_safe,True,maze-32-32-4|a100|s148|it0|repair5g518_batch_C_budget_2000ms_static_context,-0.145862552595,-0.00981767180926,True,False,0,maze-32-32-4,repair5g518_batch_C_budget_2000ms_static_context,maze-32-32-4|a100|s148|it0|14650fb0739d0383,-0.070126227209,False,False,153,True,15200,4278,731.4405,True,5617,1.31299672744,repair5g59_high_beta_cap_safe,maze-32-32-4-random-148.scen,phase5p5_repair5g54_counterfactual_update_probe_v1,148,2000,16777,14650fb0739d0383,alpha_commit=1.25|alpha_block=1.25|alpha_wait_spillover=0.75|rho_decay=0.94999999999999996|force_additive=0|enable_dual_channel=1|alpha_cong_commit_progress=1.25|alpha_cong_commit_nonprogress=1.25|alpha_cong_block=1.25|alpha_cong_wait_progress=0.75|alpha_cong_wait_nonprogress=0.75|alpha_flow_commit_progress=1|alpha_flow_wait_progress=0|rho_cong_decay=0.94999999999999996|rho_flow_decay=1|lambda_cong=1|lambda_flow=0|min_edge_cost=1|max_edge_cost=11|goal_projection_mode=flow_shield|flow_shield_beta=0.59999999999999998|max_flow_shield=0.75,fbcf27bf34de68c
False,100,repair5g59_light_cong_light_flow,True,maze-32-32-4|a100|s148|it0|repair5g518_batch_C_budget_2000ms_static_context,-0.0860215053763,0.0500233754091,True,False,0,maze-32-32-4,repair5g518_batch_C_budget_2000ms_static_context,maze-32-32-4|a100|s148|it0|14650fb0739d0383,-0.070126227209,False,False,164,True,16300,4278,1028.7584,True,5873,1.37283777466,repair5g59_light_cong_light_flow,maze-32-32-4-random-148.scen,phase5p5_repair5g54_counterfactual_update_probe_v1,148,2000,16777,14650fb0739d0383,alpha_commit=1|alpha_block=1|alpha_wait_spillover=0.75|rho_decay=0.97999999999999998|force_additive=0|enable_dual_channel=1|alpha_cong_commit_progress=1|alpha_cong_commit_nonprogress=1|alpha_cong_block=1|alpha_cong_wait_progress=0.75|alpha_cong_wait_nonprogress=0.75|alpha_flow_commit_progress=0.75|alpha_flow_wait_progress=0|rho_cong_decay=0.97999999999999998|rho_flow_decay=1|lambda_cong=1|lambda_flow=0|min_edge_cost=1|max_edge_cost=11|goal_projection_mode=flow_shield|flow_shield_beta=0.25|max_flow_shield=0.5,15be9d4820cb1154
False,100,repair5g59_low_beta_high_cap,True,maze-32-32-4|a100|s148|it0|repair5g518_batch_C_budget_2000ms_static_context,-0.128097241702,0.00794763908368,True,False,0,maze-32-32-4,repair5g518_batch_C_budget_2000ms_static_context,maze-32-32-4|a100|s148|it0|14650fb0739d0383,-0.070126227209,False,False,150,True,14900,4278,1267.5005,True,5693,1.33076203834,repair5g59_low_beta_high_cap,maze-32-32-4-random-148.scen,phase5p5_repair5g54_counterfactual_update_probe_v1,148,2000,16777,14650fb0739d0383,alpha_commit=1.25|alpha_block=1.25|alpha_wait_spillover=0.75|rho_decay=0.94999999999999996|force_additive=0|enable_dual_channel=1|alpha_cong_commit_progress=1.25|alpha_cong_commit_nonprogress=1.25|alpha_cong_block=1.25|alpha_cong_wait_progress=0.75|alpha_cong_wait_nonprogress=0.75|alpha_flow_commit_progress=1|alpha_flow_wait_progress=0|rho_cong_decay=0.94999999999999996|rho_flow_decay=1|lambda_cong=1|lambda_flow=0|min_edge_cost=1|max_edge_cost=11|goal_projection_mode=flow_shield|flow_shield_beta=0.20000000000000001|max_flow_shield=1.25,5b1c2a7ba7dd48cb
False,100,repair5g59_slow_decay_high_shield,True,maze-32-32-4|a100|s148|it0|repair5g518_batch_C_budget_2000ms_static_context,-0.0537634408602,0.0822814399252,True,False,0,maze-32-32-4,repair5g518_batch_C_budget_2000ms_static_context,maze-32-32-4|a100|s148|it0|14650fb0739d0383,-0.070126227209,False,False,152,True,15100,4278,944.6578,True,6011,1.40509583918,repair5g59_slow_decay_high_shield,maze-32-32-4-random-148.scen,phase5p5_repair5g54_counterfactual_update_probe_v1,148,2000,16777,14650fb0739d0383,alpha_commit=1.25|alpha_block=1.25|alpha_wait_spillover=0.75|rho_decay=0.97999999999999998|force_additive=0|enable_dual_channel=1|alpha_cong_commit_progress=1.25|alpha_cong_commit_nonprogress=1.25|alpha_cong_block=1.25|alpha_cong_wait_progress=0.75|alpha_cong_wait_nonprogress=0.75|alpha_flow_commit_progress=1|alpha_flow_wait_progress=0|rho_cong_decay=0.97999999999999998|rho_flow_decay=1|lambda_cong=1|lambda_flow=0|min_edge_cost=1|max_edge_cost=11|goal_projection_mode=flow_shield|flow_shield_beta=0.5|max_flow_shield=1,15da3e1ec294f75e
False,100,repair5g59_static_abstain_candidate,True,maze-32-32-4|a100|s148|it0|repair5g518_batch_C_budget_2000ms_static_context,-0.136044880785,0,True,False,0,maze-32-32-4,repair5g518_batch_C_budget_2000ms_static_context,maze-32-32-4|a100|s148|it0|14650fb0739d0383,-0.070126227209,False,False,155,True,15400,4278,935.7358,True,5659,1.32281439925,repair5g59_static_abstain_candidate,maze-32-32-4-random-148.scen,phase5p5_repair5g54_counterfactual_update_probe_v1,148,2000,16777,14650fb0739d0383,alpha_commit=1.25|alpha_block=1.25|alpha_wait_spillover=0.75|rho_decay=0.94999999999999996|force_additive=0|enable_dual_channel=1|alpha_cong_commit_progress=1.25|alpha_cong_commit_nonprogress=1.25|alpha_cong_block=1.25|alpha_cong_wait_progress=0.75|alpha_cong_wait_nonprogress=0.75|alpha_flow_commit_progress=1|alpha_flow_wait_progress=0|rho_cong_decay=0.94999999999999996|rho_flow_decay=1|lambda_cong=1|lambda_flow=0|min_edge_cost=1|max_edge_cost=11|goal_projection_mode=flow_shield|flow_shield_beta=0.34999999999999998|max_flow_shield=0.75,29737bed70c56f0d
False,100,repair5g59_static_flow_shield,True,maze-32-32-4|a100|s148|it0|repair5g518_batch_C_budget_2000ms_static_context,-0.136044880785,0,True,False,0,maze-32-32-4,repair5g518_batch_C_budget_2000ms_static_context,maze-32-32-4|a100|s148|it0|14650fb0739d0383,-0.070126227209,False,False,155,True,15400,4278,921.6688,True,5659,1.32281439925,repair5g59_static_flow_shield,maze-32-32-4-random-148.scen,phase5p5_repair5g54_counterfactual_update_probe_v1,148,2000,16777,14650fb0739d0383,alpha_commit=1.25|alpha_block=1.25|alpha_wait_spillover=0.75|rho_decay=0.94999999999999996|force_additive=0|enable_dual_channel=1|alpha_cong_commit_progress=1.25|alpha_cong_commit_nonprogress=1.25|alpha_cong_block=1.25|alpha_cong_wait_progress=0.75|alpha_cong_wait_nonprogress=0.75|alpha_flow_commit_progress=1|alpha_flow_wait_progress=0|rho_cong_decay=0.94999999999999996|rho_flow_decay=1|lambda_cong=1|lambda_flow=0|min_edge_cost=1|max_edge_cost=11|goal_projection_mode=flow_shield|flow_shield_beta=0.34999999999999998|max_flow_shield=0.75,29737bed70c56f0d
False,100,repair5g59_wait_aggressive,True,maze-32-32-4|a100|s148|it0|repair5g518_batch_C_budget_2000ms_static_context,-0.128330995792,0.00771388499299,True,False,0,maze-32-32-4,repair5g518_batch_C_budget_2000ms_static_context,maze-32-32-4|a100|s148|it0|14650fb0739d0383,-0.070126227209,False,False,157,True,15600,4278,915.387,True,5692,1.33052828424,repair5g59_wait_aggressive,maze-32-32-4-random-148.scen,phase5p5_repair5g54_counterfactual_update_probe_v1,148,2000,16777,14650fb0739d0383,alpha_commit=1.25|alpha_block=1.25|alpha_wait_spillover=1|rho_decay=0.94999999999999996|force_additive=0|enable_dual_channel=1|alpha_cong_commit_progress=1.25|alpha_cong_commit_nonprogress=1.25|alpha_cong_block=1.25|alpha_cong_wait_progress=1|alpha_cong_wait_nonprogress=1|alpha_flow_commit_progress=1|alpha_flow_wait_progress=0|rho_cong_decay=0.94999999999999996|rho_flow_decay=1|lambda_cong=1|lambda_flow=0|min_edge_cost=1|max_edge_cost=11|goal_projection_mode=flow_shield|flow_shield_beta=0.34999999999999998|max_flow_shield=0.75,1adae8b415a845e4
False,100,repair5g59_wait_conservative,True,maze-32-32-4|a100|s148|it0|repair5g518_batch_C_budget_2000ms_static_context,-0.12739597943,0.00864890135577,True,False,0,maze-32-32-4,repair5g518_batch_C_budget_2000ms_static_context,maze-32-32-4|a100|s148|it0|14650fb0739d0383,-0.070126227209,False,False,159,True,15800,4278,922.6122,True,5696,1.33146330061,repair5g59_wait_conservative,maze-32-32-4-random-148.scen,phase5p5_repair5g54_counterfactual_update_probe_v1,148,2000,16777,14650fb0739d0383,alpha_commit=1.25|alpha_block=1.25|alpha_wait_spillover=0.5|rho_decay=0.94999999999999996|force_additive=0|enable_dual_channel=1|alpha_cong_commit_progress=1.25|alpha_cong_commit_nonprogress=1.25|alpha_cong_block=1.25|alpha_cong_wait_progress=0.5|alpha_cong_wait_nonprogress=0.5|alpha_flow_commit_progress=1|alpha_flow_wait_progress=0|rho_cong_decay=0.94999999999999996|rho_flow_decay=1|lambda_cong=1|lambda_flow=0|min_edge_cost=1|max_edge_cost=11|goal_projection_mode=flow_shield|flow_shield_beta=0.34999999999999998|max_flow_shield=0.75,421aa7c6efea31b2
False,100,repair5g518_grid_c1p20_b1p15_f1p00_w0p70_dc0p95_df1p00_beta0p60_max0p75_c0,True,maze-32-32-4|a100|s148|it0|repair5g518_batch_C_budget_2000ms_static_context,-0.134876110332,0.00116877045348,True,False,0,maze-32-32-4,repair5g518_batch_C_budget_2000ms_static_context,maze-32-32-4|a100|s148|it0|14650fb0739d0383,-0.070126227209,False,False,146,True,14500,4278,902.7274,True,5664,1.32398316971,repair5g518_grid_c1p20_b1p15_f1p00_w0p70_dc0p95_df1p00_beta0p60_max0p75_c0,maze-32-32-4-random-148.scen,phase5p5_repair5g54_counterfactual_update_probe_v1,148,2000,16777,14650fb0739d0383,alpha_commit=1.2|alpha_block=1.1499999999999999|alpha_wait_spillover=0.69999999999999996|rho_decay=0.94999999999999996|force_additive=0|enable_dual_channel=1|alpha_cong_commit_progress=1.2|alpha_cong_commit_nonprogress=1.2|alpha_cong_block=1.1499999999999999|alpha_cong_wait_progress=0.69999999999999996|alpha_cong_wait_nonprogress=0.69999999999999996|alpha_flow_commit_progress=1|alpha_flow_wait_progress=0|rho_cong_decay=0.94999999999999996|rho_flow_decay=1|lambda_cong=1|lambda_flow=0|min_edge_cost=1|max_edge_cost=11|goal_projection_mode=flow_shield|flow_shield_beta=0.59999999999999998|max_flow_shield=0.75,bd71bc939325964
False,100,repair5g518_grid_c1p20_b1p35_f1p00_w0p70_dc0p95_df1p00_beta0p55_max0p75_c0,True,maze-32-32-4|a100|s148|it0|repair5g518_batch_C_budget_2000ms_static_context,-0.134408602151,0.00163627863488,True,False,0,maze-32-32-4,repair5g518_batch_C_budget_2000ms_static_context,maze-32-32-4|a100|s148|it0|14650fb0739d0383,-0.070126227209,False,False,153,True,15200,4278,887.0663,True,5666,1.32445067789,repair5g518_grid_c1p20_b1p35_f1p00_w0p70_dc0p95_df1p00_beta0p55_max0p75_c0,maze-32-32-4-random-148.scen,phase5p5_repair5g54_counterfactual_update_probe_v1,148,2000,16777,14650fb0739d0383,alpha_commit=1.2|alpha_block=1.3500000000000001|alpha_wait_spillover=0.69999999999999996|rho_decay=0.94999999999999996|force_additive=0|enable_dual_channel=1|alpha_cong_commit_progress=1.2|alpha_cong_commit_nonprogress=1.2|alpha_cong_block=1.3500000000000001|alpha_cong_wait_progress=0.69999999999999996|alpha_cong_wait_nonprogress=0.69999999999999996|alpha_flow_commit_progress=1|alpha_flow_wait_progress=0|rho_cong_decay=0.94999999999999996|rho_flow_decay=1|lambda_cong=1|lambda_flow=0|min_edge_cost=1|max_edge_cost=11|goal_projection_mode=flow_shield|flow_shield_beta=0.55000000000000004|max_flow_shield=0.75,64aae9147d013f06
False,100,repair5g518_grid_c1p35_b1p35_f1p00_w0p80_dc0p95_df1p00_beta0p25_max0p75_c0,True,maze-32-32-4|a100|s148|it0|repair5g518_batch_C_budget_2000ms_static_context,-0.125759700795,0.0102851799906,True,False,0,maze-32-32-4,repair5g518_batch_C_budget_2000ms_static_context,maze-32-32-4|a100|s148|it0|14650fb0739d0383,-0.070126227209,False,False,159,True,15800,4278,900.29,True,5703,1.33309957924,repair5g518_grid_c1p35_b1p35_f1p00_w0p80_dc0p95_df1p00_beta0p25_max0p75_c0,maze-32-32-4-random-148.scen,phase5p5_repair5g54_counterfactual_update_probe_v1,148,2000,16777,14650fb0739d0383,alpha_commit=1.3500000000000001|alpha_block=1.3500000000000001|alpha_wait_spillover=0.80000000000000004|rho_decay=0.94999999999999996|force_additive=0|enable_dual_channel=1|alpha_cong_commit_progress=1.3500000000000001|alpha_cong_commit_nonprogress=1.3500000000000001|alpha_cong_block=1.3500000000000001|alpha_cong_wait_progress=0.80000000000000004|alpha_cong_wait_nonprogress=0.80000000000000004|alpha_flow_commit_progress=1|alpha_flow_wait_progress=0|rho_cong_decay=0.94999999999999996|rho_flow_decay=1|lambda_cong=1|lambda_flow=0|min_edge_cost=1|max_edge_cost=11|goal_projection_mode=flow_shield|flow_shield_beta=0.25|max_flow_shield=0.75,3d3823354692d4b7
False,100,repair5g518_grid_c1p20_b1p15_f1p00_w0p70_dc0p95_df1p00_beta0p55_max0p75_c0,True,maze-32-32-4|a100|s148|it0|repair5g518_batch_C_budget_2000ms_static_context,-0.167601683029,-0.031556802244,True,False,0,maze-32-32-4,repair5g518_batch_C_budget_2000ms_static_context,maze-32-32-4|a100|s148|it0|14650fb0739d0383,-0.070126227209,False,False,112,True,11100,4278,848.1442,True,5524,1.29125759701,repair5g518_grid_c1p20_b1p15_f1p00_w0p70_dc0p95_df1p00_beta0p55_max0p75_c0,maze-32-32-4-random-148.scen,phase5p5_repair5g54_counterfactual_update_probe_v1,148,2000,16777,14650fb0739d0383,alpha_commit=1.2|alpha_block=1.1499999999999999|alpha_wait_spillover=0.69999999999999996|rho_decay=0.94999999999999996|force_additive=0|enable_dual_channel=1|alpha_cong_commit_progress=1.2|alpha_cong_commit_nonprogress=1.2|alpha_cong_block=1.1499999999999999|alpha_cong_wait_progress=0.69999999999999996|alpha_cong_wait_nonprogress=0.69999999999999996|alpha_flow_commit_progress=1|alpha_flow_wait_progress=0|rho_cong_decay=0.94999999999999996|rho_flow_decay=1|lambda_cong=1|lambda_flow=0|min_edge_cost=1|max_edge_cost=11|goal_projection_mode=flow_shield|flow_shield_beta=0.55000000000000004|max_flow_shield=0.75,c75a028b5f4a7c6a
False,100,repair5g518_grid_c1p35_b1p15_f1p00_w0p80_dc0p95_df1p00_beta0p25_max0p90_c0,True,maze-32-32-4|a100|s148|it0|repair5g518_batch_C_budget_2000ms_static_context,-0.111266947172,0.0247779336138,True,False,0,maze-32-32-4,repair5g518_batch_C_budget_2000ms_static_context,maze-32-32-4|a100|s148|it0|14650fb0739d0383,-0.070126227209,False,False,108,True,10700,4278,837.6149,True,5765,1.34759233287,repair5g518_grid_c1p35_b1p15_f1p00_w0p80_dc0p95_df1p00_beta0p25_max0p90_c0,maze-32-32-4-random-148.scen,phase5p5_repair5g54_counterfactual_update_probe_v1,148,2000,16777,14650fb0739d0383,alpha_commit=1.3500000000000001|alpha_block=1.1499999999999999|alpha_wait_spillover=0.80000000000000004|rho_decay=0.94999999999999996|force_additive=0|enable_dual_channel=1|alpha_cong_commit_progress=1.3500000000000001|alpha_cong_commit_nonprogress=1.3500000000000001|alpha_cong_block=1.1499999999999999|alpha_cong_wait_progress=0.80000000000000004|alpha_cong_wait_nonprogress=0.80000000000000004|alpha_flow_commit_progress=1|alpha_flow_wait_progress=0|rho_cong_decay=0.94999999999999996|rho_flow_decay=1|lambda_cong=1|lambda_flow=0|min_edge_cost=1|max_edge_cost=11|goal_projection_mode=flow_shield|flow_shield_beta=0.25|max_flow_shield=0.90000000000000002,c14a9259b35efe2c
False,100,repair5g518_grid_c1p20_b1p15_f1p00_w0p80_dc0p95_df1p00_beta0p25_max0p75_c0,True,maze-32-32-4|a100|s148|it0|repair5g518_batch_C_budget_2000ms_static_context,-0.123655913978,0.0123889668069,True,False,0,maze-32-32-4,repair5g518_batch_C_budget_2000ms_static_context,maze-32-32-4|a100|s148|it0|14650fb0739d0383,-0.070126227209,False,False,157,True,15600,4278,891.5625,True,5712,1.33520336606,repair5g518_grid_c1p20_b1p15_f1p00_w0p80_dc0p95_df1p00_beta0p25_max0p75_c0,maze-32-32-4-random-148.scen,phase5p5_repair5g54_counterfactual_update_probe_v1,148,2000,16777,14650fb0739d0383,alpha_commit=1.2|alpha_block=1.1499999999999999|alpha_wait_spillover=0.80000000000000004|rho_decay=0.94999999999999996|force_additive=0|enable_dual_channel=1|alpha_cong_commit_progress=1.2|alpha_cong_commit_nonprogress=1.2|alpha_cong_block=1.1499999999999999|alpha_cong_wait_progress=0.80000000000000004|alpha_cong_wait_nonprogress=0.80000000000000004|alpha_flow_commit_progress=1|alpha_flow_wait_progress=0|rho_cong_decay=0.94999999999999996|rho_flow_decay=1|lambda_cong=1|lambda_flow=0|min_edge_cost=1|max_edge_cost=11|goal_projection_mode=flow_shield|flow_shield_beta=0.25|max_flow_shield=0.75,97751ce856647dd0
False,100,repair5g518_grid_c1p25_b1p25_f1p00_w0p60_dc0p95_df1p00_beta0p25_max1p00_c0,True,maze-32-32-4|a100|s148|it0|repair5g518_batch_C_budget_2000ms_static_context,-0.033894343151,0.102150537634,True,False,0,maze-32-32-4,repair5g518_batch_C_budget_2000ms_static_context,maze-32-32-4|a100|s148|it0|14650fb0739d0383,-0.070126227209,False,False,167,True,16600,4278,907.8686,True,6096,1.42496493689,repair5g518_grid_c1p25_b1p25_f1p00_w0p60_dc0p95_df1p00_beta0p25_max1p00_c0,maze-32-32-4-random-148.scen,phase5p5_repair5g54_counterfactual_update_probe_v1,148,2000,16777,14650fb0739d0383,alpha_commit=1.25|alpha_block=1.25|alpha_wait_spillover=0.59999999999999998|rho_decay=0.94999999999999996|force_additive=0|enable_dual_channel=1|alpha_cong_commit_progress=1.25|alpha_cong_commit_nonprogress=1.25|alpha_cong_block=1.25|alpha_cong_wait_progress=0.59999999999999998|alpha_cong_wait_nonprogress=0.59999999999999998|alpha_flow_commit_progress=1|alpha_flow_wait_progress=0|rho_cong_decay=0.94999999999999996|rho_flow_decay=1|lambda_cong=1|lambda_flow=0|min_edge_cost=1|max_edge_cost=11|goal_projection_mode=flow_shield|flow_shield_beta=0.25|max_flow_shield=1,bf6282b8805592a2
False,100,repair5g518_grid_c1p25_b1p25_f1p00_w0p60_dc0p95_df1p00_beta0p20_max1p00_c0,True,maze-32-32-4|a100|s148|it0|repair5g518_batch_C_budget_2000ms_static_context,-0.112201963534,0.0238429172511,True,False,0,maze-32-32-4,repair5g518_batch_C_budget_2000ms_static_context,maze-32-32-4|a100|s148|it0|14650fb0739d0383,-0.070126227209,False,False,149,True,14800,4278,854.0856,True,5761,1.3466573165,repair5g518_grid_c1p25_b1p25_f1p00_w0p60_dc0p95_df1p00_beta0p20_max1p00_c0,maze-32-32-4-random-148.scen,phase5p5_repair5g54_counterfactual_update_probe_v1,148,2000,16777,14650fb0739d0383,alpha_commit=1.25|alpha_block=1.25|alpha_wait_spillover=0.59999999999999998|rho_decay=0.94999999999999996|force_additive=0|enable_dual_channel=1|alpha_cong_commit_progress=1.25|alpha_cong_commit_nonprogress=1.25|alpha_cong_block=1.25|alpha_cong_wait_progress=0.59999999999999998|alpha_cong_wait_nonprogress=0.59999999999999998|alpha_flow_commit_progress=1|alpha_flow_wait_progress=0|rho_cong_decay=0.94999999999999996|rho_flow_decay=1|lambda_cong=1|lambda_flow=0|min_edge_cost=1|max_edge_cost=11|goal_projection_mode=flow_shield|flow_shield_beta=0.20000000000000001|max_flow_shield=1,2625f07ab5b8f9e2
